timestamp_sec,x,y
2.174600124,77.0999984741211,-6.199999809265137
2.373798847,77.0999984741211,-6.199999809265137
2.572997570,77.0999984741211,-6.199999809265137
2.772196292,77.0999984741211,-6.199999809265137
2.971395015,77.0999984741211,-6.199999809265137
3.120794057,77.0999984741211,-6.199999809265137
3.270193099,77.0999984741211,-6.199999809265137
3.485991716,77.0999984741211,-6.199999809265137
3.685190439,77.0999984741211,-6.199999809265137
3.884389162,77.0999984741211,-6.199999809265137
4.033788681,77.0999984741211,-6.199999809265137
4.232990264,77.0999984741211,-6.199999809265137
4.432191848,77.0999984741211,-6.199999809265137
4.631393432,77.0999984741211,-6.199999809265137
4.780794620,77.0999984741211,-6.199999809265137
4.996596336,77.0999984741211,-6.199999809265137
5.195797920,77.0999984741211,-6.199999809265137
5.345199108,77.0999984741211,-6.199999809265137
5.544400691,77.0999984741211,-6.199999809265137
5.644001483,77.0999984741211,-6.199999809265137
5.843203067,77.0999984741211,-6.199999809265137
6.042404651,77.0999984741211,-6.199999809265137
6.241606235,77.0999984741211,-6.199999809265137
6.440807819,77.0999984741211,-6.199999809265137
6.590209007,77.0999984741211,-6.199999809265137
6.756210327,77.0999984741211,-6.199999809265137
6.955411911,77.0999984741211,-6.199999809265137
7.154613494,77.0999984741211,-6.199999809265137
7.304014682,77.0999984741211,-6.199999809265137
7.503216266,77.0999984741211,-6.199999809265137
7.702417850,77.0999984741211,-6.199999809265137
7.851819038,77.0999984741211,-6.199999809265137
8.001219749,77.0999984741211,-6.199999809265137
8.200415611,77.0999984741211,-6.199999809265137
8.349812507,77.0999984741211,-6.199999809265137
8.515809059,77.0999984741211,-6.199999809265137
8.715004920,77.0999984741211,-6.199999809265137
8.914200782,77.0999984741211,-6.199999809265137
9.063597679,77.0999984741211,-6.199999809265137
9.262793540,77.0999984741211,-6.199999809265137
9.412190437,77.0999984741211,-6.199999809265137
9.561587333,77.0999984741211,-6.199999809265137
9.760783195,77.0999984741211,-6.199999809265137
9.910180091,77.0999984741211,-6.199999809265137
10.125975608,77.0999984741211,-6.199999809265137
10.275372505,77.0999984741211,-6.199999809265137
10.474568367,77.0999984741211,-6.199999809265137
10.623965263,77.0999984741211,-6.199999809265137
10.823161125,77.0999984741211,-6.199999809265137
11.022356986,77.0999984741211,-6.199999809265137
11.171753883,77.0999984741211,-6.199999809265137
11.321150779,77.0999984741211,-6.199999809265137
11.520346641,77.0999984741211,-6.199999809265137
11.686343193,77.0999984741211,-6.199999809265137
11.885539054,77.0999984741211,-6.199999809265137
12.034935951,77.0999984741211,-6.199999809265137
12.234131813,77.0999984741211,-6.199999809265137
12.383528709,77.0999984741211,-6.199999809265137
12.582724571,77.0999984741211,-6.199999809265137
12.732121467,77.0999984741211,-6.199999809265137
12.931317329,77.0999984741211,-6.199999809265137
13.080714225,77.0999984741211,-6.199999809265137
13.230111122,77.0999984741211,-6.199999809265137
13.445906639,77.0999984741211,-6.199999809265137
13.595303535,77.0999984741211,-6.199999809265137
13.794499397,77.0999984741211,-6.199999809265137
13.993695259,77.0999984741211,-6.199999809265137
14.143092155,77.0999984741211,-6.199999809265137
14.292489051,77.0999984741211,-6.199999809265137
14.491684913,76.97998809814453,-6.223633289337158
14.690880775,76.7350845336914,-6.153111457824707
14.890076637,76.56538391113281,-5.962989807128906
15.155671119,76.42869567871094,-5.660106658935547
15.354866981,76.32469177246094,-5.430868625640869
15.554062843,76.19700622558594,-5.215637683868408
15.803057670,76.06629180908203,-5.050648212432861
16.002254486,76.06629180908203,-5.050648212432861
16.201450347,76.06629180908203,-5.050648212432861
16.450445175,76.06629180908203,-5.050648212432861
16.666240692,76.06629180908203,-5.050648212432861
16.865436553,76.06629180908203,-5.050648212432861
17.064632415,76.06629180908203,-5.050648212432861
17.263828277,76.06629180908203,-5.050648212432861
17.413225173,76.00395965576172,-5.049540042877197
17.612421035,75.78005981445312,-5.1392107009887695
17.761817932,75.65481567382812,-5.299487590789795
17.961013793,75.59703063964844,-5.551484107971191
18.110410690,75.59705352783203,-5.733393669128418
18.326206207,75.61498260498047,-6.014697551727295
18.475603103,75.61486053466797,-6.195291519165039
18.674798965,75.58335876464844,-6.444771766662598
18.873994827,75.50440979003906,-6.689279079437256
19.023391723,75.4178695678711,-6.8692851066589355
19.222587585,75.29491424560547,-7.085847854614258
19.421783447,75.1644287109375,-7.310732364654541
19.620979309,75.0409927368164,-7.531749248504639
19.770376205,74.95845794677734,-7.687786102294922
19.986171722,74.83056640625,-7.940534591674805
20.135568618,74.7480697631836,-8.102767944335938
20.334764480,74.63323211669922,-8.32991886138916
20.533960342,74.51991271972656,-8.56391429901123
20.733156204,74.4094467163086,-8.799293518066406
20.882553100,74.3488998413086,-8.931598663330078
21.081748962,74.3484878540039,-8.932509422302246
21.280944824,74.3484878540039,-8.932509422302246
21.480140686,74.3484878540039,-8.932509422302246
21.629537582,74.3104248046875,-9.023762702941895
21.795534133,74.25582885742188,-9.224193572998047
21.994729995,74.23666381835938,-9.473523139953613
22.193925857,74.25421905517578,-9.730091094970703
22.343322753,74.27576446533203,-9.93421745300293
22.492719650,74.2907943725586,-10.108725547790527
22.691915512,74.3056411743164,-10.360067367553711
22.841312408,74.31200408935547,-10.567964553833008
23.040508270,74.31257629394531,-10.827954292297363
23.189905166,74.30904388427734,-11.004444122314453
23.405700683,74.30303955078125,-11.284907341003418
23.555097579,74.29914093017578,-11.466867446899414
23.754293441,74.29366302490234,-11.722704887390137
23.903690338,74.2894515991211,-11.919711112976074
24.102886199,74.286865234375,-12.171479225158691
24.302082061,74.28701782226562,-12.427373886108398
24.451478958,74.28712463378906,-12.609374046325684
24.650674819,74.28727722167969,-12.86526870727539
24.849870681,74.28742980957031,-13.117057800292969
24.966068267,74.28752136230469,-13.264846801757812
25.165264129,74.28767395019531,-13.523478507995605
25.364459991,74.28782653808594,-13.775267601013184
25.513856887,74.28793334960938,-13.951793670654297
25.713052749,74.2880859375,-14.207688331604004
25.862449645,74.2882080078125,-14.412951469421387
26.011846542,74.28831481933594,-14.594951629638672
26.211042404,74.28846740722656,-14.845372200012207
26.360439300,74.28858947753906,-15.045161247253418
26.509836196,74.2886962890625,-15.220318794250488
26.725631713,74.28886413574219,-15.506319046020508
26.875028610,74.28897094726562,-15.68695068359375
27.074224472,74.28912353515625,-15.938739776611328
27.273420333,74.28927612304688,-16.197364807128906
27.422817230,74.28939819335938,-16.405357360839844
27.572214126,74.28950500488281,-16.58461570739746
27.721611022,74.28962707519531,-16.787137985229492
27.920806884,74.28977966308594,-17.04029083251953
28.120002746,74.28993225097656,-17.300281524658203
28.285999298,74.29005432128906,-17.50827407836914
28.435396194,74.2901611328125,-17.687532424926758
28.634592056,74.29031372070312,-17.94752311706543
28.783988952,74.29043579101562,-18.15414810180664
28.983184814,74.29058837890625,-18.405933380126953
29.182380676,74.29074096679688,-18.654983520507812
29.331777572,74.29762268066406,-18.832714080810547
29.530973434,74.32415771484375,-19.09134292602539
29.680370330,74.343505859375,-19.29706382751465
29.846366882,74.3572998046875,-19.49774169921875
30.045562744,74.36780548095703,-19.75615119934082
30.194959640,74.3759536743164,-19.937965393066406
30.394155502,74.39285278320312,-20.1905517578125
30.543552398,74.39454650878906,-20.21475601196289
30.742748260,74.39454650878906,-20.21475601196289
30.941944122,74.39454650878906,-20.21475601196289
31.091341018,74.39454650878906,-20.21475601196289
31.290536880,74.3990707397461,-20.34165382385254
31.456533432,74.39641571044922,-20.54962730407715
31.655729293,74.3856201171875,-20.806655883789062
31.854925155,74.37181091308594,-21.0662841796875
32.004322052,74.36091613769531,-21.271255493164062
32.203540802,74.35050964355469,-21.520084381103516
32.352954864,74.3478775024414,-21.695220947265625
32.552173614,74.34860229492188,-21.948373794555664
32.751392364,74.34959411621094,-22.208364486694336
32.900806427,74.35037994384766,-22.414989471435547
33.100025177,74.3513412475586,-22.669509887695312
33.249439239,74.35202026367188,-22.84876823425293
33.465259552,74.35307312011719,-23.127920150756836
33.614673614,74.3537368774414,-23.304443359375
33.813892364,74.35469055175781,-23.55759620666504
34.013111114,74.35566711425781,-23.814851760864258
34.162525177,74.35646057128906,-24.022844314575195
34.361743927,74.35743713378906,-24.280099868774414
34.511157989,74.35809326171875,-24.45525550842285
34.710376739,74.35904693603516,-24.70840835571289
34.876392364,74.3598403930664,-24.916400909423828
35.075611114,74.36080932617188,-25.17228889465332
35.225025177,74.36157989501953,-25.376178741455078
35.424243927,74.3625717163086,-25.63616943359375
35.573657989,74.36326599121094,-25.81816291809082
35.772876739,74.36412811279297,-26.068580627441406
35.922290802,74.36219024658203,-26.268362045288086
36.121509552,74.3591079711914,-26.52424430847168
36.320728302,74.3559799194336,-26.78423500061035
36.470142364,74.35382080078125,-26.963489532470703
36.636157989,74.34864044189453,-27.16183853149414
36.835376739,74.3345718383789,-27.41870880126953
37.034595489,74.31604766845703,-27.678043365478516
37.184009552,74.30252075195312,-27.881486892700195
37.333423614,74.29435729980469,-28.05645179748535
37.532642364,74.29574584960938,-28.254308700561523
37.682056427,74.35379791259766,-28.446821212768555
37.881275177,74.5305404663086,-28.61969566345215
38.080493927,74.77862548828125,-28.691326141357422
38.229907989,74.96015167236328,-28.704137802124023
38.445728302,75.23721313476562,-28.74482536315918
38.644947052,75.47392272949219,-28.833131790161133
38.844165802,75.69037628173828,-28.97382354736328
38.993579864,75.82559204101562,-29.09145736694336
39.192798614,76.01335906982422,-29.26732063293457
39.392017364,76.1998062133789,-29.4365291595459
39.541431427,76.35784149169922,-29.57174301147461
39.740650177,76.55653381347656,-29.728593826293945
39.939868927,76.74174499511719,-29.86703109741211
40.105884552,76.93238067626953,-30.002723693847656
40.305103302,77.14329528808594,-30.15475845336914
40.504322052,77.35143280029297,-30.298845291137695
40.703540802,77.5661392211914,-30.445438385009766
40.852954864,77.7117691040039,-30.54518699645996
41.052173614,77.92146301269531,-30.694196701049805
41.251392364,78.13343811035156,-30.844758987426758
41.450611114,78.34492492675781,-30.995990753173828
41.649829864,78.55332946777344,-31.146821975708008
41.815845489,78.72230529785156,-31.268104553222656
42.015064239,78.93148803710938,-31.422521591186523
42.214282989,79.14289093017578,-31.573883056640625
42.413501739,79.35382843017578,-31.723520278930664
42.612720489,79.56551361083984,-31.869672775268555
42.811939239,79.7801742553711,-32.016334533691406
42.961353302,79.94861602783203,-32.131202697753906
43.160572052,80.16149139404297,-32.28041458129883
43.376392364,80.37308502197266,-32.4315185546875
43.575611114,80.58609771728516,-32.58061218261719
43.725025177,80.75792694091797,-32.69778823852539
43.924243927,80.9689712524414,-32.84492111206055
44.073657989,81.11883544921875,-32.94817352294922
44.272876739,81.33061218261719,-33.094215393066406
44.472095489,81.54777526855469,-33.23712158203125
44.671314239,81.69475555419922,-33.32740020751953
44.870532989,81.69475555419922,-33.32740020751953
45.036548614,81.80490112304688,-33.388492584228516
45.235767364,82.04767608642578,-33.452239990234375
45.484790802,82.35997009277344,-33.345802307128906
45.634204864,82.4988021850586,-33.23061752319336
45.833423614,82.67835235595703,-33.05613708496094
46.032642364,82.88818359375,-32.91320037841797
46.231861114,83.12628173828125,-32.816558837890625
46.431079864,83.37185668945312,-32.755550384521484
46.630298614,83.620849609375,-32.718631744384766
46.846118927,83.9029312133789,-32.69282531738281
47.045337677,84.15975189208984,-32.677860260009766
47.244556427,84.4141845703125,-32.67108154296875
47.393970489,84.59343719482422,-32.66931915283203
47.593189239,84.85236358642578,-32.64748764038086
47.792407989,85.1073989868164,-32.597408294677734
47.991626739,85.35303497314453,-32.530792236328125
48.190845489,85.59941101074219,-32.466880798339844
48.390064239,85.84896087646484,-32.40431594848633
48.556079864,86.04849243164062,-32.356163024902344
48.755298614,86.30172729492188,-32.311317443847656
48.954517364,86.5525894165039,-32.29077911376953
49.153736114,86.8040542602539,-32.278175354003906
49.303150177,87.00804901123047,-32.25582504272461
49.502368927,87.2630844116211,-32.205745697021484
49.701587677,87.39237976074219,-32.170597076416016
49.900806427,87.45457458496094,-32.154273986816406
50.100025177,87.53738403320312,-32.15522003173828
50.315845489,87.60552215576172,-32.201080322265625
50.515064239,87.70726013183594,-32.42973327636719
50.714282989,87.70272827148438,-32.68878936767578
50.863697052,87.66385650634766,-32.893089294433594
51.062915802,87.61238861083984,-33.14793395996094
51.212329864,87.58180236816406,-33.32733917236328
51.411548614,87.56461334228516,-33.58238983154297
51.610767364,87.58686828613281,-33.83157730102539
51.760181427,87.6233901977539,-34.03215408325195
51.976001739,87.68515014648438,-34.28186798095703
52.175220489,87.74939727783203,-34.53097152709961
52.324634552,87.79765319824219,-34.7276611328125
52.523853302,87.85177612304688,-34.97775650024414
52.723072052,87.89851379394531,-35.23211669921875
52.872486114,87.92831420898438,-35.41166687011719
53.071704864,87.96844482421875,-35.668548583984375
53.270923614,88.00981903076172,-35.91552734375
53.420337677,88.04647827148438,-36.110530853271484
53.586353302,88.08184814453125,-36.30717086791992
53.785572052,88.12539672851562,-36.562110900878906
53.984790802,88.16815948486328,-36.81441116333008
54.134204864,88.19964599609375,-36.99365997314453
54.333423614,88.2464599609375,-37.23827362060547
54.532642364,88.29376220703125,-37.48418426513672
54.731861114,88.33890533447266,-37.73605728149414
54.931079864,88.3818588256836,-37.99247360229492
55.080493927,88.41695404052734,-38.1974983215332
55.279712677,88.45909881591797,-38.42349624633789
55.445728302,88.49878692626953,-38.64299011230469
55.644947052,88.54401397705078,-38.89763259887695
55.844165802,88.59165954589844,-39.15323257446289
56.043384552,88.63823699951172,-39.40623092651367
56.192798614,88.66923522949219,-39.58279037475586
56.392017364,88.71111297607422,-39.829689025878906
56.591236114,88.73058319091797,-39.9486083984375
56.790454864,88.73058319091797,-39.9486083984375
56.956470489,88.73058319091797,-39.9486083984375
57.155689239,88.73058319091797,-39.9486083984375
57.305103302,88.74297332763672,-40.042572021484375
57.504322052,88.75081634521484,-40.30092239379883
57.653736114,88.74324035644531,-40.47591018676758
57.852954864,88.7256088256836,-40.7311897277832
58.052173614,88.70794677734375,-40.9905891418457
58.201587677,88.6955795288086,-41.19548034667969
58.400806427,88.68732452392578,-41.44438171386719
58.550220489,88.68624114990234,-41.620906829833984
58.766040802,88.68962860107422,-41.90412902832031
58.915454864,88.70398712158203,-42.08552169799805
59.114673614,88.73381805419922,-42.3369140625
59.313892364,88.7584228515625,-42.59161376953125
59.513111114,88.77525329589844,-42.85105514526367
59.662525177,88.78601837158203,-43.05603790283203
59.861743927,88.8004379272461,-43.308799743652344
60.011157989,88.8101806640625,-43.48095703125
60.210376739,88.81950378417969,-43.73804473876953
60.426197052,88.82316589355469,-44.02401351928711
60.575611114,88.83525085449219,-44.1987190246582
60.824634552,88.86767578125,-44.52827835083008
60.974048614,88.88036346435547,-44.70983123779297
61.173267364,88.89132690429688,-44.964111328125
61.322681427,88.89665222167969,-45.165199279785156
61.521900177,88.90983581542969,-45.41800308227539
61.721118927,88.92549896240234,-45.677528381347656
61.920337677,88.9341812133789,-45.93600845336914
62.069751739,88.93656158447266,-46.1138801574707
62.285572052,88.95523071289062,-46.384056091308594
62.434986114,88.97624206542969,-46.56483840942383
62.634204864,89.00027465820312,-46.82096481323242
62.833423614,89.01579284667969,-47.07089614868164
62.982837677,89.02365112304688,-47.2760124206543
63.182056427,89.03719329833984,-47.53566360473633
63.381275177,89.05040740966797,-47.79533004760742
63.530689239,89.05558776855469,-47.974517822265625
63.729907989,89.05726623535156,-48.22766876220703
63.945728302,89.06934356689453,-48.5132942199707
64.095138549,89.08819580078125,-48.690181732177734
64.294357299,89.11167907714844,-48.94087219238281
64.493576049,89.12764739990234,-49.19900131225586
64.692794799,89.1371841430664,-49.45882797241211
64.842208862,89.14837646484375,-49.65967559814453
65.041427612,89.16458129882812,-49.90958023071289
65.240646362,89.17479705810547,-50.1666374206543
65.456466674,89.17851257324219,-50.42660903930664
65.605880737,89.19268798828125,-50.63408279418945
65.805099487,89.20640563964844,-50.757476806640625
66.004318237,89.20640563964844,-50.757476806640625
66.203536987,89.20640563964844,-50.757476806640625
66.352951049,89.20640563964844,-50.757476806640625
66.552169799,89.20640563964844,-50.757476806640625
66.751388549,89.20640563964844,-50.757476806640625
66.950607299,89.20640563964844,-50.757476806640625
67.149826049,89.1723403930664,-50.75894546508789
67.266036987,89.11175537109375,-50.743099212646484
67.465255737,88.94718170166016,-50.59304428100586
67.664474487,88.88363647460938,-50.34709930419922
67.863693237,88.93185424804688,-50.09815216064453
68.062911987,89.01592254638672,-49.852134704589844
68.262130737,89.07975769042969,-49.600257873535156
68.461349487,89.10566711425781,-49.341819763183594
68.660568237,89.09114837646484,-49.08245849609375
68.876388549,89.0563735961914,-48.824790954589844
69.075607299,89.00944519042969,-48.56907653808594
69.274826049,88.96477508544922,-48.32404327392578
69.474044799,88.92243194580078,-48.08138656616211
69.673263549,88.89095306396484,-47.83714294433594
69.872482299,88.86458587646484,-47.58262252807617
70.071701049,88.84284973144531,-47.323543548583984
70.270919799,88.81918334960938,-47.0673828125
70.470138549,88.79541778564453,-46.822235107421875
70.636154174,88.7739486694336,-46.62499237060547
70.835372924,88.74267578125,-46.36688232421875
71.034591674,88.71456909179688,-46.112545013427734
71.233810424,88.682861328125,-45.862762451171875
71.433029174,88.6533432006836,-45.60995864868164
71.632247924,88.62198638916016,-45.35186004638672
71.831466674,88.59453582763672,-45.093318939208984
72.030685424,88.5634536743164,-44.84345626831055
72.229904174,88.53748321533203,-44.59026336669922
72.395919799,88.51818084716797,-44.383148193359375
72.595138549,88.49568939208984,-44.13236618041992
72.794357299,88.47824096679688,-43.88529968261719
72.993576049,88.45028686523438,-43.62957000732422
73.242599487,88.4181900024414,-43.2931022644043
73.392013549,88.39862060546875,-43.11628723144531
73.591232299,88.37346649169922,-42.869903564453125
73.790451049,88.35152435302734,-42.621822357177734
74.006271362,88.3223876953125,-42.3414421081543
74.205490112,88.3010482788086,-42.0850715637207
74.404708862,88.27538299560547,-41.83184814453125
74.603927612,88.25414276123047,-41.576847076416016
74.803146362,88.23567962646484,-41.31753158569336
75.002365112,88.2068862915039,-41.061885833740234
75.201583862,88.18547058105469,-40.81377029418945
75.400802612,88.16456604003906,-40.56010818481445
75.600021362,88.1417465209961,-40.30110549926758
75.815841674,88.1256332397461,-40.04572296142578
76.015060424,88.10311126708984,-39.79362487792969
76.214279174,88.07476806640625,-39.53793716430664
76.413497924,88.05419921875,-39.28150939941406
76.612716674,88.03775024414062,-39.028892517089844
76.811935424,88.0199203491211,-38.77499771118164
77.011154174,87.99067687988281,-38.516685485839844
77.210372924,87.9261474609375,-38.27116775512695
77.309982299,87.8658218383789,-38.156185150146484
77.459396362,87.75005340576172,-38.01631164550781
77.675216674,87.50617218017578,-37.87158203125
77.874435424,87.25835418701172,-37.83277893066406
78.073654174,86.99910736083984,-37.84976577758789
78.223068237,86.80162811279297,-37.87993240356445
78.472091674,86.49411010742188,-37.92363739013672
78.621505737,86.29280853271484,-37.945770263671875
78.820724487,86.03913879394531,-37.96638488769531
78.970138549,85.85733032226562,-37.9744758605957
79.185958862,85.57136535644531,-37.97830581665039
79.385177612,85.31690216064453,-37.9732551574707
79.534591674,85.13509368896484,-37.96478271484375
79.733810424,84.87970733642578,-37.94827651977539
79.933029174,84.62965393066406,-37.93470764160156
80.132247924,84.37521362304688,-37.92885208129883
80.281661987,84.1699447631836,-37.928768157958984
80.530685424,83.8579330444336,-37.92899703979492
80.680099487,83.65538787841797,-37.92914962768555
80.895919799,83.40357208251953,-37.92934036254883
81.045333862,83.19556427001953,-37.92949295043945
81.244552612,82.9423828125,-37.929683685302734
81.443771362,82.69193267822266,-37.929874420166016
81.642990112,82.43328857421875,-37.9300651550293
81.792404174,82.25128173828125,-37.930198669433594
81.941818237,82.04737091064453,-37.93035125732422
82.141036987,81.794189453125,-37.9305419921875
82.290451049,81.61491394042969,-37.9306755065918
82.506271362,81.32890319824219,-37.930885314941406
82.705490112,81.07981872558594,-37.93107604980469
82.904708862,80.82117462158203,-37.93126678466797
83.054122924,80.63924407958984,-37.93509292602539
83.253341674,80.38351440429688,-37.96181869506836
83.452560424,80.13467407226562,-38.034549713134766
83.651779174,79.92626190185547,-38.18008041381836
83.801193237,79.81285858154297,-38.35346984863281
84.000411987,79.7392807006836,-38.60194396972656
84.149826049,79.72767639160156,-38.77381134033203
84.315841674,79.74394226074219,-38.971473693847656
84.515060424,79.77798461914062,-39.21817398071289
84.714279174,79.81092834472656,-39.47330093383789
84.863693237,79.83171844482422,-39.680259704589844
85.062911987,79.8496322631836,-39.93550491333008
85.212326049,79.85411071777344,-40.10786437988281
85.411544799,79.85389709472656,-40.3582763671875
85.560958862,79.84839630126953,-40.56620407104492
85.760177612,79.83555603027344,-40.82587432861328
85.926193237,79.82405090332031,-41.03081512451172
86.125411987,79.81427001953125,-41.2851448059082
86.274826049,79.81163024902344,-41.46712112426758
86.474044799,79.80989837646484,-41.613609313964844
86.673263549,79.80989837646484,-41.613609313964844
86.822677612,79.80989837646484,-41.613609313964844
87.021896362,79.80989837646484,-41.613609313964844
87.171310424,79.80989837646484,-41.613609313964844
87.320724487,79.80646514892578,-41.76446533203125
87.470138549,79.79856872558594,-41.946285247802734
87.685958862,79.7780532836914,-42.231536865234375
87.885177612,79.75164794921875,-42.4874382019043
88.034591674,79.7288818359375,-42.66800308227539
88.233810424,79.68944549560547,-42.924991607666016
88.433029174,79.64447021484375,-43.171329498291016
88.582443237,79.608642578125,-43.36788558959961
88.781661987,79.56100463867188,-43.61373519897461
88.980880737,79.51444244384766,-43.86953353881836
89.180099487,79.4722671508789,-44.1260986328125
89.346115112,79.43619537353516,-44.329559326171875
89.545333862,79.396240234375,-44.5809326171875
89.694747924,79.3689956665039,-44.76088333129883
89.893966674,79.33149719238281,-45.01817321777344
90.093185424,79.29638671875,-45.26749801635742
90.292404174,79.25959777832031,-45.51659393310547
90.441818237,79.22921752929688,-45.715450286865234
90.641036987,79.18842315673828,-45.96807098388672
90.790451049,79.16078186035156,-46.14795684814453
90.956466674,79.13011932373047,-46.350914001464844
91.155685424,79.09120178222656,-46.60660934448242
91.354904174,79.05493927001953,-46.864070892333984
91.504318237,79.02460479736328,-47.069854736328125
91.703536987,78.98989868164062,-47.32200622558594
91.902755737,78.95388793945312,-47.572593688964844
92.101974487,78.91845703125,-47.824642181396484
92.251388549,78.8929214477539,-48.004844665527344
92.450607299,78.86082458496094,-48.26009750366211
92.649826049,78.85417175292969,-48.308536529541016
92.815841674,78.8425521850586,-48.421417236328125
93.015060424,78.85552215576172,-48.677833557128906
93.214279174,78.92021179199219,-48.91649627685547
93.363693237,79.00145721435547,-49.09740447998047
93.562911987,79.12236022949219,-49.32448196411133
93.762130737,79.24484252929688,-49.549156188964844
93.961349487,79.36011505126953,-49.774532318115234
94.160568237,79.47111511230469,-50.00963592529297
94.309982299,79.54437255859375,-50.176239013671875
94.525802612,79.65415954589844,-50.44032669067383
94.675216674,79.72328186035156,-50.60720443725586
94.874435424,79.80567932128906,-50.845035552978516
95.073654174,79.86238098144531,-51.09026336669922
95.272872924,79.89604187011719,-51.26456069946289
95.472091674,79.89604187011719,-51.26456069946289
95.671310424,79.89604187011719,-51.26456069946289
95.820724487,79.89604187011719,-51.26456069946289
96.036544799,79.89604187011719,-51.26456069946289
96.235763549,79.89604187011719,-51.26456069946289
96.434982299,79.89604187011719,-51.26456069946289
96.634201049,79.89474487304688,-51.26499557495117
96.833419799,79.877197265625,-51.2576789855957
97.032638549,79.75060272216797,-51.08684158325195
97.132247924,79.71759033203125,-50.96564865112305
97.331466674,79.73138427734375,-50.71722412109375
97.530685424,79.80815124511719,-50.4717903137207
97.729904174,79.88162231445312,-50.22532272338867
97.945724487,79.92572784423828,-49.94721603393555
98.144943237,79.93486785888672,-49.69705581665039
98.344161987,79.92425537109375,-49.44414138793945
98.543380737,79.91165161132812,-49.188560485839844
98.742599487,79.90447998046875,-48.92866134643555
98.941818237,79.90057373046875,-48.67963409423828
99.141036987,79.89981079101562,-48.42647171020508
99.340255737,79.8990478515625,-48.1692008972168
99.556076049,79.89828491210938,-47.9091911315918
99.755294799,79.89752197265625,-47.65739822387695
99.954513549,79.89675903320312,-47.39738845825195
100.153732299,79.89599609375,-47.13874816894531
100.352951049,79.89603424072266,-46.886959075927734
100.502365112,79.89801788330078,-46.68171310424805
100.701583862,79.9005355834961,-46.4217414855957
100.900802612,79.90300750732422,-46.16586685180664
101.100021362,79.90544891357422,-45.912723541259766
101.266036987,79.90738677978516,-45.71157455444336
101.465255737,79.9098892211914,-45.45296859741211
101.664474487,79.91234588623047,-45.19845962524414
101.913497924,79.91535186767578,-44.88785934448242
102.112716674,79.91566467285156,-44.62784957885742
102.311935424,79.91570281982422,-44.37468719482422
102.511154174,79.91572570800781,-44.124263763427734
102.710372924,79.91578674316406,-43.86699295043945
102.876388549,79.91584777832031,-43.65898513793945
103.125411987,79.91593170166016,-43.32371139526367
103.274826049,79.91598510742188,-43.14170455932617
103.474044799,79.91606140136719,-42.88169479370117
103.673263549,79.91609191894531,-42.62990188598633
103.872482299,79.91612243652344,-42.378108978271484
104.071701049,79.91619110107422,-42.119468688964844
104.270919799,79.91626739501953,-41.859458923339844
104.470138549,79.91631317138672,-41.60492706298828
104.685958862,79.91636657714844,-41.32439422607422
104.885177612,79.91642761230469,-41.06712341308594
105.084396362,79.91646575927734,-40.813961029052734
105.283615112,79.91651916503906,-40.55805969238281
105.433029174,79.91657257080078,-40.37605285644531
105.632247924,79.91664123535156,-40.11741256713867
105.831466674,79.91665649414062,-39.86835861206055
106.080490112,79.9167251586914,-39.535823822021484
106.229904174,79.91677856445312,-39.353816986083984
106.445724487,79.9168472290039,-39.0705451965332
106.644943237,79.91698455810547,-38.81327438354492
106.844161987,79.92596435546875,-38.55350112915039
107.043380737,79.969970703125,-38.3004264831543
107.142990112,80.0181655883789,-38.182857513427734
107.342208862,80.18241882324219,-37.985389709472656
107.541427612,80.41287231445312,-37.86894989013672
107.790451049,80.71992492675781,-37.84365463256836
107.956466674,80.91594696044922,-37.86306381225586
108.155685424,81.17008972167969,-37.90299987792969
108.354904174,81.42752075195312,-37.939388275146484
108.554122924,81.67937469482422,-37.96457290649414
108.703536987,81.87892150878906,-37.97435760498047
108.902755737,82.13748931884766,-37.97964859008789
109.151779174,82.44950103759766,-37.97694778442383
109.301193237,82.6547622680664,-37.974361419677734
109.500411987,82.90103912353516,-37.97127151489258
109.716232299,83.1528091430664,-37.96810531616211
109.915451049,83.40869903564453,-37.964881896972656
110.114669799,83.66458892822266,-37.9616584777832
110.264083862,83.86710357666016,-37.959110260009766
110.463302612,84.1243667602539,-37.9574089050293
110.662521362,84.3843765258789,-37.956016540527344
110.861740112,84.63614654541016,-37.95815658569336
111.060958862,84.88516998291016,-37.960514068603516
111.260177612,85.1369400024414,-37.9629020690918
111.475997924,85.39557647705078,-37.96536636352539
111.675216674,85.6459732055664,-37.96773910522461
111.874435424,85.89636993408203,-37.97011184692383
112.073654174,86.15363311767578,-37.97256088256836
112.272872924,86.41226959228516,-37.97502517700195
112.472091674,86.66266632080078,-37.97638702392578
112.671310424,86.90894317626953,-37.97718811035156
112.870529174,87.16072845458984,-37.977996826171875
113.036544799,87.36868286132812,-37.981449127197266
113.235763549,87.61878967285156,-38.00794219970703
113.434982299,87.85436248779297,-38.104190826416016
113.634201049,88.02912902832031,-38.28409194946289
113.833419799,88.11528015136719,-38.52791213989258
113.982833862,88.12776184082031,-38.73103332519531
114.182052612,88.09942626953125,-38.9879264831543
114.381271362,88.05229187011719,-39.24082946777344
114.530685424,88.01905822753906,-39.41976547241211
114.729904174,87.98690795898438,-39.67769241333008
114.895919799,87.97102355957031,-39.88096237182617
115.095138549,87.95829772949219,-40.137901306152344
115.244552612,87.95388793945312,-40.34584426879883
115.443771362,87.9556884765625,-40.59625244140625
115.642990112,87.96255493164062,-40.84795379638672
115.792404174,87.96746063232422,-41.02578353881836
115.991622924,87.9697036743164,-41.106754302978516
116.190841674,87.9697036743164,-41.106754302978516
116.390060424,87.9697036743164,-41.106754302978516
116.556076049,87.9697036743164,-41.106754302978516
116.755294799,87.9697036743164,-41.106754302978516
116.954513549,87.9697036743164,-41.106754302978516
117.054122924,87.9697036743164,-41.106754302978516
117.253341674,87.9697036743164,-41.106754302978516
117.452560424,87.98900604248047,-41.1135139465332
117.651779174,88.03466796875,-41.10824966430664
117.850997924,88.14302062988281,-41.01393127441406
118.050216674,88.23635864257812,-40.77701187133789
118.216232299,88.23931884765625,-40.572242736816406
118.415451049,88.19306945800781,-40.3222541809082
118.614669799,88.12158203125,-40.075138092041016
118.813888549,88.0600814819336,-39.822608947753906
119.013107299,88.02301788330078,-39.56950378417969
119.212326049,88.01056671142578,-39.320858001708984
119.411544799,88.01749420166016,-39.06370544433594
119.610763549,88.03238677978516,-38.80413818359375
119.809982299,88.03233337402344,-38.55658721923828
120.025802612,87.98863983154297,-38.296688079833984
120.225021362,87.8815689086914,-38.060707092285156
120.424240112,87.71707153320312,-37.86553955078125
120.623458862,87.51769256591797,-37.698856353759766
120.822677612,87.30990600585938,-37.54262161254883
121.021896362,87.11148834228516,-37.39899826049805
121.221115112,86.89994812011719,-37.24784469604492
121.420333862,86.6951904296875,-37.087646484375
121.569747924,86.55422973632812,-36.974700927734375
121.785568237,86.33183288574219,-36.79485321044922
121.984786987,86.1327133178711,-36.63631057739258
122.184005737,85.93280792236328,-36.47221374511719
122.433029174,85.69354248046875,-36.27197265625
122.582443237,85.53504943847656,-36.13726043701172
122.781661987,85.33882904052734,-35.96666717529297
122.980880737,85.14478302001953,-35.8040885925293
123.180099487,84.94512939453125,-35.644039154052734
123.395919799,84.74213409423828,-35.4815673828125
123.595138549,84.5376205444336,-35.321022033691406
123.794357299,84.34101104736328,-35.16593551635742
123.993576049,84.139892578125,-35.0054931640625
124.192794799,83.939208984375,-34.84671401977539
124.392013549,83.74091339111328,-34.68932342529297
124.591232299,83.53851318359375,-34.530517578125
124.790451049,83.33173370361328,-34.37288284301758
124.956466674,83.16654205322266,-34.246463775634766
125.205490112,82.90399169921875,-34.037986755371094
125.404708862,82.7016830444336,-33.87467575073242
125.554122924,82.5588150024414,-33.76193618774414
125.753341674,82.3606948852539,-33.604347229003906
125.952560424,82.15560150146484,-33.444557189941406
126.151779174,81.95295715332031,-33.288307189941406
126.350997924,81.7552719116211,-33.12797546386719
126.550216674,81.55382537841797,-32.96577072143555
126.766036987,81.32778930664062,-32.79056167602539
126.965255737,81.1259536743164,-32.63324737548828
127.114669799,80.9822006225586,-32.52386474609375
127.313888549,80.77503204345703,-32.36676025390625
127.513107299,80.56595611572266,-32.21220779418945
127.712326049,80.3563461303711,-32.058380126953125
127.911544799,80.15235900878906,-31.90398406982422
128.110763549,79.97555541992188,-31.718008041381836
128.309982299,79.85513305664062,-31.490079879760742
128.525802612,79.80197143554688,-31.212879180908203
128.725021362,79.81011962890625,-30.965593338012695
128.874435424,79.83379364013672,-30.787918090820312
129.123458862,79.8849105834961,-30.453807830810547
129.322677612,79.9062728881836,-30.19615364074707
129.521896362,79.91202545166016,-29.940336227416992
129.671310424,79.91352081298828,-29.758342742919922
129.870529174,79.91565704345703,-29.49835205078125
130.086349487,79.91715240478516,-29.226037979125977
130.285568237,79.91524505615234,-28.966047286987305
130.484786987,79.9133529663086,-28.708791732788086
130.684005737,79.91150665283203,-28.459741592407227
130.883224487,79.90962219238281,-28.203853607177734
131.132247924,79.90733337402344,-27.891864776611328
131.331466674,79.90544891357422,-27.635976791381836
131.530685424,79.90361785888672,-27.38966178894043
131.729904174,79.90174865722656,-27.13650894165039
131.945724487,79.899658203125,-26.851886749267578
132.144943237,79.89778900146484,-26.59873390197754
132.344161987,79.89640045166016,-26.3455810546875
132.593185424,79.90045928955078,-26.036346435546875
132.792404174,79.90418243408203,-25.781845092773438
132.991622924,79.9078140258789,-25.532814025878906
133.190841674,79.91149139404297,-25.281047821044922
133.390060424,79.90838623046875,-25.025243759155273
133.605880737,79.88136291503906,-24.74744415283203
133.805099487,79.86234283447266,-24.500516891479492
134.004318237,79.85308074951172,-24.246158599853516
134.203536987,79.84484100341797,-23.990398406982422
134.402755737,79.84196472167969,-23.73042106628418
134.601974487,79.8502197265625,-23.470579147338867
134.801193237,79.8619155883789,-23.22319793701172
135.000411987,79.86214447021484,-22.963207244873047
135.216232299,79.86668395996094,-22.70462417602539
135.415451049,79.87899017333984,-22.447664260864258
135.614669799,79.89440155029297,-22.188112258911133
135.813888549,79.90586853027344,-21.933853149414062
136.013107299,79.90999603271484,-21.684837341308594
136.212326049,79.91307830810547,-21.42758560180664
136.411544799,79.91570281982422,-21.16759490966797
136.660568237,79.91449737548828,-20.837812423706055
136.859786987,79.91360473632812,-20.609291076660156
136.975997924,79.91300964355469,-20.456031799316406
137.225021362,79.9117202758789,-20.11941146850586
137.424240112,79.91072845458984,-19.864891052246094
137.623458862,79.90973663330078,-19.607635498046875
137.822677612,79.90924835205078,-19.485136032104492
138.071701049,79.9080581665039,-19.181352615356445
138.270919799,79.90706634521484,-18.93503761291504
138.470138549,79.90607452392578,-18.683252334594727
138.685958862,79.90498352050781,-18.39999771118164
138.885177612,79.90399169921875,-18.142742156982422
139.134201049,79.90280151367188,-17.8403263092041
139.333419799,79.90180969238281,-17.583070755004883
139.532638549,79.90081787109375,-17.32308006286621
139.731857299,79.89982604980469,-17.072662353515625
139.931076049,79.89883422851562,-16.820877075195312
140.130294799,79.89784240722656,-16.56498908996582
140.346115112,79.8967514038086,-16.27899932861328
140.545333862,79.89575958251953,-16.025846481323242
140.744552612,79.89525604248047,-15.765846252441406
140.943771362,79.89823150634766,-15.509969711303711
141.142990112,79.90119934082031,-15.259568214416504
141.392013549,79.9049301147461,-14.948959350585938
141.591232299,79.9080581665039,-14.68897819519043
141.790451049,79.91107177734375,-14.435839653015137
142.006271362,79.91437530517578,-14.158071517944336
142.205490112,79.9151840209961,-13.898079872131348
142.454513549,79.9102783203125,-13.594328880310059
142.653732299,79.90614318847656,-13.342572212219238
142.852951049,79.90196228027344,-13.088080406188965
143.052169799,79.89793395996094,-12.828113555908203
143.301193237,79.89900207519531,-12.490114212036133
143.500411987,79.9004135131836,-12.236956596374512
143.716232299,79.90186309814453,-11.976956367492676
143.915451049,79.90328979492188,-11.721061706542969
144.114669799,79.90473937988281,-11.461061477661133
144.363693237,79.90662384033203,-11.123061180114746
144.612716674,79.90878295898438,-10.820646286010742
144.762130737,79.9147720336914,-10.61684513092041
145.011154174,79.95219421386719,-10.314802169799805
145.160568237,80.03656768798828,-10.13149642944336
145.376388549,80.22320556640625,-9.95363998413086
145.575607299,80.46490478515625,-9.86579704284668
145.774826049,80.72393035888672,-9.85555648803711
145.974044799,80.98046112060547,-9.896753311157227
146.173263549,81.22991180419922,-9.947264671325684
146.372482299,81.47771453857422,-9.96971607208252
146.571701049,81.73629760742188,-9.96703052520752
146.770919799,81.98249816894531,-9.959391593933105
146.920333862,82.17945861816406,-9.953280448913574
147.086349487,82.3805160522461,-9.947043418884277
147.285568237,82.63909149169922,-9.94197940826416
147.484786987,82.89910125732422,-9.94204044342041
147.684005737,83.15364837646484,-9.942179679870605
147.933029174,83.46429443359375,-9.942350387573242
148.082443237,83.66957092285156,-9.942462921142578
148.281661987,83.9200210571289,-9.942599296569824
148.480880737,84.17456817626953,-9.94273853302002
148.680099487,84.43184661865234,-9.942879676818848
148.895919799,84.69185638427734,-9.943022727966309
149.095138549,84.94503784179688,-9.943161010742188
149.294357299,85.20368194580078,-9.943303108215332
149.493576049,85.46369171142578,-9.943446159362793
149.692794799,85.71004486083984,-9.94357967376709
149.892013549,85.96595764160156,-9.943719863891602
150.091232299,86.22596740722656,-9.943862915039062
150.290451049,86.4791488647461,-9.944001197814941
150.456466674,86.67623138427734,-9.944108009338379
150.655685424,86.92804718017578,-9.944245338439941
150.854904174,87.18257141113281,-9.945606231689453
151.054122924,87.43809509277344,-9.957523345947266
151.253341674,87.6846923828125,-10.011706352233887
151.452560424,87.90636444091797,-10.139822006225586
151.601974487,88.03684997558594,-10.295404434204102
151.801193237,88.1318130493164,-10.536060333251953
152.000411987,88.1661605834961,-10.790874481201172
152.149826049,88.18156433105469,-10.968101501464844
152.315841674,88.19878387451172,-11.17538833618164
152.515060424,88.22506713867188,-11.433982849121094
152.664474487,88.26210021972656,-11.638630867004395
152.863693237,88.31427764892578,-11.893339157104492
153.013107299,88.34864044189453,-12.072068214416504
153.212326049,88.40250396728516,-12.326424598693848
153.361740112,88.45315551757812,-12.52812385559082
153.511154174,88.50714111328125,-12.699057579040527
153.710372924,88.5933609008789,-12.941387176513672
153.876388549,88.69640350341797,-13.12145709991455
154.125411987,88.78636932373047,-13.220551490783691
154.274826049,88.78636932373047,-13.220551490783691
154.474044799,88.78636932373047,-13.220551490783691
154.623458862,88.87639617919922,-13.30505657196045
154.772872924,88.89263916015625,-13.323079109191895
154.972091674,88.89263916015625,-13.323079109191895
155.171310424,88.89263916015625,-13.323079109191895
155.370529174,88.89263916015625,-13.323079109191895
155.536544799,88.89263916015625,-13.323079109191895
155.735763549,88.89263916015625,-13.323079109191895
155.885177612,88.89263916015625,-13.323079109191895
156.134201049,88.89263916015625,-13.323079109191895
156.283615112,88.89263916015625,-13.323079109191895
156.433029174,88.89263916015625,-13.323079109191895
156.632247924,88.89263916015625,-13.323079109191895
156.831466674,88.89263916015625,-13.323079109191895
157.030685424,88.89263916015625,-13.323079109191895
157.180099487,88.89263916015625,-13.323079109191895
157.346115112,88.89263916015625,-13.323079109191895
157.545333862,88.89263916015625,-13.323079109191895
157.744552612,88.89263916015625,-13.323079109191895
157.943771362,88.89263916015625,-13.323079109191895
158.093185424,88.89263916015625,-13.323079109191895
158.292404174,88.89263916015625,-13.323079109191895
158.491622924,88.89263916015625,-13.323079109191895
158.641036987,88.89263916015625,-13.323079109191895
158.840255737,88.89263916015625,-13.323079109191895
159.006271362,88.89263916015625,-13.323079109191895
159.155685424,88.89263916015625,-13.323079109191895
159.354904174,88.89263916015625,-13.323079109191895
159.454513549,88.89263916015625,-13.323079109191895
159.653732299,88.89263916015625,-13.323079109191895
159.803146362,88.89263916015625,-13.323079109191895
160.002365112,88.89263916015625,-13.323079109191895
160.201583862,88.89263916015625,-13.323079109191895
160.400802612,88.89263916015625,-13.323079109191895
160.550216674,88.89263916015625,-13.323079109191895
160.766036987,88.89263916015625,-13.323079109191895
160.915451049,88.95341491699219,-13.403728485107422
161.114669799,89.05146789550781,-13.622979164123535
161.264083862,89.03718566894531,-13.804075241088867
161.463302612,89.03138732910156,-13.81950855255127
161.662521362,89.03138732910156,-13.81950855255127
161.861740112,89.03138732910156,-13.81950855255127
162.011154174,89.03138732910156,-13.81950855255127
162.210372924,89.03138732910156,-13.81950855255127
162.376388549,89.03138732910156,-13.81950855255127
162.575607299,89.03138732910156,-13.81950855255127
162.725021362,88.96565246582031,-13.911994934082031
162.924240112,88.86321258544922,-14.146794319152832
163.073654174,88.83128356933594,-14.299055099487305
163.272872924,88.83094787597656,-14.301027297973633
163.422286987,88.83094787597656,-14.301027297973633
163.621505737,88.83094787597656,-14.301027297973633
163.770919799,88.83094787597656,-14.301027297973633
163.920333862,88.83094787597656,-14.301027297973633
164.136154174,88.83094787597656,-14.301027297973633
164.285568237,88.83094787597656,-14.301027297973633
164.434982299,88.81849670410156,-14.387629508972168
164.634201049,88.80126190185547,-14.646871566772461
164.783615112,88.81375122070312,-14.848936080932617
164.982833862,88.8515853881836,-15.096390724182129
165.132247924,88.88829040527344,-15.270456314086914
165.331466674,88.93714904785156,-15.518852233886719
165.480880737,88.97319793701172,-15.720919609069824
165.680099487,89.01319885253906,-15.977822303771973
165.829513549,89.03807830810547,-16.158113479614258
165.995529174,89.0621337890625,-16.36195945739746
166.194747924,89.09147644042969,-16.620290756225586
166.344161987,89.11502075195312,-16.826946258544922
166.543380737,89.13860321044922,-17.00151824951172
166.692794799,89.13860321044922,-17.00151824951172
166.892013549,89.13860321044922,-17.00151824951172
167.041427612,89.1522216796875,-17.125019073486328
167.190841674,89.16144561767578,-17.302642822265625
167.390060424,89.16141510009766,-17.5489501953125
167.556076049,89.15569305419922,-17.750019073486328
167.755294799,89.13845825195312,-18.009395599365234
167.904708862,89.11334228515625,-18.213111877441406
168.054122924,89.09085845947266,-18.385440826416016
168.253341674,89.06192016601562,-18.630048751831055
168.402755737,89.0385513305664,-18.8298397064209
168.601974487,89.01113891601562,-19.081499099731445
168.751388549,88.99370574951172,-19.262659072875977
168.950607299,88.96590423583984,-19.52117347717285
169.100021362,88.94611358642578,-19.72272300720215
169.266036987,88.93002319335938,-19.92186164855957
169.415451049,88.9124526977539,-20.10300636291504
169.614669799,88.88835906982422,-20.36187744140625
169.764083862,88.87492370605469,-20.56121253967285
169.913497924,88.86571502685547,-20.690147399902344
170.112716674,88.86556243896484,-20.692142486572266
170.311935424,88.86556243896484,-20.692142486572266
170.461349487,88.8652572631836,-20.698974609375
170.660568237,88.86553192138672,-20.70306968688965
170.809982299,88.88714599609375,-20.727558135986328
171.025802612,89.11475372314453,-20.80730438232422
171.225021362,89.36024475097656,-20.743375778198242
171.424240112,89.5574722290039,-20.57543182373047
171.623458862,89.72758483886719,-20.38429069519043
171.822677612,89.91059875488281,-20.20764923095703
172.021896362,90.11583709716797,-20.05736541748047
172.221115112,90.33647155761719,-19.93365478515625
172.420333862,90.57675170898438,-19.834651947021484
172.569747924,90.74491882324219,-19.781091690063477
172.785568237,91.02139282226562,-19.71360206604004
172.984786987,91.27175903320312,-19.660654067993164
173.184005737,91.52729797363281,-19.612871170043945
173.383224487,91.77555847167969,-19.570959091186523
173.582443237,92.02227020263672,-19.537019729614258
173.781661987,92.27458190917969,-19.517263412475586
173.980880737,92.53172302246094,-19.50975799560547
174.180099487,92.79170989990234,-19.506895065307617
174.395919799,93.04459381103516,-19.495790481567383
174.595138549,93.2974624633789,-19.46702766418457
174.794357299,93.54877471923828,-19.419328689575195
174.993576049,93.79583740234375,-19.347942352294922
175.192794799,94.03516387939453,-19.25745391845703
175.392013549,94.27803802490234,-19.164661407470703
175.591232299,94.5250473022461,-19.083797454833984
175.790451049,94.77091217041016,-19.030132293701172
176.006271362,95.04985809326172,-18.989757537841797
176.205490112,95.30735778808594,-18.954059600830078
176.404708862,95.53935241699219,-18.916650772094727
176.603927612,95.54232788085938,-18.916210174560547
176.803146362,95.54232788085938,-18.916210174560547
177.002365112,95.54232788085938,-18.916210174560547
177.201583862,95.54232788085938,-18.916210174560547
177.400802612,95.6657485961914,-18.89891242980957
177.600021362,95.9172134399414,-18.869768142700195
177.815841674,96.1656494140625,-18.85327911376953
178.015060424,96.42561340332031,-18.84956932067871
178.214279174,96.6855697631836,-18.854061126708984
178.413497924,96.93431854248047,-18.866098403930664
178.612716674,97.18022155761719,-18.880592346191406
178.811935424,97.4359359741211,-18.889808654785156
179.011154174,97.69593048095703,-18.891265869140625
179.210372924,97.9490737915039,-18.890445709228516
179.376388549,98.1460952758789,-18.88980484008789
179.575607299,98.4006118774414,-18.888980865478516
179.774826049,98.6606216430664,-18.888141632080078
179.974044799,98.91376495361328,-18.88732147216797
180.223068237,99.18231201171875,-18.88206672668457
180.372482299,99.32127380371094,-18.88109588623047
180.621505737,99.62648010253906,-18.982463836669922
180.770919799,99.7421875,-19.121299743652344
180.970138549,99.81106567382812,-19.3698673248291
181.136154174,99.8085708618164,-19.57769203186035
181.335372924,99.77965545654297,-19.82914161682129
181.484786987,99.7563247680664,-20.026155471801758
181.684005737,99.76094818115234,-20.280155181884766
181.783615112,99.78709411621094,-20.40741539001465
181.982833862,99.88404846191406,-20.648210525512695
182.182052612,100.01368713378906,-20.87347984313965
182.331466674,100.1139144897461,-21.025388717651367
182.530685424,100.25597381591797,-21.239866256713867
182.729904174,100.39115905761719,-21.455514907836914
182.895919799,100.4966049194336,-21.634801864624023
183.095138549,100.62328338623047,-21.861846923828125
183.294357299,100.74815368652344,-22.089881896972656
183.493576049,100.8701400756836,-22.319477081298828
183.642990112,100.96613311767578,-22.50246238708496
183.842208862,101.08445739746094,-22.726280212402344
184.041427612,101.2068099975586,-22.955684661865234
184.240646362,101.32633972167969,-23.178850173950195
184.390060424,101.41285705566406,-23.338973999023438
184.605880737,101.54780578613281,-23.591140747070312
184.805099487,101.66825866699219,-23.81224822998047
184.954513549,101.75702667236328,-23.96954917907715
185.153732299,101.88383483886719,-24.19651222229004
185.352951049,101.96212005615234,-24.3502197265625
185.552169799,101.96212005615234,-24.3502197265625
185.701583862,101.96212005615234,-24.3502197265625
185.900802612,102.02224731445312,-24.4620361328125
186.100021362,102.16609191894531,-24.659927368164062
186.315841674,102.33942413330078,-24.836702346801758
186.465255737,102.48831939697266,-24.973966598510742
186.664474487,102.67709350585938,-25.142642974853516
186.813888549,102.80909729003906,-25.261890411376953
187.013107299,102.99310302734375,-25.433746337890625
187.212326049,103.17862701416016,-25.61589813232422
187.411544799,103.2927474975586,-25.73318862915039
187.610763549,103.2927474975586,-25.73318862915039
187.760177612,103.37537384033203,-25.826438903808594
187.975997924,103.48668670654297,-26.050989151000977
188.125411987,103.49118041992188,-26.087081909179688
188.324630737,103.49118041992188,-26.087081909179688
188.523849487,103.49118041992188,-26.087081909179688
188.673263549,103.47749328613281,-26.199750900268555
188.872482299,103.45240783691406,-26.458524703979492
189.071701049,103.44253540039062,-26.718313217163086
189.221115112,103.44132232666016,-26.92493438720703
189.420333862,103.44344329833984,-27.176719665527344
189.586349487,103.4452133178711,-27.38471221923828
189.785568237,103.44734954833984,-27.63786506652832
189.984786987,103.44945526123047,-27.888282775878906
190.134201049,103.45097351074219,-28.067541122436523
190.333419799,103.45318603515625,-28.327531814575195
190.532638549,103.4535903930664,-28.50002098083496
190.731857299,103.4535903930664,-28.50002098083496
190.881271362,103.4535903930664,-28.50002098083496
191.080490112,103.4535903930664,-28.50002098083496
191.229904174,103.4535903930664,-28.50002098083496
191.395919799,103.4535903930664,-28.50002098083496
191.595138549,103.4535903930664,-28.50002098083496
191.744552612,103.4535903930664,-28.50002098083496
191.943771362,103.37591552734375,-28.508211135864258
192.142990112,103.14334869384766,-28.434513092041016
192.342208862,102.984130859375,-28.23647117614746
192.541427612,102.93013763427734,-27.98334503173828
192.740646362,102.92717742919922,-27.73164176940918
192.956466674,102.9214096069336,-27.47593116760254
193.155685424,102.88248443603516,-27.221881866455078
193.354904174,102.80465698242188,-26.978384017944336
193.554122924,102.69357299804688,-26.75104331970215
193.753341674,102.5626449584961,-26.534412384033203
193.952560424,102.4245376586914,-26.31412124633789
194.151779174,102.2936782836914,-26.0974063873291
194.251388549,102.22779083251953,-25.9853458404541
194.450607299,102.12801361083984,-25.816492080688477
194.699630737,102.1269760131836,-25.814783096313477
194.865646362,102.1269760131836,-25.814783096313477
195.064865112,102.1269760131836,-25.814783096313477
195.313888549,102.1269760131836,-25.814783096313477
195.513107299,102.1269760131836,-25.814783096313477
195.712326049,102.1269760131836,-25.814783096313477
195.861740112,102.1269760131836,-25.814783096313477
196.060958862,102.0471420288086,-25.906103134155273
196.210372924,101.98603820800781,-26.067930221557617
196.376388549,101.97123718261719,-26.26804542541504
196.575607299,102.00719451904297,-26.51828384399414
196.774826049,102.07266998291016,-26.76420783996582
196.974044799,102.13260650634766,-27.01711082458496
197.123458862,102.16259765625,-27.21873664855957
197.322677612,102.1786117553711,-27.47266387939453
197.521896362,102.17774200439453,-27.72991180419922
197.671310424,102.17227172851562,-27.911827087402344
197.870529174,102.15839385986328,-28.165971755981445
198.036544799,102.14726257324219,-28.3668212890625
198.235763549,102.13482666015625,-28.622406005859375
198.385177612,102.13021087646484,-28.830350875854492
198.584396362,102.128662109375,-29.080766677856445
198.733810424,102.12435913085938,-29.26134490966797
198.933029174,102.11163330078125,-29.521026611328125
199.082443237,102.09881591796875,-29.7286376953125
199.281661987,102.08312225341797,-29.984058380126953
199.480880737,102.07269287109375,-30.238357543945312
199.630294799,102.06656646728516,-30.420251846313477
199.796310424,102.05548858642578,-30.62795639038086
199.995529174,102.03743743896484,-30.8818359375
200.194747924,102.01947784423828,-31.13983917236328
200.344161987,102.01032257080078,-31.346261978149414
200.543380737,102.00739288330078,-31.469011306762695
200.692794799,102.00749206542969,-31.526479721069336
200.892013549,102.02450561523438,-31.600547790527344
201.091232299,102.16295623779297,-31.724035263061523
201.290451049,102.41500091552734,-31.77537727355957
201.489669799,102.67240905761719,-31.741201400756836
201.705490112,102.95234680175781,-31.682697296142578
201.904708862,103.20909881591797,-31.6417236328125
202.103927612,103.46814727783203,-31.620784759521484
202.303146362,103.72208404541016,-31.634695053100586
202.502365112,103.97734832763672,-31.675872802734375
202.701583862,104.2323226928711,-31.726667404174805
202.900802612,104.48603820800781,-31.783483505249023
203.100021362,104.73373413085938,-31.847654342651367
203.266036987,104.93083190917969,-31.9096622467041
203.465255737,105.17314147949219,-31.991907119750977
203.664474487,105.41311645507812,-32.063358306884766
203.863693237,105.65855407714844,-32.12535858154297
204.062911987,105.90558624267578,-32.18074417114258
204.262130737,106.15983581542969,-32.2352409362793
204.461349487,106.4135513305664,-32.29214096069336
204.710372924,106.7120132446289,-32.36772155761719
204.926193237,106.98326873779297,-32.43930435180664
205.075607299,107.15877532958984,-32.4820556640625
205.274826049,107.41200256347656,-32.541038513183594
205.474044799,107.66485595703125,-32.60161209106445
205.673263549,107.91038513183594,-32.65723419189453
205.872482299,108.15979766845703,-32.691165924072266
206.071701049,108.41812896728516,-32.70173645019531
206.270919799,108.67813873291016,-32.702999114990234
206.470138549,108.93253326416016,-32.71085739135742
206.685958862,109.20941162109375,-32.73273849487305
206.835372924,109.3881607055664,-32.75851821899414
207.034591674,109.5059814453125,-32.783653259277344
207.233810424,109.5059814453125,-32.783653259277344
207.482833862,109.5059814453125,-32.783653259277344
207.682052612,109.68782806396484,-32.81869888305664
207.881271362,109.94436645507812,-32.8365592956543
208.080490112,110.20015716552734,-32.83146667480469
208.296310424,110.45303344726562,-32.81956481933594
208.495529174,110.70867919921875,-32.80835723876953
208.694747924,110.96588897705078,-32.8034553527832
208.893966674,111.21765899658203,-32.80034255981445
209.093185424,111.27867889404297,-32.799591064453125
209.342208862,111.27867889404297,-32.799591064453125
209.541427612,111.27867889404297,-32.799591064453125
209.740646362,111.27867889404297,-32.799591064453125
209.956466674,111.27867889404297,-32.799591064453125
210.155685424,111.27867889404297,-32.799591064453125
210.404708862,111.27867889404297,-32.799591064453125
210.603927612,111.27867889404297,-32.799591064453125
210.803146362,111.4178695678711,-32.79137420654297
211.002365112,111.66129302978516,-32.72932815551758
211.251388549,111.93627166748047,-32.591915130615234
211.450607299,112.14210510253906,-32.44941329956055
211.649826049,112.34898376464844,-32.301143646240234
211.865646362,112.59202575683594,-32.161827087402344
212.064865112,112.83930969238281,-32.083248138427734
212.264083862,113.093505859375,-32.05617904663086
212.463302612,113.31319427490234,-32.051143646240234
212.662521362,113.31519317626953,-32.05112075805664
212.911544799,113.51747131347656,-32.06049728393555
213.110763549,113.76991271972656,-32.108665466308594
213.260177612,113.96353149414062,-32.17232894897461
213.475997924,114.20088958740234,-32.267879486083984
213.675216674,114.4416732788086,-32.365909576416016
213.874435424,114.68486785888672,-32.45792007446289
214.073654174,114.92865753173828,-32.54831314086914
214.272872924,114.98148345947266,-32.566951751708984
214.472091674,114.98148345947266,-32.566951751708984
214.671310424,114.98148345947266,-32.566951751708984
214.870529174,115.10905456542969,-32.605350494384766
215.086349487,115.3838119506836,-32.60515594482422
215.335372924,115.64131164550781,-32.44453811645508
215.534591674,115.81521606445312,-32.26063537597656
215.733810424,115.99588775634766,-32.081485748291016
215.933029174,116.03691864013672,-32.04485321044922
216.132247924,116.03691864013672,-32.04485321044922
216.331466674,116.03691864013672,-32.04485321044922
216.530685424,116.03691864013672,-32.04485321044922
216.729904174,116.03691864013672,-32.04485321044922
216.945724487,116.16325378417969,-31.944005966186523
217.144943237,116.38176727294922,-31.831493377685547
217.344161987,116.61982727050781,-31.76412010192871
217.543380737,116.86708068847656,-31.724592208862305
217.742599487,117.11795806884766,-31.69066047668457
217.941818237,117.369873046875,-31.65450096130371
218.141036987,117.61549377441406,-31.599346160888672
218.340255737,117.86613464355469,-31.530277252197266
218.556076049,118.11540985107422,-31.466691970825195
218.755294799,118.35651397705078,-31.416603088378906
218.954513549,118.60113525390625,-31.388599395751953
219.153732299,118.80690002441406,-31.382837295532227
219.253341674,118.80789947509766,-31.382841110229492
219.502365112,118.80789947509766,-31.382841110229492
219.701583862,118.80789947509766,-31.382841110229492
219.900802612,118.80789947509766,-31.382841110229492
220.149826049,118.80789947509766,-31.382841110229492
220.365646362,118.80789947509766,-31.382841110229492
220.564865112,118.80789947509766,-31.382841110229492
220.813888549,118.80789947509766,-31.382841110229492
220.963302612,118.80789947509766,-31.382841110229492
221.162521362,118.80789947509766,-31.382841110229492
221.361740112,118.80789947509766,-31.382841110229492
221.560958862,118.80601501464844,-31.397733688354492
221.710372924,118.79365539550781,-31.42036247253418
221.926193237,118.59545135498047,-31.5389404296875
222.125411987,118.33946228027344,-31.562528610229492
222.274826049,118.16355895996094,-31.53665542602539
222.474044799,117.9200210571289,-31.47846031188965
222.673263549,117.66883850097656,-31.423086166381836
222.872482299,117.41108703613281,-31.38969612121582
223.021896362,117.2047119140625,-31.380634307861328
223.221115112,116.95158386230469,-31.38227653503418
223.420333862,116.69847869873047,-31.386796951293945
223.569747924,116.51652526855469,-31.39004135131836
223.785568237,116.30558013916016,-31.393800735473633
223.984786987,116.30458068847656,-31.393817901611328
224.184005737,116.30458068847656,-31.393817901611328
224.383224487,116.30458068847656,-31.393817901611328
224.532638549,116.30458068847656,-31.393817901611328
224.731857299,116.30458068847656,-31.393817901611328
224.931076049,116.29168701171875,-31.38969612121582
225.130294799,116.2831039428711,-31.379302978515625
225.346115112,116.27674865722656,-31.14310073852539
225.545333862,116.4142074584961,-30.926801681518555
225.744552612,116.62550354003906,-30.80209732055664
225.943771362,116.85965728759766,-30.705848693847656
226.142990112,117.09407043457031,-30.60334014892578
226.342208862,117.31090545654297,-30.475696563720703
226.541427612,117.51024627685547,-30.322227478027344
226.790451049,117.59012603759766,-30.249553680419922
226.956466674,117.59012603759766,-30.249553680419922
227.155685424,117.59012603759766,-30.249553680419922
227.354904174,117.59012603759766,-30.249553680419922
227.554122924,117.59012603759766,-30.249553680419922
227.803146362,117.72840881347656,-30.117082595825195
228.002365112,117.89482879638672,-29.93932342529297
228.201583862,118.03128051757812,-29.77968978881836
228.400802612,118.03192138671875,-29.7789249420166
228.600021362,118.03192138671875,-29.7789249420166
228.815841674,118.14761352539062,-29.64497947692871
229.015060424,118.32747650146484,-29.457258224487305
229.214279174,118.51111602783203,-29.275146484375
229.413497924,118.69706726074219,-29.097368240356445
229.612716674,118.88163757324219,-28.924110412597656
229.811935424,119.06668090820312,-28.749353408813477
230.011154174,119.24517059326172,-28.5717716217041
230.210372924,119.41635131835938,-28.381591796875
230.426193237,119.59945678710938,-28.172693252563477
230.625411987,119.76009368896484,-27.987754821777344
230.824630737,119.93108367919922,-27.795547485351562
231.023849487,120.1061019897461,-27.60327911376953
231.223068237,120.28353881835938,-27.413232803344727
231.422286987,120.4609603881836,-27.223186492919922
231.571701049,120.58082580566406,-27.09735679626465
231.721115112,120.720947265625,-26.951126098632812
231.920333862,120.89866638183594,-26.7613582611084
232.185958862,121.12965393066406,-26.514610290527344
232.385177612,121.3094253540039,-26.326763153076172
232.634201049,121.52000427246094,-26.102163314819336
232.833419799,121.67820739746094,-25.92080307006836
233.082443237,121.68624877929688,-25.91171646118164
233.281661987,121.68624877929688,-25.91171646118164
233.530685424,121.68624877929688,-25.91171646118164
233.729904174,121.68624877929688,-25.91171646118164
233.995529174,121.79434967041016,-25.773597717285156
234.194747924,121.90381622314453,-25.538850784301758
234.393966674,121.95209503173828,-25.288000106811523
234.642990112,121.95661926269531,-24.950340270996094
234.842208862,121.95343780517578,-24.69447898864746
235.041427612,121.97129821777344,-24.440784454345703
235.290451049,122.05583190917969,-24.152769088745117
235.506271362,122.20475006103516,-23.909669876098633
235.705490112,122.39264678955078,-23.730539321899414
235.904708862,122.60415649414062,-23.57944107055664
236.103927612,122.82186889648438,-23.43731117248535
236.303146362,123.03675842285156,-23.300949096679688
236.502365112,123.2503433227539,-23.155227661132812
236.701583862,123.45254516601562,-22.99622344970703
236.900802612,123.48542022705078,-22.96929359436035
237.100021362,123.48542022705078,-22.96929359436035
237.315841674,123.48542022705078,-22.96929359436035
237.564865112,123.48542022705078,-22.96929359436035
237.764083862,123.48542022705078,-22.96929359436035
237.963302612,123.48542022705078,-22.96929359436035
238.162521362,123.5988540649414,-22.86780548095703
238.361740112,123.7674560546875,-22.68462562561035
238.560958862,123.92405700683594,-22.48228645324707
238.760177612,124.075927734375,-22.27465057373047
238.975997924,124.2265625,-22.062744140625
239.175216674,124.37919616699219,-21.85735321044922
239.374435424,124.53521728515625,-21.65980339050293
239.573654174,124.7000503540039,-21.467666625976562
239.772872924,124.86370849609375,-21.276315689086914
239.972091674,125.0269546508789,-21.084609985351562
240.171310424,125.19024658203125,-20.89475440979004
240.370529174,125.34976196289062,-20.69818687438965
240.586349487,125.40087890625,-20.634061813354492
240.835372924,125.40087890625,-20.634061813354492
241.034591674,125.40087890625,-20.634061813354492
241.184005737,125.40593719482422,-20.627592086791992
241.383224487,125.40593719482422,-20.627592086791992
241.582443237,125.40593719482422,-20.627592086791992
241.781661987,125.4135971069336,-20.630409240722656
241.980880737,125.44694519042969,-20.674936294555664
242.180099487,125.47119140625,-20.891382217407227
242.346115112,125.39461517333984,-21.083223342895508
242.545333862,125.21312713623047,-21.26744842529297
242.694747924,125.0644760131836,-21.37246322631836
242.844161987,124.89729309082031,-21.49384880065918
243.043380737,124.70560455322266,-21.65902328491211
243.192794799,124.58184814453125,-21.786775588989258
243.342208862,124.45174407958984,-21.94192123413086
243.541427612,124.30416107177734,-22.14923095703125
243.690841674,124.20732116699219,-22.300085067749023
243.890060424,124.07135009765625,-22.518478393554688
244.056076049,123.96187591552734,-22.695314407348633
244.155685424,123.88919067382812,-22.803098678588867
244.305099487,123.77094268798828,-22.972551345825195
244.504318237,123.62110900878906,-23.183345794677734
244.653732299,123.5126724243164,-23.329511642456055
244.803146362,123.44042205810547,-23.42596435546875
245.002365112,123.44042205810547,-23.42596435546875
245.201583862,123.44042205810547,-23.42596435546875
245.350997924,123.44042205810547,-23.42596435546875
245.500411987,123.44042205810547,-23.42596435546875
245.649826049,123.44042205810547,-23.42596435546875
245.865646362,123.44042205810547,-23.42596435546875
246.064865112,123.44813537597656,-23.43885040283203
246.264083862,123.56216430664062,-23.498384475708008
246.463302612,123.81184387207031,-23.493303298950195
246.662521362,124.02455139160156,-23.35433006286621
246.861740112,124.17140197753906,-23.140579223632812
247.060958862,124.29528045654297,-22.91202163696289
247.260177612,124.43636322021484,-22.697036743164062
247.475997924,124.5999755859375,-22.500516891479492
247.675216674,124.78974151611328,-22.32910919189453
247.874435424,124.99794006347656,-22.173480987548828
248.073654174,125.20569610595703,-22.033649444580078
248.272872924,125.4209213256836,-21.89271354675293
248.521896362,125.69408416748047,-21.71040916442871
248.721115112,125.8973617553711,-21.564163208007812
248.920333862,126.1071548461914,-21.410606384277344
249.086349487,126.27137756347656,-21.282978057861328
249.335372924,126.51385498046875,-21.08663558959961
249.534591674,126.63715362548828,-20.98622703552246
249.733810424,126.63715362548828,-20.98622703552246
249.933029174,126.63715362548828,-20.98622703552246
250.132247924,126.63715362548828,-20.98622703552246
250.331466674,126.63715362548828,-20.98622703552246
250.530685424,126.73358154296875,-20.914310455322266
250.729904174,126.91045379638672,-20.851428985595703
250.945724487,127.17595672607422,-20.914676666259766
251.144943237,127.34314727783203,-21.105745315551758
251.344161987,127.42362213134766,-21.348106384277344
251.543380737,127.49105834960938,-21.59203338623047
251.742599487,127.59141540527344,-21.831653594970703
251.941818237,127.7326431274414,-22.046123504638672
252.141036987,127.91197204589844,-22.234085083007812
252.340255737,128.10365295410156,-22.393001556396484
252.489669799,128.2488555908203,-22.50041961669922
252.705490112,128.47250366210938,-22.662796020507812
252.904708862,128.67076110839844,-22.813594818115234
253.103927612,128.87173461914062,-22.97415542602539
253.352951049,129.10621643066406,-23.16940689086914
253.552169799,129.3043975830078,-23.337663650512695
253.751388549,129.49127197265625,-23.498077392578125
253.950607299,129.68682861328125,-23.66937828063965
254.149826049,129.8748016357422,-23.834840774536133
254.315841674,130.03192138671875,-23.969045639038086
254.564865112,130.28375244140625,-24.179868698120117
254.764083862,130.47813415527344,-24.34626579284668
254.963302612,130.67059326171875,-24.514911651611328
255.162521362,130.86148071289062,-24.681150436401367
255.361740112,131.05203247070312,-24.84572410583496
255.511154174,131.18218994140625,-24.95878791809082
255.710372924,131.36874389648438,-25.119606018066406
255.926193237,131.46780395507812,-25.206260681152344
256.125396728,131.46780395507812,-25.206260681152344
256.374420166,131.46780395507812,-25.206260681152344
256.474029541,131.46780395507812,-25.206260681152344
256.673248291,131.46780395507812,-25.206260681152344
256.872467041,131.46762084960938,-25.213075637817383
257.021881103,131.4632110595703,-25.22298812866211
257.221099853,131.45594787597656,-25.229143142700195
257.370513916,131.4518585205078,-25.22883415222168
257.586334228,131.37228393554688,-25.17733383178711
257.785552978,131.2627410888672,-24.97726058959961
257.984771728,131.255615234375,-24.729793548583984
258.183990478,131.3102264404297,-24.484182357788086
258.383209228,131.37686157226562,-24.232858657836914
258.582427978,131.42996215820312,-23.978439331054688
258.781646728,131.45858764648438,-23.72286605834961
258.980865478,131.46278381347656,-23.47120475769043
259.229888916,131.45278930664062,-23.159372329711914
259.395904541,131.44607543945312,-22.951486587524414
259.595123291,131.4420623779297,-22.703838348388672
259.794342041,131.4402313232422,-22.450685501098633
259.993560791,131.4384002685547,-22.19069480895996
260.192779541,131.4367218017578,-21.932071685791016
260.391998291,131.4357452392578,-21.680286407470703
260.541412353,131.4362335205078,-21.472293853759766
260.790435791,131.4369659423828,-21.16030502319336
260.956451416,131.4374542236328,-20.959150314331055
261.205474853,131.43824768066406,-20.623897552490234
261.404693603,131.43885803222656,-20.368009567260742
261.603912353,131.4358673095703,-20.114906311035156
261.803131103,131.41722106933594,-19.858327865600586
262.002349853,131.39772033691406,-19.599061965942383
262.201568603,131.3857421875,-19.343456268310547
262.400787353,131.38050842285156,-19.09446144104004
262.600006103,131.3626708984375,-18.841962814331055
262.766021728,131.34584045410156,-18.634647369384766
263.015045166,131.32986450195312,-18.335405349731445
263.214263916,131.32440185546875,-18.085044860839844
263.413482666,131.30899047851562,-17.826913833618164
263.612701416,131.28823852539062,-17.5677433013916
263.811920166,131.27227783203125,-17.315099716186523
264.011138916,131.2644500732422,-17.06481170654297
264.210357666,131.25582885742188,-16.80911636352539
264.376373291,131.2386932373047,-16.601823806762695
264.575592041,131.2271270751953,-16.468324661254883
264.774810791,131.2271270751953,-16.468324661254883
265.023834228,131.2271270751953,-16.468324661254883
265.223052978,131.2271270751953,-16.468324661254883
265.372467041,131.21932983398438,-16.36973762512207
265.621490478,131.19056701660156,-16.035778045654297
265.820709228,131.14414978027344,-15.780051231384277
265.970123291,131.09974670410156,-15.603555679321289
266.185943603,131.01499938964844,-15.333359718322754
266.385162353,130.93263244628906,-15.091093063354492
266.584381103,130.84718322753906,-14.845552444458008
266.783599853,130.76544189453125,-14.601621627807617
266.982818603,130.68603515625,-14.358353614807129
267.231842041,130.5879669189453,-14.06215763092041
267.431060791,130.50918579101562,-13.820120811462402
267.630279541,130.42747497558594,-13.577621459960938
267.829498291,130.34597778320312,-13.339390754699707
268.045318603,130.25308227539062,-13.07325267791748
268.244537353,130.17752075195312,-12.851985931396484
268.443756103,130.17410278320312,-12.841779708862305
268.642974853,130.17410278320312,-12.841779708862305
268.842193603,130.17410278320312,-12.841779708862305
268.941802978,130.17410278320312,-12.841779708862305
269.141021728,130.17410278320312,-12.841779708862305
269.340240478,130.1388702392578,-12.72084903717041
269.556060791,130.10556030273438,-12.463438987731934
269.755279541,130.11334228515625,-12.207799911499023
269.954498291,130.13462829589844,-11.962414741516113
270.203521728,130.1692352294922,-11.635828971862793
270.352935791,130.18409729003906,-11.454440116882324
270.552154541,130.1982421875,-11.197577476501465
270.751373291,130.20399475097656,-10.951338768005371
270.950592041,130.2020263671875,-10.698198318481445
271.149810791,130.19699096679688,-10.43824577331543
271.365631103,130.19378662109375,-10.156377792358398
271.564849853,130.19891357421875,-9.903281211853027
271.764068603,130.21237182617188,-9.643640518188477
271.963287353,130.22569274902344,-9.4465913772583
272.212310791,130.22569274902344,-9.4465913772583
272.411529541,130.22824096679688,-9.26980209350586
272.610748291,130.19775390625,-9.014623641967773
272.809967041,130.1310272216797,-8.770593643188477
273.025787353,130.02735900878906,-8.51300048828125
273.225006103,129.92039489746094,-8.280533790588379
273.474029541,129.78836059570312,-7.99785852432251
273.673248291,129.68478393554688,-7.762378692626953
273.872467041,129.584228515625,-7.527085304260254
274.121490478,129.46044921875,-7.212555885314941
274.320709228,129.36941528320312,-6.971944332122803
274.519927978,129.28436279296875,-6.7539286613464355
274.735748291,129.17677307128906,-6.4889092445373535
274.934967041,129.1058807373047,-6.318024158477783
275.183990478,129.10549926757812,-6.317102432250977
275.383209228,129.10549926757812,-6.317102432250977
275.582427978,129.03961181640625,-6.16528844833374
275.731842041,128.96417236328125,-5.999658584594727
275.980865478,128.8617401123047,-5.798816680908203
276.180084228,128.8617401123047,-5.798816680908203
276.395904541,128.8617401123047,-5.798816680908203
276.595123291,128.8617401123047,-5.798816680908203
276.844146728,128.8617401123047,-5.798816680908203
277.043365478,128.8617401123047,-5.798816680908203
277.192779541,128.85906982421875,-5.799427509307861
277.391998291,128.7894744873047,-5.851816177368164
277.541412353,128.70851135253906,-6.0071187019348145
277.740631103,128.70220947265625,-6.254002094268799
277.890045166,128.75389099121094,-6.422416687011719
278.105865478,128.8832550048828,-6.6695637702941895
278.305084228,129.01129150390625,-6.895839214324951
278.504302978,129.1161346435547,-7.123087406158447
278.653717041,129.1741943359375,-7.2912068367004395
278.852935791,129.23602294921875,-7.53095817565918
279.052154541,129.28280639648438,-7.779748916625977
279.201568603,129.32032775878906,-7.980160713195801
279.350982666,129.35333251953125,-8.154967308044434
279.550201416,129.4056396484375,-8.409637451171875
279.716217041,129.4534912109375,-8.609248161315918
279.915435791,129.52072143554688,-8.860394477844238
280.114654541,129.59132385253906,-9.102073669433594
280.264068603,129.6487579345703,-9.296285629272461
280.463287353,129.71963500976562,-9.546440124511719
280.612701416,129.76853942871094,-9.718902587890625
280.811920166,129.83778381347656,-9.965251922607422
280.961334228,129.894775390625,-10.159575462341309
281.160552978,129.9737091064453,-10.407294273376465
281.309967041,130.02276611328125,-10.582524299621582
281.475982666,130.066162109375,-10.784526824951172
281.675201416,130.1009521484375,-11.040706634521484
281.824615478,130.1120147705078,-11.248401641845703
282.023834228,130.1182098388672,-11.50010871887207
282.173248291,130.12405395507812,-11.673796653747559
282.372467041,130.13815307617188,-11.926558494567871
282.571685791,130.16030883789062,-12.185541152954102
282.770904541,130.19683837890625,-12.44296646118164
282.920318603,130.22848510742188,-12.644389152526855
283.136138916,130.26466369628906,-12.890795707702637
283.285552978,130.2915802001953,-13.097044944763184
283.484771728,130.32272338867188,-13.355164527893066
283.683990478,130.3494873046875,-13.605522155761719
283.833404541,130.37100219726562,-13.779349327087402
284.032623291,130.40029907226562,-14.03355884552002
284.231842041,130.43527221679688,-14.291197776794434
284.381256103,130.45994567871094,-14.496352195739746
284.580474853,130.48890686035156,-14.746472358703613
284.729888916,130.5066375732422,-14.923479080200195
284.895904541,130.5247039794922,-15.127945899963379
285.095123291,130.55099487304688,-15.381109237670898
285.244537353,130.5687713623047,-15.584228515625
285.443756103,130.59939575195312,-15.839640617370605
285.642974853,130.62818908691406,-16.098033905029297
285.792388916,130.64797973632812,-16.27895164489746
285.991607666,130.67539978027344,-16.529237747192383
286.190826416,130.6969451904297,-16.780101776123047
286.390045166,130.72691345214844,-17.034217834472656
286.556060791,130.75059509277344,-17.24085807800293
286.705474853,130.77243041992188,-17.44357681274414
286.904693603,130.79995727539062,-17.695228576660156
287.103912353,130.82046508789062,-17.94754981994629
287.253326416,130.83689880371094,-18.12880516052246
287.452545166,130.8608856201172,-18.384946823120117
287.651763916,130.87875366210938,-18.640216827392578
287.801177978,130.90016174316406,-18.84296989440918
288.000396728,130.927490234375,-19.10152244567871
288.216217041,130.9569091796875,-19.358463287353516
288.365631103,130.98159790039062,-19.559473037719727
288.564849853,131.00637817382812,-19.818281173706055
288.764068603,131.0281982421875,-20.077356338500977
288.963287353,131.04713439941406,-20.32842254638672
289.112701416,131.0559539794922,-20.503355026245117
289.311920166,131.0769805908203,-20.7569522857666
289.461334228,131.0984649658203,-20.963838577270508
289.660552978,131.11819458007812,-21.21622085571289
289.809967041,131.13369750976562,-21.393436431884766
290.025787353,131.1622314453125,-21.671131134033203
290.175201416,131.17694091796875,-21.8525333404541
290.374420166,131.19525146484375,-22.10776710510254
290.573638916,131.2173309326172,-22.361330032348633
290.772857666,131.23272705078125,-22.616750717163086
290.922271728,131.24282836914062,-22.824493408203125
291.121490478,131.27066040039062,-23.08298110961914
291.320709228,131.29588317871094,-23.330745697021484
291.470123291,131.31085205078125,-23.509380340576172
291.685943603,131.33877563476562,-23.792648315429688
291.885162353,131.3580322265625,-24.045063018798828
292.034576416,131.36769104003906,-24.221324920654297
292.233795166,131.3865509033203,-24.47926139831543
292.433013916,131.40589904785156,-24.738534927368164
292.582427978,131.41629028320312,-24.94215965270996
292.781646728,131.43313598632812,-25.194711685180664
292.980865478,131.45814514160156,-25.446638107299805
293.130279541,131.4728546142578,-25.628040313720703
293.346099853,131.49205017089844,-25.90790367126465
293.545318603,131.51560974121094,-26.158592224121094
293.694732666,131.5308837890625,-26.339946746826172
293.844146728,131.54344177246094,-26.547563552856445
293.993560791,131.55226135253906,-26.722496032714844
294.142974853,131.5673370361328,-26.928571701049805
294.342193603,131.58680725097656,-27.17959976196289
294.541412353,131.59922790527344,-27.439292907714844
294.690826416,131.60682678222656,-27.618385314941406
294.890045166,131.63113403320312,-27.870357513427734
295.056060791,131.6510009765625,-28.071903228759766
295.255279541,131.66915893554688,-28.33125877380371
295.404693603,131.67941284179688,-28.539005279541016
295.603912353,131.68704223632812,-28.657888412475586
295.803131103,131.68704223632812,-28.657888412475586
295.952545166,131.68704223632812,-28.657888412475586
296.151763916,131.68704223632812,-28.657888412475586
296.350982666,131.68704223632812,-28.657888412475586
296.550201416,131.6929473876953,-28.810020446777344
296.716217041,131.69500732421875,-29.01526641845703
296.865631103,131.69430541992188,-29.220521926879883
297.064849853,131.69964599609375,-29.480457305908203
297.264068603,131.70657348632812,-29.736249923706055
297.413482666,131.71153259277344,-29.909963607788086
297.612701416,131.7334747314453,-30.162092208862305
297.811920166,131.7627410888672,-30.419052124023438
298.011138916,131.78433227539062,-30.67814826965332
298.210357666,131.80592346191406,-30.924884796142578
298.309967041,131.8158721923828,-31.047637939453125
298.525787353,131.83128356933594,-31.324987411499023
298.725006103,131.838623046875,-31.584875106811523
298.874420166,131.8517608642578,-31.766376495361328
299.073638916,131.8755645751953,-32.01702880859375
299.223052978,131.890625,-32.22172927856445
299.422271728,131.90821838378906,-32.48112487792969
299.621490478,131.93148803710938,-32.7359619140625
299.820709228,131.94903564453125,-32.985755920410156
299.970123291,131.9567108154297,-33.162109375
300.185943603,131.96392822265625,-33.44663619995117
300.335357666,131.97657775878906,-33.62407684326172
300.534576416,131.9988555908203,-33.876251220703125
300.733795166,132.0153045654297,-34.13297653198242
300.883209228,132.02593994140625,-34.336578369140625
301.082427978,132.04656982421875,-34.59027099609375
301.281646728,132.06532287597656,-34.83998107910156
301.431060791,132.07411193847656,-35.01628494262695
301.630279541,132.08059692382812,-35.26525115966797
301.846099853,132.10281372070312,-35.54756164550781
302.045318603,132.1244659423828,-35.797027587890625
302.194732666,132.1347198486328,-35.96914291381836
302.393951416,132.1438751220703,-36.219390869140625
302.593170166,132.16175842285156,-36.46912384033203
302.742584228,132.17945861816406,-36.67635726928711
302.941802978,132.19435119628906,-36.93180847167969
303.091217041,132.19981384277344,-37.10687255859375
303.290435791,132.2124786376953,-37.35557556152344
303.456451416,132.22872924804688,-37.56157684326172
303.655670166,132.2479705810547,-37.820865631103516
303.854888916,132.25942993164062,-38.071014404296875
304.004302978,132.26649475097656,-38.27888488769531
304.203521728,132.29002380371094,-38.53505325317383
304.352935791,132.30484008789062,-38.71507263183594
304.552154541,132.3188018798828,-38.96783447265625
304.751373291,132.32472229003906,-39.21817398071289
304.950592041,132.33499145507812,-39.47517013549805
305.100006103,132.34951782226562,-39.68265914916992
305.315826416,132.3632354736328,-39.91176986694336
305.465240478,132.3633270263672,-39.91376876831055
305.664459228,132.36587524414062,-40.04072570800781
305.863677978,132.3585205078125,-40.29650115966797
306.013092041,132.34963989257812,-40.46869659423828
306.212310791,132.3388214111328,-40.71745681762695
306.311920166,132.34165954589844,-40.84330749511719
306.511138916,132.35562133789062,-41.10293960571289
306.710357666,132.36886596679688,-41.362606048583984
306.876373291,132.38194274902344,-41.566043853759766
307.075592041,132.40940856933594,-41.819087982177734
307.274810791,132.43382263183594,-42.07793426513672
307.474029541,132.45196533203125,-42.33043670654297
307.623443603,132.4693145751953,-42.53221893310547
307.822662353,132.48532104492188,-42.78897476196289
308.021881103,132.49359130859375,-43.04883575439453
308.221099853,132.509765625,-43.304141998291016
308.420318603,132.53358459472656,-43.55756759643555
308.586334228,132.54852294921875,-43.76502227783203
308.785552978,132.55894470214844,-43.99567413330078
308.984771728,132.55941772460938,-44.01016616821289
309.183990478,132.55941772460938,-44.01016616821289
309.383209228,132.56297302246094,-44.188385009765625
309.532623291,132.5633087158203,-44.36628341674805
309.731842041,132.57748413085938,-44.620357513427734
309.931060791,132.60260009765625,-44.87498092651367
310.130279541,132.6178741455078,-44.98189163208008
310.296295166,132.6312713623047,-45.10713195800781
310.495513916,132.59356689453125,-45.35528564453125
310.694732666,132.45382690429688,-45.564579010009766
310.844146728,132.305419921875,-45.700218200683594
310.993560791,132.1713104248047,-45.81071090698242
311.192779541,131.98146057128906,-45.980125427246094
311.342193603,131.83702087402344,-46.12974166870117
311.491607666,131.72254943847656,-46.265872955322266
311.690826416,131.569580078125,-46.47605514526367
311.840240478,131.45677185058594,-46.64752960205078
311.989654541,131.3610382080078,-46.79907989501953
312.205474853,131.2060089111328,-47.03939437866211
312.354888916,131.10592651367188,-47.19138717651367
312.504302978,130.99404907226562,-47.36510467529297
312.703521728,130.85328674316406,-47.578792572021484
312.852935791,130.75128173828125,-47.7295036315918
313.052154541,130.6088104248047,-47.946983337402344
313.201568603,130.4906005859375,-48.118099212646484
313.400787353,130.3419189453125,-48.329708099365234
313.550201416,130.23880004882812,-48.47800064086914
313.716217041,130.11962890625,-48.64678955078125
313.915435791,130.05636596679688,-48.73759078979492
314.064849853,130.05636596679688,-48.73759078979492
314.264068603,130.05636596679688,-48.73759078979492
314.413482666,130.05636596679688,-48.73759078979492
314.612701416,129.99752807617188,-48.83348083496094
314.762115478,129.94424438476562,-49.01053237915039
314.961334228,129.99778747558594,-49.24325180053711
315.160552978,130.17823791503906,-49.422088623046875
315.376373291,130.42005920410156,-49.5146598815918
315.575592041,130.67471313476562,-49.550106048583984
315.774810791,130.92698669433594,-49.591758728027344
315.974029541,131.16580200195312,-49.67852783203125
316.173248291,131.38038635253906,-49.80950927734375
316.372467041,131.57241821289062,-49.972164154052734
316.571685791,131.74996948242188,-50.14675521850586
316.721099853,131.89291381835938,-50.2940673828125
316.970123291,132.11402893066406,-50.506378173828125
317.136138916,132.26124572753906,-50.643455505371094
317.335357666,132.44618225097656,-50.80611801147461
317.534576416,132.57984924316406,-50.915122985839844
317.733795166,132.57984924316406,-50.915122985839844
317.933013916,132.57984924316406,-50.915122985839844
318.132232666,132.57984924316406,-50.915122985839844
318.331451416,132.57984924316406,-50.915122985839844
318.530670166,132.57984924316406,-50.915122985839844
318.729888916,132.58251953125,-50.91565704345703
318.895904541,132.58387756347656,-50.91582107543945
319.095123291,132.5924835205078,-50.90906524658203
319.294342041,132.64468383789062,-50.7689208984375
319.493560791,132.60731506347656,-50.523353576660156
319.692779541,132.4490203857422,-50.31943893432617
319.842193603,132.28875732421875,-50.186927795410156
320.041412353,132.08621215820312,-50.02392578125
320.240631103,131.89073181152344,-49.85255813598633
320.390045166,131.7626495361328,-49.72331237792969
320.605865478,131.57809448242188,-49.504974365234375
320.805084228,131.4222412109375,-49.296871185302734
320.954498291,131.31874084472656,-49.15217971801758
321.153717041,131.17108154296875,-48.93819046020508
321.352935791,131.02699279785156,-48.72175216674805
321.552154541,130.88217163085938,-48.50580978393555
321.701568603,130.7660369873047,-48.338218688964844
321.900787353,130.6078338623047,-48.131893157958984
322.100006103,130.45249938964844,-47.92338943481445
322.315826416,130.2985382080078,-47.71385955810547
322.465240478,130.1800079345703,-47.54627990722656
322.664459228,130.0324249267578,-47.33224105834961
322.863677978,129.88331604003906,-47.11927795410156
323.062896728,129.7288055419922,-46.91020965576172
323.262115478,129.5729522705078,-46.70210647583008
323.461334228,129.4176788330078,-46.49701690673828
323.660552978,129.2685546875,-46.29949188232422
323.809967041,129.25143432617188,-46.276084899902344
324.025787353,129.25143432617188,-46.276084899902344
324.225006103,129.25143432617188,-46.276084899902344
324.424224853,129.15219116210938,-46.21968078613281
324.573638916,128.9893035888672,-46.197837829589844
324.772857666,128.7557830810547,-46.289100646972656
324.922271728,128.62127685546875,-46.44473648071289
325.121490478,128.49815368652344,-46.67352294921875
325.320709228,128.3840789794922,-46.90406799316406
325.470123291,128.29237365722656,-47.05160140991211
325.636138916,128.16595458984375,-47.20968246459961
325.835357666,127.9886245727539,-47.386348724365234
325.984771728,127.8325424194336,-47.517478942871094
326.183990478,127.63333892822266,-47.671478271484375
326.333404541,127.48934173583984,-47.77593994140625
326.532623291,127.2835464477539,-47.923397064208984
326.682037353,127.11404418945312,-48.04392623901367
326.881256103,126.91210174560547,-48.196571350097656
327.080474853,126.70659637451172,-48.353546142578125
327.229888916,126.56477355957031,-48.46092987060547
327.395904541,126.40217590332031,-48.588417053222656
327.545318603,126.24141693115234,-48.71383285522461
327.744537353,126.03666687011719,-48.87406921386719
327.893951416,125.89637756347656,-48.98569107055664
328.093170166,125.693115234375,-49.14784622192383
328.292388916,125.49201965332031,-49.31047058105469
328.441802978,125.33415222167969,-49.4416618347168
328.641021728,125.13844299316406,-49.5979118347168
328.790435791,124.99913787841797,-49.70856857299805
328.956451416,124.83737182617188,-49.83266830444336
329.155670166,124.630615234375,-49.99028396606445
329.305084228,124.46549224853516,-50.11675262451172
329.504302978,124.25808715820312,-50.273521423339844
329.653717041,124.11520385742188,-50.38626480102539
329.852935791,123.91411590576172,-50.54672622680664
330.002349853,123.7503433227539,-50.67494201660156
330.201568603,123.55608367919922,-50.8372688293457
330.350982666,123.42035675048828,-50.94579315185547
330.500396728,123.25765991210938,-51.070945739746094
330.716217041,123.04886627197266,-51.225894927978516
330.865631103,122.8819808959961,-51.35003662109375
331.015045166,122.7371826171875,-51.460289001464844
331.214263916,122.5296401977539,-51.61687469482422
331.313873291,122.42658996582031,-51.69611740112305
331.513092041,122.22671508789062,-51.86241149902344
331.662506103,122.07203674316406,-51.98886489868164
331.861724853,121.86862182617188,-52.15076446533203
332.011138916,121.72734832763672,-52.263309478759766
332.210357666,121.53279113769531,-52.431522369384766
332.376373291,121.38102722167969,-52.571739196777344
332.525787353,121.23808288574219,-52.70937728881836
332.725006103,121.05018615722656,-52.885093688964844
332.874420166,120.91866302490234,-53.006900787353516
333.073638916,120.73417663574219,-53.19001770019531
333.223052978,120.59489440917969,-53.34079360961914
333.422271728,120.45598602294922,-53.505699157714844
333.571685791,120.45598602294922,-53.505699157714844
333.770904541,120.45598602294922,-53.505699157714844
333.970123291,120.45598602294922,-53.505699157714844
334.136138916,120.45598602294922,-53.505699157714844
334.335357666,120.51261138916016,-53.57209396362305
334.534576416,120.65785217285156,-53.65494155883789
334.733795166,120.65785217285156,-53.65494155883789
334.933013916,120.65785217285156,-53.65494155883789
335.132232666,120.65785217285156,-53.65494155883789
335.331451416,120.65785217285156,-53.65494155883789
335.530670166,120.65785217285156,-53.65494155883789
335.729888916,120.65785217285156,-53.65494155883789
335.945709228,120.65785217285156,-53.65494155883789
336.194732666,120.65785217285156,-53.65494155883789
336.393951416,120.65785217285156,-53.65494155883789
336.642974853,120.65785217285156,-53.65494155883789
336.842193603,120.65785217285156,-53.65494155883789
337.041412353,120.65785217285156,-53.65494155883789
337.240631103,120.65785217285156,-53.65494155883789
337.456451416,120.65785217285156,-53.65494155883789
337.705474853,120.65785217285156,-53.65494155883789
337.904693603,120.81922912597656,-53.65689468383789
338.103912353,120.84349060058594,-53.65748977661133
338.303131103,120.84349060058594,-53.65748977661133
338.552154541,120.84349060058594,-53.65748977661133
338.751373291,120.84349060058594,-53.65748977661133
338.950592041,120.84349060058594,-53.65748977661133
339.149810791,120.84349060058594,-53.65748977661133
339.365631103,120.84349060058594,-53.65748977661133
339.564849853,120.84349060058594,-53.65748977661133
339.764068603,120.84349060058594,-53.65748977661133
339.963287353,120.84349060058594,-53.65748977661133
340.162506103,120.84349060058594,-53.65748977661133
340.361724853,120.84349060058594,-53.65748977661133
340.560943603,120.84349060058594,-53.65748977661133
340.760162353,120.84349060058594,-53.65748977661133
340.975982666,120.96672058105469,-53.66535568237305
341.175201416,121.20112609863281,-53.73907470703125
341.424224853,121.25950622558594,-53.78355407714844
341.623443603,121.25950622558594,-53.78355407714844
341.822662353,121.25950622558594,-53.78355407714844
342.021881103,121.25950622558594,-53.78355407714844
342.221099853,121.25950622558594,-53.78355407714844
342.420318603,121.25950622558594,-53.78355407714844
342.586334228,121.25950622558594,-53.78355407714844
342.785552978,121.25950622558594,-53.78355407714844
342.984771728,121.25950622558594,-53.78355407714844
343.183990478,121.25950622558594,-53.78355407714844
343.383209228,121.25950622558594,-53.78355407714844
343.582427978,121.25950622558594,-53.78355407714844
343.731842041,121.25950622558594,-53.78355407714844
343.931060791,121.3236083984375,-53.9212760925293
344.130279541,121.37677001953125,-54.17059326171875
344.296295166,121.37554931640625,-54.328460693359375
344.495513916,121.3753662109375,-54.33045196533203
344.694732666,121.3753662109375,-54.33045196533203
344.893951416,121.3753662109375,-54.33045196533203
345.043365478,121.3753662109375,-54.33045196533203
345.242584228,121.3753662109375,-54.33045196533203
345.441802978,121.3753662109375,-54.33045196533203
345.641021728,121.3753662109375,-54.33045196533203
345.840240478,121.3753662109375,-54.33045196533203
346.006256103,121.3753662109375,-54.33045196533203
346.205474853,121.3753662109375,-54.33045196533203
346.404693603,121.3753662109375,-54.33045196533203
346.603912353,121.3753662109375,-54.33045196533203
346.753326416,121.36814880371094,-54.43044662475586
346.952545166,121.36641693115234,-54.690364837646484
347.151763916,121.3768310546875,-54.9405632019043
347.350982666,121.403564453125,-55.1936149597168
347.550201416,121.43772888183594,-55.451351165771484
347.766021728,121.47319793701172,-55.7337532043457
347.915435791,121.4947738647461,-55.9130859375
348.114654541,121.52308654785156,-56.171539306640625
348.313873291,121.55440521240234,-56.425514221191406
348.513092041,121.58172607421875,-56.674434661865234
348.712310791,121.61246490478516,-56.92984390258789
348.861724853,121.6334228515625,-57.136783599853516
349.060943603,121.6615219116211,-57.39112854003906
349.260162353,121.68477630615234,-57.64045333862305
349.475982666,121.6934585571289,-57.74810028076172
349.625396728,121.70474243164062,-57.847713470458984
349.824615478,121.75540161132812,-58.1026611328125
350.023834228,121.81591796875,-58.35269546508789
350.223052978,121.86923217773438,-58.59873962402344
350.422271728,121.90120697021484,-58.84839630126953
350.621490478,121.91222381591797,-59.10675811767578
350.770904541,121.91519165039062,-59.288734436035156
350.970123291,121.9207992553711,-59.548667907714844
351.185943603,121.9565200805664,-59.82794952392578
351.385162353,122.025634765625,-60.07130432128906
351.534576416,122.09185791015625,-60.23638153076172
351.733795166,122.17671203613281,-60.411659240722656
351.933013916,122.17716979980469,-60.41254806518555
352.132232666,122.17716979980469,-60.41254806518555
352.281646728,122.17716979980469,-60.41254806518555
352.480865478,122.17716979980469,-60.41254806518555
352.680084228,122.17716979980469,-60.41254806518555
352.846099853,122.17716979980469,-60.41254806518555
353.045318603,122.17716979980469,-60.41254806518555
353.294342041,122.17716979980469,-60.41254806518555
353.443756103,122.17716979980469,-60.41254806518555
353.642974853,122.17716979980469,-60.41254806518555
353.891998291,122.17716979980469,-60.41254806518555
354.041412353,122.17716979980469,-60.41254806518555
354.240631103,122.17716979980469,-60.41254806518555
354.390045166,122.21260070800781,-60.477813720703125
354.605865478,122.33782196044922,-60.64701843261719
354.805084228,122.33853149414062,-60.64772415161133
355.004302978,122.33853149414062,-60.64772415161133
355.203521728,122.33853149414062,-60.64772415161133
355.402740478,122.33853149414062,-60.64772415161133
355.601959228,122.33853149414062,-60.64772415161133
355.801177978,122.33853149414062,-60.64772415161133
356.000396728,122.33853149414062,-60.64772415161133
356.149810791,122.33853149414062,-60.64772415161133
356.315826416,122.33853149414062,-60.64772415161133
356.515045166,122.33853149414062,-60.64772415161133
356.714263916,122.33853149414062,-60.64772415161133
356.913482666,122.33853149414062,-60.64772415161133
357.112701416,122.33853149414062,-60.64772415161133
357.311920166,122.33853149414062,-60.64772415161133
357.511138916,122.33853149414062,-60.64772415161133
357.710357666,122.33853149414062,-60.64772415161133
357.926177978,122.33853149414062,-60.64772415161133
358.125396728,122.33853149414062,-60.64772415161133
358.324615478,122.33853149414062,-60.64772415161133
358.523834228,122.33853149414062,-60.64772415161133
358.723052978,122.33853149414062,-60.64772415161133
358.922271728,122.33853149414062,-60.64772415161133
359.121490478,122.33853149414062,-60.64772415161133
359.320709228,122.33853149414062,-60.64772415161133
359.470123291,122.33853149414062,-60.64772415161133
359.685943603,122.33853149414062,-60.64772415161133
359.885162353,122.33853149414062,-60.64772415161133
360.084381103,122.33853149414062,-60.64772415161133
360.283599853,122.33853149414062,-60.64772415161133
360.482818603,122.33853149414062,-60.64772415161133
360.682037353,122.33853149414062,-60.64772415161133
360.881256103,122.33853149414062,-60.64772415161133
361.080474853,122.33853149414062,-60.64772415161133
361.229888916,122.33853149414062,-60.64772415161133
361.445709228,122.33853149414062,-60.64772415161133
361.644927978,122.33853149414062,-60.64772415161133
361.844146728,122.33853149414062,-60.64772415161133
362.043365478,122.33853149414062,-60.64772415161133
362.242584228,122.33853149414062,-60.64772415161133
362.441802978,122.33853149414062,-60.64772415161133
362.641021728,122.33853149414062,-60.64772415161133
362.840240478,122.33853149414062,-60.64772415161133
363.056060791,122.33853149414062,-60.64772415161133
363.255279541,122.33853149414062,-60.64772415161133
363.454498291,122.33853149414062,-60.64772415161133
363.653717041,122.33853149414062,-60.64772415161133
363.852935791,122.33853149414062,-60.64772415161133
364.052154541,122.33853149414062,-60.64772415161133
364.201568603,122.33853149414062,-60.64772415161133
364.450592041,122.33853149414062,-60.64772415161133
364.600006103,122.33853149414062,-60.64772415161133
364.815826416,122.33853149414062,-60.64772415161133
365.015045166,122.33853149414062,-60.64772415161133
365.164459228,122.33853149414062,-60.64772415161133
365.363677978,122.33853149414062,-60.64772415161133
365.562896728,122.33853149414062,-60.64772415161133
365.762115478,122.33853149414062,-60.64772415161133
365.961334228,122.33853149414062,-60.64772415161133
366.110748291,122.33853149414062,-60.64772415161133
366.309967041,122.33853149414062,-60.64772415161133
366.525787353,122.33853149414062,-60.64772415161133
366.725006103,122.33853149414062,-60.64772415161133
366.924224853,122.33853149414062,-60.64772415161133
367.123443603,122.33853149414062,-60.64772415161133
367.322662353,122.33853149414062,-60.64772415161133
367.521881103,122.33853149414062,-60.64772415161133
367.721099853,122.33853149414062,-60.64772415161133
367.920318603,122.33853149414062,-60.64772415161133
368.086334228,122.4427719116211,-60.7403450012207
368.285552978,122.65899658203125,-60.87622833251953
368.484771728,122.89759063720703,-60.968135833740234
368.683990478,123.146240234375,-61.044124603271484
368.883209228,123.39317321777344,-61.12550735473633
369.082427978,123.63198852539062,-61.22111511230469
369.231842041,123.69496154785156,-61.2480354309082
369.431060791,123.69496154785156,-61.2480354309082
369.630279541,123.69496154785156,-61.2480354309082
369.846099853,123.69496154785156,-61.2480354309082
370.045318603,123.69496154785156,-61.2480354309082
370.244537353,123.69496154785156,-61.2480354309082
370.443756103,123.69496154785156,-61.2480354309082
370.642974853,123.69496154785156,-61.2480354309082
370.842193603,123.69496154785156,-61.2480354309082
371.041412353,123.69496154785156,-61.2480354309082
371.240631103,123.69496154785156,-61.2480354309082
371.439849853,123.69496154785156,-61.2480354309082
371.655670166,123.69496154785156,-61.2480354309082
371.854888916,123.69496154785156,-61.2480354309082
372.054107666,123.69496154785156,-61.2480354309082
372.253326416,123.69496154785156,-61.2480354309082
372.452545166,123.69496154785156,-61.2480354309082
372.651763916,123.69496154785156,-61.2480354309082
372.900787353,123.69496154785156,-61.2480354309082
373.100006103,123.69496154785156,-61.2480354309082
373.266021728,123.69496154785156,-61.2480354309082
373.465240478,123.69496154785156,-61.2480354309082
373.664459228,123.69496154785156,-61.2480354309082
373.863677978,123.69496154785156,-61.2480354309082
374.062896728,123.81027221679688,-61.292213439941406
374.262115478,124.0581283569336,-61.31910705566406
374.461334228,124.28008270263672,-61.20792770385742
374.660552978,124.4388427734375,-61.003135681152344
374.876373291,124.56620788574219,-60.78435516357422
375.075592041,124.71758270263672,-60.57329177856445
375.274810791,124.89637756347656,-60.392520904541016
375.474029541,125.10575866699219,-60.23884963989258
375.673248291,125.19943237304688,-60.18512725830078
375.872467041,125.19943237304688,-60.18512725830078
376.021881103,125.19943237304688,-60.18512725830078
376.171295166,125.19943237304688,-60.18512725830078
376.370513916,125.19943237304688,-60.18512725830078
376.586334228,125.19943237304688,-60.18512725830078
376.785552978,125.19943237304688,-60.18512725830078
376.984771728,125.32556915283203,-60.125728607177734
377.183990478,125.57743072509766,-60.06425094604492
377.383209228,125.83694458007812,-60.055824279785156
377.632232666,126.14822387695312,-60.07680892944336
377.831451416,126.359619140625,-60.078529357910156
377.980865478,126.359619140625,-60.078529357910156
378.229888916,126.359619140625,-60.078529357910156
378.395904541,126.359619140625,-60.078529357910156
378.595123291,126.359619140625,-60.078529357910156
378.844146728,126.359619140625,-60.078529357910156
378.993560791,126.359619140625,-60.078529357910156
379.192779541,126.359619140625,-60.078529357910156
379.391998291,126.359619140625,-60.078529357910156
379.591217041,126.359619140625,-60.078529357910156
379.790435791,126.359619140625,-60.078529357910156
380.006256103,126.359619140625,-60.078529357910156
380.205474853,126.359619140625,-60.078529357910156
380.404693603,126.359619140625,-60.078529357910156
380.603912353,126.359619140625,-60.078529357910156
380.803131103,126.359619140625,-60.078529357910156
381.002349853,126.359619140625,-60.078529357910156
381.201568603,126.359619140625,-60.078529357910156
381.400787353,126.359619140625,-60.078529357910156
381.600006103,126.359619140625,-60.078529357910156
381.815826416,126.359619140625,-60.078529357910156
382.015045166,126.359619140625,-60.078529357910156
382.214263916,126.359619140625,-60.078529357910156
382.413482666,126.359619140625,-60.078529357910156
382.612701416,126.359619140625,-60.078529357910156
382.811920166,126.359619140625,-60.078529357910156
383.011138916,126.4962158203125,-60.07188034057617
383.210357666,126.7479248046875,-60.06596755981445
383.426177978,127.02568054199219,-60.06861877441406
383.625396728,127.28407287597656,-60.07960891723633
383.824615478,127.53960418701172,-60.093353271484375
384.023834228,127.79248046875,-60.10527420043945
384.223052978,128.0496826171875,-60.11000442504883
384.372467041,128.231689453125,-60.11176681518555
384.571685791,128.48757934570312,-60.11423873901367
384.770904541,128.73660278320312,-60.11616134643555
384.970123291,128.9703826904297,-60.114219665527344
385.185943603,129.2454071044922,-60.11166763305664
385.385162353,129.50404357910156,-60.109275817871094
385.584381103,129.7599334716797,-60.10665512084961
385.783599853,129.8158721923828,-60.10477066040039
385.982818603,129.8158721923828,-60.10477066040039
386.132232666,129.8158721923828,-60.10477066040039
386.331451416,129.8158721923828,-60.10477066040039
386.530670166,129.8158721923828,-60.10477066040039
386.729888916,129.8158721923828,-60.10477066040039
386.895904541,129.8158721923828,-60.10477066040039
387.095123291,129.8158721923828,-60.10477066040039
387.344146728,129.8158721923828,-60.10477066040039
387.543365478,129.8158721923828,-60.10477066040039
387.742584228,129.8158721923828,-60.10477066040039
387.941802978,129.8158721923828,-60.10477066040039
388.141021728,129.8158721923828,-60.10477066040039
388.340240478,129.8158721923828,-60.10477066040039
388.556060791,129.8158721923828,-60.10477066040039
388.755279541,129.8158721923828,-60.10477066040039
388.954498291,129.8158721923828,-60.10477066040039
389.153717041,129.8158721923828,-60.10477066040039
389.352935791,129.8158721923828,-60.10477066040039
389.552154541,129.8158721923828,-60.10477066040039
389.751373291,129.8158721923828,-60.10477066040039
390.000396728,130.0059814453125,-60.100303649902344
390.149810791,130.18386840820312,-60.09907531738281
390.365631103,130.46987915039062,-60.09722900390625
390.564849853,130.72438049316406,-60.09934997558594
390.764068603,130.98240661621094,-60.1166877746582
390.963287353,131.2410125732422,-60.14323806762695
391.162506103,131.49710083007812,-60.18764877319336
391.361724853,131.74510192871094,-60.2448844909668
391.560943603,131.99032592773438,-60.30188751220703
391.760162353,132.2407989501953,-60.35433578491211
391.975982666,132.49769592285156,-60.393978118896484
392.175201416,132.74754333496094,-60.425235748291016
392.374420166,133.00318908691406,-60.47206497192383
392.573638916,133.25332641601562,-60.54269027709961
392.772857666,133.49533081054688,-60.62160110473633
392.972076416,133.65943908691406,-60.67475128173828
393.171295166,133.65943908691406,-60.67475128173828
393.370513916,133.65943908691406,-60.67475128173828
393.586334228,133.65943908691406,-60.67475128173828
393.785552978,133.65943908691406,-60.67475128173828
393.984771728,133.66966247558594,-60.678585052490234
394.134185791,133.7137908935547,-60.7105712890625
394.333404541,133.8062744140625,-60.90650177001953
394.532623291,133.78042602539062,-61.161800384521484
394.682037353,133.67599487304688,-61.33456802368164
394.881256103,133.5083465576172,-61.5260124206543
395.030670166,133.39288330078125,-61.66666030883789
395.229888916,133.24444580078125,-61.880008697509766
395.395904541,133.14468383789062,-62.0623664855957
395.595123291,133.04824829101562,-62.30373001098633
395.794342041,132.96246337890625,-62.54624557495117
395.943756103,132.89808654785156,-62.74258804321289
396.093170166,132.83984375,-62.91357421875
396.292388916,132.7528076171875,-63.15274429321289
396.441802978,132.6751708984375,-63.3457145690918
396.641021728,132.5751953125,-63.58572769165039
396.840240478,132.4751434326172,-63.816776275634766
397.006256103,132.39007568359375,-64.00658416748047
397.205474853,132.28277587890625,-64.23436737060547
397.354888916,132.20645141601562,-64.39958190917969
397.554107666,132.09811401367188,-64.63594055175781
397.753326416,131.9932098388672,-64.87384796142578
397.952545166,131.88998413085938,-65.11245727539062
398.101959228,131.81089782714844,-65.30487060546875
398.301177978,131.71127319335938,-65.54057312011719
398.500396728,131.60585021972656,-65.77375793457031
398.649810791,131.5356903076172,-65.93125915527344
398.815826416,131.455078125,-66.11852264404297
399.015045166,131.3524169921875,-66.35442352294922
399.214263916,131.24667358398438,-66.59196472167969
399.413482666,131.14202880859375,-66.82400512695312
399.562896728,131.0605010986328,-67.01237487792969
399.762115478,130.95681762695312,-67.25080108642578
399.961334228,130.8524169921875,-67.48444366455078
400.110748291,130.7780303955078,-67.65056610107422
400.309967041,130.66683959960938,-67.88558197021484
400.525787353,130.55006408691406,-68.14065551757812
400.675201416,130.475830078125,-68.30231475830078
400.874420166,130.36611938476562,-68.5379867553711
401.073638916,130.25816345214844,-68.7745361328125
401.272857666,130.1716766357422,-68.96590423583984
401.422271728,130.1708526611328,-68.96773529052734
401.621490478,130.1708526611328,-68.96773529052734
401.820709228,130.1708526611328,-68.96773529052734
401.970123291,130.1708526611328,-68.96773529052734
402.185943603,130.12191772460938,-69.08492279052734
402.385162353,130.05203247070312,-69.30335998535156
402.584381103,130.04920959472656,-69.3151626586914
402.783599853,130.04920959472656,-69.3151626586914
402.982818603,130.04920959472656,-69.3151626586914
403.132232666,130.03138732910156,-69.40184020996094
403.331451416,130.01004028320312,-69.66056060791016
403.530670166,130.02157592773438,-69.90514373779297
403.729888916,130.05087280273438,-70.16210174560547
403.895904541,130.07456970214844,-70.3646011352539
404.095123291,130.0979766845703,-70.62080383300781
404.294342041,130.11048889160156,-70.8804702758789
404.493560791,130.11309814453125,-71.13087463378906
404.692779541,130.1082000732422,-71.38398742675781
404.891998291,130.10154724121094,-71.64117431640625
405.091217041,130.09515380859375,-71.88861083984375
405.290435791,130.08932495117188,-72.14444732666016
405.506256103,130.0865936279297,-72.41947174072266
405.705474853,130.08447265625,-72.67948150634766
405.904693603,130.08432006835938,-72.93539428710938
406.054107666,130.08396911621094,-73.11056518554688
406.253326416,130.077392578125,-73.36088562011719
406.452545166,130.04750061035156,-73.61066436767578
406.651763916,129.972900390625,-73.8534927368164
406.850982666,129.83865356445312,-74.06712341308594
407.050201416,129.6461181640625,-74.24076080322266
407.216217041,129.46958923339844,-74.34525299072266
407.415435791,129.23678588867188,-74.45452117919922
407.564849853,129.04931640625,-74.53119659423828
407.764068603,128.8131561279297,-74.62972259521484
407.913482666,128.6527862548828,-74.70664978027344
408.112701416,128.42312622070312,-74.8225326538086
408.262115478,128.23892211914062,-74.91911315917969
408.411529541,128.14471435546875,-74.96988677978516
408.560943603,128.14471435546875,-74.96988677978516
408.760162353,128.14471435546875,-74.96988677978516
408.926177978,128.14471435546875,-74.96988677978516
409.125396728,128.14471435546875,-74.96988677978516
409.274810791,128.14471435546875,-74.96988677978516
409.474029541,128.14471435546875,-74.96988677978516
409.673248291,128.14471435546875,-74.96988677978516
409.822662353,128.14471435546875,-74.96988677978516
410.021881103,128.14471435546875,-74.96988677978516
410.171295166,128.14471435546875,-74.96988677978516
410.370513916,128.14471435546875,-74.96988677978516
410.536529541,128.14471435546875,-74.96988677978516
410.735748291,128.14471435546875,-74.96988677978516
410.885162353,128.14471435546875,-74.96988677978516
411.084381103,128.14471435546875,-74.96988677978516
411.233795166,128.14471435546875,-74.96988677978516
411.433013916,128.14471435546875,-74.96988677978516
411.632232666,128.14471435546875,-74.96988677978516
411.831451416,128.14471435546875,-74.96988677978516
411.980865478,128.14471435546875,-74.96988677978516
412.180084228,128.14471435546875,-74.96988677978516
412.346099853,128.14471435546875,-74.96988677978516
412.545318603,128.14471435546875,-74.96988677978516
412.694732666,128.14471435546875,-74.96988677978516
412.893951416,128.14471435546875,-74.96988677978516
413.043365478,128.14471435546875,-74.96988677978516
413.242584228,128.14471435546875,-74.96988677978516
413.441802978,128.14471435546875,-74.96988677978516
413.591217041,128.14471435546875,-74.96988677978516
413.840240478,128.14630126953125,-74.97511291503906
414.006256103,128.15060424804688,-74.98033142089844
414.205474853,128.21595764160156,-75.00041198730469
414.404693603,128.448974609375,-74.96240997314453
414.653717041,128.67153930664062,-74.75009155273438
414.803131103,128.76258850097656,-74.56334686279297
415.002349853,128.787841796875,-74.49967956542969
415.201568603,128.787841796875,-74.49967956542969
415.400787353,128.787841796875,-74.49967956542969
415.600006103,128.787841796875,-74.49967956542969
415.815826416,128.787841796875,-74.49967956542969
416.015045166,128.787841796875,-74.49967956542969
416.214263916,128.799560546875,-74.46753692626953
416.413482666,128.80252075195312,-74.3984375
416.612701416,128.7130126953125,-74.26634979248047
416.762115478,128.5377655029297,-74.16280364990234
416.961334228,128.3218231201172,-74.15193939208984
417.110748291,128.3208465576172,-74.15218353271484
417.309967041,128.3208465576172,-74.15218353271484
417.475982666,128.3208465576172,-74.15218353271484
417.625396728,128.3208465576172,-74.15218353271484
417.824615478,128.3208465576172,-74.15218353271484
418.023834228,128.3208465576172,-74.15218353271484
418.173248291,128.3208465576172,-74.15218353271484
418.372467041,128.3208465576172,-74.15218353271484
418.521881103,128.3208465576172,-74.15218353271484
418.721099853,128.3208465576172,-74.15218353271484
418.870513916,128.3208465576172,-74.15218353271484
419.086334228,128.3208465576172,-74.15218353271484
419.285552978,128.3208465576172,-74.15218353271484
419.434967041,128.3208465576172,-74.15218353271484
419.584381103,128.3208465576172,-74.15218353271484
419.783599853,128.3208465576172,-74.15218353271484
419.933013916,128.3208465576172,-74.15218353271484
420.132232666,128.3208465576172,-74.15218353271484
420.331451416,128.3208465576172,-74.15218353271484
420.480865478,128.3208465576172,-74.15218353271484
420.680084228,128.3208465576172,-74.15218353271484
420.846099853,128.3208465576172,-74.15218353271484
420.945709228,128.3208465576172,-74.15218353271484
421.144927978,128.3208465576172,-74.15218353271484
421.344146728,128.3208465576172,-74.15218353271484
421.493560791,128.3208465576172,-74.15218353271484
421.692779541,128.3208465576172,-74.15218353271484
421.842193603,128.3208465576172,-74.15218353271484
422.041412353,128.3208465576172,-74.15218353271484
422.190826416,128.3208465576172,-74.15218353271484
422.390045166,128.3208465576172,-74.15218353271484
422.556060791,128.3208465576172,-74.15218353271484
422.755279541,128.3208465576172,-74.15218353271484
422.904693603,128.3208465576172,-74.15218353271484
423.103912353,128.3208465576172,-74.15218353271484
423.253326416,128.2379150390625,-74.1830825805664
423.452545166,127.98989868164062,-74.23835754394531
423.601959228,127.78326416015625,-74.26194763183594
423.801177978,127.53296661376953,-74.29964447021484
423.950592041,127.35958862304688,-74.33269500732422
424.100006103,127.16439056396484,-74.38114166259766
424.315826416,126.92195892333984,-74.45841979980469
424.465240478,126.72673034667969,-74.53018188476562
424.664459228,126.48775482177734,-74.62165069580078
424.813873291,126.31922912597656,-74.6827621459961
425.013092041,126.0724868774414,-74.76020050048828
425.162506103,125.87487030029297,-74.81568145751953
425.361724853,125.62969970703125,-74.88404083251953
425.511138916,125.4539794921875,-74.93138122558594
425.660552978,125.2523422241211,-74.98239135742188
425.809967041,125.07601928710938,-75.02743530273438
426.025787353,124.80142974853516,-75.09690856933594
426.175201416,124.6245346069336,-75.13323974609375
426.324615478,124.41838836669922,-75.16057586669922
426.474029541,124.23676300048828,-75.171630859375
426.673248291,123.98909759521484,-75.17378234863281
426.822662353,123.78693389892578,-75.16297149658203
426.972076416,123.63148498535156,-75.14112091064453
427.171295166,123.6295166015625,-75.14080047607422
427.320709228,123.6295166015625,-75.14080047607422
427.470123291,123.56846618652344,-75.13146209716797
427.685943603,123.29049682617188,-75.1071548461914
427.835357666,123.10852813720703,-75.10673522949219
428.034576416,122.85285949707031,-75.11734771728516
428.183990478,122.65054321289062,-75.12662506103516
428.333404541,122.46864318847656,-75.13258361816406
428.532623291,122.20869445800781,-75.13739013671875
428.682037353,122.00617980957031,-75.13882446289062
428.881256103,121.75576782226562,-75.13851165771484
429.030670166,121.57803344726562,-75.1308364868164
429.229888916,121.32469177246094,-75.10721588134766
429.395904541,121.1199951171875,-75.07051849365234
429.545318603,120.92247772216797,-75.02577209472656
429.744537353,120.6730728149414,-74.9750747680664
429.893951416,120.49954986572266,-74.94261169433594
430.043365478,120.29660034179688,-74.91203308105469
430.242584228,120.03779602050781,-74.8871078491211
430.391998291,119.85941314697266,-74.86936950683594
430.591217041,119.60784912109375,-74.8612289428711
430.740631103,119.40402221679688,-74.86605072021484
430.890045166,119.2220458984375,-74.86907196044922
431.056060791,119.01542663574219,-74.8671646118164
431.255279541,118.8211898803711,-74.85332489013672
431.404693603,118.8211898803711,-74.85332489013672
431.603912353,118.8211898803711,-74.85332489013672
431.753326416,118.73483276367188,-74.84741973876953
431.952545166,118.60591888427734,-74.86564636230469
432.101959228,118.49932861328125,-74.9609603881836
432.301177978,118.4053726196289,-75.19976806640625
432.500396728,118.42636108398438,-75.45796966552734
432.716217041,118.4901123046875,-75.70854187011719
432.915435791,118.54890441894531,-75.95897674560547
433.114654541,118.57826232910156,-76.2156753540039
433.264068603,118.56896209716797,-76.41783905029297
433.413482666,118.53935241699219,-76.59455108642578
433.612701416,118.52608489990234,-76.64895629882812
433.811920166,118.52608489990234,-76.64895629882812
434.011138916,118.52608489990234,-76.64895629882812
434.160552978,118.52608489990234,-76.64895629882812
434.376373291,118.52608489990234,-76.64895629882812
434.575592041,118.52139282226562,-76.66468048095703
434.725006103,118.51779174804688,-76.6688003540039
434.874420166,118.43505859375,-76.71925354003906
435.073638916,118.18772888183594,-76.73925018310547
435.223052978,118.00382995605469,-76.65450286865234
435.422271728,117.8199691772461,-76.48490142822266
435.571685791,117.69996643066406,-76.3611068725586
435.770904541,117.51593780517578,-76.1834487915039
435.970123291,117.3093032836914,-76.02814483642578
436.136138916,117.13468933105469,-75.92032623291016
436.285552978,116.95491027832031,-75.82716369628906
436.484771728,116.71961975097656,-75.72666931152344
436.634185791,116.54998779296875,-75.66462707519531
436.833404541,116.30406188964844,-75.58024597167969
436.982818603,116.11354064941406,-75.5157241821289
437.182037353,115.87274932861328,-75.43756866455078
437.331451416,115.70196533203125,-75.38309478759766
437.530670166,115.48197174072266,-75.30862426757812
437.680084228,115.4800796508789,-75.30796813964844
437.846099853,115.4800796508789,-75.30796813964844
438.045318603,115.34950256347656,-75.26881408691406
438.194732666,115.17671966552734,-75.24114227294922
438.393951416,114.9251937866211,-75.24456787109375
438.593170166,114.6778564453125,-75.27345275878906
438.742584228,114.4713363647461,-75.29821014404297
438.941802978,114.21243286132812,-75.32181549072266
439.141021728,113.95836639404297,-75.3369369506836
439.290435791,113.78194427490234,-75.34266662597656
439.456451416,113.57669830322266,-75.344482421875
439.605865478,113.36872863769531,-75.34107971191406
439.805084228,113.12116241455078,-75.33280181884766
440.004302978,112.86676788330078,-75.32421112060547
440.153717041,112.68623352050781,-75.318115234375
440.352935791,112.42634582519531,-75.31057739257812
440.502349853,112.22659301757812,-75.3076171875
440.701568603,112.00685119628906,-75.30559539794922
440.900787353,111.7468490600586,-75.30740356445312
441.050201416,111.5693130493164,-75.3182144165039
441.266021728,111.30353546142578,-75.35214233398438
441.415435791,111.28728485107422,-75.35501098632812
441.614654541,111.16319274902344,-75.37688446044922
441.813873291,110.91069793701172,-75.42593383789062
441.963287353,110.70947265625,-75.47854614257812
442.162506103,110.46136474609375,-75.55609893798828
442.361724853,110.21865844726562,-75.64138793945312
442.511138916,110.0523681640625,-75.70062255859375
442.710357666,109.81464385986328,-75.78763580322266
442.926177978,109.55738067626953,-75.87690734863281
443.075592041,109.39302062988281,-75.92900848388672
443.274810791,109.14820098876953,-75.99847412109375
443.474029541,108.89655303955078,-76.05823516845703
443.623443603,108.69385528564453,-76.10487365722656
443.772857666,108.51920318603516,-76.14533996582031
443.972076416,108.26680755615234,-76.20773315429688
444.171295166,108.1505126953125,-76.23931121826172
444.370513916,108.09745788574219,-76.25275421142578
444.536529541,108.0118637084961,-76.2594985961914
444.735748291,107.8830337524414,-76.20084381103516
444.885162353,107.7642593383789,-76.03916931152344
445.084381103,107.72732543945312,-75.7909164428711
445.233795166,107.75570678710938,-75.6113052368164
445.433013916,107.81297302246094,-75.35770416259766
445.632232666,107.86803436279297,-75.10367584228516
445.831451416,107.88953399658203,-74.8448257446289
446.030670166,107.87060546875,-74.59127807617188
446.180084228,107.83447265625,-74.41473388671875
446.346099853,107.77470397949219,-74.217041015625
446.545318603,107.69190979003906,-73.98217010498047
446.744537353,107.61402893066406,-73.74272918701172
446.893951416,107.56397247314453,-73.57345581054688
447.093170166,107.49906158447266,-73.33018493652344
447.292388916,107.44132995605469,-73.08651733398438
447.441802978,107.3934097290039,-72.88692474365234
447.641021728,107.33274841308594,-72.63410186767578
447.840240478,107.28104400634766,-72.39488220214844
448.006256103,107.27799224853516,-72.378662109375
448.155670166,107.27799224853516,-72.378662109375
448.271881103,107.27799224853516,-72.378662109375
448.471099853,107.27799224853516,-72.378662109375
448.620513916,107.27799224853516,-72.378662109375
448.836334228,107.27799224853516,-72.378662109375
448.985748291,107.27799224853516,-72.378662109375
449.184967041,107.27799224853516,-72.378662109375
449.384185791,107.27799224853516,-72.378662109375
449.583404541,107.27799224853516,-72.378662109375
449.732818603,107.27799224853516,-72.378662109375
449.932037353,107.27799224853516,-72.378662109375
450.131256103,107.27799224853516,-72.378662109375
450.330474853,107.27799224853516,-72.378662109375
450.496490478,107.27799224853516,-72.378662109375
450.695709228,107.27799224853516,-72.378662109375
450.894927978,107.27799224853516,-72.378662109375
451.094146728,107.27799224853516,-72.378662109375
451.243560791,107.27799224853516,-72.378662109375
451.442779541,107.27799224853516,-72.378662109375
451.592193603,107.27799224853516,-72.378662109375
451.791412353,107.27799224853516,-72.378662109375
451.990631103,107.27799224853516,-72.378662109375
452.189849853,107.27799224853516,-72.378662109375
452.355865478,107.27799224853516,-72.378662109375
452.555084228,107.27799224853516,-72.378662109375
452.704498291,107.27799224853516,-72.378662109375
452.903717041,107.27799224853516,-72.378662109375
453.053131103,107.27799224853516,-72.378662109375
453.202545166,107.27799224853516,-72.378662109375
453.351959228,107.27799224853516,-72.378662109375
453.551177978,107.27799224853516,-72.378662109375
453.750396728,107.27799224853516,-72.378662109375
453.916412353,107.27799224853516,-72.378662109375
454.115631103,107.27799224853516,-72.378662109375
454.314849853,107.27799224853516,-72.378662109375
454.464263916,107.27799224853516,-72.378662109375
454.663482666,107.27799224853516,-72.378662109375
454.862701416,107.27799224853516,-72.378662109375
455.061920166,107.27799224853516,-72.378662109375
455.211334228,107.27799224853516,-72.378662109375
455.410552978,107.27799224853516,-72.378662109375
455.576568603,107.27799224853516,-72.378662109375
455.775787353,107.27799224853516,-72.378662109375
455.975006103,107.27799224853516,-72.378662109375
456.124420166,107.26150512695312,-72.27902221679688
456.323638916,107.23539733886719,-72.02588653564453
456.522857666,107.2162094116211,-71.77757263183594
456.722076416,107.18386840820312,-71.52652740478516
456.921295166,107.13882446289062,-71.27603912353516
457.070709228,107.1098403930664,-71.14427185058594
457.269927978,107.04869842529297,-70.89298248291016
457.435943603,106.99620819091797,-70.69169616699219
457.635162353,106.95848846435547,-70.5449447631836
457.784576416,106.95848846435547,-70.5449447631836
457.983795166,106.95848846435547,-70.5449447631836
458.183013916,106.95848846435547,-70.5449447631836
458.282623291,106.95848846435547,-70.5449447631836
458.481842041,106.95848846435547,-70.5449447631836
458.631256103,106.95848846435547,-70.5449447631836
458.830474853,106.95848846435547,-70.5449447631836
459.046295166,106.95848846435547,-70.5449447631836
459.195709228,106.95848846435547,-70.5449447631836
459.394927978,106.95848846435547,-70.5449447631836
459.594146728,106.95848846435547,-70.5449447631836
459.793365478,106.92121124267578,-70.37487030029297
459.942779541,106.8854751586914,-70.16997528076172
460.141998291,106.84263610839844,-69.91768646240234
460.291412353,106.81013488769531,-69.7427978515625
460.490631103,106.75496673583984,-69.49298095703125
460.689849853,106.69678497314453,-69.26670837402344
460.855865478,106.64213562011719,-69.06745147705078
461.055084228,106.5728530883789,-68.81968688964844
461.204498291,106.53041076660156,-68.66749572753906
461.403717041,106.53014373779297,-68.66653442382812
461.602935791,106.53014373779297,-68.66653442382812
461.752349853,106.53014373779297,-68.66653442382812
461.901763916,106.53014373779297,-68.66653442382812
462.100982666,106.53014373779297,-68.66653442382812
462.300201416,106.53014373779297,-68.66653442382812
462.449615478,106.50570678710938,-68.56929779052734
462.665435791,106.45032501220703,-68.28873443603516
462.814849853,106.42019653320312,-68.11201477050781
463.014068603,106.37747192382812,-67.8555679321289
463.163482666,106.33465576171875,-67.65206146240234
463.312896728,106.29019165039062,-67.47557830810547
463.512115478,106.22191619873047,-67.2275390625
463.661529541,106.16336059570312,-67.02793884277344
463.860748291,106.08477783203125,-66.78443145751953
464.010162353,106.02703094482422,-66.61617279052734
464.225982666,105.93476867675781,-66.35125732421875
464.375396728,105.8794937133789,-66.19393157958984
464.574615478,105.87158966064453,-66.1709976196289
464.773834228,105.87158966064453,-66.1709976196289
464.973052978,105.87158966064453,-66.1709976196289
465.172271728,105.87158966064453,-66.1709976196289
465.321685791,105.87158966064453,-66.1709976196289
465.520904541,105.85638427734375,-66.16485595703125
465.670318603,105.79781341552734,-66.16454315185547
465.886138916,105.55193328857422,-66.28578186035156
466.035552978,105.45182800292969,-66.43649291992188
466.234771728,105.40090942382812,-66.6898422241211
466.433990478,105.4105224609375,-66.94135284423828
466.583404541,105.41539001464844,-67.14237976074219
466.782623291,105.3849105834961,-67.3905258178711
466.981842041,105.30701446533203,-67.63676452636719
467.181060791,105.2373275756836,-67.77962493896484
467.330474853,105.2373275756836,-67.77962493896484
467.546295166,105.2373275756836,-67.77962493896484
467.745513916,105.2373275756836,-67.77962493896484
467.944732666,105.2373275756836,-67.77962493896484
468.094146728,105.2373275756836,-67.77962493896484
468.293365478,105.2373275756836,-67.77962493896484
468.492584228,105.16203308105469,-67.76947784423828
468.641998291,105.0276107788086,-67.67748260498047
468.841217041,104.91976928710938,-67.45257568359375
468.990631103,104.92295837402344,-67.27131652832031
469.189849853,104.99333190917969,-67.0213394165039
469.405670166,105.0711441040039,-66.74625396728516
469.555084228,105.10521697998047,-66.5702896118164
469.754302978,105.1221694946289,-66.3139877319336
469.953521728,105.09452056884766,-66.05840301513672
470.102935791,105.07830047607422,-65.97802734375
470.302154541,105.04252624511719,-65.82927703857422
470.451568603,104.99858856201172,-65.65972137451172
470.650787353,104.94246673583984,-65.44281768798828
470.750396728,104.91258239746094,-65.31771087646484
470.916412353,104.86971282958984,-65.1183853149414
471.115631103,104.82588195800781,-64.86767578125
471.265045166,104.79541015625,-64.66191864013672
471.464263916,104.75990295410156,-64.40711975097656
471.663482666,104.72869873046875,-64.15312957763672
471.862701416,104.69660949707031,-63.90615463256836
472.012115478,104.67133331298828,-63.73006820678711
472.211334228,104.63037872314453,-63.47332000732422
472.410552978,104.5850601196289,-63.217308044433594
472.576568603,104.5498275756836,-63.013702392578125
472.775787353,104.50910949707031,-62.76245880126953
472.975006103,104.465087890625,-62.50621795654297
473.174224853,104.42132568359375,-62.25548553466797
473.373443603,104.38308715820312,-62.00661849975586
473.522857666,104.35385131835938,-61.80898666381836
473.722076416,104.31759643554688,-61.561214447021484
473.921295166,104.27849578857422,-61.30417251586914
474.120513916,104.23478698730469,-61.047882080078125
474.269927978,104.20597076416016,-60.86956024169922
474.485748291,104.16340637207031,-60.593666076660156
474.684967041,104.12398529052734,-60.33667755126953
474.884185791,104.08674621582031,-60.07936096191406
475.083404541,104.04959106445312,-59.83309555053711
475.282623291,104.01033782958984,-59.58578109741211
475.432037353,103.98220825195312,-59.41012954711914
475.631256103,103.9424819946289,-59.15319061279297
475.830474853,103.9144287109375,-58.97032928466797
476.046295166,103.87580871582031,-58.72623825073242
476.245513916,103.84056091308594,-58.47002410888672
476.394927978,103.81686401367188,-58.29372024536133
476.594146728,103.78218841552734,-58.04572296142578
476.793365478,103.7431869506836,-57.7942008972168
476.992584228,103.70358276367188,-57.538631439208984
477.191802978,103.66423797607422,-57.281620025634766
477.391021728,103.6247329711914,-57.02741241455078
477.540435791,103.5955810546875,-56.8283805847168
477.756256103,103.55889892578125,-56.579280853271484
477.955474853,103.52437591552734,-56.32848358154297
478.104888916,103.497802734375,-56.122188568115234
478.304107666,103.4618148803711,-55.87160873413086
478.503326416,103.42266082763672,-55.620121002197266
478.702545166,103.40489959716797,-55.51358413696289
478.901763916,103.40489959716797,-55.51358413696289
479.100982666,103.38745880126953,-55.349884033203125
479.250396728,103.40377807617188,-55.171836853027344
479.466217041,103.50992584228516,-54.907379150390625
479.665435791,103.6432113647461,-54.69059753417969
479.864654541,103.78458404541016,-54.47237777709961
480.063873291,103.92101287841797,-54.255863189697266
480.213287353,104.0161361694336,-54.100711822509766
480.412506103,104.13665771484375,-53.878108978271484
480.611724853,104.25639343261719,-53.64731979370117
480.810943603,104.37416076660156,-53.41551971435547
481.010162353,104.48667907714844,-53.187217712402344
481.176177978,104.5779800415039,-53.003379821777344
481.375396728,104.69801330566406,-52.772743225097656
481.574615478,104.81901550292969,-52.54570770263672
481.823638916,104.97078704833984,-52.25775909423828
481.973052978,104.97789764404297,-52.243988037109375
482.172271728,104.97789764404297,-52.243988037109375
482.371490478,104.97789764404297,-52.243988037109375
482.570709228,104.97789764404297,-52.243988037109375
482.769927978,104.97789764404297,-52.243988037109375
482.985748291,105.03605651855469,-52.11726760864258
483.135162353,105.07412719726562,-51.949832916259766
483.284576416,105.0599365234375,-51.74272918701172
483.483795166,104.98980712890625,-51.49283218383789
483.732818603,104.96391296386719,-51.429412841796875
483.932037353,104.96391296386719,-51.429412841796875
484.131256103,104.96391296386719,-51.429412841796875
484.330474853,104.96391296386719,-51.429412841796875
484.496490478,104.96391296386719,-51.429412841796875
484.695709228,104.96391296386719,-51.429412841796875
484.894927978,104.91551971435547,-51.3145637512207
485.094146728,104.8211669921875,-51.076698303222656
485.243560791,104.74980163574219,-50.88570022583008
485.442779541,104.66088104248047,-50.647212982177734
485.641998291,104.56355285644531,-50.40614700317383
485.841217041,104.45600891113281,-50.1739616394043
486.040435791,104.3449478149414,-49.940399169921875
486.189849853,104.2696533203125,-49.788543701171875
486.405670166,104.19233703613281,-49.63322067260742
486.604888916,104.08198547363281,-49.402339935302734
486.804107666,103.96885681152344,-49.16824722290039
486.953521728,103.88886260986328,-49.01089096069336
487.152740478,103.7681884765625,-48.788360595703125
487.351959228,103.64236450195312,-48.56084442138672
487.551177978,103.51854705810547,-48.332218170166016
487.750396728,103.40003204345703,-48.103885650634766
487.966217041,103.27706909179688,-47.85327911376953
488.165435791,103.16936492919922,-47.62568283081055
488.364654541,103.05929565429688,-47.39923858642578
488.514068603,103.00088500976562,-47.28086471557617
488.713287353,103.0,-47.27907180786133
488.912506103,103.0,-47.27907180786133
489.111724853,103.0,-47.27907180786133
489.360748291,103.00440979003906,-47.27214431762695
489.510162353,103.04277038574219,-47.231475830078125
489.725982666,103.18494415283203,-47.193809509277344
489.875396728,103.35079956054688,-47.230350494384766
490.074615478,103.54264068603516,-47.40011215209961
490.273834228,103.61677551269531,-47.64662551879883
490.423248291,103.6162109375,-47.8544921875
490.622467041,103.5865249633789,-48.08740997314453
490.821685791,103.58362579345703,-48.10161590576172
490.971099853,103.54913330078125,-48.26347732543945
491.170318603,103.52071380615234,-48.443450927734375
491.336334228,103.51530456542969,-48.50571060180664
491.535552978,103.52384948730469,-48.75998306274414
491.684967041,103.56861114501953,-48.961490631103516
491.884185791,103.66168975830078,-49.202598571777344
492.033599853,103.7420654296875,-49.362815856933594
492.183013916,103.8365707397461,-49.54501724243164
492.382232666,103.94830322265625,-49.77063751220703
492.581451416,104.05641174316406,-50.00407409667969
492.730865478,104.12907409667969,-50.17093276977539
492.930084228,104.22688293457031,-50.411827087402344
493.046295166,104.28460693359375,-50.55675506591797
493.245513916,104.37783813476562,-50.79944610595703
493.444732666,104.47016143798828,-51.039554595947266
493.594146728,104.53807830810547,-51.20692825317383
493.793365478,104.63960266113281,-51.440330505371094
493.992584228,104.74202728271484,-51.67333984375
494.141998291,104.8230972290039,-51.86191177368164
494.341217041,104.92646789550781,-52.10047149658203
494.490631103,104.99854278564453,-52.26759338378906
494.640045166,105.07868194580078,-52.453590393066406
494.855865478,105.17723083496094,-52.68379592895508
495.005279541,105.26109313964844,-52.87114715576172
495.204498291,105.36538696289062,-53.10780715942383
495.353912353,105.43700408935547,-53.275123596191406
495.553131103,105.54014587402344,-53.50780487060547
495.702545166,105.62173461914062,-53.69614791870117
495.901763916,105.72547149658203,-53.93455123901367
496.051177978,105.7983169555664,-54.09684371948242
496.250396728,105.90391540527344,-54.33443069458008
496.466217041,106.02056884765625,-54.59555435180664
496.615631103,106.095458984375,-54.75690841674805
496.814849853,106.20297241210938,-54.99061584472656
497.014068603,106.30400848388672,-55.21674346923828
497.213287353,106.41120147705078,-55.453617095947266
497.412506103,106.51446533203125,-55.684749603271484
497.561920166,106.59907531738281,-55.874759674072266
497.761138916,106.7005844116211,-56.10367965698242
497.960357666,106.80248260498047,-56.33991241455078
498.076568603,106.85467529296875,-56.45896530151367
498.275787353,106.96133422851562,-56.69607925415039
498.475006103,107.06806945800781,-56.93315887451172
498.624420166,107.15425109863281,-57.12245178222656
498.823638916,107.26472473144531,-57.35781478881836
498.973052978,107.33861541748047,-57.518131256103516
499.172271728,107.44188690185547,-57.749267578125
499.321685791,107.52516174316406,-57.93687438964844
499.520904541,107.63065338134766,-58.173011779785156
499.670318603,107.70475769042969,-58.33473587036133
499.886138916,107.81851196289062,-58.591064453125
500.035552978,107.87145233154297,-58.75937271118164
500.234771728,107.91035461425781,-59.00498580932617
500.433990478,107.90754699707031,-59.25523376464844
500.583404541,107.88923645019531,-59.45829772949219
500.782623291,107.85967254638672,-59.71661376953125
500.981842041,107.83495330810547,-59.974056243896484
501.131256103,107.82321166992188,-60.151554107666016
501.330474853,107.8204574584961,-60.38652420043945
501.496490478,107.82330322265625,-60.590396881103516
501.645904541,107.82669830322266,-60.79700469970703
501.845123291,107.83092498779297,-61.054237365722656
502.044342041,107.83501434326172,-61.303253173828125
502.193756103,107.8379135131836,-61.47975540161133
502.392974853,107.84042358398438,-61.738372802734375
502.592193603,107.83889770507812,-61.998382568359375
502.741607666,107.83772277832031,-62.2022819519043
502.891021728,107.83673095703125,-62.37744140625
503.040435791,107.83558654785156,-62.5786018371582
503.189849853,107.83451843261719,-62.7606086730957
503.355865478,107.83329772949219,-62.9686164855957
503.505279541,107.8321533203125,-63.169776916503906
503.704498291,107.83065795898438,-63.42704772949219
503.853912353,107.82958984375,-63.60905456542969
504.053131103,107.82809448242188,-63.86632537841797
504.252349853,107.82666015625,-64.11810302734375
504.401763916,107.82546997070312,-64.3233642578125
504.600982666,107.82394409179688,-64.5833740234375
504.800201416,107.82244873046875,-64.84063720703125
504.949615478,107.82225799560547,-65.01577758789062
505.115631103,107.82530212402344,-65.21553039550781
505.314849853,107.82957458496094,-65.4754638671875
505.464263916,107.83294677734375,-65.68067932128906
505.663482666,107.83708190917969,-65.93241882324219
505.862701416,107.84122467041016,-66.18962860107422
506.061920166,107.84039306640625,-66.44963836669922
506.261138916,107.83734130859375,-66.7027816772461
506.410552978,107.83519744873047,-66.88066864013672
506.626373291,107.83341217041016,-67.02918243408203
506.825592041,107.8302993774414,-67.28819274902344
506.975006103,107.828125,-67.46882629394531
507.224029541,107.82636260986328,-67.61531829833984
507.423248291,107.82636260986328,-67.61531829833984
507.622467041,107.82626342773438,-67.6528091430664
507.771881103,107.82626342773438,-67.6528091430664
507.971099853,107.82626342773438,-67.6528091430664
508.170318603,107.82626342773438,-67.6528091430664
508.336334228,107.82626342773438,-67.6528091430664
508.535552978,107.82646942138672,-67.6653060913086
508.734771728,107.83092498779297,-67.89276885986328
508.933990478,107.8522720336914,-68.14769744873047
509.133209228,107.8812484741211,-68.40467834472656
509.332427978,107.90289306640625,-68.66100311279297
509.531646728,107.9161605834961,-68.91242980957031
509.730865478,107.92156219482422,-69.16962432861328
509.930084228,107.91883850097656,-69.42960357666016
510.096099853,107.91156005859375,-69.6249771118164
510.295318603,107.90514373779297,-69.77235412597656
510.494537353,107.89433288574219,-70.03215026855469
510.693756103,107.8904800415039,-70.20459747314453
510.892974853,107.8870849609375,-70.42704010009766
511.092193603,107.88546752929688,-70.68429565429688
511.291412353,107.88720703125,-70.94155883789062
511.440826416,107.8885726928711,-71.1427001953125
511.640045166,107.8902816772461,-71.39447021484375
511.855865478,107.89203643798828,-71.65447998046875
512.055053710,107.89373016357422,-71.90350341796875
512.254272460,107.8954086303711,-72.1497802734375
512.453491210,107.89716339111328,-72.4097900390625
512.602905273,107.89856719970703,-72.6177978515625
512.802124023,107.90030670166016,-72.87506103515625
513.001342773,107.90202331542969,-73.12820434570312
513.100952148,107.90290069580078,-73.25820922851562
513.300170898,107.92030334472656,-73.51464080810547
513.466186523,107.96503448486328,-73.706298828125
513.665405273,108.0137710571289,-73.8295669555664
513.864624023,108.0137710571289,-73.8295669555664
514.063842773,108.0137710571289,-73.8295669555664
514.263061523,108.0137710571289,-73.8295669555664
514.462280273,108.0137710571289,-73.8295669555664
514.661499023,108.0137710571289,-73.8295669555664
514.860717773,108.0121841430664,-73.83334350585938
515.010131835,107.9832992553711,-73.8628158569336
515.225952148,107.7312240600586,-73.95976257324219
515.425170898,107.48789978027344,-73.89694213867188
515.624389648,107.29315948486328,-73.72740936279297
515.773803710,107.18623352050781,-73.58355712890625
515.973022460,107.03498840332031,-73.40404510498047
516.172241210,106.8215103149414,-73.2642822265625
516.371459960,106.5790023803711,-73.23284912109375
516.520874023,106.38184356689453,-73.26387023925781
516.720092773,106.13475036621094,-73.33038330078125
516.886108398,105.93375396728516,-73.38385772705078
517.085327148,105.68219757080078,-73.43032836914062
517.234741210,105.50801849365234,-73.44868469238281
517.433959960,105.25547790527344,-73.4661636352539
517.583374023,105.0517578125,-73.47444152832031
517.782592773,104.79177856445312,-73.47782897949219
517.932006835,104.60980987548828,-73.48110961914062
518.131225585,104.35517883300781,-73.50475311279297
518.330444335,104.10841369628906,-73.55431365966797
518.496459960,103.91104888916016,-73.60548400878906
518.695678710,103.65814971923828,-73.66580200195312
518.894897460,103.40874481201172,-73.70865631103516
519.044311523,103.20854187011719,-73.72807312011719
519.243530273,102.95021057128906,-73.7566146850586
519.442749023,102.69678497314453,-73.81400299072266
519.641967773,102.45540618896484,-73.89028930664062
519.791381835,102.28347778320312,-73.94567108154297
519.990600585,102.03739166259766,-74.0206527709961
520.140014648,101.83776092529297,-74.06816864013672
520.355834960,101.58880615234375,-74.1052474975586
520.505249023,101.38672637939453,-74.11791229248047
520.704467773,101.13507080078125,-74.11272430419922
520.903686523,100.87992095947266,-74.09334564208984
521.102905273,100.64427185058594,-74.07264709472656
521.252319335,100.6321792602539,-74.0716323852539
521.451538085,100.6321792602539,-74.0716323852539
521.600952148,100.59479522705078,-74.06861877441406
521.800170898,100.46309661865234,-74.0596923828125
521.966186523,100.46309661865234,-74.0596923828125
522.115600585,100.3355484008789,-74.05538177490234
522.314819335,100.07719421386719,-74.06510925292969
522.514038085,99.81990814208984,-74.09143829345703
522.713256835,99.5661849975586,-74.11151885986328
522.862670898,99.36528778076172,-74.12165832519531
523.061889648,99.10535430908203,-74.12740325927734
523.261108398,98.84536743164062,-74.12493896484375
523.460327148,98.59504699707031,-74.11820983886719
523.626342773,98.39396667480469,-74.11280822753906
523.825561523,98.13538360595703,-74.10759735107422
524.024780273,97.87810516357422,-74.10774230957031
524.174194335,97.83661651611328,-74.1078109741211
524.373413085,97.60971069335938,-74.10816192626953
524.572631835,97.35243225097656,-74.1085433959961
524.771850585,97.09925079345703,-74.10892486572266
524.971069335,96.84333801269531,-74.10930633544922
525.170288085,96.58332824707031,-74.10968780517578
525.336303710,96.3794174194336,-74.10999298095703
525.435913085,96.25487518310547,-74.11018371582031
525.635131835,95.99486541748047,-74.11056518554688
525.834350585,95.73758697509766,-74.11094665527344
525.983764648,95.53640747070312,-74.11125183105469
526.182983398,95.2832260131836,-74.11163330078125
526.332397460,95.1012191772461,-74.11190032958984
526.531616210,94.8412094116211,-74.1122817993164
526.730834960,94.58666229248047,-74.11266326904297
526.880249023,94.38548278808594,-74.11296844482422
527.029663085,94.20347595214844,-74.11323547363281
527.245483398,93.92019653320312,-74.11365509033203
527.444702148,93.66974639892578,-74.1140365600586
527.643920898,93.41383361816406,-74.11441802978516
527.793334960,93.23182678222656,-74.11468505859375
527.992553710,92.97454833984375,-74.11506652832031
528.191772460,92.81088256835938,-74.11532592773438
528.390991210,92.57987976074219,-74.11567687988281
528.540405273,92.37187194824219,-74.11598205566406
528.756225585,92.1436996459961,-74.1163330078125
528.905639648,91.94388580322266,-74.11663818359375
529.104858398,91.6948013305664,-74.11701965332031
529.254272460,91.51825714111328,-74.1172866821289
529.453491210,91.26097869873047,-74.11766815185547
529.652709960,91.00096893310547,-74.11804962158203
529.851928710,90.74915313720703,-74.1184310913086
530.051147460,90.4973373413086,-74.11881256103516
530.250366210,90.24142456054688,-74.11919403076172
530.416381835,90.03341674804688,-74.11949920654297
530.615600585,89.77886962890625,-74.11988067626953
530.765014648,89.57495880126953,-74.12018585205078
530.964233398,89.31494903564453,-74.12056732177734
531.113647460,89.13567352294922,-74.12083435058594
531.312866210,88.88385772705078,-74.1212158203125
531.512084960,88.63067626953125,-74.12159729003906
531.661499023,88.42266845703125,-74.12190246582031
531.860717773,88.1948471069336,-74.1329116821289
532.076538085,88.1948471069336,-74.1329116821289
532.275756835,88.1948471069336,-74.1329116821289
532.425170898,88.1948471069336,-74.1329116821289
532.624389648,88.06895446777344,-74.14918518066406
532.823608398,87.84103393554688,-74.24343872070312
533.022827148,87.68500518798828,-74.44806671142578
533.222045898,87.62651824951172,-74.6998519897461
533.421264648,87.62975311279297,-74.95965576171875
533.570678710,87.64533996582031,-75.13959503173828
533.769897460,87.6655502319336,-75.39193725585938
533.985717773,87.6600112915039,-75.67488861083984
534.184936523,87.62081909179688,-75.92474365234375
534.384155273,87.55781555175781,-76.13805389404297
534.583374023,87.55718994140625,-76.13994598388672
534.782592773,87.55718994140625,-76.13994598388672
534.981811523,87.55718994140625,-76.13994598388672
535.181030273,87.55718994140625,-76.13994598388672
535.380249023,87.55718994140625,-76.13994598388672
535.546264648,87.55718994140625,-76.13994598388672
535.695678710,87.54265594482422,-76.17831420898438
535.894897460,87.4959945678711,-76.22908020019531
536.094116210,87.26981353759766,-76.30182647705078
536.243530273,87.0684814453125,-76.25801849365234
536.442749023,86.86866760253906,-76.09420776367188
536.592163085,86.75212860107422,-75.95442199707031
536.791381835,86.58231353759766,-75.75756072998047
536.990600585,86.39115142822266,-75.58588409423828
537.189819335,86.17386627197266,-75.45130920410156
537.355834960,85.98992156982422,-75.36670684814453
537.505249023,85.95620727539062,-75.35299682617188
537.704467773,85.95620727539062,-75.35299682617188
537.903686523,85.95620727539062,-75.35299682617188
538.053100585,85.95620727539062,-75.35299682617188
538.252319335,85.8862533569336,-75.3259506225586
538.401733398,85.6924819946289,-75.26266479492188
538.600952148,85.44746398925781,-75.19374084472656
538.800170898,85.20925903320312,-75.13102722167969
538.966186523,85.01639556884766,-75.07888793945312
539.165405273,84.80140686035156,-75.02157592773438
539.364624023,84.79946899414062,-75.02108764648438
539.514038085,84.79946899414062,-75.02108764648438
539.713256835,84.79946899414062,-75.02108764648438
539.862670898,84.79946899414062,-75.02108764648438
540.061889648,84.79946899414062,-75.02108764648438
540.211303710,84.79946899414062,-75.02108764648438
540.360717773,84.66558074951172,-74.99215698242188
540.510131835,84.48894500732422,-74.97183227539062
540.725952148,84.20449829101562,-74.97508239746094
540.875366210,84.02725219726562,-74.99014282226562
541.074584960,83.77494812011719,-75.01073455810547
541.273803710,83.59159088134766,-75.02090454101562
541.473022460,83.59159088134766,-75.02090454101562
541.672241210,83.59159088134766,-75.02090454101562
541.821655273,83.5791015625,-75.021484375
542.020874023,83.33570098876953,-75.02826690673828
542.220092773,83.07569885253906,-75.02754211425781
542.435913085,82.81849670410156,-75.0223388671875
542.635131835,82.56129455566406,-75.01713562011719
542.784545898,82.37834167480469,-75.013427734375
542.983764648,82.118408203125,-75.00816345214844
543.182983398,81.85978698730469,-75.00660705566406
543.332397460,81.68601989746094,-75.008056640625
543.531616210,81.43424987792969,-75.0103759765625
543.730834960,81.17632293701172,-75.02830505371094
543.930053710,80.92113494873047,-75.06071472167969
544.096069335,80.71728515625,-75.10184478759766
544.295288085,80.46752166748047,-75.1689453125
544.494506835,80.21768951416016,-75.23572540283203
544.693725585,79.9623794555664,-75.28474426269531
544.843139648,79.76226806640625,-75.31586456298828
545.042358398,79.51437377929688,-75.3395004272461
545.191772460,79.49018859863281,-75.3414535522461
545.390991210,79.49018859863281,-75.3414535522461
545.590209960,79.49018859863281,-75.3414535522461
545.756225585,79.49018859863281,-75.3414535522461
546.005249023,79.49018859863281,-75.3414535522461
546.154663085,79.49018859863281,-75.3414535522461
546.353881835,79.49018859863281,-75.3414535522461
546.553100585,79.35084533691406,-75.34634399414062
546.752319335,79.10321807861328,-75.30484008789062
546.901733398,78.92329406738281,-75.23200988769531
547.100952148,78.70826721191406,-75.10415649414062
547.300170898,78.5042953491211,-74.96123504638672
547.466186523,78.33137512207031,-74.84563446044922
547.665405273,78.10989379882812,-74.71481323242188
547.814819335,77.94940948486328,-74.62899017333984
548.014038085,77.72059631347656,-74.52086639404297
548.163452148,77.53600311279297,-74.4520263671875
548.362670898,77.29637145996094,-74.37936401367188
548.561889648,77.05374908447266,-74.31736755371094
548.761108398,76.80499267578125,-74.26366424560547
548.910522460,76.62882995605469,-74.23036193847656
549.109741210,76.40933227539062,-74.19404602050781
549.275756835,76.34571838378906,-74.18588256835938
549.474975585,76.09049224853516,-74.16807556152344
549.624389648,75.88259887695312,-74.16140747070312
549.823608398,75.72673797607422,-74.15856170654297
550.022827148,75.46696472167969,-74.14776611328125
550.222045898,75.20756530761719,-74.13018798828125
550.421264648,74.9902572631836,-74.10859680175781
550.620483398,74.98827362060547,-74.10835266113281
550.769897460,74.98827362060547,-74.10835266113281
550.985717773,74.98827362060547,-74.10835266113281
551.135131835,74.98827362060547,-74.10835266113281
551.334350585,74.98827362060547,-74.10835266113281
551.533569335,74.98827362060547,-74.10835266113281
551.732788085,74.98827362060547,-74.10835266113281
551.932006835,74.98827362060547,-74.10835266113281
552.081420898,74.98827362060547,-74.10835266113281
552.280639648,75.08065795898438,-74.01567077636719
552.430053710,75.24383544921875,-73.94799041748047
552.645874023,75.50257110595703,-73.96253967285156
552.845092773,75.74889373779297,-74.04551696777344
553.044311523,75.99483489990234,-74.12522888183594
553.193725585,76.16913604736328,-74.1603775024414
553.442749023,76.4871597290039,-74.17446899414062
553.592163085,76.66883850097656,-74.16377258300781
553.791381835,76.92842102050781,-74.14915466308594
553.940795898,77.13495635986328,-74.14299011230469
554.090209960,77.31009674072266,-74.14143371582031
554.306030273,77.59061431884766,-74.13970184326172
554.405639648,77.71924591064453,-74.13890838623047
554.604858398,77.97925567626953,-74.1373062133789
554.754272460,78.15714263916016,-74.1362075805664
554.953491210,78.41166687011719,-74.13787078857422
555.152709960,78.46765899658203,-74.1384048461914
555.302124023,78.46765899658203,-74.1384048461914
555.451538085,78.46765899658203,-74.1384048461914
555.650756835,78.46765899658203,-74.1384048461914
555.849975585,78.46765899658203,-74.1384048461914
556.015991210,78.46765899658203,-74.1384048461914
556.215209960,78.46765899658203,-74.1384048461914
556.364624023,78.46765899658203,-74.1384048461914
556.563842773,78.4926528930664,-74.13868713378906
556.763061523,78.73702239990234,-74.14627075195312
556.912475585,78.91871643066406,-74.1566390991211
557.111694335,79.16973876953125,-74.1760482788086
557.310913085,79.42488098144531,-74.1954345703125
557.460327148,79.6325912475586,-74.206298828125
557.676147460,79.89112854003906,-74.21248626708984
557.875366210,80.15113830566406,-74.21416473388672
558.074584960,80.39864349365234,-74.21576690673828
558.223999023,80.5816421508789,-74.21695709228516
558.423217773,80.8416519165039,-74.21699523925781
558.622436523,81.08503723144531,-74.2147216796875
558.771850585,81.25179290771484,-74.21316528320312
558.971069335,81.50768280029297,-74.21076965332031
559.170288085,81.75945281982422,-74.20841979980469
559.336303710,81.92310333251953,-74.2068862915039
559.535522460,82.17899322509766,-74.2044906616211
559.734741210,82.43762969970703,-74.20206451416016
559.933959960,82.69763946533203,-74.19962310791016
560.083374023,82.8987808227539,-74.19774627685547
560.282592773,83.15055847167969,-74.19860076904297
560.481811523,83.40644836425781,-74.20025634765625
560.681030273,83.66645812988281,-74.20193481445312
560.830444335,83.84571838378906,-74.20309448242188
561.046264648,84.12211608886719,-74.20488739013672
