timestamp_sec,x,y
1.925601243,77.0999984741211,-6.199999809265137
2.075000762,77.0999984741211,-6.199999809265137
2.274199485,77.0999984741211,-6.199999809265137
2.473398208,77.0999984741211,-6.199999809265137
2.622797250,77.0999984741211,-6.199999809265137
2.821995973,77.0999984741211,-6.199999809265137
3.021194696,77.0999984741211,-6.199999809265137
3.170593738,77.0999984741211,-6.199999809265137
3.336592674,77.0999984741211,-6.199999809265137
3.535791397,77.0999984741211,-6.199999809265137
3.685190439,77.0999984741211,-6.199999809265137
3.884389162,77.0999984741211,-6.199999809265137
4.033788681,77.0999984741211,-6.199999809265137
4.183189868,77.0999984741211,-6.199999809265137
4.382391452,77.0999984741211,-6.199999809265137
4.581593036,77.0999984741211,-6.199999809265137
4.730994224,77.0999984741211,-6.199999809265137
4.930195808,77.0999984741211,-6.199999809265137
5.096197128,77.0999984741211,-6.199999809265137
5.295398712,77.0999984741211,-6.199999809265137
5.494600296,77.0999984741211,-6.199999809265137
5.644001483,77.0999984741211,-6.199999809265137
5.793402671,77.0999984741211,-6.199999809265137
6.042404651,77.0999984741211,-6.199999809265137
6.191805839,77.0999984741211,-6.199999809265137
6.391007423,77.0999984741211,-6.199999809265137
6.540408611,77.0999984741211,-6.199999809265137
6.689809799,77.0999984741211,-6.199999809265137
6.905611515,77.0999984741211,-6.199999809265137
7.055012702,77.0999984741211,-6.199999809265137
7.204413890,77.0999984741211,-6.199999809265137
7.403615474,77.0999984741211,-6.199999809265137
7.602817058,77.0999984741211,-6.199999809265137
7.752218246,77.0999984741211,-6.199999809265137
7.901619434,77.0999984741211,-6.199999809265137
8.100817680,77.0999984741211,-6.199999809265137
8.300013542,77.0999984741211,-6.199999809265137
8.466010093,77.0999984741211,-6.199999809265137
8.615406990,77.0999984741211,-6.199999809265137
8.764803886,77.0999984741211,-6.199999809265137
8.963999748,77.0999984741211,-6.199999809265137
9.113396644,77.0999984741211,-6.199999809265137
9.312592506,77.0999984741211,-6.199999809265137
9.461989402,77.0999984741211,-6.199999809265137
9.611386299,77.0999984741211,-6.199999809265137
9.810582160,77.0999984741211,-6.199999809265137
9.976578712,77.0999984741211,-6.199999809265137
10.125975608,77.0999984741211,-6.199999809265137
10.325171470,77.0999984741211,-6.199999809265137
10.474568367,77.0999984741211,-6.199999809265137
10.673764228,77.0999984741211,-6.199999809265137
10.823161125,77.0999984741211,-6.199999809265137
10.972558021,77.0999984741211,-6.199999809265137
11.121954917,77.0999984741211,-6.199999809265137
11.321150779,77.0999984741211,-6.199999809265137
11.470547676,77.0999984741211,-6.199999809265137
11.636544227,77.0999984741211,-6.199999809265137
11.785941123,77.0999984741211,-6.199999809265137
11.985136985,77.0999984741211,-6.199999809265137
12.134533882,77.0999984741211,-6.199999809265137
12.333729743,77.0999984741211,-6.199999809265137
12.483126640,77.0999984741211,-6.199999809265137
12.632523536,77.0999984741211,-6.199999809265137
12.831719398,77.0999984741211,-6.199999809265137
12.981116294,77.0890884399414,-6.205678939819336
13.180312156,76.91126251220703,-6.20929479598999
13.396107673,76.69120025634766,-6.088101863861084
13.595303535,76.53996276855469,-5.879532814025879
13.794499397,76.42989349365234,-5.648565292358398
13.993695259,76.31591796875,-5.421053886413574
14.192891120,76.17852783203125,-5.2054057121276855
14.392086982,76.05194854736328,-5.0513834953308105
14.591282844,76.05194854736328,-5.0513834953308105
14.790478706,76.05194854736328,-5.0513834953308105
15.006274223,76.05194854736328,-5.0513834953308105
15.205470085,76.05194854736328,-5.0513834953308105
15.404665946,76.05194854736328,-5.0513834953308105
15.603861808,76.05194854736328,-5.0513834953308105
15.803057670,76.01813507080078,-5.045379638671875
16.002254486,75.77670288085938,-5.095999240875244
16.151651382,75.63867950439453,-5.212900161743164
16.301048278,75.54737091064453,-5.397876739501953
16.500244140,75.53517150878906,-5.656665325164795
16.616441726,75.54460144042969,-5.786319255828857
16.815637588,75.57254791259766,-6.040650367736816
16.965034484,75.59664154052734,-6.245854377746582
17.114431381,75.60601806640625,-6.427565574645996
17.313627243,75.58253479003906,-6.686134338378906
17.463024139,75.52996826171875,-6.887203693389893
17.612421035,75.46381378173828,-7.055209636688232
17.811616897,75.35061645507812,-7.289247035980225
17.961013793,75.25657653808594,-7.474784851074219
18.160209655,75.14100646972656,-7.707683086395264
18.326206207,75.05207061767578,-7.895708084106445
18.475603103,74.97774505615234,-8.058835983276367
18.674798965,74.87873840332031,-8.296255111694336
18.824195861,74.85413360595703,-8.359116554260254
18.973592758,74.80314636230469,-8.516422271728516
19.172788619,74.78900909423828,-8.761083602905273
19.322185516,74.82648468017578,-8.965514183044434
19.521381378,74.9024887084961,-9.212664604187012
19.670778274,74.95996856689453,-9.385346412658691
19.820175170,75.02033233642578,-9.580095291137695
19.986171722,75.0721435546875,-9.774433135986328
20.135568618,75.1120376586914,-9.947793006896973
20.334764480,75.15709686279297,-10.20382022857666
20.484161376,75.18626403808594,-10.409762382507324
20.633558273,75.20999145507812,-10.584689140319824
20.782955169,75.23558044433594,-10.782833099365234
20.982151031,75.27701568603516,-11.03392505645752
21.131547927,75.31570434570312,-11.208951950073242
21.280944824,75.3587417602539,-11.409652709960938
21.480140686,75.41001892089844,-11.66454029083252
21.629537582,75.44347381591797,-11.843443870544434
21.795534133,75.4784927368164,-12.047085762023926
21.944931030,75.51496124267578,-12.24769115447998
22.144126892,75.56294250488281,-12.503223419189453
22.293523788,75.59590911865234,-12.682214736938477
22.492719650,75.64453887939453,-12.93205451965332
22.642116546,75.68467712402344,-13.127775192260742
22.791513442,75.72164916992188,-13.303182601928711
22.940910339,75.76278686523438,-13.501484870910645
23.140106201,75.81178283691406,-13.754040718078613
23.306102752,75.84930419921875,-13.958632469177246
23.455499649,75.8803482055664,-14.13379955291748
23.604896545,75.91840362548828,-14.335500717163086
23.754293441,75.95228576660156,-14.511531829833984
23.953489303,75.9991226196289,-14.7672758102417
24.102886199,76.03485107421875,-14.972183227539062
24.252283096,76.06594848632812,-15.151505470275879
24.451478958,76.1121597290039,-15.401806831359863
24.600875854,76.14679718017578,-15.599961280822754
24.750272750,76.17772674560547,-15.779312133789062
24.916269302,76.21627044677734,-15.983701705932617
25.065666198,76.2552490234375,-16.183835983276367
25.215063095,76.29072570800781,-16.35955238342285
25.414258956,76.33814239501953,-16.608232498168945
25.563655853,76.37406158447266,-16.810327529907227
25.762851715,76.42140197753906,-17.06597900390625
25.912248611,76.45381927490234,-17.245075225830078
26.061645507,76.49205780029297,-17.449527740478516
26.211042404,76.52848052978516,-17.625051498413086
26.410238265,76.57833862304688,-17.873258590698242
26.576234817,76.6165771484375,-18.07771110534668
26.725631713,76.65266418457031,-18.278392791748047
26.875028610,76.68299102783203,-18.45368194580078
27.024425506,76.7192611694336,-18.650156021118164
27.173822402,76.75066375732422,-18.815324783325195
27.373018264,76.75357055664062,-18.830551147460938
27.522415161,76.75357055664062,-18.830551147460938
27.721611022,76.75357055664062,-18.830551147460938
27.871007919,76.75357055664062,-18.830551147460938
28.020404815,76.75357055664062,-18.830551147460938
28.169801712,76.75357055664062,-18.830551147460938
28.385597229,76.75357055664062,-18.830551147460938
28.534994125,76.82766723632812,-18.83644676208496
28.734189987,77.06562042236328,-18.74924087524414
28.883586883,77.19550323486328,-18.589231491088867
29.082782745,77.26107788085938,-18.338924407958984
29.331777572,77.27542114257812,-18.02753257751465
29.530973434,77.25475311279297,-17.768404006958008
29.730169296,77.24201202392578,-17.508869171142578
29.896165847,77.26262664794922,-17.302148818969727
29.995763778,77.29193115234375,-17.176931381225586
30.194959640,77.37911987304688,-16.936616897583008
30.443954467,77.52142333984375,-16.63458824157715
30.643150329,77.63746643066406,-16.401927947998047
30.842346191,77.75358581542969,-16.169307708740234
31.041542053,77.86638641357422,-15.93506145477295
31.240737915,77.97256469726562,-15.697735786437988
31.390134811,78.04193115234375,-15.532434463500977
31.605930328,78.15276336669922,-15.268774032592773
31.805126190,78.25476837158203,-15.02960205078125
32.004322052,78.35677337646484,-14.790430068969727
32.203540802,78.45877838134766,-14.551258087158203
32.402759552,78.56078338623047,-14.31208610534668
32.601978302,78.66278839111328,-14.072914123535156
32.801197052,78.7642593383789,-13.837993621826172
33.000415802,78.87409210205078,-13.60234260559082
33.199634552,78.97403717041016,-13.39379596710205
33.415454864,79.08863067626953,-13.139243125915527
33.614673614,79.18866729736328,-12.908182144165039
33.813892364,79.28890228271484,-12.671256065368652
34.013111114,79.39515686035156,-12.433963775634766
34.212329864,79.50086975097656,-12.19942855834961
34.411548614,79.60493469238281,-11.961170196533203
34.610767364,79.70674896240234,-11.73238468170166
34.809986114,79.81366729736328,-11.495400428771973
35.025806427,79.90328979492188,-11.22990894317627
35.225025177,79.94386291503906,-10.980286598205566
35.424243927,79.9560775756836,-10.72059154510498
35.623462677,79.97959899902344,-10.46180534362793
35.822681427,80.05561065673828,-10.216964721679688
36.021900177,80.20329284667969,-10.020079612731934
36.171314239,80.34624481201172,-9.927332878112793
36.370532989,80.59835815429688,-9.869811058044434
36.586353302,80.8797607421875,-9.878669738769531
36.785572052,81.13288879394531,-9.915775299072266
36.934986114,81.31221771240234,-9.946861267089844
37.134204864,81.56242370605469,-9.985367774963379
37.333423614,81.81182861328125,-10.00691032409668
37.482837677,82.015625,-10.012900352478027
37.682056427,82.27288818359375,-10.01436996459961
37.881275177,82.53152465820312,-10.015052795410156
38.030689239,82.70803833007812,-10.015518188476562
38.229907989,82.961181640625,-10.016185760498047
38.445728302,83.24171447753906,-10.016925811767578
38.595142364,83.41960144042969,-10.01739501953125
38.794361114,83.66862487792969,-10.018051147460938
38.993579864,83.92314147949219,-10.018722534179688
39.142993927,84.12429809570312,-10.0184326171875
39.342212677,84.38430786132812,-10.015018463134766
39.541431427,84.6429443359375,-10.011622428894043
39.740650177,84.89334106445312,-10.00833511352539
39.939868927,85.12734985351562,-10.00526237487793
40.105884552,85.3599853515625,-10.00220775604248
40.305103302,85.60626983642578,-10.000139236450195
40.504322052,85.85665893554688,-9.999361991882324
40.703540802,86.11177062988281,-9.98036003112793
40.902759552,86.37066650390625,-9.956881523132324
41.052173614,86.54027557373047,-9.953046798706055
41.251392364,86.78511810302734,-9.960078239440918
41.450611114,87.03958892822266,-9.965113639831543
41.649829864,87.29959869384766,-9.964570045471191
41.815845489,87.50311279296875,-9.975519180297852
42.015064239,87.7488021850586,-10.028083801269531
42.164478302,87.92057800292969,-10.12802505493164
42.313892364,88.04010009765625,-10.264398574829102
42.463306427,88.12684631347656,-10.452871322631836
42.662525177,88.18547058105469,-10.705866813659668
42.811939239,88.20741271972656,-10.882394790649414
42.961353302,88.23114776611328,-11.08352279663086
43.110767364,88.26154327392578,-11.262933731079102
43.260181427,88.31072998046875,-11.464981079101562
43.426197052,88.37506103515625,-11.662731170654297
43.625415802,88.47396087646484,-11.897148132324219
43.774829864,88.55392456054688,-12.06063461303711
43.974048614,88.66749572753906,-12.29450798034668
44.123462677,88.75555419921875,-12.482945442199707
44.322681427,88.86235809326172,-12.719987869262695
44.472095489,88.93299865722656,-12.886209487915039
44.621509552,88.99423217773438,-13.080551147460938
44.770923614,89.0313949584961,-13.258682250976562
44.920337677,89.06661224365234,-13.463676452636719
45.086353302,89.10511016845703,-13.662501335144043
45.285572052,89.16461944580078,-13.908487319946289
45.434986114,89.21936798095703,-14.079170227050781
45.584400177,89.28404998779297,-14.273978233337402
45.783618927,89.35948944091797,-14.5127592086792
45.933032989,89.40852355957031,-14.682332992553711
46.082447052,89.46231079101562,-14.876164436340332
46.231861114,89.50543975830078,-15.051539421081543
46.381275177,89.52810668945312,-15.249665260314941
46.580493927,89.48455047607422,-15.486700057983398
46.729907989,89.404541015625,-15.64050006866455
46.895923614,89.2712631225586,-15.797977447509766
47.045337677,89.11466217041016,-15.925999641418457
47.194751739,89.10005950927734,-15.935637474060059
47.393970489,89.10005950927734,-15.935637474060059
47.593189239,89.10005950927734,-15.935637474060059
47.742603302,89.10005950927734,-15.935637474060059
47.941822052,89.10005950927734,-15.935637474060059
48.091236114,89.10005950927734,-15.935637474060059
48.240650177,89.10005950927734,-15.935637474060059
48.390064239,89.07967376708984,-16.07285499572754
48.605884552,89.1771011352539,-16.326980590820312
48.755298614,89.31536865234375,-16.443729400634766
48.954517364,89.5608139038086,-16.523752212524414
49.103931427,89.7685317993164,-16.531251907348633
49.303150177,90.02432250976562,-16.535749435424805
49.502368927,90.27605438232422,-16.57908821105957
49.651782989,90.4442367553711,-16.636789321899414
49.801197052,90.62360382080078,-16.721389770507812
49.950611114,90.7795639038086,-16.81513214111328
50.100025177,90.9520034790039,-16.931428909301758
50.266040802,91.12239837646484,-17.05070686340332
50.465259552,91.33558654785156,-17.194711685180664
50.614673614,91.48646545410156,-17.2915096282959
50.813892364,91.70712280273438,-17.42371368408203
50.963306427,91.88959503173828,-17.523561477661133
51.112720489,92.0450210571289,-17.604297637939453
51.311939239,92.27569580078125,-17.721254348754883
51.461353302,92.4609146118164,-17.815885543823242
51.610767364,92.62023162841797,-17.895036697387695
51.809986114,92.84857940673828,-18.010499954223633
51.976001739,93.03314971923828,-18.10637092590332
52.175220489,93.26386260986328,-18.22620964050293
52.324634552,93.44862365722656,-18.321714401245117
52.523853302,93.68358612060547,-18.429563522338867
52.673267364,93.85261535644531,-18.493247985839844
52.872486114,94.10018920898438,-18.572616577148438
53.071704864,94.3492431640625,-18.636987686157227
53.270923614,94.59607696533203,-18.693099975585938
53.420337677,94.79344940185547,-18.738529205322266
53.636157989,95.04409790039062,-18.796571731567383
53.785572052,95.24287414550781,-18.847715377807617
53.984790802,95.48773193359375,-18.926607131958008
54.184009552,95.7331771850586,-19.012357711791992
54.383228302,95.97840881347656,-19.098726272583008
54.532642364,96.15008544921875,-19.15914535522461
54.731861114,96.39199829101562,-19.24256706237793
54.881275177,96.46168518066406,-19.266000747680664
55.080493927,96.67060852050781,-19.315345764160156
55.296314239,96.9191665649414,-19.285869598388672
55.495532989,97.15086364746094,-19.188121795654297
55.694751739,97.37825775146484,-19.062091827392578
55.844165802,97.56187438964844,-18.970535278320312
56.043384552,97.79889678955078,-18.874177932739258
56.242603302,98.03736114501953,-18.789262771606445
56.441822052,98.2756576538086,-18.717004776000977
56.641040802,98.52473449707031,-18.66510772705078
56.840259552,98.78247833251953,-18.63133430480957
57.056079864,99.04073333740234,-18.618017196655273
57.255298614,99.29933166503906,-18.614517211914062
57.454517364,99.55928039550781,-18.61918067932129
57.653736114,99.81082153320312,-18.63043785095215
57.852954864,100.06233978271484,-18.64226531982422
58.052173614,100.31951141357422,-18.648469924926758
58.251392364,100.57952117919922,-18.65108299255371
58.450611114,100.83129119873047,-18.653615951538086
58.649829864,101.08580780029297,-18.65617561340332
58.865650177,101.36907196044922,-18.655378341674805
59.015064239,101.54558563232422,-18.654375076293945
59.214282989,101.79598236083984,-18.6529541015625
59.463306427,102.1312484741211,-18.651039123535156
59.662525177,102.3912582397461,-18.649551391601562
59.811939239,102.5677719116211,-18.648548126220703
60.011157989,102.82626342773438,-18.641910552978516
60.210376739,103.0838394165039,-18.60765838623047
60.426197052,103.1641616821289,-18.591224670410156
60.625415802,103.1641616821289,-18.591224670410156
60.824634552,103.1641616821289,-18.591224670410156
60.974048614,103.16552734375,-18.59115982055664
61.173267364,103.18505096435547,-18.596683502197266
61.372486114,103.25325012207031,-18.691823959350586
61.521900177,103.2984619140625,-18.887765884399414
61.721118927,103.27238464355469,-19.14452362060547
61.870532989,103.22862243652344,-19.31546974182129
62.036548614,103.16647338867188,-19.512531280517578
62.235767364,103.09083557128906,-19.761272430419922
62.385181427,103.0368423461914,-19.959299087524414
62.534595489,102.99794006347656,-20.13007926940918
62.733814239,102.95040893554688,-20.375905990600586
62.883228302,102.92220306396484,-20.579214096069336
63.082447052,102.88863372802734,-20.8370304107666
63.231861114,102.86360931396484,-21.015918731689453
63.381275177,102.83602905273438,-21.21656036376953
63.580493927,102.80116271972656,-21.464542388916016
63.729907989,102.77615356445312,-21.63791275024414
63.895923614,102.74482727050781,-21.836612701416016
64.095138549,102.70027923583984,-22.09276580810547
64.244552612,102.6617431640625,-22.297157287597656
64.393966674,102.62715911865234,-22.471651077270508
64.593185424,102.58113098144531,-22.716392517089844
64.742599487,102.55023193359375,-22.913782119750977
64.892013549,102.52327728271484,-23.089624404907227
65.091232299,102.48397064208984,-23.34663200378418
65.240646362,102.45278930664062,-23.552274703979492
65.390060424,102.427001953125,-23.728296279907227
65.556076049,102.40046691894531,-23.923547744750977
65.705490112,102.3725814819336,-24.12690544128418
65.904708862,102.33533477783203,-24.384218215942383
66.054122924,102.30620574951172,-24.563875198364258
66.203536987,102.27368927001953,-24.761001586914062
66.402755737,102.23233795166016,-25.00381851196289
66.552169799,102.20478057861328,-25.176794052124023
66.701583862,102.17256927490234,-25.379514694213867
66.900802612,102.1318130493164,-25.636301040649414
67.050216674,102.10469818115234,-25.813499450683594
67.199630737,102.08069610595703,-25.99390983581543
67.365646362,102.07315826416016,-26.048391342163086
67.564865112,102.07142639160156,-26.06077003479004
67.714279174,102.05501556396484,-26.22643280029297
67.913497924,102.0495834350586,-26.48491096496582
68.062911987,102.05842590332031,-26.685871124267578
68.212326049,102.06660461425781,-26.85947036743164
68.411544799,102.07582092285156,-27.1179256439209
68.560958862,102.07791137695312,-27.325910568237305
68.760177612,102.0794906616211,-27.581798553466797
68.926193237,102.08072662353516,-27.781585693359375
69.075607299,102.08184051513672,-27.96221160888672
69.225021362,102.08312225341797,-28.170204162597656
69.424240112,102.08245849609375,-28.419246673583984
69.573654174,102.07958984375,-28.597118377685547
69.723068237,102.07630157470703,-28.800987243652344
69.822677612,102.07420349121094,-28.930973052978516
69.972091674,102.0712661743164,-29.112953186035156
70.171310424,102.0671615600586,-29.367446899414062
70.320724487,102.0659408569336,-29.568593978881836
70.470138549,102.06612396240234,-29.742380142211914
70.636154174,102.07649993896484,-29.943220138549805
70.835372924,102.10417938232422,-30.201736450195312
70.984786987,102.12410736083984,-30.401899337768555
71.134201049,102.13720703125,-30.575191497802734
71.283615112,102.14778900146484,-30.77880859375
71.482833862,102.1590347290039,-31.026042938232422
71.632247924,102.15921783447266,-31.029035568237305
71.831466674,102.19561004638672,-31.255130767822266
71.980880737,102.29756164550781,-31.426454544067383
72.180099487,102.51347351074219,-31.56573486328125
72.346115112,102.71227264404297,-31.620452880859375
72.545333862,102.96832275390625,-31.64409637451172
72.694747924,103.14441680908203,-31.656505584716797
72.893966674,103.40081024169922,-31.697967529296875
73.093185424,103.64749908447266,-31.779191970825195
73.292404174,103.87635040283203,-31.887222290039062
73.441818237,104.05554962158203,-31.99004364013672
73.641036987,104.27263641357422,-32.12809371948242
73.790451049,104.42314147949219,-32.225486755371094
74.006271362,104.66655731201172,-32.37294387817383
74.205490112,104.8877182006836,-32.490299224853516
74.354904174,105.0469970703125,-32.56640625
74.554122924,105.28069305419922,-32.67060470581055
74.753341674,105.52031707763672,-32.7714958190918
74.952560424,105.75946044921875,-32.87351989746094
75.151779174,105.99853515625,-32.96847152709961
75.301193237,106.18976593017578,-33.039161682128906
75.500411987,106.43474578857422,-33.12628936767578
75.716232299,106.67972564697266,-33.213417053222656
75.915451049,106.922119140625,-33.30359649658203
76.064865112,107.11326599121094,-33.37836837768555
76.264083862,107.34994506835938,-33.471927642822266
76.463302612,107.58512878417969,-33.56187438964844
76.662521362,107.8267822265625,-33.654052734375
76.811935424,107.99124908447266,-33.71430206298828
77.011154174,108.23224639892578,-33.79619216918945
77.210372924,108.4759292602539,-33.87421798706055
77.376388549,108.67387390136719,-33.92854690551758
77.575607299,108.92626953125,-33.99093246459961
77.774826049,109.17526245117188,-34.049991607666016
77.924240112,109.37569427490234,-34.10545349121094
78.123458862,109.61973571777344,-34.18241882324219
78.322677612,109.85357666015625,-34.263458251953125
78.521896362,109.85736083984375,-34.26478576660156
78.671310424,109.85736083984375,-34.26478576660156
78.870529174,109.85736083984375,-34.26478576660156
79.069747924,109.85736083984375,-34.26478576660156
79.285568237,109.98538970947266,-34.29903793334961
79.434982299,110.0710678100586,-34.297183990478516
79.634201049,110.2413330078125,-34.18647766113281
79.833419799,110.35907745361328,-33.957786560058594
80.032638549,110.35888671875,-33.69963073730469
80.231857299,110.29508972167969,-33.44776153564453
80.431076049,110.21871948242188,-33.19922637939453
80.630294799,110.16072082519531,-32.953025817871094
80.796310424,110.14627075195312,-32.745792388916016
80.995529174,110.17647552490234,-32.49203872680664
81.194747924,110.23957061767578,-32.246910095214844
81.393966674,110.2547836303711,-32.19348907470703
81.593185424,110.2547836303711,-32.19348907470703
81.792404174,110.2547836303711,-32.19348907470703
81.941818237,110.2547836303711,-32.19348907470703
82.141036987,110.2646255493164,-32.16804122924805
82.340255737,110.38137817382812,-32.07114028930664
82.506271362,110.57512664794922,-32.02201461791992
82.705490112,110.82737731933594,-32.03730010986328
82.904708862,111.07426452636719,-32.09260177612305
83.103927612,111.32543182373047,-32.159767150878906
83.253341674,111.4998550415039,-32.194618225097656
83.452560424,111.74713134765625,-32.22365188598633
83.651779174,111.99465942382812,-32.22907638549805
83.850997924,112.25453186035156,-32.22047805786133
84.050216674,112.51438903808594,-32.211055755615234
84.266036987,112.79207611083984,-32.20359420776367
84.415451049,112.97403717041016,-32.20052719116211
84.614669799,113.23404693603516,-32.199649810791016
84.813888549,113.48585510253906,-32.200077056884766
85.013107299,113.74300384521484,-32.20740509033203
85.212326049,114.00189971923828,-32.2303466796875
85.411544799,114.25703430175781,-32.27974319458008
85.610763549,114.4108657836914,-32.31996536254883
85.809982299,114.42293548583984,-32.323219299316406
85.975997924,114.61103820800781,-32.35771942138672
86.175216674,114.86723327636719,-32.330894470214844
86.374435424,115.10903930664062,-32.25634765625
86.573654174,115.34942626953125,-32.1727180480957
86.772872924,115.58963012695312,-32.09722900390625
86.972091674,115.83209991455078,-32.02943420410156
87.121505737,116.02836608886719,-31.9794921875
87.320724487,116.2764892578125,-31.916879653930664
87.536544799,116.52769470214844,-31.85000991821289
87.735763549,116.77523803710938,-31.77054214477539
87.934982299,117.02110290527344,-31.68601417541504
88.134201049,117.26299285888672,-31.59453010559082
88.333419799,117.49893188476562,-31.48866081237793
88.532638549,117.73429107666016,-31.37822914123535
88.682052612,117.9041748046875,-31.31024932861328
88.881271362,117.90603637695312,-31.309532165527344
89.130294799,117.90603637695312,-31.309532165527344
89.296310424,117.90603637695312,-31.309532165527344
89.495529174,117.90603637695312,-31.309532165527344
89.644943237,117.90603637695312,-31.309532165527344
89.794357299,118.04561614990234,-31.249757766723633
89.993576049,118.26884460449219,-31.119558334350586
90.192794799,118.47615814208984,-30.965057373046875
90.392013549,118.67115020751953,-30.803607940673828
90.591232299,118.86672973632812,-30.636503219604492
90.790451049,119.06043243408203,-30.47138786315918
91.006271362,119.277099609375,-30.2932071685791
91.155685424,119.30059051513672,-30.274545669555664
91.354904174,119.30059051513672,-30.274545669555664
91.554122924,119.30059051513672,-30.274545669555664
91.753341674,119.30059051513672,-30.274545669555664
91.952560424,119.30059051513672,-30.274545669555664
92.151779174,119.30059051513672,-30.274545669555664
92.350997924,119.30059051513672,-30.274545669555664
92.550216674,119.31037902832031,-30.266769409179688
92.766036987,119.52035522460938,-30.120037078857422
92.965255737,119.7404556274414,-29.98954200744629
93.114669799,119.78909301757812,-29.961795806884766
93.363693237,119.78909301757812,-29.961795806884766
93.562911987,119.78909301757812,-29.961795806884766
93.762130737,119.78909301757812,-29.961795806884766
93.961349487,119.78909301757812,-29.961795806884766
94.110763549,119.78909301757812,-29.961795806884766
94.309982299,119.78909301757812,-29.961795806884766
94.525802612,119.78909301757812,-29.961795806884766
94.725021362,119.78909301757812,-29.961795806884766
94.874435424,119.79463958740234,-29.949295043945312
95.123458862,119.77812957763672,-29.651382446289062
95.272872924,119.6715316772461,-29.505477905273438
95.472091674,119.44503021240234,-29.392127990722656
95.621505737,119.24465942382812,-29.364397048950195
95.820724487,118.99156951904297,-29.361658096313477
95.970138549,118.81513977050781,-29.356935501098633
96.185958862,118.54325103759766,-29.318153381347656
96.335372924,118.37342834472656,-29.265605926513672
96.534591674,118.14036560058594,-29.160215377807617
96.684005737,117.9603500366211,-29.064538955688477
96.883224487,117.7369613647461,-28.9315128326416
97.082443237,117.51611328125,-28.799541473388672
97.281661987,117.29354095458984,-28.676118850708008
97.431076049,117.13300323486328,-28.59954261779785
97.630294799,116.89429473876953,-28.5036563873291
97.796310424,116.70849609375,-28.438016891479492
97.995529174,116.46839141845703,-28.36697769165039
98.144943237,116.33443450927734,-28.329769134521484
98.344161987,116.33443450927734,-28.329769134521484
98.543380737,116.33443450927734,-28.329769134521484
98.692794799,116.33443450927734,-28.329769134521484
98.892013549,116.33443450927734,-28.329769134521484
99.091232299,116.33443450927734,-28.329769134521484
99.240646362,116.33443450927734,-28.329769134521484
99.439865112,116.33443450927734,-28.329769134521484
99.655685424,116.32579803466797,-28.260969161987305
99.854904174,116.41069030761719,-28.037607192993164
100.054122924,116.61751556396484,-27.887617111206055
100.253341674,116.87085723876953,-27.833709716796875
100.452560424,117.13027954101562,-27.816579818725586
100.651779174,117.3852767944336,-27.783933639526367
100.850997924,117.63558197021484,-27.71438980102539
101.050216674,117.8746337890625,-27.612512588500977
101.216232299,118.05529022216797,-27.51802635192871
101.415451049,118.27649688720703,-27.39492416381836
101.614669799,118.497314453125,-27.273910522460938
101.813888549,118.72381591796875,-27.149049758911133
102.013107299,118.95325469970703,-27.026777267456055
102.212326049,119.17958068847656,-26.916507720947266
102.361740112,119.37135314941406,-26.83599281311035
102.560958862,119.61524963378906,-26.745952606201172
102.760177612,119.8616943359375,-26.663101196289062
102.975997924,120.09930419921875,-26.593320846557617
103.175216674,120.34395599365234,-26.539974212646484
103.374435424,120.59850311279297,-26.494287490844727
103.573654174,120.84788513183594,-26.443803787231445
103.772872924,121.09540557861328,-26.36454963684082
103.922286987,121.28229522705078,-26.293930053710938
104.121505737,121.38162994384766,-26.254175186157227
104.370529174,121.38162994384766,-26.254175186157227
104.536544799,121.38162994384766,-26.254175186157227
104.735763549,121.38162994384766,-26.254175186157227
104.934982299,121.38162994384766,-26.254175186157227
105.134201049,121.54188537597656,-26.177091598510742
105.333419799,121.72666931152344,-26.000093460083008
105.532638549,121.7925033569336,-25.755210876464844
105.731857299,121.7799301147461,-25.495800018310547
105.931076049,121.75520324707031,-25.236989974975586
106.080490112,121.75494384765625,-25.029125213623047
106.296310424,121.79138946533203,-24.77195930480957
106.495529174,121.85848999023438,-24.523700714111328
106.694747924,121.9504623413086,-24.28506851196289
106.893966674,122.07035827636719,-24.07175636291504
107.093185424,122.22581481933594,-23.872148513793945
107.292404174,122.3998794555664,-23.686494827270508
107.491622924,122.58840942382812,-23.50754737854004
107.690841674,122.77755737304688,-23.343442916870117
107.840255737,122.92748260498047,-23.207321166992188
108.056076049,123.1051025390625,-23.02701187133789
108.255294799,123.27365112304688,-22.834516525268555
108.454513549,123.44316101074219,-22.637372970581055
108.653732299,123.60469818115234,-22.451435089111328
108.852951049,123.77635955810547,-22.256175994873047
109.002365112,123.91436004638672,-22.100563049316406
109.201583862,124.08470916748047,-21.9151668548584
109.400802612,124.24759674072266,-21.739633560180664
109.550216674,124.37175750732422,-21.606557846069336
109.716232299,124.51274871826172,-21.453643798828125
109.915451049,124.68653869628906,-21.267677307128906
110.114669799,124.85895538330078,-21.086050033569336
110.313888549,125.0326156616211,-20.896257400512695
110.513107299,125.18987274169922,-20.72138023376465
110.712326049,125.21487426757812,-20.693925857543945
110.861740112,125.35566711425781,-20.565074920654297
111.060958862,125.57093048095703,-20.435155868530273
111.260177612,125.8089370727539,-20.330759048461914
111.426193237,126.00128173828125,-20.259111404418945
111.625411987,126.23918151855469,-20.176633834838867
111.824630737,126.47586822509766,-20.094810485839844
112.023849487,126.7192611694336,-20.00736427307129
112.173263549,126.88973236083984,-19.943571090698242
112.422286987,127.20796203613281,-19.8297176361084
112.571701049,127.37551879882812,-19.774141311645508
112.820724487,127.7002944946289,-19.68075180053711
112.970138549,127.87718963623047,-19.63796043395996
113.185958862,128.03384399414062,-19.605398178100586
113.385177612,128.03384399414062,-19.605398178100586
113.584396362,128.03384399414062,-19.605398178100586
113.783615112,128.04330444335938,-19.603960037231445
113.982833862,128.04330444335938,-19.603960037231445
114.182052612,128.09512329101562,-19.686487197875977
114.381271362,128.11016845703125,-19.927282333374023
114.530685424,128.0345001220703,-20.08386993408203
114.680099487,127.88172912597656,-20.21967315673828
114.829513549,127.72472381591797,-20.311622619628906
114.995529174,127.53898620605469,-20.405223846435547
115.194747924,127.31586456298828,-20.52739906311035
115.344161987,127.14811706542969,-20.650156021118164
115.493576049,127.02314758300781,-20.76682472229004
115.692794799,126.8538589477539,-20.96402931213379
115.842208862,126.73194122314453,-21.129152297973633
115.991622924,126.62594604492188,-21.27712059020996
116.141036987,126.50503540039062,-21.446348190307617
116.340255737,126.3521957397461,-21.653282165527344
116.456466674,126.2769775390625,-21.752521514892578
116.655685424,126.1161880493164,-21.95682716369629
116.805099487,125.98783111572266,-22.11699867248535
116.954513549,125.87267303466797,-22.257930755615234
117.103927612,125.74018096923828,-22.418270111083984
117.303146362,125.57408905029297,-22.618297576904297
117.452560424,125.45735931396484,-22.757925033569336
117.601974487,125.37133026123047,-22.85936737060547
117.801193237,125.37133026123047,-22.85936737060547
117.950607299,125.37133026123047,-22.85936737060547
118.100021362,125.37030029296875,-22.86190414428711
118.266036987,125.38755798339844,-22.978132247924805
118.465255737,125.53002166748047,-23.184513092041016
118.664474487,125.76534271240234,-23.28931427001953
118.863693237,126.02404022216797,-23.30463409423828
119.062911987,126.28231811523438,-23.27570343017578
119.262130737,126.53147888183594,-23.230892181396484
119.461349487,126.78268432617188,-23.201194763183594
119.660568237,127.03488159179688,-23.2180233001709
119.809982299,127.21005249023438,-23.255680084228516
120.025802612,127.47219848632812,-23.358531951904297
120.225021362,127.70793914794922,-23.461395263671875
120.424240112,127.95281219482422,-23.548683166503906
120.623458862,128.2024688720703,-23.621305465698242
120.822677612,128.45359802246094,-23.6887149810791
121.021896362,128.6948699951172,-23.750537872314453
121.221115112,128.94192504882812,-23.81187629699707
121.420333862,129.1944122314453,-23.873889923095703
121.586349487,129.3968048095703,-23.921871185302734
121.785568237,129.64425659179688,-23.986860275268555
121.984786987,129.88772583007812,-24.07765007019043
122.184005737,130.11920166015625,-24.195911407470703
122.383224487,130.3388214111328,-24.33485221862793
122.582443237,130.55068969726562,-24.485532760620117
122.781661987,130.7592315673828,-24.63142204284668
122.980880737,130.97015380859375,-24.76384735107422
123.180099487,131.1975860595703,-24.88983917236328
123.346115112,131.38136291503906,-24.987220764160156
123.545333862,131.466552734375,-25.03041648864746
123.794357299,131.466552734375,-25.03041648864746
123.943771362,131.4696502685547,-25.03801918029785
124.142990112,131.46978759765625,-25.256038665771484
124.292404174,131.38983154296875,-25.408933639526367
124.441818237,131.2255859375,-25.533964157104492
124.641036987,130.97589111328125,-25.60260772705078
124.790451049,130.79461669921875,-25.61835479736328
124.956466674,130.5869598388672,-25.629894256591797
125.155685424,130.48077392578125,-25.642993927001953
125.305099487,130.48077392578125,-25.642993927001953
125.504318237,130.48077392578125,-25.642993927001953
125.653732299,130.48077392578125,-25.642993927001953
125.852951049,130.48077392578125,-25.642993927001953
126.002365112,130.48077392578125,-25.642993927001953
126.201583862,130.48077392578125,-25.642993927001953
126.350997924,130.48077392578125,-25.642993927001953
126.550216674,130.48077392578125,-25.642993927001953
126.716232299,130.48077392578125,-25.642993927001953
126.865646362,130.48077392578125,-25.642993927001953
127.064865112,130.48077392578125,-25.642993927001953
127.214279174,130.48077392578125,-25.642993927001953
127.413497924,130.48077392578125,-25.642993927001953
127.562911987,130.48077392578125,-25.642993927001953
127.762130737,130.48077392578125,-25.642993927001953
127.911544799,130.48077392578125,-25.642993927001953
128.110763549,130.48077392578125,-25.642993927001953
128.260177612,130.48077392578125,-25.642993927001953
128.409591674,130.48077392578125,-25.642993927001953
128.625411987,130.48077392578125,-25.642993927001953
128.774826049,130.48077392578125,-25.642993927001953
128.924240112,130.48077392578125,-25.642993927001953
129.123458862,130.48077392578125,-25.642993927001953
129.272872924,130.48077392578125,-25.642993927001953
129.472091674,130.48077392578125,-25.642993927001953
129.521896362,130.48077392578125,-25.642993927001953
129.671310424,130.48077392578125,-25.642993927001953
129.870529174,130.48077392578125,-25.642993927001953
130.036544799,130.48077392578125,-25.642993927001953
130.185958862,130.48077392578125,-25.642993927001953
130.385177612,130.48077392578125,-25.642993927001953
130.534591674,130.48077392578125,-25.642993927001953
130.684005737,130.48077392578125,-25.642993927001953
130.883224487,130.48077392578125,-25.642993927001953
131.032638549,130.48077392578125,-25.642993927001953
131.231857299,130.48077392578125,-25.642993927001953
131.381271362,130.48077392578125,-25.642993927001953
131.580490112,130.48077392578125,-25.642993927001953
131.729904174,130.48077392578125,-25.642993927001953
131.895919799,130.48077392578125,-25.642993927001953
132.045333862,130.48077392578125,-25.642993927001953
132.244552612,130.48077392578125,-25.642993927001953
132.393966674,130.48077392578125,-25.642993927001953
132.593185424,130.48077392578125,-25.642993927001953
132.742599487,130.48077392578125,-25.642993927001953
132.941818237,130.4684295654297,-25.644948959350586
133.091232299,130.3060760498047,-25.68295669555664
133.240646362,130.190673828125,-25.756690979003906
133.390060424,130.0940399169922,-25.90464973449707
133.605880737,130.0644989013672,-26.183937072753906
133.755294799,130.08963012695312,-26.36414337158203
133.954513549,130.1395263671875,-26.619287490844727
134.103927612,130.1800537109375,-26.820476531982422
134.253341674,130.20413208007812,-27.000839233398438
134.452560424,130.20849609375,-27.147171020507812
134.601974487,130.20849609375,-27.147171020507812
134.801193237,130.2081756591797,-27.377357482910156
134.950607299,130.2217254638672,-27.558820724487305
135.149826049,130.26182556152344,-27.815614700317383
135.315841674,130.311279296875,-28.017602920532227
135.515060424,130.3908233642578,-28.260778427124023
135.664474487,130.4561309814453,-28.45247459411621
135.863693237,130.53981018066406,-28.692853927612305
136.062911987,130.62124633789062,-28.936885833740234
136.212326049,130.67544555664062,-29.110618591308594
136.411544799,130.74937438964844,-29.35702896118164
136.560958862,130.8080291748047,-29.55230712890625
136.760177612,130.88645935058594,-29.800195693969727
136.926193237,130.93765258789062,-29.962812423706055
137.125411987,130.93795776367188,-29.96376609802246
137.274826049,130.93795776367188,-29.96376609802246
137.474044799,130.984375,-30.176477432250977
137.623458862,130.98060607910156,-30.38119125366211
137.772872924,130.94497680664062,-30.551185607910156
137.972091674,130.8606414794922,-30.785371780395508
138.121505737,130.77987670898438,-30.972570419311523
138.270919799,130.7069549560547,-31.139305114746094
138.420333862,130.62738037109375,-31.3270206451416
138.586349487,130.55406188964844,-31.51286506652832
138.785568237,130.46510314941406,-31.757160186767578
138.934982299,130.4077606201172,-31.92554473876953
139.084396362,130.34628295898438,-32.124244689941406
139.283615112,130.27304077148438,-32.373687744140625
139.433029174,130.24041748046875,-32.475589752197266
139.632247924,130.24041748046875,-32.475589752197266
139.781661987,130.23643493652344,-32.48744201660156
139.931076049,130.19520568847656,-32.64502716064453
140.130294799,130.18417358398438,-32.901397705078125
140.296310424,130.21099853515625,-33.101959228515625
140.495529174,130.274169921875,-33.3541145324707
140.644943237,130.3352508544922,-33.55294418334961
140.844161987,130.40667724609375,-33.80292892456055
141.043380737,130.46714782714844,-34.055782318115234
141.192794799,130.5044708251953,-34.22972106933594
141.392013549,130.55116271972656,-34.471553802490234
141.541427612,130.5872344970703,-34.66804885864258
141.690841674,130.617431640625,-34.84335708618164
141.890060424,130.66014099121094,-35.0970458984375
142.056076049,130.6997528076172,-35.30123519897461
142.255294799,130.74716186523438,-35.5499153137207
142.404708862,130.76547241210938,-35.647743225097656
142.603927612,130.83404541015625,-35.8777961730957
142.753341674,130.94212341308594,-36.022705078125
142.952560424,131.16944885253906,-36.14552307128906
143.151779174,131.42230224609375,-36.20497512817383
143.350997924,131.67724609375,-36.255943298339844
143.550216674,131.92697143554688,-36.32774353027344
143.716232299,132.11654663085938,-36.40614700317383
143.915451049,132.33201599121094,-36.5280876159668
144.114669799,132.54754638671875,-36.67343521118164
144.313888549,132.7593994140625,-36.824188232421875
144.513107299,132.9694366455078,-36.97032928466797
144.712326049,133.1821746826172,-37.11248016357422
144.911544799,133.2289581298828,-37.143272399902344
145.110763549,133.2289581298828,-37.143272399902344
145.309982299,133.2289581298828,-37.143272399902344
145.475997924,133.2289581298828,-37.143272399902344
145.725021362,133.23831176757812,-37.14508819580078
145.874435424,133.2432403564453,-37.14274215698242
146.073654174,133.33895874023438,-37.01705551147461
146.272872924,133.38345336914062,-36.77383041381836
146.472091674,133.3173065185547,-36.53040313720703
146.671310424,133.21929931640625,-36.29255294799805
146.870529174,133.13760375976562,-36.04582214355469
147.036544799,133.0895538330078,-35.84490203857422
147.235763549,133.05210876464844,-35.59600067138672
147.434982299,133.0292510986328,-35.33840560913086
147.584396362,133.0127410888672,-35.131072998046875
147.783615112,132.9882354736328,-34.87641525268555
147.982833862,132.95388793945312,-34.631126403808594
148.182052612,132.91317749023438,-34.38404083251953
148.381271362,132.8691864013672,-34.13056945800781
148.580490112,132.82687377929688,-33.874046325683594
148.729904174,132.7982635498047,-33.69569778442383
148.945724487,132.7592010498047,-33.41789627075195
149.144943237,132.72535705566406,-33.16010284423828
149.344161987,132.6917266845703,-32.90367126464844
149.443771362,132.67361450195312,-32.77769470214844
149.642990112,132.63595581054688,-32.52735137939453
149.842208862,132.59718322753906,-32.274417877197266
150.041427612,132.5600128173828,-32.01708984375
150.240646362,132.52362060546875,-31.761035919189453
150.456466674,132.48794555664062,-31.513168334960938
150.605880737,132.45985412597656,-31.31398582458496
150.805099487,132.42071533203125,-31.05694580078125
151.004318237,132.38485717773438,-30.799434661865234
151.203536987,132.3506622314453,-30.54445457458496
151.402755737,132.31280517578125,-30.29275894165039
151.552169799,132.28762817382812,-30.112512588500977
151.751388549,132.25389099121094,-29.85747528076172
151.950607299,132.22337341308594,-29.606170654296875
152.149826049,132.18910217285156,-29.356721878051758
152.315841674,132.16305541992188,-29.15312385559082
152.515060424,132.12794494628906,-28.896888732910156
152.714279174,132.0947265625,-28.645923614501953
152.913497924,132.0618438720703,-28.397674560546875
153.112716674,132.0316162109375,-28.146337509155273
153.311935424,132.0003204345703,-27.88823890686035
153.511154174,131.97157287597656,-27.632600784301758
153.660568237,131.9456329345703,-27.434507369995117
153.876388549,131.91148376464844,-27.18644142150879
154.075607299,131.87408447265625,-26.931917190551758
154.225021362,131.84219360351562,-26.726369857788086
154.474044799,131.8004150390625,-26.4227237701416
154.623458862,131.77664184570312,-26.2243595123291
154.822677612,131.74932861328125,-25.965810775756836
155.021896362,131.72283935546875,-25.707176208496094
155.221115112,131.6947784423828,-25.456953048706055
155.420333862,131.66534423828125,-25.208282470703125
155.586349487,131.64112854003906,-25.008596420288086
155.785568237,131.61251831054688,-24.75018310546875
155.984786987,131.58103942871094,-24.49485206604004
156.184005737,131.54844665527344,-24.246572494506836
156.383224487,131.5144500732422,-23.99295425415039
156.532638549,131.49330139160156,-23.812175750732422
156.731857299,131.46421813964844,-23.556556701660156
156.931076049,131.43861389160156,-23.30057144165039
157.130294799,131.40895080566406,-23.049163818359375
157.329513549,131.3831024169922,-22.790454864501953
157.495529174,131.35939025878906,-22.583818435668945
157.694747924,131.33045959472656,-22.335086822509766
157.893966674,131.29962158203125,-22.08106803894043
158.093185424,131.26889038085938,-21.822900772094727
158.292404174,131.2376251220703,-21.568927764892578
158.491622924,131.2091522216797,-21.318761825561523
158.690841674,131.1776580810547,-21.063432693481445
158.840255737,131.1532745361328,-20.856870651245117
159.056076049,131.12661743164062,-20.599620819091797
159.255294799,131.099609375,-20.34378433227539
159.354904174,131.08763122558594,-20.214338302612305
159.504318237,131.06455993652344,-20.007627487182617
159.703536987,131.03518676757812,-19.756187438964844
159.902755737,131.00828552246094,-19.505844116210938
160.101974487,130.9780731201172,-19.250370025634766
160.301193237,130.952392578125,-18.99164390563965
160.500411987,130.92408752441406,-18.737323760986328
160.649826049,130.90818786621094,-18.562891006469727
160.865646362,130.88040161132812,-18.287879943847656
161.064865112,130.85169982910156,-18.029478073120117
161.264083862,130.8229217529297,-17.77521514892578
161.463302612,130.7959442138672,-17.526260375976562
161.662521362,130.7749481201172,-17.273977279663086
161.811935424,130.75747680664062,-17.092815399169922
162.011154174,130.73472595214844,-16.83656883239746
162.210372924,130.7117156982422,-16.588586807250977
162.376388549,130.688232421875,-16.388809204101562
162.575607299,130.66139221191406,-16.13157844543457
162.774826049,130.63235473632812,-15.875960350036621
162.974044799,130.60748291015625,-15.625411033630371
163.173263549,130.58197021484375,-15.372166633605957
163.372482299,130.55718994140625,-15.113358497619629
163.571701049,130.53463745117188,-14.854349136352539
163.770919799,130.5082244873047,-14.602572441101074
163.920333862,130.49151611328125,-14.402115821838379
164.136154174,130.4679718017578,-14.14322280883789
164.335372924,130.4373016357422,-13.889174461364746
164.534591674,130.41221618652344,-13.634513854980469
164.733810424,130.38406372070312,-13.38017463684082
164.933029174,130.36068725585938,-13.121237754821777
165.132247924,130.33595275878906,-12.869297981262207
165.331466674,130.31239318847656,-12.631175994873047
165.530685424,130.30886840820312,-12.589824676513672
165.729904174,130.30886840820312,-12.589824676513672
165.895919799,130.30886840820312,-12.589824676513672
166.144943237,130.30886840820312,-12.589824676513672
166.294357299,130.30886840820312,-12.589824676513672
166.493576049,130.2965850830078,-12.424786567687988
166.692794799,130.2835235595703,-12.165120124816895
166.892013549,130.26773071289062,-11.911089897155762
167.091232299,130.24734497070312,-11.654655456542969
167.290451049,130.21807861328125,-11.39631175994873
167.456466674,130.1904754638672,-11.190176010131836
167.655685424,130.14610290527344,-10.93815803527832
167.854904174,130.10430908203125,-10.689862251281738
168.054122924,130.06480407714844,-10.432883262634277
168.253341674,130.02723693847656,-10.175609588623047
168.452560424,129.9857940673828,-9.923107147216797
168.651779174,129.9332733154297,-9.67408275604248
168.850997924,129.8733367919922,-9.429527282714844
169.050216674,129.81082153320312,-9.184222221374512
169.266036987,129.73939514160156,-8.907289505004883
169.465255737,129.6731719970703,-8.655868530273438
169.664474487,129.60833740234375,-8.406909942626953
169.863693237,129.54409790039062,-8.167899131774902
170.062911987,129.53958129882812,-8.152027130126953
170.262130737,129.53958129882812,-8.152027130126953
170.411544799,129.53759765625,-8.144060134887695
170.610763549,129.5382080078125,-8.130538940429688
170.809982299,129.54501342773438,-8.12044906616211
171.025802612,129.56837463378906,-8.119034767150879
171.225021362,129.7767333984375,-8.19020938873291
171.374435424,129.8888397216797,-8.312308311462402
171.573654174,129.95315551757812,-8.559588432312012
171.723068237,129.9258270263672,-8.7653226852417
171.872482299,129.87818908691406,-8.940954208374023
172.071701049,129.81044006347656,-9.1919584274292
172.221115112,129.77200317382812,-9.396233558654785
172.420333862,129.7747802734375,-9.65147876739502
172.586349487,129.8126220703125,-9.85590648651123
172.785568237,129.88165283203125,-10.099370002746582
172.934982299,129.9416046142578,-10.269773483276367
173.134201049,130.0206756591797,-10.51596736907959
173.283615112,130.06439208984375,-10.714993476867676
173.482833862,130.08641052246094,-10.954716682434082
173.632247924,130.08831787109375,-11.129836082458496
173.781661987,130.08290100097656,-11.332284927368164
173.980880737,130.06869506835938,-11.589144706726074
174.130294799,130.05609130859375,-11.770710945129395
174.296310424,130.04232788085938,-11.97551441192627
174.495529174,130.03140258789062,-12.232535362243652
174.644943237,130.02822875976562,-12.440507888793945
174.794357299,130.02651977539062,-12.622501373291016
174.993576049,130.02423095703125,-12.868806838989258
175.142990112,130.02378845214844,-13.072698593139648
175.292404174,130.02438354492188,-13.250593185424805
175.441818237,130.02511596679688,-13.458593368530273
175.641036987,130.02598571777344,-13.71448802947998
175.790451049,130.0265655517578,-13.891014099121094
175.956466674,130.02723693847656,-14.09354019165039
176.155685424,130.02809143066406,-14.348066329956055
176.305099487,130.02877807617188,-14.551960945129395
176.454513549,130.02935791015625,-14.728487014770508
176.653732299,130.0302276611328,-14.984381675720215
176.803146362,130.03094482421875,-15.19101333618164
176.952560424,130.03158569335938,-15.373013496398926
177.151779174,130.03245544433594,-15.628908157348633
177.301193237,130.03314208984375,-15.832802772521973
177.450607299,130.0337371826172,-16.010696411132812
177.649826049,130.03465270996094,-16.270687103271484
177.815841674,130.03536987304688,-16.477312088012695
177.965255737,130.03604125976562,-16.679834365844727
178.164474487,130.03695678710938,-16.9398250579834
178.313888549,130.03759765625,-17.12181854248047
178.463302612,130.03826904296875,-17.3243408203125
178.662521362,130.03684997558594,-17.5788516998291
178.811935424,130.0311279296875,-17.760757446289062
178.961349487,130.01966857910156,-17.968435287475586
179.160568237,130.00013732910156,-18.222209930419922
179.309982299,129.98681640625,-18.396860122680664
179.376388549,129.98214721679688,-18.47060775756836
179.525802612,129.97296142578125,-18.67292022705078
179.725021362,129.96847534179688,-18.931501388549805
179.874435424,129.9679412841797,-19.10802459716797
180.023849487,129.9673309326172,-19.310546875
180.223068237,129.96656799316406,-19.56780242919922
180.372482299,129.96603393554688,-19.74979591369629
180.521896362,129.96542358398438,-19.9564208984375
180.721115112,129.96466064453125,-20.208206176757812
180.870529174,129.96412658691406,-20.386096954345703
181.036544799,129.96351623535156,-20.59408950805664
181.185958862,129.96290588378906,-20.80071449279785
181.385177612,129.96214294433594,-21.05386734008789
181.534591674,129.96160888671875,-21.23586082458496
181.733810424,129.962890625,-21.495845794677734
181.883224487,129.9654998779297,-21.696985244750977
182.082443237,129.96871948242188,-21.94464874267578
182.231857299,129.9709930419922,-22.11979103088379
182.431076049,129.97430419921875,-22.375659942626953
182.580490112,129.97698974609375,-22.583637237548828
182.796310424,129.980224609375,-22.83266830444336
182.945724487,129.9823455810547,-23.035179138183594
183.095138549,129.98143005371094,-23.217172622680664
183.294357299,129.97975158691406,-23.477163314819336
183.443771362,129.98345947265625,-23.68098258972168
183.642990112,130.00689697265625,-23.931640625
183.792404174,130.02496337890625,-24.109987258911133
183.941818237,130.04104614257812,-24.317359924316406
184.141036987,130.05374145507812,-24.575668334960938
184.290451049,130.05770874023438,-24.752147674560547
184.506271362,130.0559844970703,-25.027179718017578
184.655685424,130.05047607421875,-25.20909881591797
184.805099487,130.04397583007812,-25.414264678955078
185.004318237,130.03610229492188,-25.66320037841797
185.153732299,130.03076171875,-25.839649200439453
185.352951049,130.02870178222656,-26.09825897216797
185.502365112,130.02943420410156,-26.306251525878906
185.701583862,130.0302734375,-26.559404373168945
185.850997924,130.03085327148438,-26.73592758178711
186.050216674,130.03170776367188,-26.990447998046875
186.199630737,130.0323486328125,-27.172441482543945
186.365646362,130.03317260742188,-27.40643310546875
186.564865112,130.0340118408203,-27.65958595275879
186.764083862,130.03492736816406,-27.91957664489746
186.913497924,130.0355682373047,-28.10157012939453
187.112716674,130.03640747070312,-28.35472297668457
187.311935424,130.03726196289062,-28.609243392944336
187.461349487,130.03799438476562,-28.817235946655273
187.610763549,130.03863525390625,-28.999229431152344
187.809982299,130.0395050048828,-29.255117416381836
187.975997924,130.0401611328125,-29.45627212524414
188.175216674,130.04103088378906,-29.703763961791992
188.324630737,130.04107666015625,-29.719263076782227
188.474044799,130.04107666015625,-29.719263076782227
188.673263549,130.04107666015625,-29.719263076782227
188.872482299,130.04107666015625,-29.719263076782227
189.021896362,130.04107666015625,-29.719263076782227
189.221115112,130.04107666015625,-29.719263076782227
189.370529174,130.04107666015625,-29.719263076782227
189.536544799,130.04107666015625,-29.719263076782227
189.735763549,130.04107666015625,-29.719263076782227
189.885177612,130.04107666015625,-29.719263076782227
190.084396362,130.04107666015625,-29.719263076782227
190.233810424,130.04107666015625,-29.719263076782227
190.433029174,130.04107666015625,-29.719263076782227
190.582443237,130.04107666015625,-29.719263076782227
190.781661987,130.04107666015625,-29.719263076782227
190.931076049,130.04107666015625,-29.719263076782227
191.130294799,130.04107666015625,-29.719263076782227
191.296310424,130.04107666015625,-29.719263076782227
191.445724487,130.04107666015625,-29.719263076782227
191.644943237,130.04107666015625,-29.719263076782227
191.794357299,130.04107666015625,-29.719263076782227
191.993576049,130.04107666015625,-29.719263076782227
192.142990112,130.04107666015625,-29.719263076782227
192.342208862,130.04107666015625,-29.719263076782227
192.491622924,130.04107666015625,-29.719263076782227
192.641036987,130.04107666015625,-29.719263076782227
192.790451049,130.04107666015625,-29.719263076782227
192.890060424,130.04107666015625,-29.719263076782227
193.105880737,130.04107666015625,-29.719263076782227
193.255294799,130.04107666015625,-29.719263076782227
193.454513549,130.04107666015625,-29.719263076782227
193.603927612,130.04107666015625,-29.719263076782227
193.803146362,130.04107666015625,-29.719263076782227
193.952560424,130.04107666015625,-29.719263076782227
194.151779174,130.04107666015625,-29.719263076782227
194.301193237,130.04107666015625,-29.719263076782227
194.500411987,130.04107666015625,-29.719263076782227
194.649826049,130.04107666015625,-29.719263076782227
194.865646362,130.04107666015625,-29.719263076782227
195.015060424,130.04107666015625,-29.719263076782227
195.164474487,130.04107666015625,-29.719263076782227
195.313888549,130.04107666015625,-29.719263076782227
195.513107299,130.04107666015625,-29.719263076782227
195.662521362,130.04107666015625,-29.719263076782227
195.811935424,130.04107666015625,-29.719263076782227
195.961349487,130.04107666015625,-29.719263076782227
196.110763549,130.04107666015625,-29.719263076782227
196.309982299,130.04107666015625,-29.719263076782227
196.475997924,130.04107666015625,-29.719263076782227
196.625411987,130.04107666015625,-29.719263076782227
196.824630737,130.04107666015625,-29.719263076782227
196.974044799,130.04107666015625,-29.719263076782227
197.123458862,130.04107666015625,-29.719263076782227
197.322677612,130.04107666015625,-29.719263076782227
197.472091674,130.04107666015625,-29.719263076782227
197.671310424,130.04107666015625,-29.719263076782227
197.820724487,130.04107666015625,-29.719263076782227
197.970138549,130.04107666015625,-29.719263076782227
198.136154174,130.04107666015625,-29.719263076782227
198.335372924,130.04107666015625,-29.719263076782227
198.484786987,130.04107666015625,-29.719263076782227
198.684005737,130.04107666015625,-29.719263076782227
198.833419799,130.04107666015625,-29.719263076782227
199.032638549,130.04107666015625,-29.719263076782227
199.182052612,130.04107666015625,-29.719263076782227
199.281661987,130.04400634765625,-29.756649017333984
199.480880737,130.0590057373047,-30.016206741333008
199.630294799,130.06463623046875,-30.1981143951416
199.829513549,130.06565856933594,-30.448522567749023
199.995529174,130.06082153320312,-30.64824867248535
200.144943237,130.0513153076172,-30.856033325195312
200.344161987,130.03887939453125,-31.114370346069336
200.493576049,130.031494140625,-31.29347801208496
200.692794799,130.0277862548828,-31.546598434448242
200.842208862,130.0276641845703,-31.75459098815918
201.041427612,130.0275115966797,-32.013214111328125
201.190841674,130.02740478515625,-32.18974304199219
201.390060424,130.02725219726562,-32.44016647338867
201.556076049,130.02713012695312,-32.64680480957031
201.705490112,130.02700805664062,-32.85481262207031
201.904708862,130.02685546875,-33.1052360534668
202.054122924,130.02674865722656,-33.28450393676758
202.253341674,130.02659606933594,-33.5404052734375
202.402755737,130.02647399902344,-33.7484130859375
202.601974487,130.0263214111328,-34.00431442260742
202.751388549,130.02621459960938,-34.179473876953125
202.950607299,130.02606201171875,-34.43537521362305
203.100021362,130.02593994140625,-34.64338302612305
203.266036987,130.02581787109375,-34.85002136230469
203.465255737,130.02566528320312,-35.10592269897461
203.614669799,130.0255584716797,-35.28792953491211
203.764083862,130.0254364013672,-35.49593734741211
203.913497924,130.02532958984375,-35.67246627807617
204.112716674,130.02517700195312,-35.922889709472656
204.262130737,130.02505493164062,-36.1295280456543
204.411544799,130.0249481201172,-36.3115348815918
204.560958862,130.0248260498047,-36.51817321777344
204.760177612,130.02467346191406,-36.7658576965332
204.926193237,130.02455139160156,-36.969757080078125
205.075607299,130.02444458007812,-37.150394439697266
205.274826049,130.0242919921875,-37.40766525268555
205.424240112,130.024169921875,-37.61019515991211
205.523849487,130.0240936279297,-37.73746109008789
205.723068237,130.02394104003906,-37.99747085571289
205.872482299,130.02383422851562,-38.17947769165039
206.071701049,130.023681640625,-38.43400955200195
206.221115112,130.0235595703125,-38.637908935546875
206.420333862,130.02340698242188,-38.897918701171875
206.569747924,130.02330017089844,-39.079925537109375
206.785568237,130.02313232421875,-39.36045837402344
206.934982299,130.0230255126953,-39.54109573364258
207.134201049,130.0228729248047,-39.80110549926758
207.283615112,130.0227508544922,-40.00637435913086
207.482833862,130.02259826660156,-40.2581672668457
207.632247924,130.02249145507812,-40.4401741027832
207.831466674,130.0223388671875,-40.7001838684082
207.980880737,130.022216796875,-40.902713775634766
208.180099487,130.02206420898438,-41.15176773071289
208.346115112,130.02194213867188,-41.35703659057617
208.495529174,130.02183532714844,-41.53904342651367
208.694747924,130.0216827392578,-41.792205810546875
208.844161987,130.0215606689453,-41.99473571777344
208.993576049,130.02145385742188,-42.17674255371094
209.192794799,130.02130126953125,-42.43675231933594
209.342208862,130.02117919921875,-42.6392822265625
209.541427612,130.02102661132812,-42.889705657958984
209.690841674,130.0209197998047,-43.06486511230469
209.890060424,130.02076721191406,-43.32487487792969
210.056076049,130.02064514160156,-43.53151321411133
210.205490112,130.02052307128906,-43.73404312133789
210.404708862,130.02037048339844,-43.99405288696289
210.554122924,130.020263671875,-44.17605972290039
210.753341674,130.02369689941406,-44.430564880371094
210.902755737,130.0274658203125,-44.63717269897461
211.101974487,130.03219604492188,-44.89714431762695
211.301193237,130.0369110107422,-45.15574645996094
211.450607299,130.03836059570312,-45.334999084472656
211.649826049,130.02342224121094,-45.588993072509766
211.815841674,129.99411010742188,-45.79072189331055
211.965255737,129.9446258544922,-45.9884147644043
212.164474487,129.85809326171875,-46.2305908203125
212.313888549,129.7833251953125,-46.39649200439453
212.463302612,129.6910858154297,-46.579864501953125
212.612716674,129.60556030273438,-46.74052047729492
212.811935424,129.48329162597656,-46.96532440185547
212.961349487,129.3836212158203,-47.14632034301758
213.110763549,129.29446411132812,-47.30497360229492
213.260177612,129.19439697265625,-47.48732376098633
213.409591674,129.10650634765625,-47.646690368652344
213.625411987,128.9700164794922,-47.8964729309082
213.774826049,128.8858642578125,-48.05320358276367
213.924240112,128.79022216796875,-48.23170852661133
214.073654174,128.70263671875,-48.388118743896484
214.272872924,128.57644653320312,-48.612300872802734
214.422286987,128.47459411621094,-48.79049301147461
214.571701049,128.41282653808594,-48.892784118652344
214.721115112,128.41282653808594,-48.892784118652344
214.920333862,128.41282653808594,-48.892784118652344
215.086349487,128.41282653808594,-48.892784118652344
215.235763549,128.41282653808594,-48.892784118652344
215.434982299,128.41282653808594,-48.892784118652344
215.584396362,128.41282653808594,-48.892784118652344
215.783615112,128.41282653808594,-48.892784118652344
215.933029174,128.41282653808594,-48.892784118652344
216.082443237,128.41282653808594,-48.892784118652344
216.281661987,128.41282653808594,-48.892784118652344
216.431076049,128.41282653808594,-48.892784118652344
216.630294799,128.41282653808594,-48.892784118652344
216.779708862,128.41282653808594,-48.892784118652344
216.945724487,128.41282653808594,-48.892784118652344
217.095138549,128.41282653808594,-48.892784118652344
217.294357299,128.41282653808594,-48.892784118652344
217.443771362,128.41282653808594,-48.892784118652344
217.642990112,128.41282653808594,-48.892784118652344
217.792404174,128.41282653808594,-48.892784118652344
217.941818237,128.35205078125,-49.00029754638672
218.141036987,128.25262451171875,-49.2358512878418
218.290451049,128.198486328125,-49.40671157836914
218.456466674,128.14773559570312,-49.6056022644043
218.655685424,128.0818328857422,-49.85285186767578
218.805099487,128.0214080810547,-50.046119689941406
219.004318237,127.93106842041016,-50.286956787109375
219.153732299,127.86272430419922,-50.45119857788086
219.253341674,127.8113021850586,-50.570594787597656
219.402755737,127.72814178466797,-50.76124572753906
219.601974487,127.62142944335938,-50.9968376159668
219.751388549,127.54678344726562,-51.16282653808594
219.900802612,127.4757080078125,-51.325504302978516
220.100021362,127.4757080078125,-51.325504302978516
220.266036987,127.4757080078125,-51.325504302978516
220.415451049,127.4757080078125,-51.325504302978516
220.614669799,127.4757080078125,-51.325504302978516
220.764083862,127.47303771972656,-51.32609558105469
220.913497924,127.47303771972656,-51.32609558105469
221.112716674,127.416015625,-51.272220611572266
221.262130737,127.33822631835938,-51.096160888671875
221.461349487,127.36490631103516,-50.84307098388672
221.660568237,127.47850799560547,-50.617427825927734
221.859786987,127.60786437988281,-50.422454833984375
222.025802612,127.72197723388672,-50.2183837890625
222.225021362,127.81327056884766,-49.98248291015625
222.424240112,127.87356567382812,-49.7338981628418
222.573654174,127.90442657470703,-49.55453872680664
222.772872924,127.94651794433594,-49.29936218261719
222.972091674,127.99542999267578,-49.04820251464844
223.121505737,128.04727172851562,-48.8496208190918
223.320724487,128.11830139160156,-48.610923767089844
223.470138549,128.1674041748047,-48.44422149658203
223.685958862,128.23980712890625,-48.1802978515625
223.885177612,128.24600219726562,-48.156837463378906
224.084396362,128.24600219726562,-48.156837463378906
224.233810424,128.24600219726562,-48.156837463378906
224.433029174,128.24069213867188,-48.144283294677734
224.632247924,128.14102172851562,-48.107383728027344
224.781661987,127.9505386352539,-48.12278366088867
224.931076049,127.79219055175781,-48.210418701171875
225.080490112,127.65148162841797,-48.362850189208984
225.229904174,127.55217742919922,-48.5103759765625
225.445724487,127.39913177490234,-48.74871063232422
225.595138549,127.29328155517578,-48.8881721496582
225.744552612,127.15322875976562,-49.0418815612793
225.893966674,127.01799774169922,-49.1635856628418
226.043380737,126.85379791259766,-49.291221618652344
226.242599487,126.64375305175781,-49.437286376953125
226.392013549,126.49807739257812,-49.53452682495117
226.541427612,126.32563781738281,-49.65081024169922
226.740646362,126.11308288574219,-49.80052947998047
226.840255737,126.03504943847656,-49.857784271240234
227.006271362,126.03504943847656,-49.857784271240234
227.205490112,126.03504943847656,-49.857784271240234
227.354904174,125.9308090209961,-49.930301666259766
227.504318237,125.75621032714844,-50.03820037841797
227.703536987,125.53298950195312,-50.16608810424805
227.852951049,125.37321472167969,-50.25325012207031
228.052169799,125.14383697509766,-50.37562942504883
228.201583862,124.95967864990234,-50.472286224365234
228.400802612,124.73756408691406,-50.587921142578125
228.550216674,124.57791137695312,-50.675289154052734
228.716232299,124.4032211303711,-50.77777099609375
228.865646362,124.22528839111328,-50.8854866027832
229.064865112,124.00309753417969,-51.01787567138672
229.214279174,123.85301971435547,-51.105525970458984
229.363693237,123.67691802978516,-51.208282470703125
229.562911987,123.45578002929688,-51.337032318115234
229.712326049,123.29763793945312,-51.42711639404297
229.861740112,123.11592102050781,-51.5283088684082
230.011154174,122.9579086303711,-51.61296081542969
230.210372924,122.73200988769531,-51.730194091796875
230.376388549,122.54769897460938,-51.826560974121094
230.525802612,122.36931610107422,-51.92243576049805
230.675216674,122.21133422851562,-52.012718200683594
230.824630737,122.04283142089844,-52.12976837158203
231.023849487,121.84770965576172,-52.301448822021484
231.173263549,121.72695922851562,-52.426387786865234
231.322677612,121.5938491821289,-52.582611083984375
231.521896362,121.43087005615234,-52.781646728515625
231.671310424,121.31423950195312,-52.921363830566406
231.820724487,121.18037414550781,-53.080570220947266
231.970138549,121.06513214111328,-53.221435546875
232.136154174,120.9295425415039,-53.379127502441406
232.285568237,120.89295196533203,-53.41884231567383
232.484786987,120.89295196533203,-53.41884231567383
232.634201049,120.89295196533203,-53.41884231567383
232.833419799,120.89295196533203,-53.41884231567383
232.982833862,120.89295196533203,-53.41884231567383
233.132247924,120.8140869140625,-53.49941635131836
233.331466674,120.61971282958984,-53.67197036743164
233.480880737,120.45746612548828,-53.80211639404297
233.630294799,120.31610870361328,-53.9145622253418
233.796310424,120.1657943725586,-54.03083801269531
233.995529174,120.15618896484375,-54.03825378417969
234.144943237,120.15618896484375,-54.03825378417969
234.294357299,120.15618896484375,-54.03825378417969
234.443771362,120.15618896484375,-54.03825378417969
234.642990112,120.14629364013672,-54.045894622802734
234.792404174,120.01090240478516,-54.158714294433594
234.941818237,119.85725402832031,-54.298885345458984
235.041427612,119.77002716064453,-54.385826110839844
235.240646362,119.63899993896484,-54.52293395996094
235.390060424,119.63899993896484,-54.52293395996094
235.556076049,119.63899993896484,-54.52293395996094
235.705490112,119.63899993896484,-54.52293395996094
235.904708862,119.63899993896484,-54.52293395996094
236.054122924,119.63899993896484,-54.52293395996094
236.253341674,119.63899993896484,-54.52293395996094
236.402755737,119.63899993896484,-54.52293395996094
236.601974487,119.63899993896484,-54.52293395996094
236.751388549,119.63899993896484,-54.52293395996094
236.950607299,119.63899993896484,-54.52293395996094
237.100021362,119.63899993896484,-54.52293395996094
237.249435424,119.57167053222656,-54.598209381103516
237.465255737,119.39220428466797,-54.82087326049805
237.614669799,119.28146362304688,-54.96530532836914
237.813888549,119.1244125366211,-55.172508239746094
237.963302612,118.99908447265625,-55.33850860595703
238.112716674,118.9890365600586,-55.351600646972656
238.311935424,118.9890365600586,-55.351600646972656
238.461349487,118.9890365600586,-55.351600646972656
238.660568237,118.9890365600586,-55.351600646972656
238.809982299,118.9890365600586,-55.351600646972656
238.975997924,118.9890365600586,-55.351600646972656
239.075607299,118.9890365600586,-55.351600646972656
239.175216674,118.9890365600586,-55.351600646972656
239.374435424,118.9890365600586,-55.351600646972656
239.523849487,118.9890365600586,-55.351600646972656
239.723068237,118.9890365600586,-55.351600646972656
239.872482299,118.9890365600586,-55.351600646972656
240.071701049,118.98992919921875,-55.3556022644043
240.221115112,118.99533081054688,-55.36503601074219
240.420333862,119.1636962890625,-55.466064453125
240.636154174,119.40359497070312,-55.48188400268555
240.785568237,119.59752655029297,-55.43048858642578
240.984786987,119.82427978515625,-55.321468353271484
241.184005737,120.05130767822266,-55.19760513305664
241.383224487,120.2833480834961,-55.10067367553711
241.582443237,120.52992248535156,-55.04412841796875
241.781661987,120.77436065673828,-55.01454544067383
241.980880737,120.82276153564453,-55.011234283447266
242.130294799,120.82276153564453,-55.011234283447266
242.346115112,120.82276153564453,-55.011234283447266
242.545333862,120.82276153564453,-55.011234283447266
242.694747924,120.83060455322266,-55.013545989990234
242.893966674,120.84046936035156,-55.022743225097656
243.093185424,120.84906768798828,-55.13147735595703
243.242599487,120.7845458984375,-55.32716369628906
243.441818237,120.59851837158203,-55.49439239501953
243.591232299,120.43577575683594,-55.55447006225586
243.740646362,120.24116516113281,-55.59959030151367
243.890060424,120.06458282470703,-55.6435546875
244.105880737,119.80595397949219,-55.73625946044922
244.255294799,119.64629364013672,-55.81767654418945
244.454513549,119.4344711303711,-55.95842361450195
244.603927612,119.27456665039062,-56.09138870239258
244.753341674,119.14089965820312,-56.206661224365234
244.952560424,118.94432830810547,-56.376808166503906
245.101974487,118.78424072265625,-56.509605407714844
245.251388549,118.64203643798828,-56.62318801879883
245.400802612,118.47600555419922,-56.748451232910156
245.600021362,118.26311492919922,-56.897708892822266
245.766036987,118.09032440185547,-57.01348876953125
245.915451049,117.93860626220703,-57.114009857177734
246.064865112,117.76581573486328,-57.22978973388672
246.264083862,117.60577392578125,-57.34550094604492
246.413497924,117.60496520996094,-57.34608840942383
246.562911987,117.60496520996094,-57.34608840942383
246.762130737,117.59744262695312,-57.352020263671875
246.911544799,117.59744262695312,-57.352020263671875
247.110763549,117.59308624267578,-57.494842529296875
247.260177612,117.67041015625,-57.68001174926758
247.475997924,117.87312316894531,-57.8334846496582
247.675216674,118.11888122558594,-57.897499084472656
247.874435424,118.3675537109375,-57.95108413696289
248.023849487,118.5602035522461,-58.021461486816406
248.223068237,118.77993774414062,-58.14092254638672
248.372482299,118.92720031738281,-58.247825622558594
248.571701049,119.12454986572266,-58.41276550292969
248.770919799,119.31875610351562,-58.58562088012695
248.920333862,119.47681427001953,-58.72081756591797
249.136154174,119.67730712890625,-58.88634490966797
249.335372924,119.87922668457031,-59.04353713989258
249.534591674,120.08844757080078,-59.197872161865234
249.684005737,120.25841522216797,-59.31775665283203
249.883224487,120.46990203857422,-59.46425247192383
250.082443237,120.68367767333984,-59.61224365234375
250.231857299,120.8350601196289,-59.7132682800293
250.381271362,121.00836944580078,-59.82827377319336
250.580490112,121.22323608398438,-59.974647521972656
250.779708862,121.41122436523438,-60.11397933959961
250.995529174,121.64022827148438,-60.28529357910156
251.144943237,121.80982971191406,-60.40570831298828
251.344161987,122.02008056640625,-60.553955078125
251.543380737,122.23339080810547,-60.70262908935547
251.692794799,122.2681655883789,-60.727046966552734
251.892013549,122.2681655883789,-60.727046966552734
252.091232299,122.2681655883789,-60.727046966552734
252.290451049,122.39511108398438,-60.82695770263672
252.456466674,122.53323364257812,-60.98200225830078
252.655685424,122.66520690917969,-61.20567321777344
252.805099487,122.75689697265625,-61.389312744140625
253.004318237,122.8755874633789,-61.61130142211914
253.203536987,123.01953125,-61.8243408203125
253.352951049,123.13203430175781,-61.9673957824707
253.552169799,123.29285430908203,-62.16819381713867
253.751388549,123.45527648925781,-62.37122344970703
253.950607299,123.61738586425781,-62.57450485229492
254.149826049,123.7783203125,-62.77870559692383
254.315841674,123.90757751464844,-62.94166946411133
254.515060424,124.0639877319336,-63.144187927246094
254.714279174,124.18257141113281,-63.3021240234375
254.863693237,124.18316650390625,-63.30292892456055
255.062911987,124.2890853881836,-63.4299201965332
255.262130737,124.50479888916016,-63.57061004638672
255.461349487,124.69326782226562,-63.61195755004883
255.660568237,124.69426727294922,-63.61203384399414
255.809982299,124.69426727294922,-63.61203384399414
256.025787353,124.70655822753906,-63.61210250854492
256.175201416,124.71573638916016,-63.60956954956055
256.374420166,124.78941345214844,-63.5291862487793
256.474029541,124.84263610839844,-63.41543960571289
256.623443603,124.86211395263672,-63.2165641784668
256.822662353,124.78646850585938,-62.97218322753906
256.972076416,124.70463562011719,-62.809627532958984
257.171295166,124.60978698730469,-62.56783676147461
257.320709228,124.56202697753906,-62.365535736083984
257.519927978,124.53607177734375,-62.13856887817383
257.685943603,124.52149200439453,-61.907772064208984
257.885162353,124.51204681396484,-61.647953033447266
258.034576416,124.50444793701172,-61.470218658447266
258.233795166,124.4925308227539,-61.21870803833008
258.433013916,124.47019958496094,-60.966609954833984
258.582427978,124.44418334960938,-60.76023483276367
258.781646728,124.44070434570312,-60.731441497802734
258.980865478,124.44070434570312,-60.731441497802734
259.130279541,124.44070434570312,-60.731441497802734
259.346099853,124.44070434570312,-60.731441497802734
259.495513916,124.4291000366211,-60.60599136352539
259.694732666,124.42376708984375,-60.34613800048828
259.893951416,124.42860412597656,-60.21815490722656
260.043365478,124.42860412597656,-60.21815490722656
260.242584228,124.42860412597656,-60.21815490722656
260.441802978,124.42860412597656,-60.21815490722656
260.591217041,124.42860412597656,-60.21815490722656
260.790435791,124.42860412597656,-60.21815490722656
260.956451416,124.42860412597656,-60.21815490722656
261.155670166,124.42860412597656,-60.21815490722656
261.354888916,124.42969512939453,-60.207271575927734
261.554107666,124.43855285644531,-60.1905403137207
261.753326416,124.6038589477539,-60.10506057739258
261.952545166,124.8618392944336,-60.08298873901367
262.151763916,125.1081314086914,-60.11812973022461
262.350982666,125.36226654052734,-60.173004150390625
262.550201416,125.61170196533203,-60.21583557128906
262.766021728,125.89138793945312,-60.235965728759766
262.965240478,126.147216796875,-60.23242950439453
263.164459228,126.40434265136719,-60.225067138671875
263.363677978,126.65473175048828,-60.221466064453125
263.562896728,126.91336822509766,-60.22294616699219
263.712310791,127.09534454345703,-60.22576904296875
263.911529541,127.34963989257812,-60.23651885986328
264.110748291,127.60087585449219,-60.25320816040039
264.309967041,127.85735321044922,-60.27315902709961
264.525787353,128.14292907714844,-60.2885856628418
264.725006103,128.39273071289062,-60.305545806884766
264.874420166,128.572998046875,-60.330509185791016
265.073638916,128.821044921875,-60.38082504272461
265.272857666,129.07130432128906,-60.44026184082031
265.472076416,129.32000732421875,-60.494205474853516
265.621490478,129.5204315185547,-60.52309036254883
265.820709228,129.76974487304688,-60.54683303833008
266.036529541,130.0212860107422,-60.575199127197266
266.235748291,130.2589111328125,-60.62160873413086
266.385162353,130.45619201660156,-60.678199768066406
266.534576416,130.6260528564453,-60.739601135253906
266.733795166,130.87049865722656,-60.8281135559082
266.933013916,131.1216583251953,-60.89476013183594
267.082427978,131.28265380859375,-60.92411804199219
267.281646728,131.28265380859375,-60.92411804199219
267.480865478,131.28265380859375,-60.92411804199219
267.680084228,131.28265380859375,-60.92411804199219
267.846099853,131.28265380859375,-60.92411804199219
268.045318603,131.4438018798828,-60.96116256713867
268.244537353,131.65721130371094,-61.086856842041016
268.443756103,131.77259826660156,-61.311344146728516
268.593170166,131.77633666992188,-61.49264907836914
268.792388916,131.7286376953125,-61.74808883666992
268.991607666,131.66921997070312,-62.00119400024414
269.141021728,131.63331604003906,-62.20319366455078
269.340240478,131.63035583496094,-62.45855712890625
269.506256103,131.6634063720703,-62.663780212402344
269.705474853,131.74012756347656,-62.91196060180664
269.854888916,131.81016540527344,-63.07991409301758
270.054107666,131.91348266601562,-63.315521240234375
270.203521728,131.98854064941406,-63.503597259521484
270.402740478,132.07574462890625,-63.74561309814453
270.601959228,132.15682983398438,-63.99262619018555
270.751373291,132.207275390625,-64.1675033569336
270.950592041,132.2794189453125,-64.41443634033203
271.100006103,132.33880615234375,-64.61090850830078
271.315826416,132.41563415527344,-64.85643005371094
271.465240478,132.4744873046875,-65.05022430419922
271.664459228,132.54800415039062,-65.29531860351562
271.863677978,132.62681579589844,-65.54308319091797
272.062896728,132.7099151611328,-65.78943634033203
272.262115478,132.79620361328125,-66.03472137451172
272.411529541,132.85594177246094,-66.2066421508789
272.610748291,132.94265747070312,-66.44884490966797
272.809967041,133.0279541015625,-66.69155883789062
272.975982666,133.0963134765625,-66.88803100585938
273.175201416,133.18109130859375,-67.13240051269531
273.374420166,133.25953674316406,-67.37308502197266
273.523834228,133.3215789794922,-67.56731414794922
273.772857666,133.4158477783203,-67.85755920410156
273.922271728,133.4798126220703,-68.04540252685547
274.121490478,133.5601806640625,-68.28545379638672
274.320709228,133.63819885253906,-68.52052307128906
274.470123291,133.69395446777344,-68.689453125
274.636138916,133.75828552246094,-68.88436889648438
274.835357666,133.8395538330078,-69.12702178955078
274.984771728,133.90748596191406,-69.32073974609375
275.183990478,133.9777374267578,-69.5186767578125
275.383209228,133.9780731201172,-69.51962280273438
275.582427978,133.9780731201172,-69.51962280273438
275.731842041,133.9780731201172,-69.51962280273438
275.931060791,133.9780731201172,-69.51962280273438
276.130279541,133.9780731201172,-69.51962280273438
276.346099853,133.9780731201172,-69.51962280273438
276.395904541,133.9780731201172,-69.51962280273438
276.595123291,133.9780731201172,-69.51962280273438
276.744537353,133.94003295898438,-69.5546875
276.893951416,133.82247924804688,-69.594970703125
277.043365478,133.61672973632812,-69.58354949951172
277.192779541,133.45306396484375,-69.50529479980469
277.342193603,133.29013061523438,-69.37638092041016
277.491607666,133.16140747070312,-69.25163269042969
277.690826416,132.9800262451172,-69.06727600097656
277.840240478,132.8288116455078,-68.934814453125
278.006256103,132.65869140625,-68.82019805908203
278.155670166,132.499755859375,-68.73736572265625
278.305084228,132.31503295898438,-68.6578369140625
278.454498291,132.14561462402344,-68.59523010253906
278.653717041,131.90460205078125,-68.50930786132812
278.803131103,131.71153259277344,-68.44815063476562
278.952545166,131.54202270507812,-68.39893341064453
279.101959228,131.34634399414062,-68.34672546386719
279.301177978,131.10498046875,-68.28517150878906
279.450592041,130.9337158203125,-68.24234008789062
279.600006103,130.73155212402344,-68.19981384277344
279.766021728,130.52540588378906,-68.17232513427734
279.915435791,130.34788513183594,-68.16130065917969
280.064849853,130.14263916015625,-68.15868377685547
280.264068603,130.10011291503906,-68.15880584716797
280.413482666,130.10011291503906,-68.15880584716797
280.562896728,130.10011291503906,-68.15880584716797
280.712310791,130.10011291503906,-68.15880584716797
280.861724853,130.10011291503906,-68.15880584716797
281.060943603,130.08917236328125,-68.15943908691406
281.210357666,130.08917236328125,-68.15943908691406
281.359771728,130.04708862304688,-68.19818878173828
281.509185791,129.9628143310547,-68.3781509399414
281.725006103,129.9510040283203,-68.64997863769531
281.874420166,129.9840545654297,-68.82609558105469
282.073638916,130.0491943359375,-69.0777816772461
282.272857666,130.1043701171875,-69.32476043701172
282.422271728,130.13140869140625,-69.52127838134766
282.621490478,130.14414978027344,-69.77127838134766
282.770904541,130.14231872558594,-69.94778442382812
282.970123291,130.1326904296875,-70.20758819580078
283.136138916,130.12042236328125,-70.41387176513672
283.335357666,130.10508728027344,-70.66659545898438
283.484771728,130.0954132080078,-70.87435913085938
283.683990478,130.0906982421875,-71.13430786132812
283.883209228,130.09054565429688,-71.38612365722656
284.032623291,130.09043884277344,-71.56403350830078
284.182037353,130.09031677246094,-71.77067565917969
284.381256103,130.08990478515625,-72.03068542480469
284.580474853,130.08375549316406,-72.28375244140625
284.729888916,130.07469177246094,-72.46004486083984
284.945709228,130.0543975830078,-72.74259185791016
285.095123291,130.04150390625,-72.92140197753906
285.294342041,130.02891540527344,-73.17423248291016
285.443756103,130.01893615722656,-73.37513732910156
285.642974853,129.9988250732422,-73.63021850585938
285.792388916,129.9740447998047,-73.81049346923828
285.991607666,129.9109649658203,-74.06245422363281
286.141021728,129.83657836914062,-74.25371551513672
286.290435791,129.76031494140625,-74.41592407226562
286.506256103,129.63368225097656,-74.66468811035156
286.655670166,129.5485076904297,-74.82550811767578
286.805084228,129.4495391845703,-75.0053482055664
287.004302978,129.33074951171875,-75.21466064453125
287.153717041,129.323486328125,-75.22721099853516
287.303131103,129.323486328125,-75.22721099853516
287.502349853,129.323486328125,-75.22721099853516
287.651763916,129.323486328125,-75.22721099853516
287.850982666,129.323486328125,-75.22721099853516
288.000396728,129.29696655273438,-75.26868438720703
288.199615478,129.2476806640625,-75.3132553100586
288.315826416,129.1168670654297,-75.3515396118164
288.515045166,128.8722381591797,-75.30865478515625
288.664459228,128.71246337890625,-75.17961883544922
288.813873291,128.63165283203125,-75.07533264160156
289.013092041,128.63108825683594,-75.07450866699219
289.162506103,128.63108825683594,-75.07450866699219
289.361724853,128.63108825683594,-75.07450866699219
289.560943603,128.63108825683594,-75.07450866699219
289.710357666,128.63108825683594,-75.07450866699219
289.876373291,128.63108825683594,-75.07450866699219
290.075592041,128.63108825683594,-75.07450866699219
290.225006103,128.63108825683594,-75.07450866699219
290.424224853,128.63108825683594,-75.07450866699219
290.573638916,128.63108825683594,-75.07450866699219
290.772857666,128.63108825683594,-75.07450866699219
290.922271728,128.63108825683594,-75.07450866699219
291.121490478,128.63108825683594,-75.07450866699219
291.270904541,128.63108825683594,-75.07450866699219
291.470123291,128.63108825683594,-75.07450866699219
291.586334228,128.63108825683594,-75.07450866699219
291.785552978,128.63108825683594,-75.07450866699219
291.934967041,128.63108825683594,-75.07450866699219
292.134185791,128.63108825683594,-75.07450866699219
292.283599853,128.63108825683594,-75.07450866699219
292.433013916,128.63108825683594,-75.07450866699219
292.632232666,128.63108825683594,-75.07450866699219
292.781646728,128.63108825683594,-75.07450866699219
292.931060791,128.63108825683594,-75.07450866699219
293.130279541,128.63108825683594,-75.07450866699219
293.296295166,128.63108825683594,-75.07450866699219
293.445709228,128.63108825683594,-75.07450866699219
293.644927978,128.63108825683594,-75.07450866699219
293.794342041,128.63108825683594,-75.07450866699219
293.943756103,128.63108825683594,-75.07450866699219
294.142974853,128.63108825683594,-75.07450866699219
294.342193603,128.63108825683594,-75.07450866699219
294.491607666,128.63108825683594,-75.07450866699219
294.641021728,128.63108825683594,-75.07450866699219
294.840240478,128.63108825683594,-75.07450866699219
295.006256103,128.63108825683594,-75.07450866699219
295.155670166,128.63108825683594,-75.07450866699219
295.354888916,128.63108825683594,-75.07450866699219
295.504302978,128.63108825683594,-75.07450866699219
295.703521728,128.63108825683594,-75.07450866699219
295.852935791,128.63108825683594,-75.07450866699219
296.002349853,128.63108825683594,-75.07450866699219
296.201568603,128.63108825683594,-75.07450866699219
296.350982666,128.63108825683594,-75.07450866699219
296.450592041,128.59542846679688,-75.0260238647461
296.600006103,128.51242065429688,-74.9559097290039
296.716217041,128.40028381347656,-74.917236328125
296.915435791,128.14907836914062,-74.94147491455078
297.064849853,127.98280334472656,-75.05728912353516
297.214263916,127.86591339111328,-75.19649505615234
297.413482666,127.7154312133789,-75.40851593017578
297.562896728,127.63838958740234,-75.50758361816406
297.762115478,127.63838958740234,-75.50758361816406
297.911529541,127.63838958740234,-75.50758361816406
298.110748291,127.63838958740234,-75.50758361816406
298.260162353,127.63838958740234,-75.50758361816406
298.426177978,127.63838958740234,-75.50758361816406
298.625396728,127.63838958740234,-75.50758361816406
298.824615478,127.63838958740234,-75.50758361816406
298.974029541,127.59954833984375,-75.54991149902344
299.173248291,127.48462677001953,-75.60599517822266
299.322662353,127.29634094238281,-75.61140441894531
299.472076416,127.19696044921875,-75.57549285888672
299.621490478,127.19696044921875,-75.57549285888672
299.770904541,127.19696044921875,-75.57549285888672
299.970123291,127.19696044921875,-75.57549285888672
300.136138916,127.19696044921875,-75.57549285888672
300.285552978,127.19696044921875,-75.57549285888672
300.434967041,127.19696044921875,-75.57549285888672
300.634185791,127.19696044921875,-75.57549285888672
300.783599853,127.19696044921875,-75.57549285888672
300.933013916,127.19696044921875,-75.57549285888672
301.132232666,127.19696044921875,-75.57549285888672
301.281646728,127.19696044921875,-75.57549285888672
301.480865478,127.05931854248047,-75.46913146972656
301.630279541,126.90341186523438,-75.40459442138672
301.779693603,126.72953796386719,-75.40762329101562
301.995513916,126.48906707763672,-75.54663848876953
302.144927978,126.3738021850586,-75.71228790283203
302.344146728,126.27277374267578,-75.9502944946289
302.543365478,126.1520004272461,-76.17993927001953
302.692779541,126.03917694091797,-76.30998229980469
302.891998291,125.83750915527344,-76.45988464355469
303.041412353,125.65617370605469,-76.55590057373047
303.190826416,125.49080657958984,-76.62852478027344
303.390045166,125.25003814697266,-76.72663879394531
303.556060791,125.05901336669922,-76.805419921875
303.705474853,124.86898040771484,-76.88992309570312
303.904693603,124.64270782470703,-77.00941467285156
304.054107666,124.48773193359375,-77.09676361083984
304.203521728,124.30703735351562,-77.19979095458984
304.402740478,124.08368682861328,-77.3246841430664
304.552154541,123.93646240234375,-77.4062728881836
304.701568603,123.75668334960938,-77.50533294677734
304.900787353,123.52741241455078,-77.62794494628906
305.050201416,123.37055206298828,-77.72020721435547
305.216217041,123.19384002685547,-77.8299331665039
305.415435791,122.97917175292969,-77.96412658691406
305.564849853,122.80036163330078,-78.06763458251953
305.764068603,122.629638671875,-78.1554946899414
305.913482666,122.62873840332031,-78.15593719482422
306.112701416,122.62873840332031,-78.15593719482422
306.262115478,122.62873840332031,-78.15593719482422
306.461334228,122.62873840332031,-78.15593719482422
306.610748291,122.49375915527344,-78.22026062011719
306.760162353,122.30440521240234,-78.30635070800781
306.909576416,122.13922882080078,-78.38278198242188
307.125396728,121.88339233398438,-78.50436401367188
307.274810791,121.72515106201172,-78.58258819580078
307.424224853,121.54505920410156,-78.67523956298828
307.623443603,121.37068939208984,-78.76502227783203
307.772857666,121.36979675292969,-78.76547241210938
307.972076416,121.36979675292969,-78.76547241210938
308.121490478,121.36979675292969,-78.76547241210938
308.320709228,121.23027801513672,-78.84635162353516
308.470123291,121.10372924804688,-78.97191619873047
308.685943603,121.03184509277344,-79.2406234741211
308.835357666,121.07758331298828,-79.4158935546875
309.034576416,121.20301818847656,-79.64337921142578
309.233795166,121.31770324707031,-79.876220703125
309.433013916,121.36678314208984,-80.12628936767578
309.582427978,121.34456634521484,-80.3326416015625
309.781646728,121.27808380126953,-80.57968139648438
309.931060791,121.23057556152344,-80.74826049804688
310.130279541,121.17523193359375,-81.00221252441406
310.346099853,121.15457153320312,-81.1472396850586
310.495513916,121.15457153320312,-81.1472396850586
310.694732666,121.15457153320312,-81.1472396850586
310.844146728,121.15457153320312,-81.1472396850586
311.043365478,121.12596130371094,-81.31017303466797
311.242584228,121.0406723022461,-81.55375671386719
311.441802978,120.91124725341797,-81.77737426757812
311.591217041,120.80735778808594,-81.92680358886719
311.790435791,120.68270111083984,-82.09234619140625
311.956451416,120.68148040771484,-82.09391784667969
312.155670166,120.68148040771484,-82.09391784667969
312.354888916,120.68148040771484,-82.09391784667969
312.554107666,120.68148040771484,-82.09391784667969
312.703521728,120.68148040771484,-82.09391784667969
312.902740478,120.68148040771484,-82.09391784667969
313.002349853,120.68148040771484,-82.09391784667969
313.201568603,120.68148040771484,-82.09391784667969
313.400787353,120.68148040771484,-82.09391784667969
313.550201416,120.68148040771484,-82.09391784667969
313.766021728,120.56636810302734,-82.23095703125
313.915435791,120.44031524658203,-82.36219787597656
314.064849853,120.28632354736328,-82.501953125
314.264068603,120.08355712890625,-82.66456604003906
314.463287353,119.87899017333984,-82.81370544433594
314.662506103,119.6776123046875,-82.96025085449219
314.811920166,119.53759002685547,-83.06550598144531
315.011138916,119.33660888671875,-83.22605895996094
315.160552978,119.17570495605469,-83.35789489746094
315.309967041,119.07521057128906,-83.44347381591797
315.525787353,119.07369995117188,-83.44478607177734
315.725006103,119.07369995117188,-83.44478607177734
315.874420166,119.07369995117188,-83.44478607177734
316.073638916,119.07369995117188,-83.44478607177734
316.223052978,119.07369995117188,-83.44478607177734
316.322662353,119.07063293457031,-83.447509765625
316.521881103,119.06702423095703,-83.45162200927734
316.671295166,119.0663833618164,-83.46110534667969
316.870513916,119.0838851928711,-83.49784088134766
317.086334228,119.21381378173828,-83.57644653320312
317.285552978,119.45948791503906,-83.57855987548828
317.434967041,119.62049102783203,-83.50459289550781
317.634185791,119.82547760009766,-83.34495544433594
317.833404541,120.0339584350586,-83.18987274169922
317.982818603,120.21638488769531,-83.09040069580078
318.182037353,120.46134948730469,-83.00379180908203
318.381256103,120.61355590820312,-82.96431732177734
318.580474853,120.61355590820312,-82.96431732177734
318.796295166,120.61355590820312,-82.96431732177734
318.995513916,120.61355590820312,-82.96431732177734
319.144927978,120.61355590820312,-82.96431732177734
319.344146728,120.61355590820312,-82.96431732177734
319.543365478,120.61355590820312,-82.96431732177734
319.742584228,120.61355590820312,-82.96431732177734
319.941802978,120.61355590820312,-82.96431732177734
320.141021728,120.72442626953125,-82.9442367553711
320.340240478,120.80245971679688,-82.9525146484375
320.556060791,120.9141616821289,-83.06734466552734
320.755279541,120.98245239257812,-83.3145751953125
320.904693603,120.95059204101562,-83.51953125
321.103912353,120.86994934082031,-83.76663970947266
321.303131103,120.79779052734375,-84.01625061035156
321.452545166,120.76993560791016,-84.19601440429688
321.701568603,120.78548431396484,-84.52310943603516
321.850982666,120.82481384277344,-84.69651794433594
322.050201416,120.90254974365234,-84.93883514404297
322.249420166,120.98372650146484,-85.18006896972656
322.415435791,121.04442596435547,-85.37757873535156
322.614654541,121.10942077636719,-85.6292953491211
322.813873291,121.1669921875,-85.88282012939453
322.963287353,121.20820617675781,-86.0866928100586
323.162506103,121.25679779052734,-86.33654022216797
323.311920166,121.29244995117188,-86.51082611083984
323.511138916,121.34941101074219,-86.76309204101562
323.710357666,121.40843963623047,-87.01630401611328
323.876373291,121.45191192626953,-87.19407653808594
324.075592041,121.45264434814453,-87.19698333740234
324.274810791,121.45264434814453,-87.19698333740234
324.474029541,121.45264434814453,-87.19698333740234
324.673248291,121.45264434814453,-87.19698333740234
324.822662353,121.48616790771484,-87.35901641845703
325.021881103,121.52594757080078,-87.6117935180664
325.221099853,121.56564331054688,-87.86872863769531
325.420318603,121.62196350097656,-88.11824798583984
325.586334228,121.67935180664062,-88.31814575195312
325.785552978,121.75273895263672,-88.56468963623047
325.934967041,121.81108093261719,-88.73419189453125
326.134185791,121.89490509033203,-88.96871185302734
326.333404541,121.97712707519531,-89.19925689697266
326.532623291,121.98235321044922,-89.2138442993164
326.682037353,122.04470825195312,-89.3617935180664
326.881256103,122.18296813964844,-89.57658386230469
327.030670166,122.29906463623047,-89.70946502685547
327.229888916,122.47897338867188,-89.8855972290039
327.445709228,122.67757415771484,-90.07786560058594
327.595123291,122.80081939697266,-90.20423126220703
327.794342041,122.97129821777344,-90.39681243896484
327.993560791,122.98648071289062,-90.41573333740234
328.192779541,122.98648071289062,-90.41573333740234
328.342193603,122.98648071289062,-90.41573333740234
328.541412353,122.98648071289062,-90.41573333740234
328.740631103,122.98648071289062,-90.41573333740234
328.890045166,122.98648071289062,-90.41573333740234
329.105865478,122.98648071289062,-90.41573333740234
329.305084228,122.98648071289062,-90.41573333740234
329.504302978,123.10101318359375,-90.53950500488281
329.703521728,123.32410430908203,-90.65544891357422
329.902740478,123.57421112060547,-90.63005065917969
330.052154541,123.70696258544922,-90.56336975097656
330.251373291,123.70948791503906,-90.56175231933594
330.450592041,123.70948791503906,-90.56175231933594
330.649810791,123.70948791503906,-90.56175231933594
330.865631103,123.70948791503906,-90.56175231933594
331.064849853,123.70948791503906,-90.56175231933594
331.264068603,123.70948791503906,-90.56175231933594
331.463287353,123.70948791503906,-90.56175231933594
331.612701416,123.70948791503906,-90.56175231933594
331.811920166,123.70948791503906,-90.56175231933594
332.011138916,123.70948791503906,-90.56175231933594
332.210357666,123.70948791503906,-90.56175231933594
332.376373291,123.8160629272461,-90.49797058105469
332.625396728,124.10941314697266,-90.41934967041016
332.774810791,124.12490844726562,-90.41909790039062
332.974029541,124.12490844726562,-90.41909790039062
333.173248291,124.12490844726562,-90.41909790039062
333.372467041,124.12490844726562,-90.41909790039062
333.571685791,124.12490844726562,-90.41909790039062
333.770904541,124.12490844726562,-90.41909790039062
333.970123291,124.12490844726562,-90.41909790039062
334.185943603,124.12490844726562,-90.41909790039062
334.385162353,124.12490844726562,-90.41909790039062
334.584381103,124.12490844726562,-90.41909790039062
334.783599853,124.12490844726562,-90.41909790039062
334.982818603,124.12490844726562,-90.41909790039062
335.182037353,124.12490844726562,-90.41909790039062
335.381256103,124.12490844726562,-90.41909790039062
335.580474853,124.12490844726562,-90.41909790039062
335.779693603,124.12490844726562,-90.41909790039062
335.995513916,124.12490844726562,-90.41909790039062
336.194732666,124.12490844726562,-90.41909790039062
336.294342041,124.22885131835938,-90.41952514648438
336.443756103,124.42414855957031,-90.3714370727539
336.642974853,124.60100555419922,-90.20134735107422
336.842193603,124.68073272705078,-89.95655822753906
337.041412353,124.72113800048828,-89.70111846923828
337.190826416,124.75303649902344,-89.526123046875
337.390045166,124.828125,-89.28760528564453
337.556060791,124.92169189453125,-89.10205078125
337.755279541,125.06891632080078,-88.88782501220703
337.954498291,125.21810913085938,-88.69035339355469
338.153717041,125.23579406738281,-88.66737365722656
338.352935791,125.23579406738281,-88.66737365722656
338.552154541,125.23579406738281,-88.66737365722656
338.751373291,125.23579406738281,-88.66737365722656
338.900787353,125.23579406738281,-88.66737365722656
339.100006103,125.23579406738281,-88.66737365722656
339.315826416,125.23579406738281,-88.66737365722656
339.465240478,125.23579406738281,-88.66737365722656
339.664459228,125.23579406738281,-88.66737365722656
339.863677978,125.23579406738281,-88.66737365722656
340.062896728,125.23579406738281,-88.66737365722656
340.262115478,125.2410659790039,-88.66588592529297
340.461334228,125.36041259765625,-88.68622589111328
340.610748291,125.50648498535156,-88.77803802490234
340.809967041,125.63639831542969,-88.99983215332031
341.025787353,125.65254211425781,-89.2838134765625
341.175201416,125.62755584716797,-89.46406555175781
341.324615478,125.60986328125,-89.67117309570312
341.523834228,125.62757873535156,-89.92737579345703
341.723052978,125.69941711425781,-90.17536926269531
341.922271728,125.80813598632812,-90.40380859375
342.071685791,125.89387512207031,-90.56124114990234
342.221099853,125.99126434326172,-90.7403793334961
342.420318603,126.11158752441406,-90.9708251953125
342.636138916,126.22937774658203,-91.20260620117188
342.785552978,126.32218933105469,-91.38874816894531
342.984771728,126.43193054199219,-91.62443542480469
343.183990478,126.53645324707031,-91.86250305175781
343.333404541,126.6084976196289,-92.02665710449219
343.532623291,126.70954132080078,-92.26473236083984
343.731842041,126.81031036376953,-92.50440216064453
343.931060791,126.91534423828125,-92.74223327636719
344.080474853,127.0020523071289,-92.92676544189453
344.296295166,127.09329223632812,-93.11592102050781
344.445709228,127.09414672851562,-93.11772155761719
344.644927978,127.09933471679688,-93.12734985351562
344.844146728,127.172119140625,-93.18611907958984
345.043365478,127.39326477050781,-93.22193908691406
345.242584228,127.62530517578125,-93.1292724609375
345.391998291,127.74472045898438,-92.99303436279297
345.591217041,127.8555679321289,-92.76272583007812
345.740631103,127.9387435913086,-92.5811538696289
345.956451416,128.0879364013672,-92.37068939208984
346.105865478,128.23797607421875,-92.22685241699219
346.305084228,128.44349670410156,-92.07954406738281
346.504302978,128.6710968017578,-91.95396423339844
346.703521728,128.9046630859375,-91.8397216796875
346.803131103,129.0185089111328,-91.78282928466797
346.952545166,129.1764373779297,-91.69523620605469
347.151763916,129.387451171875,-91.5604019165039
347.350982666,129.5979766845703,-91.41265869140625
347.500396728,129.76226806640625,-91.29190063476562
347.649810791,129.9051971435547,-91.18830108642578
347.865631103,130.13433837890625,-91.02177429199219
348.064849853,130.34671020507812,-90.87179565429688
348.264068603,130.56004333496094,-90.72320556640625
348.463287353,130.7689208984375,-90.57780456542969
348.662506103,130.98536682128906,-90.43382263183594
348.811920166,131.1326446533203,-90.33409118652344
349.011138916,131.2215576171875,-90.27281951904297
349.210357666,131.2215576171875,-90.27281951904297
349.409576416,131.22425842285156,-90.2732162475586
349.575592041,131.22958374023438,-90.27449035644531
349.774810791,131.3372802734375,-90.44194030761719
349.974029541,131.36810302734375,-90.69052124023438
350.123443603,131.34535217285156,-90.89434814453125
350.322662353,131.28854370117188,-91.13534545898438
350.472076416,131.24513244628906,-91.30504608154297
350.671295166,131.1940155029297,-91.55987548828125
350.820709228,131.1705780029297,-91.76649475097656
351.036529541,131.1619873046875,-92.01808166503906
351.185943603,131.16273498535156,-92.21786499023438
351.385162353,131.16578674316406,-92.47787475585938
351.534576416,131.1679229736328,-92.65988159179688
351.733795166,131.1708526611328,-92.90890502929688
351.883209228,131.1732635498047,-93.11416625976562
352.082427978,131.17628479003906,-93.37142944335938
352.281646728,131.1793212890625,-93.63006591796875
352.431060791,131.18130493164062,-93.80520629882812
352.630279541,131.18138122558594,-94.05838012695312
352.796295166,131.18125915527344,-94.26502227783203
352.995513916,131.1811065673828,-94.52093505859375
353.144927978,131.1809844970703,-94.72074890136719
353.344146728,131.1808319091797,-94.9766616821289
353.493560791,131.18072509765625,-95.1586685180664
353.692779541,131.1805877685547,-95.36866760253906
353.842193603,131.1805877685547,-95.36966705322266
354.041412353,131.1805877685547,-95.36966705322266
354.240631103,131.1805877685547,-95.36966705322266
354.390045166,131.1805877685547,-95.36966705322266
354.605865478,131.19134521484375,-95.56075286865234
354.755279541,131.2209930419922,-95.736083984375
354.904693603,131.2718963623047,-95.93771362304688
355.103912353,131.35498046875,-96.1796646118164
355.303131103,131.44818115234375,-96.41649627685547
355.502349853,131.46612548828125,-96.46160125732422
355.651763916,131.46612548828125,-96.46160125732422
355.850982666,131.46612548828125,-96.46160125732422
356.000396728,131.46612548828125,-96.46160125732422
356.100006103,131.46612548828125,-96.46160125732422
356.266021728,131.46612548828125,-96.46160125732422
356.465240478,131.46612548828125,-96.46160125732422
356.664459228,131.46612548828125,-96.46160125732422
356.863677978,131.46612548828125,-96.46160125732422
357.013092041,131.46612548828125,-96.46160125732422
357.212310791,131.46612548828125,-96.46160125732422
357.411529541,131.46612548828125,-96.46160125732422
357.610748291,131.46612548828125,-96.46160125732422
357.760162353,131.46612548828125,-96.46160125732422
357.975982666,131.46612548828125,-96.46160125732422
358.175201416,131.46612548828125,-96.46160125732422
358.324615478,131.46612548828125,-96.46160125732422
358.523834228,131.46612548828125,-96.46160125732422
358.723052978,131.46612548828125,-96.46160125732422
358.922271728,131.46612548828125,-96.46160125732422
359.121490478,131.52813720703125,-96.66960906982422
359.270904541,131.52511596679688,-96.8477783203125
359.420318603,131.4362335205078,-97.02464294433594
359.636138916,131.22726440429688,-97.1646957397461
359.785552978,131.02781677246094,-97.21809387207031
359.934967041,130.85093688964844,-97.26082611083984
360.134185791,130.61392211914062,-97.35945892333984
360.283599853,130.4473876953125,-97.47427368164062
360.433013916,130.32203674316406,-97.59253692626953
360.632232666,130.16241455078125,-97.7887191772461
360.781646728,130.13034057617188,-97.83340454101562
360.931060791,130.13034057617188,-97.83340454101562
361.080474853,130.13034057617188,-97.83340454101562
361.229888916,130.13034057617188,-97.83340454101562
361.445709228,130.13034057617188,-97.83340454101562
361.595123291,130.13034057617188,-97.83340454101562
361.744537353,130.13034057617188,-97.83340454101562
361.943756103,130.13034057617188,-97.83340454101562
362.093170166,130.13034057617188,-97.83340454101562
362.242584228,130.13034057617188,-97.83340454101562
362.441802978,130.01953125,-98.02595520019531
362.641021728,129.98043823242188,-98.2703628540039
362.790435791,129.9986572265625,-98.44851684570312
362.956451416,130.04306030273438,-98.64744567871094
363.155670166,130.11048889160156,-98.8985366821289
363.354888916,130.15975952148438,-99.1453628540039
363.504302978,130.1817626953125,-99.34114074707031
363.703521728,130.19078063964844,-99.59136199951172
363.902740478,130.19033813476562,-99.84999084472656
364.101959228,130.1817169189453,-100.10983276367188
364.251373291,130.17291259765625,-100.28614044189453
364.450592041,130.16912841796875,-100.37207794189453
364.600006103,130.16912841796875,-100.37207794189453
364.766021728,130.16912841796875,-100.37207794189453
364.965240478,130.16912841796875,-100.37207794189453
365.164459228,130.16912841796875,-100.37207794189453
365.313873291,130.16912841796875,-100.37207794189453
365.513092041,130.16912841796875,-100.37207794189453
365.712310791,130.16912841796875,-100.37207794189453
365.861724853,130.16912841796875,-100.37207794189453
366.060943603,130.16822814941406,-100.53617858886719
366.260162353,130.18748474121094,-100.7926254272461
366.426177978,130.22755432128906,-100.99658966064453
366.625396728,130.3035430908203,-101.24083709716797
366.824615478,130.39820861816406,-101.48299407958984
366.974029541,130.46656799316406,-101.65170288085938
367.173248291,130.56040954589844,-101.8941879272461
367.372467041,130.64834594726562,-102.13885498046875
367.571685791,130.733642578125,-102.38155364990234
367.770904541,130.8219757080078,-102.62606811523438
367.920318603,130.89256286621094,-102.82172393798828
368.086334228,130.9584197998047,-103.01324462890625
368.235748291,131.0181427001953,-103.18370819091797
368.434967041,131.10882568359375,-103.42445373535156
368.584381103,131.18458557128906,-103.61817932128906
368.783599853,131.2781524658203,-103.85929107666016
368.982818603,131.3743438720703,-104.09646606445312
369.132232666,131.44171142578125,-104.26555633544922
369.331451416,131.53184509277344,-104.50358581542969
369.530670166,131.62045288085938,-104.74365234375
369.680084228,131.69229125976562,-104.93594360351562
369.895904541,131.78590393066406,-105.17849731445312
370.045318603,131.86090087890625,-105.37249755859375
370.244537353,131.95175170898438,-105.60585021972656
370.443756103,132.0467529296875,-105.846435546875
370.642974853,132.14198303222656,-106.0869140625
370.842193603,132.23387145996094,-106.32574462890625
370.991607666,132.29710388183594,-106.48617553710938
371.190826416,132.3951416015625,-106.72699737548828
371.390045166,132.49310302734375,-106.96638488769531
371.556060791,132.5657958984375,-107.14789581298828
371.805084228,132.56689453125,-107.15068817138672
371.954498291,132.56689453125,-107.15068817138672
372.153717041,132.56689453125,-107.15068817138672
372.303131103,132.56689453125,-107.15068817138672
372.502349853,132.56689453125,-107.15068817138672
372.701568603,132.56689453125,-107.15068817138672
372.850982666,132.56689453125,-107.15068817138672
373.000396728,132.56689453125,-107.15068817138672
373.149810791,132.56689453125,-107.15068817138672
373.315826416,132.4232177734375,-107.12151336669922
373.515045166,132.24620056152344,-106.96759796142578
373.564849853,132.20977783203125,-106.89871978759766
373.714263916,132.1768341064453,-106.72514343261719
373.863677978,132.207763671875,-106.51995086669922
374.013092041,132.25946044921875,-106.345458984375
374.212310791,132.33609008789062,-106.09988403320312
374.361724853,132.37843322753906,-105.9019775390625
374.511138916,132.39291381835938,-105.72071838378906
374.710357666,132.36758422851562,-105.46231842041016
374.876373291,132.31854248046875,-105.26026153564453
375.025787353,132.25990295410156,-105.06212615966797
375.175201416,132.21044921875,-104.89409637451172
375.374420166,132.14268493652344,-104.64734649658203
375.523834228,132.0924072265625,-104.44551086425781
375.673248291,132.0522918701172,-104.26799011230469
375.872467041,132.0015411376953,-104.01300048828125
376.021881103,131.96530151367188,-103.81791687011719
376.171295166,131.93264770507812,-103.64583587646484
376.320709228,131.8927764892578,-103.4444808959961
376.470123291,131.85720825195312,-103.27436828613281
376.636138916,131.81663513183594,-103.0787353515625
376.785552978,131.7767791748047,-102.87458801269531
376.934967041,131.74334716796875,-102.6956787109375
377.084381103,131.7034912109375,-102.49432373046875
377.283599853,131.6506805419922,-102.24812316894531
377.433013916,131.61441040039062,-102.07536315917969
377.582427978,131.57127380371094,-101.87610626220703
377.731842041,131.53244018554688,-101.69830322265625
377.881256103,131.4872283935547,-101.49527740478516
378.080474853,131.43228149414062,-101.24253845214844
378.229888916,131.39691162109375,-101.07098388671875
378.395904541,131.3577117919922,-100.87507629394531
378.545318603,131.3192138671875,-100.67485046386719
378.694732666,131.28729248046875,-100.49566650390625
378.893951416,131.23912048339844,-100.24017333984375
379.043365478,131.197265625,-100.03922271728516
379.242584228,131.14227294921875,-99.78652954101562
379.391998291,131.1056365966797,-99.61386108398438
379.541412353,131.06396484375,-99.41287994384766
379.740631103,131.01223754882812,-99.1580581665039
379.890045166,130.97610473632812,-98.97967529296875
380.056060791,130.93360900878906,-98.77886199951172
380.205474853,130.89028930664062,-98.5810317993164
380.404693603,130.83795166015625,-98.3347396850586
380.554107666,130.80264282226562,-98.15619659423828
380.703521728,130.76246643066406,-97.95211029052734
380.852935791,130.72750854492188,-97.77350616455078
381.002349853,130.68679809570312,-97.57231903076172
381.151763916,130.6495819091797,-97.39974975585938
381.350982666,130.59487915039062,-97.152587890625
381.500396728,130.55384826660156,-96.95706176757812
381.649810791,130.51766967773438,-96.77870178222656
381.815826416,130.47763061523438,-96.57460021972656
382.015045166,130.43124389648438,-96.32294464111328
382.164459228,130.39468383789062,-96.12652587890625
382.313873291,130.35928344726562,-95.95359802246094
382.513092041,130.3083038330078,-95.70281982421875
382.662506103,130.26670837402344,-95.5018081665039
382.861724853,130.21266174316406,-95.25167083740234
383.011138916,130.17599487304688,-95.0733871459961
383.210357666,130.1258544921875,-94.82244110107422
383.359771728,130.09095764160156,-94.6535873413086
383.525787353,130.03469848632812,-94.43639373779297
383.675201416,129.9766845703125,-94.26827239990234
383.824615478,129.88816833496094,-94.08025360107422
384.023834228,129.7372283935547,-93.8759765625
384.173248291,129.60531616210938,-93.750732421875
384.322662353,129.442138671875,-93.621826171875
384.472076416,129.2953338623047,-93.52135467529297
384.621490478,129.12245178222656,-93.40818786621094
384.770904541,128.9751739501953,-93.30841827392578
384.920318603,128.80819702148438,-93.18444061279297
385.086334228,128.6476593017578,-93.05880737304688
385.235748291,128.51361083984375,-92.94396209716797
385.385162353,128.35702514648438,-92.80706024169922
385.534576416,128.21926879882812,-92.6881332397461
385.683990478,128.06044006347656,-92.5538558959961
385.833404541,127.91944885253906,-92.44095611572266
386.032623291,127.71878814697266,-92.27778625488281
386.182037353,127.5590591430664,-92.1467056274414
386.331451416,127.4175033569336,-92.03231048583984
386.480865478,127.25859832763672,-91.90678405761719
386.630279541,127.11880493164062,-91.79680633544922
386.796295166,126.96119689941406,-91.66963958740234
386.995513916,126.75935363769531,-91.5101547241211
387.144927978,126.5988540649414,-91.38665008544922
387.294342041,126.4537124633789,-91.27684783935547
387.493560791,126.24465942382812,-91.12224578857422
387.642974853,126.0810775756836,-90.99826049804688
387.792388916,125.94416046142578,-90.88684844970703
387.941802978,125.78422546386719,-90.7538833618164
388.141021728,125.58528137207031,-90.58647918701172
388.290435791,125.4444580078125,-90.47119140625
388.439849853,125.30368041992188,-90.35584259033203
388.605865478,125.12491607666016,-90.21350860595703
388.755279541,124.98377227783203,-90.10079956054688
388.904693603,124.8210220336914,-89.97128295898438
389.103912353,124.61737060546875,-89.80966186523438
389.253326416,124.49068450927734,-89.70985412597656
389.402740478,124.47147369384766,-89.69502258300781
389.552154541,124.47147369384766,-89.69502258300781
389.701568603,124.47147369384766,-89.69502258300781
389.850982666,124.47147369384766,-89.69502258300781
390.000396728,124.47147369384766,-89.69502258300781
390.149810791,124.38047790527344,-89.62613677978516
390.315826416,124.2138671875,-89.5016098022461
390.515045166,124.00594329833984,-89.34550476074219
390.664459228,123.8430404663086,-89.22064208984375
390.813873291,123.69949340820312,-89.11101531982422
390.963287353,123.53288269042969,-88.98648834228516
391.112701416,123.38739776611328,-88.87713623046875
391.262115478,123.2232666015625,-88.75616455078125
391.461334228,123.01390838623047,-88.6019515991211
391.610748291,122.86663055419922,-88.49736022949219
391.809967041,122.65666961669922,-88.3440170288086
391.975982666,122.48869323730469,-88.22134399414062
392.125396728,122.32096099853516,-88.1006851196289
392.274810791,122.17662811279297,-87.9920883178711
392.474029541,121.97947692871094,-87.82901000976562
392.623443603,121.82786560058594,-87.68668365478516
392.772857666,121.70411682128906,-87.55325317382812
392.922271728,121.5727767944336,-87.39552307128906
393.121490478,121.41417694091797,-87.18950653076172
393.270904541,121.30924224853516,-87.04755401611328
393.420318603,121.1890640258789,-86.88285827636719
393.519927978,121.12804412841797,-86.79863739013672
393.636138916,121.03795623779297,-86.68148040771484
393.835357666,120.88037872314453,-86.47639465332031
393.984771728,120.75284576416016,-86.31208801269531
394.134185791,120.64099884033203,-86.17024230957031
394.283599853,120.5133285522461,-86.00603485107422
394.482818603,120.35240936279297,-85.80705261230469
394.632232666,120.23725128173828,-85.6661376953125
394.831451416,120.07080841064453,-85.47358703613281
394.980865478,119.9380874633789,-85.31343841552734
395.130279541,119.82913970947266,-85.17628479003906
395.296295166,119.70167541503906,-85.0136489868164
395.495513916,119.5455551147461,-84.80574798583984
395.644927978,119.42314147949219,-84.6375961303711
395.794342041,119.3125228881836,-84.4930419921875
395.943756103,119.18849182128906,-84.32949829101562
396.142974853,119.02626037597656,-84.1263198852539
396.292388916,118.91295623779297,-83.98390197753906
396.441802978,118.78082275390625,-83.82684326171875
396.641021728,118.62065124511719,-83.63433837890625
396.790435791,118.51227569580078,-83.49848175048828
396.890045166,118.43424224853516,-83.39450073242188
397.105865478,118.26373291015625,-83.1648941040039
397.255279541,118.15648651123047,-83.01786804199219
397.454498291,117.9975814819336,-82.81211853027344
397.603912353,117.86837005615234,-82.64911651611328
397.753326416,117.7552490234375,-82.50652313232422
397.902740478,117.63001251220703,-82.3438949584961
398.101959228,117.47449493408203,-82.13552856445312
398.251373291,117.36784362792969,-81.9880599975586
398.400787353,117.2505874633789,-81.82292938232422
398.600006103,117.1002197265625,-81.61420440673828
398.766021728,116.9778060913086,-81.4460678100586
398.915435791,116.86602783203125,-81.30242919921875
399.064849853,116.73789978027344,-81.13858032226562
399.214263916,116.62598419189453,-80.99506378173828
399.413482666,116.47148132324219,-80.7945327758789
399.562896728,116.34497833251953,-80.63289642333984
399.712310791,116.2339859008789,-80.49211883544922
399.861724853,116.1038818359375,-80.32984924316406
400.060943603,115.93299865722656,-80.13407897949219
400.210357666,115.80221557617188,-80.01358795166016
400.376373291,115.63716125488281,-79.88945007324219
400.525787353,115.46051788330078,-79.77970886230469
400.725006103,115.2353515625,-79.65821838378906
400.874420166,115.0750961303711,-79.57789611816406
401.023834228,114.89217376708984,-79.48780822753906
401.173248291,114.73018646240234,-79.40485382080078
401.322662353,114.54541778564453,-79.30937194824219
401.521881103,114.31906127929688,-79.1871566772461
401.671295166,114.15982055664062,-79.0989990234375
401.820709228,113.9819564819336,-79.00215911865234
401.970123291,113.82042694091797,-78.91832733154297
402.136138916,113.6341552734375,-78.82575988769531
402.285552978,113.45350646972656,-78.73724365234375
402.484771728,113.22357940673828,-78.62493896484375
402.634185791,113.0606460571289,-78.5469741821289
402.783599853,112.87725067138672,-78.4610824584961
402.933013916,112.71492004394531,-78.38832092285156
403.132232666,112.47759246826172,-78.28211975097656
403.281646728,112.28579711914062,-78.20162963867188
403.480865478,112.04418182373047,-78.10557556152344
403.630279541,111.8738021850586,-78.04158020019531
403.779693603,111.70304870605469,-77.97858428955078
403.945709228,111.48204040527344,-77.9017105102539
404.144927978,111.23629760742188,-77.83585357666016
404.294342041,111.05768585205078,-77.80095672607422
404.443756103,110.85395812988281,-77.75911712646484
404.642974853,110.60186004638672,-77.70137786865234
404.792388916,110.42652893066406,-77.66407775878906
404.941802978,110.2308349609375,-77.62380981445312
405.091217041,110.05902099609375,-77.58975219726562
405.290435791,109.805908203125,-77.53670501708984
405.456451416,109.60382843017578,-77.48741912841797
405.605865478,109.40203094482422,-77.44310760498047
405.755279541,109.22750854492188,-77.416748046875
405.904693603,109.02437591552734,-77.39922332763672
406.054107666,108.84284973144531,-77.3857650756836
406.253326416,108.5835189819336,-77.36679077148438
406.402740478,108.3770751953125,-77.35911560058594
406.552154541,108.20330810546875,-77.35830688476562
406.751373291,107.95016479492188,-77.35712432861328
406.900787353,107.74220275878906,-77.35321807861328
407.050201416,107.56340026855469,-77.34085083007812
407.216217041,107.52723693847656,-77.33679962158203
407.415435791,107.52723693847656,-77.33679962158203
407.564849853,107.52723693847656,-77.33679962158203
407.714263916,107.52723693847656,-77.33679962158203
407.913482666,107.52723693847656,-77.33679962158203
408.062896728,107.4009017944336,-77.32378387451172
408.212310791,107.21953582763672,-77.3086166381836
408.411529541,106.95996856689453,-77.29389953613281
408.560943603,106.75753784179688,-77.28820037841797
408.710357666,106.57693481445312,-77.28984832763672
408.876373291,106.37236022949219,-77.30599975585938
409.075592041,106.11713409423828,-77.33831787109375
409.225006103,105.91085815429688,-77.36502075195312
409.374420166,105.73426055908203,-77.39568328857422
409.573638916,105.48566436767578,-77.45020294189453
409.723052978,105.28565216064453,-77.49630737304688
409.922271728,105.03262329101562,-77.54979705810547
410.071685791,104.8907241821289,-77.57709503173828
410.221099853,104.88973999023438,-77.57727813720703
410.370513916,104.88973999023438,-77.57727813720703
410.569732666,104.88973999023438,-77.57727813720703
410.735748291,104.88973999023438,-77.57727813720703
410.934967041,104.88973999023438,-77.57727813720703
411.084381103,104.88973999023438,-77.57727813720703
411.283599853,104.88973999023438,-77.57727813720703
411.433013916,104.88973999023438,-77.57727813720703
411.632232666,104.88973999023438,-77.57727813720703
411.781646728,104.88973999023438,-77.57727813720703
411.980865478,104.88973999023438,-77.57727813720703
412.130279541,104.88973999023438,-77.57727813720703
412.296295166,104.88973999023438,-77.57727813720703
412.495513916,104.88973999023438,-77.57727813720703
412.644927978,104.8577880859375,-77.5474624633789
412.844146728,104.77213287353516,-77.34475708007812
412.993560791,104.78718566894531,-77.17139434814453
413.192779541,104.90516662597656,-76.94281005859375
413.342193603,105.03365325927734,-76.77928161621094
413.441802978,105.11392974853516,-76.67703247070312
413.641021728,105.25878143310547,-76.46454620361328
413.840240478,105.38150024414062,-76.23544311523438
413.989654541,105.45459747314453,-76.06878662109375
414.155670166,105.53034973144531,-75.8794937133789
414.354888916,105.62030029296875,-75.63555145263672
414.504302978,105.6903076171875,-75.44112396240234
414.653717041,105.75305938720703,-75.27174377441406
414.852935791,105.84712982177734,-75.02936553955078
415.002349853,105.92432403564453,-74.83621978759766
415.151763916,105.99565887451172,-74.67626953125
415.350982666,106.1004409790039,-74.45185089111328
415.500396728,106.18746185302734,-74.26898193359375
415.716217041,106.29883575439453,-74.0401382446289
415.865631103,106.38717651367188,-73.85334777832031
416.064849853,106.49331665039062,-73.62051391601562
416.214263916,106.56536102294922,-73.45785522460938
416.413482666,106.66912078857422,-73.21943664550781
416.612701416,106.77425384521484,-72.98164367675781
416.762115478,106.85567474365234,-72.79621887207031
416.961334228,106.9629135131836,-72.55937194824219
417.110748291,107.0361557006836,-72.40650939941406
417.260162353,107.04863739013672,-72.38034057617188
417.426177978,107.100830078125,-72.26837921142578
417.625396728,107.20714569091797,-72.0326156616211
417.774810791,107.28398895263672,-71.86763763427734
417.974029541,107.31935119628906,-71.79475402832031
418.123443603,107.31935119628906,-71.79475402832031
418.272857666,107.31935119628906,-71.79475402832031
418.521881103,107.31935119628906,-71.79475402832031
418.671295166,107.31935119628906,-71.79475402832031
418.820709228,107.31935119628906,-71.79475402832031
418.970123291,107.31935119628906,-71.79475402832031
419.185943603,107.39083862304688,-71.61734771728516
419.335357666,107.41323852539062,-71.4457778930664
419.534576416,107.3618392944336,-71.19335174560547
419.683990478,107.28070831298828,-71.00948333740234
419.883209228,107.1595458984375,-70.79190063476562
420.032623291,107.07380676269531,-70.63292694091797
420.231842041,106.97052764892578,-70.40338897705078
420.381256103,106.9021224975586,-70.21424865722656
420.580474853,106.83421325683594,-69.97323608398438
420.729888916,106.7922592163086,-69.80317687988281
420.895904541,106.7478256225586,-69.61121368408203
421.095123291,106.68852233886719,-69.36370086669922
421.244537353,106.63722229003906,-69.16212463378906
421.393951416,106.59033203125,-68.98627471923828
421.593170166,106.5159912109375,-68.739990234375
421.742584228,106.4533920288086,-68.5416259765625
421.891998291,106.39618682861328,-68.36885070800781
422.041412353,106.33177947998047,-68.17105865478516
422.190826416,106.27493286132812,-67.9996109008789
422.390045166,106.19937896728516,-67.76231384277344
422.506256103,106.1539077758789,-67.6145248413086
422.705474853,106.07836151123047,-67.37004089355469
422.854888916,106.02426147460938,-67.19625854492188
422.954498291,106.00074005126953,-67.11979675292969
423.153717041,106.00074005126953,-67.11979675292969
423.303131103,106.00074005126953,-67.11979675292969
423.452545166,106.00074005126953,-67.11979675292969
423.651763916,105.99583435058594,-67.11736297607422
423.801177978,105.88397979736328,-67.11064147949219
424.000396728,105.66262817382812,-67.20414733886719
424.149810791,105.54547882080078,-67.34217834472656
424.315826416,105.48284149169922,-67.5392074584961
424.515045166,105.47342681884766,-67.79467010498047
424.664459228,105.46195983886719,-68.0022201538086
424.863677978,105.41022491455078,-68.25101470947266
425.013092041,105.33873748779297,-68.41519165039062
425.162506103,105.23079681396484,-68.59288787841797
425.361724853,105.0815658569336,-68.80410766601562
425.511138916,104.97528839111328,-68.95187377929688
425.710357666,104.82554626464844,-69.16106414794922
425.859771728,104.72148895263672,-69.31037139892578
426.025787353,104.6024169921875,-69.50056457519531
426.175201416,104.5090560913086,-69.6535873413086
426.374420166,104.3770751953125,-69.87120056152344
426.523834228,104.26952362060547,-70.0476303100586
426.673248291,104.17804718017578,-70.20018768310547
426.872467041,104.0433578491211,-70.42095947265625
427.021881103,103.93201446533203,-70.59666442871094
427.221099853,103.80012512207031,-70.81433868408203
427.370513916,103.70723724365234,-70.9708480834961
427.536529541,103.60213470458984,-71.15034484863281
427.735748291,103.46963500976562,-71.370849609375
427.885162353,103.36096954345703,-71.5481948852539
428.034576416,103.2633056640625,-71.7017822265625
428.233795166,103.13587951660156,-71.90269470214844
428.383209228,103.02552795410156,-72.07901000976562
428.582427978,102.88921356201172,-72.30043029785156
428.781646728,102.75159454345703,-72.52102661132812
428.931060791,102.66056060791016,-72.66905975341797
429.130279541,102.52787780761719,-72.88947296142578
429.296295166,102.42040252685547,-73.06753540039062
429.445709228,102.31248474121094,-73.24213409423828
429.644927978,102.171630859375,-73.46067810058594
429.844146728,102.0333480834961,-73.6727294921875
429.993560791,101.9331283569336,-73.8146743774414
430.192779541,101.76300048828125,-74.0033950805664
430.342193603,101.59561157226562,-74.11405181884766
430.441802978,101.47572326660156,-74.16405487060547
430.641021728,101.22366333007812,-74.21137237548828
430.790435791,101.05133819580078,-74.20988464355469
430.956451416,100.85267639160156,-74.18910217285156
431.155670166,100.69544982910156,-74.16548919677734
431.305084228,100.65839385986328,-74.15974426269531
431.454498291,100.4791259765625,-74.1348648071289
431.653717041,100.2756118774414,-74.11502838134766
431.803131103,100.13032531738281,-74.10711669921875
432.002349853,99.87044525146484,-74.09954071044922
432.151763916,99.69391632080078,-74.09912872314453
432.301177978,99.49552154541016,-74.10169219970703
432.450592041,99.32038116455078,-74.10403442382812
432.649810791,99.0617446899414,-74.1075210571289
432.815826416,98.8537368774414,-74.1103286743164
432.965240478,98.6512222290039,-74.11304473876953
433.164459228,98.39395904541016,-74.11650848388672
433.313873291,98.21195220947266,-74.11896514892578
433.513092041,97.9546890258789,-74.12194061279297
433.662506103,97.75487518310547,-74.12158203125
433.861724853,97.50305938720703,-74.12101745605469
434.011138916,97.32105255126953,-74.12059020996094
434.210357666,97.24005889892578,-74.12040710449219
434.376373291,97.1900634765625,-74.12028503417969
434.525787353,96.9830551147461,-74.11979675292969
434.675201416,96.87606811523438,-74.12110137939453
434.874420166,96.76411437988281,-74.127197265625
435.023834228,96.56143951416016,-74.14911651611328
435.173248291,96.38616943359375,-74.17943572998047
435.372467041,96.1357192993164,-74.22470092773438
435.521881103,95.93118286132812,-74.25391387939453
435.671295166,95.75038146972656,-74.27477264404297
435.770904541,95.62114715576172,-74.28888702392578
435.920318603,95.41545867919922,-74.3194580078125
436.086334228,95.2126235961914,-74.36534118652344
436.285552978,94.96539306640625,-74.43132781982422
436.434967041,94.78809356689453,-74.47238159179688
436.634185791,94.53329467773438,-74.5240249633789
436.783599853,94.33203125,-74.56426239013672
436.982818603,94.08346557617188,-74.61897277832031
437.132232666,93.90447235107422,-74.65167236328125
437.281646728,93.82425689697266,-74.6629409790039
437.480865478,93.60099029541016,-74.69717407226562
437.630279541,93.42233276367188,-74.73172760009766
437.846099853,93.14722442626953,-74.80943298339844
437.995513916,92.97980499267578,-74.86542510986328
438.194732666,92.73434448242188,-74.95112609863281
438.344146728,92.53841400146484,-75.02095031738281
438.543365478,92.29339599609375,-75.09456634521484
438.692779541,92.12379455566406,-75.13236999511719
438.842193603,91.92465209960938,-75.16912841796875
439.041412353,91.67559814453125,-75.21449279785156
439.190826416,91.50120544433594,-75.25589752197266
439.390045166,91.25231170654297,-75.32614135742188
439.556060791,91.05310821533203,-75.38599395751953
439.705474853,90.88212585449219,-75.43373107910156
439.904693603,90.87042236328125,-75.43692016601562
440.054107666,90.87042236328125,-75.43692016601562
440.253326416,90.70067596435547,-75.47228240966797
440.402740478,90.4973373413086,-75.48590087890625
440.601959228,90.24560546875,-75.4823989868164
440.751373291,90.06381225585938,-75.47380828857422
440.900787353,89.85609436035156,-75.4632797241211
441.100006103,89.59635925292969,-75.47147369384766
441.249420166,89.41597747802734,-75.49539947509766
441.465240478,89.13692474365234,-75.55756378173828
441.614654541,88.96129608154297,-75.60529327392578
441.813873291,88.712158203125,-75.66926574707031
441.963287353,88.51783752441406,-75.7094497680664
442.162506103,88.43366241455078,-75.72530364990234
442.311920166,88.43366241455078,-75.72530364990234
442.511138916,88.43366241455078,-75.72530364990234
442.710357666,88.43366241455078,-75.72530364990234
442.876373291,88.28463745117188,-75.75971221923828
443.075592041,88.04444122314453,-75.8472900390625
443.225006103,87.86851501464844,-75.9388198852539
443.424224853,87.65779876708984,-76.07653045654297
443.573638916,87.50885772705078,-76.18113708496094
443.772857666,87.29854583740234,-76.32449340820312
443.972076416,87.08331298828125,-76.46029663085938
444.121490478,86.90156555175781,-76.5614242553711
444.270904541,86.74040222167969,-76.64599609375
444.470123291,86.50827026367188,-76.760009765625
444.636138916,86.32398986816406,-76.84729766845703
444.785552978,86.1383056640625,-76.93479919433594
444.984771728,85.90623474121094,-77.0426254272461
445.134185791,85.74132537841797,-77.11962890625
445.333404541,85.5065689086914,-77.23135375976562
445.482818603,85.32345581054688,-77.3178939819336
445.682037353,85.09274291992188,-77.42208862304688
445.831451416,84.92572021484375,-77.49437713623047
446.030670166,84.69792938232422,-77.59115600585938
446.229888916,84.48053741455078,-77.680419921875
446.395904541,84.28963470458984,-77.755859375
446.595123291,84.04618835449219,-77.84710693359375
446.744537353,83.84986877441406,-77.91580200195312
446.943756103,83.60556030273438,-78.0047607421875
447.093170166,83.43582916259766,-78.07042694091797
447.292388916,83.19464111328125,-78.16377258300781
447.441802978,82.99967193603516,-78.23623657226562
447.591217041,82.82831573486328,-78.29755401611328
447.790435791,82.58686828613281,-78.38228607177734
447.939849853,82.42056274414062,-78.43726348876953
448.155670166,82.1524429321289,-78.5197525024414
448.305084228,81.95818328857422,-78.57705688476562
448.454498291,81.78466796875,-78.62207794189453
448.603912353,81.58197784423828,-78.66870880126953
448.803131103,81.32704162597656,-78.71979522705078
449.002349853,81.07416534423828,-78.77983093261719
449.151763916,80.92961883544922,-78.8252944946289
449.350982666,80.92961883544922,-78.8252944946289
449.500396728,80.92961883544922,-78.8252944946289
449.716217041,80.92961883544922,-78.8252944946289
449.865631103,80.80000305175781,-78.86071014404297
450.015045166,80.62846374511719,-78.86654663085938
450.214263916,80.3977279663086,-78.76249694824219
450.413482666,80.22313690185547,-78.57799530029297
450.562896728,80.09920501708984,-78.41956329345703
450.762115478,79.9219970703125,-78.22966766357422
450.911529541,79.78443908691406,-78.11700439453125
451.060943603,79.61735534667969,-78.00757598876953
451.260162353,79.48030090332031,-77.93048858642578
451.426177978,79.2940673828125,-77.83799743652344
451.625396728,79.0569839477539,-77.73126220703125
451.774810791,78.89232635498047,-77.65374755859375
451.924224853,78.71029663085938,-77.56497955322266
452.123443603,78.48487854003906,-77.4498291015625
452.272857666,78.32817077636719,-77.36278533935547
452.472076416,78.10760498046875,-77.23303985595703
452.621490478,77.93370819091797,-77.13191986083984
452.820709228,77.70903015136719,-77.00948333740234
452.970123291,77.54694366455078,-76.9267349243164
453.136138916,77.36332702636719,-76.83200073242188
453.285552978,77.18296813964844,-76.7398681640625
453.484771728,76.96076965332031,-76.63086700439453
453.634185791,76.81195068359375,-76.5586929321289
453.833404541,76.57450103759766,-76.45285034179688
453.982818603,76.37902069091797,-76.38189697265625
454.182037353,76.36333465576172,-76.37674713134766
454.381256103,76.36333465576172,-76.37674713134766
454.530670166,76.36333465576172,-76.37674713134766
454.680084228,76.36333465576172,-76.37674713134766
454.846099853,76.36333465576172,-76.37674713134766
455.045318603,76.2157211303711,-76.33695983886719
455.194732666,76.04153442382812,-76.33023071289062
455.393951416,75.82572174072266,-76.43842315673828
455.543365478,75.71159362792969,-76.61030578613281
455.692779541,75.66763305664062,-76.78507995605469
455.842193603,75.65333557128906,-76.98973083496094
455.991607666,75.64295196533203,-77.17140197753906
456.141021728,75.60929107666016,-77.37651062011719
456.340240478,75.52628326416016,-77.6181869506836
456.506256103,75.42707824707031,-77.79452514648438
456.705474853,75.27216339111328,-77.99449157714844
456.854888916,75.15516662597656,-78.12300872802734
457.054107666,75.01954650878906,-78.27293395996094
457.203521728,75.01954650878906,-78.27293395996094
457.402740478,75.01954650878906,-78.27293395996094
457.601959228,75.01954650878906,-78.27293395996094
457.751373291,75.01954650878906,-78.27293395996094
457.950592041,75.01954650878906,-78.27293395996094
458.100006103,75.01954650878906,-78.27293395996094
458.266021728,75.01954650878906,-78.27293395996094
458.465240478,75.00650024414062,-78.17227172851562
458.614654541,75.04408264160156,-77.9983139038086
458.813873291,75.2120132446289,-77.80663299560547
458.963287353,75.40451049804688,-77.73512268066406
459.112701416,75.5846939086914,-77.73284149169922
459.311920166,75.84163665771484,-77.76226043701172
459.511138916,76.09813690185547,-77.75650024414062
459.660552978,76.2913818359375,-77.70697021484375
459.809967041,76.45647430419922,-77.63081359863281
460.025787353,76.66577911376953,-77.49703216552734
460.175201416,76.81682586669922,-77.3955078125
460.324615478,76.99189758300781,-77.28318786621094
460.523834228,77.20993041992188,-77.1518783569336
460.673248291,77.36979675292969,-77.06494903564453
460.822662353,77.5537338256836,-76.98030090332031
461.021881103,77.79267120361328,-76.88504791259766
461.221099853,78.03544616699219,-76.79998016357422
461.370513916,78.2087631225586,-76.74444580078125
461.536529541,78.40435028076172,-76.68682861328125
461.685943603,78.60267639160156,-76.63397216796875
461.885162353,78.8578109741211,-76.58441162109375
462.034576416,79.03865051269531,-76.56417846679688
462.233795166,79.28886413574219,-76.55652618408203
462.383209228,79.49134826660156,-76.55960845947266
462.582427978,79.74588012695312,-76.55780029296875
462.731842041,79.92760467529297,-76.5484390258789
462.931060791,80.18406677246094,-76.515625
463.080474853,80.38436126708984,-76.4776382446289
463.279693603,80.61185455322266,-76.42909240722656
463.445709228,80.83516693115234,-76.36908721923828
463.595123291,81.00956726074219,-76.32210540771484
463.794342041,81.26200103759766,-76.27299499511719
463.943756103,81.46324920654297,-76.25045013427734
464.142974853,81.71296691894531,-76.23168182373047
464.292388916,81.8906478881836,-76.22312927246094
464.491607666,82.15056610107422,-76.21705627441406
464.641021728,82.35570526123047,-76.21009063720703
464.790435791,82.53199005126953,-76.20109558105469
464.956451416,82.73960876464844,-76.18893432617188
465.155670166,82.99221801757812,-76.15800476074219
465.305084228,83.19768524169922,-76.12578582763672
465.504302978,83.44950866699219,-76.0671157836914
465.653717041,83.61919403076172,-76.023681640625
465.803131103,83.81558990478516,-75.97423553466797
465.952545166,83.98648071289062,-75.93001556396484
466.151763916,84.23501586914062,-75.85852813720703
466.301177978,84.4288330078125,-75.79975128173828
466.500396728,84.67132568359375,-75.722412109375
466.649810791,84.84368896484375,-75.66399383544922
466.815826416,85.03968048095703,-75.60307312011719
467.015045166,85.28816223144531,-75.53659057617188
467.164459228,85.48834991455078,-75.49808502197266
467.363677978,85.73432922363281,-75.45914459228516
467.562896728,85.93142700195312,-75.42295837402344
467.712310791,86.10871124267578,-75.38188171386719
467.911529541,86.35633850097656,-75.31214904785156
468.060943603,86.55706024169922,-75.25763702392578
468.260162353,86.80351257324219,-75.19986724853516
468.409576416,86.97569274902344,-75.1610336303711
468.575592041,87.1737289428711,-75.11868286132812
468.774810791,87.43080139160156,-75.0804672241211
468.924224853,87.63531494140625,-75.0631103515625
469.123443603,87.88670349121094,-75.04896545410156
469.272857666,88.068359375,-75.0380630493164
469.472076416,88.32246398925781,-75.00788879394531
469.621490478,88.52761840820312,-74.97371673583984
469.820709228,88.77589416503906,-74.9180908203125
469.970123291,88.95097351074219,-74.86844635009766
470.136138916,89.1460189819336,-74.81938934326172
470.285552978,89.34549713134766,-74.78466796875
470.484771728,89.60440063476562,-74.76189422607422
470.634185791,89.78363800048828,-74.76007080078125
470.833404541,90.03670501708984,-74.76659393310547
470.982818603,90.23482513427734,-74.77734375
471.182037353,90.49463653564453,-74.78477478027344
471.331451416,90.67642974853516,-74.77638244628906
471.530670166,90.92894744873047,-74.7588119506836
471.680084228,91.12969207763672,-74.74590301513672
471.846099853,91.3326187133789,-74.726318359375
472.045318603,91.5867691040039,-74.69657135009766
472.194732666,91.76736450195312,-74.67403411865234
472.393951416,92.01799011230469,-74.63834381103516
472.543365478,92.22200012207031,-74.59803009033203
472.742584228,92.44444274902344,-74.5414810180664
472.891998291,92.53662109375,-74.52069854736328
473.091217041,92.79025268554688,-74.47781372070312
473.240631103,92.98686218261719,-74.45106506347656
473.390045166,93.16210174560547,-74.42975616455078
473.556060791,93.36741638183594,-74.40653228759766
473.755279541,93.61622619628906,-74.36853790283203
473.954498291,93.8550796508789,-74.30879211425781
474.103912353,94.05461883544922,-74.25012969970703
474.303131103,94.30236053466797,-74.19214630126953
474.452545166,94.47825622558594,-74.16567993164062
474.651763916,94.73072814941406,-74.1483154296875
474.850982666,94.9906005859375,-74.15398406982422
475.000396728,95.19681549072266,-74.16706848144531
475.149810791,95.25765228271484,-74.17190551757812
475.365631103,95.41915130615234,-74.18498992919922
475.515045166,95.60065460205078,-74.19844818115234
475.614654541,95.65554809570312,-74.20176696777344
475.813873291,95.65554809570312,-74.20176696777344
476.013092041,95.65554809570312,-74.20176696777344
476.162506103,95.65554809570312,-74.20176696777344
476.361724853,95.65554809570312,-74.20176696777344
476.560943603,95.84275817871094,-74.21003723144531
476.710357666,96.02472686767578,-74.21038818359375
476.909576416,96.27429962158203,-74.19094848632812
477.075592041,96.47116088867188,-74.16612243652344
477.274810791,96.72982788085938,-74.1400146484375
477.424224853,96.9345474243164,-74.12519073486328
477.623443603,97.18744659423828,-74.11406707763672
477.822662353,97.44469451904297,-74.1109390258789
477.972076416,97.62667846679688,-74.11358642578125
478.121490478,97.83179473876953,-74.12133026123047
478.320709228,98.08740234375,-74.13312530517578
478.470123291,98.26373291015625,-74.14126586914062
478.685943603,98.54680633544922,-74.15137481689453
478.835357666,98.72332763671875,-74.1528549194336
479.034576416,98.97647094726562,-74.15174865722656
479.183990478,99.17898559570312,-74.15086364746094
479.383209228,99.43899536132812,-74.14971923828125
479.582427978,99.6976318359375,-74.1485824584961
479.731842041,99.8741455078125,-74.14781188964844
479.931060791,100.12591552734375,-74.14671325683594
480.130279541,100.38592529296875,-74.14556884765625
480.346099853,100.669189453125,-74.14432525634766
480.495513916,100.84707641601562,-74.14354705810547
480.694732666,101.10708618164062,-74.14240264892578
480.893951416,101.36270904541016,-74.13265991210938
481.043365478,101.56880950927734,-74.10549926757812
481.242584228,101.80379486083984,-74.02537536621094
481.441802978,101.99636840820312,-73.87425231933594
481.591217041,102.08588409423828,-73.7339859008789
481.790435791,102.14900207519531,-73.48306274414062
481.956451416,102.14582061767578,-73.27806854248047
482.155670166,102.11087799072266,-73.024658203125
482.255279541,102.08818817138672,-72.89664459228516
482.454498291,102.04412841796875,-72.64042663574219
482.603912353,102.02952575683594,-72.43580627441406
482.803131103,102.03585052490234,-72.18556213378906
483.002349853,102.05741882324219,-71.93059539794922
483.151763916,102.0737075805664,-71.74933624267578
483.301177978,102.09172821044922,-71.54350280761719
483.500396728,102.10739135742188,-71.29495239257812
483.699615478,102.11483001708984,-71.06929779052734
483.865631103,102.11685180664062,-70.83666229248047
484.064849853,102.12162017822266,-70.58081817626953
484.214263916,102.12126159667969,-70.40292358398438
484.413482666,102.11848449707031,-70.14979553222656
484.562896728,102.1217041015625,-69.94181823730469
484.762115478,102.13302612304688,-69.6834487915039
484.961334228,102.14915466308594,-69.43216705322266
485.110748291,102.15987396240234,-69.25322723388672
485.309967041,102.16344451904297,-69.1797866821289
485.475982666,102.16344451904297,-69.1797866821289
485.675201416,102.16344451904297,-69.1797866821289
485.824615478,102.16344451904297,-69.1797866821289
486.023834228,102.16344451904297,-69.1797866821289
486.173248291,102.16344451904297,-69.1797866821289
486.372467041,102.16914367675781,-69.02926635742188
486.571685791,102.17671203613281,-68.77759552001953
486.721099853,102.18840026855469,-68.57130432128906
486.920318603,102.206787109375,-68.31198120117188
487.086334228,102.22163391113281,-68.10589599609375
487.285552978,102.24291229248047,-67.87187194824219
487.434967041,102.26014709472656,-67.69344329833984
487.634185791,102.28546142578125,-67.43880462646484
487.783599853,102.3093032836914,-67.232177734375
487.982818603,102.33484649658203,-66.97618865966797
488.182037353,102.36215209960938,-66.72725677490234
488.381256103,102.39186096191406,-66.47309112548828
488.530670166,102.40969848632812,-66.29197692871094
488.729888916,102.43871307373047,-66.03636932373047
488.895904541,102.45755004882812,-65.85138702392578
489.045318603,102.459716796875,-65.82721710205078
489.244537353,102.459716796875,-65.82721710205078
489.443756103,102.459716796875,-65.82721710205078
489.593170166,102.459716796875,-65.82721710205078
489.792388916,102.459716796875,-65.82721710205078
489.991607666,102.4677505493164,-65.70047760009766
490.190826416,102.47587585449219,-65.44062042236328
490.340240478,102.47644805908203,-65.23535919189453
490.556060791,102.47356414794922,-64.98358917236328
490.755279541,102.47058868408203,-64.72357940673828
490.954498291,102.46772003173828,-64.47318267822266
491.103912353,102.46546173095703,-64.27616119384766
491.303131103,102.46257781982422,-64.0243911743164
491.502349853,102.46487426757812,-63.764442443847656
491.651763916,102.47429656982422,-63.58268737792969
491.850982666,102.49410247802734,-63.330318450927734
492.050201416,102.51103210449219,-63.128875732421875
492.216217041,102.51103210449219,-63.128875732421875
492.365631103,102.51103210449219,-63.128875732421875
492.564849853,102.51103210449219,-63.128875732421875
492.764068603,102.51103210449219,-63.128875732421875
492.913482666,102.51103210449219,-63.128875732421875
493.112701416,102.51103210449219,-63.128875732421875
493.311920166,102.51103210449219,-63.128875732421875
493.461334228,102.51103210449219,-63.128875732421875
493.660552978,102.52201080322266,-62.95021438598633
493.809967041,102.52896881103516,-62.7724609375
494.025787353,102.53205108642578,-62.487857818603516
494.225006103,102.53079986572266,-62.23606491088867
494.374420166,102.52992248535156,-62.05953598022461
494.573638916,102.52871704101562,-61.80089569091797
494.772857666,102.5327377319336,-61.54093551635742
494.972076416,102.54461669921875,-61.28806686401367
495.121490478,102.55907440185547,-61.086063385009766
495.320709228,102.58139038085938,-60.83390808105469
495.536529541,102.6111831665039,-60.57563018798828
495.586334228,102.62028503417969,-60.498165130615234
495.735748291,102.6381607055664,-60.32392883300781
495.934967041,102.65727233886719,-60.072872161865234
496.084381103,102.67377471923828,-59.86552810668945
496.283599853,102.69483947753906,-59.607757568359375
496.482818603,102.70906829833984,-59.35638427734375
496.632232666,102.71600341796875,-59.17725372314453
496.831451416,102.73210906982422,-58.921878814697266
496.980865478,102.74810028076172,-58.714481353759766
497.180084228,102.76554107666016,-58.45918655395508
497.329498291,102.77288818359375,-58.28555679321289
497.545318603,102.78409576416016,-58.00389862060547
497.694732666,102.796142578125,-57.822296142578125
497.893951416,102.81393432617188,-57.571128845214844
498.093170166,102.82745361328125,-57.31834411621094
498.242584228,102.83414459228516,-57.114559173583984
498.441802978,102.84883117675781,-56.85498046875
498.591217041,102.8618392944336,-56.6789436340332
498.790435791,102.87943267822266,-56.43052291870117
498.956451416,102.88888549804688,-56.22959518432617
499.155670166,102.90249633789062,-55.97544860839844
499.354888916,102.92236328125,-55.71895217895508
499.504302978,102.93700408935547,-55.514217376708984
499.703521728,102.94874572753906,-55.26408386230469
499.902740478,102.95867156982422,-55.004276275634766
500.052154541,102.97038269042969,-54.82265853881836
500.201568603,102.98626708984375,-54.61662673950195
500.400787353,102.99095153808594,-54.55577850341797
500.550201416,102.99095153808594,-54.55577850341797
500.766021728,102.99095153808594,-54.55577850341797
500.915435791,102.99095153808594,-54.55577850341797
501.114654541,102.99095153808594,-54.55577850341797
501.264068603,102.99095153808594,-54.55577850341797
501.463287353,102.99095153808594,-54.55577850341797
501.662506103,103.0024185180664,-54.37852096557617
501.861724853,103.0118179321289,-54.12828826904297
502.011138916,103.01367950439453,-53.95314025878906
502.210357666,103.00606536865234,-53.69331359863281
502.376373291,102.98359680175781,-53.486568450927734
502.575592041,102.96004486083984,-53.32932662963867
502.774810791,102.9321517944336,-53.15250015258789
502.924224853,102.89877319335938,-52.94719314575195
503.123443603,102.86780548095703,-52.79123306274414
503.322662353,102.83956909179688,-52.65461730957031
503.472076416,102.80280303955078,-52.47636032104492
503.671295166,102.77554321289062,-52.34004211425781
503.820709228,102.76140594482422,-52.26714324951172
504.036529541,102.71748352050781,-52.01782989501953
504.185943603,102.68021392822266,-51.81319046020508
504.385162353,102.65495300292969,-51.667869567871094
504.534576416,102.62479400634766,-51.49393081665039
504.683990478,102.59156036376953,-51.28860092163086
504.883209228,102.55699157714844,-51.0701904296875
505.032623291,102.52959442138672,-50.899967193603516
505.231842041,102.48377990722656,-50.652381896972656
505.431060791,102.43988037109375,-50.43984603881836
505.630279541,102.39018249511719,-50.19300842285156
505.796295166,102.35400390625,-49.995140075683594
505.945709228,102.31736755371094,-49.79734802246094
506.144927978,102.30555725097656,-49.72987365722656
506.344146728,102.30555725097656,-49.72987365722656
506.493560791,102.30555725097656,-49.72987365722656
506.692779541,102.30555725097656,-49.72987365722656
506.842193603,102.30555725097656,-49.72987365722656
507.041412353,102.28795623779297,-49.57719039916992
507.240631103,102.33580017089844,-49.33437728881836
507.456451416,102.50770568847656,-49.14228820800781
507.605865478,102.68827819824219,-49.03982162475586
507.805084228,102.91948699951172,-48.9401741027832
508.004302978,103.14028930664062,-48.814205169677734
508.203521728,103.33878326416016,-48.64687728881836
508.352935791,103.4620132446289,-48.5130500793457
508.552154541,103.61587524414062,-48.313804626464844
508.751373291,103.77149963378906,-48.10551452636719
508.950592041,103.92831420898438,-47.90330123901367
509.149810791,104.08489227294922,-47.713165283203125
509.315826416,104.21586608886719,-47.56047439575195
509.515045166,104.35309600830078,-47.4051628112793
509.714263916,104.35445404052734,-47.4036979675293
509.913482666,104.35445404052734,-47.4036979675293
510.062896728,104.35445404052734,-47.4036979675293
510.262115478,104.35445404052734,-47.4036979675293
510.461334228,104.35445404052734,-47.4036979675293
510.660552978,104.35445404052734,-47.4036979675293
510.809967041,104.35445404052734,-47.4036979675293
511.025787353,104.35445404052734,-47.4036979675293
511.225006103,104.3786392211914,-47.40746307373047
511.374420166,104.45056915283203,-47.451297760009766
511.573638916,104.58267211914062,-47.66815948486328
511.723052978,104.6014404296875,-47.87424087524414
511.922271728,104.57266235351562,-48.12984848022461
512.071655273,104.56246185302734,-48.30465316772461
512.221069335,104.56685638427734,-48.432064056396484
512.420288085,104.57881164550781,-48.5449104309082
512.586303710,104.61764526367188,-48.74776077270508
512.735717773,104.66484832763672,-48.9221076965332
512.934936523,104.6894760131836,-49.01022720336914
513.084350585,104.74150848388672,-49.21057891845703
513.283569335,104.79971313476562,-49.46397399902344
513.432983398,104.83423614501953,-49.642662048339844
513.632202148,104.87420654296875,-49.89125061035156
513.781616210,104.90472412109375,-50.09423065185547
513.931030273,104.93220520019531,-50.26722717285156
514.130249023,104.97628021240234,-50.522064208984375
514.296264648,105.01036071777344,-50.72724914550781
514.445678710,105.0434341430664,-50.92982482910156
514.595092773,105.07154846191406,-51.10270690917969
514.744506835,105.10735321044922,-51.30620574951172
514.893920898,105.13743591308594,-51.48570251464844
515.093139648,105.1795425415039,-51.74226379394531
515.242553710,105.21073913574219,-51.943763732910156
515.441772460,105.25253295898438,-52.19343948364258
515.491577148,105.26119995117188,-52.2419319152832
515.640991210,105.29769897460938,-52.43974685668945
515.840209960,105.34600067138672,-52.68965530395508
516.006225585,105.38262176513672,-52.8943977355957
516.155639648,105.41252136230469,-53.0683708190918
516.305053710,105.444580078125,-53.265567779541016
516.504272460,105.4832992553711,-53.511592864990234
516.653686523,105.51316833496094,-53.68973159790039
516.803100585,105.54566955566406,-53.89240264892578
517.002319335,105.58690643310547,-54.14912796020508
517.151733398,105.61561584472656,-54.328853607177734
517.350952148,105.6546630859375,-54.57343673706055
517.500366210,105.68672180175781,-54.769248962402344
517.666381835,105.7181396484375,-54.966552734375
517.815795898,105.74935913085938,-55.14584732055664
518.015014648,105.79010772705078,-55.39847183227539
518.214233398,105.81168365478516,-55.54438400268555
518.363647460,105.84143829345703,-55.74885940551758
518.562866210,105.88226318359375,-55.99296569824219
518.712280273,105.88274383544922,-55.99592971801758
518.861694335,105.88274383544922,-55.99592971801758
519.060913085,105.88274383544922,-55.99592971801758
519.210327148,105.88274383544922,-55.99592971801758
519.376342773,105.88274383544922,-55.99592971801758
519.575561523,105.88274383544922,-55.99592971801758
519.774780273,105.88274383544922,-55.99592971801758
519.924194335,105.88274383544922,-55.99592971801758
520.123413085,105.90731811523438,-56.16060256958008
520.272827148,105.92928314208984,-56.34125518798828
520.472045898,105.94630432128906,-56.599300384521484
520.621459960,105.95814514160156,-56.79598617553711
520.820678710,105.98292541503906,-57.04648971557617
520.970092773,106.00524139404297,-57.22022247314453
521.136108398,106.03645324707031,-57.42306137084961
521.335327148,106.08171844482422,-57.67491912841797
521.484741210,106.11869049072266,-57.87404251098633
521.634155273,106.14920043945312,-58.04791259765625
521.833374023,106.19215393066406,-58.29045486450195
521.982788085,106.22956848144531,-58.483924865722656
522.132202148,106.26093292236328,-58.659027099609375
522.331420898,106.30377960205078,-58.91269302368164
522.480834960,106.3376235961914,-59.117919921875
522.630249023,106.35723114013672,-59.235801696777344
522.796264648,106.38143920898438,-59.387786865234375
522.995483398,106.42047119140625,-59.640689849853516
523.144897460,106.45042419433594,-59.846519470214844
523.294311523,106.47782897949219,-60.02644348144531
523.493530273,106.51908111572266,-60.27342224121094
