timestamp_sec,x,y
1.925601243,77.0999984741211,-6.199999809265137
2.124800443,77.0999984741211,-6.199999809265137
2.323999166,77.0999984741211,-6.199999809265137
2.473398208,77.0999984741211,-6.199999809265137
2.672596931,77.0999984741211,-6.199999809265137
2.871795654,77.0999984741211,-6.199999809265137
3.021194696,77.0999984741211,-6.199999809265137
3.220393419,77.0999984741211,-6.199999809265137
3.336592674,77.0999984741211,-6.199999809265137
3.535791397,77.0999984741211,-6.199999809265137
3.685190439,77.0999984741211,-6.199999809265137
3.884389162,77.0999984741211,-6.199999809265137
4.033788681,77.0999984741211,-6.199999809265137
4.232990264,77.0999984741211,-6.199999809265137
4.382391452,77.0999984741211,-6.199999809265137
4.581593036,77.0999984741211,-6.199999809265137
4.730994224,77.0999984741211,-6.199999809265137
4.930195808,77.0999984741211,-6.199999809265137
5.096197128,77.0999984741211,-6.199999809265137
5.245598316,77.0999984741211,-6.199999809265137
5.444799900,77.0999984741211,-6.199999809265137
5.594201087,77.0999984741211,-6.199999809265137
5.793402671,77.0999984741211,-6.199999809265137
5.942803859,77.0999984741211,-6.199999809265137
6.142005443,77.0999984741211,-6.199999809265137
6.291406631,77.0999984741211,-6.199999809265137
6.490608215,77.0999984741211,-6.199999809265137
6.640009403,77.0999984741211,-6.199999809265137
6.806010723,77.0999984741211,-6.199999809265137
7.005212306,77.0999984741211,-6.199999809265137
7.154613494,77.0999984741211,-6.199999809265137
7.304014682,77.0999984741211,-6.199999809265137
7.503216266,77.0999984741211,-6.199999809265137
7.652617454,77.0999984741211,-6.199999809265137
7.802018642,77.0999984741211,-6.199999809265137
7.951419830,77.0999984741211,-6.199999809265137
8.150616645,77.0999984741211,-6.199999809265137
8.300013542,77.0999984741211,-6.199999809265137
8.466010093,77.0999984741211,-6.199999809265137
8.615406990,77.0999984741211,-6.199999809265137
8.764803886,77.0999984741211,-6.199999809265137
8.963999748,77.0999984741211,-6.199999809265137
9.113396644,77.0999984741211,-6.199999809265137
9.262793540,77.0999984741211,-6.199999809265137
9.461989402,77.0999984741211,-6.199999809265137
9.611386299,77.0999984741211,-6.199999809265137
9.760783195,77.0999984741211,-6.199999809265137
9.910180091,77.0999984741211,-6.199999809265137
10.125975608,77.0999984741211,-6.199999809265137
10.275372505,77.0999984741211,-6.199999809265137
10.474568367,77.0999984741211,-6.199999809265137
10.623965263,77.0999984741211,-6.199999809265137
10.773362159,77.0999984741211,-6.199999809265137
10.972558021,77.0999984741211,-6.199999809265137
11.121954917,77.0999984741211,-6.199999809265137
11.271351814,77.0999984741211,-6.199999809265137
11.470547676,77.0999984741211,-6.199999809265137
11.636544227,77.0999984741211,-6.199999809265137
11.785941123,77.0999984741211,-6.199999809265137
11.935338020,77.0999984741211,-6.199999809265137
12.084734916,77.0999984741211,-6.199999809265137
12.283930778,77.0999984741211,-6.199999809265137
12.433327674,77.0999984741211,-6.199999809265137
12.582724571,77.0999984741211,-6.199999809265137
12.732121467,77.0999984741211,-6.199999809265137
12.881518363,77.0999984741211,-6.199999809265137
13.080714225,77.0999984741211,-6.199999809265137
13.230111122,77.0999984741211,-6.199999809265137
13.396107673,77.0999984741211,-6.199999809265137
13.545504570,77.0999984741211,-6.199999809265137
13.744700431,77.0999984741211,-6.199999809265137
13.894097328,77.0999984741211,-6.199999809265137
14.043494224,77.0999984741211,-6.199999809265137
14.192891120,77.0999984741211,-6.199999809265137
14.392086982,77.0999984741211,-6.199999809265137
14.541483879,77.0999984741211,-6.199999809265137
14.690880775,77.0999984741211,-6.199999809265137
14.890076637,77.0999984741211,-6.199999809265137
15.006274223,77.0999984741211,-6.199999809265137
15.155671119,77.0999984741211,-6.199999809265137
15.305068016,77.0999984741211,-6.199999809265137
15.454464912,77.0999984741211,-6.199999809265137
15.653660774,77.0999984741211,-6.199999809265137
15.803057670,77.0999984741211,-6.199999809265137
15.952454566,77.0999984741211,-6.199999809265137
16.101852416,77.0999984741211,-6.199999809265137
16.301048278,77.0999984741211,-6.199999809265137
16.450445175,77.0999984741211,-6.199999809265137
16.599842071,77.0999984741211,-6.199999809265137
16.765838623,77.0999984741211,-6.199999809265137
16.915235519,77.0999984741211,-6.199999809265137
17.114431381,77.0999984741211,-6.199999809265137
17.263828277,77.0999984741211,-6.199999809265137
17.413225173,77.0999984741211,-6.199999809265137
17.612421035,77.0999984741211,-6.199999809265137
17.761817932,77.0999984741211,-6.199999809265137
17.961013793,77.0999984741211,-6.199999809265137
18.110410690,77.0999984741211,-6.199999809265137
18.276407241,77.0999984741211,-6.199999809265137
18.425804138,77.0999984741211,-6.199999809265137
18.575201034,77.0999984741211,-6.199999809265137
18.774396896,77.0999984741211,-6.199999809265137
18.923793792,77.0999984741211,-6.199999809265137
19.073190689,77.0999984741211,-6.199999809265137
19.272386550,77.0999984741211,-6.199999809265137
19.421783447,77.0999984741211,-6.199999809265137
19.571180343,77.0999984741211,-6.199999809265137
19.770376205,77.0999984741211,-6.199999809265137
19.869974136,77.0999984741211,-6.199999809265137
20.085769653,77.0999984741211,-6.199999809265137
20.235166549,77.0999984741211,-6.199999809265137
20.384563446,77.0999984741211,-6.199999809265137
20.533960342,77.0999984741211,-6.199999809265137
20.733156204,77.0999984741211,-6.199999809265137
20.882553100,77.0999984741211,-6.199999809265137
21.031949996,77.0999984741211,-6.199999809265137
21.231145858,77.0999984741211,-6.199999809265137
21.380542755,77.0999984741211,-6.199999809265137
21.529939651,77.0999984741211,-6.199999809265137
21.695936203,77.0999984741211,-6.199999809265137
21.845333099,77.0999984741211,-6.199999809265137
22.044528961,77.0999984741211,-6.199999809265137
22.193925857,77.0999984741211,-6.199999809265137
22.343322753,77.0999984741211,-6.199999809265137
22.542518615,77.0999984741211,-6.199999809265137
22.691915512,77.0999984741211,-6.199999809265137
22.841312408,77.0999984741211,-6.199999809265137
23.040508270,77.0999984741211,-6.199999809265137
23.189905166,77.0999984741211,-6.199999809265137
23.355901718,77.0999984741211,-6.199999809265137
23.505298614,77.0999984741211,-6.199999809265137
23.654695510,77.0999984741211,-6.199999809265137
23.804092407,77.0999984741211,-6.199999809265137
24.003288269,77.0999984741211,-6.199999809265137
24.152685165,77.0999984741211,-6.199999809265137
24.302082061,77.0999984741211,-6.199999809265137
24.451478958,77.0999984741211,-6.199999809265137
24.600875854,77.0999984741211,-6.199999809265137
24.800071716,77.0999984741211,-6.199999809265137
24.966068267,77.0999984741211,-6.199999809265137
25.115465164,77.0999984741211,-6.199999809265137
25.264862060,77.0999984741211,-6.199999809265137
25.464057922,77.0999984741211,-6.199999809265137
25.613454818,77.0999984741211,-6.199999809265137
25.762851715,77.0999984741211,-6.199999809265137
25.912248611,77.0999984741211,-6.199999809265137
26.111444473,77.0999984741211,-6.199999809265137
26.260841369,77.0999984741211,-6.199999809265137
26.410238265,77.0999984741211,-6.199999809265137
26.576234817,77.0999984741211,-6.199999809265137
26.775430679,77.0999984741211,-6.199999809265137
26.924827575,77.0999984741211,-6.199999809265137
27.074224472,77.0999984741211,-6.199999809265137
27.223621368,77.0999984741211,-6.199999809265137
27.373018264,77.0999984741211,-6.199999809265137
27.572214126,77.0999984741211,-6.199999809265137
27.721611022,77.0999984741211,-6.199999809265137
27.871007919,77.0999984741211,-6.199999809265137
28.020404815,77.0999984741211,-6.199999809265137
28.169801712,77.0999984741211,-6.199999809265137
28.385597229,77.0999984741211,-6.199999809265137
28.534994125,77.0999984741211,-6.199999809265137
28.684391021,77.0999984741211,-6.199999809265137
28.833787918,77.0999984741211,-6.199999809265137
28.983184814,77.0999984741211,-6.199999809265137
29.182380676,77.0999984741211,-6.199999809265137
29.331777572,77.0999984741211,-6.199999809265137
29.481174468,77.0999984741211,-6.199999809265137
29.630571365,77.0999984741211,-6.199999809265137
29.796567916,77.0999984741211,-6.199999809265137
29.896165847,77.0999984741211,-6.199999809265137
30.095361709,77.0999984741211,-6.199999809265137
30.244758605,77.0999984741211,-6.199999809265137
30.394155502,77.0999984741211,-6.199999809265137
30.543552398,77.0999984741211,-6.199999809265137
30.742748260,77.0999984741211,-6.199999809265137
30.892145156,77.0999984741211,-6.199999809265137
31.041542053,77.0999984741211,-6.199999809265137
31.190938949,77.0999984741211,-6.199999809265137
31.340335845,77.0999984741211,-6.199999809265137
31.506332397,77.0999984741211,-6.199999809265137
31.655729293,77.0999984741211,-6.199999809265137
31.854925155,77.0999984741211,-6.199999809265137
31.954523086,77.0999984741211,-6.199999809265137
32.153736114,77.0999984741211,-6.199999809265137
32.303150177,77.0999984741211,-6.199999809265137
32.452564239,77.0999984741211,-6.199999809265137
32.601978302,77.0999984741211,-6.199999809265137
32.751392364,77.0999984741211,-6.199999809265137
32.950611114,77.0999984741211,-6.199999809265137
33.100025177,77.0999984741211,-6.199999809265137
33.266040802,77.0999984741211,-6.199999809265137
33.415454864,77.0999984741211,-6.199999809265137
33.564868927,77.0999984741211,-6.199999809265137
33.714282989,77.0999984741211,-6.199999809265137
33.913501739,77.0999984741211,-6.199999809265137
34.062915802,77.0999984741211,-6.199999809265137
34.212329864,77.0999984741211,-6.199999809265137
34.361743927,77.0999984741211,-6.199999809265137
34.560962677,77.0999984741211,-6.199999809265137
34.710376739,77.0999984741211,-6.199999809265137
34.876392364,77.0999984741211,-6.199999809265137
35.025806427,77.0999984741211,-6.199999809265137
35.175220489,77.0999984741211,-6.199999809265137
35.374439239,77.0999984741211,-6.199999809265137
35.474048614,77.0999984741211,-6.199999809265137
35.673267364,77.0999984741211,-6.199999809265137
35.822681427,77.0999984741211,-6.199999809265137
35.972095489,77.0999984741211,-6.199999809265137
36.121509552,77.0999984741211,-6.199999809265137
36.270923614,77.0999984741211,-6.199999809265137
36.420337677,77.0999984741211,-6.199999809265137
36.586353302,77.0999984741211,-6.199999809265137
36.735767364,77.0999984741211,-6.199999809265137
36.934986114,77.0999984741211,-6.199999809265137
37.084400177,77.0999984741211,-6.199999809265137
37.233814239,77.0999984741211,-6.199999809265137
37.383228302,77.0999984741211,-6.199999809265137
37.532642364,77.0999984741211,-6.199999809265137
37.731861114,77.0999984741211,-6.199999809265137
37.881275177,77.0999984741211,-6.199999809265137
38.030689239,77.0999984741211,-6.199999809265137
38.229907989,77.0999984741211,-6.199999809265137
38.395923614,77.0999984741211,-6.199999809265137
38.545337677,77.0999984741211,-6.199999809265137
38.694751739,77.0999984741211,-6.199999809265137
38.844165802,77.0999984741211,-6.199999809265137
39.043384552,77.0999984741211,-6.199999809265137
39.192798614,77.0999984741211,-6.199999809265137
39.342212677,77.0999984741211,-6.199999809265137
39.491626739,77.0999984741211,-6.199999809265137
39.641040802,77.0999984741211,-6.199999809265137
39.790454864,77.0999984741211,-6.199999809265137
39.956470489,77.0999984741211,-6.199999809265137
40.105884552,77.0999984741211,-6.199999809265137
40.305103302,77.0999984741211,-6.199999809265137
40.454517364,77.0999984741211,-6.199999809265137
40.603931427,77.0999984741211,-6.199999809265137
40.753345489,77.0999984741211,-6.199999809265137
40.902759552,77.0999984741211,-6.199999809265137
41.101978302,77.0999984741211,-6.199999809265137
41.251392364,77.0999984741211,-6.199999809265137
41.400806427,77.0999984741211,-6.199999809265137
41.550220489,77.0999984741211,-6.199999809265137
41.749439239,77.0999984741211,-6.199999809265137
41.865650177,77.0999984741211,-6.199999809265137
42.064868927,77.0999984741211,-6.212499618530273
42.214282989,77.08698272705078,-6.375155925750732
42.363697052,77.00818634033203,-6.566080093383789
42.513111114,76.88800048828125,-6.702133655548096
42.662525177,76.72160339355469,-6.826478958129883
42.861743927,76.49479675292969,-6.95068359375
43.011157989,76.33944702148438,-7.031579494476318
43.210376739,76.12525177001953,-7.161128520965576
43.376392364,75.96163177490234,-7.280396938323975
43.525806427,75.7997817993164,-7.41102409362793
43.725025177,75.62435150146484,-7.573688507080078
43.874439239,75.61399841308594,-7.583845138549805
44.023853302,75.61399841308594,-7.583845138549805
44.173267364,75.61399841308594,-7.583845138549805
44.322681427,75.61399841308594,-7.583845138549805
44.521900177,75.61204528808594,-7.585762023925781
44.671314239,75.59944152832031,-7.6001715660095215
44.820728302,75.58610534667969,-7.639057159423828
44.920337677,75.58123779296875,-7.763046741485596
45.086353302,75.6507568359375,-7.954150199890137
45.285572052,75.83808898925781,-8.125739097595215
45.434986114,75.99125671386719,-8.213367462158203
45.634204864,76.21942901611328,-8.329161643981934
45.783618927,76.39324188232422,-8.433027267456055
45.982837677,76.59973907470703,-8.581671714782715
46.132251739,76.73322296142578,-8.69504165649414
46.281665802,76.87799072265625,-8.836606979370117
46.480884552,77.04859161376953,-9.023634910583496
46.630298614,77.16679382324219,-9.160225868225098
46.779712677,77.28389739990234,-9.299551010131836
46.995532989,77.47142028808594,-9.515491485595703
47.144947052,77.60735321044922,-9.667458534240723
47.294361114,77.72154235839844,-9.798462867736816
47.493579864,77.89529418945312,-9.984389305114746
47.642993927,78.03685760498047,-10.12342357635498
47.792407989,78.1644287109375,-10.247429847717285
47.991626739,78.34493255615234,-10.426848411560059
48.141040802,78.48851776123047,-10.569655418395996
48.290454864,78.61270141601562,-10.693163871765137
48.489673614,78.78944396972656,-10.870574951171875
48.655689239,78.9303207397461,-11.016061782836914
48.854907989,79.1087646484375,-11.203268051147461
49.004322052,79.2509536743164,-11.355074882507324
49.153736114,79.37333679199219,-11.487924575805664
49.303150177,79.51353454589844,-11.641571044921875
49.502368927,79.64826965332031,-11.784857749938965
49.651782989,79.64826965332031,-11.784857749938965
49.851001739,79.64826965332031,-11.784857749938965
50.000415802,79.64826965332031,-11.784857749938965
50.216236114,79.64826965332031,-11.784857749938965
50.365650177,79.64826965332031,-11.784857749938965
50.515064239,79.74658966064453,-11.900145530700684
50.714282989,79.84488677978516,-12.133831977844238
50.863697052,79.84175109863281,-12.3328275680542
51.013111114,79.80450439453125,-12.50810432434082
51.212329864,79.7328872680664,-12.753759384155273
51.361743927,79.67931365966797,-12.947626113891602
51.511157989,79.6433334350586,-13.121811866760254
51.710376739,79.6116714477539,-13.378398895263672
51.876392364,79.6037826538086,-13.586199760437012
52.025806427,79.60995483398438,-13.792719841003418
52.175220489,79.61918640136719,-13.9717435836792
52.324634552,79.62950134277344,-14.179485321044922
52.474048614,79.6349105834961,-14.360032081604004
52.623462677,79.6366195678711,-14.559813499450684
52.822681427,79.63778686523438,-14.810234069824219
52.972095489,79.63862609863281,-14.989497184753418
53.121509552,79.63960266113281,-15.197497367858887
53.270923614,79.64045715332031,-15.379497528076172
53.420337677,79.64138793945312,-15.579286575317383
53.569751739,79.64220428466797,-15.754444122314453
53.785572052,79.64350891113281,-16.033599853515625
53.934986114,79.64436340332031,-16.215593338012695
54.084400177,79.6431655883789,-16.415376663208008
54.233814239,79.64061737060547,-16.59325408935547
54.433032989,79.63692474365234,-16.85049057006836
54.582447052,79.6339340209961,-17.058467864990234
54.731861114,79.63131713867188,-17.240447998046875
54.881275177,79.62846374511719,-17.44021987915039
55.080493927,79.62486267089844,-17.691986083984375
55.229907989,79.62450408935547,-17.87124252319336
55.395923614,79.62547302246094,-18.07786750793457
55.545337677,79.62640380859375,-18.27765464782715
55.694751739,79.62720489501953,-18.450075149536133
55.844165802,79.628173828125,-18.656700134277344
56.043384552,79.62939453125,-18.916690826416016
56.192798614,79.6302490234375,-19.098684310913086
56.342212677,79.63117980957031,-19.298471450805664
56.491626739,79.63199615478516,-19.4736270904541
56.690845489,79.6332015991211,-19.73088264465332
56.840259552,79.6341781616211,-19.938875198364258
57.006275177,79.63514709472656,-20.14550018310547
57.155689239,79.63597106933594,-20.322023391723633
57.305103302,79.6369400024414,-20.528648376464844
57.454517364,79.6377944946289,-20.710641860961914
57.603931427,79.63875579833984,-20.9158992767334
57.803150177,79.6399154663086,-21.164949417114258
57.952564239,79.6407470703125,-21.34284019470215
58.101978302,79.6417236328125,-21.550832748413086
58.251392364,79.642578125,-21.732826232910156
58.450611114,79.6393814086914,-21.985923767089844
58.600025177,79.62516784667969,-22.186573028564453
58.766040802,79.6088638305664,-22.385696411132812
58.915454864,79.59375762939453,-22.565698623657227
59.064868927,79.57948303222656,-22.77046012878418
59.264087677,79.56909942626953,-23.023391723632812
59.413501739,79.56660461425781,-23.198528289794922
59.612720489,79.56614685058594,-23.458518981933594
59.762134552,79.56407928466797,-23.666501998901367
59.861743927,79.56031036376953,-23.792341232299805
60.011157989,79.55162811279297,-23.970020294189453
60.210376739,79.5352554321289,-24.22402000427246
60.309986114,79.52703094482422,-24.351016998291016
60.525806427,79.51307678222656,-24.635292053222656
60.675220489,79.50947570800781,-24.810409545898438
60.824634552,79.50718688964844,-25.015663146972656
61.023853302,79.50428771972656,-25.275653839111328
61.173267364,79.50456237792969,-25.4576473236084
61.322681427,79.50674438476562,-25.65879249572754
61.472095489,79.5086441040039,-25.833938598632812
61.621509552,79.5108871459961,-26.04056167602539
61.820728302,79.51371002197266,-26.300552368164062
61.970142364,79.51568603515625,-26.482545852661133
62.136157989,79.517822265625,-26.679582595825195
62.285572052,79.52008056640625,-26.887575149536133
62.484790802,79.515380859375,-27.147457122802734
62.634204864,79.50276184082031,-27.324899673461914
62.783618927,79.48432922363281,-27.526580810546875
62.933032989,79.46949005126953,-27.699731826782227
63.132251739,79.45065307617188,-27.957672119140625
63.281665802,79.43297576904297,-28.1649169921875
63.431079864,79.41841888427734,-28.34496307373047
63.580493927,79.40691375732422,-28.477458953857422
63.729907989,79.40691375732422,-28.477458953857422
63.945728302,79.40691375732422,-28.477458953857422
64.095138549,79.40691375732422,-28.477458953857422
64.244552612,79.40331268310547,-28.65276527404785
64.393966674,79.42926025390625,-28.829919815063477
64.593185424,79.51165771484375,-29.071823120117188
64.742599487,79.5982666015625,-29.253305435180664
64.941818237,79.72759246826172,-29.478832244873047
65.091232299,79.81128692626953,-29.635765075683594
65.240646362,79.88892364501953,-29.82855987548828
65.390060424,79.9296875,-30.000167846679688
65.556076049,79.95092010498047,-30.204200744628906
65.755294799,79.94729614257812,-30.45449447631836
65.904708862,79.93014526367188,-30.65766143798828
66.054122924,79.9116439819336,-30.838716506958008
66.203536987,79.89089965820312,-31.045677185058594
66.402755737,79.8761978149414,-31.30107307434082
66.552169799,79.88346099853516,-31.46640968322754
66.701583862,79.90349578857422,-31.589218139648438
66.900802612,79.93628692626953,-31.692121505737305
67.050216674,80.01676940917969,-31.840038299560547
67.216232299,80.15258026123047,-31.99508285522461
67.365646362,80.32577514648438,-32.108863830566406
67.564865112,80.5638198852539,-32.16691589355469
67.714279174,80.74485778808594,-32.15372848510742
67.913497924,80.97875213623047,-32.06049346923828
68.112716674,81.01361083984375,-32.0379753112793
68.311935424,81.01361083984375,-32.0379753112793
68.461349487,81.01361083984375,-32.0379753112793
68.660568237,81.01361083984375,-32.0379753112793
68.859786987,81.01361083984375,-32.0379753112793
69.025802612,81.01361083984375,-32.0379753112793
69.225021362,81.02385711669922,-32.03081512451172
69.424240112,81.233642578125,-31.916961669921875
69.573654174,81.4017333984375,-31.891521453857422
69.772872924,81.65594482421875,-31.94215202331543
69.972091674,81.90380096435547,-32.0206184387207
70.121505737,82.1050033569336,-32.07332992553711
70.320724487,82.35844421386719,-32.12441635131836
70.470138549,82.53369903564453,-32.14527130126953
70.685958862,82.8152847290039,-32.15693664550781
70.835372924,82.9972915649414,-32.15778350830078
71.034591674,83.24764251708984,-32.152748107910156
71.233810424,83.44837188720703,-32.12995910644531
71.433029174,83.44837188720703,-32.12995910644531
71.632247924,83.44837188720703,-32.12995910644531
71.781661987,83.44837188720703,-32.12995910644531
71.980880737,83.44837188720703,-32.12995910644531
72.180099487,83.67587280273438,-32.09922409057617
72.346115112,83.87669372558594,-32.08842849731445
72.545333862,84.13665771484375,-32.09207534790039
72.694747924,84.31854248046875,-32.0988655090332
72.893966674,84.567138671875,-32.11372756958008
73.093185424,84.81553649902344,-32.13143539428711
73.242599487,85.01765441894531,-32.1441535949707
73.441818237,85.2774887084961,-32.15321350097656
73.591232299,85.45948791503906,-32.1546745300293
73.790451049,85.71125793457031,-32.15280532836914
73.956466674,85.91651916503906,-32.15121078491211
74.155685424,86.17652893066406,-32.14918899536133
74.305099487,86.37767028808594,-32.14762878417969
74.504318237,86.62532043457031,-32.14570999145508
74.653732299,86.80183410644531,-32.14434051513672
74.753341674,86.93183898925781,-32.14332962036133
74.952560424,87.19184875488281,-32.14130783081055
75.151779174,87.44499206542969,-32.13934326171875
75.350997924,87.69676208496094,-32.13747024536133
75.500411987,87.74565124511719,-32.13740539550781
75.649826049,87.90789794921875,-32.14829635620117
75.865646362,88.16786193847656,-32.25460433959961
76.064865112,88.36214447021484,-32.426856994628906
76.214279174,88.4891128540039,-32.55340576171875
76.413497924,88.67408752441406,-32.73020935058594
76.612716674,88.86750793457031,-32.8955078125
76.762130737,89.03092193603516,-33.012725830078125
76.961349487,89.223388671875,-33.13522720336914
77.110763549,89.223388671875,-33.13522720336914
77.309982299,89.23401641845703,-33.14180374145508
77.475997924,89.37530517578125,-33.24399948120117
77.625411987,89.52195739746094,-33.383487701416016
77.774826049,89.64059448242188,-33.52146530151367
77.974044799,89.7936782836914,-33.72307205200195
78.123458862,89.91874694824219,-33.88927459716797
78.322677612,90.06863403320312,-34.08646774291992
78.472091674,90.18017578125,-34.228538513183594
78.671310424,90.34475708007812,-34.41537857055664
78.820724487,90.48868560791016,-34.56362533569336
78.970138549,90.61125183105469,-34.68684005737305
79.185958862,90.6595458984375,-34.73540496826172
79.335372924,90.6595458984375,-34.73540496826172
79.534591674,90.6595458984375,-34.73540496826172
79.733810424,90.6595458984375,-34.73540496826172
79.883224487,90.6595458984375,-34.73540496826172
80.082443237,90.80000305175781,-34.9098014831543
80.231857299,90.85614013671875,-35.0787353515625
80.431076049,90.8093032836914,-35.32938003540039
80.580490112,90.69022369384766,-35.499061584472656
80.729904174,90.56210327148438,-35.624393463134766
80.945724487,90.35892486572266,-35.823612213134766
81.144943237,90.20211791992188,-36.01854705810547
81.294357299,90.10836029052734,-36.16645812988281
81.443771362,90.00988006591797,-36.34961700439453
81.642990112,89.906982421875,-36.57632064819336
81.792404174,89.84440612792969,-36.74284362792969
81.991622924,89.75605010986328,-36.98735809326172
82.141036987,89.68203735351562,-37.178802490234375
82.290451049,89.6086196899414,-37.345306396484375
82.456466674,89.51993560791016,-37.533447265625
82.605880737,89.43169403076172,-37.72179412841797
82.805099487,89.322509765625,-37.956241607666016
82.954513549,89.24224090576172,-38.11957931518555
83.103927612,89.14891052246094,-38.305458068847656
83.253341674,89.07072448730469,-38.46677780151367
83.452560424,88.96045684814453,-38.69618225097656
83.601974487,88.87491607666016,-38.878238677978516
83.801193237,88.76741790771484,-39.11195755004883
83.950607299,88.69144439697266,-39.27733612060547
84.149826049,88.58311462402344,-39.51367950439453
84.315841674,88.49234771728516,-39.70082473754883
84.465255737,88.4385757446289,-39.808658599853516
84.614669799,88.4385757446289,-39.808658599853516
84.813888549,88.4385757446289,-39.808658599853516
84.963302612,88.4385757446289,-39.808658599853516
85.162521362,88.37386322021484,-39.961891174316406
85.311935424,88.33551025390625,-40.132568359375
85.461349487,88.32440185546875,-40.33732986450195
85.660568237,88.34510040283203,-40.584022521972656
85.809982299,88.36895751953125,-40.763065338134766
85.975997924,88.39132690429688,-40.958839416503906
86.125411987,88.40948486328125,-41.163291931152344
86.274826049,88.42127990722656,-41.34490203857422
86.474044799,88.43108367919922,-41.60197067260742
86.623458862,88.43303680419922,-41.80448532104492
86.822677612,88.42835235595703,-42.05348205566406
86.972091674,88.42153930664062,-42.235347747802734
87.121505737,88.41149139404297,-42.443115234375
87.320724487,88.39903259277344,-42.69871139526367
87.470138549,88.39262390136719,-42.87648391723633
87.636154174,88.3896484375,-43.07762145996094
87.785568237,88.38739013671875,-43.28559875488281
87.984786987,88.38461303710938,-43.541473388671875
88.134201049,88.38390350341797,-43.71800231933594
88.283615112,88.38490295410156,-43.91916275024414
88.482833862,88.38619995117188,-44.17917251586914
88.632247924,88.3871078491211,-44.36117935180664
88.781661987,88.38811492919922,-44.5637092590332
88.980880737,88.38937377929688,-44.816871643066406
89.130294799,88.3902816772461,-44.998878479003906
89.296310424,88.39131927490234,-45.206886291503906
89.445724487,88.392333984375,-45.41078567504883
89.644943237,88.39362335205078,-45.66942596435547
89.744552612,88.39427185058594,-45.79943084716797
89.893966674,88.39517974853516,-45.98143768310547
90.093185424,88.39640808105469,-46.229122161865234
90.242599487,88.39739990234375,-46.42891311645508
90.392013549,88.39828491210938,-46.6068115234375
90.591232299,88.39958190917969,-46.8668212890625
90.740646362,88.40060424804688,-47.07209014892578
90.890060424,88.4014892578125,-47.2499885559082
91.056076049,88.40248107910156,-47.44977951049805
91.205490112,88.40348815917969,-47.65230941772461
91.404708862,88.40477752685547,-47.91094970703125
91.554122924,88.4034423828125,-48.08747100830078
91.753341674,88.39913177490234,-48.34059524536133
91.902755737,88.39561462402344,-48.547203063964844
92.101974487,88.39118957519531,-48.80717468261719
92.251388549,88.38813781738281,-48.98641586303711
92.450607299,88.38501739501953,-49.23955535888672
92.600021362,88.38597106933594,-49.44619369506836
92.766036987,88.38700866699219,-49.65420150756836
92.965255737,88.38827514648438,-49.90873336791992
93.114669799,88.38917541503906,-50.08937072753906
93.264083862,88.39021301269531,-50.29737854003906
93.463302612,88.3915023803711,-50.5560188293457
93.612716674,88.39237976074219,-50.732547760009766
93.811935424,88.39366149902344,-50.98981857299805
93.961349487,88.39469909667969,-51.19782638549805
94.110763549,88.3956069946289,-51.37983322143555
94.309982299,88.3968734741211,-51.63436508178711
94.475997924,88.39786529541016,-51.83415603637695
94.625411987,88.3989028930664,-52.04216384887695
94.824630737,88.4001693725586,-52.296695709228516
94.974044799,88.4010238647461,-52.4691162109375
95.123458862,88.40203094482422,-52.67164611816406
95.272872924,88.40291595458984,-52.849544525146484
95.472091674,88.40421295166016,-53.109554290771484
95.621505737,88.40411376953125,-53.314823150634766
95.820724487,88.40216064453125,-53.56935501098633
95.970138549,88.40079498291016,-53.74725341796875
96.136154174,88.39920806884766,-53.95526123046875
96.335372924,88.39724731445312,-54.21116256713867
96.484786987,88.39568328857422,-54.415061950683594
96.684005737,88.3936996459961,-54.675071716308594
96.833419799,88.3923110961914,-54.857078552246094
97.032638549,88.3903579711914,-55.111610412597656
97.182052612,88.38880157470703,-55.31414031982422
97.381271362,88.38826751708984,-55.56455612182617
97.530685424,88.39891815185547,-55.746212005615234
97.729904174,88.42681884765625,-56.00471115112305
97.895919799,88.4463882446289,-56.20353698730469
98.095138549,88.46446228027344,-56.462894439697266
98.244552612,88.47303009033203,-56.67071533203125
98.443771362,88.47474670410156,-56.926570892333984
98.593185424,88.46369171142578,-57.09998321533203
98.792404174,88.43753814697266,-57.35865783691406
98.941818237,88.4156265258789,-57.56550598144531
99.141036987,88.39238739013672,-57.81895446777344
99.290451049,88.38220977783203,-57.991058349609375
99.456466674,88.3819580078125,-58.190834045410156
99.655685424,88.39901733398438,-58.4446907043457
99.805099487,88.42401885986328,-58.651180267333984
100.004318237,88.4505615234375,-58.9043083190918
100.153732299,88.46432495117188,-59.081661224365234
100.352951049,88.47535705566406,-59.34136962890625
100.502365112,88.45437622070312,-59.547882080078125
100.701583862,88.36103057861328,-59.786590576171875
100.850997924,88.25994873046875,-59.93446731567383
101.050216674,88.0832290649414,-60.12306594848633
101.216232299,87.93824005126953,-60.27216720581055
101.365646362,87.81346130371094,-60.438194274902344
101.564865112,87.6972427368164,-60.6644172668457
101.714279174,87.62869262695312,-60.830055236816406
101.913497924,87.52716827392578,-61.06791687011719
102.062911987,87.4401626586914,-61.250762939453125
102.262130737,87.3159408569336,-61.47447967529297
102.411544799,87.2275619506836,-61.62410354614258
102.610763549,87.08779907226562,-61.843326568603516
102.760177612,86.98309326171875,-62.00023651123047
102.926193237,86.96907043457031,-62.02003479003906
103.125411987,86.96907043457031,-62.02003479003906
103.274826049,86.96907043457031,-62.02003479003906
103.474044799,86.96907043457031,-62.02003479003906
103.673263549,86.96907043457031,-62.02003479003906
103.822677612,86.8946304321289,-62.115055084228516
103.972091674,86.7678451538086,-62.215999603271484
104.171310424,86.52409362792969,-62.26286697387695
104.320724487,86.3241195678711,-62.213218688964844
104.470138549,86.15912628173828,-62.139801025390625
104.586349487,86.02169036865234,-62.07843780517578
104.735763549,85.85181427001953,-62.017303466796875
104.885177612,85.64935302734375,-61.970252990722656
105.084396362,85.3987808227539,-61.948299407958984
105.233810424,85.22923278808594,-61.954185485839844
105.433029174,84.98135375976562,-61.97821044921875
105.582443237,84.78227233886719,-61.9949836730957
105.731857299,84.6006088256836,-62.005950927734375
105.931076049,84.34077453613281,-62.01465606689453
106.130294799,84.0890121459961,-62.01518249511719
106.296310424,83.88519287109375,-62.00979995727539
106.445724487,83.6773681640625,-62.002017974853516
106.644943237,83.42166137695312,-61.992916107177734
106.794357299,83.24515533447266,-61.990211486816406
106.993576049,82.9933853149414,-61.988731384277344
107.142990112,82.7853775024414,-61.987510681152344
107.342208862,82.52674102783203,-61.985992431640625
107.491622924,82.35022735595703,-61.984954833984375
107.690841674,82.09845733642578,-61.98347473144531
107.840255737,81.8918228149414,-61.982261657714844
108.006271362,81.6838150024414,-61.98324966430664
108.205490112,81.4292984008789,-61.986568450927734
108.354904174,81.25003814697266,-61.98890686035156
108.554122924,80.99002838134766,-61.99230194091797
108.703536987,80.78339385986328,-61.994998931884766
108.852951049,80.60688018798828,-61.99729919433594
109.052169799,80.35511016845703,-62.000579833984375
109.201583862,80.14710235595703,-62.00205993652344
109.400802612,79.88846588134766,-62.00054168701172
109.550216674,79.71195220947266,-61.99950408935547
109.766036987,79.43143463134766,-61.99785614013672
109.915451049,79.25080108642578,-61.996795654296875
110.114669799,78.99353790283203,-61.99528503417969
110.264083862,78.7951431274414,-61.994117736816406
110.463302612,78.54337310791016,-61.992637634277344
110.612716674,78.36136627197266,-61.99156951904297
110.811935424,78.10135650634766,-61.99004364013672
110.961349487,77.8960952758789,-61.98883819580078
111.160568237,77.64569854736328,-61.98736572265625
111.309982299,77.46369171142578,-61.986297607421875
111.475997924,77.25568389892578,-61.985076904296875
111.625411987,77.05316925048828,-61.98388671875
111.824630737,76.79727935791016,-61.982383728027344
111.974044799,76.61527252197266,-61.98335647583008
112.173263549,76.3580093383789,-61.98588180541992
112.322677612,76.15961456298828,-61.98781967163086
112.472091674,75.98584747314453,-61.98951721191406
112.671310424,75.73133087158203,-61.9919319152832
112.820724487,75.52751922607422,-61.98783874511719
113.036544799,75.27543640136719,-61.953880310058594
113.185958862,75.07261657714844,-61.907928466796875
113.385177612,74.82225036621094,-61.83796310424805
113.534591674,74.65283966064453,-61.779361724853516
113.684005737,74.4596939086914,-61.70992660522461
113.883224487,74.21488952636719,-61.6406364440918
114.032638549,74.03631591796875,-61.60566329956055
114.231857299,73.77991485595703,-61.56257247924805
114.381271362,73.57937622070312,-61.53429412841797
114.580490112,73.32582092285156,-61.5131721496582
114.729904174,73.1438980102539,-61.508079528808594
114.945724487,72.86064147949219,-61.50768280029297
115.095138549,72.71324157714844,-61.50878143310547
115.294357299,72.45880126953125,-61.515357971191406
115.443771362,72.25493621826172,-61.5189208984375
115.642990112,72.0044937133789,-61.51914978027344
115.792404174,71.8224868774414,-61.519256591796875
115.941818237,71.6144790649414,-61.519378662109375
116.141036987,71.35993194580078,-61.51953125
116.290451049,71.18475341796875,-61.51963806152344
116.506271362,70.90147399902344,-61.519805908203125
116.655685424,70.71946716308594,-61.51991271972656
116.805099487,70.51282501220703,-61.52003479003906
117.004318237,70.2582778930664,-61.52018737792969
117.103927612,70.1282730102539,-61.519775390625
117.303146362,69.86865234375,-61.50640869140625
117.452560424,69.69275665283203,-61.49160385131836
117.651779174,69.44479370117188,-61.468448638916016
117.801193237,69.24533081054688,-61.44277572631836
118.000411987,68.99529266357422,-61.38876724243164
118.149826049,68.81974792480469,-61.34074020385742
118.315841674,68.61983489990234,-61.28330993652344
118.515060424,68.37187957763672,-61.209754943847656
118.664474487,68.17637634277344,-61.156898498535156
118.863693237,68.12882232666016,-61.14554214477539
119.062911987,68.12882232666016,-61.14554214477539
119.212326049,67.98251342773438,-61.104549407958984
119.411544799,67.75363159179688,-61.00710678100586
119.560958862,67.5857925415039,-60.90663146972656
119.760177612,67.37898254394531,-60.756099700927734
119.909591674,67.23686981201172,-60.642398834228516
120.075607299,67.07687377929688,-60.516021728515625
120.274826049,66.87224578857422,-60.35786437988281
120.424240112,66.7065658569336,-60.23670959472656
120.623458862,66.48914337158203,-60.096797943115234
120.822677612,66.26954650878906,-59.97083282470703
120.972091674,66.11539459228516,-59.88206100463867
121.171310424,65.90676879882812,-59.739036560058594
121.320724487,65.75633239746094,-59.60160827636719
121.536544799,65.5902099609375,-59.40711975097656
121.685958862,65.4693832397461,-59.237876892089844
121.885177612,65.32939910888672,-59.0187873840332
122.084396362,65.19294738769531,-58.81045913696289
122.233810424,65.09368133544922,-58.65792465209961
122.433029174,64.94782257080078,-58.446197509765625
122.632247924,64.7942886352539,-58.275718688964844
122.781661987,64.7857894897461,-58.267059326171875
122.980880737,64.7857894897461,-58.267059326171875
123.180099487,64.7857894897461,-58.267059326171875
123.346115112,64.7857894897461,-58.267059326171875
123.545333862,64.7857894897461,-58.267059326171875
123.694747924,64.7857894897461,-58.267059326171875
123.893966674,64.7857894897461,-58.267059326171875
124.093185424,64.7857894897461,-58.267059326171875
124.292404174,64.7857894897461,-58.267059326171875
124.441818237,64.7857894897461,-58.267059326171875
124.641036987,64.7857894897461,-58.267059326171875
124.840255737,64.7857894897461,-58.267059326171875
125.006271362,64.7857894897461,-58.267059326171875
125.155685424,64.7857894897461,-58.267059326171875
125.354904174,64.7857894897461,-58.267059326171875
125.554122924,64.7857894897461,-58.267059326171875
125.703536987,64.7857894897461,-58.267059326171875
125.902755737,64.7857894897461,-58.267059326171875
126.101974487,64.7857894897461,-58.267059326171875
126.301193237,64.7857894897461,-58.267059326171875
126.450607299,64.7857894897461,-58.267059326171875
126.649826049,64.7857894897461,-58.267059326171875
126.815841674,64.7857894897461,-58.267059326171875
127.015060424,64.7857894897461,-58.267059326171875
127.164474487,64.7857894897461,-58.267059326171875
127.363693237,64.7857894897461,-58.267059326171875
127.562911987,64.7857894897461,-58.267059326171875
127.712326049,64.7857894897461,-58.267059326171875
127.911544799,64.7857894897461,-58.267059326171875
128.060958862,64.7857894897461,-58.267059326171875
128.260177612,64.7857894897461,-58.267059326171875
128.426193237,64.7857894897461,-58.267059326171875
128.625411987,64.7857894897461,-58.267059326171875
128.824630737,64.7857894897461,-58.267059326171875
128.974044799,64.7857894897461,-58.267059326171875
129.173263549,64.7857894897461,-58.267059326171875
129.322677612,64.7857894897461,-58.267059326171875
129.521896362,64.7857894897461,-58.267059326171875
129.721115112,64.7857894897461,-58.267059326171875
129.870529174,64.7857894897461,-58.267059326171875
130.086349487,64.7857894897461,-58.267059326171875
130.235763549,64.7857894897461,-58.267059326171875
130.434982299,64.7857894897461,-58.267059326171875
130.584396362,64.7857894897461,-58.267059326171875
130.783615112,64.7857894897461,-58.267059326171875
130.982833862,64.77857971191406,-58.258846282958984
131.182052612,64.77577209472656,-58.254154205322266
131.331466674,64.77800750732422,-58.24346160888672
131.530685424,64.79183959960938,-58.227210998535156
131.680099487,64.94367980957031,-58.16677474975586
131.895919799,65.18313598632812,-58.195899963378906
131.995529174,65.29181671142578,-58.2640495300293
132.144943237,65.43506622314453,-58.41434860229492
132.344161987,65.48492431640625,-58.47818374633789
132.493576049,65.48492431640625,-58.47818374633789
132.692794799,65.48492431640625,-58.47818374633789
132.842208862,65.48492431640625,-58.47818374633789
132.991622924,65.48759460449219,-58.4787712097168
133.190841674,65.48759460449219,-58.4787712097168
133.390060424,65.53646850585938,-58.429595947265625
133.556076049,65.57737731933594,-58.275943756103516
133.755294799,65.57501220703125,-58.19413375854492
133.904708862,65.57501220703125,-58.19413375854492
134.103927612,65.57501220703125,-58.19413375854492
134.303146362,65.57501220703125,-58.19413375854492
134.452560424,65.52906036376953,-58.0493278503418
134.651779174,65.4886703491211,-57.799625396728516
134.801193237,65.47117614746094,-57.59374237060547
135.000411987,65.4638900756836,-57.500526428222656
135.199630737,65.4638900756836,-57.500526428222656
135.365646362,65.4638900756836,-57.500526428222656
135.564865112,65.4638900756836,-57.500526428222656
135.714279174,65.4638900756836,-57.500526428222656
135.913497924,65.4638900756836,-57.500526428222656
136.062911987,65.4638900756836,-57.500526428222656
136.262130737,65.4638900756836,-57.500526428222656
136.461349487,65.4638900756836,-57.500526428222656
136.660568237,65.4638900756836,-57.500526428222656
136.809982299,65.4638900756836,-57.500526428222656
137.025802612,65.4638900756836,-57.500526428222656
137.175216674,65.4638900756836,-57.500526428222656
137.374435424,65.4638900756836,-57.500526428222656
137.573654174,65.4638900756836,-57.500526428222656
137.772872924,65.4638900756836,-57.500526428222656
137.922286987,65.4638900756836,-57.500526428222656
138.121505737,65.4638900756836,-57.500526428222656
138.320724487,65.4638900756836,-57.500526428222656
138.470138549,65.4638900756836,-57.500526428222656
138.685958862,65.4638900756836,-57.500526428222656
138.835372924,65.4638900756836,-57.500526428222656
139.034591674,65.4638900756836,-57.500526428222656
139.184005737,65.4638900756836,-57.500526428222656
139.383224487,65.4638900756836,-57.500526428222656
139.582443237,65.4638900756836,-57.500526428222656
139.781661987,65.4638900756836,-57.500526428222656
139.931076049,65.4638900756836,-57.500526428222656
140.130294799,65.4638900756836,-57.500526428222656
140.296310424,65.4638900756836,-57.500526428222656
140.495529174,65.4638900756836,-57.500526428222656
140.644943237,65.4638900756836,-57.500526428222656
140.844161987,65.4638900756836,-57.500526428222656
141.043380737,65.4638900756836,-57.500526428222656
141.192794799,65.4638900756836,-57.500526428222656
141.392013549,65.4638900756836,-57.500526428222656
141.541427612,65.4638900756836,-57.500526428222656
141.740646362,65.4638900756836,-57.500526428222656
141.890060424,65.4638900756836,-57.500526428222656
142.105880737,65.4638900756836,-57.500526428222656
142.305099487,65.4638900756836,-57.500526428222656
142.454513549,65.4638900756836,-57.500526428222656
142.653732299,65.4638900756836,-57.500526428222656
142.852951049,65.4638900756836,-57.500526428222656
143.052169799,65.4638900756836,-57.500526428222656
143.201583862,65.4638900756836,-57.500526428222656
143.350997924,65.4638900756836,-57.500526428222656
143.550216674,65.4638900756836,-57.500526428222656
143.716232299,65.4638900756836,-57.500526428222656
143.865646362,65.4638900756836,-57.500526428222656
144.064865112,65.4638900756836,-57.500526428222656
144.264083862,65.4638900756836,-57.500526428222656
144.413497924,65.4638900756836,-57.500526428222656
144.612716674,65.4638900756836,-57.500526428222656
144.762130737,65.4638900756836,-57.500526428222656
144.961349487,65.4638900756836,-57.500526428222656
145.110763549,65.4638900756836,-57.500526428222656
145.309982299,65.4638900756836,-57.500526428222656
145.475997924,65.4638900756836,-57.500526428222656
145.675216674,65.4638900756836,-57.500526428222656
145.824630737,65.4638900756836,-57.500526428222656
146.023849487,65.4638900756836,-57.500526428222656
146.223068237,65.4638900756836,-57.500526428222656
146.372482299,65.4638900756836,-57.500526428222656
146.571701049,65.4638900756836,-57.500526428222656
146.721115112,65.4638900756836,-57.500526428222656
146.870529174,65.4638900756836,-57.500526428222656
147.086349487,65.4638900756836,-57.500526428222656
147.235763549,65.4638900756836,-57.500526428222656
147.434982299,65.4638900756836,-57.500526428222656
147.584396362,65.4638900756836,-57.500526428222656
147.783615112,65.4638900756836,-57.500526428222656
147.933029174,65.4638900756836,-57.500526428222656
148.132247924,65.4638900756836,-57.500526428222656
148.281661987,65.4638900756836,-57.500526428222656
148.480880737,65.4638900756836,-57.500526428222656
148.680099487,65.4638900756836,-57.500526428222656
148.829513549,65.4638900756836,-57.500526428222656
149.045333862,65.4638900756836,-57.500526428222656
149.194747924,65.4638900756836,-57.500526428222656
149.393966674,65.4638900756836,-57.500526428222656
149.493576049,65.4638900756836,-57.500526428222656
149.642990112,65.4638900756836,-57.500526428222656
149.842208862,65.4638900756836,-57.500526428222656
149.991622924,65.4638900756836,-57.500526428222656
150.190841674,65.4638900756836,-57.500526428222656
150.390060424,65.4638900756836,-57.500526428222656
150.556076049,65.4638900756836,-57.500526428222656
150.705490112,65.4638900756836,-57.500526428222656
150.904708862,65.4638900756836,-57.500526428222656
151.054122924,65.4638900756836,-57.500526428222656
151.253341674,65.4638900756836,-57.500526428222656
151.402755737,65.4638900756836,-57.500526428222656
151.601974487,65.4638900756836,-57.500526428222656
151.751388549,65.4638900756836,-57.500526428222656
151.950607299,65.4638900756836,-57.500526428222656
152.100021362,65.4638900756836,-57.500526428222656
152.315841674,65.4638900756836,-57.500526428222656
152.465255737,65.4638900756836,-57.500526428222656
152.664474487,65.4638900756836,-57.500526428222656
152.813888549,65.4638900756836,-57.500526428222656
153.013107299,65.4638900756836,-57.500526428222656
153.162521362,65.4638900756836,-57.500526428222656
153.361740112,65.4638900756836,-57.500526428222656
153.560958862,65.4638900756836,-57.500526428222656
153.710372924,65.4638900756836,-57.500526428222656
153.926193237,65.4638900756836,-57.500526428222656
154.075607299,65.4638900756836,-57.500526428222656
154.274826049,65.4638900756836,-57.500526428222656
154.474044799,65.4638900756836,-57.500526428222656
154.623458862,65.4638900756836,-57.500526428222656
154.822677612,65.4638900756836,-57.500526428222656
155.021896362,65.4638900756836,-57.500526428222656
155.171310424,65.4638900756836,-57.500526428222656
155.370529174,65.4638900756836,-57.500526428222656
155.536544799,65.4638900756836,-57.500526428222656
155.735763549,65.4638900756836,-57.500526428222656
155.934982299,65.4638900756836,-57.500526428222656
156.084396362,65.4638900756836,-57.500526428222656
156.233810424,65.4638900756836,-57.500526428222656
156.433029174,65.4638900756836,-57.500526428222656
156.632247924,65.4638900756836,-57.500526428222656
156.781661987,65.4638900756836,-57.500526428222656
156.980880737,65.4638900756836,-57.500526428222656
157.130294799,65.4638900756836,-57.500526428222656
157.346115112,65.4638900756836,-57.500526428222656
157.495529174,65.4638900756836,-57.500526428222656
157.694747924,65.4638900756836,-57.500526428222656
157.844161987,65.4638900756836,-57.500526428222656
158.043380737,65.4638900756836,-57.500526428222656
158.242599487,65.4638900756836,-57.500526428222656
158.392013549,65.4638900756836,-57.500526428222656
158.591232299,65.4638900756836,-57.500526428222656
158.740646362,65.4638900756836,-57.500526428222656
158.956466674,65.4638900756836,-57.500526428222656
159.105880737,65.4638900756836,-57.500526428222656
159.305099487,65.4638900756836,-57.500526428222656
159.454513549,65.4638900756836,-57.500526428222656
159.653732299,65.4638900756836,-57.500526428222656
159.803146362,65.4638900756836,-57.500526428222656
160.002365112,65.4638900756836,-57.500526428222656
160.151779174,65.4638900756836,-57.500526428222656
160.350997924,65.4638900756836,-57.500526428222656
160.550216674,65.4638900756836,-57.500526428222656
160.716232299,65.4638900756836,-57.500526428222656
160.915451049,65.4638900756836,-57.500526428222656
161.064865112,65.4638900756836,-57.500526428222656
161.264083862,65.4638900756836,-57.500526428222656
161.413497924,65.4638900756836,-57.500526428222656
161.562911987,65.4638900756836,-57.500526428222656
161.762130737,65.4638900756836,-57.500526428222656
161.911544799,65.4638900756836,-57.500526428222656
162.110763549,65.4638900756836,-57.500526428222656
162.309982299,65.4638900756836,-57.500526428222656
162.475997924,65.4638900756836,-57.500526428222656
162.675216674,65.4638900756836,-57.500526428222656
162.824630737,65.4638900756836,-57.500526428222656
163.023849487,65.4638900756836,-57.500526428222656
163.173263549,65.4638900756836,-57.500526428222656
163.372482299,65.4638900756836,-57.500526428222656
163.571701049,65.4638900756836,-57.500526428222656
163.721115112,65.4638900756836,-57.500526428222656
163.920333862,65.4638900756836,-57.500526428222656
164.086349487,65.4638900756836,-57.500526428222656
164.285568237,65.4638900756836,-57.500526428222656
164.434982299,65.4638900756836,-57.500526428222656
164.634201049,65.4638900756836,-57.500526428222656
164.833419799,65.4638900756836,-57.500526428222656
164.982833862,65.4638900756836,-57.500526428222656
165.132247924,65.4638900756836,-57.500526428222656
165.331466674,65.4638900756836,-57.500526428222656
165.480880737,65.4638900756836,-57.500526428222656
165.680099487,65.4638900756836,-57.500526428222656
165.846115112,65.4638900756836,-57.500526428222656
166.045333862,65.4638900756836,-57.500526428222656
166.244552612,65.4638900756836,-57.500526428222656
166.393966674,65.4638900756836,-57.500526428222656
166.593185424,65.4638900756836,-57.500526428222656
166.742599487,65.4638900756836,-57.500526428222656
166.842208862,65.4638900756836,-57.500526428222656
167.041427612,65.4638900756836,-57.500526428222656
167.240646362,65.4638900756836,-57.500526428222656
167.390060424,65.4638900756836,-57.500526428222656
167.605880737,65.4638900756836,-57.500526428222656
167.755294799,65.4638900756836,-57.500526428222656
167.954513549,65.4638900756836,-57.500526428222656
168.103927612,65.4638900756836,-57.500526428222656
168.303146362,65.4638900756836,-57.500526428222656
168.452560424,65.4638900756836,-57.500526428222656
168.651779174,65.4638900756836,-57.500526428222656
168.801193237,65.4638900756836,-57.500526428222656
169.000411987,65.4638900756836,-57.500526428222656
169.199630737,65.4638900756836,-57.500526428222656
169.365646362,65.4638900756836,-57.500526428222656
169.515060424,65.4638900756836,-57.500526428222656
169.714279174,65.4638900756836,-57.500526428222656
169.863693237,65.4638900756836,-57.500526428222656
170.062911987,65.4638900756836,-57.500526428222656
170.212326049,65.4638900756836,-57.500526428222656
170.411544799,65.4638900756836,-57.500526428222656
170.610763549,65.4638900756836,-57.500526428222656
170.760177612,65.4638900756836,-57.500526428222656
170.975997924,65.4638900756836,-57.500526428222656
171.125411987,65.4638900756836,-57.500526428222656
171.324630737,65.4638900756836,-57.500526428222656
171.474044799,65.4638900756836,-57.500526428222656
171.673263549,65.4638900756836,-57.500526428222656
171.872482299,65.4638900756836,-57.500526428222656
172.021896362,65.4638900756836,-57.500526428222656
172.221115112,65.4638900756836,-57.500526428222656
172.370529174,65.4638900756836,-57.500526428222656
172.536544799,65.4638900756836,-57.500526428222656
172.735763549,65.4638900756836,-57.500526428222656
172.934982299,65.4638900756836,-57.500526428222656
173.084396362,65.4638900756836,-57.500526428222656
173.283615112,65.4638900756836,-57.500526428222656
173.433029174,65.4638900756836,-57.500526428222656
173.582443237,65.4638900756836,-57.500526428222656
173.781661987,65.4638900756836,-57.500526428222656
173.931076049,65.4638900756836,-57.500526428222656
174.130294799,65.4638900756836,-57.500526428222656
174.296310424,65.4638900756836,-57.500526428222656
174.495529174,65.4638900756836,-57.500526428222656
174.644943237,65.4638900756836,-57.500526428222656
174.844161987,65.4638900756836,-57.500526428222656
174.993576049,65.4638900756836,-57.500526428222656
175.192794799,65.4638900756836,-57.500526428222656
175.342208862,65.4638900756836,-57.500526428222656
175.541427612,65.4638900756836,-57.500526428222656
175.690841674,65.4638900756836,-57.500526428222656
175.890060424,65.4638900756836,-57.500526428222656
176.056076049,65.4638900756836,-57.500526428222656
176.255294799,65.4638900756836,-57.500526428222656
176.404708862,65.4638900756836,-57.500526428222656
176.603927612,65.4638900756836,-57.500526428222656
176.753341674,65.4638900756836,-57.500526428222656
176.952560424,65.4638900756836,-57.500526428222656
177.151779174,65.4638900756836,-57.500526428222656
177.301193237,65.4638900756836,-57.500526428222656
177.500411987,65.4638900756836,-57.500526428222656
177.649826049,65.4638900756836,-57.500526428222656
177.865646362,65.4638900756836,-57.500526428222656
178.015060424,65.4638900756836,-57.500526428222656
178.214279174,65.4638900756836,-57.500526428222656
178.363693237,65.4638900756836,-57.500526428222656
178.562911987,65.4638900756836,-57.500526428222656
178.712326049,65.4638900756836,-57.500526428222656
178.911544799,65.4638900756836,-57.500526428222656
179.060958862,65.4638900756836,-57.500526428222656
179.260177612,65.4638900756836,-57.500526428222656
179.426193237,65.4638900756836,-57.500526428222656
179.575607299,65.4638900756836,-57.500526428222656
179.774826049,65.4638900756836,-57.500526428222656
179.924240112,65.4638900756836,-57.500526428222656
180.123458862,65.4638900756836,-57.500526428222656
180.322677612,65.4638900756836,-57.500526428222656
180.472091674,65.4638900756836,-57.500526428222656
180.671310424,65.4638900756836,-57.500526428222656
180.820724487,65.4638900756836,-57.500526428222656
181.036544799,65.46339416503906,-57.49507522583008
181.185958862,65.46080780029297,-57.484474182128906
181.385177612,65.40351867675781,-57.42864990234375
181.534591674,65.24728393554688,-57.36850357055664
181.733810424,65.00012969970703,-57.402042388916016
181.883224487,64.8373794555664,-57.52288055419922
182.082443237,64.6815414428711,-57.73050308227539
182.231857299,64.58057403564453,-57.88191223144531
182.381271362,64.45613098144531,-58.039798736572266
182.580490112,64.27214050292969,-58.21529769897461
182.729904174,64.12529754638672,-58.32271194458008
182.895919799,63.95033645629883,-58.4299430847168
183.095138549,63.72149658203125,-58.547393798828125
183.244552612,63.53388595581055,-58.63718795776367
183.443771362,63.29792404174805,-58.746360778808594
183.593185424,63.13322830200195,-58.82380676269531
183.792404174,62.91632843017578,-58.934635162353516
183.941818237,62.73750686645508,-59.0267333984375
184.091232299,62.57601547241211,-59.110652923583984
184.290451049,62.35029220581055,-59.2396354675293
184.390060424,62.23816680908203,-59.3054084777832
184.556076049,62.059932708740234,-59.4126091003418
184.755294799,61.83568572998047,-59.54143142700195
184.904708862,61.65915298461914,-59.63788986206055
185.103927612,61.43378448486328,-59.756168365478516
185.253341674,61.27357864379883,-59.83659362792969
185.452560424,61.04655838012695,-59.94860076904297
185.601974487,60.8589973449707,-60.0352897644043
185.751388549,60.69197082519531,-60.107574462890625
185.950607299,60.45159149169922,-60.19921112060547
186.100021362,60.25905227661133,-60.266292572021484
186.266036987,60.06119155883789,-60.3304443359375
186.465255737,59.82040023803711,-60.40407180786133
186.614669799,59.653289794921875,-60.4565544128418
186.813888549,59.41398620605469,-60.53485870361328
186.963302612,59.2251091003418,-60.59999084472656
187.162521362,58.99116134643555,-60.67704391479492
187.311935424,58.81747817993164,-60.73143005371094
187.461349487,58.62424087524414,-60.79206085205078
187.660568237,58.38217544555664,-60.870697021484375
187.809982299,58.214759826660156,-60.92669677734375
187.975997924,58.020206451416016,-60.99215316772461
188.175216674,57.782615661621094,-61.07551193237305
188.324630737,57.58797073364258,-61.14487838745117
188.523849487,57.343536376953125,-61.2335090637207
188.673263549,57.17426300048828,-61.292518615722656
188.822677612,56.97840118408203,-61.36249542236328
189.021896362,56.73780822753906,-61.44965744018555
189.171310424,56.57310485839844,-61.51316452026367
189.370529174,56.330543518066406,-61.60677719116211
189.536544799,56.13561248779297,-61.67937469482422
189.735763549,55.890220642089844,-61.76529312133789
189.885177612,55.6931266784668,-61.83177947998047
190.084396362,55.44623565673828,-61.91326904296875
190.233810424,55.277252197265625,-61.96886444091797
190.433029174,55.03702163696289,-62.048744201660156
190.582443237,54.84496307373047,-62.11302185058594
190.781661987,54.59876251220703,-62.19660186767578
190.931076049,54.42870330810547,-62.25332260131836
191.130294799,54.1936149597168,-62.34331512451172
191.279708862,54.034942626953125,-62.41080093383789
191.445724487,53.8288688659668,-62.503074645996094
191.644943237,53.598270416259766,-62.60755157470703
191.794357299,53.43751907348633,-62.680503845214844
191.993576049,53.2031135559082,-62.78976821899414
192.142990112,53.021846771240234,-62.87696075439453
192.342208862,52.78914260864258,-62.992923736572266
192.491622924,52.62700653076172,-63.07559585571289
192.690841674,52.39830780029297,-63.19339370727539
192.840255737,52.219261169433594,-63.285064697265625
193.056076049,51.987491607666016,-63.396690368652344
193.205490112,51.80702209472656,-63.47917556762695
193.404708862,51.571266174316406,-63.588802337646484
193.554122924,51.4073486328125,-63.667869567871094
193.753341674,51.17491149902344,-63.78435134887695
193.902755737,50.99359130859375,-63.880550384521484
194.101974487,50.771053314208984,-64.0068588256836
194.301193237,50.54275894165039,-64.13126373291016
194.450607299,50.38155746459961,-64.21574401855469
194.649826049,50.149112701416016,-64.33221435546875
194.815841674,49.96604537963867,-64.4219741821289
194.965255737,49.77724838256836,-64.5092544555664
195.164474487,49.53824996948242,-64.61161041259766
195.363693237,49.29768753051758,-64.7065658569336
195.513107299,49.13579559326172,-64.77336883544922
195.662521362,48.95252227783203,-64.85953521728516
195.861740112,48.71877670288086,-64.97338104248047
196.060958862,48.48867416381836,-65.07549285888672
196.210372924,48.324256896972656,-65.1358642578125
196.376388549,48.13690948486328,-65.19686126708984
196.525802612,47.939491271972656,-65.2530517578125
196.725021362,47.69341278076172,-65.32313537597656
196.874435424,47.530155181884766,-65.3825912475586
197.073654174,47.3057975769043,-65.50743865966797
197.272872924,47.113922119140625,-65.67809295654297
197.422286987,46.984378814697266,-65.83191680908203
197.621505737,46.84534454345703,-66.03172302246094
197.770919799,46.8052978515625,-66.10801696777344
197.970138549,46.7840576171875,-66.16285705566406
198.136154174,46.77669143676758,-66.18635559082031
198.285568237,46.773681640625,-66.19688415527344
198.484786987,46.771461486816406,-66.20480346679688
198.684005737,46.771461486816406,-66.20480346679688
198.833419799,46.771461486816406,-66.20480346679688
199.032638549,46.771461486816406,-66.20480346679688
199.182052612,46.771461486816406,-66.20480346679688
199.281661987,46.771461486816406,-66.20480346679688
199.480880737,46.771461486816406,-66.20480346679688
199.680099487,46.771461486816406,-66.20480346679688
199.796310424,46.771461486816406,-66.20480346679688
199.945724487,46.771461486816406,-66.20480346679688
200.095138549,46.771461486816406,-66.20480346679688
200.294357299,46.771461486816406,-66.20480346679688
200.493576049,46.771461486816406,-66.20480346679688
200.642990112,46.771461486816406,-66.20480346679688
200.842208862,46.771461486816406,-66.20480346679688
201.041427612,46.771461486816406,-66.20480346679688
201.240646362,46.771461486816406,-66.20480346679688
201.456466674,46.771461486816406,-66.20480346679688
201.655685424,46.771461486816406,-66.20480346679688
201.805099487,46.771461486816406,-66.20480346679688
202.054122924,46.771461486816406,-66.20480346679688
202.203536987,46.771461486816406,-66.20480346679688
202.402755737,46.771461486816406,-66.20480346679688
202.601974487,46.771461486816406,-66.20480346679688
202.801193237,46.771461486816406,-66.20480346679688
203.000411987,46.771461486816406,-66.20480346679688
203.216232299,46.771461486816406,-66.20480346679688
203.365646362,46.771461486816406,-66.20480346679688
203.564865112,46.771461486816406,-66.20480346679688
203.764083862,46.771461486816406,-66.20480346679688
203.963302612,46.771461486816406,-66.20480346679688
204.162521362,46.771461486816406,-66.20480346679688
204.311935424,46.771461486816406,-66.20480346679688
204.511154174,46.771461486816406,-66.20480346679688
204.710372924,46.771461486816406,-66.20480346679688
204.876388549,46.771461486816406,-66.20480346679688
205.075607299,46.771461486816406,-66.20480346679688
205.274826049,46.771461486816406,-66.20480346679688
205.424240112,46.771461486816406,-66.20480346679688
205.623458862,46.771461486816406,-66.20480346679688
205.772872924,46.771461486816406,-66.20480346679688
205.972091674,46.771461486816406,-66.20480346679688
206.071701049,46.771461486816406,-66.20480346679688
206.270919799,46.771461486816406,-66.20480346679688
206.470138549,46.771461486816406,-66.20480346679688
206.636154174,46.771461486816406,-66.20480346679688
206.835372924,46.771461486816406,-66.20480346679688
207.034591674,46.771461486816406,-66.20480346679688
207.233810424,46.771461486816406,-66.20480346679688
207.433029174,46.771461486816406,-66.20480346679688
207.632247924,46.771461486816406,-66.20480346679688
207.831466674,46.771461486816406,-66.20480346679688
208.030685424,46.771461486816406,-66.20480346679688
208.180099487,46.771461486816406,-66.20480346679688
208.395919799,46.771461486816406,-66.20480346679688
208.595138549,46.771461486816406,-66.20480346679688
208.794357299,46.771461486816406,-66.20480346679688
208.943771362,46.771461486816406,-66.20480346679688
209.142990112,46.771461486816406,-66.20480346679688
209.292404174,46.771461486816406,-66.20480346679688
209.491622924,46.771461486816406,-66.20480346679688
209.641036987,46.771461486816406,-66.20480346679688
209.840255737,46.771461486816406,-66.20480346679688
209.989669799,46.771461486816406,-66.20480346679688
210.205490112,46.771461486816406,-66.20480346679688
210.404708862,46.771461486816406,-66.20480346679688
210.554122924,46.771461486816406,-66.20480346679688
210.753341674,46.771461486816406,-66.20480346679688
210.952560424,46.771461486816406,-66.20480346679688
211.101974487,46.771461486816406,-66.20480346679688
211.301193237,46.771461486816406,-66.20480346679688
211.450607299,46.771461486816406,-66.20480346679688
211.649826049,46.771461486816406,-66.20480346679688
211.865646362,46.771461486816406,-66.20480346679688
212.015060424,46.771461486816406,-66.20480346679688
212.164474487,46.771461486816406,-66.20480346679688
212.264083862,46.771461486816406,-66.20480346679688
212.463302612,46.771461486816406,-66.20480346679688
212.662521362,46.771461486816406,-66.20480346679688
212.861740112,46.771461486816406,-66.20480346679688
213.060958862,46.771461486816406,-66.20480346679688
213.260177612,46.771461486816406,-66.20480346679688
213.475997924,46.771461486816406,-66.20480346679688
213.675216674,46.771461486816406,-66.20480346679688
213.874435424,46.771461486816406,-66.20480346679688
214.073654174,46.771461486816406,-66.20480346679688
214.272872924,46.771461486816406,-66.20480346679688
214.472091674,46.771461486816406,-66.20480346679688
214.621505737,46.771461486816406,-66.20480346679688
214.820724487,46.771461486816406,-66.20480346679688
214.970138549,46.771461486816406,-66.20480346679688
215.185958862,46.771461486816406,-66.20480346679688
215.385177612,46.771461486816406,-66.20480346679688
215.534591674,46.771461486816406,-66.20480346679688
215.733810424,46.771461486816406,-66.20480346679688
215.933029174,46.771461486816406,-66.20480346679688
216.132247924,46.771461486816406,-66.20480346679688
216.331466674,46.771461486816406,-66.20480346679688
216.530685424,46.771461486816406,-66.20480346679688
216.630294799,46.771461486816406,-66.20480346679688
216.796310424,46.771461486816406,-66.20480346679688
216.995529174,46.771461486816406,-66.20480346679688
217.194747924,46.771461486816406,-66.20480346679688
217.344161987,46.771461486816406,-66.20480346679688
217.543380737,46.771461486816406,-66.20480346679688
217.742599487,46.771461486816406,-66.20480346679688
217.892013549,46.771461486816406,-66.20480346679688
218.091232299,46.771461486816406,-66.20480346679688
218.290451049,46.771461486816406,-66.20480346679688
218.390060424,46.771461486816406,-66.20480346679688
218.605880737,46.771461486816406,-66.20480346679688
218.805099487,46.771461486816406,-66.20480346679688
218.954513549,46.771461486816406,-66.20480346679688
219.103927612,46.771461486816406,-66.20480346679688
219.253341674,46.771461486816406,-66.20480346679688
219.402755737,46.771461486816406,-66.20480346679688
219.552169799,46.771461486816406,-66.20480346679688
219.751388549,46.771461486816406,-66.20480346679688
219.950607299,46.771461486816406,-66.20480346679688
220.149826049,46.771461486816406,-66.20480346679688
220.365646362,46.771461486816406,-66.20480346679688
220.564865112,46.771461486816406,-66.20480346679688
220.764083862,46.771461486816406,-66.20480346679688
220.963302612,46.771461486816406,-66.20480346679688
221.162521362,46.771461486816406,-66.20480346679688
221.361740112,46.771461486816406,-66.20480346679688
221.560958862,46.771461486816406,-66.20480346679688
221.760177612,46.771461486816406,-66.20480346679688
221.975997924,46.771461486816406,-66.20480346679688
222.175216674,46.771461486816406,-66.20480346679688
222.374435424,46.771461486816406,-66.20480346679688
222.523849487,46.771461486816406,-66.20480346679688
222.723068237,46.771461486816406,-66.20480346679688
222.922286987,46.771461486816406,-66.20480346679688
223.021896362,46.771461486816406,-66.20480346679688
223.171310424,46.771461486816406,-66.20480346679688
223.370529174,46.771461486816406,-66.20480346679688
223.536544799,46.771461486816406,-66.20480346679688
223.735763549,46.771461486816406,-66.20480346679688
223.885177612,46.771461486816406,-66.20480346679688
224.084396362,46.771461486816406,-66.20480346679688
224.283615112,46.771461486816406,-66.20480346679688
224.482833862,46.771461486816406,-66.20480346679688
224.682052612,46.771461486816406,-66.20480346679688
224.931076049,46.771461486816406,-66.20480346679688
225.080490112,46.771461486816406,-66.20480346679688
225.296310424,46.771461486816406,-66.20480346679688
225.495529174,46.771461486816406,-66.20480346679688
225.694747924,46.771461486816406,-66.20480346679688
225.844161987,46.771461486816406,-66.20480346679688
226.043380737,46.771461486816406,-66.20480346679688
226.242599487,46.771461486816406,-66.20480346679688
226.441818237,46.771461486816406,-66.20480346679688
226.641036987,46.771461486816406,-66.20480346679688
226.790451049,46.771461486816406,-66.20480346679688
226.989669799,46.771461486816406,-66.20480346679688
227.155685424,46.771461486816406,-66.20480346679688
227.354904174,46.771461486816406,-66.20480346679688
227.554122924,46.771461486816406,-66.20480346679688
227.753341674,46.771461486816406,-66.20480346679688
227.902755737,46.771461486816406,-66.20480346679688
228.052169799,46.771461486816406,-66.20480346679688
228.251388549,46.771461486816406,-66.20480346679688
228.450607299,46.771461486816406,-66.20480346679688
228.600021362,46.771461486816406,-66.20480346679688
228.815841674,46.771461486816406,-66.20480346679688
228.965255737,46.771461486816406,-66.20480346679688
229.164474487,46.771461486816406,-66.20480346679688
229.363693237,46.771461486816406,-66.20480346679688
229.513107299,46.771461486816406,-66.20480346679688
229.712326049,46.771461486816406,-66.20480346679688
229.861740112,46.771461486816406,-66.20480346679688
230.060958862,46.771461486816406,-66.20480346679688
230.260177612,46.771461486816406,-66.20480346679688
230.426193237,46.771461486816406,-66.20480346679688
230.625411987,46.771461486816406,-66.20480346679688
230.774826049,46.771461486816406,-66.20480346679688
230.974044799,46.771461486816406,-66.20480346679688
231.173263549,46.771461486816406,-66.20480346679688
231.322677612,46.771461486816406,-66.20480346679688
231.422286987,46.771461486816406,-66.20480346679688
231.571701049,46.771461486816406,-66.20480346679688
231.721115112,46.771461486816406,-66.20480346679688
231.920333862,46.771461486816406,-66.20480346679688
232.136154174,46.771461486816406,-66.20480346679688
232.335372924,46.771461486816406,-66.20480346679688
232.534591674,46.771461486816406,-66.20480346679688
232.684005737,46.771461486816406,-66.20480346679688
232.933029174,46.771461486816406,-66.20480346679688
233.082443237,46.771461486816406,-66.20480346679688
233.281661987,46.771461486816406,-66.20480346679688
233.480880737,46.771461486816406,-66.20480346679688
233.680099487,46.771461486816406,-66.20480346679688
233.895919799,46.771461486816406,-66.20480346679688
234.045333862,46.771461486816406,-66.20480346679688
234.194747924,46.771461486816406,-66.20480346679688
234.393966674,46.771461486816406,-66.20480346679688
234.543380737,46.771461486816406,-66.20480346679688
234.742599487,46.771461486816406,-66.20480346679688
234.941818237,46.771461486816406,-66.20480346679688
235.141036987,46.771461486816406,-66.20480346679688
235.290451049,46.771461486816406,-66.20480346679688
235.506271362,46.771461486816406,-66.20480346679688
235.705490112,46.771461486816406,-66.20480346679688
235.854904174,46.771461486816406,-66.20480346679688
236.054122924,46.771461486816406,-66.20480346679688
236.253341674,46.771461486816406,-66.20480346679688
236.402755737,46.771461486816406,-66.20480346679688
236.601974487,46.771461486816406,-66.20480346679688
236.751388549,46.771461486816406,-66.20480346679688
236.950607299,46.771461486816406,-66.20480346679688
237.149826049,46.771461486816406,-66.20480346679688
237.315841674,46.771461486816406,-66.20480346679688
237.515060424,46.771461486816406,-66.20480346679688
237.664474487,46.771461486816406,-66.20480346679688
237.863693237,46.771461486816406,-66.20480346679688
238.062911987,46.771461486816406,-66.20480346679688
238.212326049,46.771461486816406,-66.20480346679688
238.411544799,46.771461486816406,-66.20480346679688
238.560958862,46.771461486816406,-66.20480346679688
238.760177612,46.771461486816406,-66.20480346679688
238.926193237,46.771461486816406,-66.20480346679688
239.075607299,46.771461486816406,-66.20480346679688
239.225021362,46.771461486816406,-66.20480346679688
239.424240112,46.771461486816406,-66.20480346679688
239.623458862,46.771461486816406,-66.20480346679688
239.822677612,46.771461486816406,-66.20480346679688
240.021896362,46.771461486816406,-66.20480346679688
240.221115112,46.771461486816406,-66.20480346679688
240.420333862,46.771461486816406,-66.20480346679688
240.636154174,46.771461486816406,-66.20480346679688
240.835372924,46.771461486816406,-66.20480346679688
241.034591674,46.771461486816406,-66.20480346679688
241.184005737,46.771461486816406,-66.20480346679688
241.383224487,46.771461486816406,-66.20480346679688
241.582443237,46.771461486816406,-66.20480346679688
241.781661987,46.771461486816406,-66.20480346679688
241.931076049,46.771461486816406,-66.20480346679688
242.130294799,46.771461486816406,-66.20480346679688
242.329513549,46.771461486816406,-66.20480346679688
242.495529174,46.771461486816406,-66.20480346679688
242.694747924,46.771461486816406,-66.20480346679688
242.893966674,46.771461486816406,-66.20480346679688
243.043380737,46.771461486816406,-66.20480346679688
243.242599487,46.771461486816406,-66.20480346679688
243.441818237,46.771461486816406,-66.20480346679688
243.641036987,46.771461486816406,-66.20480346679688
243.790451049,46.771461486816406,-66.20480346679688
244.006271362,46.771461486816406,-66.20480346679688
244.205490112,46.771461486816406,-66.20480346679688
244.354904174,46.771461486816406,-66.20480346679688
244.554122924,46.771461486816406,-66.20480346679688
244.753341674,46.771461486816406,-66.20480346679688
244.902755737,46.771461486816406,-66.20480346679688
245.101974487,46.771461486816406,-66.20480346679688
245.251388549,46.771461486816406,-66.20480346679688
245.350997924,46.771461486816406,-66.20480346679688
245.550216674,46.771461486816406,-66.20480346679688
245.716232299,46.771461486816406,-66.20480346679688
245.915451049,46.771461486816406,-66.20480346679688
246.114669799,46.771461486816406,-66.20480346679688
246.313888549,46.771461486816406,-66.20480346679688
246.513107299,46.771461486816406,-66.20480346679688
246.712326049,46.771461486816406,-66.20480346679688
246.861740112,46.771461486816406,-66.20480346679688
247.060958862,46.771461486816406,-66.20480346679688
247.309982299,46.771461486816406,-66.20480346679688
247.475997924,46.771461486816406,-66.20480346679688
247.675216674,46.771461486816406,-66.20480346679688
247.874435424,46.771461486816406,-66.20480346679688
248.073654174,46.771461486816406,-66.20480346679688
248.272872924,46.771461486816406,-66.20480346679688
248.472091674,46.771461486816406,-66.20480346679688
248.671310424,46.771461486816406,-66.20480346679688
248.870529174,46.771461486816406,-66.20480346679688
249.069747924,46.771461486816406,-66.20480346679688
249.235763549,46.771461486816406,-66.20480346679688
249.434982299,46.771461486816406,-66.20480346679688
249.584396362,46.771461486816406,-66.20480346679688
249.783615112,46.771461486816406,-66.20480346679688
249.982833862,46.771461486816406,-66.20480346679688
250.182052612,46.771461486816406,-66.20480346679688
250.331466674,46.771461486816406,-66.20480346679688
250.530685424,46.771461486816406,-66.20480346679688
250.680099487,46.771461486816406,-66.20480346679688
250.895919799,46.771461486816406,-66.20480346679688
251.095138549,46.771461486816406,-66.20480346679688
251.244552612,46.771461486816406,-66.20480346679688
251.443771362,46.771461486816406,-66.20480346679688
251.543380737,46.771461486816406,-66.20480346679688
251.742599487,46.771461486816406,-66.20480346679688
251.892013549,46.771461486816406,-66.20480346679688
252.091232299,46.771461486816406,-66.20480346679688
252.290451049,46.771461486816406,-66.20480346679688
252.456466674,46.771461486816406,-66.20480346679688
252.655685424,46.771461486816406,-66.20480346679688
252.854904174,46.771461486816406,-66.20480346679688
253.004318237,46.771461486816406,-66.20480346679688
253.203536987,46.771461486816406,-66.20480346679688
253.402755737,46.771461486816406,-66.20480346679688
253.601974487,46.771461486816406,-66.20480346679688
253.801193237,46.771461486816406,-66.20480346679688
253.950607299,46.771461486816406,-66.20480346679688
254.149826049,46.771461486816406,-66.20480346679688
254.365646362,46.771461486816406,-66.20480346679688
254.515060424,46.771461486816406,-66.20480346679688
254.714279174,46.771461486816406,-66.20480346679688
254.913497924,46.771461486816406,-66.20480346679688
255.112716674,46.771461486816406,-66.20480346679688
255.262130737,46.771461486816406,-66.20480346679688
255.461349487,46.771461486816406,-66.20480346679688
255.610763549,46.771461486816406,-66.20480346679688
255.809982299,46.771461486816406,-66.20480346679688
255.975997924,46.771461486816406,-66.20480346679688
256.175201416,46.771461486816406,-66.20480346679688
256.324615478,46.771461486816406,-66.20480346679688
256.523834228,46.771461486816406,-66.20480346679688
256.723052978,46.771461486816406,-66.20480346679688
256.922271728,46.771461486816406,-66.20480346679688
257.071685791,46.771461486816406,-66.20480346679688
257.270904541,46.771461486816406,-66.20480346679688
257.420318603,46.771461486816406,-66.20480346679688
257.636138916,46.771461486816406,-66.20480346679688
257.835357666,46.771461486816406,-66.20480346679688
257.984771728,46.771461486816406,-66.20480346679688
258.183990478,46.771461486816406,-66.20480346679688
258.333404541,46.771461486816406,-66.20480346679688
258.482818603,46.771461486816406,-66.20480346679688
258.632232666,46.771461486816406,-66.20480346679688
258.831451416,46.771461486816406,-66.20480346679688
259.030670166,46.771461486816406,-66.20480346679688
259.229888916,46.771461486816406,-66.20480346679688
259.445709228,46.771461486816406,-66.20480346679688
259.644927978,46.771461486816406,-66.20480346679688
259.844146728,46.771461486816406,-66.20480346679688
260.043365478,46.771461486816406,-66.20480346679688
260.242584228,46.771461486816406,-66.20480346679688
260.441802978,46.771461486816406,-66.20480346679688
260.641021728,46.771461486816406,-66.20480346679688
260.790435791,46.771461486816406,-66.20480346679688
261.006256103,46.771461486816406,-66.20480346679688
261.205474853,46.771461486816406,-66.20480346679688
261.404693603,46.771461486816406,-66.20480346679688
261.603912353,46.771461486816406,-66.20480346679688
261.753326416,46.771461486816406,-66.20480346679688
261.952545166,46.771461486816406,-66.20480346679688
262.151763916,46.771461486816406,-66.20480346679688
262.350982666,46.771461486816406,-66.20480346679688
262.500396728,46.771461486816406,-66.20480346679688
262.716217041,46.771461486816406,-66.20480346679688
262.915435791,46.771461486816406,-66.20480346679688
263.064849853,46.771461486816406,-66.20480346679688
263.264068603,46.771461486816406,-66.20480346679688
263.463287353,46.771461486816406,-66.20480346679688
263.662506103,46.771461486816406,-66.20480346679688
263.861724853,46.771461486816406,-66.20480346679688
264.011138916,46.771461486816406,-66.20480346679688
264.210357666,46.771461486816406,-66.20480346679688
264.359771728,46.771461486816406,-66.20480346679688
264.575592041,46.771461486816406,-66.20480346679688
264.725006103,46.771461486816406,-66.20480346679688
264.924224853,46.771461486816406,-66.20480346679688
265.123443603,46.771461486816406,-66.20480346679688
265.322662353,46.771461486816406,-66.20480346679688
265.472076416,46.771461486816406,-66.20480346679688
265.671295166,46.771461486816406,-66.20480346679688
265.870513916,46.771461486816406,-66.20480346679688
266.036529541,46.771461486816406,-66.20480346679688
266.235748291,46.771461486816406,-66.20480346679688
266.385162353,46.771461486816406,-66.20480346679688
266.584381103,46.771461486816406,-66.20480346679688
266.783599853,46.771461486816406,-66.20480346679688
266.933013916,46.771461486816406,-66.20480346679688
267.132232666,46.771461486816406,-66.20480346679688
267.331451416,46.771461486816406,-66.20480346679688
267.530670166,46.771461486816406,-66.20480346679688
267.680084228,46.771461486816406,-66.20480346679688
267.846099853,46.771461486816406,-66.20480346679688
267.995513916,46.771461486816406,-66.20480346679688
268.144927978,46.771461486816406,-66.20480346679688
268.294342041,46.771461486816406,-66.20480346679688
268.493560791,46.771461486816406,-66.20480346679688
268.692779541,46.771461486816406,-66.20480346679688
268.891998291,46.771461486816406,-66.20480346679688
268.991607666,46.771461486816406,-66.20480346679688
269.240631103,46.771461486816406,-66.20480346679688
269.456451416,46.771461486816406,-66.20480346679688
269.655670166,46.771461486816406,-66.20480346679688
269.854888916,46.771461486816406,-66.20480346679688
270.004302978,46.771461486816406,-66.20480346679688
270.203521728,46.771461486816406,-66.20480346679688
270.452545166,46.771461486816406,-66.20480346679688
270.601959228,46.771461486816406,-66.20480346679688
270.801177978,46.771461486816406,-66.20480346679688
271.000396728,46.771461486816406,-66.20480346679688
271.216217041,46.771461486816406,-66.20480346679688
271.415435791,46.771461486816406,-66.20480346679688
271.614654541,46.771461486816406,-66.20480346679688
271.764068603,46.771461486816406,-66.20480346679688
271.963287353,46.771461486816406,-66.20480346679688
272.162506103,46.771461486816406,-66.20480346679688
272.361724853,46.771461486816406,-66.20480346679688
272.511138916,46.771461486816406,-66.20480346679688
272.710357666,46.771461486816406,-66.20480346679688
272.926177978,46.771461486816406,-66.20480346679688
273.125396728,46.771461486816406,-66.20480346679688
273.274810791,46.771461486816406,-66.20480346679688
273.474029541,46.771461486816406,-66.20480346679688
273.673248291,46.771461486816406,-66.20480346679688
273.822662353,46.771461486816406,-66.20480346679688
274.021881103,46.771461486816406,-66.20480346679688
274.171295166,46.771461486816406,-66.20480346679688
274.370513916,46.771461486816406,-66.20480346679688
274.536529541,46.771461486816406,-66.20480346679688
274.685943603,46.771461486816406,-66.20480346679688
274.885162353,46.771461486816406,-66.20480346679688
275.084381103,46.771461486816406,-66.20480346679688
275.283599853,46.771461486816406,-66.20480346679688
275.433013916,46.771461486816406,-66.20480346679688
275.632232666,46.771461486816406,-66.20480346679688
275.831451416,46.771461486816406,-66.20480346679688
276.030670166,46.771461486816406,-66.20480346679688
276.180084228,46.771461486816406,-66.20480346679688
276.346099853,46.771461486816406,-66.20480346679688
276.495513916,46.771461486816406,-66.20480346679688
276.644927978,46.771461486816406,-66.20480346679688
276.844146728,46.771461486816406,-66.20480346679688
277.043365478,46.771461486816406,-66.20480346679688
277.242584228,46.771461486816406,-66.20480346679688
277.441802978,46.771461486816406,-66.20480346679688
277.641021728,46.771461486816406,-66.20480346679688
277.890045166,46.771461486816406,-66.20480346679688
278.056060791,46.771461486816406,-66.20480346679688
278.255279541,46.771461486816406,-66.20480346679688
278.454498291,46.771461486816406,-66.20480346679688
278.653717041,46.771461486816406,-66.20480346679688
278.852935791,46.771461486816406,-66.20480346679688
279.052154541,46.771461486816406,-66.20480346679688
279.201568603,46.771461486816406,-66.20480346679688
279.400787353,46.771461486816406,-66.20480346679688
279.550201416,46.771461486816406,-66.20480346679688
279.749420166,46.771461486816406,-66.20480346679688
279.965240478,46.771461486816406,-66.20480346679688
280.114654541,46.771461486816406,-66.20480346679688
280.313873291,46.771461486816406,-66.20480346679688
280.513092041,46.771461486816406,-66.20480346679688
280.712310791,46.771461486816406,-66.20480346679688
280.911529541,46.771461486816406,-66.20480346679688
281.060943603,46.771461486816406,-66.20480346679688
281.260162353,46.771461486816406,-66.20480346679688
281.409576416,46.771461486816406,-66.20480346679688
281.625396728,46.771461486816406,-66.20480346679688
281.824615478,46.771461486816406,-66.20480346679688
281.974029541,46.771461486816406,-66.20480346679688
282.173248291,46.771461486816406,-66.20480346679688
282.322662353,46.771461486816406,-66.20480346679688
282.521881103,46.771461486816406,-66.20480346679688
282.721099853,46.771461486816406,-66.20480346679688
282.870513916,46.771461486816406,-66.20480346679688
283.036529541,46.771461486816406,-66.20480346679688
283.235748291,46.771461486816406,-66.20480346679688
283.385162353,46.771461486816406,-66.20480346679688
283.584381103,46.771461486816406,-66.20480346679688
283.783599853,46.771461486816406,-66.20480346679688
283.933013916,46.771461486816406,-66.20480346679688
284.132232666,46.771461486816406,-66.20480346679688
284.331451416,46.771461486816406,-66.20480346679688
284.530670166,46.771461486816406,-66.20480346679688
284.680084228,46.771461486816406,-66.20480346679688
284.846099853,46.771461486816406,-66.20480346679688
285.045318603,46.771461486816406,-66.20480346679688
285.144927978,46.771461486816406,-66.20480346679688
285.294342041,46.771461486816406,-66.20480346679688
285.493560791,46.771461486816406,-66.20480346679688
285.692779541,46.771461486816406,-66.20480346679688
285.891998291,46.771461486816406,-66.20480346679688
286.091217041,46.771461486816406,-66.20480346679688
286.290435791,46.771461486816406,-66.20480346679688
286.390045166,46.771461486816406,-66.20480346679688
286.605865478,46.771461486816406,-66.20480346679688
286.805084228,46.771461486816406,-66.20480346679688
287.004302978,46.771461486816406,-66.20480346679688
287.203521728,46.771461486816406,-66.20480346679688
287.402740478,46.771461486816406,-66.20480346679688
287.601959228,46.771461486816406,-66.20480346679688
287.751373291,46.771461486816406,-66.20480346679688
287.950592041,46.771461486816406,-66.20480346679688
288.149810791,46.771461486816406,-66.20480346679688
288.365631103,46.771461486816406,-66.20480346679688
288.515045166,46.771461486816406,-66.20480346679688
288.714263916,46.771461486816406,-66.20480346679688
288.913482666,46.771461486816406,-66.20480346679688
289.112701416,46.771461486816406,-66.20480346679688
289.262115478,46.771461486816406,-66.20480346679688
289.461334228,46.771461486816406,-66.20480346679688
289.660552978,46.771461486816406,-66.20480346679688
289.876373291,46.771461486816406,-66.20480346679688
290.025787353,46.771461486816406,-66.20480346679688
290.225006103,46.771461486816406,-66.20480346679688
290.424224853,46.771461486816406,-66.20480346679688
290.623443603,46.771461486816406,-66.20480346679688
290.772857666,46.771461486816406,-66.20480346679688
290.972076416,46.771461486816406,-66.20480346679688
291.171295166,46.771461486816406,-66.20480346679688
291.320709228,46.771461486816406,-66.20480346679688
291.519927978,46.771461486816406,-66.20480346679688
291.685943603,46.771461486816406,-66.20480346679688
291.885162353,46.771461486816406,-66.20480346679688
292.084381103,46.771461486816406,-66.20480346679688
292.233795166,46.771461486816406,-66.20480346679688
292.433013916,46.771461486816406,-66.20480346679688
292.582427978,46.771461486816406,-66.20480346679688
292.781646728,46.771461486816406,-66.20480346679688
292.980865478,46.771461486816406,-66.20480346679688
293.130279541,46.771461486816406,-66.20480346679688
293.346099853,46.771461486816406,-66.20480346679688
293.495513916,46.771461486816406,-66.20480346679688
293.694732666,46.771461486816406,-66.20480346679688
293.844146728,46.771461486816406,-66.20480346679688
294.043365478,46.771461486816406,-66.20480346679688
294.242584228,46.771461486816406,-66.20480346679688
294.391998291,46.771461486816406,-66.20480346679688
294.491607666,46.771461486816406,-66.20480346679688
294.690826416,46.771461486816406,-66.20480346679688
294.890045166,46.771461486816406,-66.20480346679688
295.056060791,46.771461486816406,-66.20480346679688
295.255279541,46.771461486816406,-66.20480346679688
295.454498291,46.771461486816406,-66.20480346679688
295.653717041,46.771461486816406,-66.20480346679688
295.852935791,46.771461486816406,-66.20480346679688
296.052154541,46.771461486816406,-66.20480346679688
296.251373291,46.771461486816406,-66.20480346679688
296.450592041,46.771461486816406,-66.20480346679688
296.649810791,46.771461486816406,-66.20480346679688
296.865631103,46.771461486816406,-66.20480346679688
297.015045166,46.771461486816406,-66.20480346679688
297.214263916,46.771461486816406,-66.20480346679688
297.413482666,46.771461486816406,-66.20480346679688
297.612701416,46.771461486816406,-66.20480346679688
297.762115478,46.771461486816406,-66.20480346679688
297.961334228,46.771461486816406,-66.20480346679688
298.160552978,46.771461486816406,-66.20480346679688
298.309967041,46.771461486816406,-66.20480346679688
298.525787353,46.771461486816406,-66.20480346679688
298.725006103,46.771461486816406,-66.20480346679688
298.924224853,46.771461486816406,-66.20480346679688
299.073638916,46.771461486816406,-66.20480346679688
299.272857666,46.771461486816406,-66.20480346679688
299.472076416,46.771461486816406,-66.20480346679688
299.621490478,46.771461486816406,-66.20480346679688
299.820709228,46.771461486816406,-66.20480346679688
299.970123291,46.771461486816406,-66.20480346679688
300.185943603,46.771461486816406,-66.20480346679688
300.385162353,46.771461486816406,-66.20480346679688
300.584381103,46.771461486816406,-66.20480346679688
300.733795166,46.771461486816406,-66.20480346679688
300.933013916,46.771461486816406,-66.20480346679688
301.082427978,46.771461486816406,-66.20480346679688
301.231842041,46.771461486816406,-66.20480346679688
301.381256103,46.771461486816406,-66.20480346679688
301.580474853,46.771461486816406,-66.20480346679688
301.796295166,46.771461486816406,-66.20480346679688
301.995513916,46.771461486816406,-66.20480346679688
302.194732666,46.771461486816406,-66.20480346679688
302.344146728,46.771461486816406,-66.20480346679688
302.543365478,46.771461486816406,-66.20480346679688
302.742584228,46.771461486816406,-66.20480346679688
302.941802978,46.771461486816406,-66.20480346679688
303.141021728,46.771461486816406,-66.20480346679688
303.340240478,46.771461486816406,-66.20480346679688
303.556060791,46.771461486816406,-66.20480346679688
303.705474853,46.771461486816406,-66.20480346679688
303.854888916,46.771461486816406,-66.20480346679688
304.004302978,46.771461486816406,-66.20480346679688
304.203521728,46.771461486816406,-66.20480346679688
304.402740478,46.771461486816406,-66.20480346679688
304.552154541,46.771461486816406,-66.20480346679688
304.751373291,46.771461486816406,-66.20480346679688
304.950592041,46.771461486816406,-66.20480346679688
305.100006103,46.771461486816406,-66.20480346679688
305.315826416,46.771461486816406,-66.20480346679688
305.465240478,46.771461486816406,-66.20480346679688
305.664459228,46.771461486816406,-66.20480346679688
305.863677978,46.771461486816406,-66.20480346679688
306.013092041,46.771461486816406,-66.20480346679688
306.212310791,46.771461486816406,-66.20480346679688
306.411529541,46.771461486816406,-66.20480346679688
306.560943603,46.771461486816406,-66.20480346679688
306.760162353,46.771461486816406,-66.20480346679688
306.909576416,46.771461486816406,-66.20480346679688
307.125396728,46.771461486816406,-66.20480346679688
307.274810791,46.771461486816406,-66.20480346679688
307.474029541,46.771461486816406,-66.20480346679688
307.673248291,46.771461486816406,-66.20480346679688
307.822662353,46.771461486816406,-66.20480346679688
308.021881103,46.771461486816406,-66.20480346679688
308.221099853,46.771461486816406,-66.20480346679688
308.370513916,46.771461486816406,-66.20480346679688
308.586334228,46.771461486816406,-66.20480346679688
308.735748291,46.771461486816406,-66.20480346679688
308.934967041,46.771461486816406,-66.20480346679688
309.134185791,46.771461486816406,-66.20480346679688
309.283599853,46.771461486816406,-66.20480346679688
309.383209228,46.771461486816406,-66.20480346679688
309.582427978,46.771461486816406,-66.20480346679688
309.781646728,46.771461486816406,-66.20480346679688
309.980865478,46.771461486816406,-66.20480346679688
310.130279541,46.771461486816406,-66.20480346679688
310.346099853,46.771461486816406,-66.20480346679688
310.545318603,46.771461486816406,-66.20480346679688
310.744537353,46.771461486816406,-66.20480346679688
310.943756103,46.771461486816406,-66.20480346679688
311.142974853,46.771461486816406,-66.20480346679688
311.342193603,46.771461486816406,-66.20480346679688
311.491607666,46.771461486816406,-66.20480346679688
311.690826416,46.771461486816406,-66.20480346679688
311.890045166,46.771461486816406,-66.20480346679688
312.056060791,46.771461486816406,-66.20480346679688
312.255279541,46.771461486816406,-66.20480346679688
312.454498291,46.771461486816406,-66.20480346679688
312.653717041,46.771461486816406,-66.20480346679688
312.852935791,46.771461486816406,-66.20480346679688
313.002349853,46.771461486816406,-66.20480346679688
313.201568603,46.771461486816406,-66.20480346679688
313.400787353,46.771461486816406,-66.20480346679688
313.600006103,46.771461486816406,-66.20480346679688
313.766021728,46.771461486816406,-66.20480346679688
313.965240478,46.771461486816406,-66.20480346679688
314.114654541,46.771461486816406,-66.20480346679688
314.313873291,46.771461486816406,-66.20480346679688
314.513092041,46.771461486816406,-66.20480346679688
314.712310791,46.771461486816406,-66.20480346679688
314.861724853,46.771461486816406,-66.20480346679688
315.060943603,46.771461486816406,-66.20480346679688
315.260162353,46.771461486816406,-66.20480346679688
315.426177978,46.771461486816406,-66.20480346679688
315.525787353,46.771461486816406,-66.20480346679688
315.725006103,46.771461486816406,-66.20480346679688
315.924224853,46.771461486816406,-66.20480346679688
316.073638916,46.771461486816406,-66.20480346679688
316.272857666,46.771461486816406,-66.20480346679688
316.472076416,46.771461486816406,-66.20480346679688
316.671295166,46.771461486816406,-66.20480346679688
316.870513916,46.771461486816406,-66.20480346679688
317.086334228,46.771461486816406,-66.20480346679688
317.285552978,46.771461486816406,-66.20480346679688
317.484771728,46.771461486816406,-66.20480346679688
317.683990478,46.771461486816406,-66.20480346679688
317.883209228,46.771461486816406,-66.20480346679688
318.032623291,46.771461486816406,-66.20480346679688
318.231842041,46.771461486816406,-66.20480346679688
318.431060791,46.771461486816406,-66.20480346679688
318.630279541,46.771461486816406,-66.20480346679688
318.846099853,46.771461486816406,-66.20480346679688
318.995513916,46.771461486816406,-66.20480346679688
319.194732666,46.771461486816406,-66.20480346679688
319.393951416,46.771461486816406,-66.20480346679688
319.593170166,46.771461486816406,-66.20480346679688
319.792388916,46.771461486816406,-66.20480346679688
319.941802978,46.771461486816406,-66.20480346679688
320.091217041,46.771461486816406,-66.20480346679688
320.290435791,46.771461486816406,-66.20480346679688
320.489654541,46.771461486816406,-66.20480346679688
320.655670166,46.771461486816406,-66.20480346679688
320.805084228,46.771461486816406,-66.20480346679688
321.004302978,46.771461486816406,-66.20480346679688
321.203521728,46.771461486816406,-66.20480346679688
321.303131103,46.771461486816406,-66.20480346679688
321.452545166,46.771461486816406,-66.20480346679688
321.601959228,46.771461486816406,-66.20480346679688
321.751373291,46.771461486816406,-66.20480346679688
321.900787353,46.771461486816406,-66.20480346679688
322.100006103,46.771461486816406,-66.20480346679688
322.315826416,46.771461486816406,-66.20480346679688
322.515045166,46.771461486816406,-66.20480346679688
322.714263916,46.771461486816406,-66.20480346679688
322.913482666,46.771461486816406,-66.20480346679688
323.112701416,46.771461486816406,-66.20480346679688
323.311920166,46.771461486816406,-66.20480346679688
323.511138916,46.771461486816406,-66.20480346679688
323.710357666,46.771461486816406,-66.20480346679688
323.876373291,46.771461486816406,-66.20480346679688
324.075592041,46.771461486816406,-66.20480346679688
324.274810791,46.771461486816406,-66.20480346679688
324.474029541,46.771461486816406,-66.20480346679688
324.623443603,46.771461486816406,-66.20480346679688
324.822662353,46.771461486816406,-66.20480346679688
325.021881103,46.771461486816406,-66.20480346679688
325.221099853,46.771461486816406,-66.20480346679688
325.370513916,46.771461486816406,-66.20480346679688
325.586334228,46.771461486816406,-66.20480346679688
325.735748291,46.771461486816406,-66.20480346679688
325.934967041,46.771461486816406,-66.20480346679688
326.134185791,46.771461486816406,-66.20480346679688
326.333404541,46.771461486816406,-66.20480346679688
326.532623291,46.771461486816406,-66.20480346679688
326.682037353,46.771461486816406,-66.20480346679688
326.881256103,46.771461486816406,-66.20480346679688
327.080474853,46.771461486816406,-66.20480346679688
327.229888916,46.771461486816406,-66.20480346679688
327.445709228,46.771461486816406,-66.20480346679688
327.595123291,46.771461486816406,-66.20480346679688
327.744537353,46.771461486816406,-66.20480346679688
327.893951416,46.771461486816406,-66.20480346679688
328.142974853,46.771461486816406,-66.20480346679688
328.342193603,46.771461486816406,-66.20480346679688
328.541412353,46.771461486816406,-66.20480346679688
328.740631103,46.771461486816406,-66.20480346679688
328.890045166,46.771461486816406,-66.20480346679688
329.105865478,46.771461486816406,-66.20480346679688
329.305084228,46.771461486816406,-66.20480346679688
329.504302978,46.771461486816406,-66.20480346679688
329.703521728,46.771461486816406,-66.20480346679688
329.852935791,46.771461486816406,-66.20480346679688
330.052154541,46.771461486816406,-66.20480346679688
330.251373291,46.771461486816406,-66.20480346679688
330.450592041,46.771461486816406,-66.20480346679688
330.649810791,46.771461486816406,-66.20480346679688
330.815826416,46.771461486816406,-66.20480346679688
331.015045166,46.771461486816406,-66.20480346679688
331.214263916,46.771461486816406,-66.20480346679688
331.413482666,46.771461486816406,-66.20480346679688
331.562896728,46.771461486816406,-66.20480346679688
331.811920166,46.771461486816406,-66.20480346679688
331.961334228,46.771461486816406,-66.20480346679688
332.160552978,46.771461486816406,-66.20480346679688
332.376373291,46.771461486816406,-66.20480346679688
332.525787353,46.771461486816406,-66.20480346679688
332.725006103,46.771461486816406,-66.20480346679688
332.924224853,46.71074295043945,-66.21896362304688
333.123443603,46.46346664428711,-66.17501068115234
333.272857666,46.317138671875,-66.07227325439453
333.472076416,46.13397979736328,-65.8975601196289
333.671295166,45.942481994628906,-65.72600555419922
333.820709228,45.76838302612305,-65.61259460449219
333.970123291,45.6050910949707,-65.53888702392578
334.185943603,45.331703186035156,-65.45549011230469
334.385162353,45.079410552978516,-65.39862823486328
334.534576416,44.90470886230469,-65.36505126953125
334.733795166,44.65381622314453,-65.31471252441406
334.883209228,44.45539093017578,-65.274169921875
335.082427978,44.20079040527344,-65.22142028808594
335.281646728,43.94417953491211,-65.1800537109375
335.480865478,43.69175338745117,-65.16153717041016
335.630279541,43.5142707824707,-65.14949035644531
335.829498291,43.25614929199219,-65.1189193725586
336.045318603,42.98080062866211,-65.05912780761719
336.194732666,42.809017181396484,-65.01292419433594
336.393951416,42.563133239746094,-64.95913696289062
336.593170166,42.31468200683594,-64.91827392578125
336.742584228,42.1109619140625,-64.88374328613281
336.941802978,41.862823486328125,-64.82723999023438
337.091217041,41.68503189086914,-64.78839874267578
337.290435791,41.43071365356445,-64.74142456054688
337.456451416,41.23738479614258,-64.703369140625
337.655670166,40.98689651489258,-64.65852355957031
337.854888916,40.7280387878418,-64.6352767944336
338.004302978,40.523094177246094,-64.62397003173828
338.203521728,40.27619934082031,-64.60418701171875
338.402740478,40.02521514892578,-64.58407592773438
338.552154541,39.84624099731445,-64.57398986816406
338.651763916,39.71633529663086,-64.56912231445312
338.850982666,39.45636749267578,-64.56553649902344
339.050201416,39.20458221435547,-64.56778717041016
339.149810791,39.07869338989258,-64.56903839111328
339.365631103,38.794090270996094,-64.5718765258789
339.515045166,38.616207122802734,-64.57364654541016
339.714263916,38.368526458740234,-64.57610321044922
339.913482666,38.11265182495117,-64.57865142822266
340.062896728,37.9046745300293,-64.58072662353516
340.262115478,37.64468765258789,-64.58248901367188
340.461334228,37.39152526855469,-64.58100128173828
340.610748291,37.213626861572266,-64.5799560546875
340.809967041,36.953617095947266,-64.57843017578125
340.975982666,36.746978759765625,-64.57721710205078
341.175201416,36.49518585205078,-64.57573699951172
341.374420166,36.23517608642578,-64.57421112060547
341.523834228,36.0299072265625,-64.57300567626953
341.723052978,35.779483795166016,-64.571533203125
341.872467041,35.601585388183594,-64.57048797607422
342.071685791,35.34294509887695,-64.5689697265625
342.270904541,35.08293533325195,-64.56744384765625
342.420318603,34.88040542602539,-64.56625366210938
342.636138916,34.629981994628906,-64.56478118896484
342.785552978,34.426082611083984,-64.56358337402344
342.984771728,34.1688117980957,-64.56214904785156
343.134185791,33.99365234375,-64.56340026855469
343.333404541,33.740509033203125,-64.56591796875
343.532623291,33.48188781738281,-64.56535339355469
343.682037353,33.42692565917969,-64.56336975097656
343.831451416,33.42692565917969,-64.56336975097656
344.030670166,33.42692565917969,-64.56336975097656
344.229888916,33.42692565917969,-64.56336975097656
344.445709228,33.42692565917969,-64.56336975097656
344.595123291,33.42692565917969,-64.56336975097656
344.794342041,33.420345306396484,-64.55313110351562
344.943756103,33.4309196472168,-64.42713928222656
345.142974853,33.56169509887695,-64.20843505859375
345.292388916,33.71758270263672,-64.11665344238281
345.441802978,33.92121505737305,-64.0777587890625
345.591217041,34.102962493896484,-64.06818389892578
345.740631103,34.309425354003906,-64.0438003540039
345.890045166,34.47909927368164,-64.0066146850586
346.056060791,34.6702995300293,-63.940242767333984
346.205474853,34.85371017456055,-63.854454040527344
346.404693603,35.07697677612305,-63.73807144165039
346.504302978,35.186519622802734,-63.67885971069336
346.703521728,35.41377639770508,-63.555389404296875
346.852935791,35.57334899902344,-63.47075653076172
347.002349853,35.74751281738281,-63.37859344482422
347.151763916,35.908409118652344,-63.29353713989258
347.301177978,36.091529846191406,-63.2008171081543
347.500396728,36.328426361083984,-63.09373092651367
347.649810791,36.493743896484375,-63.031925201416016
347.815826416,36.691680908203125,-62.9680061340332
347.965240478,36.8897705078125,-62.90456008911133
348.114654541,37.062374114990234,-62.84685516357422
348.264068603,37.25431442260742,-62.78229522705078
348.413482666,37.423431396484375,-62.73680114746094
348.612701416,37.677120208740234,-62.68694305419922
348.762115478,37.88382339477539,-62.664180755615234
348.911529541,38.062564849853516,-62.650474548339844
349.060943603,38.26689910888672,-62.63121795654297
349.210357666,38.44245529174805,-62.60265350341797
349.376373291,38.63505172729492,-62.55533218383789
349.525787353,38.8304557800293,-62.492488861083984
349.675201416,38.99766540527344,-62.4359130859375
349.874420166,39.238609313964844,-62.353939056396484
350.023834228,39.4402961730957,-62.30360412597656
350.173248291,39.61979675292969,-62.27356719970703
350.322662353,39.82058334350586,-62.24736785888672
350.472076416,39.993995666503906,-62.23612976074219
350.671295166,40.247947692871094,-62.21949005126953
350.820709228,40.45271682739258,-62.191978454589844
350.970123291,40.63151550292969,-62.15814971923828
351.069732666,40.758460998535156,-62.13011932373047
351.235748291,40.96282958984375,-62.09162139892578
351.385162353,41.164955139160156,-62.0648307800293
351.534576416,41.345252990722656,-62.040061950683594
351.683990478,41.5485725402832,-61.99675750732422
351.883209228,41.79479217529297,-61.91344451904297
352.032623291,41.965789794921875,-61.851139068603516
352.182037353,42.16352844238281,-61.78664016723633
352.331451416,42.33710479736328,-61.7367057800293
352.480865478,42.53342056274414,-61.68693923950195
352.630279541,42.70142364501953,-61.64815902709961
352.796295166,42.89313507080078,-61.60261154174805
352.945709228,43.08981704711914,-61.554317474365234
353.144927978,43.32778549194336,-61.485755920410156
353.294342041,43.499000549316406,-61.432655334472656
353.443756103,43.699798583984375,-61.3785400390625
353.593170166,43.878204345703125,-61.3426628112793
353.692779541,44.004886627197266,-61.320377349853516
353.842193603,44.20276641845703,-61.29309844970703
353.991607666,44.37702941894531,-61.275333404541016
354.141021728,44.57999801635742,-61.25587463378906
354.290435791,44.76150894165039,-61.24256896972656
354.456451416,44.96925354003906,-61.23228073120117
354.605865478,45.17444610595703,-61.227291107177734
354.755279541,45.35370635986328,-61.2271842956543
354.904693603,45.56166458129883,-61.22579574584961
355.054107666,45.7398567199707,-61.20708465576172
355.203521728,45.94342803955078,-61.164730072021484
355.352935791,46.11876678466797,-61.115966796875
355.552154541,46.3646125793457,-61.04022216796875
355.701568603,46.55779266357422,-60.97941207885742
355.850982666,46.7298583984375,-60.93438720703125
356.000396728,46.934207916259766,-60.89580535888672
356.149810791,47.11384963989258,-60.86656951904297
356.315826416,47.31967544555664,-60.836639404296875
356.465240478,47.52347946166992,-60.812232971191406
356.614654541,47.70486831665039,-60.797576904296875
356.764068603,47.9110221862793,-60.783721923828125
356.963287353,48.16508865356445,-60.768577575683594
357.112701416,48.3394775390625,-60.75249099731445
357.262115478,48.533203125,-60.725006103515625
357.411529541,48.702598571777344,-60.6928596496582
357.560943603,48.90333938598633,-60.65715026855469
357.760162353,49.161224365234375,-60.624786376953125
357.876373291,49.291015625,-60.6175422668457
358.075592041,49.54682159423828,-60.61126708984375
358.225006103,49.754817962646484,-60.61207580566406
358.374420166,49.93674850463867,-60.617088317871094
358.523834228,50.1403923034668,-60.627037048339844
358.673248291,50.315303802490234,-60.636287689208984
358.822662353,50.516258239746094,-60.64524459838867
359.021881103,50.77070999145508,-60.64509582519531
359.171295166,50.94939041137695,-60.63100051879883
359.320709228,51.153404235839844,-60.60837173461914
359.470123291,51.326683044433594,-60.5829963684082
359.636138916,51.52989196777344,-60.545562744140625
359.835357666,51.78373336791992,-60.496055603027344
359.984771728,51.988853454589844,-60.46158981323242
360.134185791,52.16679000854492,-60.440040588378906
360.283599853,52.37199401855469,-60.416053771972656
360.482818603,52.62302017211914,-60.37403106689453
360.632232666,52.8022575378418,-60.34249496459961
360.831451416,52.88193130493164,-60.32792282104492
360.980865478,52.88193130493164,-60.32792282104492
361.130279541,52.88193130493164,-60.32792282104492
361.296295166,52.88193130493164,-60.32792282104492
361.495513916,52.88193130493164,-60.32792282104492
361.644927978,52.88193130493164,-60.32792282104492
361.844146728,52.88193130493164,-60.32792282104492
361.993560791,52.88193130493164,-60.32792282104492
362.192779541,52.88193130493164,-60.32792282104492
362.342193603,52.88193130493164,-60.32792282104492
362.491607666,52.954734802246094,-60.313297271728516
362.690826416,53.19683837890625,-60.24951934814453
362.840240478,53.38901901245117,-60.19493103027344
363.006256103,53.582454681396484,-60.15095520019531
363.155670166,53.76060104370117,-60.121116638183594
363.305084228,53.96664047241211,-60.09275436401367
363.454498291,54.145381927490234,-60.07952880859375
363.653717041,54.394325256347656,-60.07259750366211
363.803131103,54.595481872558594,-60.072689056396484
363.952545166,54.777427673339844,-60.07707595825195
364.101959228,54.985198974609375,-60.08651351928711
364.301177978,55.238037109375,-60.09900665283203
364.450592041,55.41029739379883,-60.106353759765625
364.600006103,55.61277770996094,-60.11034393310547
364.766021728,55.81529235839844,-60.11266326904297
364.915435791,55.99727249145508,-60.11474609375
365.114654541,56.250431060791016,-60.115028381347656
365.264068603,56.45433044433594,-60.11350631713867
365.413482666,56.63222885131836,-60.112178802490234
365.612701416,56.89223861694336,-60.110233306884766
365.762115478,57.098876953125,-60.10868835449219
365.961334228,57.349300384521484,-60.1068229675293
366.110748291,57.528568267822266,-60.10548400878906
366.260162353,57.736576080322266,-60.10392761230469
366.426177978,57.944583892822266,-60.10237121582031
366.575592041,58.12111282348633,-60.10105514526367
366.725006103,58.32501220703125,-60.09953308105469
366.874420166,58.50701904296875,-60.09817123413086
367.073638916,58.76428985595703,-60.09648895263672
367.223052978,58.96269607543945,-60.098609924316406
367.372467041,59.13783264160156,-60.1009521484375
367.571685791,59.39588165283203,-60.0866584777832
367.721099853,59.593482971191406,-60.04341125488281
367.870513916,59.75727462768555,-59.97481155395508
368.036529541,59.9214973449707,-59.850555419921875
368.235748291,60.061012268066406,-59.6345329284668
368.385162353,60.116783142089844,-59.43459701538086
368.584381103,60.13899612426758,-59.17581558227539
368.733795166,60.130348205566406,-58.994102478027344
368.933013916,60.09193801879883,-58.739810943603516
369.082427978,60.0665168762207,-58.533424377441406
369.281646728,60.0568962097168,-58.277801513671875
369.431060791,60.06121063232422,-58.09996032714844
369.580474853,60.06863784790039,-57.89757537841797
369.796295166,60.08163070678711,-57.637916564941406
369.945709228,60.09339141845703,-57.43436050415039
370.095123291,60.10186767578125,-57.2580451965332
370.294342041,60.108489990234375,-56.999507904052734
370.443756103,60.110923767089844,-56.79426193237305
370.642974853,60.11908721923828,-56.53851318359375
370.792388916,60.129573822021484,-56.360931396484375
370.941802978,60.14482498168945,-56.15897750854492
371.041412353,60.15000915527344,-56.02909469604492
371.240631103,60.14569091796875,-55.776023864746094
371.390045166,60.14159393310547,-55.5968132019043
371.556060791,60.141761779785156,-55.39429473876953
371.755279541,60.14910888671875,-55.134403228759766
371.904693603,60.15678024291992,-54.927913665771484
372.054107666,60.164588928222656,-54.75019454956055
372.253326416,60.18233871459961,-54.49767303466797
372.402740478,60.20099639892578,-54.29187774658203
372.601959228,60.22161865234375,-54.0327033996582
372.751373291,60.23097610473633,-53.85643005371094
372.900787353,60.23689270019531,-53.653995513916016
373.100006103,60.237083435058594,-53.40494918823242
373.266021728,60.22555923461914,-53.20005798339844
373.415435791,60.20301055908203,-53.01948547363281
373.614654541,60.16379165649414,-52.76662826538086
373.764068603,60.129337310791016,-52.56289291381836
373.913482666,60.091915130615234,-52.386226654052734
374.112701416,59.9952507019043,-52.14570999145508
374.262115478,59.86915588378906,-51.98112106323242
374.461334228,59.66323471069336,-51.851715087890625
374.610748291,59.49504470825195,-51.80958938598633
374.760162353,59.297027587890625,-51.80460739135742
374.909576416,59.12057113647461,-51.82670211791992
375.125396728,58.84383010864258,-51.880306243896484
375.274810791,58.66463088989258,-51.91206741333008
375.424224853,58.46337890625,-51.9343147277832
375.573638916,58.287105560302734,-51.94356918334961
375.772857666,58.035423278808594,-51.94109344482422
375.922271728,57.831031799316406,-51.922481536865234
376.121490478,57.57295608520508,-51.89091491699219
376.221099853,57.44645309448242,-51.87700271606445
376.420318603,57.196964263916016,-51.85554122924805
376.586334228,56.99614334106445,-51.843994140625
376.735748291,56.815616607666016,-51.83791732788086
376.934967041,56.55836486816406,-51.836116790771484
377.084381103,56.3599739074707,-51.839595794677734
377.233795166,56.1834831237793,-51.84312057495117
377.433013916,55.92764663696289,-51.848228454589844
377.582427978,55.71969985961914,-51.852378845214844
377.731842041,55.53774642944336,-51.85601043701172
377.881256103,55.33935546875,-51.85950469970703
378.080474853,55.0861930847168,-51.85941696166992
378.229888916,54.9041862487793,-51.85901641845703
378.395904541,54.6961784362793,-51.858558654785156
378.545318603,54.492279052734375,-51.85811233520508
378.694732666,54.31711959838867,-51.857730865478516
378.893951416,54.05847930908203,-51.85716247558594
379.043365478,53.85047149658203,-51.85670471191406
379.242584228,53.59457015991211,-51.856143951416016
379.391998291,53.419410705566406,-51.85576248168945
379.591217041,53.16351318359375,-51.85594177246094
379.740631103,52.955928802490234,-51.86827850341797
379.890045166,52.87537384033203,-51.87669372558594
380.105865478,52.87537384033203,-51.87669372558594
380.255279541,52.87537384033203,-51.87669372558594
380.454498291,52.87537384033203,-51.87669372558594
380.603912353,52.87537384033203,-51.87669372558594
380.753326416,52.87537384033203,-51.87669372558594
380.952545166,52.67182540893555,-51.88947677612305
381.101959228,52.466575622558594,-51.89132308959961
381.301177978,52.213470458984375,-51.886417388916016
381.450592041,52.03712844848633,-51.878482818603516
381.649810791,51.77882766723633,-51.86569595336914
381.815826416,51.57107162475586,-51.855899810791016
381.965240478,51.3699836730957,-51.8506965637207
382.164459228,51.11271667480469,-51.848426818847656
382.313873291,50.93070983886719,-51.84687805175781
382.513092041,50.67207336425781,-51.84467697143555
382.662506103,50.46954345703125,-51.84303665161133
382.861724853,50.21364212036133,-51.844444274902344
383.011138916,50.03163528442383,-51.84577941894531
383.210357666,49.77436447143555,-51.84766387939453
383.376373291,49.571834564208984,-51.849143981933594
383.525787353,49.3665657043457,-51.85064697265625
383.725006103,49.10792541503906,-51.852542877197266
383.874420166,48.93276596069336,-51.85382080078125
384.073638916,48.683712005615234,-51.85563659667969
384.223052978,48.47844314575195,-51.857139587402344
384.422271728,48.21843338012695,-51.859046936035156
384.571685791,48.03916549682617,-51.86035919189453
384.721099853,47.83252716064453,-51.861873626708984
384.920318603,47.57936477661133,-51.86349105834961
385.086334228,47.371376037597656,-51.86123275756836
385.285552978,47.11414337158203,-51.857425689697266
385.434967041,46.93764114379883,-51.854820251464844
385.634185791,46.679039001464844,-51.850990295410156
385.783599853,46.47106170654297,-51.84790802001953
385.982818603,46.21656799316406,-51.84439468383789
386.182037353,45.966156005859375,-51.845848083496094
386.331451416,45.788272857666016,-51.84770965576172
386.530670166,45.52830123901367,-51.85041809082031
386.680084228,45.32442092895508,-51.8525505065918
386.895904541,45.07674026489258,-51.85515594482422
387.045318603,44.8687629699707,-51.857322692871094
387.194732666,44.68678283691406,-51.85921859741211
387.393951416,44.429542541503906,-51.86190414428711
387.593170166,44.17912673950195,-51.86119079589844
387.742584228,43.97251510620117,-51.858795166015625
387.941802978,43.71254348754883,-51.85578155517578
388.091217041,43.533294677734375,-51.853702545166016
388.290435791,43.281517028808594,-51.85078048706055
388.456451416,43.07490539550781,-51.848384857177734
388.556060791,42.94491958618164,-51.84687805175781
388.705474853,42.74240493774414,-51.8446044921875
388.904693603,42.496089935302734,-51.84602355957031
389.054107666,42.318206787109375,-51.84788513183594
389.253326416,42.06233215332031,-51.85055923461914
389.402740478,41.85435485839844,-51.852725982666016
389.601959228,41.59711456298828,-51.855411529541016
389.801177978,41.3453369140625,-51.85805130004883
389.950592041,41.16335678100586,-51.859947204589844
390.149810791,40.90338134765625,-51.86257553100586
390.315826416,40.69811248779297,-51.86196517944336
390.515045166,40.443580627441406,-51.86062240600586
390.664459228,40.235572814941406,-51.85952377319336
390.863677978,39.979671478271484,-51.85817337036133
391.013092041,39.80451202392578,-51.85725021362305
391.212310791,39.5540885925293,-51.85593032836914
391.361724853,39.3460807800293,-51.85483169555664
391.560943603,39.087440490722656,-51.85346603393555
391.710357666,38.910911560058594,-51.852535247802734
391.926177978,38.63311767578125,-51.851070404052734
392.125396728,38.37447738647461,-51.84970474243164
392.274810791,38.199317932128906,-51.84878158569336
392.474029541,37.943416595458984,-51.84743118286133
392.623443603,37.74225997924805,-51.84590148925781
392.822662353,37.48240661621094,-51.837547302246094
392.972076416,37.30099105834961,-51.823394775390625
393.121490478,37.10578918457031,-51.79649353027344
393.320709228,36.85398483276367,-51.75938034057617
393.470123291,36.678653717041016,-51.739139556884766
393.636138916,36.47366714477539,-51.72905731201172
393.835357666,36.216434478759766,-51.72563552856445
393.984771728,36.01527404785156,-51.725830078125
394.183990478,35.763484954833984,-51.725276947021484
394.333404541,35.581539154052734,-51.720863342285156
394.532623291,35.321895599365234,-51.70759582519531
394.731842041,35.069889068603516,-51.68346405029297
394.881256103,34.87073516845703,-51.66759490966797
395.080474853,34.614990234375,-51.6613655090332
395.229888916,34.43574142456055,-51.663238525390625
395.445709228,34.152503967285156,-51.666194915771484
395.595123291,33.97598648071289,-51.66804504394531
395.794342041,33.71601486206055,-51.670753479003906
395.943756103,33.51076889038086,-51.67289733886719
396.142974853,33.2548942565918,-51.67557144165039
396.292388916,33.07701110839844,-51.677433013916016
396.491607666,32.821136474609375,-51.68010711669922
396.690826416,32.561153411865234,-51.68232727050781
396.840240478,32.35725784301758,-51.68083953857422
396.989654541,32.182098388671875,-51.67934799194336
397.155670166,31.983678817749023,-51.67765808105469
397.354888916,31.72368812561035,-51.675445556640625
397.554107666,31.469167709350586,-51.67327880859375
397.703521728,31.26801300048828,-51.671566009521484
397.852935791,31.08601951599121,-51.67001724243164
398.052154541,30.82602882385254,-51.66780471801758
398.251373291,30.570140838623047,-51.665626525878906
398.400787353,30.367618560791016,-51.663902282714844
398.550201416,30.1883602142334,-51.662872314453125
398.766021728,29.90237045288086,-51.664886474609375
398.915435791,29.725847244262695,-51.666175842285156
399.114654541,29.6276912689209,-51.66688919067383
399.264068603,29.6276912689209,-51.66688919067383
399.463287353,29.6276912689209,-51.66688919067383
399.662506103,29.6276912689209,-51.66688919067383
399.811920166,29.6276912689209,-51.66688919067383
400.011138916,29.47469711303711,-51.66801071166992
400.210357666,29.21744155883789,-51.66989517211914
400.376373291,29.009449005126953,-51.67142105102539
400.525787353,28.802824020385742,-51.672935485839844
400.725006103,28.54283332824707,-51.674842834472656
400.924224853,28.284210205078125,-51.67673873901367
401.073638916,28.10768699645996,-51.67802810668945
401.272857666,27.853166580200195,-51.67988967895508
401.422271728,27.645174026489258,-51.68141555786133
401.621490478,27.385183334350586,-51.68332290649414
401.770904541,27.208660125732422,-51.68302917480469
401.970123291,26.95687484741211,-51.680885314941406
402.136138916,26.751617431640625,-51.67913818359375
402.335357666,26.494361877441406,-51.67694854736328
402.484771728,26.2932071685791,-51.675235748291016
402.683990478,26.035951614379883,-51.67329406738281
402.833404541,25.85411834716797,-51.680362701416016
403.032623291,25.595579147338867,-51.7076416015625
403.182037353,25.391685485839844,-51.731285095214844
403.381256103,25.14081573486328,-51.7737922668457
403.530670166,24.968257904052734,-51.81100082397461
403.729888916,24.716646194458008,-51.870845794677734
403.895904541,24.515762329101562,-51.92472839355469
404.045318603,24.31812286376953,-51.98937225341797
404.244537353,24.093294143676758,-52.107093811035156
404.393951416,23.96544647216797,-52.23014450073242
404.593170166,23.839635848999023,-52.45620346069336
404.742584228,23.79432487487793,-52.658851623535156
404.891998291,23.783971786499023,-52.840415954589844
405.041412353,23.79611587524414,-53.04801940917969
405.190826416,23.809040069580078,-53.22957229614258
405.390045166,23.824790954589844,-53.48497009277344
405.506256103,23.825763702392578,-53.634117126464844
405.655670166,23.82262420654297,-53.81471633911133
405.854888916,23.80216407775879,-54.073814392089844
406.004302978,23.771610260009766,-54.2795524597168
406.153717041,23.741443634033203,-54.4534797668457
406.303131103,23.705001831054688,-54.6526985168457
406.452545166,23.676422119140625,-54.82688522338867
406.651763916,23.65269660949707,-55.0857048034668
406.801177978,23.645601272583008,-55.28947067260742
406.950592041,23.643653869628906,-55.46735763549805
407.149810791,23.644058227539062,-55.71641159057617
407.315826416,23.644384384155273,-55.917572021484375
407.465240478,23.64472007751465,-56.125579833984375
407.614654541,23.645008087158203,-56.3034782409668
407.764068603,23.645334243774414,-56.504638671875
407.913482666,23.64562225341797,-56.68253707885742
408.112701416,23.646039962768555,-56.94117736816406
408.262115478,23.646621704101562,-57.1491813659668
408.411529541,23.65552520751953,-57.330928802490234
408.461334228,23.6625919342041,-57.40585708618164
408.660552978,23.689882278442383,-57.657535552978516
408.809967041,23.707378387451172,-57.838687896728516
408.975982666,23.722471237182617,-58.04613494873047
409.125396728,23.731884002685547,-58.24432373046875
409.274810791,23.73946762084961,-58.42205810546875
409.424224853,23.752761840820312,-58.6296272277832
409.573638916,23.764291763305664,-58.811256408691406
409.723052978,23.776273727416992,-59.01890563964844
409.922271728,23.79709815979004,-59.27395248413086
410.071685791,23.810670852661133,-59.4554328918457
410.221099853,23.813467025756836,-59.663387298583984
410.370513916,23.80142593383789,-59.840782165527344
410.569732666,23.754947662353516,-60.08673858642578
410.735748291,23.70867919921875,-60.289520263671875
410.885162353,23.671573638916016,-60.494163513183594
411.034576416,23.643199920654297,-60.67394256591797
411.233795166,23.604129791259766,-60.929603576660156
411.383209228,23.572092056274414,-61.129581451416016
411.532623291,23.547529220581055,-61.30300521850586
411.731842041,23.52967643737793,-61.5609245300293
411.881256103,23.52464485168457,-61.76885986328125
412.080474853,23.50135612487793,-62.02497863769531
412.229888916,23.473108291625977,-62.200584411621094
412.395904541,23.42639923095703,-62.40322494506836
412.595123291,23.356584548950195,-62.64939880371094
412.744537353,23.300016403198242,-62.84954833984375
412.893951416,23.25425910949707,-63.02569580078125
413.093170166,23.19310760498047,-63.27840042114258
413.242584228,23.14422035217285,-63.47071075439453
413.391998291,23.099292755126953,-63.63717269897461
413.541412353,23.047304153442383,-63.83290481567383
413.690826416,23.002525329589844,-63.99940872192383
413.840240478,22.951271057128906,-64.19109344482422
414.006256103,22.901159286499023,-64.38591003417969
414.205474853,22.837739944458008,-64.6338119506836
414.354888916,22.789684295654297,-64.80933380126953
414.504302978,22.73421859741211,-65.00977325439453
414.703521728,22.66822624206543,-65.25841522216797
414.902740478,22.601287841796875,-65.50680541992188
415.052154541,22.554576873779297,-65.67562866210938
415.201568603,22.501699447631836,-65.86970520019531
415.400787353,22.435928344726562,-66.11131286621094
415.550201416,22.389123916625977,-66.28294372558594
415.766021728,22.318851470947266,-66.5502700805664
415.915435791,22.27667808532715,-66.72590637207031
416.114654541,22.213537216186523,-66.97811889648438
416.264068603,22.158235549926758,-67.17863464355469
416.463287353,22.08622169494629,-67.42848205566406
416.612701416,22.031635284423828,-67.60209655761719
416.811920166,21.949979782104492,-67.8446273803711
416.961334228,21.886125564575195,-68.03681945800781
417.160552978,21.81239128112793,-68.27901458740234
417.309967041,21.762493133544922,-68.44692993164062
417.475982666,21.75558090209961,-68.47018432617188
417.675201416,21.75558090209961,-68.47018432617188
417.874420166,21.75558090209961,-68.47018432617188
418.023834228,21.75558090209961,-68.47018432617188
418.173248291,21.75558090209961,-68.47018432617188
418.372467041,21.705110549926758,-68.6408920288086
418.472076416,21.669574737548828,-68.76595306396484
418.621490478,21.615140914916992,-68.96244049072266
418.770904541,21.56574249267578,-69.13761138916016
418.970123291,21.486452102661133,-69.38516235351562
419.136138916,21.41332244873047,-69.57401275634766
419.335357666,21.31670570373535,-69.8109359741211
419.484771728,21.237728118896484,-70.0003890991211
419.683990478,21.139617919921875,-70.24114227294922
419.833404541,21.071372985839844,-70.40984344482422
420.032623291,20.971878051757812,-70.64558410644531
420.182037353,20.885011672973633,-70.83456420898438
420.331451416,20.808183670043945,-70.9995346069336
420.530670166,20.70102882385254,-71.23639678955078
420.680084228,20.616111755371094,-71.42626190185547
420.895904541,20.51458740234375,-71.6656265258789
421.045318603,20.436677932739258,-71.85404205322266
421.244537353,20.340007781982422,-72.09537506103516
421.393951416,20.26873016357422,-72.26283264160156
421.543365478,20.186140060424805,-72.45372009277344
421.742584228,20.08074378967285,-72.68988800048828
421.891998291,20.0076904296875,-72.85508728027344
422.091217041,19.903606414794922,-73.09335327148438
422.240631103,19.8182373046875,-73.28302001953125
422.390045166,19.756118774414062,-73.41348266601562
422.605865478,19.755245208740234,-73.415283203125
422.755279541,19.755245208740234,-73.415283203125
422.954498291,19.755245208740234,-73.415283203125
423.103912353,19.755245208740234,-73.415283203125
423.303131103,19.755245208740234,-73.415283203125
423.402740478,19.755245208740234,-73.415283203125
423.552154541,19.75408935546875,-73.42340087890625
423.751373291,19.766616821289062,-73.46768188476562
423.900787353,19.877986907958984,-73.57781982421875
424.050201416,20.03660011291504,-73.64250946044922
424.199615478,20.217519760131836,-73.64025115966797
424.365631103,20.434926986694336,-73.57991790771484
424.515045166,20.608535766601562,-73.52532958984375
424.664459228,20.801212310791016,-73.47814178466797
424.813873291,20.97519874572754,-73.4485092163086
424.963287353,21.178077697753906,-73.42863464355469
425.112701416,21.354511260986328,-73.4272689819336
425.262115478,21.554304122924805,-73.44947814941406
425.411529541,21.729084014892578,-73.48905181884766
425.560943603,21.925474166870117,-73.54865264892578
425.710357666,22.099260330200195,-73.60269927978516
425.876373291,22.296344757080078,-73.66002655029297
426.025787353,22.497770309448242,-73.70587921142578
426.175201416,22.677480697631836,-73.73455047607422
426.324615478,22.8713321685791,-73.7598648071289
426.474029541,22.885732650756836,-73.76156616210938
426.623443603,22.885732650756836,-73.76156616210938
426.772857666,22.885732650756836,-73.76156616210938
426.922271728,22.885732650756836,-73.76156616210938
427.071685791,22.885732650756836,-73.76156616210938
427.221099853,22.885732650756836,-73.76156616210938
427.370513916,22.885732650756836,-73.76156616210938
427.536529541,22.885732650756836,-73.76156616210938
427.685943603,22.885732650756836,-73.76156616210938
427.835357666,22.885732650756836,-73.76156616210938
427.984771728,22.885732650756836,-73.76156616210938
428.134185791,22.885732650756836,-73.76156616210938
428.283599853,22.885732650756836,-73.76156616210938
428.433013916,22.885732650756836,-73.76156616210938
428.632232666,22.885732650756836,-73.76156616210938
428.781646728,22.885732650756836,-73.76156616210938
428.931060791,22.885732650756836,-73.76156616210938
429.080474853,22.885732650756836,-73.76156616210938
429.229888916,22.885732650756836,-73.76156616210938
429.445709228,22.880136489868164,-73.77250671386719
429.595123291,22.784605026245117,-73.86015319824219
429.794342041,22.54056167602539,-73.93225860595703
429.943756103,22.333616256713867,-73.91706848144531
430.142974853,22.087646484375,-73.85765075683594
430.292388916,21.91839027404785,-73.8126220703125
430.491607666,21.670991897583008,-73.76629638671875
430.641021728,21.464086532592773,-73.7454833984375
430.840240478,21.205568313598633,-73.74105072021484
430.989654541,21.029083251953125,-73.74469757080078
431.155670166,20.827974319458008,-73.74893951416016
431.354888916,20.56805992126465,-73.75517272949219
431.504302978,20.36624526977539,-73.77163696289062
431.703521728,20.118677139282227,-73.79872131347656
431.852935791,19.945507049560547,-73.81333923339844
432.052154541,19.694141387939453,-73.82778930664062
432.251373291,19.43425178527832,-73.83501434326172
432.400787353,19.229154586791992,-73.84307098388672
432.600006103,18.9754581451416,-73.87530517578125
432.766021728,18.77232551574707,-73.91986846923828
432.965240478,18.519786834716797,-73.98170471191406
433.114654541,18.342937469482422,-74.0246810913086
433.313873291,18.091144561767578,-74.06978607177734
433.463287353,17.890090942382812,-74.09413146972656
433.662506103,17.636653900146484,-74.1175537109375
433.861724853,17.377140045166016,-74.13330841064453
434.011138916,17.197982788085938,-74.13937377929688
434.210357666,16.944843292236328,-74.14115905761719
434.376373291,16.74373435974121,-74.13683319091797
434.525787353,16.5358943939209,-74.12860107421875
434.725006103,16.277406692504883,-74.13361358642578
434.874420166,16.228652954101562,-74.13734436035156
435.073638916,16.228652954101562,-74.13734436035156
435.272857666,16.228652954101562,-74.13734436035156
435.422271728,16.228652954101562,-74.13734436035156
435.621490478,16.228652954101562,-74.13734436035156
435.770904541,16.228652954101562,-74.13734436035156
435.970123291,16.228652954101562,-74.13734436035156
436.185943603,16.228652954101562,-74.13734436035156
436.385162353,16.228652954101562,-74.13734436035156
436.534576416,16.228652954101562,-74.13734436035156
436.733795166,16.228652954101562,-74.13734436035156
436.933013916,16.228652954101562,-74.13734436035156
437.132232666,16.228652954101562,-74.13734436035156
437.281646728,16.228652954101562,-74.13734436035156
437.480865478,16.228652954101562,-74.13734436035156
437.680084228,16.228652954101562,-74.13734436035156
437.895904541,16.228652954101562,-74.13734436035156
438.045318603,16.228652954101562,-74.13734436035156
438.244537353,16.228652954101562,-74.13734436035156
438.443756103,16.228652954101562,-74.13734436035156
438.642974853,16.228652954101562,-74.13734436035156
438.842193603,16.228652954101562,-74.13734436035156
438.991607666,16.228652954101562,-74.13734436035156
439.190826416,16.228652954101562,-74.13734436035156
439.390045166,16.228652954101562,-74.13734436035156
439.556060791,16.228652954101562,-74.13734436035156
439.755279541,16.228652954101562,-74.13734436035156
439.904693603,16.228652954101562,-74.13734436035156
440.103912353,16.228652954101562,-74.13734436035156
440.253326416,16.228652954101562,-74.13734436035156
440.452545166,16.228652954101562,-74.13734436035156
440.651763916,16.228652954101562,-74.13734436035156
440.850982666,16.228652954101562,-74.13734436035156
441.000396728,16.228652954101562,-74.13734436035156
441.216217041,16.228652954101562,-74.13734436035156
441.415435791,16.228652954101562,-74.13734436035156
441.614654541,16.228652954101562,-74.13734436035156
441.714263916,16.228652954101562,-74.13734436035156
441.963287353,16.228652954101562,-74.13734436035156
442.112701416,16.228652954101562,-74.13734436035156
442.311920166,16.203744888305664,-74.13948822021484
442.511138916,15.953851699829102,-74.19837951660156
442.660552978,15.788359642028809,-74.31578063964844
442.809967041,15.673848152160645,-74.45681762695312
443.025787353,15.536056518554688,-74.70100402832031
443.225006103,15.414597511291504,-74.92929077148438
443.274810791,15.388315200805664,-74.97256469726562
443.474029541,15.244731903076172,-75.16561889648438
443.623443603,15.105300903320312,-75.31243896484375
443.822662353,14.919922828674316,-75.48280334472656
443.972076416,14.783944129943848,-75.60169982910156
444.171295166,14.587358474731445,-75.7655029296875
444.320709228,14.433823585510254,-75.89334869384766
444.470123291,14.295212745666504,-76.01129150390625
444.685943603,14.098101615905762,-76.20100402832031
444.885162353,13.924664497375488,-76.38916015625
445.034576416,13.800612449645996,-76.52233123779297
445.183990478,13.657183647155762,-76.67298126220703
445.383209228,13.48017406463623,-76.85205841064453
445.582427978,13.297836303710938,-77.02765655517578
445.731842041,13.163402557373047,-77.15032958984375
445.931060791,12.974499702453613,-77.3167953491211
446.080474853,12.822394371032715,-77.45050048828125
446.279693603,12.65083122253418,-77.60553741455078
446.445709228,12.484123229980469,-77.75983428955078
446.595123291,12.35168170928955,-77.8826675415039
446.794342041,12.17341136932373,-78.06427764892578
446.943756103,12.035029411315918,-78.20455932617188
447.142974853,11.860255241394043,-78.37814331054688
447.292388916,11.729804992675781,-78.50505828857422
447.491607666,11.54173755645752,-78.6845932006836
447.641021728,11.390830993652344,-78.82774353027344
447.840240478,11.202369689941406,-79.0068588256836
448.006256103,11.056249618530273,-79.1451187133789
448.155670166,10.924690246582031,-79.26890563964844
448.354888916,10.732651710510254,-79.44416809082031
448.504302978,10.576869010925293,-79.58198547363281
448.703521728,10.382089614868164,-79.75419616699219
448.852935791,10.250218391418457,-79.87562561035156
449.052154541,10.071514129638672,-80.05298614501953
449.201568603,9.936314582824707,-80.19254302978516
449.400787353,9.75910472869873,-80.3827896118164
449.550201416,9.643686294555664,-80.51814270019531
449.716217041,9.513784408569336,-80.68058776855469
449.915435791,9.362340927124023,-80.89188385009766
450.064849853,9.242918968200684,-81.05882263183594
450.264068603,9.089066505432129,-81.26842498779297
450.413482666,8.980632781982422,-81.41459655761719
450.612701416,8.828527450561523,-81.61866760253906
450.762115478,8.705022811889648,-81.78433227539062
450.961334228,8.550384521484375,-81.99333190917969
451.110748291,8.44520378112793,-82.14185333251953
451.309967041,8.307534217834473,-82.3606948852539
451.475982666,8.208127975463867,-82.54183197021484
451.625396728,8.115150451660156,-82.72482299804688
451.824615478,8.00489330291748,-82.96027374267578
451.974029541,7.932084560394287,-83.12706756591797
452.123443603,7.85228157043457,-83.31913757324219
452.322662353,7.7587785720825195,-83.55879211425781
452.472076416,7.693395614624023,-83.7227554321289
452.671295166,7.5906219482421875,-83.9615707397461
452.820709228,7.503754138946533,-84.15055847167969
452.970123291,7.426684379577637,-84.31544494628906
453.136138916,7.3349289894104,-84.50210571289062
453.335357666,7.218797206878662,-84.7347183227539
453.484771728,7.139981269836426,-84.92713165283203
453.683990478,7.0664262771606445,-85.17644500732422
453.833404541,7.02512264251709,-85.34664916992188
454.032623291,6.976250171661377,-85.596435546875
454.182037353,6.936915874481201,-85.79788970947266
454.331451416,6.902742862701416,-85.96965789794922
454.530670166,6.850998878479004,-86.2230453491211
454.680084228,6.806885719299316,-86.42630004882812
454.895904541,6.7544403076171875,-86.67955017089844
455.045318603,6.713168621063232,-86.87920379638672
455.244537353,6.666877746582031,-87.13504028320312
455.393951416,6.635079383850098,-87.31422424316406
455.593170166,6.588874816894531,-87.56727600097656
455.692779541,6.56589412689209,-87.68965911865234
455.842193603,6.531181335449219,-87.8877944946289
456.041412353,6.488539218902588,-88.13453674316406
456.190826416,6.458016872406006,-88.30839538574219
456.390045166,6.410845756530762,-88.56269836425781
456.556060791,6.377384662628174,-88.76105499267578
456.705474853,6.346316337585449,-88.95841217041016
456.904693603,6.323978900909424,-89.21170806884766
457.054107666,6.331717014312744,-89.38935089111328
457.203521728,6.3648552894592285,-89.59178924560547
457.402740478,6.440918445587158,-89.83441162109375
457.552154541,6.511346817016602,-89.99776458740234
457.751373291,6.619131088256836,-90.2343521118164
457.900787353,6.705374240875244,-90.4190902709961
458.050201416,6.778841495513916,-90.5841064453125
458.249420166,6.8760600090026855,-90.81932067871094
458.415435791,6.947909355163574,-91.0130386352539
458.564849853,7.013177394866943,-91.20619201660156
458.764068603,7.089585304260254,-91.44467163085938
458.913482666,7.143011093139648,-91.61578369140625
459.062896728,7.20174503326416,-91.80817413330078
459.262115478,7.276294231414795,-92.05440521240234
459.411529541,7.327559947967529,-92.22903442382812
459.610748291,7.401336193084717,-92.47834777832031
459.760162353,7.455026149749756,-92.67643737792969
459.926177978,7.4931745529174805,-92.87249755859375
460.125396728,7.511446475982666,-93.11365509033203
460.274810791,7.511778831481934,-93.129150390625
460.474029541,7.511778831481934,-93.129150390625
460.623443603,7.511778831481934,-93.129150390625
460.723052978,7.511778831481934,-93.129150390625
460.922271728,7.511778831481934,-93.129150390625
461.071685791,7.514712333679199,-93.26588439941406
461.270904541,7.518425464630127,-93.5190200805664
461.470123291,7.519001483917236,-93.77902221679688
461.636138916,7.531653881072998,-93.98660278320312
461.785552978,7.551443099975586,-94.18402099609375
461.984771728,7.58013391494751,-94.43414306640625
462.134185791,7.604148864746094,-94.61041259765625
462.283599853,7.6288933753967285,-94.81693267822266
462.482818603,7.662234783172607,-95.07201385498047
462.632232666,7.687302589416504,-95.25227355957031
462.831451416,7.724971294403076,-95.49705505371094
462.980865478,7.75386381149292,-95.70301818847656
463.180084228,7.7888617515563965,-95.96063232421875
463.346099853,7.813606262207031,-96.16715240478516
463.495513916,7.837299346923828,-96.33930969238281
463.694732666,7.870439529418945,-96.59303283691406
463.844146728,7.89567232131958,-96.79949188232422
464.043365478,7.924874782562256,-97.05369567871094
464.192779541,7.943949222564697,-97.23194122314453
464.391998291,7.97317361831665,-97.47654724121094
464.541412353,7.9955220222473145,-97.67920684814453
464.690826416,8.017663955688477,-97.8598403930664
464.890045166,8.046637535095215,-98.11821746826172
465.056060791,8.070630073547363,-98.32206726074219
465.255279541,8.100817680358887,-98.57478332519531
465.404693603,8.12045669555664,-98.77635192871094
465.603912353,8.149599075317383,-99.03334045410156
465.703521728,8.163002014160156,-99.15851593017578
465.852935791,8.181763648986816,-99.33404541015625
466.052154541,8.211307525634766,-99.59099578857422
466.201568603,8.229850769042969,-99.79817199707031
466.400787353,8.254323959350586,-100.0556411743164
466.550201416,8.273244857788086,-100.23114013671875
466.716217041,8.292168617248535,-100.43829345703125
466.915435791,8.321125984191895,-100.69667053222656
467.064849853,8.344402313232422,-100.89371490478516
467.264068603,8.371914863586426,-101.15088653564453
467.413482666,8.39181900024414,-101.33179473876953
467.612701416,8.415064811706543,-101.59077453613281
467.762115478,8.437579154968262,-101.79755401611328
467.961334228,8.465882301330566,-102.04498291015625
468.110748291,8.48148250579834,-102.2221908569336
468.260162353,8.499425888061523,-102.4294204711914
468.475982666,8.522998809814453,-102.68836212158203
468.625396728,8.53818416595459,-102.8875732421875
468.824615478,8.563961029052734,-103.1435317993164
468.974029541,8.581090927124023,-103.32473754882812
469.123443603,8.598215103149414,-103.53203582763672
469.322662353,8.624052047729492,-103.78111267089844
469.472076416,8.639544486999512,-103.95696258544922
469.621490478,8.652517318725586,-104.15632629394531
469.820709228,8.676887512207031,-104.41236114501953
469.970123291,8.699723243713379,-104.59292602539062
470.136138916,8.72040843963623,-104.79438018798828
470.285552978,8.738680839538574,-105.00159454345703
470.484771728,8.760702133178711,-105.26067352294922
470.634185791,8.77210807800293,-105.44230651855469
470.733795166,8.777776718139648,-105.56806945800781
470.933013916,8.794196128845215,-105.8220443725586
471.132232666,8.816134452819824,-106.08114624023438
471.281646728,8.830315589904785,-106.28865051269531
471.480865478,8.85389232635498,-106.54617309570312
471.630279541,8.872657775878906,-106.72168731689453
471.796295166,8.889817237854004,-106.92760467529297
471.995513916,8.90937614440918,-107.18000030517578
472.194732666,8.933774948120117,-107.43060302734375
472.344146728,8.948731422424316,-107.63257598876953
472.543365478,8.962322235107422,-107.89221954345703
472.692779541,8.978878021240234,-108.07347106933594
472.842193603,8.997472763061523,-108.28064727783203
473.041412353,9.012837409973145,-108.53195190429688
473.190826416,9.024035453796387,-108.71084594726562
473.390045166,9.051526069641113,-108.9693832397461
473.556060791,9.069786071777344,-109.17247009277344
473.705474853,9.082741737365723,-109.37320709228516
473.904693603,9.096659660339355,-109.63282775878906
474.054107666,9.11043643951416,-109.81429290771484
474.203521728,9.125146865844727,-110.01627349853516
474.402740478,9.136357307434082,-110.26368713378906
474.552154541,9.144987106323242,-110.43997955322266
474.751373291,9.1681489944458,-110.69896697998047
474.900787353,9.185845375061035,-110.90621948242188
475.100006103,9.201252937316895,-111.16300964355469
475.266021728,9.21800422668457,-111.36620330810547
475.415435791,9.23581600189209,-111.54596710205078
475.614654541,9.255596160888672,-111.80245971679688
475.714263916,9.262447357177734,-111.92816925048828
475.913482666,9.279695510864258,-112.17524719238281
476.062896728,9.295598030090332,-112.3785171508789
476.262115478,9.310662269592285,-112.63806915283203
476.411529541,9.316579818725586,-112.8199691772461
476.610748291,9.336504936218262,-113.07500457763672
476.760162353,9.358043670654297,-113.27362823486328
476.909576416,9.373502731323242,-113.45497131347656
477.125396728,9.38945484161377,-113.73640441894531
477.274810791,9.398674011230469,-113.9085693359375
477.474029541,9.41742992401123,-114.16239166259766
477.623443603,9.429996490478516,-114.36726379394531
477.772857666,9.436859130859375,-114.54913330078125
477.972076416,9.44826889038086,-114.802001953125
478.121490478,9.464489936828613,-115.00386810302734
478.320709228,9.485934257507324,-115.2547378540039
478.470123291,9.497431755065918,-115.43637084960938
478.636138916,9.506148338317871,-115.6441879272461
478.835357666,9.519698143005371,-115.87897491455078
478.984771728,9.52057933807373,-115.89107513427734
479.183990478,9.52057933807373,-115.89107513427734
479.333404541,9.52057933807373,-115.89107513427734
479.532623291,9.52057933807373,-115.89107513427734
479.731842041,9.52057933807373,-115.89107513427734
479.881256103,9.526585578918457,-116.04045104980469
480.080474853,9.526204109191895,-116.30045318603516
480.229888916,9.52105712890625,-116.48237609863281
480.395904541,9.51240348815918,-116.68058776855469
480.545318603,9.512125015258789,-116.88442993164062
480.644927978,9.519927024841309,-117.01419067382812
480.794342041,9.534860610961914,-117.195556640625
480.993560791,9.55807113647461,-117.45449829101562
481.142974853,9.582924842834473,-117.65412139892578
481.342193603,9.612010955810547,-117.9124755859375
481.491607666,9.62808895111084,-118.09376525878906
481.641021728,9.647910118103027,-118.29808807373047
481.840240478,9.668601989746094,-118.5448989868164
482.006256103,9.680594444274902,-118.74432373046875
482.155670166,9.695109367370605,-118.92436218261719
482.305084228,9.715770721435547,-119.1313247680664
482.504302978,9.736239433288574,-119.38227844238281
482.653717041,9.751291275024414,-119.55815887451172
482.803131103,9.77238655090332,-119.7582015991211
483.002349853,9.795761108398438,-120.01713562011719
483.151763916,9.807257652282715,-120.19876861572266
483.350982666,9.816557884216309,-120.45311737060547
483.500396728,9.818174362182617,-120.65288543701172
483.699615478,9.81377124786377,-120.8868408203125
483.865631103,9.80567741394043,-121.12071228027344
484.015045166,9.799572944641113,-121.29714965820312
484.214263916,9.790900230407715,-121.55017852783203
484.363677978,9.787314414978027,-121.75814819335938
484.562896728,9.787261009216309,-122.01679229736328
484.712310791,9.787281036376953,-122.1933364868164
484.911529541,9.787309646606445,-122.44651794433594
485.110748291,9.787338256835938,-122.70652770996094
485.260162353,9.787361145019531,-122.91453552246094
485.426177978,9.787384033203125,-123.11571502685547
485.625396728,9.787412643432617,-123.37435913085938
485.824615478,9.78744125366211,-123.63300323486328
485.974029541,9.787461280822754,-123.8095474243164
486.173248291,9.787489891052246,-124.06546020507812
486.322662353,9.78751277923584,-124.27346801757812
486.521881103,9.787787437438965,-124.53347778320312
486.671295166,9.796273231506348,-124.71249389648438
486.870513916,9.824774742126465,-124.96263885498047
487.036529541,9.844278335571289,-125.16692352294922
487.235748291,9.84986686706543,-125.4240951538086
487.385162353,9.851141929626465,-125.62248992919922
487.584381103,9.852767944335938,-125.8756332397461
487.783599853,9.854436874389648,-126.1356430053711
487.933013916,9.855605125427246,-126.3176498413086
488.132232666,9.856269836425781,-126.56806182861328
488.281646728,9.853591918945312,-126.7691879272461
488.480865478,9.84958553314209,-127.0250244140625
488.680084228,9.845513343811035,-127.28495788574219
488.846099853,9.844966888427734,-127.49022674560547
489.045318603,9.845800399780273,-127.74474334716797
489.194732666,9.846394538879395,-127.92675018310547
489.393951416,9.847235679626465,-128.1840057373047
489.593170166,9.848041534423828,-128.42892456054688
489.742584228,9.847509384155273,-128.63006591796875
489.941802978,9.839898109436035,-128.88311767578125
490.141021728,9.832956314086914,-129.14300537109375
490.290435791,9.839045524597168,-129.3248748779297
490.489654541,9.874693870544434,-129.57923889160156
490.655670166,9.942184448242188,-129.77267456054688
490.854888916,10.086770057678223,-129.982421875
491.004302978,10.24690055847168,-130.11448669433594
491.203521728,10.476726531982422,-130.23526000976562
491.352935791,10.64612102508545,-130.3017578125
491.502349853,10.839763641357422,-130.36978149414062
491.651763916,11.013153076171875,-130.4250946044922
491.850982666,11.260876655578613,-130.5040283203125
492.000396728,11.45748233795166,-130.57191467285156
492.149810791,11.62686538696289,-130.63465881347656
492.315826416,11.819783210754395,-130.7086639404297
492.515045166,12.062302589416504,-130.80235290527344
492.664459228,12.25855827331543,-130.8712615966797
492.813873291,12.431262016296387,-130.92864990234375
492.963287353,12.629963874816895,-130.99012756347656
493.162506103,12.878499031066895,-131.0664520263672
493.311920166,13.051741600036621,-131.1222381591797
493.461334228,13.2465181350708,-131.18698120117188
493.610748291,13.4170560836792,-131.24221801757812
493.809967041,13.654685020446777,-131.3331756591797
493.975982666,13.840895652770996,-131.4091796875
494.125396728,14.03329849243164,-131.46771240234375
494.274810791,14.2078857421875,-131.50830078125
494.474029541,14.464336395263672,-131.5506134033203
494.623443603,14.670536041259766,-131.5779571533203
494.772857666,14.847931861877441,-131.60372924804688
494.922271728,15.048757553100586,-131.63888549804688
495.071685791,15.223027229309082,-131.6746368408203
495.221099853,15.421948432922363,-131.7193603515625
495.370513916,15.43801498413086,-131.72311401367188
495.536529541,15.43801498413086,-131.72311401367188
495.735748291,15.43801498413086,-131.72311401367188
495.885162353,15.43801498413086,-131.72311401367188
496.034576416,15.43801498413086,-131.72311401367188
496.183990478,15.43801498413086,-131.72311401367188
496.383209228,15.43801498413086,-131.72311401367188
496.532623291,15.43801498413086,-131.72311401367188
496.731842041,15.43801498413086,-131.72311401367188
496.881256103,15.43801498413086,-131.72311401367188
497.030670166,15.43801498413086,-131.72311401367188
497.180084228,15.43801498413086,-131.72311401367188
497.329498291,15.43801498413086,-131.72311401367188
497.545318603,15.43801498413086,-131.72311401367188
497.694732666,15.43801498413086,-131.72311401367188
497.844146728,15.43801498413086,-131.72311401367188
497.993560791,15.43801498413086,-131.72311401367188
498.192779541,15.43801498413086,-131.72311401367188
498.342193603,15.43801498413086,-131.72311401367188
498.491607666,15.43801498413086,-131.72311401367188
498.641021728,15.43801498413086,-131.72311401367188
498.840240478,15.43801498413086,-131.72311401367188
499.006256103,15.43801498413086,-131.72311401367188
499.155670166,15.43801498413086,-131.72311401367188
499.305084228,15.43801498413086,-131.72311401367188
499.504302978,15.43801498413086,-131.72311401367188
499.653717041,15.43801498413086,-131.72311401367188
499.803131103,15.43801498413086,-131.72311401367188
499.952545166,15.43801498413086,-131.72311401367188
500.151763916,15.43801498413086,-131.72311401367188
500.301177978,15.43801498413086,-131.72311401367188
500.450592041,15.43801498413086,-131.72311401367188
500.550201416,15.43801498413086,-131.72311401367188
500.716217041,15.43801498413086,-131.72311401367188
500.865631103,15.43801498413086,-131.72311401367188
501.064849853,15.43801498413086,-131.72311401367188
501.214263916,15.43801498413086,-131.72311401367188
501.363677978,15.43801498413086,-131.72311401367188
501.513092041,15.43801498413086,-131.72311401367188
501.712310791,15.43801498413086,-131.72311401367188
501.861724853,15.43801498413086,-131.72311401367188
502.011138916,15.43801498413086,-131.72311401367188
502.210357666,15.43801498413086,-131.72311401367188
502.309967041,15.43801498413086,-131.72311401367188
502.525787353,15.43801498413086,-131.72311401367188
502.675201416,15.43801498413086,-131.72311401367188
502.824615478,15.43801498413086,-131.72311401367188
502.974029541,15.43801498413086,-131.72311401367188
503.123443603,15.43801498413086,-131.72311401367188
503.322662353,15.43801498413086,-131.72311401367188
503.472076416,15.43801498413086,-131.72311401367188
503.621490478,15.43801498413086,-131.72311401367188
503.770904541,15.43801498413086,-131.72311401367188
503.920318603,15.43801498413086,-131.72311401367188
504.086334228,15.43801498413086,-131.72311401367188
504.235748291,15.43801498413086,-131.72311401367188
504.434967041,15.43801498413086,-131.72311401367188
504.584381103,15.43801498413086,-131.72311401367188
504.733795166,15.43801498413086,-131.72311401367188
504.933013916,15.43801498413086,-131.72311401367188
505.082427978,15.43801498413086,-131.72311401367188
505.231842041,15.43801498413086,-131.72311401367188
505.381256103,15.43801498413086,-131.72311401367188
505.580474853,15.43801498413086,-131.72311401367188
505.729888916,15.43801498413086,-131.72311401367188
505.895904541,15.43801498413086,-131.72311401367188
506.045318603,15.43801498413086,-131.72311401367188
506.244537353,15.43801498413086,-131.72311401367188
506.393951416,15.43801498413086,-131.72311401367188
506.543365478,15.43801498413086,-131.72311401367188
506.692779541,15.43801498413086,-131.72311401367188
506.891998291,15.43801498413086,-131.72311401367188
507.041412353,15.43801498413086,-131.72311401367188
507.190826416,15.43801498413086,-131.72311401367188
507.390045166,15.43801498413086,-131.72311401367188
507.556060791,15.43801498413086,-131.72311401367188
507.755279541,15.43801498413086,-131.72311401367188
507.904693603,15.43801498413086,-131.72311401367188
508.103912353,15.43801498413086,-131.72311401367188
508.253326416,15.560093879699707,-131.74813842773438
508.452545166,15.808526992797852,-131.7889862060547
508.601959228,16.004154205322266,-131.81265258789062
508.751373291,16.17650604248047,-131.83494567871094
508.950592041,16.425294876098633,-131.88125610351562
509.100006103,16.620647430419922,-131.92918395996094
509.249420166,16.793684005737305,-131.97601318359375
509.465240478,17.065080642700195,-132.0659942626953
509.614654541,17.235076904296875,-132.13101196289062
509.813873291,17.476280212402344,-132.22813415527344
509.963287353,17.667713165283203,-132.30221557617188
510.112701416,17.840599060058594,-132.3590087890625
510.311920166,18.08998680114746,-132.4325408935547
510.461334228,18.287822723388672,-132.4872589111328
510.660552978,18.533905029296875,-132.54647827148438
510.809967041,18.707698822021484,-132.5844268798828
510.975982666,18.90093421936035,-132.62945556640625
511.125396728,19.10262680053711,-132.6802978515625
511.274810791,19.27971839904785,-132.72225952148438
511.474029541,19.532739639282227,-132.78204345703125
511.623443603,19.732450485229492,-132.8350372314453
511.772857666,19.901315689086914,-132.88153076171875
511.972076416,20.150508880615234,-132.9329071044922
512.121459960,20.355960845947266,-132.96534729003906
512.270874023,20.536304473876953,-132.9898223876953
