timestamp_sec,x,y
52.673267364,77.0999984741211,-6.199999809265137
52.822681427,77.0999984741211,-6.199999809265137
52.972095489,77.0999984741211,-6.199999809265137
53.171314239,77.0999984741211,-6.199999809265137
53.370532989,77.0999984741211,-6.199999809265137
53.569751739,77.0999984741211,-6.199999809265137
53.735767364,77.0999984741211,-6.199999809265137
53.934986114,77.0999984741211,-6.199999809265137
54.134204864,77.0999984741211,-6.199999809265137
54.333423614,77.0999984741211,-6.199999809265137
54.532642364,77.0999984741211,-6.199999809265137
54.731861114,77.0999984741211,-6.199999809265137
54.931079864,77.0999984741211,-6.199999809265137
55.080493927,77.0999984741211,-6.199999809265137
55.296314239,77.0999984741211,-6.199999809265137
55.495532989,77.0999984741211,-6.199999809265137
55.694751739,77.0999984741211,-6.199999809265137
55.893970489,77.0999984741211,-6.199999809265137
56.043384552,77.0999984741211,-6.199999809265137
56.242603302,77.0999984741211,-6.199999809265137
56.392017364,77.0999984741211,-6.199999809265137
56.591236114,77.0999984741211,-6.199999809265137
56.790454864,77.0999984741211,-6.199999809265137
56.956470489,77.0999984741211,-6.199999809265137
57.105884552,77.0999984741211,-6.199999809265137
57.305103302,77.0999984741211,-6.199999809265137
57.454517364,77.0999984741211,-6.199999809265137
57.653736114,77.0999984741211,-6.199999809265137
57.852954864,77.0999984741211,-6.199999809265137
58.002368927,77.0999984741211,-6.199999809265137
58.151782989,77.0999984741211,-6.199999809265137
58.351001739,77.0999984741211,-6.199999809265137
58.550220489,77.0999984741211,-6.199999809265137
58.716236114,77.0999984741211,-6.199999809265137
58.865650177,77.0999984741211,-6.199999809265137
59.015064239,77.0999984741211,-6.199999809265137
59.164478302,77.0999984741211,-6.199999809265137
59.363697052,77.0999984741211,-6.199999809265137
59.513111114,77.0999984741211,-6.199999809265137
59.712329864,77.0999984741211,-6.199999809265137
59.811939239,77.0999984741211,-6.199999809265137
59.961353302,77.0999984741211,-6.199999809265137
60.160572052,77.0999984741211,-6.199999809265137
60.309986114,77.0999984741211,-6.199999809265137
60.476001739,77.0999984741211,-6.199999809265137
60.675220489,77.0999984741211,-6.199999809265137
60.824634552,77.0999984741211,-6.199999809265137
60.974048614,77.0999984741211,-6.199999809265137
61.123462677,77.0999984741211,-6.199999809265137
61.272876739,77.0999984741211,-6.199999809265137
61.472095489,77.0999984741211,-6.199999809265137
61.621509552,77.0999984741211,-6.199999809265137
61.770923614,77.0999984741211,-6.199999809265137
61.970142364,77.0999984741211,-6.199999809265137
62.136157989,77.0999984741211,-6.199999809265137
62.285572052,77.0999984741211,-6.199999809265137
62.484790802,77.0999984741211,-6.199999809265137
62.634204864,77.0999984741211,-6.199999809265137
62.783618927,77.0999984741211,-6.199999809265137
62.982837677,77.0999984741211,-6.199999809265137
63.132251739,77.0999984741211,-6.199999809265137
63.331470489,77.0999984741211,-6.199999809265137
63.480884552,77.0999984741211,-6.199999809265137
63.630298614,77.0999984741211,-6.199999809265137
63.796314239,77.0999984741211,-6.199999809265137
63.995532989,77.0999984741211,-6.199999809265137
64.144943237,77.0999984741211,-6.199999809265137
64.294357299,77.0999984741211,-6.199999809265137
64.493576049,77.0999984741211,-6.199999809265137
64.642990112,77.0999984741211,-6.199999809265137
64.792404174,77.0999984741211,-6.199999809265137
64.941818237,77.0999984741211,-6.199999809265137
65.141036987,77.0999984741211,-6.199999809265137
65.290451049,77.0999984741211,-6.199999809265137
65.456466674,77.0999984741211,-6.199999809265137
65.605880737,77.0999984741211,-6.199999809265137
65.755294799,77.0999984741211,-6.199999809265137
65.954513549,77.0999984741211,-6.199999809265137
66.103927612,77.0999984741211,-6.199999809265137
66.253341674,77.0999984741211,-6.199999809265137
66.452560424,77.0999984741211,-6.199999809265137
66.601974487,77.0999984741211,-6.199999809265137
66.751388549,77.0999984741211,-6.199999809265137
66.950607299,77.0999984741211,-6.199999809265137
67.100021362,77.0999984741211,-6.199999809265137
67.266036987,77.0999984741211,-6.199999809265137
67.415451049,77.0999984741211,-6.199999809265137
67.614669799,77.0999984741211,-6.199999809265137
67.764083862,77.0999984741211,-6.199999809265137
67.913497924,77.0999984741211,-6.199999809265137
68.062911987,77.0999984741211,-6.199999809265137
68.262130737,77.0999984741211,-6.199999809265137
68.411544799,77.0999984741211,-6.199999809265137
68.560958862,77.0999984741211,-6.199999809265137
68.760177612,77.0999984741211,-6.199999809265137
68.909591674,77.0999984741211,-6.199999809265137
69.075607299,77.0999984741211,-6.199999809265137
69.225021362,77.0999984741211,-6.199999809265137
69.374435424,77.0999984741211,-6.199999809265137
69.523849487,77.0999984741211,-6.199999809265137
69.673263549,77.0999984741211,-6.199999809265137
69.872482299,77.0999984741211,-6.199999809265137
70.021896362,77.0999984741211,-6.199999809265137
70.171310424,77.0999984741211,-6.199999809265137
70.370529174,77.0999984741211,-6.199999809265137
70.470138549,77.0999984741211,-6.199999809265137
70.685958862,77.0999984741211,-6.199999809265137
70.835372924,77.0999984741211,-6.199999809265137
70.984786987,77.0999984741211,-6.199999809265137
71.134201049,77.0999984741211,-6.199999809265137
71.333419799,77.0999984741211,-6.199999809265137
71.482833862,77.0999984741211,-6.199999809265137
71.632247924,77.0999984741211,-6.199999809265137
71.831466674,77.0999984741211,-6.199999809265137
71.980880737,77.0999984741211,-6.199999809265137
72.130294799,77.0999984741211,-6.199999809265137
72.296310424,77.0999984741211,-6.199999809265137
72.445724487,77.0999984741211,-6.199999809265137
72.595138549,77.0999984741211,-6.199999809265137
72.744552612,77.0999984741211,-6.199999809265137
72.943771362,77.0999984741211,-6.199999809265137
73.093185424,77.0999984741211,-6.199999809265137
73.242599487,77.0999984741211,-6.199999809265137
73.392013549,77.0999984741211,-6.199999809265137
73.541427612,77.0999984741211,-6.199999809265137
73.740646362,77.0999984741211,-6.199999809265137
73.890060424,77.0999984741211,-6.199999809265137
74.056076049,77.0999984741211,-6.199999809265137
74.205490112,77.0999984741211,-6.199999809265137
74.354904174,77.0999984741211,-6.199999809265137
74.554122924,77.0999984741211,-6.199999809265137
74.703536987,77.0999984741211,-6.199999809265137
74.852951049,77.0999984741211,-6.199999809265137
75.052169799,77.0999984741211,-6.199999809265137
75.201583862,77.0999984741211,-6.199999809265137
75.350997924,77.0999984741211,-6.199999809265137
75.550216674,77.0999984741211,-6.199999809265137
75.716232299,77.0999984741211,-6.199999809265137
75.865646362,77.0999984741211,-6.199999809265137
76.015060424,77.0999984741211,-6.199999809265137
76.214279174,77.0999984741211,-6.199999809265137
76.363693237,77.0999984741211,-6.199999809265137
76.513107299,77.0999984741211,-6.199999809265137
76.712326049,77.0999984741211,-6.199999809265137
76.861740112,77.0999984741211,-6.199999809265137
77.011154174,77.0999984741211,-6.199999809265137
77.160568237,77.0999984741211,-6.199999809265137
77.309982299,77.0999984741211,-6.199999809265137
77.475997924,77.0999984741211,-6.199999809265137
77.625411987,77.0999984741211,-6.199999809265137
77.824630737,77.0999984741211,-6.199999809265137
77.974044799,77.0999984741211,-6.199999809265137
78.123458862,77.0999984741211,-6.199999809265137
78.322677612,77.0999984741211,-6.199999809265137
78.472091674,77.0999984741211,-6.199999809265137
78.621505737,77.0999984741211,-6.199999809265137
78.820724487,77.0999984741211,-6.199999809265137
78.970138549,77.0999984741211,-6.199999809265137
79.136154174,77.0999984741211,-6.199999809265137
79.285568237,77.0999984741211,-6.199999809265137
79.434982299,77.0999984741211,-6.199999809265137
79.634201049,77.0999984741211,-6.199999809265137
79.783615112,77.0999984741211,-6.199999809265137
79.933029174,77.0999984741211,-6.199999809265137
80.132247924,77.0999984741211,-6.199999809265137
80.281661987,77.0999984741211,-6.199999809265137
80.431076049,77.0999984741211,-6.199999809265137
80.630294799,77.0999984741211,-6.199999809265137
80.729904174,77.0999984741211,-6.199999809265137
80.945724487,77.0999984741211,-6.199999809265137
81.095138549,77.0999984741211,-6.199999809265137
81.244552612,77.0999984741211,-6.199999809265137
81.393966674,77.0999984741211,-6.199999809265137
81.593185424,77.0999984741211,-6.199999809265137
81.742599487,77.0999984741211,-6.199999809265137
81.892013549,77.0999984741211,-6.199999809265137
82.041427612,77.0999984741211,-6.199999809265137
82.240646362,77.0999984741211,-6.199999809265137
82.390060424,77.0999984741211,-6.199999809265137
82.556076049,77.0999984741211,-6.199999809265137
82.705490112,77.0999984741211,-6.199999809265137
82.854904174,77.0999984741211,-6.199999809265137
83.054122924,77.0999984741211,-6.199999809265137
83.203536987,77.0999984741211,-6.199999809265137
83.352951049,77.0999984741211,-6.199999809265137
83.502365112,77.0999984741211,-6.199999809265137
83.701583862,77.0999984741211,-6.199999809265137
83.850997924,77.0999984741211,-6.199999809265137
84.000411987,77.0999984741211,-6.199999809265137
84.149826049,77.0999984741211,-6.199999809265137
84.315841674,77.0999984741211,-6.199999809265137
84.465255737,77.0999984741211,-6.199999809265137
84.664474487,77.0999984741211,-6.199999809265137
84.764083862,77.0999984741211,-6.199999809265137
84.913497924,77.0999984741211,-6.199999809265137
85.062911987,77.0999984741211,-6.199999809265137
85.212326049,77.0999984741211,-6.199999809265137
85.361740112,77.0999984741211,-6.199999809265137
85.560958862,77.0999984741211,-6.199999809265137
85.710372924,77.0999984741211,-6.199999809265137
85.876388549,77.0999984741211,-6.199999809265137
86.025802612,77.0999984741211,-6.199999809265137
86.175216674,77.0999984741211,-6.199999809265137
86.374435424,77.0999984741211,-6.199999809265137
86.523849487,77.0999984741211,-6.199999809265137
86.673263549,77.0999984741211,-6.199999809265137
86.822677612,77.0999984741211,-6.199999809265137
87.021896362,77.0999984741211,-6.199999809265137
87.171310424,77.0999984741211,-6.199999809265137
87.320724487,77.0999984741211,-6.199999809265137
87.470138549,77.0999984741211,-6.199999809265137
87.636154174,77.0999984741211,-6.199999809265137
87.785568237,77.0999984741211,-6.199999809265137
87.984786987,77.0999984741211,-6.199999809265137
88.134201049,77.0999984741211,-6.199999809265137
88.283615112,77.0999984741211,-6.199999809265137
88.433029174,77.0999984741211,-6.199999809265137
88.632247924,77.0999984741211,-6.199999809265137
88.781661987,77.0999984741211,-6.199999809265137
88.931076049,77.0999984741211,-6.199999809265137
89.080490112,77.0999984741211,-6.199999809265137
89.229904174,77.0999984741211,-6.199999809265137
89.395919799,77.01212310791016,-6.230739593505859
89.595138549,76.76592254638672,-6.200468063354492
89.794357299,76.5730972290039,-6.035055637359619
89.993576049,76.45399475097656,-5.807572841644287
90.192794799,76.35855102539062,-5.565718173980713
90.392013549,76.24762725830078,-5.330770492553711
90.591232299,76.10802459716797,-5.111650466918945
90.790451049,76.02367401123047,-5.007578372955322
90.989669799,76.02367401123047,-5.007578372955322
91.155685424,76.02367401123047,-5.007578372955322
91.354904174,76.02367401123047,-5.007578372955322
91.554122924,76.02367401123047,-5.007578372955322
91.753341674,76.02367401123047,-5.007578372955322
91.952560424,76.01091003417969,-5.002657890319824
92.151779174,75.85082244873047,-5.010909557342529
92.301193237,75.67382049560547,-5.111027240753174
92.500411987,75.54486846923828,-5.333099842071533
92.649826049,75.51294708251953,-5.512051105499268
92.815841674,75.50300598144531,-5.719707012176514
92.965255737,75.50788116455078,-5.92354154586792
93.114669799,75.50347137451172,-6.104073524475098
93.313888549,75.46543884277344,-6.356862545013428
93.463302612,75.4077377319336,-6.549428939819336
93.612716674,75.33352661132812,-6.715505123138428
93.762130737,75.2327880859375,-6.897428035736084
93.961349487,75.09674835205078,-7.114164352416992
94.110763549,74.99896240234375,-7.267662525177002
94.260177612,74.89031219482422,-7.44181489944458
94.409591674,74.7983169555664,-7.595668315887451
94.625411987,74.65884399414062,-7.84377908706665
94.774826049,74.57070922851562,-8.00301742553711
94.924240112,74.47319793701172,-8.186739921569824
95.123458862,74.35099792480469,-8.414678573608398
95.272872924,74.26993560791016,-8.569951057434082
95.422286987,74.17910766601562,-8.754019737243652
95.621505737,74.12183380126953,-8.87515640258789
95.770919799,74.12183380126953,-8.87515640258789
95.920333862,74.07210540771484,-8.991959571838379
96.086349487,74.03121948242188,-9.192293167114258
96.285568237,74.06452941894531,-9.449191093444824
96.434982299,74.12030792236328,-9.620938301086426
96.584396362,74.19705200195312,-9.811288833618164
96.733810424,74.26624298095703,-9.979619026184082
96.933029174,74.35855102539062,-10.222664833068848
97.082443237,74.4207992553711,-10.416805267333984
97.182052612,74.4537353515625,-10.541138648986816
97.331466674,74.49478912353516,-10.714229583740234
97.530685424,74.54710388183594,-10.959117889404297
97.680099487,74.58859252929688,-11.155946731567383
97.846115112,74.63380432128906,-11.350546836853027
97.995529174,74.67696380615234,-11.525947570800781
98.144943237,74.72811126708984,-11.727559089660645
98.294357299,74.77233123779297,-11.904111862182617
98.443771362,74.82186889648438,-12.104717254638672
98.642990112,74.88286590576172,-12.349008560180664
98.792404174,74.92723083496094,-12.521282196044922
98.941818237,74.97893524169922,-12.722752571105957
99.091232299,75.02159881591797,-12.89122486114502
99.290451049,75.08529663085938,-13.134827613830566
99.456466674,75.13748168945312,-13.336174964904785
99.605880737,75.1868896484375,-13.538223266601562
99.755294799,75.22789764404297,-13.712729454040527
99.954513549,75.29085540771484,-13.959332466125488
100.103927612,75.34468841552734,-14.153153419494629
100.303146362,75.4096908569336,-14.390737533569336
100.452560424,75.4537124633789,-14.558857917785645
100.601974487,75.50273895263672,-14.751127243041992
100.801193237,75.5617904663086,-14.990254402160645
100.950607299,75.6036605834961,-15.16455364227295
101.100021362,75.65455627441406,-15.364815711975098
101.266036987,75.70751953125,-15.561708450317383
101.415451049,75.75473022460938,-15.73747444152832
101.614669799,75.82539367675781,-15.987674713134766
101.764083862,75.88478088378906,-16.187015533447266
101.913497924,75.9345703125,-16.35779571533203
102.062911987,75.9858169555664,-16.548063278198242
102.212326049,76.0306625366211,-16.720211029052734
102.411544799,76.09204864501953,-16.964397430419922
102.560958862,76.1427993774414,-17.159042358398438
102.710372924,76.19012451171875,-17.329099655151367
102.909591674,76.25877380371094,-17.569915771484375
103.075607299,76.31104278564453,-17.76132583618164
103.225021362,76.36418151855469,-17.962419509887695
103.424240112,76.42971801757812,-18.214017868041992
103.573654174,76.47517395019531,-18.390241622924805
103.723068237,76.52520751953125,-18.586483001708984
103.872482299,76.56916809082031,-18.761682510375977
104.071701049,76.6349868774414,-19.011796951293945
104.221115112,76.68791961669922,-19.20444107055664
104.370529174,76.73491668701172,-19.376012802124023
104.519943237,76.78191375732422,-19.551851272583008
104.685958862,76.84161376953125,-19.772443771362305
104.885177612,76.87739562988281,-19.901573181152344
105.034591674,76.87739562988281,-19.901573181152344
105.184005737,76.87739562988281,-19.901573181152344
105.383224487,76.87739562988281,-19.901573181152344
105.532638549,76.87739562988281,-19.901573181152344
105.682052612,76.90599822998047,-20.024520874023438
105.831466674,76.9327392578125,-20.19759178161621
106.030685424,76.95718383789062,-20.449560165405273
106.180099487,76.97555541992188,-20.65675163269043
106.346115112,77.00375366210938,-20.861412048339844
106.495529174,77.03547668457031,-21.040616989135742
106.644943237,77.07585144042969,-21.239070892333984
106.844161987,77.1370620727539,-21.486112594604492
106.993576049,77.18486785888672,-21.661720275878906
107.142990112,77.23929595947266,-21.85964012145996
107.342208862,77.30879211425781,-22.110177993774414
107.491622924,77.35517120361328,-22.286163330078125
107.690841674,77.4189453125,-22.535398483276367
107.840255737,77.46875,-22.734525680541992
108.006271362,77.51705932617188,-22.932621002197266
108.155685424,77.55883026123047,-23.108360290527344
108.354904174,77.6188735961914,-23.361331939697266
108.504318237,77.66664123535156,-23.563777923583984
108.703536987,77.7307357788086,-23.811508178710938
108.852951049,77.7771987915039,-23.98038673400879
109.002365112,77.83348846435547,-24.177780151367188
109.201583862,77.89988708496094,-24.419235229492188
109.350997924,77.9452133178711,-24.59125518798828
109.500411987,77.99518585205078,-24.787517547607422
109.649826049,78.03829956054688,-24.96433448791504
109.815841674,78.08660888671875,-25.166645050048828
109.965255737,78.13341522216797,-25.366498947143555
110.114669799,78.17571258544922,-25.53929328918457
110.313888549,78.23716735839844,-25.779224395751953
110.463302612,78.29229736328125,-25.976940155029297
110.612716674,78.34341430664062,-26.147329330444336
110.811935424,78.41576385498047,-26.38850212097168
110.961349487,78.47079467773438,-26.580564498901367
111.110763549,78.51761627197266,-26.750762939453125
111.309982299,78.58231353759766,-27.00115966796875
111.475997924,78.63133239746094,-27.20330047607422
111.625411987,78.6787109375,-27.405841827392578
111.824630737,78.7396011352539,-27.654380798339844
111.974044799,78.78634643554688,-27.828853607177734
112.123458862,78.84317016601562,-28.02608871459961
112.322677612,78.91327667236328,-28.270761489868164
112.472091674,78.96133422851562,-28.446306228637695
112.671310424,79.027587890625,-28.6934757232666
112.820724487,79.0803451538086,-28.894664764404297
112.970138549,79.12176513671875,-29.066261291503906
113.185958862,79.1928939819336,-29.343257904052734
113.335372924,79.24064636230469,-29.513200759887695
113.534591674,79.31053924560547,-29.75935935974121
113.684005737,79.36504364013672,-29.9600830078125
113.883224487,79.4260482788086,-30.210004806518555
114.032638549,79.46916198730469,-30.373918533325195
114.182052612,79.47689819335938,-30.401865005493164
114.381271362,79.47689819335938,-30.401865005493164
114.530685424,79.47689819335938,-30.401865005493164
114.729904174,79.47689819335938,-30.401865005493164
114.895919799,79.51846313476562,-30.558086395263672
115.045333862,79.57044982910156,-30.759485244750977
115.244552612,79.63790893554688,-31.010578155517578
115.393966674,79.68616485595703,-31.181798934936523
115.543380737,79.75299072265625,-31.378746032714844
115.742599487,79.84366607666016,-31.61802101135254
115.892013549,79.91009521484375,-31.785982131958008
116.091232299,80.00836181640625,-32.02668380737305
116.240646362,80.08720397949219,-32.21322250366211
116.456466674,80.19763946533203,-32.44402313232422
116.605880737,80.29080200195312,-32.625396728515625
116.805099487,80.4124755859375,-32.85361099243164
116.954513549,80.49766540527344,-33.00978469848633
117.153732299,80.61849975585938,-33.22913360595703
117.303146362,80.71939849853516,-33.41101837158203
117.502365112,80.84703826904297,-33.637535095214844
117.651779174,80.93556213378906,-33.79342269897461
117.850997924,81.06566619873047,-34.0185432434082
118.000411987,81.16688537597656,-34.197113037109375
118.149826049,81.25382995605469,-34.35074234008789
118.365646362,81.39158630371094,-34.601375579833984
118.515060424,81.47798156738281,-34.760005950927734
118.714279174,81.60489654541016,-34.985347747802734
118.863693237,81.70687866210938,-35.16663360595703
119.013107299,81.79314422607422,-35.32377243041992
119.212326049,81.918701171875,-35.54987716674805
119.361740112,82.01901245117188,-35.73052215576172
119.560958862,82.03366088867188,-35.7567024230957
119.710372924,82.03366088867188,-35.7567024230957
119.876388549,82.03366088867188,-35.7567024230957
120.075607299,82.03366088867188,-35.7567024230957
120.225021362,82.03366088867188,-35.7567024230957
120.424240112,82.14347839355469,-35.779476165771484
120.623458862,82.37407684326172,-35.72389221191406
120.822677612,82.5445785522461,-35.54176330566406
120.972091674,82.59732818603516,-35.3683967590332
121.171310424,82.59618377685547,-35.15897750854492
121.370529174,82.5959243774414,-35.1569938659668
121.536544799,82.5959243774414,-35.1569938659668
121.735763549,82.5959243774414,-35.1569938659668
121.934982299,82.58059692382812,-34.99223709106445
122.084396362,82.57240295410156,-34.78440856933594
122.233810424,82.56968688964844,-34.60243225097656
122.433029174,82.57197570800781,-34.37703323364258
122.632247924,82.57197570800781,-34.37703323364258
122.831466674,82.58173370361328,-34.229251861572266
123.030685424,82.63172149658203,-33.97721862792969
123.229904174,82.722900390625,-33.7369384765625
123.395919799,82.81707763671875,-33.55152130126953
123.595138549,82.94120025634766,-33.33088302612305
123.794357299,82.98111724853516,-33.26040267944336
123.993576049,82.98111724853516,-33.26040267944336
124.192794799,82.98111724853516,-33.26040267944336
124.342208862,82.98111724853516,-33.26040267944336
124.541427612,82.98111724853516,-33.26040267944336
124.740646362,83.06859588623047,-33.12492752075195
124.956466674,83.2574462890625,-32.96077346801758
125.105880737,83.44483184814453,-32.87775802612305
125.305099487,83.6883773803711,-32.799278259277344
125.504318237,83.93803405761719,-32.726741790771484
125.703536987,84.1810073852539,-32.646644592285156
125.902755737,84.41454315185547,-32.54567337036133
126.052169799,84.57653045654297,-32.462730407714844
126.251388549,84.8057861328125,-32.340087890625
126.450607299,85.0340805053711,-32.21570587158203
126.649826049,85.27281951904297,-32.113136291503906
126.815841674,85.4728775024414,-32.05665588378906
127.015060424,85.72350311279297,-32.02284240722656
127.164474487,85.9287109375,-32.02134323120117
127.363693237,86.1883773803711,-32.03427505493164
127.562911987,86.44347381591797,-32.054237365722656
127.712326049,86.6180191040039,-32.06866455078125
127.911544799,86.87203979492188,-32.084529876708984
128.060958862,87.07991027832031,-32.09159469604492
128.260177612,87.33853149414062,-32.094268798828125
128.426193237,87.54241180419922,-32.0942497253418
128.625411987,87.6108627319336,-32.09174346923828
128.774826049,87.6108627319336,-32.09174346923828
128.974044799,87.6108627319336,-32.09174346923828
129.173263549,87.6108627319336,-32.09174346923828
129.372482299,87.6108627319336,-32.09174346923828
129.521896362,87.6108627319336,-32.09174346923828
129.721115112,87.6108627319336,-32.09174346923828
129.920333862,87.6108627319336,-32.09174346923828
130.086349487,87.60903930664062,-32.07003402709961
130.285568237,87.55902099609375,-31.994537353515625
130.484786987,87.33805084228516,-31.89200210571289
130.684005737,87.08073425292969,-31.89984130859375
130.833419799,86.90576934814453,-31.938608169555664
131.032638549,86.6651382446289,-32.00795364379883
131.182052612,86.46968841552734,-32.05529022216797
131.381271362,86.21683502197266,-32.094032287597656
131.530685424,86.03533172607422,-32.10711669921875
131.729904174,85.77814483642578,-32.105491638183594
131.895919799,85.5799331665039,-32.09623718261719
132.045333862,85.37369537353516,-32.08347702026367
132.244552612,85.11429595947266,-32.06528091430664
132.393966674,84.93536376953125,-32.05442428588867
132.593185424,84.68509674072266,-32.045989990234375
132.742599487,84.48257446289062,-32.04484176635742
132.941818237,84.22256469726562,-32.04549026489258
133.091232299,84.04055786132812,-32.04594421386719
133.290451049,83.7873764038086,-32.046592712402344
133.489669799,83.53282928466797,-32.0472412109375
133.655685424,83.32891845703125,-32.047760009765625
133.805099487,83.12091064453125,-32.04827880859375
134.004318237,82.86772918701172,-32.048927307128906
134.153732299,82.6884536743164,-32.049381256103516
134.352951049,82.4284439086914,-32.05002975463867
134.452560424,82.2984390258789,-32.05035400390625
134.601974487,82.09999084472656,-32.050872802734375
134.801193237,81.8522720336914,-32.05152130126953
135.000411987,81.59635925292969,-32.05216979980469
135.149826049,81.41435241699219,-32.0526237487793
135.299240112,81.23234558105469,-32.053077697753906
135.465255737,81.00106811523438,-32.05366134643555
135.664474487,80.74242401123047,-32.05349349975586
135.863693237,80.48592376708984,-32.03654861450195
136.013107299,80.31396484375,-31.997426986694336
136.212326049,80.08586883544922,-31.88107681274414
136.361740112,79.9458236694336,-31.73415184020996
136.560958862,79.84928894042969,-31.500579833984375
136.760177612,79.83755493164062,-31.24151611328125
136.926193237,79.86492156982422,-31.04370880126953
137.125411987,79.9167251586914,-30.794513702392578
137.324630737,79.9573745727539,-30.546113967895508
137.474044799,79.97198486328125,-30.370227813720703
137.673263549,79.97602081298828,-30.110288619995117
137.872482299,79.97321319580078,-29.854406356811523
138.071701049,79.97019958496094,-29.60126304626465
138.270919799,79.96711730957031,-29.344011306762695
138.420333862,79.96461486816406,-29.136018753051758
138.636154174,79.96155548095703,-28.880136489868164
138.835372924,79.9584732055664,-28.62288475036621
138.984786987,79.95762634277344,-28.414892196655273
139.184005737,79.9586181640625,-28.15900421142578
139.383224487,79.95960998535156,-27.909954071044922
139.582443237,79.96060180664062,-27.65406608581543
139.781661987,79.96159362792969,-27.394075393676758
139.980880737,79.96258544921875,-27.135452270507812
140.180099487,79.96357727050781,-26.885034561157227
140.395919799,79.96456909179688,-26.625043869018555
140.595138549,79.96556091308594,-26.373258590698242
140.794357299,79.966552734375,-26.122840881347656
140.993576049,79.96754455566406,-25.866952896118164
141.192794799,79.96853637695312,-25.606962203979492
141.342208862,79.96932983398438,-25.398969650268555
141.541427612,79.97032165527344,-25.14855194091797
141.740646362,79.9713134765625,-24.892663955688477
141.956466674,79.97230529785156,-24.632673263549805
142.105880737,79.97309875488281,-24.426048278808594
142.305099487,79.97409057617188,-24.1701602935791
142.504318237,79.97508239746094,-23.91016960144043
142.703536987,79.97607421875,-23.655649185180664
142.902755737,79.97706604003906,-23.40386390686035
143.101974487,79.97805786132812,-23.14387321472168
143.301193237,79.97784423828125,-22.885251998901367
143.500411987,79.9748764038086,-22.63484764099121
143.649826049,79.97273254394531,-22.45559310913086
143.865646362,79.96931457519531,-22.17097282409668
144.064865112,79.9662094116211,-21.912351608276367
144.264083862,79.96315002441406,-21.656469345092773
144.463302612,79.96002197265625,-21.3964786529541
144.662521362,79.95816040039062,-21.139225006103516
144.811935424,79.95940399169922,-20.964069366455078
145.011154174,79.9612045288086,-20.709548950195312
145.210372924,79.9630355834961,-20.44955825805664
145.426193237,79.96502685546875,-20.16767120361328
145.625411987,79.96683502197266,-19.91178321838379
145.774826049,79.9681167602539,-19.72978973388672
145.974044799,79.96993255615234,-19.4725341796875
146.173263549,79.97174072265625,-19.216646194458008
146.372482299,79.97355651855469,-18.95939064025879
146.571701049,79.97538757324219,-18.699399948120117
146.721115112,79.97682189941406,-18.496877670288086
146.920333862,79.97740936279297,-18.247827529907227
147.036544799,79.97584533691406,-18.11783218383789
147.235763549,79.97271728515625,-17.85784149169922
147.434982299,79.9697036743164,-17.604698181152344
147.634201049,79.96671295166016,-17.352924346923828
147.833419799,79.96358489990234,-17.092933654785156
148.032638549,79.96050262451172,-16.835681915283203
148.231857299,79.95831298828125,-16.583904266357422
148.431076049,79.959228515625,-16.330759048461914
148.580490112,79.9468002319336,-16.12454605102539
148.779708862,79.9378890991211,-16.030466079711914
148.995529174,79.9378890991211,-16.030466079711914
149.194747924,79.9378890991211,-16.030466079711914
149.393966674,79.9378890991211,-16.030466079711914
149.593185424,79.9378890991211,-16.030466079711914
149.792404174,79.9281005859375,-15.878806114196777
149.991622924,79.92316436767578,-15.629807472229004
150.190841674,79.9193344116211,-15.375309944152832
150.390060424,79.91544342041016,-15.115338325500488
150.605880737,79.91117858886719,-14.830738067626953
150.805099487,79.90728759765625,-14.57076644897461
151.004318237,79.89649200439453,-14.31106185913086
151.203536987,79.87215423583984,-14.06045913696289
151.402755737,79.85066986083984,-13.810973167419434
151.601974487,79.83544921875,-13.561017036437988
151.751388549,79.82018280029297,-13.379661560058594
151.950607299,79.79833221435547,-13.120586395263672
152.149826049,79.78466796875,-12.870548248291016
152.365646362,79.7712631225586,-12.591750144958496
152.564865112,79.7474365234375,-12.332842826843262
152.764083862,79.7307357788086,-12.084360122680664
152.963302612,79.7217025756836,-11.830004692077637
153.162521362,79.71090698242188,-11.570286750793457
153.361740112,79.68582153320312,-11.311503410339355
153.560958862,79.66529083251953,-11.056442260742188
153.760177612,79.65129852294922,-10.802306175231934
153.975997924,79.63208770751953,-10.543018341064453
154.125411987,79.61727142333984,-10.345152854919434
154.324630737,79.60503387451172,-10.093671798706055
154.523849487,79.60070037841797,-9.840561866760254
154.723068237,79.60274505615234,-9.580574035644531
154.922286987,79.63021087646484,-9.32517147064209
155.121505737,79.7303237915039,-9.086797714233398
155.270919799,79.85354614257812,-8.957696914672852
155.470138549,80.0816421508789,-8.855059623718262
155.636154174,80.28501892089844,-8.830622673034668
155.835372924,80.53694152832031,-8.852110862731934
156.034591674,80.78692626953125,-8.899889945983887
156.184005737,80.98688507080078,-8.939650535583496
156.383224487,81.24048614501953,-8.973134994506836
156.532638549,81.42203521728516,-8.98589038848877
156.731857299,81.68040466308594,-8.997112274169922
156.931076049,81.93354034423828,-9.000104904174805
157.080490112,82.13603973388672,-8.997539520263672
157.296310424,82.39598846435547,-8.993875503540039
157.495529174,82.65050506591797,-8.996017456054688
157.644943237,82.84996032714844,-9.006712913513184
157.844161987,83.10279083251953,-9.035974502563477
157.993576049,83.28305053710938,-9.061126708984375
158.192794799,83.53983306884766,-9.1017484664917
158.342208862,83.73983001708984,-9.133557319641113
158.541427612,83.99127197265625,-9.162337303161621
158.740646362,84.24917602539062,-9.18169116973877
158.890060424,84.43071746826172,-9.194365501403809
159.105880737,84.71392822265625,-9.233234405517578
159.255294799,84.88671875,-9.26929759979248
159.404708862,85.08819580078125,-9.315180778503418
159.554122924,85.26599884033203,-9.354053497314453
159.753341674,85.52107238769531,-9.404369354248047
159.952560424,85.7750015258789,-9.460222244262695
160.101974487,85.9721450805664,-9.506593704223633
160.301193237,86.22171783447266,-9.556246757507324
160.450607299,86.40135192871094,-9.58545207977295
160.649826049,86.65315246582031,-9.630999565124512
160.815841674,86.8526611328125,-9.672971725463867
160.965255737,87.0523452758789,-9.720471382141113
161.164474487,87.30152893066406,-9.794493675231934
161.313888549,87.46540069580078,-9.856316566467285
161.513107299,87.69837951660156,-9.961926460266113
161.662521362,87.87566375732422,-10.06513786315918
161.811935424,88.01895904541016,-10.17271614074707
162.011154174,88.20929718017578,-10.349574089050293
162.160568237,88.34327697753906,-10.501395225524902
162.309982299,88.4524917602539,-10.641801834106445
162.525802612,88.61572265625,-10.873276710510254
162.675216674,88.72139739990234,-11.021446228027344
162.824630737,88.84058380126953,-11.191904067993164
163.023849487,88.98944091796875,-11.403402328491211
163.173263549,89.09777069091797,-11.549622535705566
163.372482299,89.25700378417969,-11.7499361038208
163.521896362,89.38582611083984,-11.90442180633545
163.671310424,89.50203704833984,-12.044486999511719
163.870529174,89.6617202758789,-12.242697715759277
164.036544799,89.78620910644531,-12.404163360595703
164.185958862,89.90856170654297,-12.562093734741211
164.385177612,90.06824493408203,-12.767257690429688
164.534591674,90.17859649658203,-12.908517837524414
164.684005737,90.30628967285156,-13.0726957321167
164.883224487,90.46443176269531,-13.279057502746582
165.032638549,90.57353210449219,-13.421293258666992
165.231857299,90.73090362548828,-13.628247261047363
165.381271362,90.85685729980469,-13.79031753540039
165.530685424,90.96819305419922,-13.930788040161133
165.729904174,91.12979125976562,-14.130959510803223
165.895919799,91.2568359375,-14.295636177062988
166.045333862,91.38414764404297,-14.460115432739258
166.244552612,91.53776550292969,-14.663050651550293
166.393966674,91.6476821899414,-14.806380271911621
166.543380737,91.77349853515625,-14.972005844116211
166.742599487,91.93214416503906,-15.174509048461914
166.842208862,92.00878143310547,-15.274385452270508
166.991622924,92.11959838867188,-15.418747901916504
167.190841674,92.27290344238281,-15.621922492980957
167.340255737,92.39674377441406,-15.785608291625977
167.506271362,92.52139282226562,-15.952123641967773
167.705490112,92.67518615722656,-16.156648635864258
167.854904174,92.78477478027344,-16.301956176757812
168.054122924,92.93643188476562,-16.502952575683594
168.203536987,93.06238555908203,-16.668479919433594
168.352951049,93.17481231689453,-16.81159782409668
168.552169799,93.20885467529297,-16.854793548583984
168.701583862,93.20885467529297,-16.854793548583984
168.900802612,93.20885467529297,-16.854793548583984
169.050216674,93.20885467529297,-16.854793548583984
169.216232299,93.20885467529297,-16.854793548583984
169.365646362,93.20885467529297,-16.854793548583984
169.564865112,93.20885467529297,-16.854793548583984
169.714279174,93.20885467529297,-16.854793548583984
169.913497924,93.20885467529297,-16.854793548583984
170.062911987,93.20885467529297,-16.854793548583984
170.262130737,93.20885467529297,-16.854793548583984
170.411544799,93.20885467529297,-16.854793548583984
170.560958862,93.20885467529297,-16.854793548583984
170.760177612,93.20885467529297,-16.854793548583984
170.909591674,93.20885467529297,-16.854793548583984
171.075607299,93.20885467529297,-16.854793548583984
171.274826049,93.20885467529297,-16.854793548583984
171.424240112,93.20885467529297,-16.854793548583984
171.623458862,93.20885467529297,-16.854793548583984
171.772872924,93.20885467529297,-16.854793548583984
171.922286987,93.20885467529297,-16.854793548583984
172.071701049,93.20885467529297,-16.854793548583984
172.270919799,93.20885467529297,-16.854793548583984
172.420333862,93.20885467529297,-16.854793548583984
172.586349487,93.20885467529297,-16.854793548583984
172.785568237,93.20885467529297,-16.854793548583984
172.934982299,93.20885467529297,-16.854793548583984
173.134201049,93.20885467529297,-16.854793548583984
173.283615112,93.20885467529297,-16.854793548583984
173.433029174,93.20885467529297,-16.854793548583984
173.632247924,93.20885467529297,-16.854793548583984
173.781661987,93.20885467529297,-16.854793548583984
173.980880737,93.20885467529297,-16.854793548583984
174.130294799,93.20885467529297,-16.854793548583984
174.329513549,93.20885467529297,-16.854793548583984
174.495529174,93.20885467529297,-16.854793548583984
174.644943237,93.20885467529297,-16.854793548583984
174.844161987,93.20885467529297,-16.854793548583984
174.993576049,93.20885467529297,-16.854793548583984
175.192794799,93.20885467529297,-16.854793548583984
175.342208862,93.30296325683594,-16.974166870117188
175.541427612,93.45525360107422,-17.17123794555664
175.690841674,93.56425476074219,-17.311830520629883
175.890060424,93.72612762451172,-17.51528549194336
176.056076049,93.85523986816406,-17.678361892700195
176.205490112,93.98149871826172,-17.8402042388916
176.404708862,94.14276885986328,-18.042360305786133
176.554122924,94.2612533569336,-18.171327590942383
176.753341674,94.4467544555664,-18.34552574157715
176.852951049,94.54551696777344,-18.4300537109375
177.052169799,94.75035858154297,-18.58791160583496
177.201583862,94.91405487060547,-18.709430694580078
177.350997924,95.06017303466797,-18.81789779663086
177.550216674,95.26972198486328,-18.971797943115234
177.699630737,95.41584014892578,-19.080265045166016
177.865646362,95.60269927978516,-19.221111297607422
178.064865112,95.80835723876953,-19.38018798828125
178.214279174,95.95075225830078,-19.49352264404297
178.413497924,96.1492919921875,-19.661394119262695
178.562911987,96.30379486083984,-19.792339324951172
178.762130737,96.50050354003906,-19.953859329223633
178.911544799,96.64208221435547,-20.068227767944336
179.110763549,96.83706665039062,-20.225339889526367
179.260177612,96.99938201904297,-20.35540771484375
179.409591674,97.14241790771484,-20.465717315673828
179.625411987,97.37220764160156,-20.635971069335938
179.774826049,97.51776885986328,-20.74059295654297
179.974044799,97.72814178466797,-20.893369674682617
180.123458862,97.89513397216797,-21.017332077026367
180.322677612,98.0988998413086,-21.17210578918457
180.472091674,98.2432632446289,-21.282934188842773
180.671310424,98.44932556152344,-21.441492080688477
180.820724487,98.61339569091797,-21.5693302154541
181.019943237,98.7927017211914,-21.71967124938965
181.169357299,98.94831848144531,-21.849285125732422
181.335372924,99.10408020019531,-21.978721618652344
181.534591674,99.30622863769531,-22.140039443969727
181.684005737,99.46894836425781,-22.262887954711914
181.883224487,99.6793441772461,-22.415607452392578
182.032638549,99.82718658447266,-22.521747589111328
182.231857299,100.03394317626953,-22.670202255249023
182.381271362,100.20255279541016,-22.791982650756836
182.580490112,100.40613555908203,-22.94013786315918
182.729904174,100.55033874511719,-23.046634674072266
182.895919799,100.71733093261719,-23.170658111572266
183.095138549,100.92693328857422,-23.319808959960938
183.294357299,101.1303939819336,-23.465761184692383
183.443771362,101.2890625,-23.595947265625
183.642990112,101.48185729980469,-23.760026931762695
183.792404174,101.62156677246094,-23.876665115356445
183.991622924,101.81846618652344,-24.037948608398438
184.141036987,101.96820068359375,-24.168102264404297
184.340255737,102.14849090576172,-24.347633361816406
184.489669799,102.26665496826172,-24.480613708496094
184.655685424,102.39921569824219,-24.640857696533203
184.854904174,102.55323028564453,-24.843488693237305
185.054122924,102.70780181884766,-25.052539825439453
185.203536987,102.82577514648438,-25.217147827148438
185.402755737,102.9800033569336,-25.42644691467285
185.552169799,103.08384704589844,-25.570886611938477
185.751388549,103.23662567138672,-25.779565811157227
185.900802612,103.3585433959961,-25.946380615234375
186.100021362,103.5169906616211,-26.15251922607422
186.266036987,103.63729095458984,-26.312030792236328
186.415451049,103.74309539794922,-26.453332901000977
186.564865112,103.8681411743164,-26.619543075561523
186.764083862,104.02469635009766,-26.827119827270508
186.913497924,104.13502502441406,-26.971853256225586
187.112716674,104.28578186035156,-27.176921844482422
187.262130737,104.40764617919922,-27.345474243164062
187.461349487,104.56387329101562,-27.55329132080078
187.610763549,104.67121887207031,-27.69685935974121
187.809982299,104.8258285522461,-27.905855178833008
187.975997924,104.95398712158203,-28.069671630859375
188.175216674,105.11071014404297,-28.277109146118164
188.324630737,105.23225402832031,-28.445899963378906
188.523849487,105.38626098632812,-28.655344009399414
188.673263549,105.49787902832031,-28.79909896850586
188.822677612,105.62589263916016,-28.96304702758789
189.021896362,105.79035949707031,-29.160871505737305
189.171310424,105.90623474121094,-29.295846939086914
189.320724487,106.04081726074219,-29.452640533447266
189.470138549,106.156005859375,-29.582765579223633
189.636154174,106.28733825683594,-29.733320236206055
189.835372924,106.45404052734375,-29.92200469970703
189.984786987,106.58512878417969,-30.072776794433594
190.184005737,106.75210571289062,-30.268482208251953
190.333419799,106.86994171142578,-30.405393600463867
190.532638549,107.03852844238281,-30.60333251953125
190.682052612,107.17008972167969,-30.75732421875
190.831466674,107.288818359375,-30.89527130126953
191.030685424,107.45677947998047,-31.093740463256836
191.180099487,107.58912658691406,-31.24521827697754
191.346115112,107.72216796875,-31.394268035888672
191.545333862,107.88607025146484,-31.58539390563965
191.694747924,108.00247955322266,-31.725297927856445
191.893966674,108.17539978027344,-31.906240463256836
192.043380737,108.34010314941406,-32.032691955566406
192.242599487,108.57315063476562,-32.13286590576172
192.392013549,108.7483139038086,-32.16267395019531
192.591232299,109.00122833251953,-32.168426513671875
192.790451049,109.26079559326172,-32.15374755859375
192.956466674,109.46434020996094,-32.141822814941406
193.155685424,109.70947265625,-32.11772537231445
193.354904174,109.96222686767578,-32.105167388916016
193.504318237,110.01111602783203,-32.105045318603516
193.703536987,110.01111602783203,-32.105045318603516
193.902755737,110.01111602783203,-32.105045318603516
194.101974487,110.01111602783203,-32.105045318603516
194.301193237,110.01111602783203,-32.105045318603516
194.450607299,110.13735961914062,-32.10609436035156
194.649826049,110.39447784423828,-32.1143913269043
194.865646362,110.67878723144531,-32.12850570678711
195.064865112,110.9316635131836,-32.14097213745117
195.214279174,111.11219787597656,-32.14706802368164
195.413497924,111.37218475341797,-32.15060806274414
195.612716674,111.62670135498047,-32.15359878540039
195.811935424,111.875732421875,-32.15605545043945
195.961349487,112.07825469970703,-32.15530776977539
196.160568237,112.33826446533203,-32.154239654541016
196.376388549,112.5969009399414,-32.15317916870117
196.525802612,112.7994155883789,-32.1523551940918
196.725021362,113.0594253540039,-32.15128707885742
196.924240112,113.31806182861328,-32.15022659301758
197.123458862,113.5684585571289,-32.14921188354492
197.272872924,113.74634552001953,-32.14848709106445
197.472091674,114.00635528564453,-32.14741897583008
197.671310424,114.2594985961914,-32.14638900756836
197.870529174,114.51126861572266,-32.14536666870117
198.036544799,114.71240997314453,-32.14455032348633
198.235763549,114.96829986572266,-32.14326095581055
198.434982299,115.2276382446289,-32.12622833251953
198.634201049,115.48420715332031,-32.08476257324219
198.833419799,115.73204040527344,-32.01664733886719
198.982833862,115.91614532470703,-31.93265151977539
199.182052612,116.1258316040039,-31.79379653930664
199.381271362,116.31696319580078,-31.61792755126953
199.530685424,116.4343032836914,-31.48069190979004
199.729904174,116.58383178710938,-31.27644920349121
199.945724487,116.74748992919922,-31.041894912719727
200.095138549,116.84452819824219,-30.897720336914062
200.294357299,116.98914337158203,-30.681640625
200.443771362,117.10575103759766,-30.509403228759766
200.642990112,117.25582885742188,-30.298782348632812
200.842208862,117.40906524658203,-30.0972843170166
201.041427612,117.57002258300781,-29.894847869873047
201.190841674,117.67884826660156,-29.754121780395508
201.390060424,117.82791900634766,-29.546161651611328
201.605880737,117.98635864257812,-29.311370849609375
201.705490112,118.05531311035156,-29.201168060302734
201.904708862,118.1826400756836,-28.98872947692871
202.103927612,118.3134765625,-28.765640258789062
202.303146362,118.44620513916016,-28.546852111816406
202.502365112,118.58341979980469,-28.326019287109375
202.701583862,118.719970703125,-28.11285972595215
202.850997924,118.81942749023438,-27.960464477539062
203.050216674,118.96739196777344,-27.748334884643555
203.266036987,119.1273422241211,-27.511247634887695
203.415451049,119.2299575805664,-27.360942840576172
203.614669799,119.3775405883789,-27.150209426879883
203.813888549,119.5240249633789,-26.9354248046875
204.013107299,119.67098999023438,-26.720958709716797
204.212326049,119.81535339355469,-26.508024215698242
204.361740112,119.929443359375,-26.33409309387207
204.560958862,120.07051086425781,-26.11568260192871
204.710372924,120.1702880859375,-25.963457107543945
204.926193237,120.32841491699219,-25.72513198852539
205.125411987,120.47391510009766,-25.514644622802734
205.324630737,120.62902069091797,-25.314685821533203
205.474044799,120.74604797363281,-25.180715560913086
205.673263549,120.91561889648438,-24.987260818481445
205.872482299,121.08342742919922,-24.79773712158203
206.071701049,121.2542495727539,-24.601743698120117
206.270919799,121.42261505126953,-24.414554595947266
206.470138549,121.59736633300781,-24.225767135620117
206.636154174,121.7394790649414,-24.077655792236328
206.835372924,121.92139434814453,-23.907663345336914
207.034591674,122.120849609375,-23.743057250976562
207.233810424,122.32524871826172,-23.589101791381836
207.383224487,122.4911880493164,-23.470613479614258
207.582443237,122.70059204101562,-23.325942993164062
207.781661987,122.91371154785156,-23.184284210205078
207.931076049,123.06350708007812,-23.080928802490234
208.130294799,123.27302551269531,-22.93161964416504
208.329513549,123.48335266113281,-22.77879524230957
208.495529174,123.64973449707031,-22.653966903686523
208.694747924,123.85333251953125,-22.503515243530273
208.893966674,124.06396484375,-22.351093292236328
209.093185424,124.27398681640625,-22.202526092529297
209.242599487,124.44419860839844,-22.083005905151367
209.441818237,124.65186309814453,-21.9382266998291
209.591232299,124.80162048339844,-21.834800720214844
209.790451049,125.01104736328125,-21.685361862182617
210.006271362,125.24518585205078,-21.521127700805664
210.155685424,125.39518737792969,-21.418039321899414
210.354904174,125.60618591308594,-21.270856857299805
210.554122924,125.81867980957031,-21.121034622192383
210.753341674,126.02940368652344,-20.975839614868164
210.952560424,126.23894500732422,-20.82896614074707
211.101974487,126.39979553222656,-20.710460662841797
211.301193237,126.60008239746094,-20.557889938354492
211.500411987,126.80824279785156,-20.404417037963867
211.649826049,126.948974609375,-20.28905487060547
211.865646362,127.16069793701172,-20.105052947998047
212.064865112,127.35440063476562,-19.937862396240234
212.214279174,127.48175048828125,-19.828102111816406
212.413497924,127.49353790283203,-19.81803321838379
212.612716674,127.49353790283203,-19.81803321838379
212.811935424,127.49353790283203,-19.81803321838379
213.011154174,127.49353790283203,-19.81803321838379
213.210372924,127.49353790283203,-19.81803321838379
213.426193237,127.55500030517578,-19.810028076171875
213.625411987,127.78760528564453,-19.87439727783203
213.774826049,127.91533660888672,-20.000452041625977
213.974044799,128.01129150390625,-20.240400314331055
214.123458862,128.05160522460938,-20.4444522857666
214.223068237,128.0809783935547,-20.57107925415039
214.422286987,128.162353515625,-20.81784439086914
214.571701049,128.23989868164062,-20.982404708862305
214.770919799,128.3732452392578,-21.202207565307617
214.920333862,128.4969482421875,-21.369415283203125
215.086349487,128.62229919433594,-21.531949996948242
215.285568237,128.78146362304688,-21.727033615112305
215.484786987,128.94326782226562,-21.928762435913086
215.634201049,129.0537567138672,-22.069915771484375
215.833419799,129.2108154296875,-22.27708625793457
215.982833862,129.33168029785156,-22.442981719970703
216.182052612,129.48245239257812,-22.654821395874023
216.381271362,129.6296844482422,-22.86577796936035
216.530685424,129.73390197753906,-23.014982223510742
216.729904174,129.88291931152344,-23.22636604309082
216.895919799,129.99903869628906,-23.39563751220703
217.095138549,130.14381408691406,-23.60664176940918
217.244552612,130.2615203857422,-23.771446228027344
217.443771362,130.41065979003906,-23.981060028076172
217.642990112,130.56309509277344,-24.188199996948242
217.842208862,130.71829223632812,-24.39336395263672
217.991622924,130.82449340820312,-24.537778854370117
218.190841674,130.9769744873047,-24.746686935424805
218.340255737,131.0944366455078,-24.909963607788086
218.506271362,131.21551513671875,-25.079084396362305
218.705490112,131.23275756835938,-25.10364532470703
218.904708862,131.23275756835938,-25.10364532470703
219.054122924,131.23275756835938,-25.10364532470703
219.253341674,131.23275756835938,-25.10364532470703
219.452560424,131.23275756835938,-25.10364532470703
219.651779174,131.23275756835938,-25.10364532470703
219.801193237,131.23275756835938,-25.10364532470703
220.000411987,131.23275756835938,-25.10364532470703
220.199630737,131.23275756835938,-25.10364532470703
220.365646362,131.23275756835938,-25.10364532470703
220.564865112,131.23275756835938,-25.10364532470703
220.764083862,131.23275756835938,-25.10364532470703
220.963302612,131.23275756835938,-25.10364532470703
221.112716674,131.23275756835938,-25.10364532470703
221.311935424,131.23275756835938,-25.10364532470703
221.511154174,131.23521423339844,-25.104854583740234
221.710372924,131.24029541015625,-25.10689353942871
221.926193237,131.27566528320312,-25.08402442932129
222.125411987,131.38218688964844,-24.89739227294922
222.324630737,131.38046264648438,-24.649045944213867
222.474044799,131.32679748535156,-24.47532081604004
222.673263549,131.23338317871094,-24.232690811157227
222.872482299,131.1540069580078,-23.985204696655273
223.021896362,131.1081085205078,-23.785184860229492
223.221115112,131.07325744628906,-23.53867530822754
223.420333862,131.0583038330078,-23.288724899291992
223.586349487,131.0453643798828,-23.085243225097656
223.785568237,131.02557373046875,-22.82601547241211
223.934982299,131.00494384765625,-22.652080535888672
224.134201049,130.9781494140625,-22.407236099243164
224.383224487,130.93516540527344,-22.08304214477539
224.582443237,130.90008544921875,-21.825422286987305
224.781661987,130.86427307128906,-21.567903518676758
224.980880737,130.8343505859375,-21.309629440307617
225.180099487,130.80592346191406,-21.055322647094727
225.395919799,130.7810516357422,-20.79651641845703
225.595138549,130.75184631347656,-20.542301177978516
225.794357299,130.7279510498047,-20.290279388427734
225.993576049,130.7006378173828,-20.031723022460938
226.192794799,130.67474365234375,-19.777149200439453
226.392013549,130.65005493164062,-19.5279598236084
226.591232299,130.6206817626953,-19.277894973754883
226.690841674,130.6081085205078,-19.154003143310547
226.890060424,130.57757568359375,-18.89580535888672
227.105880737,130.54898071289062,-18.612627029418945
227.305099487,130.5234375,-18.363525390625
227.504318237,130.49447631835938,-18.10515022277832
227.703536987,130.4704132080078,-17.846267700195312
227.852951049,130.451904296875,-17.672094345092773
228.052169799,130.43011474609375,-17.41988754272461
228.251388549,130.40711975097656,-17.163667678833008
228.450607299,130.38145446777344,-16.904945373535156
228.649826049,130.36253356933594,-16.6511287689209
228.815841674,130.3446502685547,-16.452144622802734
229.015060424,130.3197784423828,-16.19333839416504
229.214279174,130.29978942871094,-15.934110641479492
229.413497924,130.2720489501953,-15.681113243103027
229.562911987,130.26675415039062,-15.632506370544434
229.762130737,130.26675415039062,-15.632506370544434
229.961349487,130.26675415039062,-15.632506370544434
230.160568237,130.26675415039062,-15.632506370544434
230.309982299,130.26675415039062,-15.632506370544434
230.525802612,130.26934814453125,-15.631625175476074
230.725021362,130.27593994140625,-15.632001876831055
230.924240112,130.34707641601562,-15.695399284362793
231.073654174,130.42831420898438,-15.854034423828125
231.272872924,130.4508056640625,-16.108816146850586
231.422286987,130.42059326171875,-16.310317993164062
231.571701049,130.3786163330078,-16.481760025024414
231.671310424,130.3472900390625,-16.602283477783203
231.870529174,130.2940216064453,-16.846891403198242
232.036544799,130.2667999267578,-17.05304718017578
232.185958862,130.2552490234375,-17.259309768676758
232.335372924,130.2570037841797,-17.437179565429688
232.484786987,130.2639923095703,-17.636844635009766
232.684005737,130.2737579345703,-17.896663665771484
232.833419799,130.27825927734375,-18.078603744506836
232.982833862,130.27928161621094,-18.281124114990234
233.132247924,130.2797393798828,-18.456279754638672
233.331466674,130.28042602539062,-18.70943260192871
233.480880737,130.28103637695312,-18.91742515563965
233.630294799,130.2815704345703,-19.09941864013672
233.829513549,130.2822723388672,-19.353939056396484
233.995529174,130.28280639648438,-19.55509376525879
234.144943237,130.28341674804688,-19.763086318969727
234.294357299,130.28392028808594,-19.942344665527344
234.493576049,130.28453063964844,-20.18865966796875
234.642990112,130.28387451171875,-20.389814376831055
234.792404174,130.28323364257812,-20.567705154418945
234.941818237,130.28250122070312,-20.775697708129883
235.141036987,130.28158569335938,-21.034320831298828
235.290451049,130.28094482421875,-21.209476470947266
235.456466674,130.28021240234375,-21.409263610839844
235.655685424,130.279296875,-21.66378402709961
235.805099487,130.278564453125,-21.87040901184082
235.954513549,130.27792358398438,-22.04829978942871
236.103927612,130.27719116210938,-22.249454498291016
236.303146362,130.27627563476562,-22.506710052490234
236.452560424,130.275634765625,-22.688703536987305
236.601974487,130.27490234375,-22.896696090698242
236.751388549,130.27426147460938,-23.073219299316406
236.950607299,130.27334594726562,-23.3291072845459
237.100021362,130.27261352539062,-23.537099838256836
237.266036987,130.27188110351562,-23.745092391967773
237.415451049,130.271240234375,-23.921615600585938
237.614669799,130.27032470703125,-24.180238723754883
237.764083862,130.26959228515625,-24.38823127746582
237.963302612,130.2686767578125,-24.644119262695312
238.112716674,130.26803588867188,-24.81927490234375
238.262130737,130.26730346679688,-25.02589988708496
238.461349487,130.26638793945312,-25.285890579223633
238.610763549,130.2657470703125,-25.462413787841797
238.809982299,130.26483154296875,-25.715566635131836
238.975997924,130.26409912109375,-25.91672134399414
239.125411987,130.26336669921875,-26.124713897705078
239.324630737,130.262451171875,-26.38060188293457
239.474044799,130.26181030273438,-26.555757522583008
239.673263549,130.26210021972656,-26.808908462524414
239.822677612,130.26466369628906,-27.01688575744629
239.972091674,130.26690673828125,-27.19886589050293
240.171310424,130.27003479003906,-27.45199966430664
240.320724487,130.2725067138672,-27.651771545410156
240.470138549,130.2747039794922,-27.829648971557617
240.669357299,130.2779083251953,-28.08962059020996
240.785568237,130.2798309326172,-28.245603561401367
240.984786987,130.2824249267578,-28.496007919311523
241.134201049,130.28109741210938,-28.678001403808594
241.283615112,130.27902221679688,-28.88599395751953
241.482833862,130.27645874023438,-29.143245697021484
241.632247924,130.27468872070312,-29.321130752563477
241.781661987,130.27264404296875,-29.526384353637695
241.980880737,130.27005004882812,-29.786375045776367
242.130294799,130.2682647705078,-29.96562957763672
242.279708862,130.26651000976562,-30.14214515686035
242.445724487,130.26429748535156,-30.36518096923828
242.644943237,130.26419067382812,-30.623802185058594
242.794357299,130.2652130126953,-30.801692962646484
242.993576049,130.26666259765625,-31.054845809936523
243.142990112,130.267822265625,-31.257368087768555
243.292404174,130.26889038085938,-31.439361572265625
243.441818237,130.27011108398438,-31.647354125976562
243.591232299,130.27114868164062,-31.82661247253418
243.790451049,130.2725830078125,-32.078399658203125
243.939865112,130.27362060546875,-32.257667541503906
244.056076049,130.27452087402344,-32.41230392456055
244.205490112,130.2757110595703,-32.61757278442383
244.404708862,130.277099609375,-32.865257263183594
244.554122924,130.27813720703125,-33.044525146484375
244.703536987,130.2793426513672,-33.251163482666016
244.852951049,130.28041076660156,-33.433170318603516
245.002365112,130.28160095214844,-33.6384391784668
245.201583862,130.28305053710938,-33.8916015625
245.350997924,130.28286743164062,-34.06949996948242
245.500411987,130.28213500976562,-34.27750778198242
245.649826049,130.281494140625,-34.45951461791992
245.865646362,130.28048706054688,-34.738677978515625
246.015060424,130.27984619140625,-34.920684814453125
246.214279174,130.2789306640625,-35.180694580078125
246.363693237,130.2781982421875,-35.38185501098633
246.513107299,130.27755737304688,-35.55975341796875
246.662521362,130.27682495117188,-35.76365280151367
246.861740112,130.27590942382812,-36.02366256713867
247.011154174,130.2752685546875,-36.20429992675781
247.210372924,130.27435302734375,-36.4547233581543
247.376388549,130.2741241455078,-36.516117095947266
247.525802612,130.2741241455078,-36.516117095947266
247.725021362,130.2741241455078,-36.516117095947266
247.924240112,130.2741241455078,-36.516117095947266
248.073654174,130.2741241455078,-36.516117095947266
248.223068237,130.2738037109375,-36.60251235961914
248.422286987,130.27288818359375,-36.85978317260742
248.571701049,130.27224731445312,-37.04179000854492
248.721115112,130.27151489257812,-37.244319915771484
248.920333862,130.27059936523438,-37.49885177612305
249.069747924,130.26995849609375,-37.68085861206055
249.235763549,130.26922607421875,-37.88886642456055
249.434982299,130.268310546875,-38.14202880859375
249.584396362,130.267578125,-38.34866714477539
249.733810424,130.26693725585938,-38.53067398071289
249.933029174,130.26602172851562,-38.78794479370117
250.082443237,130.26528930664062,-38.989105224609375
250.281661987,130.26437377929688,-39.246376037597656
250.431076049,130.26373291015625,-39.428382873535156
250.580490112,130.26300048828125,-39.63228225708008
250.729904174,130.26235961914062,-39.80881118774414
250.945724487,130.2613525390625,-40.085235595703125
251.095138549,130.26290893554688,-40.26722717285156
251.244552612,130.26597595214844,-40.472469329833984
251.443771362,130.2646026611328,-40.72835159301758
251.593185424,130.25892639160156,-40.90752410888672
251.742599487,130.24974060058594,-41.11532211303711
251.941818237,130.2335662841797,-41.37344741821289
252.091232299,130.222412109375,-41.54962158203125
252.240646362,130.2130889892578,-41.751930236816406
252.390060424,130.2091522216797,-41.927040100097656
252.605880737,130.20494079589844,-42.21162796020508
252.755294799,130.19776916503906,-42.38664245605469
252.904708862,130.18751525878906,-42.584800720214844
253.103927612,130.1705780029297,-42.83877944946289
253.253341674,130.15965270996094,-43.02045440673828
253.402755737,130.14981079101562,-43.22822189331055
253.601974487,130.13136291503906,-43.48618698120117
253.751388549,130.1161346435547,-43.663429260253906
253.900802612,130.0998077392578,-43.868038177490234
254.100021362,130.08615112304688,-44.1276741027832
254.249435424,130.07704162597656,-44.30670166015625
254.415451049,130.062744140625,-44.50872802734375
254.564865112,130.0476837158203,-44.716190338134766
254.714279174,130.03726196289062,-44.897891998291016
254.913497924,130.02963256835938,-45.1481819152832
255.062911987,130.02516174316406,-45.34928512573242
255.262130737,130.00730895996094,-45.60169982910156
255.411544799,129.97286987304688,-45.77329635620117
255.560958862,129.8993682861328,-45.964599609375
255.760177612,129.7537384033203,-46.170654296875
255.876388549,129.66090393066406,-46.261627197265625
256.075592041,129.4566650390625,-46.42226028442383
256.225006103,129.28402709960938,-46.53822326660156
256.374420166,129.13595581054688,-46.63178253173828
256.474029541,129.02871704101562,-46.70027160644531
256.623443603,128.8573760986328,-46.81325149536133
256.772857666,128.71124267578125,-46.91468811035156
256.972076416,128.50889587402344,-47.06215286254883
257.121490478,128.34767150878906,-47.18471908569336
257.270904541,128.20700073242188,-47.30019760131836
257.420318603,128.0507049560547,-47.433284759521484
257.586334228,127.89671325683594,-47.56485366821289
257.735748291,127.76103973388672,-47.682010650634766
257.885162353,127.60858917236328,-47.815330505371094
258.034576416,127.47377014160156,-47.9314079284668
258.183990478,127.31354522705078,-48.06183624267578
258.383209228,127.10928344726562,-48.21595764160156
258.532623291,126.9671859741211,-48.32298278808594
258.682037353,126.80001068115234,-48.446739196777344
258.831451416,126.65792083740234,-48.553768157958984
258.980865478,126.49310302734375,-48.67609405517578
259.130279541,126.34688568115234,-48.784461975097656
259.296295166,126.1810302734375,-48.90999984741211
259.495513916,125.9804916381836,-49.062252044677734
259.644927978,125.81684112548828,-49.190643310546875
259.794342041,125.67569732666016,-49.30116653442383
259.943756103,125.51370239257812,-49.42722702026367
260.093170166,125.37046813964844,-49.539512634277344
260.292388916,125.16952514648438,-49.70444869995117
260.441802978,125.01148223876953,-49.8332633972168
260.591217041,124.86962890625,-49.947288513183594
260.740631103,124.70573425292969,-50.075355529785156
260.890045166,124.56510162353516,-50.18206024169922
261.056060791,124.40455627441406,-50.30095291137695
261.205474853,124.23909759521484,-50.422420501708984
261.354888916,124.09382629394531,-50.52976989746094
261.504302978,123.92853546142578,-50.65376281738281
261.703521728,123.72254943847656,-50.80559539794922
261.852935791,123.57791137695312,-50.913814544677734
262.002349853,123.4158706665039,-51.03298568725586
262.151763916,123.26940155029297,-51.138710021972656
262.301177978,123.1051254272461,-51.257164001464844
262.500396728,122.8984146118164,-51.40565872192383
262.649810791,122.75546264648438,-51.50923538208008
262.815826416,122.59107971191406,-51.629859924316406
262.965240478,122.43130493164062,-51.754310607910156
263.114654541,122.29136657714844,-51.866363525390625
263.264068603,122.13716888427734,-52.00181579589844
263.463287353,121.96550750732422,-52.187435150146484
263.612701416,121.87388610839844,-52.33797836303711
263.762115478,121.80924987792969,-52.53517150878906
263.961334228,121.79263305664062,-52.78166198730469
264.110748291,121.80975341796875,-52.95315170288086
264.260162353,121.84321594238281,-53.15289306640625
264.475982666,121.88103485107422,-53.40458679199219
264.625396728,121.90025329589844,-53.61165237426758
264.824615478,121.9066390991211,-53.864707946777344
264.974029541,121.90601348876953,-54.04123306274414
265.123443603,121.90037536621094,-54.24641418457031
265.322662353,121.89739990234375,-54.31484603881836
265.472076416,121.89739990234375,-54.31484603881836
265.671295166,121.89739990234375,-54.31484603881836
265.820709228,121.89739990234375,-54.31484603881836
265.970123291,121.89739990234375,-54.31484603881836
266.185943603,121.88941955566406,-54.49367141723633
266.335357666,121.88130187988281,-54.67549133300781
266.534576416,121.87175750732422,-54.927093505859375
266.683990478,121.86895751953125,-55.12822723388672
266.883209228,121.86637878417969,-55.38683319091797
267.032623291,121.86456298828125,-55.56881332397461
267.231842041,121.86410522460938,-55.82333755493164
267.431060791,121.86479187011719,-56.06965255737305
267.580474853,121.86534118652344,-56.27355194091797
267.729888916,121.8658218383789,-56.45281982421875
267.945709228,121.8690414428711,-56.7387809753418
268.144927978,121.890869140625,-56.9771728515625
268.294342041,121.91252899169922,-57.15236282348633
268.493560791,121.93804931640625,-57.40972137451172
268.642974853,121.95269012451172,-57.6171989440918
268.842193603,121.96344757080078,-57.87148666381836
268.941802978,121.96580505371094,-57.99872970581055
269.141021728,121.96443939208984,-58.25735092163086
269.290435791,121.95861053466797,-58.43925476074219
269.456451416,121.95000457763672,-58.64707946777344
269.605865478,121.94161224365234,-58.84942626953125
269.805084228,121.93323516845703,-59.10654067993164
269.954498291,121.93075561523438,-59.28852081298828
270.153717041,121.94200897216797,-59.54805374145508
270.303131103,121.9864501953125,-59.7509765625
270.502349853,122.09674072265625,-59.98397445678711
270.651763916,122.20903778076172,-60.1251220703125
270.850982666,122.39562225341797,-60.291751861572266
271.050201416,122.60595703125,-60.439754486083984
271.216217041,122.7726821899414,-60.54981994628906
271.415435791,122.98660278320312,-60.69755935668945
271.564849853,123.15460205078125,-60.82015609741211
271.764068603,123.35608673095703,-60.98011016845703
271.963287353,123.5531997680664,-61.141082763671875
272.112701416,123.69258880615234,-61.258087158203125
272.311920166,123.88743591308594,-61.41969680786133
272.511138916,124.08651733398438,-61.58262634277344
272.660552978,124.24774932861328,-61.71186447143555
272.876373291,124.44717407226562,-61.8700065612793
273.025787353,124.6093521118164,-62.0002326965332
273.225006103,124.80778503417969,-62.163883209228516
273.374420166,124.94522094726562,-62.28107833862305
273.573638916,125.13992309570312,-62.43853759765625
273.772857666,125.3338623046875,-62.58588790893555
273.922271728,125.50054931640625,-62.71027755737305
274.021881103,125.605224609375,-62.78736114501953
274.221099853,125.81349182128906,-62.94071578979492
274.370513916,125.95916748046875,-63.047489166259766
274.586334228,126.1843032836914,-63.21937561035156
274.735748291,126.32759094238281,-63.3293571472168
274.934967041,126.5311279296875,-63.48670196533203
275.134185791,126.73556518554688,-63.64733123779297
275.283599853,126.89777374267578,-63.77312088012695
275.482818603,127.09709930419922,-63.92698669433594
275.632232666,127.23970031738281,-64.0378646850586
275.831451416,127.44037628173828,-64.19664001464844
276.030670166,127.6425552368164,-64.36009979248047
276.180084228,127.80072021484375,-64.49092864990234
276.395904541,127.99935913085938,-64.6522445678711
276.495513916,128.10052490234375,-64.73387908935547
276.694732666,128.30413818359375,-64.89555358886719
276.893951416,128.50714111328125,-65.05134582519531
277.043365478,128.67433166503906,-65.17508697509766
277.242584228,128.88490295410156,-65.32759857177734
277.441802978,129.09384155273438,-65.48233795166016
277.591217041,129.23956298828125,-65.59137725830078
277.790435791,129.44778442382812,-65.74706268310547
277.956451416,129.6149139404297,-65.87085723876953
278.155670166,129.8168182373047,-66.0301742553711
278.305084228,129.9623565673828,-66.17472076416016
278.504302978,130.10556030273438,-66.38753509521484
278.703521728,130.1846160888672,-66.628662109375
278.852935791,130.20774841308594,-66.80906677246094
279.002349853,130.21047973632812,-67.01014709472656
279.201568603,130.20249938964844,-67.26727294921875
279.350982666,130.1920928955078,-67.448974609375
279.550201416,130.1757354736328,-67.70435333251953
279.716217041,130.16294860839844,-67.90785217285156
279.915435791,130.15211486816406,-68.16487884521484
280.064849853,130.14576721191406,-68.37003326416016
280.264068603,130.14468383789062,-68.61771392822266
280.413482666,130.14511108398438,-68.7901611328125
280.612701416,130.14572143554688,-69.0488052368164
280.811920166,130.14779663085938,-69.30879211425781
280.961334228,130.16162109375,-69.50120544433594
281.160552978,130.1912841796875,-69.7540054321289
281.309967041,130.20823669433594,-69.92832946777344
281.525787353,130.22723388671875,-70.20545959472656
281.675201416,130.23452758789062,-70.38731384277344
281.874420166,130.23789978027344,-70.63906860351562
282.073638916,130.22621154785156,-70.89324188232422
282.223052978,130.2052459716797,-71.09742736816406
282.422271728,130.18821716308594,-71.35676574707031
282.571685791,130.1907501220703,-71.53872680664062
282.770904541,130.2014617919922,-71.78752136230469
282.920318603,130.2100372314453,-71.98710632324219
283.136138916,130.21566772460938,-72.23334503173828
283.285552978,130.21896362304688,-72.44132232666016
283.484771728,130.23292541503906,-72.6954574584961
283.634185791,130.24696350097656,-72.87142181396484
283.833404541,130.2569580078125,-73.12841033935547
283.982818603,130.25180053710938,-73.33631134033203
284.182037353,130.21180725097656,-73.59004211425781
284.381256103,130.11483764648438,-73.82622528076172
284.530670166,130.0220184326172,-73.96785736083984
284.680084228,130.00460815429688,-73.98979187011719
284.846099853,130.00460815429688,-73.98979187011719
285.045318603,130.00460815429688,-73.98979187011719
285.194732666,130.00460815429688,-73.98979187011719
285.393951416,130.00460815429688,-73.98979187011719
285.543365478,129.91258239746094,-74.0903549194336
285.692779541,129.76515197753906,-74.19591522216797
285.891998291,129.51451110839844,-74.26030731201172
286.041412353,129.30691528320312,-74.27093505859375
286.190826416,129.129150390625,-74.26538848876953
286.340240478,128.9215545654297,-74.25240325927734
286.506256103,128.71392822265625,-74.24015808105469
286.655670166,128.53749084472656,-74.24240112304688
286.854888916,128.28707885742188,-74.27799224853516
287.004302978,128.09263610839844,-74.32915496826172
287.153717041,127.92607116699219,-74.39155578613281
287.303131103,127.73973083496094,-74.47090148925781
287.502349853,127.50324249267578,-74.56494140625
287.651763916,127.33832550048828,-74.62394714355469
287.801177978,127.14024353027344,-74.6873550415039
287.950592041,126.96769714355469,-74.73593139648438
288.149810791,126.71282196044922,-74.78680419921875
288.315826416,126.51025390625,-74.80963897705078
288.465240478,126.3051986694336,-74.81847381591797
288.614654541,126.12603759765625,-74.8243408203125
288.764068603,125.92151641845703,-74.84136962890625
288.913482666,125.74711608886719,-74.86849212646484
289.112701416,125.49418640136719,-74.92247009277344
289.262115478,125.29814147949219,-74.96752166748047
289.411529541,125.12405395507812,-75.00411987304688
289.560943603,124.92507934570312,-75.04187774658203
289.710357666,124.74705505371094,-75.07254028320312
289.876373291,124.54204559326172,-75.10760498046875
290.075592041,124.29085540771484,-75.15641784667969
290.225006103,124.09537506103516,-75.19049072265625
290.374420166,123.91991424560547,-75.21983337402344
290.523834228,123.71946716308594,-75.24877166748047
290.673248291,123.53900909423828,-75.272216796875
290.822662353,123.3359375,-75.30191040039062
291.021881103,123.09059143066406,-75.35806274414062
291.171295166,122.91670989990234,-75.41175842285156
291.320709228,122.71987915039062,-75.46990203857422
291.420318603,122.5976791381836,-75.50016021728516
291.586334228,122.40296173095703,-75.544921875
291.785552978,122.15225982666016,-75.59624481201172
291.934967041,121.97357177734375,-75.63079071044922
292.084381103,121.76852416992188,-75.66569519042969
292.233795166,121.59058380126953,-75.68714141845703
292.383209228,121.38858032226562,-75.70147705078125
292.532623291,121.20951843261719,-75.70991516113281
292.731842041,120.94973754882812,-75.71975708007812
292.881256103,120.74219512939453,-75.7327651977539
293.030670166,120.56182098388672,-75.75679016113281
293.180084228,120.36703491210938,-75.79457092285156
293.346099853,120.17189025878906,-75.8373794555664
293.545318603,119.9177474975586,-75.89212036132812
293.694732666,119.73924255371094,-75.91966247558594
293.844146728,119.53866577148438,-75.9477310180664
294.043365478,119.29441833496094,-75.97954559326172
294.192779541,119.11497497558594,-76.00980377197266
294.342193603,118.91422271728516,-76.05258178710938
294.491607666,118.73527526855469,-76.08566284179688
294.690826416,118.478515625,-76.12671661376953
294.840240478,118.27375030517578,-76.16323852539062
294.956451416,118.14756774902344,-76.1882095336914
295.105865478,117.94806671142578,-76.2303237915039
295.305084228,117.69295501708984,-76.28047943115234
295.454498291,117.51497650146484,-76.31855773925781
295.603912353,117.31675720214844,-76.36007690429688
295.803131103,117.06572723388672,-76.4017333984375
295.952545166,116.88737487792969,-76.4198989868164
296.101959228,116.68009948730469,-76.43724060058594
296.301177978,116.42597961425781,-76.4512939453125
296.450592041,116.24681854248047,-76.45709991455078
296.600006103,116.0435791015625,-76.47289276123047
296.766021728,115.84347534179688,-76.50373840332031
296.965240478,115.59065246582031,-76.56417083740234
297.114654541,115.41541290283203,-76.6133041381836
297.264068603,115.21687316894531,-76.66542053222656
297.463287353,114.96968078613281,-76.7128677368164
297.612701416,114.79367065429688,-76.73863983154297
297.811920166,114.536865234375,-76.76920318603516
297.961334228,114.32947540283203,-76.78465270996094
298.160552978,114.08061981201172,-76.79438781738281
298.309967041,113.90703582763672,-76.80242919921875
298.475982666,113.70304870605469,-76.82484436035156
298.675201416,113.45336151123047,-76.87380981445312
298.824615478,113.2527084350586,-76.92855834960938
298.974029541,113.07662963867188,-76.97460174560547
299.123443603,112.87980651855469,-77.0223617553711
299.322662353,112.63597106933594,-77.07945251464844
299.472076416,112.46382904052734,-77.11863708496094
299.671295166,112.21282958984375,-77.16824340820312
299.820709228,112.00739288330078,-77.20081329345703
299.970123291,111.8277587890625,-77.23001861572266
300.136138916,111.62403106689453,-77.2645492553711
300.335357666,111.37067413330078,-77.3003921508789
300.484771728,111.1641845703125,-77.32530212402344
300.683990478,110.90597534179688,-77.35572052001953
300.833404541,110.73240661621094,-77.37928009033203
300.982818603,110.532958984375,-77.40540313720703
301.182037353,110.28114318847656,-77.44235229492188
301.331451416,110.10082244873047,-77.46692657470703
301.480865478,109.89579010009766,-77.50175476074219
301.680084228,109.71036529541016,-77.5416259765625
301.846099853,109.53345489501953,-77.56790924072266
301.995513916,109.3529281616211,-77.57042694091797
302.144927978,109.15331268310547,-77.56199645996094
302.344146728,108.90047454833984,-77.5492172241211
302.493560791,108.71868133544922,-77.54011535644531
302.692779541,108.45880889892578,-77.53235626220703
302.842193603,108.25904083251953,-77.52986907958984
302.991607666,108.08390045166016,-77.5276870727539
303.141021728,107.8786392211914,-77.5256118774414
303.340240478,107.6186294555664,-77.5263671875
303.456451416,107.48870086669922,-77.53047943115234
303.655670166,107.23040008544922,-77.5587387084961
303.805084228,107.02715301513672,-77.60271453857422
303.954498291,106.85121154785156,-77.64920806884766
304.103912353,106.78606414794922,-77.6668701171875
304.253326416,106.78606414794922,-77.6668701171875
304.452545166,106.78606414794922,-77.6668701171875
304.601959228,106.78402709960938,-77.67195129394531
304.801177978,106.7893295288086,-77.822509765625
304.950592041,106.86563110351562,-77.9789047241211
305.149810791,107.07300567626953,-78.1304931640625
305.315826416,107.27375793457031,-78.16859436035156
305.515045166,107.53337097167969,-78.15837860107422
305.714263916,107.78768920898438,-78.13014221191406
305.863677978,107.98784637451172,-78.11023712158203
306.062896728,108.23667907714844,-78.10919189453125
306.262115478,108.49344635009766,-78.14839172363281
306.461334228,108.73994445800781,-78.21688079833984
306.610748291,108.91370391845703,-78.27095794677734
306.809967041,109.16063690185547,-78.35234069824219
306.975982666,109.358154296875,-78.41759490966797
307.175201416,109.6061782836914,-78.49085235595703
307.374420166,109.85212707519531,-78.5563735961914
307.573638916,110.0959243774414,-78.62454986572266
307.723052978,110.29654693603516,-78.679443359375
307.872467041,110.47188568115234,-78.72827911376953
308.071685791,110.72248077392578,-78.7975845336914
308.270904541,110.9691390991211,-78.85423278808594
308.420318603,111.16399383544922,-78.89175415039062
308.636138916,111.4113540649414,-78.93063354492188
308.785552978,111.61735534667969,-78.95934295654297
308.984771728,111.8723373413086,-79.00234985351562
309.134185791,112.04830169677734,-79.04316711425781
309.333404541,112.29984283447266,-79.10890197753906
309.532623291,112.54377746582031,-79.17657470703125
309.731842041,112.7902603149414,-79.23998260498047
309.881256103,112.99061584472656,-79.29048156738281
310.080474853,113.24330139160156,-79.35182189941406
310.229888916,113.4172134399414,-79.39530944824219
310.445709228,113.69451141357422,-79.46538543701172
310.595123291,113.86763763427734,-79.50628662109375
310.794342041,114.1220932006836,-79.5595474243164
310.993560791,114.37665557861328,-79.60533905029297
311.142974853,114.57975006103516,-79.64344024658203
311.342193603,114.82292175292969,-79.70291137695312
311.541412353,115.06803131103516,-79.78102111816406
311.690826416,115.23815155029297,-79.8375244140625
311.890045166,115.47792053222656,-79.9187240600586
312.056060791,115.67035675048828,-79.99009704589844
312.255279541,115.8978271484375,-80.10651397705078
312.404693603,116.05878448486328,-80.22917175292969
312.603912353,116.23875427246094,-80.41264343261719
312.753326416,116.34915924072266,-80.55557250976562
312.952545166,116.49175262451172,-80.75973510742188
313.151763916,116.63711547851562,-80.97525024414062
313.301177978,116.7538070678711,-81.14242553710938
313.500396728,116.90431213378906,-81.34425354003906
313.699615478,117.0517807006836,-81.52061462402344
313.865631103,117.20158386230469,-81.69499206542969
314.064849853,117.36576843261719,-81.89126586914062
314.214263916,117.47817993164062,-82.0309066772461
314.413482666,117.63894653320312,-82.23523712158203
314.612701416,117.80130004882812,-82.43653106689453
314.811920166,117.96269989013672,-82.63687133789062
314.961334228,118.09310150146484,-82.79715728759766
315.160552978,118.25703430175781,-82.99541473388672
315.376373291,118.40482330322266,-83.17681884765625
315.525787353,118.5380630493164,-83.33654022216797
315.725006103,118.70012664794922,-83.53457641601562
315.924224853,118.86112976074219,-83.73697662353516
316.073638916,118.97005462646484,-83.87589263916016
316.272857666,119.12837219238281,-84.07518768310547
316.372467041,119.20989227294922,-84.17643737792969
316.571685791,119.3729476928711,-84.37894439697266
316.721099853,119.50064849853516,-84.53963470458984
316.920318603,119.65464782714844,-84.74055480957031
317.086334228,119.77815246582031,-84.90621948242188
317.285552978,119.93302154541016,-85.10822296142578
317.434967041,120.0444564819336,-85.24864196777344
317.634185791,120.2059555053711,-85.44178771972656
317.783599853,120.33637237548828,-85.60028839111328
317.982818603,120.49581146240234,-85.79869842529297
318.182037353,120.65255737304688,-86.0009765625
318.331451416,120.75797271728516,-86.14085388183594
318.530670166,120.91895294189453,-86.34151458740234
318.729888916,121.07804107666016,-86.54019927978516
318.895904541,121.2049331665039,-86.70327758789062
319.045318603,121.3307113647461,-86.86893463134766
319.244537353,121.48638916015625,-87.07718658447266
319.393951416,121.59243774414062,-87.22340393066406
319.593170166,121.74166870117188,-87.43463897705078
319.792388916,121.89263153076172,-87.64631652832031
319.941802978,122.01991271972656,-87.80198669433594
320.141021728,122.21037292480469,-87.97216796875
320.340240478,122.4382553100586,-88.08969116210938
320.556060791,122.68942260742188,-88.14285278320312
320.705474853,122.89153289794922,-88.15454864501953
320.904693603,123.15142059326172,-88.14825439453125
321.103912353,123.40027618408203,-88.13768005371094
321.303131103,123.65050506591797,-88.12751770019531
321.452545166,123.82699584960938,-88.12393951416016
321.651763916,124.08700561523438,-88.12263488769531
321.850982666,124.34152221679688,-88.12144470214844
322.050201416,124.50035095214844,-88.11470031738281
322.266021728,124.50035095214844,-88.11470031738281
322.465240478,124.50035095214844,-88.11470031738281
322.664459228,124.50035095214844,-88.11470031738281
322.863677978,124.50035095214844,-88.11470031738281
323.062896728,124.50035095214844,-88.11470031738281
323.212310791,124.50035095214844,-88.11470031738281
323.461334228,124.50035095214844,-88.11470031738281
323.660552978,124.50035095214844,-88.11470031738281
323.876373291,124.50035095214844,-88.11470031738281
324.075592041,124.50035095214844,-88.11470031738281
324.274810791,124.50035095214844,-88.11470031738281
324.474029541,124.50035095214844,-88.11470031738281
324.673248291,124.50035095214844,-88.11470031738281
324.872467041,124.50035095214844,-88.11470031738281
325.071685791,124.50035095214844,-88.11470031738281
325.270904541,124.50035095214844,-88.11470031738281
325.470123291,124.50035095214844,-88.11470031738281
325.636138916,124.50035095214844,-88.11470031738281
325.835357666,124.50035095214844,-88.11470031738281
326.034576416,124.50035095214844,-88.11470031738281
326.183990478,124.50035095214844,-88.11470031738281
326.333404541,124.50035095214844,-88.11470031738281
326.532623291,124.50035095214844,-88.11470031738281
326.731842041,124.50035095214844,-88.11470031738281
326.931060791,124.50035095214844,-88.11470031738281
327.130279541,124.50035095214844,-88.11470031738281
327.296295166,124.50035095214844,-88.11470031738281
327.495513916,124.50035095214844,-88.11470031738281
327.694732666,124.50035095214844,-88.11470031738281
327.893951416,124.50035095214844,-88.11470031738281
328.093170166,124.50035095214844,-88.11470031738281
328.292388916,124.50035095214844,-88.11470031738281
328.491607666,124.50035095214844,-88.11470031738281
328.690826416,124.50035095214844,-88.11470031738281
328.840240478,124.50035095214844,-88.11470031738281
329.056060791,124.50035095214844,-88.11470031738281
329.255279541,124.50035095214844,-88.11470031738281
329.454498291,124.50035095214844,-88.11470031738281
329.653717041,124.50035095214844,-88.11470031738281
329.852935791,124.50035095214844,-88.11470031738281
330.052154541,124.50035095214844,-88.11470031738281
330.251373291,124.50035095214844,-88.11470031738281
330.450592041,124.50035095214844,-88.11470031738281
330.649810791,124.50035095214844,-88.11470031738281
330.865631103,124.50035095214844,-88.11470031738281
331.064849853,124.50035095214844,-88.11470031738281
331.264068603,124.50035095214844,-88.11470031738281
331.463287353,124.50035095214844,-88.11470031738281
331.662506103,124.50035095214844,-88.11470031738281
331.861724853,124.50035095214844,-88.11470031738281
332.060943603,124.50035095214844,-88.11470031738281
332.260162353,124.50035095214844,-88.11470031738281
332.475982666,124.50035095214844,-88.11470031738281
332.675201416,124.50035095214844,-88.11470031738281
332.874420166,124.50035095214844,-88.11470031738281
333.073638916,124.50035095214844,-88.11470031738281
333.272857666,124.67790222167969,-88.10205841064453
333.472076416,124.93763732910156,-88.09059143066406
333.671295166,125.18804168701172,-88.08743286132812
333.870513916,125.43978118896484,-88.09220123291016
334.069732666,125.69810485839844,-88.10478973388672
334.235748291,125.90580749511719,-88.11626434326172
334.434967041,126.15737915039062,-88.12657165527344
334.634185791,126.41051483154297,-88.13018035888672
334.833404541,126.67052459716797,-88.1330795288086
335.032623291,126.92778778076172,-88.13594818115234
335.231842041,127.17957305908203,-88.1346206665039
335.431060791,127.4382095336914,-88.13097381591797
335.580474853,127.6462173461914,-88.12804412841797
335.779693603,127.87335968017578,-88.12482452392578
335.995513916,128.1483917236328,-88.12091827392578
336.144927978,128.3563995361328,-88.11847686767578
336.344146728,128.6164093017578,-88.11809539794922
336.543365478,128.86817932128906,-88.11771392822266
336.742584228,129.1240692138672,-88.1173324584961
336.941802978,129.3840789794922,-88.11695098876953
337.141021728,129.6399688720703,-88.11736297607422
337.340240478,129.8955841064453,-88.12847900390625
337.506256103,130.10304260253906,-88.14315032958984
337.705474853,130.356689453125,-88.16442108154297
337.854888916,130.5299072265625,-88.1780776977539
338.054107666,130.7017059326172,-88.19353485107422
338.253326416,130.7017059326172,-88.19353485107422
338.452545166,130.7017059326172,-88.19353485107422
338.651763916,130.7017059326172,-88.19353485107422
338.850982666,130.7017059326172,-88.19353485107422
339.050201416,130.72328186035156,-88.1970443725586
339.216217041,130.73878479003906,-88.2054443359375
339.415435791,130.86773681640625,-88.40070343017578
339.614654541,130.8766326904297,-88.6439208984375
339.764068603,130.81678771972656,-88.83863067626953
339.963287353,130.72430419921875,-89.07429504394531
340.162506103,130.64495849609375,-89.3174819946289
340.311920166,130.60415649414062,-89.48780059814453
340.511138916,130.56402587890625,-89.73077392578125
340.660552978,130.53506469726562,-89.93119812011719
340.809967041,130.5166778564453,-90.10948944091797
341.025787353,130.48960876464844,-90.39007568359375
341.175201416,130.47154235839844,-90.56842803955078
341.324615478,130.44973754882812,-90.76979064941406
341.474029541,130.43020629882812,-90.94384765625
341.673248291,130.4017791748047,-91.20091247558594
341.872467041,130.3708038330078,-91.45906066894531
342.021881103,130.3478240966797,-91.65889739990234
342.221099853,130.31643676757812,-91.90594482421875
342.370513916,130.29518127441406,-92.07980346679688
342.569732666,130.26304626464844,-92.33506774902344
342.735748291,130.23843383789062,-92.53610229492188
342.934967041,130.2081298828125,-92.78743743896484
343.134185791,130.17613220214844,-93.03443145751953
343.283599853,130.15171813964844,-93.23685455322266
343.482818603,130.120849609375,-93.4950180053711
343.632232666,130.10292053222656,-93.6761245727539
343.781646728,130.0803680419922,-93.87876892089844
343.980865478,130.05445861816406,-94.12783813476562
344.180084228,130.0319061279297,-94.37448120117188
344.346099853,130.0110321044922,-94.5772933959961
344.545318603,129.9915313720703,-94.7088394165039
344.694732666,129.9915313720703,-94.7088394165039
344.893951416,129.9915313720703,-94.7088394165039
345.043365478,129.9915313720703,-94.7088394165039
345.242584228,129.96852111816406,-94.89678955078125
345.391998291,129.95712280273438,-95.01573181152344
345.591217041,129.95701599121094,-95.0167236328125
345.790435791,129.95701599121094,-95.0167236328125
345.956451416,129.95701599121094,-95.0167236328125
346.155670166,129.95701599121094,-95.0167236328125
346.305084228,129.95701599121094,-95.0167236328125
346.454498291,129.95701599121094,-95.0167236328125
346.653717041,129.95701599121094,-95.0167236328125
346.852935791,129.95701599121094,-95.0167236328125
347.002349853,129.948974609375,-95.15593719482422
347.201568603,129.96717834472656,-95.39865112304688
347.400787353,130.0052947998047,-95.65584564208984
347.550201416,130.0286865234375,-95.83633422851562
347.716217041,130.04965209960938,-96.03501892089844
347.915435791,130.06907653808594,-96.29016876220703
348.114654541,130.07264709472656,-96.55010986328125
348.264068603,130.06838989257812,-96.75395202636719
348.463287353,130.05731201171875,-97.00276184082031
348.612701416,130.0490264892578,-97.17636108398438
348.762115478,130.03948974609375,-97.38140106201172
348.961334228,130.0324249267578,-97.64129638671875
349.110748291,130.0284423828125,-97.82324981689453
349.309967041,130.0271453857422,-98.07093048095703
349.475982666,130.0270233154297,-98.27620697021484
349.675201416,130.02687072753906,-98.53621673583984
349.824615478,130.02674865722656,-98.73739624023438
350.023834228,130.02659606933594,-98.98511505126953
350.223052978,130.0264434814453,-99.24102783203125
350.372467041,130.02633666992188,-99.42303466796875
350.571685791,130.02618408203125,-99.68304443359375
350.721099853,130.02606201171875,-99.88558959960938
350.920318603,130.02590942382812,-100.13603973388672
351.086334228,130.0258331298828,-100.30653381347656
351.235748291,130.0258331298828,-100.30753326416016
351.385162353,130.03204345703125,-100.44407653808594
351.584381103,130.100830078125,-100.6922378540039
351.783599853,130.22825622558594,-100.91207885742188
351.933013916,130.3399200439453,-101.05044555664062
352.132232666,130.51170349121094,-101.23265075683594
352.331451416,130.68516540527344,-101.4244155883789
352.480865478,130.81207275390625,-101.58223724365234
352.680084228,130.96641540527344,-101.78804016113281
352.846099853,131.08033752441406,-101.9554672241211
353.045318603,131.2202606201172,-102.17461395263672
353.244537353,131.36109924316406,-102.39311981201172
353.393951416,131.45907592773438,-102.5464859008789
353.593170166,131.59349060058594,-102.75777435302734
353.742584228,131.70750427246094,-102.93175506591797
353.891998291,131.80453491210938,-103.07759857177734
354.041412353,131.91610717773438,-103.2482681274414
354.190826416,132.01663208007812,-103.39835357666016
354.390045166,132.15855407714844,-103.60800170898438
354.605865478,132.31910705566406,-103.84473419189453
354.755279541,132.41851806640625,-103.99391174316406
354.954498291,132.557373046875,-104.21047973632812
355.103912353,132.67214965820312,-104.38396453857422
355.303131103,132.81521606445312,-104.60106658935547
355.502349853,132.9614715576172,-104.81597137451172
355.701568603,133.112060546875,-105.02790832519531
355.850982666,133.213623046875,-105.17894744873047
356.050201416,133.35891723632812,-105.39459991455078
356.266021728,133.51498413085938,-105.63426208496094
356.415435791,133.61111450195312,-105.788818359375
356.614654541,133.7477264404297,-106.00358581542969
356.813873291,133.88433837890625,-106.22159576416016
357.013092041,134.02085876464844,-106.43314361572266
357.162506103,134.13406372070312,-106.60108184814453
357.361724853,134.2710723876953,-106.80741882324219
357.560943603,134.41839599609375,-107.01998901367188
357.760162353,134.5640869140625,-107.23204040527344
357.926177978,134.68115234375,-107.3972396850586
358.125396728,134.86764526367188,-107.57745361328125
358.324615478,135.0927276611328,-107.70587158203125
358.474029541,135.26687622070312,-107.75808715820312
358.673248291,135.5184783935547,-107.80461120605469
358.822662353,135.68971252441406,-107.85111999511719
359.021881103,135.6916046142578,-107.85176086425781
359.221099853,135.6916046142578,-107.85176086425781
359.420318603,135.6916046142578,-107.85176086425781
359.636138916,135.6916046142578,-107.85176086425781
359.835357666,135.6916046142578,-107.85176086425781
359.984771728,135.7038116455078,-107.84565734863281
360.183990478,135.71270751953125,-107.82879638671875
360.333404541,135.7262725830078,-107.69696807861328
360.532623291,135.63406372070312,-107.46089935302734
360.632232666,135.5392303466797,-107.37265014648438
360.831451416,135.3019256591797,-107.26890563964844
360.980865478,135.10379028320312,-107.20565032958984
361.080474853,134.9805908203125,-107.16412353515625
361.229888916,134.8157196044922,-107.09092712402344
361.395904541,134.65576171875,-106.96796417236328
361.545318603,134.53643798828125,-106.8066635131836
361.694732666,134.46385192871094,-106.64893341064453
361.844146728,134.40121459960938,-106.4563980102539
361.993560791,134.36001586914062,-106.28899383544922
362.192779541,134.31488037109375,-106.03712463378906
362.342193603,134.27793884277344,-105.83383178710938
362.491607666,134.24151611328125,-105.65831756591797
362.641021728,134.1887969970703,-105.45711517333984
362.790435791,134.1353302001953,-105.28460693359375
362.956451416,134.0669708251953,-105.08960723876953
363.105865478,133.9965362548828,-104.89386749267578
363.255279541,133.93490600585938,-104.72259521484375
363.454498291,133.84983825683594,-104.48125457763672
363.603912353,133.7780303955078,-104.28602600097656
363.753326416,133.7157440185547,-104.117919921875
363.902740478,133.64447021484375,-103.92250061035156
364.052154541,133.5822296142578,-103.75147247314453
364.201568603,133.5117950439453,-103.56302642822266
364.400787353,133.426025390625,-103.32630920410156
364.550201416,133.36813354492188,-103.15665435791016
364.699615478,133.30857849121094,-102.98468017578125
364.849029541,133.23898315429688,-102.7886734008789
365.015045166,133.17015075683594,-102.59239959716797
365.164459228,133.10330200195312,-102.40122985839844
365.313873291,133.04336547851562,-102.2337417602539
365.513092041,132.9536590576172,-101.99555206298828
365.662506103,132.8833465576172,-101.8041763305664
365.811920166,132.8219451904297,-101.6328353881836
365.961334228,132.75326538085938,-101.4422836303711
366.110748291,132.69039916992188,-101.27440643310547
366.260162353,132.6142120361328,-101.08232879638672
366.409576416,132.55007934570312,-100.91639709472656
366.575592041,132.48001098632812,-100.72492218017578
366.725006103,132.4108428955078,-100.53312683105469
366.924224853,132.32073974609375,-100.28927612304688
367.073638916,132.25552368164062,-100.119384765625
367.223052978,132.18280029296875,-99.92452239990234
367.372467041,132.12002563476562,-99.75370025634766
367.521881103,132.04714965820312,-99.55887603759766
367.671295166,131.98292541503906,-99.38858795166016
367.820709228,131.90928649902344,-99.1940689086914
367.970123291,131.8439178466797,-99.02423858642578
368.136138916,131.7711944580078,-98.82935333251953
368.335357666,131.6811981201172,-98.58832550048828
368.484771728,131.6063995361328,-98.39717864990234
368.634185791,131.5419464111328,-98.23430633544922
368.783599853,131.46847534179688,-98.04265594482422
368.982818603,131.3792724609375,-97.80425262451172
369.132232666,131.3168487548828,-97.63765716552734
369.281646728,131.24391174316406,-97.44727325439453
369.431060791,131.17694091796875,-97.27804565429688
369.630279541,131.08151245117188,-97.03913116455078
369.796295166,131.0076446533203,-96.8447036743164
369.945709228,130.9340362548828,-96.65164184570312
370.095123291,130.8717041015625,-96.48502349853516
370.244537353,130.7993621826172,-96.2900161743164
370.443756103,130.709716796875,-96.05327606201172
370.543365478,130.6648406982422,-95.93858337402344
370.692779541,130.60105895996094,-95.77397918701172
370.891998291,130.5100555419922,-95.53482055664062
371.041412353,130.43655395507812,-95.34318542480469
371.190826416,130.37315368652344,-95.17552185058594
371.340240478,130.29737854003906,-94.9818115234375
371.506256103,130.22023010253906,-94.78863525390625
371.655670166,130.1537322998047,-94.62215423583984
371.805084228,130.07737731933594,-94.4316177368164
372.004302978,129.97410583496094,-94.20670318603516
372.153717041,129.87570190429688,-94.05699157714844
372.303131103,129.7471466064453,-93.90423583984375
372.452545166,129.6165008544922,-93.77758026123047
372.601959228,129.46237182617188,-93.64834594726562
372.751373291,129.32078552246094,-93.53399658203125
372.900787353,129.156494140625,-93.40645599365234
373.100006103,128.95254516601562,-93.24964141845703
373.216217041,128.85137939453125,-93.17245483398438
373.415435791,128.64926147460938,-93.01329040527344
373.515045166,128.550537109375,-92.9351806640625
373.664459228,128.39340209960938,-92.81172180175781
373.813873291,128.25921630859375,-92.70561981201172
373.963287353,128.0984344482422,-92.57805633544922
374.112701416,127.9632339477539,-92.46886444091797
374.311920166,127.76245880126953,-92.30366516113281
374.461334228,127.60283660888672,-92.17461395263672
374.610748291,127.4614486694336,-92.06000518798828
374.760162353,127.30110168457031,-91.9318618774414
374.926177978,127.13929748535156,-91.80118560791016
375.075592041,126.99787139892578,-91.6866455078125
375.225006103,126.83846282958984,-91.55305480957031
375.374420166,126.70014190673828,-91.43904113769531
375.523834228,126.5394058227539,-91.30702209472656
375.673248291,126.40098571777344,-91.1952896118164
375.872467041,126.20256042480469,-91.0380859375
376.021881103,126.04015350341797,-90.9148178100586
376.171295166,125.9645004272461,-90.85818481445312
376.320709228,125.80171203613281,-90.733154296875
376.470123291,125.66043090820312,-90.62279510498047
376.636138916,125.50230407714844,-90.50294494628906
376.835357666,125.30171203613281,-90.34626770019531
376.984771728,125.14064025878906,-90.21684265136719
377.134185791,125.00081634521484,-90.10246276855469
377.283599853,124.84256744384766,-89.97605895996094
377.482818603,124.63892364501953,-89.8166275024414
377.632232666,124.49390411376953,-89.70667266845703
377.781646728,124.33072662353516,-89.5821762084961
377.931060791,124.1860580444336,-89.47175598144531
378.130279541,123.98295593261719,-89.31610870361328
378.296295166,123.8187484741211,-89.19068908691406
378.445709228,123.65531921386719,-89.06424713134766
378.595123291,123.51273345947266,-88.95335388183594
378.744537353,123.3487548828125,-88.82762145996094
378.893951416,123.20611572265625,-88.71678924560547
379.043365478,123.04293823242188,-88.59227752685547
379.242584228,122.83584594726562,-88.43962860107422
379.391998291,122.68917083740234,-88.33189392089844
379.541412353,122.52510070800781,-88.20854949951172
379.690826416,122.37962341308594,-88.09918975830078
379.840240478,122.21183776855469,-87.97626495361328
380.006256103,122.04994201660156,-87.85015869140625
380.205474853,121.85875701904297,-87.67408752441406
380.354888916,121.73713684082031,-87.54244232177734
380.504302978,121.60877227783203,-87.38233184814453
380.653717041,121.50399017333984,-87.24026489257812
380.852935791,121.35851287841797,-87.03643035888672
381.002349853,121.2420883178711,-86.87236785888672
381.151763916,121.13741302490234,-86.72515106201172
381.350982666,120.98884582519531,-86.52186584472656
381.500396728,120.86593627929688,-86.36091613769531
381.649810791,120.7538070678711,-86.22105407714844
381.815826416,120.62821960449219,-86.0692138671875
381.965240478,120.49683380126953,-85.90797424316406
382.164459228,120.33570098876953,-85.70394134521484
382.313873291,120.22534942626953,-85.55919647216797
382.463287353,120.10057067871094,-85.39620971679688
382.612701416,119.99288940429688,-85.25293731689453
382.762115478,119.86801147460938,-85.08832550048828
382.961334228,119.71658325195312,-84.88372802734375
383.110748291,119.6085433959961,-84.73728942871094
383.260162353,119.48779296875,-84.57471466064453
383.409576416,119.37397003173828,-84.43273162841797
383.575592041,119.24836730957031,-84.27735900878906
383.774810791,119.08818817138672,-84.0777816772461
383.924224853,118.96283721923828,-83.91695404052734
384.073638916,118.85254669189453,-83.77215576171875
384.223052978,118.7262954711914,-83.60682678222656
384.422271728,118.5708999633789,-83.40178680419922
384.571685791,118.461669921875,-83.25621795654297
384.770904541,118.30397033691406,-83.04949951171875
384.920318603,118.1766357421875,-82.88505554199219
385.086334228,118.04608917236328,-82.72310638427734
385.235748291,117.93504333496094,-82.58065032958984
385.434967041,117.7814712524414,-82.37767791748047
385.584381103,117.65570068359375,-82.21202087402344
385.733795166,117.54247283935547,-82.0695571899414
385.933013916,117.3793716430664,-81.87413024902344
386.032623291,117.29740142822266,-81.77322387695312
386.182037353,117.16754913330078,-81.6107406616211
386.381256103,117.01234436035156,-81.40729522705078
386.530670166,116.90267181396484,-81.26205444335938
386.680084228,116.7736587524414,-81.098876953125
386.846099853,116.64543151855469,-80.93510437011719
386.995513916,116.5327377319336,-80.79747009277344
387.194732666,116.36451721191406,-80.59919738769531
387.344146728,116.23436737060547,-80.44047546386719
387.493560791,116.12049102783203,-80.29850769042969
387.692779541,115.9534683227539,-80.0992660522461
387.842193603,115.8200454711914,-79.94874572753906
387.991607666,115.69949340820312,-79.82171630859375
388.190826416,115.50855255126953,-79.64527130126953
388.340240478,115.35430145263672,-79.51190185546875
388.506256103,115.19742584228516,-79.37742614746094
388.655670166,115.05996704101562,-79.26024627685547
388.805084228,114.90155792236328,-79.12545776367188
389.004302978,114.71150970458984,-78.96238708496094
389.153717041,114.57428741455078,-78.84487915039062
389.303131103,114.41498565673828,-78.71331787109375
389.452545166,114.27837371826172,-78.60369110107422
389.651763916,114.07831573486328,-78.44197845458984
389.801177978,113.92041015625,-78.3151626586914
389.950592041,113.77952575683594,-78.19992065429688
390.149810791,113.5807113647461,-78.04096984863281
390.249420166,113.47966766357422,-77.96136474609375
390.465240478,113.25663757324219,-77.78672790527344
390.614654541,113.11399841308594,-77.67366790771484
390.764068603,112.95315551757812,-77.55060577392578
390.913482666,112.80742645263672,-77.44156646728516
391.062896728,112.64595794677734,-77.31926727294922
391.212310791,112.5013656616211,-77.2087173461914
391.411529541,112.30789184570312,-77.05630493164062
391.560943603,112.14700317382812,-76.92447662353516
391.760162353,111.94677734375,-76.75863647460938
391.926177978,111.7864761352539,-76.62611389160156
392.075592041,111.64350128173828,-76.51350402832031
392.225006103,111.48210906982422,-76.38667297363281
392.374420166,111.33914184570312,-76.27404022216797
392.573638916,111.13302612304688,-76.11556243896484
392.723052978,110.96676635742188,-75.99056243896484
392.872467041,110.82088470458984,-75.88172912597656
393.071685791,110.61454772949219,-75.72807312011719
393.221099853,110.4483642578125,-75.60759735107422
393.370513916,110.30467224121094,-75.50040435791016
393.536529541,110.14039611816406,-75.37963104248047
393.735748291,109.93437957763672,-75.22102355957031
393.885162353,109.76956939697266,-75.09413146972656
394.034576416,109.62578582763672,-74.98706817626953
394.233795166,109.42008972167969,-74.83484649658203
394.383209228,109.25031280517578,-74.71469116210938
394.582427978,109.03738403320312,-74.56548309326172
394.731842041,108.88822174072266,-74.461181640625
394.881256103,108.7213363647461,-74.34168243408203
395.030670166,108.57380676269531,-74.235107421875
395.180084228,108.40454864501953,-74.11421203613281
395.329498291,108.259521484375,-74.00653839111328
395.495513916,108.10250091552734,-73.8744888305664
395.694732666,107.93466186523438,-73.6768569946289
395.844146728,107.84691619873047,-73.4888916015625
395.993560791,107.80750274658203,-73.31147003173828
396.142974853,107.79082489013672,-73.1042251586914
396.292388916,107.79003143310547,-72.92498779296875
396.491607666,107.80046844482422,-72.66931915283203
396.641021728,107.79048156738281,-72.46436309814453
396.840240478,107.75531768798828,-72.20684814453125
396.989654541,107.72319793701172,-72.03048706054688
397.155670166,107.68476867675781,-71.82606506347656
397.354888916,107.64048767089844,-71.58241271972656
397.504302978,107.6246337890625,-71.37786102294922
397.653717041,107.62490844726562,-71.19589233398438
397.852935791,107.63956451416016,-70.9472885131836
398.052154541,107.65955352783203,-70.6962890625
398.201568603,107.6756820678711,-70.49302673339844
398.350982666,107.68636322021484,-70.31135559082031
398.500396728,107.68421936035156,-70.10482025146484
398.649810791,107.6680679321289,-69.92631530761719
398.815826416,107.64382934570312,-69.72250366210938
398.965240478,107.61181640625,-69.51837158203125
399.164459228,107.57697296142578,-69.26348876953125
399.313873291,107.55582427978516,-69.08547973632812
399.463287353,107.53119659423828,-68.88032531738281
399.612701416,107.50665283203125,-68.70275115966797
399.811920166,107.4708480834961,-68.44528198242188
399.961334228,107.46804809570312,-68.24977111816406
400.160552978,107.49580383300781,-68.00372314453125
400.309967041,107.52127075195312,-67.8276596069336
400.475982666,107.54908752441406,-67.62567901611328
400.625396728,107.56566619873047,-67.41838836669922
400.824615478,107.57450866699219,-67.16539001464844
400.974029541,107.57594299316406,-66.98886108398438
401.123443603,107.56687927246094,-66.78521728515625
401.322662353,107.53718566894531,-66.53245544433594
401.472076416,107.51614379882812,-66.35166931152344
401.671295166,107.47746276855469,-66.09459686279297
401.820709228,107.43962097167969,-65.89563751220703
401.970123291,107.40230560302734,-65.7175064086914
402.185943603,107.33763122558594,-65.44737243652344
402.335357666,107.29292297363281,-65.27095794677734
402.484771728,107.27014923095703,-65.07003784179688
402.683990478,107.28839874267578,-64.81641387939453
402.883209228,107.32830810546875,-64.56502532958984
403.032623291,107.35637664794922,-64.38935089111328
403.182037353,107.38229370117188,-64.18303680419922
403.381256103,107.38524627685547,-63.92325973510742
403.530670166,107.37159729003906,-63.74591064453125
403.729888916,107.35379028320312,-63.49338912963867
403.895904541,107.34503173828125,-63.28558349609375
404.095123291,107.33698272705078,-63.025733947753906
404.244537353,107.29178619384766,-62.82364273071289
404.393951416,107.19712829589844,-62.67379379272461
404.593170166,107.01115417480469,-62.49455261230469
404.742584228,106.85394287109375,-62.36259460449219
404.941802978,106.66820526123047,-62.1807861328125
405.091217041,106.56883239746094,-62.064632415771484
405.290435791,106.56883239746094,-62.064632415771484
405.456451416,106.56883239746094,-62.064632415771484
405.655670166,106.56883239746094,-62.064632415771484
405.805084228,106.56883239746094,-62.064632415771484
406.004302978,106.56883239746094,-62.064632415771484
406.153717041,106.56883239746094,-62.064632415771484
406.352935791,106.56883239746094,-62.064632415771484
406.502349853,106.56883239746094,-62.064632415771484
406.701568603,106.56883239746094,-62.064632415771484
406.850982666,106.56883239746094,-62.064632415771484
407.000396728,106.56883239746094,-62.064632415771484
407.216217041,106.56883239746094,-62.064632415771484
407.365631103,106.56883239746094,-62.064632415771484
407.515045166,106.56883239746094,-62.064632415771484
407.664459228,106.56352233886719,-62.05837631225586
407.863677978,106.55340576171875,-62.051544189453125
408.013092041,106.46525573730469,-62.04900360107422
408.162506103,106.27677917480469,-62.11366653442383
408.311920166,106.145751953125,-62.23863220214844
408.461334228,106.05918884277344,-62.426387786865234
408.610748291,106.03376007080078,-62.60625076293945
408.809967041,106.0543212890625,-62.864688873291016
408.926177978,106.08518981933594,-63.017601013183594
409.125396728,106.12297821044922,-63.274658203125
409.274810791,106.12640380859375,-63.456539154052734
409.424224853,106.10527801513672,-63.66053771972656
409.623443603,106.03657531738281,-63.90943908691406
409.772857666,105.96776580810547,-64.06900024414062
409.922271728,105.88097381591797,-64.2550048828125
410.121490478,105.7714614868164,-64.49079895019531
410.270904541,105.69853973388672,-64.65306091308594
410.420318603,105.61641693115234,-64.84416198730469
410.569732666,105.5459976196289,-65.01199340820312
410.735748291,105.46794891357422,-65.20477294921875
410.934967041,105.3749008178711,-65.44168090820312
411.084381103,105.3012466430664,-65.63180541992188
411.283599853,105.20580291748047,-65.87362670898438
411.433013916,105.1364517211914,-66.04188537597656
411.582427978,105.05912780761719,-66.23053741455078
411.731842041,104.99137878417969,-66.3994369506836
411.931060791,104.89555358886719,-66.64110565185547
412.080474853,104.82035064697266,-66.83208465576172
412.229888916,104.75336456298828,-67.00128936767578
412.445709228,104.64647674560547,-67.26653289794922
412.595123291,104.58349609375,-67.43144226074219
412.794342041,104.49224853515625,-67.66613006591797
412.943756103,104.41560363769531,-67.85652923583984
413.093170166,104.34556579589844,-68.0245132446289
413.292388916,104.24309539794922,-68.26344299316406
413.441802978,104.16267395019531,-68.4522933959961
413.641021728,104.06426239013672,-68.69292449951172
413.790435791,103.9969711303711,-68.86200714111328
413.956451416,103.92176818847656,-69.05298614501953
414.105865478,103.84612274169922,-69.24378204345703
414.305084228,103.75188446044922,-69.4802017211914
414.454498291,103.68559265136719,-69.64527130126953
414.603912353,103.60639953613281,-69.83759307861328
414.803131103,103.5093994140625,-70.07437896728516
414.952545166,103.44088745117188,-70.24297332763672
415.151763916,103.34095001220703,-70.48299407958984
415.301177978,103.26164245605469,-70.67083740234375
415.450592041,103.19221496582031,-70.83906555175781
415.649810791,103.09220123291016,-71.07905578613281
415.815826416,103.01338958740234,-71.27153015136719
415.965240478,102.9356918334961,-71.46150207519531
416.114654541,102.86621856689453,-71.62675476074219
416.313873291,102.7691650390625,-71.86204528808594
416.463287353,102.68936920166016,-72.05412292480469
416.612701416,102.61732482910156,-72.22123718261719
416.811920166,102.51783752441406,-72.45404815673828
416.961334228,102.4366455078125,-72.64407348632812
417.160552978,102.33653259277344,-72.87958526611328
417.309967041,102.26740264892578,-73.04499053955078
417.475982666,102.18514251708984,-73.23602294921875
417.625396728,102.10305786132812,-73.42564392089844
417.824615478,101.98947143554688,-73.65789031982422
417.974029541,101.89643096923828,-73.8110122680664
418.173248291,101.72828674316406,-73.99894714355469
418.322662353,101.55049896240234,-74.10578918457031
418.422271728,101.42906188964844,-74.15198516845703
418.621490478,101.17395782470703,-74.19844818115234
418.770904541,100.99614715576172,-74.19867706298828
418.970123291,100.73703002929688,-74.17738342285156
419.086334228,100.5819091796875,-74.16092681884766
419.285552978,100.33284759521484,-74.13490295410156
419.434967041,100.15692138671875,-74.12043762207031
419.584381103,99.94927978515625,-74.10830688476562
419.733795166,99.76738739013672,-74.10199737548828
419.933013916,99.5142593383789,-74.0999526977539
420.082427978,99.3117446899414,-74.1024398803711
420.231842041,99.13248443603516,-74.10470581054688
420.381256103,98.92447662353516,-74.10733032226562
420.580474853,98.66584014892578,-74.110595703125
420.729888916,98.4906997680664,-74.1128158569336
420.895904541,98.28543853759766,-74.11540985107422
421.045318603,98.07743072509766,-74.11803436279297
421.244537353,97.82291412353516,-74.12125396728516
421.393951416,97.64776611328125,-74.12126159667969
421.543365478,97.44257354736328,-74.11642456054688
421.742584228,97.18293762207031,-74.10289764404297
421.891998291,97.00272369384766,-74.09038543701172
422.041412353,96.80203247070312,-74.0764389038086
422.240631103,96.55488586425781,-74.06005859375
422.390045166,96.37716674804688,-74.05221557617188
422.556060791,96.17057800292969,-74.0479965209961
422.705474853,95.96669006347656,-74.04727172851562
422.904693603,95.71903991699219,-74.04650115966797
423.054107666,95.54252624511719,-74.04594421386719
423.203521728,95.34001159667969,-74.04530334472656
423.352935791,95.15800476074219,-74.04471588134766
423.552154541,94.89799499511719,-74.04387664794922
423.701568603,94.69960021972656,-74.04325866699219
423.850982666,94.52583312988281,-74.04271697998047
424.000396728,94.32331848144531,-74.04207611083984
424.149810791,94.14131164550781,-74.04148864746094
424.365631103,93.85667419433594,-74.04302978515625
424.515045166,93.69129180908203,-74.04512023925781
424.664459228,93.48877716064453,-74.04768371582031
424.863677978,93.41388702392578,-74.04862976074219
425.013092041,93.41388702392578,-74.04862976074219
425.212310791,93.41388702392578,-74.04862976074219
425.361724853,93.41388702392578,-74.04862976074219
425.560943603,93.41388702392578,-74.04862976074219
425.710357666,93.41388702392578,-74.04862976074219
425.909576416,93.1828842163086,-74.05154418945312
426.075592041,92.9748764038086,-74.05416870117188
426.225006103,92.77098846435547,-74.05674743652344
426.374420166,92.59447479248047,-74.0589828491211
426.573638916,92.33446502685547,-74.06103515625
426.723052978,92.12920379638672,-74.05976867675781
426.922271728,91.88018035888672,-74.0582275390625
427.071685791,91.70368957519531,-74.06065368652344
427.270904541,91.44445037841797,-74.08014678955078
427.420318603,91.23716735839844,-74.09709930419922
427.586334228,91.03234100341797,-74.11035919189453
427.785552978,90.77526092529297,-74.11967468261719
427.934967041,90.59326934814453,-74.12140655517578
428.084381103,90.38800811767578,-74.1207504272461
428.283599853,90.1403579711914,-74.11997985839844
428.433013916,89.96247100830078,-74.11941528320312
428.582427978,89.75858306884766,-74.11876678466797
428.781646728,89.49857330322266,-74.11792755126953
428.931060791,89.4695816040039,-74.11783599853516
429.080474853,89.4695816040039,-74.11783599853516
429.229888916,89.4695816040039,-74.11783599853516
429.445709228,89.4695816040039,-74.11783599853516
429.595123291,89.4695816040039,-74.11783599853516
429.794342041,89.4695816040039,-74.11783599853516
429.943756103,89.4695816040039,-74.11783599853516
430.142974853,89.24095153808594,-74.11711883544922
430.292388916,89.06169128417969,-74.11654663085938
430.491607666,88.80580139160156,-74.11573028564453
430.641021728,88.59779357910156,-74.11505889892578
430.790435791,88.41716003417969,-74.1144790649414
430.956451416,88.21327209472656,-74.11383056640625
431.105865478,88.00801086425781,-74.11317443847656
431.305084228,87.74937438964844,-74.11234283447266
431.454498291,87.57148742675781,-74.11177825927734
431.653717041,87.31834411621094,-74.11097717285156
431.803131103,87.11170959472656,-74.11031341552734
431.952545166,86.92970275878906,-74.10972595214844
432.101959228,86.72444152832031,-74.10906982421875
432.301177978,86.47404479980469,-74.10828399658203
432.450592041,86.29753112792969,-74.10772705078125
432.600006103,86.09226989746094,-74.10707092285156
432.766021728,85.88426208496094,-74.10639953613281
432.965240478,85.63111877441406,-74.10559844970703
433.114654541,85.45048522949219,-74.10501861572266
433.264068603,85.24247741699219,-74.1043472290039
433.463287353,84.98384094238281,-74.103515625
433.612701416,84.80870056152344,-74.10296630859375
433.762115478,84.60618591308594,-74.10232543945312
433.911529541,84.42692565917969,-74.10175323486328
434.110748291,84.16691589355469,-74.10116577148438
434.260162353,83.96165466308594,-74.10302734375
434.426177978,83.76188659667969,-74.10493469238281
434.625396728,83.50462341308594,-74.10736083984375
434.774810791,83.32261657714844,-74.10906982421875
434.924224853,83.12010192871094,-74.11099243164062
435.123443603,82.86833190917969,-74.11338806152344
435.272857666,82.68769836425781,-74.1150894165039
435.422271728,82.47969818115234,-74.11729431152344
435.571685791,82.30076599121094,-74.12738800048828
435.770904541,82.04889678955078,-74.15284729003906
435.920318603,81.84387969970703,-74.16161346435547
436.136138916,81.58390808105469,-74.15792846679688
436.285552978,81.38567352294922,-74.14950561523438
436.434967041,81.21088409423828,-74.13838195800781
436.584381103,81.00881958007812,-74.12503814697266
436.783599853,80.75718688964844,-74.1192626953125
436.933013916,80.57536315917969,-74.12702178955078
437.082427978,80.36754608154297,-74.13565063476562
437.281646728,80.11630249023438,-74.1521224975586
437.431060791,79.94294738769531,-74.16443634033203
437.630279541,79.68600463867188,-74.17692565917969
437.796295166,79.4780502319336,-74.18112182617188
437.945709228,79.2755355834961,-74.18091583251953
438.095123291,79.0990219116211,-74.18030548095703
438.294342041,78.8390121459961,-74.17938995361328
438.443756103,78.6310043334961,-74.17865753173828
438.593170166,78.45037078857422,-74.17802429199219
438.792388916,78.20134735107422,-74.17716979980469
438.941802978,77.99471282958984,-74.17644500732422
439.141021728,77.73470306396484,-74.17552947998047
439.290435791,77.55818939208984,-74.17491912841797
439.456451416,77.35704803466797,-74.17422485351562
439.605865478,77.15453338623047,-74.17352294921875
439.805084228,76.89452362060547,-74.172607421875
439.954498291,76.71526336669922,-74.17198181152344
440.153717041,76.46212005615234,-74.17110443115234
440.303131103,76.25960540771484,-74.17040252685547
440.452545166,76.07759857177734,-74.16976165771484
440.651763916,75.81758880615234,-74.1688461303711
440.801177978,75.61919403076172,-74.16816711425781
440.950592041,75.44405364990234,-74.16756439208984
441.149810791,75.18953704833984,-74.16667938232422
441.315826416,74.98152923583984,-74.16594696044922
441.465240478,74.8485336303711,-74.16548919677734
441.664459228,74.8485336303711,-74.16548919677734
441.813873291,74.8485336303711,-74.16548919677734
442.013092041,74.8485336303711,-74.16548919677734
442.162506103,74.8485336303711,-74.16548919677734
442.361724853,74.8485336303711,-74.16548919677734
442.511138916,74.8485336303711,-74.16548919677734
442.710357666,74.8485336303711,-74.16548919677734
442.909576416,74.8485336303711,-74.16548919677734
443.075592041,74.8485336303711,-74.16548919677734
443.225006103,74.8485336303711,-74.16548919677734
443.374420166,74.8485336303711,-74.16548919677734
443.523834228,74.85027313232422,-74.17350769042969
443.723052978,74.90669250488281,-74.24976348876953
443.872467041,75.05674743652344,-74.3407211303711
444.071685791,75.29965209960938,-74.37110137939453
444.221099853,75.4982681274414,-74.34131622314453
444.370513916,75.67386627197266,-74.2934799194336
444.586334228,75.94822692871094,-74.22325134277344
444.735748291,76.1220474243164,-74.19263458251953
444.885162353,76.32617950439453,-74.17160034179688
445.034576416,76.508056640625,-74.16575622558594
445.183990478,76.7105712890625,-74.1678466796875
445.383209228,76.95944213867188,-74.17718505859375
445.532623291,77.13435363769531,-74.18647003173828
445.682037353,77.33795928955078,-74.1972885131836
445.881256103,77.59776306152344,-74.2073974609375
446.030670166,77.77974700927734,-74.20983123779297
446.229888916,78.03289031982422,-74.21208190917969
446.395904541,78.2340316772461,-74.21387481689453
446.545318603,78.4420394897461,-74.21570587158203
446.694732666,78.62129974365234,-74.21681213378906
446.844146728,78.81832122802734,-74.21607971191406
447.043365478,79.07283782958984,-74.21511840820312
447.192779541,79.2520980834961,-74.21443939208984
447.342193603,79.4601058959961,-74.2136459350586
447.541412353,79.7146224975586,-74.21268463134766
447.690826416,79.89250946044922,-74.2120132446289
447.840240478,80.09502410888672,-74.21125030517578
448.039459228,80.32903289794922,-74.21035766601562
448.188873291,80.53704071044922,-74.20956420898438
448.354888916,80.7436752319336,-74.20877838134766
448.554107666,81.0036849975586,-74.2077865600586
448.703521728,81.20894622802734,-74.2070083618164
448.852935791,81.38545989990234,-74.20634460449219
449.052154541,81.6372299194336,-74.20539855957031
449.201568603,81.84111785888672,-74.20462799072266
449.350982666,82.02312469482422,-74.20393371582031
449.550201416,82.28313446044922,-74.20294189453125
449.699615478,82.45964813232422,-74.20227813720703
449.849029541,82.65941619873047,-74.20153045654297
450.015045166,82.86467742919922,-74.20075225830078
450.214263916,83.12056732177734,-74.19978332519531
450.363677978,83.32170867919922,-74.19902801513672
450.513092041,83.49959564208984,-74.19835662841797
450.712310791,83.75960540771484,-74.1973648071289
450.861724853,83.96761322021484,-74.19657135009766
451.060943603,84.1545181274414,-74.19586944580078
451.210357666,84.1545181274414,-74.19586944580078
451.376373291,84.1545181274414,-74.19586944580078
451.575592041,84.1545181274414,-74.19586944580078
451.774810791,84.1545181274414,-74.19586944580078
451.924224853,84.24227905273438,-74.1960220336914
452.123443603,84.50228881835938,-74.19754791259766
452.272857666,84.68292236328125,-74.1986083984375
452.472076416,84.93057250976562,-74.20006561279297
452.671295166,85.18646240234375,-74.20156860351562
452.820709228,85.36946105957031,-74.20263671875
453.019927978,85.59797668457031,-74.2039794921875
453.185943603,85.82923889160156,-74.20533752441406
453.335357666,86.00849914550781,-74.20639038085938
453.534576416,86.25752258300781,-74.20785522460938
453.683990478,86.46141052246094,-74.20905303955078
453.883209228,86.72142028808594,-74.21057891845703
454.032623291,86.90068054199219,-74.21163177490234
454.182037353,87.10044860839844,-74.21280670166016
454.381256103,87.35221862792969,-74.21428680419922
454.530670166,87.53010559082031,-74.21533203125
454.729888916,87.79011535644531,-74.21685791015625
454.895904541,87.99812316894531,-74.2179946899414
455.045318603,88.20613098144531,-74.21607208251953
455.244537353,88.46614074707031,-74.21263885498047
455.393951416,88.64402770996094,-74.21028137207031
455.593170166,88.89030456542969,-74.20700073242188
455.692779541,89.01618957519531,-74.20532989501953
455.842193603,89.22282409667969,-74.20259857177734
456.041412353,89.48283386230469,-74.19916534423828
456.240631103,89.71646118164062,-74.19928741455078
456.390045166,89.89572143554688,-74.2003402709961
456.556060791,90.09686279296875,-74.20152282714844
456.705474853,90.3021240234375,-74.20272827148438
456.904693603,90.5621337890625,-74.20425415039062
457.054107666,90.74139404296875,-74.20530700683594
457.203521728,90.93841552734375,-74.20646667480469
457.402740478,91.19293212890625,-74.20796203613281
457.552154541,91.36944580078125,-74.20899963378906
457.751373291,91.62945556640625,-74.21052551269531
457.900787353,91.7364501953125,-74.21115112304688
458.050201416,91.88570404052734,-74.2120132446289
458.216217041,92.0854721069336,-74.21318817138672
458.415435791,92.34136199951172,-74.21469116210938
458.564849853,92.51185607910156,-74.21568298339844
458.764068603,92.51385498046875,-74.2156982421875
458.913482666,92.51385498046875,-74.2156982421875
459.112701416,92.51385498046875,-74.2156982421875
459.262115478,92.51385498046875,-74.2156982421875
459.461334228,92.57634735107422,-74.21604919433594
459.610748291,92.75835418701172,-74.21711730957031
459.809967041,93.01836395263672,-74.21715545654297
459.975982666,93.22362518310547,-74.21576690673828
460.175201416,93.48088836669922,-74.21402740478516
460.324615478,93.68889617919922,-74.2126235961914
460.523834228,93.9420394897461,-74.21090698242188
460.673248291,94.11717987060547,-74.209716796875
460.872467041,94.3730697631836,-74.2079849243164
461.021881103,94.5810775756836,-74.20658111572266
461.221099853,94.83971405029297,-74.204833984375
461.370513916,95.01348114013672,-74.20365142822266
461.569732666,95.26250457763672,-74.20195770263672
461.735748291,95.46776580810547,-74.20056915283203
461.934967041,95.7236557006836,-74.19883728027344
462.084381103,95.92479705810547,-74.19747161865234
462.233795166,96.10543060302734,-74.19625091552734
462.383209228,96.3106918334961,-74.1966552734375
462.582427978,96.5707015991211,-74.19818115234375
462.731842041,96.74446868896484,-74.19920349121094
462.931060791,96.99486541748047,-74.20067596435547
463.080474853,97.20012664794922,-74.2018814086914
463.296295166,97.46013641357422,-74.20340728759766
463.445709228,97.66814422607422,-74.20462799072266
463.644927978,97.92815399169922,-74.2061538696289
463.794342041,98.08515167236328,-74.20706939697266
463.943756103,98.29315948486328,-74.20829010009766
464.142974853,98.54767608642578,-74.20978546142578
464.292388916,98.72693634033203,-74.2108383178711
464.491607666,98.9745864868164,-74.21229553222656
464.641021728,99.17435455322266,-74.21347045898438
464.840240478,99.43436431884766,-74.21499633789062
465.006256103,99.64237213134766,-74.21621704101562
465.155670166,99.82300567626953,-74.21727752685547
465.354888916,100.08301544189453,-74.21591186523438
465.504302978,100.29102325439453,-74.21383666992188
465.703521728,100.54004669189453,-74.21136474609375
465.852935791,100.71244049072266,-74.20965576171875
466.052154541,100.96833038330078,-74.20710754394531
466.201568603,101.17633819580078,-74.20503234863281
466.400787353,101.43085479736328,-74.20249938964844
466.550201416,101.60736846923828,-74.20074462890625
466.716217041,101.80850982666016,-74.19874572753906
466.915435791,102.06851959228516,-74.19762420654297
467.064849853,102.2737808227539,-74.19815826416016
467.264068603,102.5282974243164,-74.19881439208984
467.463287353,102.78693389892578,-74.19949340820312
467.612701416,102.96894073486328,-74.1999740600586
467.811920166,103.20256805419922,-74.20059204101562
467.961334228,103.40508270263672,-74.20111083984375
468.160552978,103.65685272216797,-74.20175170898438
468.260162353,103.77999114990234,-74.20205688476562
468.475982666,104.0317611694336,-74.20269775390625
468.625396728,104.2397689819336,-74.2032470703125
468.824615478,104.49565887451172,-74.20391082763672
468.974029541,104.66942596435547,-74.204345703125
469.173248291,104.92394256591797,-74.20500183105469
469.372467041,105.18395233154297,-74.2056884765625
469.521881103,105.39196014404297,-74.20623779296875
469.721099853,105.6478500366211,-74.20690155029297
469.920318603,105.90648651123047,-74.20758056640625
470.086334228,106.10198974609375,-74.20809936523438
470.285552978,106.24673461914062,-74.2084732055664
470.434967041,106.42599487304688,-74.20893859863281
470.634185791,106.68600463867188,-74.20962524414062
470.783599853,106.89401245117188,-74.21017456054688
470.982818603,107.14578247070312,-74.2108154296875
471.132232666,107.32229614257812,-74.21126556396484
471.331451416,107.58230590820312,-74.21195220947266
471.480865478,107.79031372070312,-74.2125015258789
471.680084228,108.03933715820312,-74.21312713623047
471.846099853,108.23910522460938,-74.21363067626953
472.045318603,108.49774169921875,-74.21430969238281
472.244537353,108.75637817382812,-74.2149887084961
472.393951416,108.92877197265625,-74.21541595458984
472.593170166,109.18187713623047,-74.22042083740234
472.792388916,109.4389419555664,-74.23025512695312
472.941802978,109.64688873291016,-74.22620391845703
473.141021728,109.78163146972656,-74.218017578125
473.340240478,110.03591918945312,-74.18954467773438
473.489654541,110.21391296386719,-74.16826629638672
473.705474853,110.49187469482422,-74.14268493652344
473.854888916,110.66804504394531,-74.13143920898438
474.054107666,110.9223861694336,-74.12212371826172
474.253326416,111.18238067626953,-74.1207504272461
474.402740478,111.39033508300781,-74.12531280517578
474.601959228,111.64889526367188,-74.13252258300781
474.801177978,111.90882873535156,-74.1397705078125
474.950592041,112.09078216552734,-74.14484405517578
475.149810791,112.34387969970703,-74.15071868896484
475.315826416,112.54227447509766,-74.15311431884766
475.465240478,112.75028228759766,-74.15553283691406
475.664459228,113.01029205322266,-74.15416717529297
475.863677978,113.26068878173828,-74.15167999267578
476.013092041,113.3983383178711,-74.15030670166016
476.212310791,113.6583480834961,-74.14771270751953
476.411529541,113.90462493896484,-74.14527130126953
476.610748291,114.15364837646484,-74.1427993774414
476.760162353,114.36028289794922,-74.14073944091797
476.926177978,114.56829071044922,-74.13866424560547
477.125396728,114.82006072998047,-74.13813018798828
477.324615478,115.07732391357422,-74.13964080810547
477.474029541,115.25933074951172,-74.14070892333984
477.673248291,115.5179672241211,-74.14222717285156
477.872467041,115.76973724365234,-74.14370727539062
478.021881103,115.97362518310547,-74.14490509033203
478.221099853,116.22814178466797,-74.14640045166016
478.420318603,116.48815155029297,-74.1479263305664
478.569732666,116.66741180419922,-74.14897918701172
478.785552978,116.9354248046875,-74.15055084228516
478.984771728,116.95092010498047,-74.15064239501953
479.134185791,116.95092010498047,-74.15064239501953
479.333404541,116.95092010498047,-74.15064239501953
479.532623291,116.95092010498047,-74.15064239501953
479.682037353,116.95092010498047,-74.15064239501953
479.831451416,116.97591400146484,-74.15082550048828
480.030670166,117.23145294189453,-74.15758514404297
480.180084228,117.4391860961914,-74.16804504394531
480.395904541,117.69723510742188,-74.1855697631836
480.545318603,117.90068817138672,-74.1990966796875
480.694732666,118.08248901367188,-74.20761108398438
480.893951416,118.3424301147461,-74.21279907226562
481.093170166,118.59014892578125,-74.21273040771484
481.242584228,118.79405975341797,-74.21260833740234
481.441802978,119.03610229492188,-74.21246337890625
481.641021728,119.29611206054688,-74.21231079101562
481.790435791,119.47811889648438,-74.21220397949219
482.006256103,119.75047302246094,-74.2120361328125
482.155670166,119.92838287353516,-74.21192932128906
482.354888916,120.18839263916016,-74.21177673339844
482.554107666,120.44430541992188,-74.21162414550781
482.703521728,120.6454849243164,-74.21150207519531
482.902740478,120.90003204345703,-74.21134948730469
483.101959228,121.09752655029297,-74.21123504638672
483.251373291,121.09852600097656,-74.21123504638672
483.450592041,121.09852600097656,-74.21123504638672
483.649810791,121.09852600097656,-74.21123504638672
483.865631103,121.09852600097656,-74.21123504638672
484.064849853,121.09852600097656,-74.21123504638672
484.264068603,121.09852600097656,-74.21123504638672
484.413482666,121.13602447509766,-74.21121215820312
484.562896728,121.34203338623047,-74.21109008789062
484.762115478,121.59521484375,-74.2109375
484.961334228,121.84976196289062,-74.21078491210938
485.160552978,122.10567474365234,-74.21063232421875
485.309967041,122.28768157958984,-74.21052551269531
485.525787353,122.57096099853516,-74.21035766601562
485.675201416,122.74887084960938,-74.21025085449219
485.874420166,123.00888061523438,-74.21009826660156
486.023834228,123.21415710449219,-74.20997619628906
486.223052978,123.46597290039062,-74.20982360839844
486.422271728,123.71778869628906,-74.20967102050781
486.621490478,123.97779846191406,-74.20951843261719
486.820709228,124.23507690429688,-74.20936584472656
486.970123291,124.41162109375,-74.20925903320312
487.136138916,124.61280059814453,-74.20913696289062
487.335357666,124.87281036376953,-74.208984375
487.534576416,125.12872314453125,-74.20883178710938
487.733795166,125.38053894042969,-74.20867919921875
487.883209228,125.5858154296875,-74.20855712890625
488.082427978,125.8458251953125,-74.20840454101562
488.281646728,126.10173797607422,-74.208251953125
488.480865478,126.35218811035156,-74.20809936523438
488.630279541,126.53146362304688,-74.20799255371094
488.796295166,126.73947143554688,-74.20787048339844
488.995513916,126.9926528930664,-74.20771789550781
489.144927978,127.19656372070312,-74.20759582519531
489.344146728,127.45657348632812,-74.20744323730469
489.543365478,127.7040786743164,-74.2072982788086
489.692779541,127.88471984863281,-74.20719146728516
489.891998291,128.13514709472656,-74.20703887939453
490.091217041,128.38829040527344,-74.2068862915039
490.240631103,128.59629821777344,-74.2067642211914
490.456451416,128.85081481933594,-74.20661163330078
490.655670166,129.10389709472656,-74.2028579711914
490.805084228,129.3038330078125,-74.18171691894531
491.004302978,129.5558319091797,-74.1190414428711
491.203521728,129.78468322753906,-74.00892639160156
491.352935791,129.92869567871094,-73.89801025390625
491.552154541,130.0797119140625,-73.6963882446289
491.751373291,130.1558380126953,-73.45866394042969
491.900787353,130.18272399902344,-73.25249481201172
492.100006103,130.19432067871094,-72.9927978515625
492.266021728,130.20236206054688,-72.78632354736328
492.415435791,130.20616149902344,-72.7179183959961
492.614654541,130.20616149902344,-72.7179183959961
492.764068603,130.20616149902344,-72.7179183959961
492.913482666,130.20616149902344,-72.7179183959961
493.062896728,130.20616149902344,-72.7179183959961
493.262115478,130.20616149902344,-72.7179183959961
493.411529541,130.20896911621094,-72.6679916381836
493.560943603,130.22080993652344,-72.46234130859375
493.760162353,130.24147033691406,-72.20454406738281
493.909576416,130.26004028320312,-72.0303726196289
494.075592041,130.28269958496094,-71.82637023925781
494.274810791,130.30487060546875,-71.570068359375
494.424224853,130.31678771972656,-71.36516571044922
494.623443603,130.31826782226562,-71.10665130615234
494.772857666,130.3046417236328,-70.92794036865234
494.972076416,130.2725372314453,-70.67132568359375
495.121490478,130.2513427734375,-70.4671630859375
495.320709228,130.23231506347656,-70.21336364746094
495.519927978,130.2222900390625,-69.99054718017578
495.636138916,130.21896362304688,-69.83458709716797
495.835357666,130.21994018554688,-69.5787124633789
496.034576416,130.2283935546875,-69.32706451416016
496.183990478,130.23655700683594,-69.12333679199219
496.383209228,130.2464599609375,-68.86353302001953
496.532623291,130.2498321533203,-68.68156433105469
496.731842041,130.2527618408203,-68.43254089355469
496.881256103,130.25506591796875,-68.23002624511719
497.080474853,130.25514221191406,-67.9727554321289
497.229888916,130.25503540039062,-67.7907485961914
497.445709228,130.25486755371094,-67.50883483886719
497.595123291,130.2547607421875,-67.32819366455078
497.744537353,130.24769592285156,-67.12036895751953
497.943756103,130.2215576171875,-66.86309051513672
498.093170166,130.1970977783203,-66.68689727783203
498.292388916,130.1457061767578,-66.44190979003906
498.441802978,130.13427734375,-66.40098571777344
498.591217041,130.1271514892578,-66.37702178955078
498.790435791,130.0299835205078,-66.14746856689453
498.956451416,129.97621154785156,-66.06539916992188
499.105865478,129.9533233642578,-66.03569793701172
499.255279541,129.8351593017578,-65.90185546875
499.454498291,129.64173889160156,-65.73471069335938
499.603912353,129.47793579101562,-65.61801147460938
499.753326416,129.3302764892578,-65.513916015625
499.902740478,129.16664123535156,-65.39929962158203
500.101959228,128.96371459960938,-65.24803161621094
500.251373291,128.8241729736328,-65.1355209350586
500.400787353,128.66624450683594,-65.00440979003906
500.600006103,128.46646118164062,-64.8380355834961
500.749420166,128.3334503173828,-64.73051452636719
500.915435791,128.1785888671875,-64.60645294189453
501.064849853,128.0145721435547,-64.47859954833984
501.264068603,127.80958557128906,-64.31867980957031
501.413482666,127.66535186767578,-64.20769500732422
501.562896728,127.50129699707031,-64.07984161376953
501.712310791,127.35967254638672,-63.96995162963867
501.861724853,127.19683074951172,-63.840538024902344
502.011138916,127.05815124511719,-63.73131561279297
502.210357666,127.01589965820312,-63.69768142700195
502.309967041,127.01589965820312,-63.69768142700195
502.525787353,127.01589965820312,-63.69768142700195
502.675201416,127.01589965820312,-63.69768142700195
502.824615478,127.01589965820312,-63.69768142700195
502.974029541,127.01589965820312,-63.69768142700195
503.173248291,127.01589965820312,-63.69768142700195
503.322662353,127.01589965820312,-63.69768142700195
503.472076416,126.99636840820312,-63.68207931518555
503.671295166,126.79583740234375,-63.52193832397461
503.820709228,126.63327026367188,-63.39439392089844
503.970123291,126.49105834960938,-63.28081512451172
504.185943603,126.27665710449219,-63.112937927246094
504.335357666,126.13172149658203,-63.00285720825195
504.484771728,125.96855926513672,-62.87607192993164
504.683990478,125.7671127319336,-62.718265533447266
504.833404541,125.62480163574219,-62.60481643676758
505.032623291,125.42341613769531,-62.444705963134766
505.182037353,125.26333618164062,-62.31841278076172
505.381256103,125.06016540527344,-62.15617370605469
505.530670166,124.92171478271484,-62.04447937011719
505.680084228,124.759765625,-61.91397476196289
505.846099853,124.60004425048828,-61.785064697265625
505.995513916,124.45857238769531,-61.670589447021484
506.194732666,124.26283264160156,-61.51222610473633
506.344146728,124.1003189086914,-61.38242721557617
506.493560791,123.95915985107422,-61.27642059326172
506.692779541,123.75373840332031,-61.12615203857422
506.842193603,123.5893325805664,-61.00790023803711
506.991607666,123.44722747802734,-60.9078483581543
507.141021728,123.2851791381836,-60.786380767822266
507.340240478,123.08442687988281,-60.63215255737305
507.506256103,122.91936492919922,-60.507835388183594
507.655670166,122.77462005615234,-60.397483825683594
507.854888916,122.56694030761719,-60.241065979003906
508.004302978,122.39957427978516,-60.117576599121094
508.103912353,122.29451751708984,-60.041015625
508.253326416,122.14799499511719,-59.9330940246582
508.402740478,121.99723052978516,-59.79020309448242
508.601959228,121.86565399169922,-59.58010482788086
508.751373291,121.8202133178711,-59.42399215698242
508.950592041,121.80107879638672,-59.172019958496094
509.100006103,121.8157730102539,-58.974220275878906
509.266021728,121.8430404663086,-58.76801300048828
509.465240478,121.8775405883789,-58.51997375488281
509.614654541,121.8978042602539,-58.34599685668945
509.813873291,121.91532897949219,-58.08940505981445
509.963287353,121.92010498046875,-57.881465911865234
510.162506103,121.9198226928711,-57.683963775634766
510.311920166,121.91837310791016,-57.542205810546875
510.511138916,121.91570281982422,-57.28223419189453
510.660552978,121.91364288330078,-57.081085205078125
510.809967041,121.91180419921875,-56.90183639526367
511.025787353,121.90889739990234,-56.61859893798828
511.175201416,121.90681457519531,-56.439353942871094
511.374420166,121.89370727539062,-56.22981262207031
511.523834228,121.89361572265625,-56.228816986083984
511.723052978,121.89361572265625,-56.228816986083984
511.872467041,121.8912353515625,-56.20392990112305
512.071655273,121.8912353515625,-56.20392990112305
512.270874023,121.8912353515625,-56.20392990112305
512.470092773,121.8912353515625,-56.20392990112305
512.636108398,121.8912353515625,-56.20392990112305
512.785522460,121.88885498046875,-56.17904281616211
512.984741210,121.86593627929688,-55.93836212158203
513.183959960,121.84693908691406,-55.68456268310547
513.383178710,121.83589935302734,-55.428916931152344
513.582397460,121.83284759521484,-55.1689453125
513.731811523,121.83302307128906,-55.138946533203125
513.931030273,121.834228515625,-54.921810150146484
514.130249023,121.83566284179688,-54.6645393371582
514.279663085,121.83626556396484,-54.55753707885742
514.495483398,121.83626556396484,-54.55753707885742
514.644897460,121.83626556396484,-54.55753707885742
514.844116210,121.83626556396484,-54.55753707885742
514.993530273,121.83626556396484,-54.55753707885742
515.242553710,121.83626556396484,-54.55753707885742
515.391967773,121.83626556396484,-54.55753707885742
515.591186523,121.83626556396484,-54.55753707885742
515.740600585,121.83626556396484,-54.55753707885742
515.939819335,121.83626556396484,-54.55753707885742
516.105834960,121.83626556396484,-54.55753707885742
516.305053710,121.83626556396484,-54.55753707885742
516.504272460,121.83660888671875,-54.49503707885742
516.703491210,121.8380355834961,-54.23876953125
516.852905273,121.83905029296875,-54.0567626953125
517.052124023,121.84049987792969,-53.7967529296875
517.251342773,121.84626770019531,-53.5450439453125
517.400756835,121.85172271728516,-53.42603302001953
517.550170898,121.8614730834961,-53.263668060302734
517.765991210,121.8838882446289,-52.982669830322266
517.965209960,121.90231323242188,-52.72332763671875
518.164428710,121.92889404296875,-52.46477508544922
518.313842773,121.9682388305664,-52.29001235961914
518.513061523,122.05714416503906,-52.07733917236328
518.712280273,122.2007827758789,-51.8712158203125
518.911499023,122.38973999023438,-51.69721603393555
519.110717773,122.60050201416016,-51.55221176147461
519.260131835,122.77503204345703,-51.439048767089844
519.475952148,122.98729705810547,-51.2889289855957
519.625366210,123.14811706542969,-51.17041015625
519.824584960,123.34870910644531,-51.01373291015625
520.023803710,123.54741668701172,-50.856868743896484
520.173217773,123.68739318847656,-50.74055480957031
520.372436523,123.88359832763672,-50.574180603027344
520.521850585,124.04253387451172,-50.44001770019531
520.721069335,124.2339096069336,-50.276397705078125
520.870483398,124.37001037597656,-50.161842346191406
521.069702148,124.5676498413086,-50.00145721435547
521.235717773,124.73121643066406,-49.87295150756836
521.434936523,124.92948913574219,-49.715538024902344
521.634155273,125.12894439697266,-49.55522918701172
521.833374023,125.32150268554688,-49.39299392700195
522.032592773,125.49667358398438,-49.24681854248047
522.182006835,125.50868225097656,-49.23701095581055
522.381225585,125.6846923828125,-49.09067916870117
522.580444335,125.87393951416016,-48.93983459472656
522.729858398,125.87708282470703,-48.93736267089844
522.945678710,126.05534362792969,-48.80044174194336
523.144897460,126.25878143310547,-48.64293670654297
523.344116210,126.3233642578125,-48.594032287597656
523.543334960,126.51969909667969,-48.44999694824219
523.692749023,126.66204071044922,-48.34330749511719
523.891967773,126.69602966308594,-48.31779098510742
524.041381835,126.81245422363281,-48.22840118408203
524.240600585,127.01519012451172,-48.065635681152344
524.390014648,127.09832763671875,-47.9990119934082
524.605834960,127.26885986328125,-47.86402130126953
524.805053710,127.46684265136719,-47.70627975463867
525.004272460,127.66804504394531,-47.54597473144531
525.153686523,127.80585479736328,-47.4378662109375
525.352905273,128.01036071777344,-47.281803131103516
525.552124023,128.21365356445312,-47.128665924072266
525.751342773,128.4150848388672,-46.9730339050293
525.900756835,128.57774353027344,-46.84560775756836
526.116577148,128.7782440185547,-46.6888542175293
526.265991210,128.94046020507812,-46.56085968017578
526.465209960,129.1418914794922,-46.407535552978516
526.664428710,129.35089111328125,-46.25287628173828
526.863647460,129.55795288085938,-46.1048698425293
527.013061523,129.70199584960938,-46.000465393066406
527.212280273,129.8964080810547,-45.83244323730469
527.411499023,130.0390167236328,-45.64414978027344
527.560913085,130.1188507080078,-45.45552062988281
527.760131835,130.1493682861328,-45.20254898071289
527.909545898,130.1453857421875,-45.14166259765625
528.125366210,130.1453857421875,-45.14166259765625
528.324584960,130.1453857421875,-45.14166259765625
528.473999023,130.14266967773438,-45.1168098449707
528.673217773,130.11965942382812,-44.860595703125
528.822631835,130.10740661621094,-44.66118240356445
529.021850585,130.09902954101562,-44.40679931640625
529.221069335,130.09869384765625,-44.150909423828125
529.370483398,130.1033172607422,-43.968971252441406
529.586303710,130.11410522460938,-43.685909271240234
529.785522460,130.12384033203125,-43.430198669433594
529.934936523,130.12953186035156,-43.248287200927734
530.134155273,130.1324920654297,-42.995147705078125
530.333374023,130.1349334716797,-42.74473571777344
530.432983398,130.1361541748047,-42.61748123168945
530.632202148,130.1354522705078,-42.35749053955078
530.781616210,130.1334991455078,-42.149513244628906
530.980834960,130.1311798095703,-41.90046691894531
531.180053710,130.12911987304688,-41.67778778076172
531.346069335,130.12808227539062,-41.5667610168457
531.545288085,130.12570190429688,-41.312252044677734
531.694702148,130.12405395507812,-41.13573455810547
531.893920898,130.1226806640625,-40.988243103027344
532.093139648,130.1202392578125,-40.728271484375
532.242553710,130.11831665039062,-40.52302551269531
532.441772460,130.11744689941406,-40.27260208129883
532.640991210,130.11825561523438,-40.022178649902344
532.840209960,130.11917114257812,-39.762168884277344
532.939819335,130.11953735351562,-39.658164978027344
533.105834960,130.120361328125,-39.424156188964844
533.305053710,130.1212615966797,-39.1655158996582
533.504272460,130.12216186523438,-38.90687561035156
533.653686523,130.1227264404297,-38.73171615600586
533.852905273,130.12359619140625,-38.47581481933594
534.052124023,130.12451171875,-38.21580505371094
534.251342773,130.12539672851562,-37.958534240722656
534.400756835,130.1260223388672,-37.76011276245117
534.599975585,130.1267852783203,-37.53158187866211
534.765991210,130.12753295898438,-37.304420471191406
534.965209960,130.12843322753906,-37.045780181884766
535.164428710,130.12925720214844,-36.79398727416992
535.313842773,130.12985229492188,-36.6160888671875
535.463256835,130.13058471679688,-36.4080810546875
535.612670898,130.1312255859375,-36.22607421875
535.811889648,130.13206481933594,-35.9729118347168
536.011108398,130.1328887939453,-35.72111892700195
536.210327148,130.1337890625,-35.46247863769531
536.376342773,130.134521484375,-35.25447082519531
536.525756835,130.13522338867188,-35.04920196533203
536.724975585,130.13612365722656,-34.79056167602539
536.924194335,130.1370391845703,-34.53055191040039
537.073608398,130.13722229003906,-34.474552154541016
537.272827148,130.13722229003906,-34.474552154541016
537.472045898,130.13722229003906,-34.474552154541016
537.621459960,130.13722229003906,-34.474552154541016
537.820678710,130.13722229003906,-34.474552154541016
537.970092773,130.13722229003906,-34.474552154541016
