timestamp_sec,x,y
2.124800443,77.0999984741211,-6.199999809265137
2.323999166,77.0999984741211,-6.199999809265137
2.523197889,77.0999984741211,-6.199999809265137
2.722396612,77.0999984741211,-6.199999809265137
2.921595335,77.0999984741211,-6.199999809265137
3.120794057,77.0999984741211,-6.199999809265137
3.270193099,77.0999984741211,-6.199999809265137
3.485991716,77.0999984741211,-6.199999809265137
3.685190439,77.0999984741211,-6.199999809265137
3.834589481,77.0999984741211,-6.199999809265137
4.033788681,77.0999984741211,-6.199999809265137
4.232990264,77.0999984741211,-6.199999809265137
4.432191848,77.0999984741211,-6.199999809265137
4.581593036,77.0999984741211,-6.199999809265137
4.780794620,77.0999984741211,-6.199999809265137
4.996596336,77.0999984741211,-6.199999809265137
5.145997524,77.0999984741211,-6.199999809265137
5.345199108,77.0999984741211,-6.199999809265137
5.544400691,77.0999984741211,-6.199999809265137
5.693801879,77.0999984741211,-6.199999809265137
5.893003463,77.0999984741211,-6.199999809265137
6.092205047,77.0999984741211,-6.199999809265137
6.291406631,77.0999984741211,-6.199999809265137
6.440807819,77.0999984741211,-6.199999809265137
6.640009403,77.0999984741211,-6.199999809265137
6.806010723,77.0999984741211,-6.199999809265137
7.005212306,77.0999984741211,-6.199999809265137
7.154613494,77.0999984741211,-6.199999809265137
7.353815078,77.0999984741211,-6.199999809265137
7.553016662,77.0999984741211,-6.199999809265137
7.702417850,77.0999984741211,-6.199999809265137
7.901619434,77.0999984741211,-6.199999809265137
8.051018714,77.0999984741211,-6.199999809265137
8.250214576,77.0999984741211,-6.199999809265137
8.416211128,77.0999984741211,-6.199999809265137
8.565608024,77.0999984741211,-6.199999809265137
8.764803886,77.0999984741211,-6.199999809265137
8.914200782,77.0999984741211,-6.199999809265137
9.113396644,77.0999984741211,-6.199999809265137
9.262793540,77.0999984741211,-6.199999809265137
9.461989402,77.0999984741211,-6.199999809265137
9.661185264,77.0999984741211,-6.199999809265137
9.810582160,77.0999984741211,-6.199999809265137
9.976578712,77.0999984741211,-6.199999809265137
10.175774574,77.0999984741211,-6.199999809265137
10.275372505,77.0999984741211,-6.199999809265137
10.474568367,77.0999984741211,-6.199999809265137
10.623965263,77.0999984741211,-6.199999809265137
10.823161125,77.0999984741211,-6.199999809265137
10.972558021,77.0999984741211,-6.199999809265137
11.171753883,77.0999984741211,-6.199999809265137
11.321150779,77.0999984741211,-6.199999809265137
11.520346641,77.0999984741211,-6.199999809265137
11.686343193,77.0999984741211,-6.199999809265137
11.885539054,77.0999984741211,-6.199999809265137
12.034935951,77.0999984741211,-6.199999809265137
12.184332847,77.0999984741211,-6.199999809265137
12.383528709,77.0999984741211,-6.199999809265137
12.532925605,77.0999984741211,-6.199999809265137
12.682322502,77.0999984741211,-6.199999809265137
12.881518363,77.0999984741211,-6.199999809265137
13.030915260,77.0999984741211,-6.199999809265137
13.230111122,77.0999984741211,-6.199999809265137
13.396107673,77.0999984741211,-6.199999809265137
13.545504570,77.0999984741211,-6.199999809265137
13.744700431,77.0999984741211,-6.199999809265137
13.894097328,77.0999984741211,-6.199999809265137
14.093293190,77.0999984741211,-6.199999809265137
14.242690086,77.0999984741211,-6.199999809265137
14.441885948,77.0999984741211,-6.199999809265137
14.591282844,77.0999984741211,-6.199999809265137
14.790478706,77.0999984741211,-6.199999809265137
14.939875602,77.0999984741211,-6.199999809265137
15.105872154,77.0999984741211,-6.199999809265137
15.305068016,77.0999984741211,-6.199999809265137
15.454464912,77.0999984741211,-6.199999809265137
15.653660774,77.0999984741211,-6.199999809265137
15.803057670,77.0999984741211,-6.199999809265137
16.002254486,77.06246185302734,-6.212940216064453
16.201450347,76.8272705078125,-6.1906819343566895
16.400646209,76.62071228027344,-6.037404537200928
16.616441726,76.49957275390625,-5.822423458099365
16.815637588,76.40184783935547,-5.590405464172363
17.064632415,76.24166107177734,-5.297790050506592
17.214029312,76.1347427368164,-5.150545597076416
17.463024139,76.10004425048828,-5.107871055603027
17.662220001,76.10004425048828,-5.107871055603027
17.861415863,76.10004425048828,-5.107871055603027
18.110410690,76.10004425048828,-5.107871055603027
18.326206207,76.10004425048828,-5.107871055603027
18.525402069,76.10004425048828,-5.107871055603027
18.724597930,76.10004425048828,-5.107871055603027
18.923793792,75.97779083251953,-5.097026824951172
19.122989654,75.75208282470703,-5.186206817626953
19.322185516,75.6053237915039,-5.3965582847595215
19.471582412,75.56716918945312,-5.574131965637207
19.620979309,75.5524673461914,-5.781530380249023
19.820175170,75.56007385253906,-6.041284561157227
19.986171722,75.5761947631836,-6.243165493011475
20.135568618,75.5837631225586,-6.4235968589782715
20.334764480,75.55661010742188,-6.681666374206543
20.484161376,75.5002670288086,-6.881747245788574
20.683357238,75.39664459228516,-7.120008945465088
20.882553100,75.27667999267578,-7.350668430328369
21.081748962,75.15019989013672,-7.5778350830078125
21.231145858,75.06179809570312,-7.735361099243164
21.430341720,74.9428482055664,-7.958821773529053
21.646137237,74.81693267822266,-8.215594291687012
21.795534133,74.74112701416016,-8.376530647277832
21.994729995,74.63085174560547,-8.6104736328125
22.144126892,74.5608901977539,-8.76595401763916
22.343322753,74.5600814819336,-8.767781257629395
22.542518615,74.5600814819336,-8.767781257629395
22.691915512,74.5600814819336,-8.767781257629395
22.891111373,74.5600814819336,-8.767781257629395
23.040508270,74.55004119873047,-8.79067611694336
23.256303787,74.48210144042969,-9.016263961791992
23.405700683,74.478515625,-9.223684310913086
23.604896545,74.53035736083984,-9.475186347961426
23.754293441,74.59224700927734,-9.643349647521973
23.953489303,74.68899536132812,-9.878765106201172
24.102886199,74.76004028320312,-10.065489768981934
24.302082061,74.84192657470703,-10.305025100708008
24.451478958,74.89323425292969,-10.47678279876709
24.650674819,74.95735168457031,-10.724491119384766
24.800071716,75.00233459472656,-10.921956062316895
24.916269302,75.0299072265625,-11.048995018005371
25.115465164,75.08346557617188,-11.30341625213623
25.314661026,75.13739013671875,-11.554960250854492
25.464057922,75.18338775634766,-11.750783920288086
25.663253784,75.2449722290039,-11.997751235961914
25.812650680,75.29059600830078,-12.171107292175293
25.962047576,75.34664154052734,-12.371407508850098
26.161243438,75.41715240478516,-12.621659278869629
26.310640335,75.46697235107422,-12.79670238494873
26.509836196,75.53289031982422,-13.045365333557129
26.675832748,75.58411407470703,-13.246955871582031
26.825229644,75.63602447509766,-13.446954727172852
27.024425506,75.7021713256836,-13.695564270019531
27.173822402,75.74749755859375,-13.868998527526855
27.323219299,75.7989501953125,-14.070528984069824
27.522415161,75.862548828125,-14.321220397949219
27.671812057,75.9095230102539,-14.497048377990723
27.871007919,75.98052215576172,-14.74003791809082
28.070203781,76.05142974853516,-14.975923538208008
28.236200332,76.10528564453125,-15.165471076965332
28.435396194,76.17008209228516,-15.411605834960938
28.584793090,76.22049713134766,-15.611993789672852
28.783988952,76.28340148925781,-15.864269256591797
28.983184814,76.34780883789062,-16.116159439086914
29.132581710,76.39620208740234,-16.28876495361328
29.331777572,76.4661636352539,-16.532066345214844
29.481174468,76.5234146118164,-16.72490119934082
29.680370330,76.59620666503906,-16.97022247314453
29.846366882,76.65252685546875,-17.16902732849121
29.995763778,76.70037841796875,-17.340364456176758
30.194959640,76.7684326171875,-17.591297149658203
30.344356536,76.82298278808594,-17.79201316833496
30.543552398,76.88945770263672,-18.040538787841797
30.692949295,76.93586730957031,-18.216524124145508
30.892145156,77.00146484375,-18.459613800048828
31.041542053,77.05691528320312,-18.65155029296875
31.240737915,77.12834930419922,-18.89442253112793
31.439933776,77.1917724609375,-19.1168155670166
31.605930328,77.25302124023438,-19.33413314819336
31.805126190,77.32263946533203,-19.584627151489258
31.954523086,77.34075164794922,-19.650691986083984
32.153736114,77.34075164794922,-19.650691986083984
32.352954864,77.34075164794922,-19.650691986083984
32.502368927,77.34075164794922,-19.650691986083984
32.701587677,77.34075164794922,-19.650691986083984
32.900806427,77.34075164794922,-19.650691986083984
33.100025177,77.34439086914062,-19.6525936126709
33.315845489,77.52136993408203,-19.674400329589844
33.515064239,77.75299835205078,-19.5681209564209
33.714282989,77.89114379882812,-19.354171752929688
33.963306427,77.93421936035156,-19.020648956298828
34.162525177,77.91819763183594,-18.76116943359375
34.411548614,77.89434814453125,-18.45283317565918
34.610767364,77.8873519897461,-18.198572158813477
34.809986114,77.91895294189453,-17.94489860534668
35.075611114,78.01679992675781,-17.630491256713867
35.274829864,78.12152862548828,-17.392534255981445
35.523853302,78.26292419433594,-17.099159240722656
35.723072052,78.38026428222656,-16.86713218688965
35.922290802,78.4926528930664,-16.63877296447754
36.121509552,78.60275268554688,-16.403240203857422
36.320728302,78.71278381347656,-16.167675018310547
36.536548614,78.81562805175781,-15.933363914489746
36.785572052,78.95254516601562,-15.624340057373047
36.984790802,79.05079650878906,-15.389556884765625
37.184009552,79.15152740478516,-15.151358604431152
37.383228302,79.25505828857422,-14.912857055664062
37.632251739,79.38509368896484,-14.632267951965332
37.831470489,79.49177551269531,-14.399680137634277
38.030689239,79.59427642822266,-14.163717269897461
38.229907989,79.70170593261719,-13.926949501037598
38.445728302,79.8150863647461,-13.667411804199219
38.694751739,79.90473175048828,-13.369010925292969
38.893970489,79.93548583984375,-13.115234375
39.093189239,79.93473815917969,-12.863537788391113
39.292407989,79.91991424560547,-12.60944938659668
39.491626739,79.90624237060547,-12.34981918334961
39.690845489,79.90061950683594,-12.095366477966309
39.840259552,79.8996810913086,-11.894208908081055
40.056079864,79.89849090576172,-11.63968276977539
40.255298614,79.89727020263672,-11.379682540893555
40.454517364,79.89618682861328,-11.130630493164062
40.653736114,79.89741516113281,-10.874741554260254
40.852954864,79.91429901123047,-10.61819076538086
41.052173614,79.96968078613281,-10.375782012939453
41.251392364,80.08189392089844,-10.145143508911133
41.450611114,80.26643371582031,-9.966512680053711
41.649829864,80.506103515625,-9.873146057128906
41.865650177,80.78662109375,-9.858705520629883
42.015064239,80.96426391601562,-9.882325172424316
42.214282989,81.21429443359375,-9.93001651763916
42.413501739,81.45938873291016,-9.974205017089844
42.612720489,81.71115112304688,-9.999699592590332
42.762134552,81.9189453125,-10.008946418762207
42.961353302,82.17478942871094,-10.013335227966309
43.160572052,82.42655944824219,-10.015393257141113
43.376392364,82.68107604980469,-10.016740798950195
43.525806427,82.88908386230469,-10.017129898071289
43.725025177,83.13953399658203,-10.017602920532227
43.924243927,83.39408111572266,-10.018081665039062
44.123462677,83.65272521972656,-10.018566131591797
44.322681427,83.91000366210938,-10.019048690795898
44.472095489,84.08927917480469,-10.01889705657959
44.671314239,84.33967590332031,-10.016209602355957
44.870532989,84.59968566894531,-10.013415336608887
45.086353302,84.88569641113281,-10.01034164428711
45.235767364,85.06221008300781,-10.00844669342041
45.434986114,85.32084655761719,-10.005667686462402
45.634204864,85.57948303222656,-10.002888679504395
45.833423614,85.83262634277344,-10.000170707702637
46.032642364,86.07890319824219,-9.997761726379395
46.182056427,86.2855453491211,-9.99807071685791
46.381275177,86.5455551147461,-9.998557090759277
46.580493927,86.79737091064453,-9.999032020568848
46.779712677,87.01634216308594,-9.999446868896484
46.945728302,87.24756622314453,-9.996318817138672
47.144947052,87.50191497802734,-10.00229263305664
47.344165802,87.75587463378906,-10.053572654724121
47.493579864,87.91143798828125,-10.143836975097656
47.692798614,88.06939697265625,-10.343204498291016
47.842212677,88.14409637451172,-10.53682804107666
48.041431427,88.186767578125,-10.790250778198242
48.190845489,88.19945526123047,-10.969036102294922
48.340259552,88.20925903320312,-11.174062728881836
48.506275177,88.22429656982422,-11.381470680236816
48.655689239,88.2492446899414,-11.554810523986816
48.805103302,88.29339599609375,-11.75801944732666
49.004322052,88.36561584472656,-12.007770538330078
49.153736114,88.42032623291016,-12.178476333618164
49.352954864,88.50221252441406,-12.416570663452148
49.502368927,88.56947326660156,-12.607599258422852
49.651782989,88.62809753417969,-12.774104118347168
49.851001739,88.71235656738281,-13.02007007598877
50.000415802,88.77389526367188,-13.218720436096191
50.149829864,88.8235092163086,-13.393823623657227
50.315845489,88.88387298583984,-13.591438293457031
50.465259552,88.94418334960938,-13.78763198852539
50.664478302,89.00444030761719,-14.026446342468262
50.813892364,89.04467010498047,-14.202533721923828
50.963306427,89.09278106689453,-14.39925765991211
51.162525177,89.15986633300781,-14.6461820602417
51.311939239,89.21235656738281,-14.820439338684082
51.511157989,89.2786636352539,-15.071677207946777
51.660572052,89.30418395996094,-15.277941703796387
51.809986114,89.29518127441406,-15.45942497253418
51.976001739,89.2386245727539,-15.656086921691895
52.175220489,89.09640502929688,-15.867151260375977
52.324634552,88.93892669677734,-15.989229202270508
52.523853302,88.70573425292969,-16.09725570678711
52.673267364,88.5487289428711,-16.161094665527344
52.872486114,88.534423828125,-16.167064666748047
53.071704864,88.534423828125,-16.167064666748047
53.221118927,88.534423828125,-16.167064666748047
53.420337677,88.534423828125,-16.167064666748047
53.569751739,88.534423828125,-16.167064666748047
53.735767364,88.534423828125,-16.167064666748047
53.934986114,88.52900695800781,-16.176576614379883
54.084400177,88.52567291259766,-16.238468170166016
54.283618927,88.61245727539062,-16.478208541870117
54.433032989,88.74827575683594,-16.597469329833984
54.632251739,88.99327850341797,-16.68089485168457
54.781665802,89.19469451904297,-16.700223922729492
54.931079864,89.3683853149414,-16.706058502197266
55.130298614,89.61968994140625,-16.721078872680664
55.346118927,89.89797973632812,-16.771928787231445
55.495532989,90.0679931640625,-16.824169158935547
55.694751739,90.30413818359375,-16.91530990600586
55.893970489,90.53962707519531,-17.011882781982422
56.043384552,90.73068237304688,-17.090585708618164
56.242603302,90.97276306152344,-17.1854190826416
56.392017364,91.13980102539062,-17.246606826782227
56.591236114,91.38908386230469,-17.320253372192383
56.790454864,91.64154052734375,-17.382280349731445
56.956470489,91.84217834472656,-17.431575775146484
57.155689239,92.08927154541016,-17.492528915405273
57.305103302,92.28755950927734,-17.545583724975586
57.504322052,92.52923583984375,-17.61616325378418
57.653736114,92.70346069335938,-17.668758392333984
57.852954864,92.95404052734375,-17.738079071044922
58.052173614,93.2042236328125,-17.80366325378418
58.251392364,93.44811248779297,-17.860462188720703
58.450611114,93.69945526123047,-17.915359497070312
58.600025177,93.89968872070312,-17.960468292236328
58.815845489,94.15159606933594,-18.0124454498291
58.965259552,94.35519409179688,-18.038253784179688
59.164478302,94.60932922363281,-18.051959991455078
59.363697052,94.86791229248047,-18.056713104248047
59.513111114,95.04991912841797,-18.055437088012695
59.712329864,95.11841583251953,-18.054649353027344
59.911548614,95.1434097290039,-18.054401397705078
60.110767364,95.40039825439453,-18.056745529174805
60.309986114,95.66017150878906,-18.067283630371094
60.525806427,95.94287109375,-18.08523178100586
60.725025177,96.20249938964844,-18.098968505859375
60.924243927,96.4500732421875,-18.10667610168457
61.123462677,96.69635009765625,-18.110912322998047
61.322681427,96.94673919677734,-18.114660263061523
61.521900177,97.20537567138672,-18.115022659301758
61.721118927,97.46538543701172,-18.11530876159668
61.920337677,97.71720123291016,-18.115583419799805
62.086353302,97.9142837524414,-18.11579704284668
62.285572052,98.1742935180664,-18.1160831451416
62.484790802,98.43157196044922,-18.116365432739258
62.684009552,98.6845932006836,-18.109941482543945
62.883228302,98.94210815429688,-18.086036682128906
63.082447052,99.20094299316406,-18.06142807006836
63.281665802,99.45912170410156,-18.03087043762207
63.480884552,99.7138900756836,-17.979434967041016
63.630298614,99.88639831542969,-17.930768966674805
63.846118927,100.15430450439453,-17.857425689697266
64.045333862,100.3455581665039,-17.814096450805664
64.194747924,100.34654235839844,-17.813899993896484
64.393966674,100.34654235839844,-17.813899993896484
64.593185424,100.34654235839844,-17.813899993896484
64.792404174,100.37108612060547,-17.80910873413086
64.991622924,100.52062225341797,-17.79780387878418
65.190841674,100.64562225341797,-17.858489990234375
65.390060424,100.74467468261719,-18.023998260498047
65.556076049,100.76663208007812,-18.228498458862305
65.705490112,100.73554229736328,-18.433929443359375
65.854904174,100.6943588256836,-18.61117935180664
66.054122924,100.62732696533203,-18.862354278564453
66.203536987,100.59199523925781,-19.060274124145508
66.352951049,100.58448791503906,-19.241941452026367
66.552169799,100.61896514892578,-19.499311447143555
66.701583862,100.67239379882812,-19.694597244262695
66.900802612,100.75979614257812,-19.937971115112305
67.100021362,100.85558319091797,-20.1782169342041
67.266036987,100.92866516113281,-20.37002944946289
67.415451049,100.98944091796875,-20.541580200195312
67.614669799,101.07042694091797,-20.78863525390625
67.813888549,101.14678192138672,-21.0342960357666
67.963302612,101.20279693603516,-21.2260799407959
68.112716674,101.2538070678711,-21.39792823791504
68.311935424,101.329833984375,-21.64226722717285
68.461349487,101.39231872558594,-21.837787628173828
68.610763549,101.44770812988281,-22.00684356689453
68.809982299,101.52808380126953,-22.24689483642578
68.975997924,101.59217834472656,-22.43756866455078
69.175216674,101.66812133789062,-22.67762565612793
69.324630737,101.72853088378906,-22.875225067138672
69.523849487,101.80711364746094,-23.123062133789062
69.673263549,101.86244201660156,-23.296443939208984
69.772872924,101.9012451171875,-23.419084548950195
69.972091674,101.97850036621094,-23.65873146057129
70.171310424,102.05795288085938,-23.90629005432129
70.320724487,102.11997985839844,-24.101959228515625
70.470138549,102.17671966552734,-24.274887084960938
70.685958862,102.26737213134766,-24.5374755859375
70.835372924,102.3248291015625,-24.70294952392578
71.034591674,102.40877532958984,-24.944698333740234
71.184005737,102.47431182861328,-25.133441925048828
71.383224487,102.55520629882812,-25.37044334411621
71.532638549,102.61197662353516,-25.53759002685547
71.731857299,102.69100189208984,-25.780969619750977
71.881271362,102.7540054321289,-25.976316452026367
72.080490112,102.83043670654297,-26.2073974609375
72.229904174,102.83570098876953,-26.22303581237793
72.445724487,102.83570098876953,-26.22303581237793
72.595138549,102.83969116210938,-26.234882354736328
72.794357299,102.89224243164062,-26.480192184448242
72.943771362,102.89463806152344,-26.68801498413086
73.142990112,102.86997985839844,-26.94680404663086
73.292404174,102.8475341796875,-27.12741470336914
73.491622924,102.81147766113281,-27.3848934173584
73.641036987,102.78079223632812,-27.5809268951416
73.790451049,102.75677490234375,-27.75857162475586
74.006271362,102.71752166748047,-28.037721633911133
74.155685424,102.69264221191406,-28.218013763427734
74.354904174,102.66770935058594,-28.468549728393555
74.504318237,102.64659118652344,-28.66859245300293
74.653732299,102.62919616699219,-28.84838104248047
74.852951049,102.60945129394531,-29.107627868652344
75.002365112,102.59120178222656,-29.31208038330078
75.201583862,102.56953430175781,-29.560190200805664
75.350997924,102.55801391601562,-29.73496437072754
75.550216674,102.53780364990234,-29.9927978515625
75.716232299,102.51973724365234,-30.20001220703125
75.865646362,102.50476837158203,-30.40472412109375
76.064865112,102.4883041381836,-30.658708572387695
76.214279174,102.47435760498047,-30.840171813964844
76.413497924,102.46232604980469,-31.011249542236328
76.612716674,102.46232604980469,-31.011249542236328
76.762130737,102.46232604980469,-31.011249542236328
76.961349487,102.45767211914062,-31.07357406616211
77.110763549,102.44464111328125,-31.255107879638672
77.260177612,102.43408203125,-31.462833404541016
77.475997924,102.42837524414062,-31.715917587280273
77.625411987,102.42793273925781,-31.921175003051758
77.824630737,102.42747497558594,-32.18117904663086
77.974044799,102.42715454101562,-32.36318588256836
78.173263549,102.42699432373047,-32.45058059692383
78.322677612,102.42699432373047,-32.45058059692383
78.521896362,102.42699432373047,-32.45058059692383
78.671310424,102.42697143554688,-32.46308135986328
78.870529174,102.42217254638672,-32.69502639770508
79.036544799,102.41226959228516,-32.90277862548828
79.235763549,102.38692474365234,-33.15325164794922
79.385177612,102.35968017578125,-33.35531234741211
79.584396362,102.32221984863281,-33.609825134277344
79.733810424,102.29725646972656,-33.790096282958984
79.883224487,102.26475524902344,-33.99414825439453
80.082443237,102.22270202636719,-34.24238967895508
80.231857299,102.19251251220703,-34.41909408569336
80.431076049,102.1518783569336,-34.668968200683594
80.580490112,102.11692810058594,-34.874027252197266
80.729904174,102.0888900756836,-35.05385208129883
80.945724487,102.04762268066406,-35.328556060791016
81.095138549,102.02118682861328,-35.48486328125
81.294357299,102.02118682861328,-35.48486328125
81.443771362,102.02118682861328,-35.48486328125
81.593185424,102.02118682861328,-35.48486328125
81.792404174,102.05481719970703,-35.514949798583984
81.991622924,102.28485107421875,-35.598663330078125
82.190841674,102.52051544189453,-35.540855407714844
82.390060424,102.70976257324219,-35.364933013916016
82.605880737,102.87301635742188,-35.13853454589844
82.805099487,103.04582977294922,-34.948516845703125
83.004318237,103.24703979492188,-34.80012512207031
83.203536987,103.47553253173828,-34.688594818115234
83.352951049,103.64641571044922,-34.62605667114258
83.601974487,103.9644775390625,-34.53926086425781
83.751388549,104.13884735107422,-34.497676849365234
83.950607299,104.38565063476562,-34.441349029541016
84.149826049,104.64057922363281,-34.390254974365234
84.365646362,104.92216491699219,-34.34014129638672
84.515060424,105.10071563720703,-34.312767028808594
84.714279174,105.35755157470703,-34.28292465209961
84.913497924,105.6173095703125,-34.27234649658203
85.112716674,105.8663330078125,-34.26944351196289
85.311935424,106.11933898925781,-34.26092529296875
85.511154174,106.3712158203125,-34.23603057861328
85.710372924,106.61336517333984,-34.19145202636719
85.876388549,106.80669403076172,-34.14111328125
86.075607299,107.04931640625,-34.07377624511719
86.274826049,107.29762268066406,-34.00139617919922
86.474044799,107.54834747314453,-33.94412612915039
86.623458862,107.74566650390625,-33.905059814453125
86.822677612,107.99497985839844,-33.85379409790039
87.021896362,108.24910736083984,-33.81419372558594
87.171310424,108.43035125732422,-33.7978630065918
87.370529174,108.68675231933594,-33.77701950073242
87.536544799,108.88893127441406,-33.76523971557617
87.735763549,109.14228820800781,-33.741737365722656
87.934982299,109.39805603027344,-33.6953239440918
88.084396362,109.59981536865234,-33.657501220703125
88.283615112,109.84808349609375,-33.625579833984375
88.482833862,110.10212707519531,-33.61027145385742
88.682052612,110.29930114746094,-33.598941802978516
88.831466674,110.32425689697266,-33.597389221191406
89.030685424,110.56230163574219,-33.55753707885742
89.229904174,110.79280853271484,-33.4714241027832
89.445724487,111.04582977294922,-33.33834457397461
89.644943237,111.26918029785156,-33.20520782470703
89.844161987,111.48921966552734,-33.077266693115234
90.043380737,111.71678161621094,-32.95437240600586
90.242599487,111.94084167480469,-32.84254837036133
90.392013549,112.10807037353516,-32.770790100097656
90.591232299,112.35121154785156,-32.682674407958984
90.790451049,112.59200286865234,-32.604576110839844
90.989669799,112.83568572998047,-32.54125213623047
91.155685424,113.03565216064453,-32.501686096191406
91.354904174,113.2939682006836,-32.47305679321289
91.554122924,113.5455551147461,-32.462894439697266
91.703536987,113.74661254882812,-32.45623779296875
91.902755737,114.00100708007812,-32.44782257080078
92.101974487,114.26094055175781,-32.442169189453125
92.301193237,114.52023315429688,-32.423927307128906
92.500411987,114.77152252197266,-32.384071350097656
92.649826049,114.94701385498047,-32.34138870239258
92.865646362,115.21723937988281,-32.248348236083984
93.064865112,115.44969940185547,-32.14828109741211
93.264083862,115.47639465332031,-32.134620666503906
93.463302612,115.47639465332031,-32.134620666503906
93.662521362,115.48747253417969,-32.12883377075195
93.861740112,115.70808410644531,-32.02585983276367
94.060958862,115.94703674316406,-31.923351287841797
94.260177612,116.1791000366211,-31.818870544433594
94.426193237,116.36550903320312,-31.72660255432129
94.625411987,116.5946273803711,-31.609609603881836
94.824630737,116.82048034667969,-31.48648452758789
95.073654174,117.08686065673828,-31.324066162109375
95.272872924,117.30679321289062,-31.193269729614258
95.472091674,117.53337860107422,-31.065773010253906
95.671310424,117.76229858398438,-30.942516326904297
95.870529174,117.99225616455078,-30.827159881591797
96.036544799,118.18026733398438,-30.73821449279785
96.235763549,118.41792297363281,-30.63277816772461
96.434982299,118.65855407714844,-30.53435707092285
96.634201049,118.89704132080078,-30.445478439331055
96.833419799,119.13490295410156,-30.367273330688477
97.032638549,119.37495422363281,-30.30104637145996
97.231857299,119.61760711669922,-30.245086669921875
97.431076049,119.86937713623047,-30.208322525024414
97.630294799,120.12892150878906,-30.193681716918945
97.796310424,120.33680725097656,-30.186098098754883
97.995529174,120.59160614013672,-30.16353988647461
98.194747924,120.8486557006836,-30.124509811401367
98.393966674,121.10629272460938,-30.08953857421875
98.593185424,121.35702514648438,-30.038848876953125
98.842208862,121.45174407958984,-30.013126373291016
99.041427612,121.45174407958984,-30.013126373291016
99.240646362,121.45174407958984,-30.013126373291016
99.456466674,121.45174407958984,-30.013126373291016
99.655685424,121.45174407958984,-30.013126373291016
99.854904174,121.45174407958984,-30.013126373291016
100.054122924,121.45174407958984,-30.013126373291016
100.253341674,121.45174407958984,-30.013126373291016
100.402755737,121.45551300048828,-30.037311553955078
100.601974487,121.42021942138672,-30.133447647094727
100.751388549,121.3045654296875,-30.23253059387207
100.950607299,121.06500244140625,-30.28623390197754
101.149826049,120.8113021850586,-30.232757568359375
101.315841674,120.61328887939453,-30.169063568115234
101.515060424,120.36856842041016,-30.099628448486328
101.664474487,120.16387939453125,-30.073331832885742
101.863693237,119.90672302246094,-30.094083786010742
102.013107299,119.73180389404297,-30.138851165771484
102.212326049,119.48653411865234,-30.21645164489746
102.361740112,119.287353515625,-30.27140235900879
102.511154174,119.11348724365234,-30.308988571166992
102.710372924,118.86622619628906,-30.35662078857422
102.876388549,118.66868591308594,-30.401216506958008
103.025802612,118.4678955078125,-30.455427169799805
103.175216674,118.2940444946289,-30.509252548217773
103.374435424,118.04621887207031,-30.58319664001465
103.523849487,117.85025024414062,-30.63428497314453
103.723068237,117.6003646850586,-30.689414978027344
103.872482299,117.49070739746094,-30.712350845336914
104.071701049,117.49070739746094,-30.712350845336914
104.221115112,117.49070739746094,-30.712350845336914
104.420333862,117.49070739746094,-30.712350845336914
104.636154174,117.48761749267578,-30.706247329711914
104.785568237,117.45848846435547,-30.54730796813965
105.034591674,117.57264709472656,-30.269453048706055
105.184005737,117.73560333251953,-30.141948699951172
105.383224487,117.9686050415039,-30.05521011352539
105.582443237,118.2054672241211,-29.966873168945312
105.781661987,118.41634368896484,-29.823230743408203
105.980880737,118.59059143066406,-29.634458541870117
106.180099487,118.74365234375,-29.424360275268555
106.395919799,118.88727569580078,-29.22089958190918
106.595138549,119.0375747680664,-29.02232551574707
106.794357299,119.20393371582031,-28.824359893798828
106.993576049,119.37963104248047,-28.640281677246094
107.142990112,119.52899932861328,-28.49749755859375
107.342208862,119.70758819580078,-28.318082809448242
107.541427612,119.8849868774414,-28.133655548095703
107.740646362,120.05390167236328,-27.952510833740234
107.956466674,120.22285461425781,-27.765823364257812
108.105880737,120.36061096191406,-27.6099853515625
108.305099487,120.52973175048828,-27.412504196166992
108.504318237,120.70072174072266,-27.216632843017578
108.703536987,120.87028503417969,-27.02499008178711
108.902755737,121.0152587890625,-26.86166000366211
109.101974487,121.01592254638672,-26.860910415649414
109.301193237,121.01592254638672,-26.860910415649414
109.500411987,121.01592254638672,-26.860910415649414
109.649826049,121.01592254638672,-26.860910415649414
109.865646362,121.01592254638672,-26.860910415649414
110.064865112,121.1518783569336,-26.675933837890625
110.214279174,121.22711181640625,-26.51044464111328
110.413497924,121.29759979248047,-26.26040267944336
110.612716674,121.3520736694336,-26.006181716918945
110.811935424,121.4188003540039,-25.75499153137207
111.011154174,121.51005554199219,-25.520427703857422
111.210372924,121.62479400634766,-25.28717041015625
111.409591674,121.7472152709961,-25.057809829711914
111.575607299,121.83245849609375,-24.868141174316406
111.774826049,121.91815948486328,-24.624216079711914
111.974044799,121.99466705322266,-24.37860107421875
112.173263549,122.09324645996094,-24.138256072998047
112.372482299,122.23894500732422,-23.9238338470459
112.571701049,122.43045806884766,-23.756975173950195
112.770919799,122.65209197998047,-23.621295928955078
112.970138549,122.87867736816406,-23.50242805480957
113.185958862,123.12649536132812,-23.35991668701172
113.385177612,123.28329467773438,-23.25326156616211
113.584396362,123.28329467773438,-23.25326156616211
113.783615112,123.29349517822266,-23.246034622192383
113.982833862,123.48627471923828,-23.097312927246094
114.182052612,123.68517303466797,-22.936359405517578
114.381271362,123.8275375366211,-22.818233489990234
114.580490112,123.82830810546875,-22.81760025024414
114.729904174,123.82830810546875,-22.81760025024414
114.945724487,123.82830810546875,-22.81760025024414
115.144943237,123.82830810546875,-22.81760025024414
115.344161987,123.82830810546875,-22.81760025024414
115.593185424,123.82830810546875,-22.81760025024414
115.742599487,123.82830810546875,-22.81760025024414
115.991622924,123.82830810546875,-22.81760025024414
116.190841674,123.82830810546875,-22.81760025024414
116.390060424,123.82830810546875,-22.81760025024414
116.605880737,123.82830810546875,-22.81760025024414
116.805099487,123.82830810546875,-22.81760025024414
117.004318237,123.82830810546875,-22.81760025024414
117.203536987,123.82830810546875,-22.81760025024414
117.402755737,123.82830810546875,-22.81760025024414
117.601974487,123.86849975585938,-22.891149520874023
117.801193237,123.86551666259766,-23.138092041015625
117.950607299,123.78685760498047,-23.30159568786621
118.100021362,123.653564453125,-23.45891761779785
118.266036987,123.59494018554688,-23.512805938720703
118.465255737,123.59494018554688,-23.512805938720703
118.614669799,123.59494018554688,-23.512805938720703
118.813888549,123.59494018554688,-23.512805938720703
118.963302612,123.59494018554688,-23.512805938720703
119.162521362,123.59375762939453,-23.51211166381836
119.361740112,123.54287719726562,-23.43929100036621
119.560958862,123.54287719726562,-23.43929100036621
119.760177612,123.54287719726562,-23.43929100036621
119.926193237,123.54287719726562,-23.43929100036621
120.175216674,123.54287719726562,-23.43929100036621
120.374435424,123.54287719726562,-23.43929100036621
120.573654174,123.54287719726562,-23.43929100036621
120.772872924,123.54287719726562,-23.43929100036621
120.972091674,123.54287719726562,-23.43929100036621
121.171310424,123.54287719726562,-23.43929100036621
121.420333862,123.54287719726562,-23.43929100036621
121.586349487,123.54287719726562,-23.43929100036621
121.785568237,123.54287719726562,-23.43929100036621
122.034591674,123.54287719726562,-23.43929100036621
122.233810424,123.54287719726562,-23.43929100036621
122.433029174,123.54287719726562,-23.43929100036621
122.632247924,123.54287719726562,-23.43929100036621
122.831466674,123.54287719726562,-23.43929100036621
123.030685424,123.54287719726562,-23.43929100036621
123.229904174,123.54287719726562,-23.43929100036621
123.445724487,123.54287719726562,-23.43929100036621
123.644943237,123.54287719726562,-23.43929100036621
123.844161987,123.54287719726562,-23.43929100036621
124.093185424,123.54287719726562,-23.43929100036621
124.292404174,123.54287719726562,-23.43929100036621
124.491622924,123.6527099609375,-23.46429443359375
124.690841674,123.82460021972656,-23.616199493408203
124.840255737,123.8579330444336,-23.681583404541016
125.006271362,123.8579330444336,-23.681583404541016
125.205490112,123.8579330444336,-23.681583404541016
125.404708862,123.8579330444336,-23.681583404541016
125.554122924,123.8579330444336,-23.681583404541016
125.753341674,123.86676025390625,-23.73691177368164
125.952560424,123.90147399902344,-23.784473419189453
126.151779174,124.1151123046875,-23.896577835083008
126.350997924,124.36246490478516,-23.878265380859375
126.550216674,124.60546875,-23.786203384399414
126.749435424,124.84425354003906,-23.698453903198242
126.915451049,125.03620910644531,-23.654542922973633
127.064865112,125.24295043945312,-23.632431030273438
127.214279174,125.42483520507812,-23.62682342529297
127.413497924,125.65013122558594,-23.63332748413086
127.612716674,125.65013122558594,-23.63332748413086
127.861740112,125.65013122558594,-23.63332748413086
128.060958862,125.65013122558594,-23.63332748413086
128.260177612,125.65013122558594,-23.63332748413086
128.475997924,125.6626205444336,-23.633769989013672
128.675216674,125.88922119140625,-23.645111083984375
128.874435424,126.14723205566406,-23.663225173950195
129.073654174,126.3984146118164,-23.680849075317383
129.272872924,126.654052734375,-23.691875457763672
129.472091674,126.91403198242188,-23.694936752319336
129.671310424,127.16854858398438,-23.693517684936523
129.870529174,127.42169189453125,-23.692106246948242
130.086349487,127.57756805419922,-23.691505432128906
130.285568237,127.57756805419922,-23.691505432128906
130.484786987,127.57756805419922,-23.691505432128906
130.733810424,127.82804107666016,-23.69597625732422
130.933029174,128.0823211669922,-23.7069091796875
131.132247924,128.33901977539062,-23.724143981933594
131.331466674,128.59808349609375,-23.746200561523438
131.530685424,128.8507537841797,-23.786102294921875
131.729904174,129.10028076171875,-23.848480224609375
131.945724487,129.36770629882812,-23.923707962036133
132.144943237,129.61972045898438,-23.987613677978516
132.393966674,129.92369079589844,-24.057846069335938
132.593185424,130.15701293945312,-24.12685775756836
132.792404174,130.172607421875,-24.13223648071289
132.991622924,130.172607421875,-24.13223648071289
133.190841674,130.172607421875,-24.13223648071289
133.390060424,130.172607421875,-24.13223648071289
133.605880737,130.172607421875,-24.13223648071289
133.854904174,130.4154510498047,-24.191974639892578
134.054122924,130.66793823242188,-24.206512451171875
134.253341674,130.9270782470703,-24.187349319458008
134.452560424,131.1434326171875,-24.149154663085938
134.651779174,131.1453857421875,-24.148757934570312
134.850997924,131.1453857421875,-24.148757934570312
135.050216674,131.1453857421875,-24.148757934570312
135.266036987,131.1453857421875,-24.148757934570312
135.515060424,131.1453857421875,-24.148757934570312
135.714279174,131.1453857421875,-24.148757934570312
135.913497924,131.1453857421875,-24.148757934570312
136.112716674,131.1453857421875,-24.148757934570312
136.311935424,131.1453857421875,-24.148757934570312
136.560958862,131.1453857421875,-24.148757934570312
136.760177612,131.1453857421875,-24.148757934570312
136.975997924,131.1453857421875,-24.148757934570312
137.175216674,131.1453857421875,-24.148757934570312
137.374435424,131.1453857421875,-24.148757934570312
137.573654174,131.13645935058594,-24.310338973999023
137.723068237,131.03968811035156,-24.486074447631836
137.872482299,130.8943634033203,-24.591623306274414
138.071701049,130.64210510253906,-24.64826774597168
138.221115112,130.56114196777344,-24.650732040405273
138.420333862,130.56114196777344,-24.650732040405273
138.586349487,130.56114196777344,-24.650732040405273
138.735763549,130.56114196777344,-24.650732040405273
138.934982299,130.56114196777344,-24.650732040405273
139.084396362,130.56114196777344,-24.650732040405273
139.283615112,130.56114196777344,-24.650732040405273
139.433029174,130.56114196777344,-24.650732040405273
139.632247924,130.56114196777344,-24.650732040405273
139.781661987,130.56114196777344,-24.650732040405273
139.980880737,130.56114196777344,-24.650732040405273
140.180099487,130.56114196777344,-24.650732040405273
140.329513549,130.56114196777344,-24.650732040405273
140.545333862,130.56114196777344,-24.650732040405273
140.694747924,130.56114196777344,-24.650732040405273
140.893966674,130.56114196777344,-24.650732040405273
141.043380737,130.56114196777344,-24.650732040405273
141.242599487,130.56114196777344,-24.650732040405273
141.392013549,130.56114196777344,-24.650732040405273
141.591232299,130.56114196777344,-24.650732040405273
141.790451049,130.56114196777344,-24.650732040405273
141.956466674,130.56114196777344,-24.650732040405273
142.105880737,130.56114196777344,-24.650732040405273
142.305099487,130.461181640625,-24.651838302612305
142.454513549,130.2845458984375,-24.671783447265625
142.653732299,130.13543701171875,-24.708017349243164
142.803146362,130.13543701171875,-24.708017349243164
143.002365112,130.13543701171875,-24.708017349243164
143.151779174,130.13543701171875,-24.708017349243164
143.350997924,130.13543701171875,-24.708017349243164
143.500411987,130.13543701171875,-24.708017349243164
143.649826049,130.13543701171875,-24.708017349243164
143.815841674,130.13543701171875,-24.708017349243164
144.015060424,130.13543701171875,-24.708017349243164
144.164474487,130.13543701171875,-24.708017349243164
144.313888549,130.13543701171875,-24.708017349243164
144.413497924,130.13543701171875,-24.708017349243164
144.612716674,130.13543701171875,-24.708017349243164
144.762130737,130.13543701171875,-24.708017349243164
144.961349487,130.13543701171875,-24.708017349243164
145.110763549,130.13543701171875,-24.708017349243164
145.260177612,130.13543701171875,-24.708017349243164
145.426193237,130.13543701171875,-24.708017349243164
145.625411987,130.13543701171875,-24.708017349243164
145.774826049,130.13543701171875,-24.708017349243164
145.974044799,130.13543701171875,-24.708017349243164
146.123458862,130.13543701171875,-24.708017349243164
146.272872924,130.13543701171875,-24.708017349243164
146.472091674,130.12388610839844,-24.712194442749023
146.621505737,130.0599822998047,-24.775869369506836
146.770919799,129.99069213867188,-24.932443618774414
146.970138549,129.9876251220703,-25.18272590637207
147.136154174,130.04208374023438,-25.36894989013672
147.335372924,130.1485137939453,-25.606115341186523
147.484786987,130.2327880859375,-25.79624366760254
147.684005737,130.31861877441406,-26.037220001220703
147.833419799,130.3648681640625,-26.210376739501953
148.032638549,130.41497802734375,-26.46547508239746
148.182052612,130.44854736328125,-26.670740127563477
148.381271362,130.48748779296875,-26.925029754638672
148.530685424,130.51422119140625,-27.102283477783203
148.729904174,130.556640625,-27.354637145996094
148.895919799,130.591796875,-27.559654235839844
149.095138549,130.634033203125,-27.813425064086914
149.244552612,130.66842651367188,-28.01856231689453
149.443771362,130.71554565429688,-28.274253845214844
149.593185424,130.75054931640625,-28.452856063842773
149.792404174,130.8033905029297,-28.70742416381836
149.941818237,130.84591674804688,-28.905433654785156
150.141036987,130.89654541015625,-29.15069007873535
150.340255737,130.9446563720703,-29.397846221923828
150.506271362,130.97999572753906,-29.59012794494629
150.655685424,130.9829559326172,-29.606365203857422
150.854904174,130.98886108398438,-29.6302433013916
151.054122924,131.0514678955078,-29.691078186035156
151.253341674,131.28871154785156,-29.776004791259766
151.452560424,131.54771423339844,-29.76737403869629
151.651779174,131.78463745117188,-29.711688995361328
151.850997924,132.0291290283203,-29.641006469726562
152.100021362,132.35450744628906,-29.58058738708496
152.266036987,132.55628967285156,-29.56361961364746
152.465255737,132.81617736816406,-29.563819885253906
152.664474487,133.07003784179688,-29.58224868774414
152.863693237,133.32601928710938,-29.607479095458984
153.062911987,133.5850372314453,-29.62979507446289
153.262130737,133.84481811523438,-29.638029098510742
153.461349487,134.09375,-29.630348205566406
153.660568237,134.35362243652344,-29.622346878051758
153.876388549,134.6122589111328,-29.621231079101562
154.075607299,134.75704956054688,-29.621570587158203
154.274826049,134.75704956054688,-29.621570587158203
154.474044799,134.75704956054688,-29.621570587158203
154.673263549,134.75704956054688,-29.621570587158203
154.922286987,134.75704956054688,-29.621570587158203
155.121505737,134.75704956054688,-29.621570587158203
155.270919799,134.7764892578125,-29.67294692993164
155.470138549,134.7675323486328,-29.908708572387695
155.636154174,134.66859436035156,-30.087305068969727
155.785568237,134.517578125,-30.229650497436523
155.984786987,134.30767822265625,-30.383031845092773
156.134201049,134.1661834716797,-30.49736213684082
156.283615112,134.01588439941406,-30.641101837158203
156.482833862,133.8466033935547,-30.836458206176758
156.632247924,133.7413330078125,-30.984899520874023
156.781661987,133.63232421875,-31.162017822265625
156.931076049,133.53900146484375,-31.318279266357422
157.080490112,133.43243408203125,-31.496906280517578
157.229904174,133.33746337890625,-31.65055274963379
157.395919799,133.22579956054688,-31.822778701782227
157.545333862,133.10968017578125,-31.992074966430664
157.744552612,132.9672088623047,-32.20301055908203
157.893966674,132.8663787841797,-32.35124206542969
158.043380737,132.74842834472656,-32.515872955322266
158.192794799,132.64218139648438,-32.66025924682617
158.392013549,132.4971923828125,-32.864444732666016
158.541427612,132.37576293945312,-33.0316276550293
158.690841674,132.26809692382812,-33.171539306640625
158.840255737,132.1408233642578,-33.336082458496094
159.006271362,132.01705932617188,-33.499839782714844
159.155685424,131.9124755859375,-33.64205551147461
159.354904174,131.76284790039062,-33.85466384887695
159.504318237,131.6456756591797,-34.026527404785156
159.653732299,131.54566955566406,-34.176944732666016
159.803146362,131.4306182861328,-34.34859848022461
160.002365112,131.28939819335938,-34.56525802612305
160.151779174,131.1884307861328,-34.716678619384766
160.301193237,131.07180786132812,-34.88558578491211
160.500411987,130.92193603515625,-35.09636688232422
160.649826049,130.81631469726562,-35.244571685791016
160.815841674,130.69625854492188,-35.4144172668457
160.965255737,130.57818603515625,-35.58230972290039
161.114669799,130.4755859375,-35.72763442993164
161.264083862,130.44699096679688,-35.767303466796875
161.463302612,130.3399200439453,-35.94844436645508
161.612716674,130.30352783203125,-36.12428283691406
161.811935424,130.3419647216797,-36.370758056640625
161.911544799,130.3846893310547,-36.49348831176758
162.110763549,130.4840545654297,-36.73375701904297
162.260177612,130.5574951171875,-36.9239387512207
162.475997924,130.63255310058594,-37.17277145385742
162.625411987,130.6796417236328,-37.37253952026367
162.824630737,130.71958923339844,-37.61970520019531
162.974044799,130.74212646484375,-37.80030059814453
163.173263549,130.77554321289062,-38.05813980102539
163.322677612,130.80447387695312,-38.26411437988281
163.521896362,130.84564208984375,-38.52083969116211
163.671310424,130.8776092529297,-38.69861602783203
163.870529174,130.92721557617188,-38.9482536315918
164.036544799,130.97140502929688,-39.1515007019043
164.235763549,131.02578735351562,-39.401546478271484
164.385177612,131.06593322753906,-39.60004806518555
164.584396362,131.11538696289062,-39.85529708862305
164.783615112,131.1641082763672,-40.11067199707031
164.933029174,131.19479370117188,-40.287288665771484
165.132247924,131.23463439941406,-40.538665771484375
165.281661987,131.2693328857422,-40.738197326660156
165.480880737,131.3182373046875,-40.98657989501953
165.630294799,131.3527374267578,-41.16527557373047
165.796310424,131.39031982421875,-41.36983871459961
165.995529174,131.43667602539062,-41.61871337890625
166.144943237,131.4721221923828,-41.818119049072266
166.344161987,131.51560974121094,-42.06474685668945
166.543380737,131.56515502929688,-42.31997299194336
166.692794799,131.59945678710938,-42.49870300292969
166.892013549,131.6474151611328,-42.745880126953125
167.091232299,131.69400024414062,-42.99470901489258
167.290451049,131.7383270263672,-43.24256134033203
167.456466674,131.771728515625,-43.442317962646484
167.655685424,131.81375122070312,-43.69889450073242
167.805099487,131.84918212890625,-43.90107345581055
168.004318237,131.8940887451172,-44.14743423461914
168.153732299,131.92662048339844,-44.3167610168457
168.352951049,131.9748077392578,-44.565284729003906
168.552169799,132.01638793945312,-44.80233383178711
168.701583862,132.01902770996094,-44.817604064941406
168.900802612,132.01902770996094,-44.817604064941406
169.100021362,132.01902770996094,-44.817604064941406
169.266036987,132.01902770996094,-44.817604064941406
169.465255737,132.03543090820312,-45.04602813720703
169.614669799,131.9869842529297,-45.21883010864258
169.764083862,131.8571014404297,-45.379642486572266
169.913497924,131.70652770996094,-45.4814567565918
170.112716674,131.4819793701172,-45.601261138916016
170.262130737,131.30516052246094,-45.70800018310547
170.411544799,131.1637725830078,-45.81352996826172
170.610763549,130.97808837890625,-45.995201110839844
170.760177612,130.8497314453125,-46.1552848815918
170.926193237,130.72930908203125,-46.324886322021484
171.075607299,130.62551879882812,-46.47434997558594
171.225021362,130.50897216796875,-46.64662170410156
171.424240112,130.3640899658203,-46.85086441040039
171.573654174,130.25686645507812,-46.99446487426758
171.723068237,130.12863159179688,-47.154720306396484
171.922286987,129.96945190429688,-47.35507583618164
172.071701049,129.85626220703125,-47.497596740722656
172.221115112,129.72177124023438,-47.65262985229492
172.420333862,129.553955078125,-47.851200103759766
172.586349487,129.4266357421875,-48.010459899902344
172.735763549,129.31591796875,-48.1548957824707
172.885177612,129.1964569091797,-48.316749572753906
173.084396362,129.03900146484375,-48.52363204956055
173.233810424,128.97869873046875,-48.60280990600586
173.383224487,128.97869873046875,-48.60280990600586
173.582443237,128.97869873046875,-48.60280990600586
173.731857299,128.97869873046875,-48.60280990600586
173.931076049,128.97869873046875,-48.60280990600586
174.080490112,128.97869873046875,-48.60280990600586
174.229904174,128.97869873046875,-48.60280990600586
174.445724487,128.97869873046875,-48.60280990600586
174.595138549,128.9323272705078,-48.61975860595703
174.744552612,128.7318115234375,-48.626590728759766
174.943771362,128.52566528320312,-48.511810302734375
175.142990112,128.42352294921875,-48.346038818359375
175.342208862,128.42352294921875,-48.346038818359375
175.491622924,128.42352294921875,-48.346038818359375
175.690841674,128.42352294921875,-48.346038818359375
175.890060424,128.42352294921875,-48.346038818359375
176.105880737,128.42352294921875,-48.346038818359375
176.305099487,128.39398193359375,-48.12089920043945
176.504318237,128.389892578125,-47.861026763916016
176.703536987,128.4012908935547,-47.602657318115234
176.902755737,128.41978454589844,-47.35292053222656
177.101974487,128.43885803222656,-47.10186004638672
177.301193237,128.45115661621094,-46.8421630859375
177.450607299,128.45489501953125,-46.66020584106445
177.649826049,128.45506286621094,-46.433414459228516
177.865646362,128.45506286621094,-46.433414459228516
178.064865112,128.45506286621094,-46.433414459228516
178.264083862,128.45506286621094,-46.433414459228516
178.413497924,128.45506286621094,-46.433414459228516
178.612716674,128.45506286621094,-46.433414459228516
178.762130737,128.38516235351562,-46.42771530151367
178.961349487,128.15167236328125,-46.50745391845703
179.110763549,128.03057861328125,-46.64011001586914
179.260177612,127.9525375366211,-46.83193588256836
179.376388549,127.93181610107422,-46.95884323120117
179.575607299,127.9080581665039,-47.21361541748047
179.725021362,127.88312530517578,-47.417301177978516
179.874435424,127.84246826171875,-47.593204498291016
180.073654174,127.74740600585938,-47.83196258544922
180.223068237,127.64958190917969,-48.010780334472656
180.422286987,127.5057373046875,-48.22727966308594
180.571701049,127.39984893798828,-48.37528991699219
180.721115112,127.2820816040039,-48.54507064819336
180.920333862,127.13484954833984,-48.75768280029297
181.086349487,127.01838684082031,-48.930030822753906
181.235763549,126.96355438232422,-49.013084411621094
181.385177612,126.96355438232422,-49.013084411621094
181.584396362,126.9013442993164,-49.09272003173828
181.733810424,126.83126068115234,-49.129512786865234
181.883224487,126.63339233398438,-49.15325164794922
182.082443237,126.4104995727539,-49.05352020263672
182.281661987,126.2471694946289,-48.85269546508789
182.480880737,126.11216735839844,-48.63864517211914
182.630294799,125.99806213378906,-48.50238800048828
182.846115112,125.78323364257812,-48.329383850097656
182.995529174,125.62645721435547,-48.237060546875
183.194747924,125.3926773071289,-48.12666702270508
183.344161987,125.20255279541016,-48.0493049621582
183.543380737,124.96581268310547,-47.9521598815918
183.692794799,124.80117797851562,-47.884803771972656
183.892013549,124.56474304199219,-47.78697967529297
184.041427612,124.37462615966797,-47.702613830566406
184.240646362,124.14085388183594,-47.598541259765625
184.390060424,123.9754409790039,-47.52946090698242
184.556076049,123.78360748291016,-47.45272445678711
184.755294799,123.54386138916016,-47.363277435302734
184.954513549,123.30677795410156,-47.27849578857422
185.103927612,123.10968780517578,-47.21659469604492
185.253341674,122.93269348144531,-47.174346923828125
185.452560424,122.68128967285156,-47.13525390625
185.601974487,122.47944641113281,-47.1187858581543
185.801193237,122.22319793701172,-47.096256256103516
185.950607299,122.04972839355469,-47.07209777832031
186.149826049,121.80357360839844,-47.019622802734375
186.315841674,121.60366821289062,-46.96213150024414
186.515060424,121.35435485839844,-46.88829803466797
186.664474487,121.15840911865234,-46.827125549316406
186.863693237,120.9140396118164,-46.76671600341797
187.062911987,120.66812133789062,-46.71982192993164
187.212326049,120.49005126953125,-46.699424743652344
187.361740112,120.28267669677734,-46.683353424072266
187.560958862,120.07354736328125,-46.66446304321289
187.710372924,120.07354736328125,-46.66446304321289
187.876388549,120.07354736328125,-46.66446304321289
188.075607299,120.07354736328125,-46.66446304321289
188.225021362,120.07354736328125,-46.66446304321289
188.424240112,120.07354736328125,-46.66446304321289
188.573654174,120.07354736328125,-46.66446304321289
188.723068237,120.07231140136719,-46.66505432128906
188.922286987,119.98187255859375,-46.76861572265625
189.071701049,119.92521667480469,-46.93912124633789
189.270919799,119.93126678466797,-47.19386291503906
189.420333862,119.97327423095703,-47.38349914550781
189.636154174,120.04014587402344,-47.630489349365234
189.785568237,120.08365631103516,-47.833831787109375
189.984786987,120.1162338256836,-48.09168243408203
190.134201049,120.1243667602539,-48.27073287963867
190.333419799,120.11874389648438,-48.52790832519531
190.482833862,120.10748291015625,-48.735591888427734
190.682052612,120.08844757080078,-48.993526458740234
190.831466674,120.077392578125,-49.17107391357422
191.030685424,120.068603515625,-49.421329498291016
191.180099487,120.06720733642578,-49.62795639038086
191.346115112,120.06873321533203,-49.83596420288086
191.545333862,120.07061004638672,-50.09049606323242
191.694747924,120.0719223022461,-50.268394470214844
191.893966674,120.0738296508789,-50.528404235839844
192.043380737,120.0753402709961,-50.733673095703125
192.242599487,120.07719421386719,-50.98409652709961
192.392013549,120.0784912109375,-51.15925598144531
192.591232299,120.08037567138672,-51.415157318115234
192.740646362,120.08190155029297,-51.623165130615234
192.890060424,120.0829849243164,-51.802433013916016
193.105880737,120.08328247070312,-52.08159637451172
193.255294799,120.08349609375,-52.26360321044922
193.454513549,120.08378601074219,-52.5208740234375
193.603927612,120.0840072631836,-52.72477340698242
193.803146362,120.08425903320312,-52.975196838378906
193.952560424,120.08447265625,-53.157203674316406
194.151779174,120.08477783203125,-53.417213439941406
194.301193237,120.08499145507812,-53.61974334716797
194.500411987,120.08476257324219,-53.87016677856445
194.649826049,120.08325958251953,-54.048065185546875
194.815841674,120.08256530761719,-54.13006591796875
195.015060424,120.08256530761719,-54.13006591796875
195.164474487,120.08256530761719,-54.13006591796875
195.363693237,120.08256530761719,-54.13006591796875
195.562911987,120.10096740722656,-54.367000579833984
195.712326049,120.14665985107422,-54.537357330322266
195.911544799,120.24229431152344,-54.7716064453125
196.110763549,120.36408996582031,-54.99341583251953
196.260177612,120.4692153930664,-55.16810989379883
196.475997924,120.60000610351562,-55.389625549316406
196.625411987,120.70182037353516,-55.57100296020508
196.725021362,120.76468658447266,-55.68478775024414
196.924240112,120.88513946533203,-55.905887603759766
197.073654174,120.96942901611328,-56.06564712524414
197.272872924,121.08792114257812,-56.29245376586914
197.472091674,121.208984375,-56.52255630493164
197.621505737,121.30670166015625,-56.7061882019043
197.820724487,121.42486572265625,-56.93317413330078
198.036544799,121.54426574707031,-57.164154052734375
198.185958862,121.63934326171875,-57.349159240722656
198.385177612,121.7554931640625,-57.580238342285156
198.534591674,121.82789611816406,-57.73197555541992
198.733810424,121.84025573730469,-57.75820541381836
198.933029174,121.84558868408203,-57.76951217651367
199.082443237,121.91212463378906,-57.94304275512695
199.281661987,121.9571533203125,-58.195804595947266
199.480880737,121.9539566040039,-58.44462585449219
199.680099487,121.9332275390625,-58.703792572021484
199.829513549,121.91468048095703,-58.88209533691406
200.045333862,121.88553619384766,-59.16659927368164
200.194747924,121.87211608886719,-59.34809112548828
200.393966674,121.88184356689453,-59.60764694213867
200.593185424,121.92886352539062,-59.863216400146484
200.792404174,121.99949645996094,-60.110511779785156
200.941818237,122.06420135498047,-60.3053092956543
201.141036987,122.1472396850586,-60.54881286621094
201.290451049,122.20818328857422,-60.720306396484375
201.506271362,122.30693054199219,-60.98871994018555
201.655685424,122.3727035522461,-61.15842056274414
201.854904174,122.468994140625,-61.39844512939453
202.054122924,122.56863403320312,-61.63860321044922
202.253341674,122.65967559814453,-61.86874008178711
202.402755737,122.66533660888672,-61.88317108154297
202.601974487,122.66533660888672,-61.88317108154297
202.801193237,122.66533660888672,-61.88317108154297
202.950607299,122.66533660888672,-61.88317108154297
203.149826049,122.684326171875,-61.885616302490234
203.365646362,122.8274917602539,-61.84797668457031
203.564865112,122.97142791748047,-61.6728401184082
203.764083862,123.00262451171875,-61.54600143432617
203.913497924,123.00262451171875,-61.54600143432617
204.112716674,123.00262451171875,-61.54600143432617
204.311935424,123.00262451171875,-61.54600143432617
204.511154174,123.00262451171875,-61.54600143432617
204.710372924,123.00262451171875,-61.54600143432617
204.876388549,123.00262451171875,-61.54600143432617
205.075607299,123.00262451171875,-61.54600143432617
205.274826049,123.02759552001953,-61.546836853027344
205.474044799,123.26224517822266,-61.6446533203125
205.673263549,123.40296173095703,-61.858909606933594
205.822677612,123.42286682128906,-62.06485366821289
206.021896362,123.38648986816406,-62.320777893066406
206.171310424,123.35676574707031,-62.492000579833984
206.370529174,123.3388900756836,-62.740108489990234
206.569747924,123.36804962158203,-62.99114990234375
206.735763549,123.42508697509766,-63.18671798706055
206.934982299,123.52267456054688,-63.420223236083984
207.134201049,123.63349914550781,-63.65542221069336
207.333419799,123.74214172363281,-63.891639709472656
207.482833862,123.78343963623047,-63.98219680786133
207.682052612,123.78343963623047,-63.98219680786133
207.881271362,123.78343963623047,-63.98219680786133
208.080490112,123.78343963623047,-63.98219680786133
208.229904174,123.78343963623047,-63.98219680786133
208.445724487,123.78343963623047,-63.98219680786133
208.644943237,123.78466796875,-63.9827995300293
208.844161987,123.78592681884766,-63.98333740234375
209.043380737,123.82709503173828,-63.96254348754883
209.192794799,123.93824005126953,-63.836971282958984
209.392013549,123.99713897705078,-63.587379455566406
209.591232299,123.93679809570312,-63.34551239013672
209.790451049,123.82648468017578,-63.11477279663086
209.956466674,123.73329162597656,-62.933441162109375
210.105880737,123.65415954589844,-62.74709701538086
210.305099487,123.5796127319336,-62.49811553955078
210.504318237,123.53411865234375,-62.243675231933594
210.653732299,123.5138168334961,-62.06831741333008
210.852951049,123.51008605957031,-62.032108306884766
211.052169799,123.51008605957031,-62.032108306884766
211.201583862,123.51008605957031,-62.032108306884766
211.400802612,123.51008605957031,-62.032108306884766
211.600021362,123.51008605957031,-62.032108306884766
211.815841674,123.51008605957031,-62.032108306884766
211.965255737,123.51008605957031,-62.032108306884766
212.164474487,123.51008605957031,-62.032108306884766
212.363693237,123.51008605957031,-62.032108306884766
212.562911987,123.51008605957031,-62.032108306884766
212.762130737,123.51008605957031,-62.032108306884766
212.911544799,123.51008605957031,-62.032108306884766
213.160568237,123.5108413696289,-62.028072357177734
213.359786987,123.51715087890625,-62.0191535949707
213.525802612,123.62409210205078,-61.95977020263672
213.725021362,123.86554718017578,-61.959754943847656
213.924240112,124.06790924072266,-62.09880065917969
214.123458862,124.19156646728516,-62.326351165771484
214.223068237,124.23674011230469,-62.4453239440918
214.422286987,124.35134887695312,-62.67374038696289
214.621505737,124.50817108154297,-62.87702560424805
214.820724487,124.70169067382812,-63.04829406738281
214.970138549,124.84917449951172,-63.15486526489258
215.185958862,125.08997344970703,-63.30397033691406
215.385177612,125.31301879882812,-63.43757247924805
215.584396362,125.53319549560547,-63.57585144042969
215.783615112,125.74687957763672,-63.719078063964844
215.982833862,125.96014404296875,-63.867733001708984
216.132247924,126.10442352294922,-63.978660583496094
216.331466674,126.31188201904297,-64.13536834716797
216.530685424,126.52007293701172,-64.29109191894531
216.729904174,126.59896850585938,-64.35010528564453
216.895919799,126.74951171875,-64.44210052490234
217.095138549,126.98320770263672,-64.48485565185547
217.294357299,127.21894836425781,-64.38430786132812
217.493576049,127.3741683959961,-64.17810821533203
217.692794799,127.4741439819336,-63.938175201416016
217.892013549,127.59525299072266,-63.71342849731445
218.091232299,127.7718505859375,-63.52732467651367
218.290451049,127.98674011230469,-63.38149642944336
218.456466674,128.1723175048828,-63.28765869140625
218.655685424,128.4102325439453,-63.18278503417969
218.854904174,128.64102172851562,-63.075538635253906
219.054122924,128.8638458251953,-62.955501556396484
219.253341674,129.08322143554688,-62.826499938964844
219.402755737,129.25987243652344,-62.7193717956543
219.601974487,129.47743225097656,-62.57707595825195
219.801193237,129.68763732910156,-62.43119812011719
220.000411987,129.9042510986328,-62.287452697753906
220.216232299,130.1212615966797,-62.14930725097656
220.415451049,130.3437042236328,-62.014705657958984
220.614669799,130.56680297851562,-61.88121795654297
220.813888549,130.78761291503906,-61.74919509887695
220.963302612,130.96681213378906,-61.64360427856445
221.162521362,131.16030883789062,-61.53377151489258
221.361740112,131.16204833984375,-61.53279495239258
221.560958862,131.16323852539062,-61.532127380371094
221.760177612,131.17446899414062,-61.527130126953125
221.975997924,131.21078491210938,-61.53299331665039
222.175216674,131.31544494628906,-61.6247444152832
222.324630737,131.39723205566406,-61.812721252441406
222.523849487,131.38893127441406,-62.061058044433594
222.723068237,131.31787109375,-62.31111145019531
222.872482299,131.27243041992188,-62.48589324951172
223.071701049,131.23104858398438,-62.731319427490234
223.270919799,131.22767639160156,-62.98823165893555
223.470138549,131.2618865966797,-63.24587631225586
223.636154174,131.30430603027344,-63.449462890625
223.835372924,131.35763549804688,-63.69414138793945
224.034591674,131.40414428710938,-63.94158935546875
224.184005737,131.4342498779297,-64.14045715332031
224.383224487,131.46441650390625,-64.39868927001953
224.582443237,131.48887634277344,-64.65751647949219
224.781661987,131.51571655273438,-64.90926361083984
224.931076049,131.53114318847656,-65.08236694335938
225.130294799,131.55877685546875,-65.34087371826172
225.329513549,131.58810424804688,-65.59920501708984
225.495529174,131.61399841308594,-65.80419158935547
225.694747924,131.64578247070312,-66.06222534179688
225.893966674,131.6781463623047,-66.32018280029297
226.093185424,131.7096710205078,-66.57135772705078
226.242599487,131.73312377929688,-66.7739028930664
226.441818237,131.76287841796875,-67.02530670166016
226.641036987,131.7881622314453,-67.2840576171875
226.790451049,131.8076629638672,-67.46501159667969
227.006271362,131.83348083496094,-67.73611450195312
227.155685424,131.84805297851562,-67.86592864990234
227.354904174,131.84817504882812,-67.8669204711914
227.554122924,131.84632873535156,-67.87908935546875
227.703536987,131.83139038085938,-67.89086151123047
227.902755737,131.63954162597656,-67.90933227539062
228.052169799,131.4749755859375,-67.84895324707031
228.201583862,131.3341522216797,-67.70416259765625
228.400802612,131.24534606933594,-67.4607925415039
228.600021362,131.1796112060547,-67.20928955078125
228.749435424,131.11244201660156,-67.04035949707031
228.915451049,130.9983673095703,-66.86695861816406
229.114669799,130.8111114501953,-66.68708801269531
229.264083862,130.64585876464844,-66.56085205078125
229.413497924,130.4992218017578,-66.45539855957031
229.612716674,130.3006591796875,-66.3050537109375
229.762130737,130.13818359375,-66.17515563964844
229.961349487,129.9463653564453,-66.00993347167969
230.110763549,129.81532287597656,-65.89366912841797
230.260177612,129.6610565185547,-65.75414276123047
230.426193237,129.50709533691406,-65.61425018310547
230.625411987,129.31341552734375,-65.44078063964844
230.774826049,129.17930603027344,-65.32598114013672
230.974044799,128.98072814941406,-65.15814971923828
231.123458862,128.8208465576172,-65.02508544921875
231.272872924,128.68215942382812,-64.91368865966797
231.472091674,128.482177734375,-64.75186920166016
231.571701049,128.38511657714844,-64.67168426513672
231.721115112,128.2255096435547,-64.5404281616211
231.920333862,128.02359008789062,-64.38101196289062
232.086349487,127.86043548583984,-64.25204467773438
232.235763549,127.72307586669922,-64.14558410644531
232.434982299,127.51676177978516,-63.98739242553711
232.634201049,127.31135559082031,-63.828067779541016
232.783615112,127.15701293945312,-63.69906997680664
232.933029174,127.01607513427734,-63.586097717285156
233.132247924,126.81106567382812,-63.426212310791016
233.281661987,126.64624786376953,-63.303863525390625
233.431076049,126.50347900390625,-63.1977424621582
233.630294799,126.29882049560547,-63.046443939208984
233.796310424,126.13980102539062,-62.921043395996094
233.945724487,125.97693634033203,-62.79167556762695
234.144943237,125.77223205566406,-62.63140106201172
234.294357299,125.62640380859375,-62.52250671386719
234.443771362,125.46073150634766,-62.39676284790039
234.642990112,125.25518035888672,-62.2420654296875
234.792404174,125.1123046875,-62.12933349609375
234.941818237,124.9546127319336,-62.00446319580078
235.141036987,124.754150390625,-61.84321975708008
235.290451049,124.61006927490234,-61.732032775878906
235.439865112,124.46642303466797,-61.620262145996094
235.605880737,124.28216552734375,-61.478248596191406
235.805099487,124.07296752929688,-61.32386016845703
235.954513549,123.92706298828125,-61.2150993347168
236.103927612,123.76390075683594,-61.09510040283203
236.303146362,123.55538940429688,-60.939796447753906
236.452560424,123.41159057617188,-60.82826232910156
236.651779174,123.21149444580078,-60.66657257080078
236.801193237,123.0471420288086,-60.539100646972656
237.000411987,122.8419418334961,-60.37943649291992
237.149826049,122.6982650756836,-60.27225875854492
237.315841674,122.52867889404297,-60.151832580566406
237.465255737,122.35885620117188,-60.03173828125
237.664474487,122.15003967285156,-59.876983642578125
237.813888549,122.02249908447266,-59.75708770751953
238.013107299,121.87874603271484,-59.5497932434082
238.162521362,121.81393432617188,-59.352745056152344
238.361740112,121.796630859375,-59.10625076293945
238.560958862,121.81997680664062,-58.857025146484375
238.710372924,121.84660339355469,-58.6769905090332
238.926193237,121.88681030273438,-58.39384841918945
239.075607299,121.90458679199219,-58.21824645996094
239.274826049,121.91595458984375,-57.95987319946289
239.474044799,121.91905212402344,-57.701271057128906
239.673263549,121.91849517822266,-57.45084762573242
239.822677612,121.91803741455078,-57.24831771850586
240.021896362,121.91744232177734,-56.99104690551758
240.221115112,121.91683197021484,-56.73103713989258
240.370529174,121.91641998291016,-56.5517692565918
240.586349487,121.91581726074219,-56.27808380126953
240.785568237,121.91521453857422,-56.01944351196289
240.984786987,121.91461181640625,-55.76080322265625
241.134201049,121.91421508789062,-55.58427429199219
241.333419799,121.91361999511719,-55.327003479003906
241.532638549,121.91300964355469,-55.066993713378906
241.731857299,121.91242218017578,-54.811092376708984
241.881271362,121.91195678710938,-54.60719299316406
242.080490112,121.91136169433594,-54.34992218017578
242.229904174,121.91093444824219,-54.16791534423828
242.445724487,121.91028594970703,-53.88601303100586
242.644943237,121.90971374511719,-53.632850646972656
242.794357299,121.90928649902344,-53.450843811035156
242.993576049,121.90869903564453,-53.194942474365234
243.192794799,121.90812683105469,-52.94178009033203
243.342208862,121.90887451171875,-52.7392578125
243.541427612,121.92283630371094,-52.483882904052734
243.740646362,121.97991943359375,-52.23917007446289
243.890060424,122.0484848022461,-52.08565139770508
244.105880737,122.21598052978516,-51.85979080200195
244.305099487,122.39685821533203,-51.692970275878906
244.504318237,122.60791015625,-51.54362869262695
244.703536987,122.81795501708984,-51.40726089477539
244.902755737,123.02985382080078,-51.263858795166016
245.052169799,123.1690444946289,-51.159793853759766
245.251388549,123.37322235107422,-51.001075744628906
245.450607299,123.57093811035156,-50.83652114868164
245.649826049,123.72916412353516,-50.698463439941406
245.865646362,123.73067474365234,-50.69715118408203
246.064865112,123.73067474365234,-50.69715118408203
246.264083862,123.73067474365234,-50.69715118408203
246.413497924,123.73067474365234,-50.69715118408203
246.612716674,123.73067474365234,-50.69715118408203
246.811935424,123.73067474365234,-50.69715118408203
247.011154174,123.73461151123047,-50.6962776184082
247.210372924,123.74484252929688,-50.69971466064453
247.376388549,123.75023651123047,-50.70584487915039
247.575607299,123.7650375366211,-50.896263122558594
247.725021362,123.68453979492188,-51.07413864135742
247.874435424,123.5513687133789,-51.19063949584961
248.073654174,123.32525634765625,-51.29079055786133
248.223068237,123.13434600830078,-51.358394622802734
248.372482299,122.96637725830078,-51.42095184326172
248.571701049,122.73716735839844,-51.531131744384766
248.721115112,122.5654525756836,-51.643455505371094
248.870529174,122.42239379882812,-51.75584411621094
249.036544799,122.26953125,-51.896820068359375
249.136154174,122.18006134033203,-51.98923110961914
249.285568237,122.05023193359375,-52.14276885986328
249.484786987,121.9209976196289,-52.355125427246094
249.634201049,121.85743713378906,-52.524017333984375
249.783615112,121.81720733642578,-52.727821350097656
249.982833862,121.81340789794922,-52.97794723510742
250.132247924,121.82799530029297,-53.1524658203125
250.331466674,121.85690307617188,-53.410865783691406
250.480880737,121.87582397460938,-53.61525344848633
250.680099487,121.89152526855469,-53.86105728149414
250.829513549,121.89801025390625,-54.03609085083008
250.995529174,121.90064239501953,-54.235862731933594
251.194747924,121.89671325683594,-54.49582290649414
251.344161987,121.88917541503906,-54.696834564208984
251.543380737,121.87958526611328,-54.94432830810547
251.692794799,121.8732681274414,-55.11936950683594
251.892013549,121.87001037597656,-55.375240325927734
252.041427612,121.86915588378906,-55.583248138427734
252.240646362,121.86814880371094,-55.83230209350586
252.390060424,121.867431640625,-56.00883102416992
252.605880737,121.86630249023438,-56.286624908447266
252.755294799,121.86555480957031,-56.468631744384766
252.954513549,121.86450958251953,-56.72453308105469
253.103927612,121.86368560791016,-56.92706298828125
253.303146362,121.8626480102539,-57.18159484863281
253.452560424,121.86190032958984,-57.36360168457031
253.651779174,121.86294555664062,-57.6194953918457
253.850997924,121.8651351928711,-57.875370025634766
254.000411987,121.86687469482422,-58.077884674072266
254.216232299,121.86908721923828,-58.33785629272461
254.415451049,121.87127685546875,-58.59373092651367
254.564865112,121.87301635742188,-58.79624557495117
254.764083862,121.87522888183594,-59.056217193603516
254.963302612,121.88113403320312,-59.31610107421875
255.112716674,121.89796447753906,-59.49039840698242
255.311935424,121.95767974853516,-59.74168014526367
255.461349487,122.04265594482422,-59.92518615722656
255.660568237,122.19190216064453,-60.12913131713867
255.809982299,122.31851959228516,-60.25196838378906
256.025787353,122.54856872558594,-60.4214973449707
256.225006103,122.7593002319336,-60.55933380126953
256.374420166,122.90870666503906,-60.65840148925781
256.573638916,123.10735321044922,-60.80401611328125
256.772857666,123.30992126464844,-60.96035385131836
256.972076416,123.50025939941406,-61.120948791503906
257.171295166,123.69705200195312,-61.2908935546875
257.320709228,123.85637664794922,-61.424598693847656
257.519927978,124.03187561035156,-61.57096862792969
257.735748291,124.25718688964844,-61.74710464477539
257.885162353,124.42308044433594,-61.87259292602539
258.084381103,124.62428283691406,-62.02846908569336
258.283599853,124.827392578125,-62.19077682495117
258.433013916,124.96564483642578,-62.30488967895508
258.632232666,125.16339874267578,-62.467281341552734
258.831451416,125.36406707763672,-62.632591247558594
259.030670166,125.56372833251953,-62.79908752441406
259.229888916,125.76162719726562,-62.96129608154297
259.395904541,125.92221069335938,-63.09349822998047
259.595123291,126.1240234375,-63.257408142089844
259.744537353,126.28858184814453,-63.384613037109375
259.943756103,126.4911117553711,-63.53877639770508
260.142974853,126.69588470458984,-63.69898223876953
260.292388916,126.83587646484375,-63.8065071105957
260.491607666,127.03324890136719,-63.958396911621094
260.690826416,127.23759460449219,-64.11917877197266
260.840240478,127.40036010742188,-64.24871063232422
261.056060791,127.60215759277344,-64.41266632080078
261.205474853,127.75932312011719,-64.5403823852539
261.404693603,127.96019744873047,-64.70329284667969
261.603912353,128.16415405273438,-64.86006927490234
261.803131103,128.37232971191406,-65.01582336425781
261.952545166,128.51853942871094,-65.12419128417969
262.151763916,128.72509765625,-65.27755737304688
262.350982666,128.9263458251953,-65.43330383300781
262.550201416,129.12648010253906,-65.5927505493164
262.716217041,129.28871154785156,-65.72291564941406
262.915435791,129.4952850341797,-65.8807601928711
263.064849853,129.6573944091797,-66.00436401367188
263.264068603,129.85302734375,-66.17539978027344
263.463287353,130.0066680908203,-66.37394714355469
263.612701416,130.08145141601562,-66.53954315185547
263.811920166,130.12905883789062,-66.79158020019531
263.961334228,130.11822509765625,-66.99895477294922
264.110748291,130.0909881591797,-67.17060852050781
264.260162353,130.06007385253906,-67.37076568603516
264.475982666,130.0351104736328,-67.6267318725586
264.625396728,130.0221710205078,-67.83158111572266
264.824615478,130.00314331054688,-68.07991027832031
264.974029541,129.98965454101562,-68.25456237792969
265.173248291,129.9752197265625,-68.5086669921875
265.322662353,129.96974182128906,-68.69158172607422
265.521881103,129.96971130371094,-68.6935806274414
265.721099853,129.96971130371094,-68.6935806274414
265.870513916,129.96971130371094,-68.6935806274414
266.086334228,129.96971130371094,-68.6935806274414
266.235748291,129.96971130371094,-68.6935806274414
266.434967041,129.9760284423828,-68.89839935302734
266.634185791,130.0039520263672,-69.14997100830078
266.833404541,130.0319061279297,-69.40157318115234
266.982818603,130.04885864257812,-69.60749816894531
267.182037353,130.06283569335938,-69.86711120605469
267.381256103,130.06854248046875,-70.12294006347656
267.530670166,130.0677490234375,-70.29672241210938
267.729888916,130.0597381591797,-70.55110931396484
267.945709228,130.04429626464844,-70.83534240722656
268.095123291,130.03582763671875,-71.01029968261719
268.294342041,130.02685546875,-71.25779724121094
268.443756103,130.01602172851562,-71.46002960205078
268.642974853,129.9965057373047,-71.71930694580078
268.842193603,129.97740173339844,-71.97724151611328
268.991607666,129.96823120117188,-72.15352630615234
269.190826416,129.96197509765625,-72.40385437011719
269.390045166,129.96347045898438,-72.66111755371094
269.556060791,129.96652221679688,-72.86912536621094
269.755279541,129.97012329101562,-73.11952209472656
269.954498291,129.97361755371094,-73.37678527832031
270.153717041,129.9638214111328,-73.63650512695312
270.352935791,129.92703247070312,-73.88815307617188
270.552154541,129.8511505126953,-74.1336898803711
270.751373291,129.7430877685547,-74.37006378173828
270.950592041,129.62109375,-74.5965347290039
271.149810791,129.50132751464844,-74.82109069824219
271.365631103,129.37246704101562,-75.07640838623047
271.564849853,129.2569580078125,-75.30628204345703
271.764068603,129.1446533203125,-75.53620910644531
271.913482666,129.06752014160156,-75.70106506347656
272.112701416,128.9591064453125,-75.9373779296875
272.311920166,128.85430908203125,-76.17229461669922
272.461334228,128.76559448242188,-76.36039733886719
272.660552978,128.64840698242188,-76.59248352050781
272.809967041,128.63522338867188,-76.61831665039062
272.975982666,128.63522338867188,-76.61831665039062
273.175201416,128.63522338867188,-76.61831665039062
273.424224853,128.63522338867188,-76.61831665039062
273.623443603,128.63522338867188,-76.61831665039062
273.822662353,128.63522338867188,-76.61831665039062
274.021881103,128.63522338867188,-76.61831665039062
274.270904541,128.63522338867188,-76.61831665039062
274.470123291,128.63522338867188,-76.61831665039062
274.685943603,128.63522338867188,-76.61831665039062
274.885162353,128.63522338867188,-76.61831665039062
275.084381103,128.63522338867188,-76.61831665039062
275.283599853,128.63522338867188,-76.61831665039062
275.482818603,128.63522338867188,-76.61831665039062
275.682037353,128.63522338867188,-76.61831665039062
275.931060791,128.63522338867188,-76.61831665039062
276.130279541,128.63522338867188,-76.61831665039062
276.296295166,128.63522338867188,-76.61831665039062
276.545318603,128.63522338867188,-76.61831665039062
276.744537353,128.63522338867188,-76.61831665039062
276.893951416,128.63522338867188,-76.61831665039062
277.093170166,128.63522338867188,-76.61831665039062
277.292388916,128.6348876953125,-76.6305160522461
277.541412353,128.64321899414062,-76.64591979980469
277.740631103,128.66355895996094,-76.65392303466797
277.956451416,128.7349853515625,-76.64077758789062
278.155670166,128.92811584472656,-76.49788665771484
278.354888916,129.01547241210938,-76.26274871826172
278.554107666,128.97360229492188,-76.01054382324219
278.753326416,128.88076782226562,-75.76771545410156
278.902740478,128.85830688476562,-75.70406341552734
279.101959228,128.85830688476562,-75.70406341552734
279.301177978,128.85830688476562,-75.70406341552734
279.450592041,128.8257598876953,-75.69364929199219
279.649810791,128.5851287841797,-75.71056365966797
279.815826416,128.42042541503906,-75.82508850097656
280.015045166,128.3172607421875,-76.04963684082031
280.214263916,128.31045532226562,-76.1558609008789
280.413482666,128.31045532226562,-76.1558609008789
280.612701416,128.31045532226562,-76.1558609008789
280.811920166,128.31045532226562,-76.1558609008789
281.060943603,128.31045532226562,-76.1558609008789
281.260162353,128.31045532226562,-76.1558609008789
281.376373291,128.31045532226562,-76.1558609008789
281.575592041,128.31045532226562,-76.1558609008789
281.774810791,128.31045532226562,-76.1558609008789
281.974029541,128.31045532226562,-76.1558609008789
282.173248291,128.31045532226562,-76.1558609008789
282.372467041,128.31045532226562,-76.1558609008789
282.571685791,128.31045532226562,-76.1558609008789
282.770904541,128.31045532226562,-76.1558609008789
282.970123291,128.31045532226562,-76.1558609008789
283.185943603,128.31045532226562,-76.1558609008789
283.385162353,128.31045532226562,-76.1558609008789
283.584381103,128.31045532226562,-76.1558609008789
283.783599853,128.31045532226562,-76.1558609008789
283.982818603,128.31045532226562,-76.1558609008789
284.182037353,128.31045532226562,-76.1558609008789
284.381256103,128.31045532226562,-76.1558609008789
284.580474853,128.31045532226562,-76.1558609008789
284.729888916,128.31045532226562,-76.1558609008789
284.945709228,128.32247924804688,-76.3427505493164
285.144927978,128.23980712890625,-76.5797348022461
285.344146728,128.04098510742188,-76.73145294189453
285.493560791,127.87386322021484,-76.78327941894531
285.692779541,127.63040161132812,-76.84186553955078
285.842193603,127.44062042236328,-76.9039077758789
286.041412353,127.21118927001953,-77.01664733886719
286.190826416,127.05989074707031,-77.11767578125
286.390045166,126.86283111572266,-77.27643585205078
286.556060791,126.71387481689453,-77.41563415527344
286.755279541,126.53338623046875,-77.58922576904297
286.954498291,126.34386444091797,-77.76315307617188
287.103912353,126.18526458740234,-77.897705078125
287.303131103,125.98672485351562,-78.05695343017578
287.502349853,125.78181457519531,-78.21472930908203
287.701568603,125.5804214477539,-78.3658676147461
287.850982666,125.43698120117188,-78.4710922241211
288.050201416,125.29934692382812,-78.57506561279297
288.249420166,125.29934692382812,-78.57506561279297
288.415435791,125.2894287109375,-78.58267211914062
288.564849853,125.14111328125,-78.68272399902344
288.764068603,124.91383361816406,-78.80309295654297
288.913482666,124.74990844726562,-78.87895202636719
289.112701416,124.51652526855469,-78.98048400878906
289.311920166,124.27726745605469,-79.08218383789062
289.461334228,124.08853149414062,-79.16284942626953
289.660552978,123.8568115234375,-79.26476287841797
289.876373291,123.62674713134766,-79.37359619140625
290.025787353,123.4380874633789,-79.46116638183594
290.225006103,123.2020034790039,-79.55986022949219
290.374420166,123.03596496582031,-79.62369537353516
290.573638916,122.78987121582031,-79.70752716064453
290.723052978,122.59375,-79.76803588867188
290.922271728,122.35005950927734,-79.8365707397461
291.121490478,122.10623168945312,-79.90462493896484
291.270904541,121.9328384399414,-79.95518493652344
291.470123291,121.69332122802734,-80.02820587158203
291.636138916,121.49584197998047,-80.09352111816406
291.835357666,121.25305938720703,-80.17861938476562
291.984771728,121.05731964111328,-80.24899291992188
292.183990478,120.81332397460938,-80.33879089355469
292.333404541,120.64226531982422,-80.4009780883789
292.532623291,120.39593505859375,-80.4841079711914
292.682037353,120.20087432861328,-80.54801177978516
292.831451416,120.17334747314453,-80.55712127685547
293.030670166,119.99612426757812,-80.63148498535156
293.229888916,119.81932067871094,-80.8079833984375
293.395904541,119.74995422363281,-81.00316619873047
293.595123291,119.72199249267578,-81.26146697998047
293.744537353,119.70260620117188,-81.46442413330078
293.943756103,119.65786743164062,-81.71484375
294.142974853,119.58522033691406,-81.96435546875
294.342193603,119.48075866699219,-82.19158935546875
294.541412353,119.34266662597656,-82.41022491455078
294.690826416,119.24362182617188,-82.55633544921875
294.890045166,119.09860229492188,-82.7720947265625
295.105865478,119.08285522460938,-82.79644775390625
295.255279541,119.08285522460938,-82.79644775390625
295.454498291,119.08285522460938,-82.79644775390625
295.653717041,119.07606506347656,-82.80693817138672
295.852935791,118.93193054199219,-82.98687744140625
296.002349853,118.77584075927734,-83.11985778808594
296.201568603,118.56355285644531,-83.2601089477539
296.400787353,118.33851623535156,-83.39030456542969
296.600006103,118.11466217041016,-83.51981353759766
296.766021728,117.94247436523438,-83.62643432617188
296.965240478,117.7238998413086,-83.7672119140625
297.114654541,117.57430267333984,-83.87081909179688
297.313873291,117.36824035644531,-84.02932739257812
297.463287353,117.20742797851562,-84.1568832397461
297.662506103,117.00485229492188,-84.3154525756836
297.861724853,116.9402847290039,-84.36436462402344
298.011138916,116.9402847290039,-84.36436462402344
298.210357666,116.9402847290039,-84.36436462402344
298.376373291,116.9402847290039,-84.36436462402344
298.575592041,116.9402847290039,-84.36436462402344
298.774810791,116.9402847290039,-84.36436462402344
298.874420166,116.9402847290039,-84.36436462402344
299.073638916,116.94188690185547,-84.37240600585938
299.272857666,116.95500946044922,-84.38941955566406
299.472076416,117.07479858398438,-84.43757629394531
299.671295166,117.32536315917969,-84.40812683105469
299.870513916,117.5324935913086,-84.25868225097656
300.036529541,117.66241455078125,-84.10000610351562
300.235748291,117.8048095703125,-83.89900207519531
300.434967041,117.9628677368164,-83.70679473876953
300.634185791,118.1495361328125,-83.52593994140625
300.833404541,118.34932708740234,-83.36620330810547
301.032623291,118.5658950805664,-83.22244262695312
301.231842041,118.79071044921875,-83.0918960571289
301.431060791,119.01695251464844,-82.96943664550781
301.630279541,119.23184204101562,-82.84913635253906
301.846099853,119.46659851074219,-82.69312286376953
302.045318603,119.68133544921875,-82.54651641845703
302.244537353,119.896484375,-82.40052795410156
302.443756103,120.11044311523438,-82.25279998779297
302.642974853,120.32476806640625,-82.10560607910156
302.842193603,120.38182067871094,-82.06771850585938
303.041412353,120.38182067871094,-82.06771850585938
303.240631103,120.38182067871094,-82.06771850585938
303.390045166,120.38182067871094,-82.06771850585938
303.605865478,120.38182067871094,-82.06771850585938
303.805084228,120.39292907714844,-82.07269287109375
304.004302978,120.43663787841797,-82.1570816040039
304.203521728,120.43489837646484,-82.3973617553711
304.402740478,120.30219268798828,-82.60765838623047
304.601959228,120.09117889404297,-82.7586441040039
304.801177978,119.86983489990234,-82.87862396240234
305.000396728,119.65294647216797,-83.01150512695312
305.149810791,119.51324462890625,-83.12371063232422
305.365631103,119.3149185180664,-83.32937622070312
305.564849853,119.15863037109375,-83.53192901611328
305.764068603,119.01202392578125,-83.74663543701172
305.963287353,118.87413787841797,-83.95730590820312
306.162506103,118.72914123535156,-84.16814422607422
306.361724853,118.57275390625,-84.37578582763672
306.511138916,118.459228515625,-84.51801300048828
306.710357666,118.2907943725586,-84.71245574951172
306.926177978,118.10590362548828,-84.92343139648438
307.075592041,117.98687744140625,-85.06111145019531
307.274810791,117.82518768310547,-85.2558822631836
307.474029541,117.66358184814453,-85.45954895019531
307.673248291,117.5098648071289,-85.66923522949219
307.872467041,117.36222076416016,-85.8731689453125
308.071685791,117.2116470336914,-86.07835388183594
308.221099853,117.08895111083984,-86.24290466308594
308.420318603,116.92901611328125,-86.4478988647461
308.636138916,116.76985168457031,-86.65348815917969
308.835357666,116.60791778564453,-86.85692596435547
308.984771728,116.47940063476562,-87.02047729492188
309.183990478,116.32234954833984,-87.2190170288086
309.383209228,116.17530822753906,-87.41468048095703
309.582427978,116.1648941040039,-87.4287338256836
309.781646728,116.1648941040039,-87.4287338256836
309.980865478,116.1648941040039,-87.4287338256836
310.180084228,116.1648941040039,-87.4287338256836
310.329498291,116.16199493408203,-87.4918441772461
310.545318603,116.24136352539062,-87.68589782714844
310.744537353,116.4537582397461,-87.81749725341797
310.943756103,116.71102142333984,-87.84593963623047
311.142974853,116.96907806396484,-87.81548309326172
311.342193603,117.22564697265625,-87.77336883544922
311.541412353,117.47168731689453,-87.73522186279297
311.740631103,117.73120880126953,-87.73479461669922
311.956451416,117.97472381591797,-87.79053497314453
312.155670166,118.20624542236328,-87.88919067382812
312.354888916,118.44178009033203,-87.9959716796875
312.504302978,118.63490295410156,-88.06932067871094
312.703521728,118.88253021240234,-88.14856719970703
312.902740478,119.1328353881836,-88.21886444091797
313.151763916,119.43516540527344,-88.29595947265625
313.350982666,119.6763687133789,-88.35797119140625
313.550201416,119.91998291015625,-88.4158935546875
313.716217041,120.11933898925781,-88.45865631103516
313.915435791,120.36919403076172,-88.51385498046875
314.114654541,120.62118530273438,-88.57781219482422
314.313873291,120.87232208251953,-88.63933563232422
314.513092041,121.12362670898438,-88.6792984008789
314.762115478,121.45502471923828,-88.71955108642578
314.961334228,121.71334075927734,-88.73211669921875
315.160552978,121.97207641601562,-88.75659942626953
315.309967041,122.14893341064453,-88.78568267822266
315.525787353,122.42679595947266,-88.85307312011719
315.725006103,122.67808532714844,-88.91976165771484
315.974029541,122.96956634521484,-88.9892578125
316.173248291,123.21570587158203,-89.04235076904297
316.272857666,123.34129333496094,-89.07014465332031
316.472076416,123.38945007324219,-89.08055114746094
316.671295166,123.38945007324219,-89.08055114746094
316.870513916,123.38945007324219,-89.08055114746094
317.086334228,123.62483215332031,-89.12751007080078
317.285552978,123.87419128417969,-89.17853546142578
317.484771728,123.89787292480469,-89.18379974365234
317.683990478,123.89787292480469,-89.18379974365234
317.883209228,123.89787292480469,-89.18379974365234
318.082427978,123.89787292480469,-89.18379974365234
318.331451416,123.89787292480469,-89.18379974365234
318.530670166,123.89787292480469,-89.18379974365234
318.729888916,123.89787292480469,-89.18379974365234
318.945709228,123.91007232666016,-89.18651580810547
319.144927978,124.15088653564453,-89.22142028808594
319.344146728,124.41053771972656,-89.23441314697266
319.543365478,124.66338348388672,-89.2470474243164
319.742584228,124.91891479492188,-89.26103210449219
319.991607666,125.16790008544922,-89.27718353271484
320.190826416,125.16889953613281,-89.27725982666016
320.390045166,125.16889953613281,-89.27725982666016
320.605865478,125.16889953613281,-89.27725982666016
320.854888916,125.16889953613281,-89.27725982666016
321.054107666,125.16889953613281,-89.27725982666016
321.253326416,125.16889953613281,-89.27725982666016
321.452545166,125.16889953613281,-89.27725982666016
321.651763916,125.16889953613281,-89.27725982666016
321.850982666,125.16889953613281,-89.27725982666016
322.050201416,125.16889953613281,-89.27725982666016
322.266021728,125.16889953613281,-89.27725982666016
322.465240478,125.17709350585938,-89.27778625488281
322.664459228,125.19892120361328,-89.27682495117188
322.863677978,125.20221710205078,-89.27438354492188
323.062896728,125.24773406982422,-89.18280792236328
323.262115478,125.24301147460938,-88.93570709228516
323.461334228,125.10899353027344,-88.729736328125
323.610748291,124.95862579345703,-88.62777709960938
323.760162353,124.77136993408203,-88.53739929199219
323.909576416,124.60855102539062,-88.46574401855469
324.125396728,124.3612289428711,-88.32298278808594
324.274810791,124.2210464477539,-88.20722198486328
324.474029541,124.167724609375,-88.14765930175781
324.623443603,124.167724609375,-88.14765930175781
324.822662353,124.167724609375,-88.14765930175781
324.972076416,124.167724609375,-88.14765930175781
325.171295166,124.16454315185547,-88.13313293457031
325.370513916,124.17984008789062,-88.10433197021484
325.586334228,124.38973236083984,-87.98250579833984
325.785552978,124.64786529541016,-87.9623031616211
325.984771728,124.89678955078125,-88.00663757324219
326.183990478,125.14585876464844,-88.07103729248047
326.383209228,125.3908920288086,-88.1222915649414
326.582427978,125.6451187133789,-88.15076446533203
326.781646728,125.90499114990234,-88.1552963256836
327.030670166,126.20821380615234,-88.13693237304688
327.229888916,126.46249389648438,-88.1261215209961
327.395904541,126.66773223876953,-88.12326049804688
327.595123291,126.9208755493164,-88.12249755859375
327.844146728,127.24515533447266,-88.12150573730469
328.043365478,127.4969253540039,-88.12074279785156
328.242584228,127.7569351196289,-88.11997985839844
328.441802978,128.0155792236328,-88.11921691894531
328.641021728,128.26597595214844,-88.11845397949219
328.890045166,128.49888610839844,-88.11776733398438
329.056060791,128.49989318847656,-88.11776733398438
329.255279541,128.49989318847656,-88.11776733398438
329.504302978,128.49989318847656,-88.11776733398438
329.703521728,128.49989318847656,-88.11776733398438
329.902740478,128.49989318847656,-88.11776733398438
330.101959228,128.73703002929688,-88.13786315917969
330.301177978,128.98318481445312,-88.21121978759766
330.500396728,129.21556091308594,-88.3213119506836
330.699615478,129.41677856445312,-88.43250274658203
330.915435791,129.67066955566406,-88.5640640258789
331.114654541,129.91091918945312,-88.66321563720703
331.313873291,130.1575469970703,-88.7453384399414
331.513092041,130.40756225585938,-88.81666564941406
331.712310791,130.65817260742188,-88.88578796386719
331.911529541,130.9005584716797,-88.95885467529297
332.110748291,131.14437866210938,-89.04090118408203
332.309967041,131.19618225097656,-89.05943298339844
332.525787353,131.19618225097656,-89.05943298339844
332.725006103,131.19618225097656,-89.05943298339844
332.924224853,131.19618225097656,-89.05943298339844
333.173248291,131.2417449951172,-89.08686828613281
333.322662353,131.37266540527344,-89.23918151855469
333.521881103,131.42225646972656,-89.4828109741211
333.721099853,131.3650665283203,-89.7242431640625
333.920318603,131.26763916015625,-89.96526336669922
334.136138916,131.1839141845703,-90.21121978759766
334.335357666,131.13978576660156,-90.45884704589844
334.534576416,131.13414001464844,-90.7090072631836
334.733795166,131.1498565673828,-90.96852111816406
334.883209228,131.1631622314453,-91.1719741821289
335.082427978,131.17361450195312,-91.42627716064453
335.281646728,131.1782684326172,-91.67938232421875
335.480865478,131.18199157714844,-91.93934631347656
335.680084228,131.1795654296875,-92.19798278808594
335.895904541,131.17604064941406,-92.44563293457031
336.095123291,131.17237854003906,-92.70564270019531
336.294342041,131.16876220703125,-92.96153259277344
336.443756103,131.1659393310547,-93.15992736816406
336.642974853,131.16517639160156,-93.4117202758789
336.842193603,131.16563415527344,-93.66899871826172
337.041412353,131.1660919189453,-93.92900848388672
337.190826416,131.16517639160156,-94.10826873779297
337.340240478,131.15948486328125,-94.30933380126953
337.506256103,131.14852905273438,-94.51293182373047
337.705474853,131.12953186035156,-94.77226257324219
337.904693603,131.11428833007812,-95.02632141113281
338.103912353,131.10604858398438,-95.26546478271484
338.303131103,131.10557556152344,-95.277587890625
338.502349853,131.10557556152344,-95.277587890625
338.701568603,131.10557556152344,-95.277587890625
338.900787353,131.11199951171875,-95.50731658935547
339.100006103,131.16348266601562,-95.75892639160156
339.315826416,131.25543212890625,-95.99760437011719
339.515045166,131.3624725341797,-96.21766662597656
339.714263916,131.37010192871094,-96.23228454589844
339.913482666,131.37010192871094,-96.23228454589844
340.112701416,131.37010192871094,-96.23228454589844
340.311920166,131.37010192871094,-96.23228454589844
340.511138916,131.37010192871094,-96.23228454589844
340.710357666,131.37010192871094,-96.23228454589844
340.926177978,131.4568328857422,-96.44636535644531
341.125396728,131.45101928710938,-96.70281982421875
341.324615478,131.31182861328125,-96.9161148071289
341.523834228,131.14927673339844,-97.02456665039062
341.673248291,131.1483612060547,-97.02497100830078
341.872467041,131.1483612060547,-97.02497100830078
342.021881103,131.1483612060547,-97.02497100830078
342.221099853,131.1483612060547,-97.02497100830078
342.420318603,131.1483612060547,-97.02497100830078
342.586334228,131.1483612060547,-97.02497100830078
342.785552978,131.1483612060547,-97.02497100830078
342.934967041,131.1483612060547,-97.02497100830078
343.134185791,131.1483612060547,-97.02497100830078
343.333404541,131.1483612060547,-97.02497100830078
343.482818603,131.1368408203125,-97.02982330322266
343.682037353,130.9290771484375,-97.147705078125
343.831451416,130.81275939941406,-97.28287506103516
344.030670166,130.7133331298828,-97.52100372314453
344.229888916,130.6441192626953,-97.76876068115234
344.445709228,130.56695556640625,-98.04415893554688
344.644927978,130.48561096191406,-98.2823715209961
344.844146728,130.37449645996094,-98.51720428466797
345.043365478,130.2836151123047,-98.67583465576172
345.242584228,130.2836151123047,-98.67583465576172
345.441802978,130.2836151123047,-98.67583465576172
345.641021728,130.2836151123047,-98.67583465576172
345.840240478,130.2836151123047,-98.67583465576172
346.006256103,130.2836151123047,-98.67583465576172
346.205474853,130.2836151123047,-98.67583465576172
346.404693603,130.27734375,-98.6866455078125
346.603912353,130.17999267578125,-98.90763854980469
346.803131103,130.1532440185547,-99.15972900390625
346.952545166,130.1732940673828,-99.33496856689453
347.151763916,130.22181701660156,-99.57505798339844
347.350982666,130.26815795898438,-99.81976318359375
347.550201416,130.29739379882812,-100.0738754272461
347.766021728,130.30645751953125,-100.35970306396484
347.965240478,130.30731201171875,-100.610107421875
348.164459228,130.30117797851562,-100.86591339111328
348.363677978,130.28762817382812,-101.12554931640625
348.562896728,130.2738037109375,-101.38243103027344
348.762115478,130.2672576904297,-101.61888885498047
348.961334228,130.26695251464844,-101.64315032958984
349.160552978,130.26695251464844,-101.64315032958984
349.376373291,130.26695251464844,-101.64315032958984
349.575592041,130.26695251464844,-101.64315032958984
349.774810791,130.26695251464844,-101.64315032958984
350.023834228,130.26695251464844,-101.64315032958984
350.223052978,130.26695251464844,-101.64315032958984
350.422271728,130.2667999267578,-101.65564727783203
350.621490478,130.28424072265625,-101.90904998779297
350.820709228,130.33995056152344,-102.16276550292969
351.019927978,130.4149627685547,-102.38438415527344
351.136138916,130.47195434570312,-102.52960205078125
351.335357666,130.5718994140625,-102.76962280273438
351.534576416,130.67434692382812,-103.00709533691406
351.733795166,130.77674865722656,-103.24160766601562
351.933013916,130.8767852783203,-103.47565460205078
352.132232666,130.97299194335938,-103.71719360351562
352.331451416,131.06942749023438,-103.95866394042969
352.480865478,131.14816284179688,-104.14822387695312
352.680084228,131.24647521972656,-104.3844985961914
352.895904541,131.34536743164062,-104.62052917480469
353.095123291,131.4480438232422,-104.85639953613281
353.294342041,131.5519256591797,-105.09473419189453
353.493560791,131.6523895263672,-105.33159637451172
353.692779541,131.75242614746094,-105.56566619873047
353.891998291,131.85711669921875,-105.80363464355469
354.091217041,131.9630126953125,-106.04106140136719
354.290435791,132.0691375732422,-106.27838897705078
354.506256103,132.18585205078125,-106.53945922851562
354.705474853,132.28884887695312,-106.77818298339844
354.904693603,132.38967895507812,-107.014892578125
355.103912353,132.49285888671875,-107.25203704833984
355.303131103,132.59852600097656,-107.48957061767578
355.502349853,132.61074829101562,-107.51697540283203
355.751373291,132.61074829101562,-107.51697540283203
355.950592041,132.61074829101562,-107.51697540283203
356.149810791,132.61074829101562,-107.51697540283203
356.315826416,132.61074829101562,-107.51697540283203
356.564849853,132.61074829101562,-107.51697540283203
356.714263916,132.61074829101562,-107.51697540283203
356.913482666,132.61074829101562,-107.51697540283203
357.112701416,132.5912322998047,-107.52235412597656
357.262115478,132.47940063476562,-107.4997329711914
357.411529541,132.33335876464844,-107.39798736572266
357.610748291,132.2197723388672,-107.17090606689453
357.760162353,132.2168426513672,-106.96783447265625
357.926177978,132.2554168701172,-106.76496124267578
358.125396728,132.31971740722656,-106.51728820800781
358.324615478,132.3763885498047,-106.27200317382812
358.474029541,132.39808654785156,-106.09968566894531
358.673248291,132.39320373535156,-105.8454818725586
358.822662353,132.36146545410156,-105.63998413085938
358.972076416,132.32150268554688,-105.46807098388672
359.171295166,132.2545166015625,-105.21968841552734
359.320709228,132.19920349121094,-105.01918029785156
359.470123291,132.1544952392578,-104.84840393066406
359.685943603,132.09033203125,-104.5781478881836
359.885162353,132.03570556640625,-104.32958221435547
360.034576416,131.99867248535156,-104.1513900756836
360.233795166,131.9495391845703,-103.89606475830078
360.383209228,131.91250610351562,-103.69416046142578
360.582427978,131.8650360107422,-103.44548034667969
360.731842041,131.83067321777344,-103.27091979980469
360.931060791,131.7824249267578,-103.01820373535156
361.130279541,131.73121643066406,-102.76329040527344
361.296295166,131.68679809570312,-102.5615005493164
361.445709228,131.64039611816406,-102.3615493774414
361.644927978,131.58421325683594,-102.11331939697266
361.794342041,131.54537963867188,-101.9355239868164
361.993560791,131.4927520751953,-101.68092346191406
362.142974853,131.45310974121094,-101.47950744628906
362.342193603,131.40367126464844,-101.231201171875
362.541412353,131.35096740722656,-100.97799682617188
362.690826416,131.31272888183594,-100.80427551269531
362.890045166,131.25856018066406,-100.54998779296875
363.056060791,131.21754455566406,-100.34606170654297
363.255279541,131.16595458984375,-100.0968246459961
363.404693603,131.12066650390625,-99.8966293334961
363.603912353,131.0654754638672,-99.64537048339844
363.803131103,131.01365661621094,-99.39057159423828
363.952545166,130.97918701171875,-99.21186065673828
364.151763916,130.93417358398438,-98.96688842773438
364.350982666,130.88931274414062,-98.7149429321289
364.500396728,130.84925842285156,-98.51781463623047
364.649810791,130.81129455566406,-98.34403228759766
364.865631103,130.74879455566406,-98.0677719116211
365.064849853,130.69300842285156,-97.82085418701172
365.214263916,130.65504455566406,-97.6470718383789
365.413482666,130.60438537597656,-97.4059829711914
365.562896728,130.56271362304688,-97.21339416503906
365.762115478,130.5079345703125,-96.96204376220703
365.911529541,130.47161865234375,-96.78788757324219
366.110748291,130.41920471191406,-96.5332260131836
366.260162353,130.3775634765625,-96.32942962646484
366.475982666,130.32655334472656,-96.07585906982422
366.625396728,130.2862548828125,-95.87178802490234
366.824615478,130.23672485351562,-95.61653900146484
366.974029541,130.19935607910156,-95.43842315673828
367.173248291,130.14552307128906,-95.19107055664062
367.322662353,130.10183715820312,-94.99333190917969
367.521881103,130.05047607421875,-94.74542999267578
367.671295166,130.01780700683594,-94.57611846923828
367.870513916,129.9557647705078,-94.33650207519531
368.036529541,129.87904357910156,-94.1492691040039
368.185943603,129.776611328125,-93.98603820800781
368.385162353,129.60426330566406,-93.79923248291016
368.534576416,129.46717834472656,-93.68380737304688
368.634185791,129.36508178710938,-93.60784912109375
368.783599853,129.1981201171875,-93.49081420898438
368.982818603,128.99053955078125,-93.3436050415039
369.132232666,128.84686279296875,-93.23414611816406
369.281646728,128.68760681152344,-93.1112289428711
369.480865478,128.4889373779297,-92.95431518554688
369.630279541,128.35153198242188,-92.84136962890625
369.796295166,128.1928253173828,-92.71121215820312
369.945709228,128.0332489013672,-92.58207702636719
370.144927978,127.8370590209961,-92.42424774169922
370.294342041,127.69686889648438,-92.3082046508789
370.443756103,127.53703308105469,-92.17512512207031
370.642974853,127.33795928955078,-92.0079116821289
370.792388916,127.19880676269531,-91.8948974609375
370.941802978,127.03703308105469,-91.7641372680664
371.141021728,126.84132385253906,-91.6100845336914
371.290435791,126.70313262939453,-91.50471496582031
371.456451416,126.54048919677734,-91.37950134277344
371.605865478,126.3773422241211,-91.25493621826172
371.805084228,126.17161560058594,-91.09820556640625
371.954498291,126.0297622680664,-90.98860168457031
372.103912353,125.8650131225586,-90.86163330078125
372.303131103,125.66163635253906,-90.6996841430664
372.452545166,125.5207748413086,-90.5844497680664
372.651763916,125.31979370117188,-90.42169189453125
372.801177978,125.15796661376953,-90.29320526123047
373.000396728,124.95945739746094,-90.13829803466797
373.149810791,124.81854248046875,-90.02747344970703
373.315826416,124.66409301757812,-89.90730285644531
373.515045166,124.46300506591797,-89.74901580810547
373.664459228,124.3038558959961,-89.62374114990234
373.813873291,124.16191101074219,-89.51200866699219
374.013092041,123.95821380615234,-89.35262298583984
374.162506103,123.7952651977539,-89.22779846191406
374.361724853,123.59442901611328,-89.07369232177734
374.511138916,123.47142791748047,-88.97834014892578
374.710357666,123.46904754638672,-88.97650909423828
374.876373291,123.46904754638672,-88.97650909423828
375.025787353,123.46904754638672,-88.97650909423828
375.225006103,123.46904754638672,-88.97650909423828
375.374420166,123.46904754638672,-88.97650909423828
375.573638916,123.29651641845703,-88.84408569335938
375.723052978,123.13306427001953,-88.71544647216797
375.922271728,122.93858337402344,-88.56427764892578
376.071685791,122.798583984375,-88.45675659179688
376.270904541,122.59868621826172,-88.2991943359375
376.420318603,122.43626403808594,-88.17147064208984
376.586334228,122.27105712890625,-88.04509735107422
376.785552978,122.06560516357422,-87.88578033447266
376.934967041,121.93450927734375,-87.77173614501953
377.134185791,121.75533294677734,-87.58918762207031
377.283599853,121.62013244628906,-87.43114471435547
377.433013916,121.50606536865234,-87.28932189941406
377.632232666,121.34487915039062,-87.08531951904297
377.781646728,121.21965026855469,-86.91924285888672
377.980865478,121.06555938720703,-86.70980834960938
378.130279541,120.96111297607422,-86.56748962402344
378.296295166,120.83638763427734,-86.40100860595703
378.495513916,120.67540740966797,-86.19686889648438
378.644927978,120.54524993896484,-86.03461456298828
378.844146728,120.38876342773438,-85.83911895751953
378.993560791,120.27400970458984,-85.69786071777344
379.192779541,120.1124267578125,-85.49415588378906
379.342193603,119.98582458496094,-85.32913208007812
379.541412353,119.83590698242188,-85.12345123291016
379.690826416,119.72859191894531,-84.97642517089844
379.890045166,119.57025146484375,-84.77367401123047
380.056060791,119.44442749023438,-84.61150360107422
380.255279541,119.28582763671875,-84.40550994873047
380.404693603,119.1554946899414,-84.24341583251953
380.603912353,118.99645233154297,-84.03772735595703
380.753326416,118.88581085205078,-83.89320373535156
380.952545166,118.73189544677734,-83.69050598144531
381.101959228,118.60321807861328,-83.53057861328125
381.301177978,118.4443359375,-83.32825469970703
381.500396728,118.28787994384766,-83.12232208251953
381.649810791,118.18146514892578,-82.97976684570312
381.815826416,118.05895233154297,-82.81336975097656
382.015045166,117.90959930419922,-82.60895538330078
382.164459228,117.78844451904297,-82.4432601928711
382.363677978,117.63484191894531,-82.23348999023438
382.513092041,117.528564453125,-82.08573913574219
382.712310791,117.37442779541016,-81.8763427734375
382.861724853,117.24668884277344,-81.71221160888672
383.060943603,117.08514404296875,-81.50850677490234
383.210357666,116.97161865234375,-81.36626434326172
383.426177978,116.80261993408203,-81.14580535888672
383.575592041,116.69493103027344,-81.00421142578125
383.774810791,116.53871154785156,-80.79638671875
383.924224853,116.41382598876953,-80.63005828857422
384.123443603,116.25740051269531,-80.4223861694336
384.322662353,116.10240173339844,-80.21363067626953
384.472076416,115.99629974365234,-80.06913757324219
384.671295166,115.84127807617188,-79.86382293701172
384.820709228,115.71739196777344,-79.70709228515625
384.970123291,115.59523010253906,-79.5722885131836
385.185943603,115.37610626220703,-79.39600372314453
385.335357666,115.21727752685547,-79.31953430175781
385.534576416,114.96971893310547,-79.25089263916016
385.683990478,114.76395416259766,-79.22122955322266
385.883209228,114.50564575195312,-79.20974731445312
385.982818603,114.37838745117188,-79.2083511352539
386.132232666,114.20050048828125,-79.20751953125
386.331451416,113.94186401367188,-79.20630645751953
386.480865478,113.73385620117188,-79.20532989501953
386.680084228,113.48208618164062,-79.20415496826172
386.846099853,113.28506469726562,-79.20301055908203
386.995513916,113.1044921875,-79.19873046875
387.194732666,112.84483337402344,-79.18572235107422
387.344146728,112.64271545410156,-79.17330169677734
387.543365478,112.40086364746094,-79.15972137451172
387.692779541,112.22743225097656,-79.14865112304688
387.891998291,111.97388458251953,-79.12646484375
388.041412353,111.76658630371094,-79.10944366455078
388.240631103,111.50694274902344,-79.09651184082031
388.390045166,111.32637023925781,-79.09964752197266
388.556060791,111.12171936035156,-79.11539459228516
388.755279541,110.86284637451172,-79.13951110839844
388.954498291,110.61161804199219,-79.15621948242188
389.103912353,110.40787506103516,-79.1639404296875
389.303131103,110.15061950683594,-79.1663589477539
389.452545166,109.96864318847656,-79.1634521484375
389.651763916,109.71144104003906,-79.15817260742188
389.801177978,109.51030731201172,-79.15552520751953
390.000396728,109.2535629272461,-79.17057037353516
390.149810791,109.07282257080078,-79.19166564941406
390.365631103,108.79666137695312,-79.24761199951172
390.564849853,108.55011749267578,-79.31080627441406
390.714263916,108.37712097167969,-79.35224914550781
390.913482666,108.1261215209961,-79.4017333984375
391.062896728,107.91952514648438,-79.42548370361328
391.262115478,107.66426086425781,-79.44329833984375
391.411529541,107.48926544189453,-79.45100402832031
391.610748291,107.23849487304688,-79.4726791381836
391.809967041,106.98953247070312,-79.51809692382812
391.975982666,106.7963638305664,-79.5689926147461
392.175201416,106.54536437988281,-79.63683319091797
392.324615478,106.34393310546875,-79.6887435913086
392.523834228,106.25255584716797,-79.71282958984375
392.723052978,106.25255584716797,-79.71282958984375
392.922271728,106.24726104736328,-79.71422576904297
393.071685791,106.20962524414062,-79.72111511230469
393.270904541,106.19010162353516,-79.71588134765625
393.420318603,106.11486053466797,-79.64134979248047
393.636138916,106.03092956542969,-79.40435791015625
393.785552978,106.04615783691406,-79.20160675048828
393.984771728,106.10456085205078,-78.94825744628906
394.183990478,106.1567153930664,-78.69355773925781
394.383209228,106.1878890991211,-78.4383316040039
394.532623291,106.18797302246094,-78.25779724121094
394.731842041,106.16130065917969,-78.00337982177734
394.881256103,106.12991333007812,-77.79776000976562
395.080474853,106.09688568115234,-77.60303497314453
395.229888916,106.09672546386719,-77.60205078125
395.445709228,106.09672546386719,-77.60205078125
395.595123291,106.09672546386719,-77.60205078125
395.794342041,106.07298278808594,-77.39079284667969
395.943756103,106.06961822509766,-77.18571472167969
396.142974853,106.10176849365234,-76.93065643310547
396.342193603,106.15901184082031,-76.67850494384766
396.541412353,106.22763061523438,-76.42913818359375
396.690826416,106.27432250976562,-76.25324249267578
396.890045166,106.34014129638672,-76.00171661376953
397.056060791,106.39214324951172,-75.80174255371094
397.255279541,106.44975280761719,-75.551025390625
397.454498291,106.50003051757812,-75.30009460449219
397.603912353,106.53897857666016,-75.09576416015625
397.803131103,106.59098052978516,-74.84101104736328
398.002349853,106.6465835571289,-74.5926284790039
398.201568603,106.70182037353516,-74.34696197509766
398.350982666,106.74077606201172,-74.17337799072266
398.550201416,106.7956771850586,-73.91925811767578
398.716217041,106.83980560302734,-73.71601104736328
398.915435791,106.89378356933594,-73.46870422363281
399.114654541,106.94495391845703,-73.22356414794922
399.313873291,106.9947738647461,-72.97672271728516
399.463287353,107.03705596923828,-72.77586364746094
399.662506103,107.09441375732422,-72.52229309082031
399.861724853,107.12004089355469,-72.40352630615234
400.060943603,107.12004089355469,-72.40352630615234
400.210357666,107.12004089355469,-72.40352630615234
400.376373291,107.1272201538086,-72.37571716308594
400.575592041,107.17581939697266,-72.32408905029297
400.774810791,107.30973815917969,-72.2569580078125
400.924224853,107.30973815917969,-72.2569580078125
401.073638916,107.32223510742188,-72.25723266601562
401.272857666,107.54019165039062,-72.26616668701172
401.472076416,107.76825714111328,-72.27762603759766
401.671295166,107.78429412841797,-72.27843475341797
401.870513916,107.78429412841797,-72.27843475341797
402.086334228,107.78429412841797,-72.27843475341797
402.285552978,107.78429412841797,-72.27843475341797
402.484771728,107.78429412841797,-72.27843475341797
402.683990478,107.78429412841797,-72.27843475341797
402.883209228,107.78429412841797,-72.27843475341797
403.132232666,107.78429412841797,-72.27843475341797
403.331451416,107.78429412841797,-72.27843475341797
403.530670166,107.78429412841797,-72.27843475341797
403.729888916,107.78429412841797,-72.27843475341797
403.895904541,107.78429412841797,-72.27843475341797
404.095123291,107.78429412841797,-72.27843475341797
404.344146728,107.89872741699219,-72.27352142333984
404.543365478,107.96881866455078,-72.2276611328125
404.692779541,108.05379486083984,-72.08678436279297
404.891998291,108.07069396972656,-71.8398208618164
405.091217041,107.99663543701172,-71.59382629394531
405.240631103,107.93316650390625,-71.39867401123047
405.456451416,107.88545989990234,-71.1447525024414
405.605865478,107.87081146240234,-70.94143676757812
405.805084228,107.87364959716797,-70.69111633300781
406.004302978,107.88873291015625,-70.43566131591797
406.153717041,107.90064239501953,-70.2540283203125
406.352935791,107.91719818115234,-70.00138092041016
406.552154541,107.93022155761719,-69.74857330322266
406.701568603,107.9348373413086,-69.54609680175781
406.900787353,107.93508911132812,-69.29019927978516
407.100006103,107.93486022949219,-69.03018951416016
407.266021728,107.93467712402344,-68.82764434814453
407.465240478,107.9344482421875,-68.56900024414062
407.614654541,107.93428802490234,-68.38699340820312
407.813873291,107.9340591430664,-68.1338119506836
408.013092041,107.93383026123047,-67.88472747802734
408.162506103,107.93364715576172,-67.68218231201172
408.361724853,107.93394470214844,-67.44718170166016
408.560943603,107.9339599609375,-67.44518280029297
408.760162353,107.93406677246094,-67.43268585205078
408.926177978,107.93350219726562,-67.33269500732422
409.125396728,107.91537475585938,-67.07991790771484
409.324615478,107.87879180908203,-66.82667541503906
409.474029541,107.84618377685547,-66.64763641357422
409.673248291,107.78758239746094,-66.4000015258789
409.822662353,107.7264175415039,-66.20120239257812
410.021881103,107.64985656738281,-65.9527359008789
410.221099853,107.57867431640625,-65.70692443847656
410.370513916,107.52985382080078,-65.53585052490234
410.586334228,107.4565200805664,-65.27216339111328
410.785552978,107.39057159423828,-65.02206420898438
410.934967041,107.34488677978516,-64.84589385986328
411.134185791,107.2785873413086,-64.594482421875
411.333404541,107.21342468261719,-64.34419250488281
411.532623291,107.14616394042969,-64.10015106201172
411.682037353,107.09036254882812,-63.90546417236328
411.881256103,107.01769256591797,-63.662967681884766
412.080474853,106.94132995605469,-63.41729736328125
412.229888916,106.89385986328125,-63.25886154174805
412.445709228,106.88607788085938,-63.23196029663086
412.644927978,106.83857727050781,-63.01570510864258
412.844146728,106.82525634765625,-62.7631721496582
413.043365478,106.84197235107422,-62.513370513916016
413.242584228,106.86922454833984,-62.25480270385742
413.391998291,106.88717651367188,-62.076438903808594
413.591217041,106.90569305419922,-61.82534408569336
413.790435791,106.91321563720703,-61.67062759399414
414.006256103,106.91321563720703,-61.67062759399414
414.205474853,106.91321563720703,-61.67062759399414
414.354888916,106.91321563720703,-61.67062759399414
414.554107666,106.91907501220703,-61.472557067871094
414.753326416,106.908935546875,-61.2156867980957
414.952545166,106.87142181396484,-60.96261215209961
415.151763916,106.81568145751953,-60.71287536621094
415.350982666,106.75655364990234,-60.459686279296875
415.550201416,106.70042419433594,-60.20863723754883
415.716217041,106.6582260131836,-60.00914764404297
415.915435791,106.60942077636719,-59.75935363769531
416.114654541,106.56234741210938,-59.50365447998047
416.264068603,106.52619934082031,-59.298805236816406
416.463287353,106.47799682617188,-59.04888916015625
416.662506103,106.42667388916016,-58.796810150146484
416.861724853,106.3729019165039,-58.54243087768555
417.060943603,106.3242416381836,-58.29121780395508
417.260162353,106.2794189453125,-58.0364990234375
417.409576416,106.27333068847656,-58.0006103515625
417.625396728,106.27333068847656,-58.0006103515625
417.824615478,106.27333068847656,-58.0006103515625
418.023834228,106.27333068847656,-58.0006103515625
418.223052978,106.271240234375,-57.988285064697266
418.372467041,106.25458526611328,-57.8126335144043
418.521881103,106.29048156738281,-57.618656158447266
418.721099853,106.42298126220703,-57.39768981933594
418.920318603,106.59718322753906,-57.21041488647461
419.086334228,106.7417984008789,-57.066688537597656
419.285552978,106.91899871826172,-56.88029098510742
419.484771728,106.9719009399414,-56.81764221191406
419.683990478,106.9719009399414,-56.81764221191406
419.883209228,106.9719009399414,-56.81764221191406
420.082427978,106.9719009399414,-56.81764221191406
420.281646728,107.0951156616211,-56.636878967285156
420.480865478,107.14041137695312,-56.38718032836914
420.680084228,107.05065155029297,-56.14552688598633
420.846099853,106.93012237548828,-55.97610855102539
421.045318603,106.78738403320312,-55.76718521118164
421.244537353,106.67254638671875,-55.5341796875
421.443756103,106.5873031616211,-55.28871536254883
421.642974853,106.52178955078125,-55.03711700439453
421.842193603,106.51791381835938,-55.02107620239258
422.041412353,106.51791381835938,-55.02107620239258
422.240631103,106.51791381835938,-55.02107620239258
422.390045166,106.51791381835938,-55.02107620239258
422.605865478,106.51791381835938,-55.02107620239258
422.805084228,106.51791381835938,-55.02107620239258
423.004302978,106.51791381835938,-55.02107620239258
423.203521728,106.44378662109375,-54.80388641357422
423.402740478,106.27741241455078,-54.608924865722656
423.552154541,106.12504577636719,-54.509674072265625
423.751373291,105.89728546142578,-54.39619445800781
423.950592041,105.66492462158203,-54.27964782714844
424.100006103,105.49156951904297,-54.17502212524414
424.315826416,105.282470703125,-54.02296829223633
424.515045166,105.09146118164062,-53.85894012451172
424.664459228,104.93656921386719,-53.720115661621094
424.863677978,104.7543716430664,-53.55845642089844
425.062896728,104.5606460571289,-53.38917541503906
425.262115478,104.36515808105469,-53.21776580810547
425.461334228,104.16769409179688,-53.05072784423828
425.610748291,104.02676391601562,-52.93557357788086
425.809967041,103.82596588134766,-52.77042770385742
426.025787353,103.6089096069336,-52.59489440917969
426.175201416,103.4686050415039,-52.48111343383789
426.374420166,103.26527404785156,-52.31908416748047
426.573638916,103.06226348876953,-52.15667724609375
426.772857666,102.85973358154297,-51.99362564086914
426.922271728,102.69864654541016,-51.862037658691406
427.121490478,102.49937438964844,-51.69499206542969
427.320709228,102.40470886230469,-51.614654541015625
427.470123291,102.40470886230469,-51.614654541015625
427.685943603,102.40470886230469,-51.614654541015625
427.885162353,102.40470886230469,-51.614654541015625
428.084381103,102.39605712890625,-51.55466079711914
428.283599853,102.45925903320312,-51.32738494873047
428.482818603,102.6484146118164,-51.16212844848633
428.682037353,102.8963394165039,-51.0919075012207
428.881256103,103.15032196044922,-51.060733795166016
429.030670166,103.32978057861328,-51.03072738647461
429.229888916,103.57514953613281,-50.96382522583008
429.445709228,103.82637023925781,-50.85242462158203
429.644927978,104.04730224609375,-50.72890853881836
429.844146728,104.26465606689453,-50.5888557434082
430.043365478,104.4762954711914,-50.44749450683594
430.242584228,104.65388488769531,-50.332557678222656
430.441802978,104.86832427978516,-50.19803237915039
430.641021728,105.09222412109375,-50.06589126586914
430.840240478,105.31634521484375,-49.93962478637695
431.056060791,105.54501342773438,-49.81880187988281
431.255279541,105.7704849243164,-49.703678131103516
431.454498291,105.99812316894531,-49.586795806884766
431.703521728,106.29554748535156,-49.43503189086914
431.902740478,106.52320098876953,-49.32117462158203
432.101959228,106.74925231933594,-49.210289001464844
432.301177978,106.98231506347656,-49.10136795043945
432.500396728,107.21968841552734,-49.00225830078125
432.699615478,107.43699645996094,-48.927364349365234
432.865631103,107.628662109375,-48.87233352661133
433.064849853,107.6403579711914,-48.869117736816406
433.313873291,107.6403579711914,-48.869117736816406
433.513092041,107.6403579711914,-48.869117736816406
433.662506103,107.6403579711914,-48.869117736816406
433.861724853,107.6403579711914,-48.869117736816406
434.060943603,107.65217590332031,-48.87252426147461
434.260162353,107.71820068359375,-48.932220458984375
434.426177978,107.79100799560547,-49.12226104736328
434.625396728,107.77238464355469,-49.37409591674805
434.774810791,107.7047348022461,-49.53689193725586
434.974029541,107.58055114746094,-49.76529312133789
435.123443603,107.49052429199219,-49.952735900878906
435.322662353,107.40703582763672,-50.197330474853516
435.472076416,107.36404418945312,-50.369937896728516
435.671295166,107.31497192382812,-50.614044189453125
435.770904541,107.2960205078125,-50.73850631713867
435.920318603,107.26585388183594,-50.94015884399414
436.086334228,107.23338317871094,-51.14560317993164
436.285552978,107.18834686279297,-51.40166091918945
436.434967041,107.15288543701172,-51.57598114013672
436.634185791,107.09841918945312,-51.817596435546875
436.833404541,107.03986358642578,-52.06247329711914
436.982818603,106.99209594726562,-52.260684967041016
437.182037353,106.92861938476562,-52.50434112548828
437.331451416,106.88446807861328,-52.6808967590332
437.530670166,106.82646942138672,-52.93434524536133
437.680084228,106.7828140258789,-53.134910583496094
437.895904541,106.73102569580078,-53.381317138671875
438.045318603,106.68887329101562,-53.578006744384766
438.194732666,106.64812469482422,-53.751163482666016
438.393951416,106.59086608886719,-54.00477600097656
438.543365478,106.54654693603516,-54.2079963684082
438.692779541,106.50740051269531,-54.3857307434082
438.891998291,106.45117950439453,-54.63117218017578
439.091217041,106.39288330078125,-54.87471389770508
439.240631103,106.34830474853516,-55.06806182861328
439.390045166,106.30902862548828,-55.2359504699707
439.605865478,106.24651336669922,-55.50800704956055
439.755279541,106.23358154296875,-55.56764602661133
439.954498291,106.22279357910156,-55.6164665222168
440.103912353,106.17549896240234,-55.81797790527344
440.303131103,106.15750885009766,-55.89695358276367
440.452545166,106.13227081298828,-56.008262634277344
440.651763916,106.0756607055664,-56.25782012939453
440.801177978,106.02989196777344,-56.460723876953125
441.000396728,105.9705810546875,-56.70541763305664
441.149810791,105.9250717163086,-56.88163757324219
441.315826416,105.87659454345703,-57.08389663696289
441.515045166,105.8196792602539,-57.33057403564453
441.664459228,105.78185272216797,-57.4984245300293
441.863677978,105.72311401367188,-57.75029373168945
442.062896728,105.66636657714844,-57.99981689453125
442.212310791,105.62749481201172,-58.17341995239258
442.411529541,105.56720733642578,-58.42350769042969
442.560943603,105.52157592773438,-58.622230529785156
442.760162353,105.46543884277344,-58.8760986328125
442.926177978,105.41984558105469,-59.079044342041016
443.075592041,105.37862396240234,-59.25349426269531
443.274810791,105.32400512695312,-59.4964714050293
443.424224853,105.28319549560547,-59.690650939941406
443.623443603,105.22919464111328,-59.9379768371582
443.822662353,105.16918182373047,-60.1824951171875
443.972076416,105.12494659423828,-60.359031677246094
444.171295166,105.06680297851562,-60.612430572509766
444.320709228,105.0204086303711,-60.815185546875
444.536529541,104.96231842041016,-61.06157684326172
444.685943603,104.91472625732422,-61.259830474853516
444.885162353,104.85701751708984,-61.50491714477539
445.034576416,104.81270599365234,-61.68143844604492
445.233795166,104.74889373779297,-61.933494567871094
445.383209228,104.70025634765625,-62.13290786743164
445.582427978,104.64434814453125,-62.379817962646484
445.781646728,104.58944702148438,-62.62556076049805
445.980865478,104.53438568115234,-62.872657775878906
446.180084228,104.48180389404297,-63.118896484375
446.346099853,104.43951416015625,-63.316959381103516
446.545318603,104.38594055175781,-63.571372985839844
446.694732666,104.3449478149414,-63.74447250366211
446.893951416,104.28507995605469,-63.98621368408203
447.093170166,104.22376251220703,-64.23184967041016
447.242584228,104.17435455322266,-64.42684936523438
447.441802978,104.1118392944336,-64.67356872558594
447.591217041,104.06988525390625,-64.84364318847656
447.790435791,104.0129165649414,-65.0931167602539
447.956451416,103.96851348876953,-65.29631805419922
448.155670166,103.91101837158203,-65.54988861083984
448.255279541,103.88060760498047,-65.67628479003906
448.454498291,103.82119750976562,-65.92378234863281
448.653717041,103.76495361328125,-66.16923522949219
448.852935791,103.70359802246094,-66.41484069824219
449.002349853,103.652587890625,-66.61646270751953
449.201568603,103.59033203125,-66.8689193725586
449.400787353,103.5311508178711,-67.12210845947266
449.600006103,103.47465515136719,-67.37451171875
449.766021728,103.43698120117188,-67.54937744140625
449.965240478,103.40258026123047,-67.70562744140625
450.164459228,103.34593963623047,-67.95939636230469
450.363677978,103.2889175415039,-68.20606231689453
450.562896728,103.23214721679688,-68.45137023925781
450.712310791,103.19232177734375,-68.6219482421875
450.911529541,103.13304138183594,-68.87230682373047
451.110748291,103.0737075805664,-69.12544250488281
451.309967041,103.01358032226562,-69.37837982177734
451.475982666,102.96646881103516,-69.58097076416016
451.675201416,102.906982421875,-69.8298568725586
451.824615478,102.85780334472656,-70.02914428710938
452.023834228,102.79798889160156,-70.28216552734375
452.173248291,102.75813293457031,-70.45974731445312
452.372467041,102.70629119873047,-70.68193817138672
452.571685791,102.6616439819336,-70.93510437011719
452.721099853,102.63992309570312,-71.13645935058594
452.920318603,102.60929870605469,-71.38636779785156
453.136138916,102.56523132324219,-71.63977813720703
453.285552978,102.52137756347656,-71.84029388427734
453.484771728,102.458984375,-72.09268188476562
453.683990478,102.40232849121094,-72.34502410888672
453.883209228,102.35250854492188,-72.58625793457031
454.032623291,102.3142318725586,-72.76278686523438
454.231842041,102.25048828125,-73.01200103759766
454.431060791,102.17141723632812,-73.2596435546875
454.630279541,102.09044647216797,-73.50383758544922
454.829498291,101.9935302734375,-73.7448959350586
454.995513916,101.8863296508789,-73.91788482666016
455.194732666,101.69403076171875,-74.08658599853516
455.393951416,101.45655822753906,-74.16510772705078
455.543365478,101.27802276611328,-74.1724624633789
455.742584228,101.11868286132812,-74.158203125
455.941802978,100.87371063232422,-74.12167358398438
456.091217041,100.70071411132812,-74.09422302246094
456.290435791,100.4465560913086,-74.06576538085938
456.456451416,100.25508117675781,-74.06907653808594
456.655670166,100.00162506103516,-74.09235382080078
456.854888916,99.7547378540039,-74.11204528808594
457.004302978,99.55248260498047,-74.1224136352539
457.203521728,99.29255676269531,-74.12836456298828
457.402740478,99.0325698852539,-74.1261978149414
457.552154541,98.85334777832031,-74.12266540527344
457.751373291,98.60433959960938,-74.11773681640625
457.900787353,98.40185546875,-74.11373901367188
458.100006103,98.14192199707031,-74.10862731933594
458.266021728,97.93392944335938,-74.10674285888672
458.465240478,97.72666931152344,-74.1065902709961
458.664459228,97.72566986083984,-74.1065902709961
458.813873291,97.72566986083984,-74.1065902709961
459.013092041,97.70067596435547,-74.10657501220703
459.212310791,97.70067596435547,-74.10657501220703
459.411529541,97.70067596435547,-74.10657501220703
459.610748291,97.70067596435547,-74.10657501220703
459.760162353,97.70067596435547,-74.10657501220703
459.975982666,97.47036743164062,-74.12190246582031
460.125396728,97.27288055419922,-74.1594467163086
460.324615478,97.02587127685547,-74.23594665527344
460.523834228,96.78329467773438,-74.32161712646484
460.723052978,96.54352569580078,-74.41104125976562
460.872467041,96.3747329711914,-74.4753646850586
461.071685791,96.1341323852539,-74.56645202636719
461.270904541,95.90001678466797,-74.64726257324219
461.420318603,95.71199798583984,-74.70623016357422
461.636138916,95.47040557861328,-74.77207946777344
461.835357666,95.23445892333984,-74.83184051513672
461.984771728,95.04999542236328,-74.87745666503906
462.183990478,94.81024169921875,-74.93391418457031
462.383209228,94.55794525146484,-74.99663543701172
462.582427978,94.31717681884766,-75.06552124023438
462.731842041,94.1448974609375,-75.11511993408203
462.931060791,93.90283966064453,-75.18453216552734
463.080474853,93.70222473144531,-75.23953247070312
463.296295166,93.44947052001953,-75.30025482177734
463.445709228,93.24805450439453,-75.33973693847656
463.644927978,92.99270629882812,-75.38060760498047
463.844146728,92.73583984375,-75.41065216064453
463.993560791,92.55804443359375,-75.44233703613281
464.192779541,92.30840301513672,-75.50434875488281
464.391998291,92.05995178222656,-75.57106018066406
464.591217041,91.81629180908203,-75.63455963134766
464.740631103,91.6197280883789,-75.68340301513672
464.956451416,91.37091827392578,-75.74325561523438
465.155670166,91.11845397949219,-75.7994384765625
465.305084228,90.92156982421875,-75.84687805175781
465.504302978,90.67607116699219,-75.90866088867188
465.653717041,90.50167846679688,-75.95013427734375
465.753326416,90.37691497802734,-75.97521209716797
465.952545166,90.12491607666016,-76.01961517333984
466.101959228,89.9194564819336,-76.0521240234375
466.301177978,89.66255187988281,-76.09210205078125
466.500396728,89.41263580322266,-76.14675903320312
466.649810791,89.24046325683594,-76.1915283203125
466.865631103,88.97756958007812,-76.26248931884766
467.064849853,88.74888610839844,-76.32814025878906
467.264068603,88.61546325683594,-76.36383819580078
467.413482666,88.43811798095703,-76.40473175048828
467.612701416,88.18331146240234,-76.45633697509766
467.811920166,87.92969512939453,-76.49944305419922
467.961334228,87.75818634033203,-76.52503967285156
468.160552978,87.75818634033203,-76.52503967285156
468.309967041,87.75818634033203,-76.52503967285156
468.525787353,87.75818634033203,-76.52503967285156
468.725006103,87.75818634033203,-76.52503967285156
468.924224853,87.74581909179688,-76.5268783569336
469.073638916,87.58509063720703,-76.53990936279297
469.272857666,87.33396911621094,-76.48602294921875
469.472076416,87.1085433959961,-76.35719299316406
469.621490478,86.9452133178711,-76.23296356201172
469.820709228,86.74711608886719,-76.07534790039062
469.970123291,86.60221099853516,-75.96755981445312
470.185943603,86.35774230957031,-75.819580078125
470.385162353,86.12386322021484,-75.7159652709961
470.534576416,85.9526596069336,-75.65425872802734
470.733795166,85.7093505859375,-75.57964324951172
470.883209228,85.64442443847656,-75.5611801147461
471.082427978,85.53742218017578,-75.53157043457031
471.281646728,85.28646087646484,-75.46914672851562
471.431060791,85.2572250366211,-75.4624252319336
471.630279541,85.1087417602539,-75.42989349365234
471.796295166,84.91108703613281,-75.39262390136719
471.995513916,84.65873718261719,-75.35021209716797
472.194732666,84.40074157714844,-75.31857299804688
472.344146728,84.19849395751953,-75.30829620361328
472.543365478,83.94676208496094,-75.30328369140625
472.742584228,83.69088745117188,-75.30042266845703
472.891998291,83.50899505615234,-75.29421997070312
473.091217041,83.2532730102539,-75.26707458496094
473.290435791,83.00541687011719,-75.20979309082031
473.456451416,82.80963134765625,-75.148193359375
473.655670166,82.56643676757812,-75.0643081665039
473.854888916,82.3266372680664,-74.97901916503906
474.054107666,82.08135223388672,-74.89292907714844
474.203521728,81.87974548339844,-74.8422622680664
474.352935791,81.69975280761719,-74.81550598144531
474.552154541,81.4486312866211,-74.79847717285156
474.751373291,81.19837188720703,-74.80492401123047
474.900787353,80.99211120605469,-74.81734466552734
475.100006103,80.732177734375,-74.81808471679688
475.266021728,80.52483367919922,-74.80216217041016
475.465240478,80.27101135253906,-74.76080322265625
475.664459228,80.01685333251953,-74.70602416992188
475.813873291,79.83777618408203,-74.67375183105469
476.013092041,79.58731079101562,-74.64893341064453
476.212310791,79.334716796875,-74.63237762451172
476.361724853,79.12733459472656,-74.616455078125
476.560943603,79.09843444824219,-74.6138916015625
476.760162353,79.09843444824219,-74.6138916015625
476.909576416,79.09843444824219,-74.6138916015625
477.125396728,79.08598327636719,-74.61279296875
477.324615478,78.8486557006836,-74.61788940429688
477.474029541,78.6772232055664,-74.67294311523438
477.673248291,78.46033477783203,-74.81515502929688
477.872467041,78.26677703857422,-74.98455810546875
478.071685791,78.08026123046875,-75.15573120117188
478.270904541,77.87867736816406,-75.31976318359375
478.470123291,77.66075897216797,-75.46141052246094
478.636138916,77.482666015625,-75.55779266357422
478.835357666,77.24966430664062,-75.67312622070312
479.034576416,77.01435089111328,-75.78375244140625
479.183990478,76.82925415039062,-75.87246704101562
479.383209228,76.60236358642578,-75.98477172851562
479.582427978,76.37561798095703,-76.09736633300781
479.781646728,76.14402770996094,-76.21549224853516
479.931060791,75.98334503173828,-76.29798889160156
480.130279541,75.75679016113281,-76.41697692871094
480.346099853,75.5598373413086,-76.5226058959961
480.495513916,75.5589599609375,-76.52307891845703
480.694732666,75.5589599609375,-76.52307891845703
480.893951416,75.5589599609375,-76.52307891845703
481.093170166,75.5589599609375,-76.52307891845703
481.292388916,75.5589599609375,-76.52307891845703
481.491607666,75.5589599609375,-76.52307891845703
481.690826416,75.5589599609375,-76.52307891845703
481.890045166,75.57904815673828,-76.54673767089844
482.056060791,75.73924255371094,-76.60405731201172
482.255279541,75.9862060546875,-76.56621551513672
482.404693603,76.15648651123047,-76.44832611083984
482.603912353,76.33499145507812,-76.26313018798828
482.803131103,76.525634765625,-76.08646392822266
483.002349853,76.73392486572266,-75.93115997314453
483.101959228,76.84473419189453,-75.86319732666016
483.301177978,77.07112884521484,-75.7472152709961
483.450592041,77.2405014038086,-75.6806640625
483.649810791,77.48744201660156,-75.59945678710938
483.815826416,77.68455505371094,-75.542236328125
484.015045166,77.90707397460938,-75.48611450195312
484.214263916,78.1549301147461,-75.43464660644531
484.363677978,78.35615539550781,-75.40206909179688
484.562896728,78.61416625976562,-75.36981201171875
484.762115478,78.69463348388672,-75.36071014404297
484.961334228,78.69463348388672,-75.36071014404297
485.110748291,78.69463348388672,-75.36071014404297
485.309967041,78.69463348388672,-75.36071014404297
485.525787353,78.69463348388672,-75.36071014404297
485.725006103,78.69463348388672,-75.36071014404297
485.874420166,78.69463348388672,-75.36071014404297
486.073638916,78.69463348388672,-75.36071014404297
486.272857666,78.69463348388672,-75.36071014404297
486.472076416,78.69463348388672,-75.36071014404297
486.671295166,78.86930084228516,-75.34332275390625
486.820709228,79.0726089477539,-75.32796478271484
487.036529541,79.32957458496094,-75.31591033935547
487.235748291,79.5867919921875,-75.3119125366211
487.385162353,79.78791809082031,-75.31452178955078
487.584381103,80.04637145996094,-75.32439422607422
487.783599853,80.30616760253906,-75.33504486083984
487.982818603,80.56192779541016,-75.34278869628906
488.182037353,80.81222534179688,-75.35037994384766
488.331451416,80.99146270751953,-75.35352325439453
488.530670166,81.25147247314453,-75.35345458984375
488.680084228,81.45674896240234,-75.35321044921875
488.895904541,81.7031021118164,-75.3529052734375
489.045318603,81.9111099243164,-75.3526611328125
489.244537353,82.1711196899414,-75.35235595703125
489.443756103,82.42430114746094,-75.35205078125
489.593170166,82.59947967529297,-75.35183715820312
489.792388916,82.85812377929688,-75.35153198242188
489.991607666,83.11813354492188,-75.35122680664062
490.190826416,83.3713150024414,-75.35092163085938
490.390045166,83.62449645996094,-75.35061645507812
490.556060791,83.83113861083984,-75.35037231445312
490.755279541,84.08705139160156,-75.35006713867188
490.954498291,84.3388671875,-75.34976196289062
491.103912353,84.54414367675781,-75.34951782226562
491.303131103,84.80415344238281,-75.34921264648438
491.502349853,85.05323791503906,-75.34890747070312
491.701568603,85.12677001953125,-75.34881591796875
491.900787353,85.3057632446289,-75.34860229492188
492.100006103,85.55484771728516,-75.34829711914062
492.249420166,85.6223373413086,-75.34822082519531
492.465240478,85.83574676513672,-75.34796142578125
492.664459228,86.08483123779297,-75.34765625
492.863677978,86.21981048583984,-75.34750366210938
493.062896728,86.47982025146484,-75.34719848632812
493.262115478,86.73846435546875,-75.34689331054688
493.411529541,86.7877197265625,-75.34683227539062
493.610748291,87.03517150878906,-75.34652709960938
493.809967041,87.2869873046875,-75.34622192382812
493.975982666,87.4949951171875,-75.34597778320312
494.175201416,87.75090789794922,-75.34567260742188
494.374420166,88.00272369384766,-75.34536743164062
494.573638916,88.26136779785156,-75.34506225585938
494.723052978,88.46937561035156,-75.34481811523438
494.922271728,88.71846008300781,-75.34451293945312
495.121490478,88.96891021728516,-75.34420776367188
495.270904541,89.14682006835938,-75.343994140625
495.470123291,89.40682983398438,-75.34368896484375
495.685943603,89.6887435913086,-75.34335327148438
495.885162353,89.94465637207031,-75.34304809570312
496.034576416,90.12666320800781,-75.34283447265625
496.233795166,90.38530731201172,-75.342529296875
496.433013916,90.63712310791016,-75.34222412109375
496.632232666,90.89030456542969,-75.3419189453125
496.781646728,91.09831237792969,-75.3416748046875
496.980865478,91.3542251586914,-75.34136962890625
497.180084228,91.60467529296875,-75.341064453125
497.346099853,91.80585479736328,-75.3408203125
497.545318603,91.86760711669922,-75.34074401855469
497.744537353,92.12215423583984,-75.34043884277344
497.893951416,92.30142974853516,-75.34022521972656
498.093170166,92.44891357421875,-75.34005737304688
498.292388916,92.70892333984375,-75.33975219726562
498.491607666,92.96756744384766,-75.33944702148438
498.690826416,93.19573974609375,-75.33917236328125
498.890045166,93.44892120361328,-75.3388671875
499.056060791,93.6514663696289,-75.338623046875
499.255279541,93.90464782714844,-75.33831787109375
499.454498291,94.16192626953125,-75.3380126953125
499.653717041,94.41510772705078,-75.33770751953125
499.852935791,94.66828918457031,-75.33740234375
500.052154541,94.92829895019531,-75.33709716796875
500.201568603,95.13357543945312,-75.33685302734375
500.400787353,95.38675689697266,-75.3365478515625
500.550201416,95.56603240966797,-75.33633422851562
500.716217041,95.77267456054688,-75.33609008789062
500.915435791,96.0272216796875,-75.33578491210938
501.064849853,96.22703552246094,-75.33554077148438
501.264068603,96.48431396484375,-75.33523559570312
501.463287353,96.74432373046875,-75.33493041992188
501.662506103,96.99610900878906,-75.33602905273438
501.861724853,97.24650573730469,-75.33805847167969
502.060943603,97.50376892089844,-75.34016418457031
502.260162353,97.76377868652344,-75.34230041503906
502.426177978,97.97041320800781,-75.343994140625
502.625396728,98.22767639160156,-75.34609985351562
502.824615478,98.48768615722656,-75.34823608398438
503.023834228,98.74357604980469,-75.35032653808594
503.223052978,98.93557739257812,-75.35189819335938
503.372467041,99.01057434082031,-75.35250854492188
503.571685791,99.26958465576172,-75.3546371459961
503.770904541,99.51998138427734,-75.3566665649414
503.970123291,99.7772445678711,-75.3564682006836
504.185943603,100.06188201904297,-75.3525390625
504.385162353,100.3122787475586,-75.34906005859375
504.534576416,100.49016571044922,-75.34659576416016
504.733795166,100.75017547607422,-75.34300994873047
504.933013916,101.01018524169922,-75.33942413330078
505.132232666,101.26333618164062,-75.33759307861328
505.331451416,101.51917266845703,-75.34163665771484
505.530670166,101.77910614013672,-75.3462142944336
505.729888916,102.03221130371094,-75.35067749023438
505.895904541,102.23470306396484,-75.35416412353516
506.095123291,102.49471282958984,-75.35391235351562
506.294342041,102.71874237060547,-75.35223388671875
506.493560791,102.71874237060547,-75.35223388671875
506.692779541,102.71874237060547,-75.35223388671875
506.891998291,102.71874237060547,-75.35223388671875
507.091217041,102.71874237060547,-75.35223388671875
507.290435791,102.71874237060547,-75.35223388671875
507.456451416,102.84474182128906,-75.35128021240234
507.655670166,103.10200500488281,-75.34932708740234
507.854888916,103.35514831542969,-75.34741973876953
508.054107666,103.60691833496094,-75.34552764892578
508.253326416,103.86692810058594,-75.34354400634766
508.452545166,104.12281799316406,-75.34160614013672
508.651763916,104.37458801269531,-75.33971405029297
508.850982666,104.62910461425781,-75.3377914428711
509.050201416,104.88911437988281,-75.3360595703125
509.266021728,105.17100524902344,-75.3381118774414
509.465240478,105.42689514160156,-75.34020233154297
509.664459228,105.68690490722656,-75.34233856201172
509.863677978,105.94279479980469,-75.34442901611328
510.013092041,106.11656188964844,-75.34583282470703
510.212310791,106.37107849121094,-75.34790802001953
510.411529541,106.63108825683594,-75.35004425048828
510.610748291,106.88423156738281,-75.35210418701172
510.809967041,107.14149475097656,-75.35420989990234
511.025787353,107.42613220214844,-75.3565444946289
511.225006103,107.68065643310547,-75.35599517822266
511.424224853,107.92967987060547,-75.3532943725586
511.623443603,108.1855697631836,-75.35051727294922
511.822662353,108.4455795288086,-75.34769439697266
512.021850585,108.7000961303711,-75.34493255615234
512.171264648,108.87523651123047,-75.34303283691406
512.370483398,109.12975311279297,-75.34027099609375
512.586303710,109.41576385498047,-75.33716583251953
512.785522460,109.66890716552734,-75.33833312988281
512.984741210,109.92479705810547,-75.34126281738281
513.134155273,110.10680389404297,-75.34334564208984
513.383178710,110.43795013427734,-75.34713745117188
513.532592773,110.61034393310547,-75.34911346435547
513.731811523,110.8607406616211,-75.35198211669922
513.980834960,111.19738006591797,-75.3558349609375
514.180053710,111.45601654052734,-75.3551025390625
514.329467773,111.63253021240234,-75.35377502441406
514.545288085,111.91167449951172,-75.35166931152344
514.794311523,112.21956634521484,-75.34933471679688
514.943725585,112.42070770263672,-75.34782409667969
515.142944335,112.67247772216797,-75.34593200683594
515.342163085,112.9283676147461,-75.343994140625
515.541381835,113.1883773803711,-75.34201049804688
515.740600585,113.44564056396484,-75.34005737304688
515.956420898,113.69603729248047,-75.33818054199219
516.155639648,113.95604705810547,-75.3364486694336
516.354858398,114.20919036865234,-75.33930206298828
516.554077148,114.4609603881836,-75.34294891357422
516.753295898,114.71822357177734,-75.3466567993164
516.952514648,114.97823333740234,-75.35039520263672
517.101928710,115.17937469482422,-75.35330963134766
517.301147460,115.42840576171875,-75.35614013671875
517.500366210,115.68425750732422,-75.35298919677734
517.716186523,115.9441909790039,-75.34856414794922
517.915405273,116.19729614257812,-75.34425354003906
518.015014648,116.32453155517578,-75.34208679199219
518.214233398,116.5844955444336,-75.3384780883789
518.413452148,116.84175872802734,-75.340087890625
518.612670898,117.09490203857422,-75.34214782714844
518.811889648,117.14379119873047,-75.34254455566406
519.060913085,117.42467498779297,-75.34483337402344
519.260131835,117.60966491699219,-75.34636688232422
519.426147460,117.61066436767578,-75.34637451171875
519.625366210,117.82442474365234,-75.3481216430664
519.824584960,118.03870391845703,-75.34986877441406
520.023803710,118.05083465576172,-75.34996795654297
520.272827148,118.2402114868164,-75.35150146484375
520.472045898,118.49884796142578,-75.35362243652344
520.671264648,118.70884704589844,-75.35535430908203
520.870483398,118.87859344482422,-75.35675048828125
521.069702148,119.1317367553711,-75.35523986816406
521.285522460,119.4122543334961,-75.3521957397461
521.484741210,119.6722640991211,-75.34937286376953
521.683959960,119.9267807006836,-75.34661102294922
521.932983398,120.2332992553711,-75.3432846069336
522.132202148,120.4933090209961,-75.34046173095703
522.281616210,120.6958236694336,-75.33834838867188
522.480834960,120.9503402709961,-75.33912658691406
522.729858398,121.25823211669922,-75.34066009521484
522.895874023,121.46623992919922,-75.3416976928711
523.095092773,121.69574737548828,-75.34284210205078
523.294311523,121.95026397705078,-75.34410858154297
523.493530273,122.20203399658203,-75.3453598022461
523.692749023,122.4288101196289,-75.34648895263672
523.891967773,122.67920684814453,-75.34773254394531
524.091186523,122.93647003173828,-75.34901428222656
524.290405273,122.96646118164062,-75.34917449951172
524.506225585,122.96646118164062,-75.34917449951172
524.705444335,122.96646118164062,-75.34917449951172
524.904663085,122.96646118164062,-75.34917449951172
525.103881835,122.96646118164062,-75.34917449951172
525.303100585,123.12709045410156,-75.34996795654297
525.502319335,123.38710021972656,-75.35126495361328
525.701538085,123.64024353027344,-75.35252380371094
525.950561523,123.94243621826172,-75.34510803222656
526.116577148,124.14806365966797,-75.31461334228516
526.365600585,124.46697235107422,-75.23107147216797
526.564819335,124.70733642578125,-75.1434555053711
526.714233398,124.8751449584961,-75.07301330566406
526.913452148,125.1064224243164,-74.97003936767578
527.112670898,125.33868408203125,-74.86261749267578
527.311889648,125.57269287109375,-74.74934387207031
527.511108398,125.80445861816406,-74.6377182006836
527.710327148,126.03880310058594,-74.5350112915039
527.926147460,126.29900360107422,-74.44601440429688
528.125366210,126.54444885253906,-74.38423919677734
528.324584960,126.79883575439453,-74.33048248291016
528.523803710,127.0533447265625,-74.27728271484375
528.723022460,127.30421447753906,-74.2268295288086
528.922241210,127.55038452148438,-74.18937683105469
529.121459960,127.79910278320312,-74.16031646728516
529.320678710,128.0581512451172,-74.13827514648438
529.536499023,128.31591796875,-74.11717987060547
529.735717773,128.5693817138672,-74.09402465820312
529.934936523,128.828857421875,-74.07771301269531
530.134155273,129.08462524414062,-74.06968688964844
530.333374023,129.33363342285156,-74.06643676757812
530.532592773,129.59127807617188,-74.04546356201172
530.731811523,129.83624267578125,-73.97875213623047
530.931030273,130.04835510253906,-73.83830261230469
531.130249023,130.1851348876953,-73.63231658935547
531.346069335,130.23849487304688,-73.36797332763672
531.495483398,130.232177734375,-73.19583129882812
531.694702148,130.1898651123047,-72.951904296875
531.893920898,130.1372528076172,-72.69728088378906
532.043334960,130.10699462890625,-72.49568176269531
532.242553710,130.09051513671875,-72.24313354492188
532.441772460,130.0862579345703,-71.9831771850586
532.640991210,130.0901641845703,-71.72457885742188
532.790405273,130.0975799560547,-71.54821014404297
533.006225585,130.1137237548828,-71.26679229736328
533.205444335,130.12567138671875,-71.00981903076172
533.354858398,130.129150390625,-70.8346939086914
533.554077148,130.13177490234375,-70.5856704711914
533.753295898,130.13442993164062,-70.33390045166016
533.952514648,130.13633728027344,-70.07389068603516
534.151733398,130.1335906982422,-69.81800079345703
534.301147460,130.13125610351562,-69.6196060180664
534.500366210,130.12826538085938,-69.3650894165039
534.716186523,130.125244140625,-69.10782623291016
534.915405273,130.12225341796875,-68.85330963134766
535.064819335,130.11990356445312,-68.6535415649414
535.264038085,130.1171417236328,-68.3990249633789
535.413452148,130.11837768554688,-68.2170181274414
535.562866210,130.12118530273438,-68.0090103149414
535.762084960,130.12461853027344,-67.75586700439453
535.961303710,130.12803649902344,-67.50409698486328
536.160522460,130.1315460205078,-67.24408721923828
536.359741210,130.13470458984375,-67.01007843017578
536.525756835,130.1303253173828,-66.77754211425781
536.724975585,130.10272216796875,-66.52323913574219
536.924194335,130.04470825195312,-66.27006530761719
537.073608398,129.9794921875,-66.10028076171875
537.272827148,129.9167022705078,-65.98397827148438
537.472045898,129.7672882080078,-65.77655792236328
537.621459960,129.62709045410156,-65.62864685058594
537.770874023,129.50807189941406,-65.5197982788086
537.970092773,129.31211853027344,-65.35954284667969
538.136108398,129.1502227783203,-65.22896575927734
538.335327148,128.9488525390625,-65.07554626464844
538.484741210,128.7855987548828,-64.95109558105469
538.683959960,128.57861328125,-64.79608917236328
538.833374023,128.43212890625,-64.6881103515625
539.032592773,128.22669982910156,-64.52877807617188
539.182006835,128.06744384765625,-64.40148162841797
539.381225585,127.86607360839844,-64.24138641357422
539.580444335,127.67021179199219,-64.08977508544922
539.729858398,127.52560424804688,-63.97925567626953
539.895874023,127.36233520507812,-63.857120513916016
540.095092773,127.153564453125,-63.70215606689453
540.244506835,126.98637390136719,-63.57841873168945
540.443725585,126.78052520751953,-63.41960525512695
540.593139648,126.63882446289062,-63.30542755126953
540.792358398,126.44007110595703,-63.137794494628906
540.991577148,126.2413330078125,-62.97658920288086
541.140991210,126.07955932617188,-62.845848083496094
541.340209960,125.87924194335938,-62.691070556640625
541.506225585,125.71176147460938,-62.56772994995117
541.655639648,125.56340026855469,-62.46229553222656
541.854858398,125.35275268554688,-62.30990982055664
542.004272460,125.18724060058594,-62.188514709472656
542.203491210,124.97909545898438,-62.035011291503906
542.402709960,124.77410888671875,-61.8818244934082
542.552124023,124.63190460205078,-61.77494430541992
542.751342773,124.43584442138672,-61.6258544921875
542.950561523,124.2301025390625,-61.46691131591797
543.099975585,124.08580017089844,-61.3582649230957
543.315795898,123.86273956298828,-61.192684173583984
543.465209960,123.70040130615234,-61.07158279418945
543.664428710,123.49850463867188,-60.91660690307617
543.863647460,123.29813385009766,-60.76639175415039
544.013061523,123.15723419189453,-60.66233825683594
544.212280273,122.95065307617188,-60.50672912597656
544.411499023,122.74446868896484,-60.35060119628906
544.560913085,122.5792465209961,-60.22880172729492
544.760131835,122.49227142333984,-60.16647720336914
544.926147460,122.49227142333984,-60.16647720336914
545.125366210,122.49227142333984,-60.16647720336914
545.324584960,122.49227142333984,-60.16647720336914
545.523803710,122.49227142333984,-60.16647720336914
545.673217773,122.49227142333984,-60.16647720336914
545.872436523,122.35633087158203,-60.07209396362305
546.071655273,122.14835357666016,-59.92543411254883
546.221069335,121.99561309814453,-59.786659240722656
546.420288085,121.85326385498047,-59.57048416137695
546.586303710,121.79925537109375,-59.37736892700195
546.785522460,121.79412078857422,-59.32875442504883
546.984741210,121.79412078857422,-59.32875442504883
547.183959960,121.79412078857422,-59.32875442504883
547.383178710,121.79412078857422,-59.32875442504883
547.582397460,121.79412078857422,-59.32875442504883
547.781616210,121.79412078857422,-59.32875442504883
547.980834960,121.79412078857422,-59.32875442504883
548.180053710,121.79412078857422,-59.32875442504883
548.346069335,121.79412078857422,-59.32875442504883
548.545288085,121.79412078857422,-59.32875442504883
548.744506835,121.79476928710938,-59.202789306640625
548.943725585,121.82180786132812,-58.97190856933594
549.142944335,121.86982727050781,-58.71638488769531
549.342163085,121.90296936035156,-58.46136474609375
549.541381835,121.91316223144531,-58.22096633911133
549.740600585,121.91455841064453,-58.070343017578125
549.890014648,121.91423797607422,-57.888336181640625
550.105834960,121.91375732421875,-57.6064338684082
550.305053710,121.91352844238281,-57.471431732177734
550.504272460,121.91310119628906,-57.21689987182617
550.703491210,121.91268157958984,-56.972129821777344
550.902709960,121.91263580322266,-56.94313049316406
551.101928710,121.91224670410156,-56.70372772216797
551.301147460,121.91181182861328,-56.45621871948242
551.450561523,121.91181182861328,-56.45222091674805
551.666381835,121.91146087646484,-56.22905731201172
551.865600585,121.9110336303711,-55.974525451660156
552.064819335,121.9110107421875,-55.957027435302734
552.264038085,121.91071319580078,-55.77173614501953
552.463256835,121.9102783203125,-55.51583480834961
552.662475585,121.90987396240234,-55.265411376953125
552.811889648,121.90955352783203,-55.083404541015625
552.961303710,121.90918731689453,-54.875396728515625
