timestamp_sec,x,y
0.165999993,77.0999984741211,-6.199999809265137
0.365200072,77.0999984741211,-6.199999809265137
0.564400196,77.0999984741211,-6.199999809265137
0.713800311,77.0999984741211,-6.199999809265137
0.913000464,77.0999984741211,-6.199999809265137
1.112200617,77.0999984741211,-6.199999809265137
1.311400771,77.0999984741211,-6.199999809265137
1.460800886,77.0999984741211,-6.199999809265137
1.660001039,77.0999984741211,-6.199999809265137
1.875801205,77.0999984741211,-6.199999809265137
2.075000762,77.0999984741211,-6.199999809265137
2.224399805,77.0999984741211,-6.199999809265137
2.423598527,77.0999984741211,-6.199999809265137
2.572997570,77.0999984741211,-6.199999809265137
2.772196292,77.0999984741211,-6.199999809265137
2.971395015,77.0999984741211,-6.199999809265137
3.170593738,77.0999984741211,-6.199999809265137
3.336592674,77.0999984741211,-6.199999809265137
3.535791397,77.0999984741211,-6.199999809265137
3.685190439,77.0999984741211,-6.199999809265137
3.884389162,77.0999984741211,-6.199999809265137
4.033788681,77.0999984741211,-6.199999809265137
4.232990264,77.0999984741211,-6.199999809265137
4.382391452,77.0999984741211,-6.199999809265137
4.581593036,77.0999984741211,-6.199999809265137
4.780794620,77.0999984741211,-6.199999809265137
4.930195808,77.0999984741211,-6.199999809265137
5.096197128,77.0999984741211,-6.199999809265137
5.295398712,77.0999984741211,-6.199999809265137
5.444799900,77.0999984741211,-6.199999809265137
5.644001483,77.0999984741211,-6.199999809265137
5.793402671,77.0999984741211,-6.199999809265137
5.992604255,77.0999984741211,-6.199999809265137
6.142005443,77.0999984741211,-6.199999809265137
6.341207027,77.0999984741211,-6.199999809265137
6.490608215,77.0999984741211,-6.199999809265137
6.640009403,77.0999984741211,-6.199999809265137
6.855811119,77.0999984741211,-6.199999809265137
7.005212306,77.0999984741211,-6.199999809265137
7.204413890,77.0999984741211,-6.199999809265137
7.353815078,77.0999984741211,-6.199999809265137
7.553016662,77.0999984741211,-6.199999809265137
7.702417850,77.0999984741211,-6.199999809265137
7.851819038,77.0999984741211,-6.199999809265137
8.051018714,77.0999984741211,-6.199999809265137
8.200415611,77.0999984741211,-6.199999809265137
8.349812507,77.0999984741211,-6.199999809265137
8.515809059,77.0999984741211,-6.199999809265137
8.715004920,77.0999984741211,-6.199999809265137
8.864401817,77.0999984741211,-6.199999809265137
9.013798713,77.0999984741211,-6.199999809265137
9.212994575,77.0999984741211,-6.199999809265137
9.362391471,77.0999984741211,-6.199999809265137
9.511788368,77.0999984741211,-6.199999809265137
9.661185264,77.0999984741211,-6.199999809265137
9.810582160,77.0999984741211,-6.199999809265137
9.976578712,77.0999984741211,-6.199999809265137
10.175774574,77.0999984741211,-6.199999809265137
10.325171470,77.0999984741211,-6.199999809265137
10.474568367,77.0999984741211,-6.199999809265137
10.623965263,77.0999984741211,-6.199999809265137
10.823161125,77.0999984741211,-6.199999809265137
10.972558021,77.0999984741211,-6.199999809265137
11.121954917,77.0999984741211,-6.199999809265137
11.271351814,77.0999984741211,-6.199999809265137
11.470547676,77.0999984741211,-6.199999809265137
11.636544227,77.0999984741211,-6.199999809265137
11.785941123,77.0999984741211,-6.199999809265137
11.935338020,77.0999984741211,-6.199999809265137
12.134533882,77.0999984741211,-6.199999809265137
12.283930778,77.0999984741211,-6.199999809265137
12.433327674,77.0999984741211,-6.199999809265137
12.582724571,77.0999984741211,-6.199999809265137
12.732121467,77.0999984741211,-6.199999809265137
12.931317329,77.0999984741211,-6.199999809265137
13.080714225,77.0999984741211,-6.199999809265137
13.230111122,77.0999984741211,-6.199999809265137
13.396107673,77.0999984741211,-6.199999809265137
13.545504570,77.0999984741211,-6.199999809265137
13.694901466,77.0999984741211,-6.199999809265137
13.894097328,77.0999984741211,-6.199999809265137
14.043494224,77.08895111083984,-6.205850601196289
14.192891120,76.9708480834961,-6.232922554016113
14.392086982,76.74066162109375,-6.1693339347839355
14.591282844,76.5618667602539,-5.989060878753662
14.790478706,76.44203186035156,-5.758632183074951
15.006274223,76.32394409179688,-5.498161315917969
15.205470085,76.1995620727539,-5.274690628051758
15.404665946,76.06610870361328,-5.088140487670898
15.603861808,76.05854034423828,-5.078659534454346
15.803057670,76.05854034423828,-5.078659534454346
15.952454566,76.05854034423828,-5.078659534454346
16.151651382,76.01583099365234,-5.064181804656982
16.350847244,75.78132629394531,-5.075904369354248
16.500244140,75.61017608642578,-5.183765411376953
16.716039657,75.47760009765625,-5.401627540588379
16.865436553,75.43729400634766,-5.605232238769531
17.014833450,75.43753051757812,-5.786991119384766
17.164230346,75.46361541748047,-5.993258476257324
17.363426208,75.51385498046875,-6.248344898223877
17.512823104,75.53736877441406,-6.428729057312012
17.662220001,75.53286743164062,-6.636414051055908
17.811616897,75.4990234375,-6.815057754516602
17.961013793,75.4332504272461,-7.010803699493408
18.160209655,75.32720184326172,-7.240577220916748
18.309606552,75.24234008789062,-7.396929740905762
18.475603103,75.14408874511719,-7.575595855712891
18.674798965,75.02342224121094,-7.804345607757568
18.774396896,74.9635238647461,-7.919729232788086
18.923793792,74.8701400756836,-8.102518081665039
19.073190689,74.79112243652344,-8.26646614074707
19.272386550,74.6845703125,-8.503616333007812
19.421783447,74.63240051269531,-8.62596321105957
19.620979309,74.63240051269531,-8.62596321105957
19.770376205,74.63240051269531,-8.62596321105957
19.936372756,74.62754821777344,-8.637482643127441
20.085769653,74.5649642944336,-8.831225395202637
20.284965515,74.54725646972656,-9.087079048156738
20.434362411,74.56874084472656,-9.262195587158203
20.583759307,74.6158447265625,-9.464731216430664
20.733156204,74.66289520263672,-9.640536308288574
20.882553100,74.7158432006836,-9.834598541259766
21.031949996,74.75822448730469,-10.004537582397461
21.231145858,74.81143188476562,-10.254828453063965
21.380542755,74.84558868408203,-10.459993362426758
21.529939651,74.87186431884766,-10.640083312988281
21.695936203,74.89771270751953,-10.842333793640137
21.845333099,74.92334747314453,-11.048746109008789
21.994729995,74.94432830810547,-11.22952651977539
22.144126892,74.97379302978516,-11.432662963867188
22.343322753,75.0086898803711,-11.687545776367188
22.492719650,75.03411102294922,-11.866379737854004
22.642116546,75.06300354003906,-12.07236099243164
22.791513442,75.09104919433594,-12.252185821533203
22.990709304,75.129150390625,-12.50937557220459
23.140106201,75.16253662109375,-12.710515975952148
23.306102752,75.19266510009766,-12.909404754638672
23.455499649,75.21870422363281,-13.089531898498535
23.604896545,75.24547576904297,-13.295799255371094
23.804092407,75.28208923339844,-13.546295166015625
23.953489303,75.30756378173828,-13.723737716674805
24.102886199,75.33887481689453,-13.929365158081055
24.252283096,75.36539459228516,-14.109420776367188
24.401679992,75.39542388916016,-14.315238952636719
24.600875854,75.42750549316406,-14.563591003417969
24.750272750,75.44873809814453,-14.740212440490723
24.916269302,75.47200775146484,-14.944147109985352
25.065666198,75.49390411376953,-15.150981903076172
25.215063095,75.51673889160156,-15.32740592956543
25.364459991,75.54467010498047,-15.529375076293945
25.563655853,75.58488464355469,-15.782087326049805
25.713052749,75.61115264892578,-15.962180137634277
25.862449645,75.64289093017578,-16.167739868164062
26.011846542,75.66901397705078,-16.345090866088867
26.161243438,75.69719696044922,-16.541501998901367
26.360439300,75.72731018066406,-16.791481018066406
26.509836196,75.74933624267578,-16.97076416015625
26.675832748,75.7735824584961,-17.177343368530273
26.825229644,75.79500579833984,-17.38148307800293
26.974626541,75.81670379638672,-17.55942726135254
27.173822402,75.8452377319336,-17.813724517822266
27.323219299,75.8719253540039,-18.017242431640625
27.472616195,75.89584350585938,-18.197662353515625
27.622013092,75.92497253417969,-18.390966415405273
27.821208953,75.92549896240234,-18.393918991088867
27.970605850,75.92769622802734,-18.406225204467773
28.120002746,75.95265197753906,-18.594938278198242
28.335798263,75.96516418457031,-18.85317039489746
28.485195159,75.96347045898438,-19.061155319213867
28.634592056,75.95789337158203,-19.236223220825195
28.783988952,75.9469223022461,-19.44255828857422
28.983184814,75.93212127685547,-19.702129364013672
29.132581710,75.9221420288086,-19.878372192382812
29.281978607,75.91419219970703,-20.077999114990234
29.481174468,75.90972137451172,-20.327009201049805
29.630571365,75.90685272216797,-20.504880905151367
29.796567916,75.90531158447266,-20.71286964416504
29.945964813,75.90460968017578,-20.91539192199707
30.095361709,75.90402221679688,-21.087812423706055
30.294557571,75.90314483642578,-21.340965270996094
30.443954467,75.90242767333984,-21.546222686767578
30.593351364,75.90178680419922,-21.72821617126465
30.742748260,75.90187072753906,-21.932106018066406
30.941944122,75.91740417480469,-22.187437057495117
31.091341018,75.9389419555664,-22.36402130126953
31.240737915,75.96253204345703,-22.569297790527344
31.390134811,75.97911071777344,-22.750537872314453
31.605930328,75.9968490600586,-23.0318603515625
31.755327224,76.0042953491211,-23.212337493896484
31.904724121,76.01398468017578,-23.42010498046875
32.103931427,76.02613067626953,-23.678443908691406
32.253345489,76.03231048583984,-23.85759735107422
32.402759552,76.03670501708984,-24.060073852539062
32.601978302,76.03861236572266,-24.320056915283203
32.751392364,76.04702758789062,-24.49909210205078
32.900806427,76.0655746459961,-24.69938850402832
33.050220489,76.0805892944336,-24.87527084350586
33.216236114,76.09305572509766,-25.077407836914062
33.365650177,76.10157775878906,-25.28523063659668
33.564868927,76.11726379394531,-25.540634155273438
33.714282989,76.13082885742188,-25.719379425048828
33.863697052,76.14543151855469,-25.922748565673828
34.062915802,76.15731048583984,-26.182466506958008
34.212329864,76.160888671875,-26.35895347595215
34.361743927,76.17267608642578,-26.563833236694336
34.511157989,76.18910217285156,-26.739593505859375
34.710376739,76.20830535888672,-26.99749755859375
34.859790802,76.21696472167969,-27.179288864135742
34.909595489,76.21944427490234,-27.25724983215332
35.075611114,76.22268676757812,-27.463851928710938
35.274829864,76.23786926269531,-27.721986770629883
35.424243927,76.25291442871094,-27.90436363220215
35.573657989,76.25299835205078,-27.90536117553711
35.723072052,76.25299835205078,-27.90536117553711
35.922290802,76.25299835205078,-27.90536117553711
36.071704864,76.25299835205078,-27.90536117553711
36.270923614,76.28942108154297,-28.119382858276367
36.420337677,76.3848648071289,-28.30302619934082
36.586353302,76.5293197631836,-28.448095321655273
36.735767364,76.67422485351562,-28.548768997192383
36.934986114,76.89469909667969,-28.686588287353516
37.084400177,77.06450653076172,-28.796924591064453
37.283618927,77.27005004882812,-28.949134826660156
37.433032989,77.40519714355469,-29.070968627929688
37.632251739,77.57573699951172,-29.25967788696289
37.781665802,77.70008087158203,-29.417783737182617
37.980884552,77.8530044555664,-29.621253967285156
38.130298614,77.96379852294922,-29.75865936279297
38.296314239,78.09500885009766,-29.912931442260742
38.445728302,78.22614288330078,-30.0672607421875
38.644947052,78.39851379394531,-30.26181983947754
38.794361114,78.51310729980469,-30.385112762451172
38.993579864,78.68740844726562,-30.574356079101562
39.142993927,78.82656860351562,-30.728958129882812
39.342212677,78.98373413085938,-30.91144561767578
39.491626739,79.1019287109375,-31.049833297729492
39.690845489,79.26615905761719,-31.24605941772461
39.840259552,79.40330505371094,-31.40061378479004
40.006275177,79.54374694824219,-31.55405616760254
40.205493927,79.72162628173828,-31.743684768676758
40.354907989,79.8407211303711,-31.870250701904297
40.554126739,80.00983428955078,-32.05679702758789
40.703540802,80.14448547363281,-32.20808029174805
40.902759552,80.31549072265625,-32.3984489440918
41.052173614,80.43952941894531,-32.52975082397461
41.201587677,80.58609008789062,-32.671424865722656
41.400806427,80.78163146972656,-32.84278106689453
41.550220489,80.91888427734375,-32.96231460571289
41.716236114,81.07427215576172,-33.100582122802734
41.915454864,81.26266479492188,-33.27577209472656
42.064868927,81.41226196289062,-33.4202880859375
42.264087677,81.60562896728516,-33.594032287597656
42.413501739,81.70578002929688,-33.68000793457031
42.612720489,81.70654296875,-33.68065643310547
42.762134552,81.70654296875,-33.68065643310547
42.961353302,81.74504852294922,-33.712547302246094
43.110767364,81.88232421875,-33.803348541259766
43.309986114,82.12812805175781,-33.84828186035156
43.476001739,82.32292938232422,-33.780235290527344
43.675220489,82.50586700439453,-33.59809875488281
43.874439239,82.63871765136719,-33.37471008300781
44.073657989,82.78770446777344,-33.17421340942383
44.223072052,82.94156646728516,-33.040809631347656
44.422290802,83.16182708740234,-32.91403579711914
44.621509552,83.39669799804688,-32.82367706298828
44.820728302,83.64871978759766,-32.760257720947266
44.970142364,83.82746887207031,-32.725990295410156
45.185962677,84.1048583984375,-32.675758361816406
45.385181427,84.35015106201172,-32.6327018737793
45.534595489,84.5279769897461,-32.60100173950195
45.733814239,84.78369903564453,-32.562374114990234
45.883228302,84.99076080322266,-32.54301834106445
46.082447052,85.24092102050781,-32.531494140625
46.231861114,85.4145736694336,-32.52433776855469
46.431079864,85.67025756835938,-32.513816833496094
46.630298614,85.92926788330078,-32.4920768737793
46.796314239,86.13396453857422,-32.463897705078125
46.995532989,86.38394927978516,-32.4162712097168
47.144947052,86.58351135253906,-32.362789154052734
47.344165802,86.8288345336914,-32.29005813598633
47.543384552,87.08084869384766,-32.226470947265625
47.692798614,87.25988006591797,-32.19373321533203
47.892017364,87.50870513916016,-32.155303955078125
48.091236114,87.6669692993164,-32.135040283203125
48.290454864,87.6669692993164,-32.135040283203125
48.489673614,87.67784118652344,-32.13372802734375
48.655689239,87.76520538330078,-32.12973403930664
48.854907989,87.81807708740234,-32.14632034301758
49.004322052,87.90406799316406,-32.25905990600586
49.203540802,87.9462890625,-32.498321533203125
49.352954864,87.90689849853516,-32.67566680908203
49.502368927,87.8414077758789,-32.87163543701172
49.701587677,87.77982330322266,-33.11692428588867
49.801197052,87.76359558105469,-33.24311447143555
49.950611114,87.75749969482422,-33.422183990478516
50.100025177,87.77494049072266,-33.62519836425781
50.266040802,87.8127212524414,-33.829689025878906
50.465259552,87.87325286865234,-34.07973098754883
50.614673614,87.91496276855469,-34.25408172607422
50.813892364,87.97103881835938,-34.507957458496094
50.963306427,88.0101089477539,-34.712242126464844
51.112720489,88.0410385131836,-34.89021301269531
51.262134552,88.0735092163086,-35.08734130859375
51.461353302,88.1091537475586,-35.33660125732422
51.610767364,88.13334655761719,-35.51698303222656
51.760181427,88.15782928466797,-35.723533630371094
51.976001739,88.19061279296875,-35.98006057739258
52.125415802,88.2181625366211,-36.1793212890625
52.274829864,88.24349975585938,-36.35678482055664
52.474048614,88.28675842285156,-36.613121032714844
52.623462677,88.32398223876953,-36.81775665283203
52.822681427,88.36996459960938,-37.06669235229492
52.972095489,88.39908599853516,-37.24079895019531
53.171314239,88.43883514404297,-37.48942565917969
53.320728302,88.46746063232422,-37.6954460144043
53.470142364,88.49180603027344,-37.87580871582031
53.636157989,88.51966857910156,-38.08054733276367
53.835376739,88.55690002441406,-38.3309440612793
53.984790802,88.588134765625,-38.536582946777344
54.134204864,88.61614990234375,-38.71641540527344
54.333423614,88.65327453613281,-38.968223571777344
54.482837677,88.67977905273438,-39.16624450683594
54.632251739,88.7042465209961,-39.339683532714844
54.831470489,88.7402572631836,-39.591651916503906
54.980884552,88.77178192138672,-39.79309844970703
55.180103302,88.81166076660156,-40.05002212524414
55.346118927,88.84455108642578,-40.252628326416016
55.495532989,88.86962127685547,-40.428749084472656
55.694751739,88.90485382080078,-40.68635177612305
55.844165802,88.93145751953125,-40.89263916015625
55.993579864,88.95726776123047,-41.06726837158203
56.142993927,88.9836654663086,-41.26116180419922
56.342212677,88.99506378173828,-41.35865020751953
56.491626739,88.99506378173828,-41.35865020751953
56.690845489,88.99506378173828,-41.35865020751953
56.840259552,88.99506378173828,-41.35865020751953
57.006275177,88.99506378173828,-41.35865020751953
57.155689239,88.99506378173828,-41.35865020751953
57.354907989,88.99506378173828,-41.35865020751953
57.554126739,88.94686126708984,-41.359130859375
57.703540802,88.76114654541016,-41.29901885986328
57.902759552,88.59186553955078,-41.109867095947266
58.101978302,88.52877044677734,-40.859466552734375
58.301197052,88.55424499511719,-40.60124588012695
58.500415802,88.595458984375,-40.34735107421875
58.649829864,88.60867309570312,-40.16728973388672
58.865650177,88.58931732177734,-39.893333435058594
59.015064239,88.54753112792969,-39.72054672241211
59.214282989,88.45313262939453,-39.48288345336914
59.413501739,88.3389892578125,-39.25387954711914
59.612720489,88.22541046142578,-39.02305221557617
59.762134552,88.1418228149414,-38.8400993347168
59.961353302,88.0405044555664,-38.60066223144531
60.160572052,87.94286346435547,-38.36563491821289
60.309986114,87.86326599121094,-38.208160400390625
60.525806427,87.68366241455078,-37.99109649658203
60.675220489,87.53119659423828,-37.89796829223633
60.874439239,87.2822494506836,-37.83820343017578
61.023853302,87.07598114013672,-37.8446044921875
61.223072052,86.82391357421875,-37.8796272277832
61.372486114,86.64417266845703,-37.90824890136719
61.571704864,86.3865737915039,-37.94339370727539
61.721118927,86.18091583251953,-37.96310806274414
61.920337677,85.92797088623047,-37.97344970703125
62.086353302,85.72409057617188,-37.975990295410156
62.235767364,85.54209899902344,-37.973968505859375
62.434986114,85.29048919677734,-37.96445846557617
62.634204864,85.04191589355469,-37.94880676269531
62.783618927,84.83973693847656,-37.93690872192383
62.982837677,84.57987976074219,-37.928688049316406
63.132251739,84.39787292480469,-37.92731857299805
63.281665802,84.19535827636719,-37.92634201049805
63.480884552,83.94496154785156,-37.92513656616211
63.630298614,83.76295471191406,-37.92425537109375
63.829517364,83.50294494628906,-37.922996520996094
63.995532989,83.29493713378906,-37.92198944091797
64.144943237,83.08967590332031,-37.92223358154297
64.344161987,82.82966613769531,-37.92509460449219
64.493576049,82.65315246582031,-37.92703628540039
64.692794799,82.40412902832031,-37.92977523803711
64.792404174,82.27961730957031,-37.93114471435547
64.991622924,82.01960754394531,-37.93400573730469
65.141036987,81.81159973144531,-37.93629455566406
65.340255737,81.55433654785156,-37.939125061035156
65.506271362,81.35319519042969,-37.94133758544922
65.655685424,81.17256164550781,-37.943077087402344
65.854904174,80.91529846191406,-37.94103240966797
66.004318237,80.71278381347656,-37.93877410888672
66.203536987,80.45833587646484,-37.94160079956055
66.402755737,80.21484375,-37.983619689941406
66.552169799,80.05242919921875,-38.051815032958984
66.751388549,79.8651123046875,-38.22127914428711
66.900802612,79.77167510986328,-38.39870071411133
67.050216674,79.73059844970703,-38.575599670410156
67.216232299,79.72574615478516,-38.779170989990234
67.365646362,79.74745178222656,-38.96942901611328
67.564865112,79.79017639160156,-39.214786529541016
67.714279174,79.81634521484375,-39.387977600097656
67.863693237,79.83987426757812,-39.58634948730469
68.062911987,79.84976959228516,-39.83650207519531
68.212326049,79.84892272949219,-40.01850128173828
68.361740112,79.84343719482422,-40.2264289855957
68.511154174,79.83550262451172,-40.405513763427734
68.710372924,79.8231430053711,-40.65837097167969
68.876388549,79.81434631347656,-40.863441467285156
69.025802612,79.81037902832031,-41.06866455078125
69.175216674,79.80846405029297,-41.245182037353516
69.374435424,79.8057632446289,-41.49422836303711
69.523849487,79.80364227294922,-41.696746826171875
69.673263549,79.80426788330078,-41.878753662109375
69.872482299,79.80632781982422,-42.138763427734375
70.021896362,79.80795288085938,-42.3426628112793
70.221115112,79.80997467041016,-42.5958251953125
70.370529174,79.81141662597656,-42.77783203125
70.519943237,79.81285858154297,-42.9598388671875
70.685958862,79.81471252441406,-43.19384765625
70.885177612,79.81675720214844,-43.45111846923828
71.034591674,79.81819915771484,-43.63312530517578
71.184005737,79.8198471069336,-43.84113311767578
71.383224487,79.82185363769531,-44.091556549072266
71.532638549,79.82328033447266,-44.27082443237305
71.731857299,79.82167053222656,-44.53081512451172
71.881271362,79.81944274902344,-44.736061096191406
72.030685424,79.81754302978516,-44.91121292114258
72.229904174,79.81476593017578,-45.16708755493164
72.395919799,79.81253814697266,-45.37233352661133
72.545333862,79.81029510498047,-45.57894515991211
72.744552612,79.80754852294922,-45.832088470458984
72.893966674,79.80560302734375,-46.01133728027344
73.043380737,79.80382537841797,-46.21932601928711
73.192794799,79.8057632446289,-46.40131759643555
73.392013549,79.81012725830078,-46.653072357177734
73.541427612,79.81359100341797,-46.85283279418945
73.740646362,79.81781005859375,-47.096195220947266
73.890060424,79.81807708740234,-47.111690521240234
74.056076049,79.81807708740234,-47.111690521240234
74.255294799,79.81807708740234,-47.111690521240234
74.404708862,79.81807708740234,-47.111690521240234
74.603927612,79.81807708740234,-47.111690521240234
74.753341674,79.8326187133789,-47.11553955078125
74.952560424,79.90704345703125,-47.102378845214844
75.151779174,80.00514221191406,-47.004337310791016
75.301193237,80.0584945678711,-46.82743835449219
75.500411987,80.04633331298828,-46.56852340698242
75.716232299,79.9918212890625,-46.33125686645508
75.865646362,79.93769836425781,-46.1360969543457
76.064865112,79.88455963134766,-45.88168716430664
76.214279174,79.86180877685547,-45.701148986816406
76.413497924,79.85054779052734,-45.45243835449219
76.562911987,79.85704040527344,-45.25003433227539
76.762130737,79.87379455566406,-44.99333190917969
76.961349487,79.892822265625,-44.734031677246094
77.160568237,79.90467071533203,-44.47978591918945
77.309982299,79.90818786621094,-44.30467224121094
77.475997924,79.910888671875,-44.10080337524414
77.675216674,79.91432189941406,-43.8408317565918
77.874435424,79.91604614257812,-43.5849494934082
78.023849487,79.91492462158203,-43.3837890625
78.223068237,79.9134750366211,-43.123779296875
78.422286987,79.91203308105469,-42.86513900756836
78.571701049,79.91104888916016,-42.6886100769043
78.770919799,79.9096450805664,-42.43681716918945
78.970138549,79.908203125,-42.17817687988281
79.136154174,79.90704345703125,-41.97016906738281
79.335372924,79.90565490722656,-41.72111511230469
79.534591674,79.90422821044922,-41.465213775634766
79.684005737,79.90306854248047,-41.257205963134766
79.833419799,79.90209197998047,-41.08204650878906
80.032638549,79.90067291259766,-40.8275146484375
80.182052612,79.89955139160156,-40.6263542175293
80.331466674,79.89857482910156,-40.451194763183594
80.530685424,79.89712524414062,-40.191184997558594
80.729904174,79.89649963378906,-39.93665313720703
80.895919799,79.8995590209961,-39.73552322387695
81.095138549,79.9038314819336,-39.47555160522461
81.294357299,79.9080581665039,-39.218318939208984
81.493576049,79.91219329833984,-38.9665641784668
81.642990112,79.91837310791016,-38.765506744384766
81.842208862,79.94226837158203,-38.513633728027344
81.991622924,79.98235321044922,-38.34046936035156
82.190841674,80.09270477294922,-38.112342834472656
82.390060424,80.27201843261719,-37.93776321411133
82.556076049,80.45157623291016,-37.86179733276367
82.755294799,80.70878601074219,-37.829017639160156
82.954513549,80.96611022949219,-37.85184860229492
83.103927612,81.16524505615234,-37.88862991333008
83.303146362,81.40994262695312,-37.93489074707031
83.502365112,81.66363525390625,-37.96767807006836
83.651779174,81.84538269042969,-37.97663116455078
83.850997924,82.09851837158203,-37.97893142700195
84.050216674,82.3543701171875,-37.97483444213867
84.216232299,82.55685424804688,-37.9712028503418
84.415451049,82.81678771972656,-37.966548919677734
84.564865112,83.02200317382812,-37.96287155151367
84.764083862,83.27102661132812,-37.96003723144531
84.913497924,83.45028686523438,-37.960777282714844
85.112716674,83.71029663085938,-37.96184539794922
85.262130737,83.91555786132812,-37.96269226074219
85.461349487,84.16732788085938,-37.96373748779297
85.610763549,84.34384155273438,-37.96446990966797
85.809982299,84.60247802734375,-37.96553421020508
85.975997924,84.81048583984375,-37.96638870239258
86.175216674,85.06912231445312,-37.96745300292969
86.374435424,85.32913208007812,-37.96852111816406
86.523849487,85.53439331054688,-37.96936798095703
86.723068237,85.78890991210938,-37.970420837402344
86.872482299,85.96817016601562,-37.971160888671875
87.071701049,86.22817993164062,-37.97222900390625
87.270919799,86.48544311523438,-37.973289489746094
87.420333862,86.68795776367188,-37.97412872314453
87.636154174,86.93698120117188,-37.97516632080078
87.785568237,87.14498901367188,-37.97602081298828
87.984786987,87.39952087402344,-37.978267669677734
88.134201049,87.57574462890625,-37.987552642822266
88.333419799,87.82007598876953,-38.05419921875
88.482833862,87.9792709350586,-38.17294692993164
88.682052612,88.10222625732422,-38.392059326171875
88.831466674,88.13445281982422,-38.56801986694336
88.980880737,88.13090515136719,-38.7702522277832
89.130294799,88.10371398925781,-38.944602966308594
89.296310424,88.05906677246094,-39.14775466918945
89.495529174,88.00590515136719,-39.40084457397461
89.644943237,87.97749328613281,-39.60407638549805
89.794357299,87.9650650024414,-39.78561782836914
89.943771362,87.96102142333984,-39.99220657348633
90.142990112,87.96245574951172,-40.24262619018555
90.292404174,87.96431732177734,-40.41914367675781
90.491622924,87.96704864501953,-40.67774963378906
90.641036987,87.96924591064453,-40.88572692871094
90.790451049,87.97115325927734,-41.066341400146484
90.956466674,87.9732437133789,-41.2647590637207
91.155685424,87.97594451904297,-41.520633697509766
91.305099487,87.97814178466797,-41.72861099243164
91.454513549,87.98003387451172,-41.907859802246094
91.653732299,87.98270416259766,-42.16100311279297
91.803146362,87.98198699951172,-42.36626434326172
91.952560424,87.97985076904297,-42.54824447631836
92.151779174,87.97689056396484,-42.80275344848633
92.301193237,87.9746322631836,-42.99980545043945
92.450607299,87.97261047363281,-43.174957275390625
92.649826049,87.96967315673828,-43.4281005859375
92.815841674,87.9693374633789,-43.45610046386719
92.965255737,87.9693374633789,-43.45610046386719
93.164474487,87.9693374633789,-43.45610046386719
93.313888549,87.9693374633789,-43.45610046386719
93.463302612,87.9693374633789,-43.45610046386719
93.612716674,87.9731216430664,-43.592041015625
93.811935424,87.99720001220703,-43.84402847290039
93.961349487,88.01681518554688,-44.051090240478516
94.110763549,88.02969360351562,-44.23263168334961
94.309982299,88.04087829589844,-44.48553466796875
94.475997924,88.04395294189453,-44.683929443359375
94.625411987,88.04244232177734,-44.89192199707031
94.725021362,88.0409927368164,-45.021907806396484
94.874435424,88.03899383544922,-45.20115661621094
95.073654174,88.03621673583984,-45.45020294189453
95.223068237,88.03398895263672,-45.649986267089844
95.372482299,88.03202056884766,-45.82650375366211
95.571701049,88.02680969238281,-46.08644104003906
95.721115112,88.01701354980469,-46.2928352355957
95.920333862,87.9990234375,-46.545345306396484
96.086349487,87.98487091064453,-46.74599838256836
96.235763549,87.97602081298828,-46.92641067504883
96.385177612,87.97075653076172,-47.13296890258789
96.584396362,87.9686508178711,-47.383392333984375
96.733810424,87.96720123291016,-47.5612907409668
96.933029174,87.96508026123047,-47.81993103027344
97.082443237,87.96337127685547,-48.02793884277344
97.231857299,87.96269989013672,-48.20720672607422
97.431076049,87.96533203125,-48.45762252807617
97.580490112,87.96751403808594,-48.65877151489258
97.729904174,87.96949005126953,-48.84075164794922
97.895919799,87.97174835205078,-49.048728942871094
98.095138549,87.97449493408203,-49.30187225341797
98.244552612,87.97672271728516,-49.507118225097656
98.443771362,87.97954559326172,-49.76708984375
98.593185424,87.98299407958984,-49.949039459228516
98.742599487,87.99867248535156,-50.15092468261719
98.941818237,88.0215072631836,-50.405784606933594
99.091232299,88.03323364257812,-50.58740234375
99.240646362,88.04163360595703,-50.7924919128418
99.439865112,88.04487609863281,-51.02098846435547
99.605880737,88.04242706298828,-51.248130798339844
99.755294799,88.03983306884766,-51.428741455078125
99.954513549,88.03620910644531,-51.68186569213867
100.103927612,88.04000091552734,-51.887046813964844
100.303146362,88.06310272216797,-52.141868591308594
100.502365112,88.08680725097656,-52.4007682800293
100.651779174,88.0985336303711,-52.5823860168457
100.850997924,88.1082763671875,-52.8285026550293
101.000411987,88.11890411376953,-53.023887634277344
101.149826049,88.13272857666016,-53.1984977722168
101.365646362,88.1523666381836,-53.476951599121094
101.515060424,88.16007995605469,-53.65878677368164
101.714279174,88.16471862792969,-53.910526275634766
101.863693237,88.17707061767578,-54.107139587402344
102.013107299,88.19473266601562,-54.28415298461914
102.212326049,88.21429443359375,-54.54203414916992
102.361740112,88.22415161132812,-54.749794006347656
102.560958862,88.23066711425781,-55.00697326660156
102.710372924,88.24005126953125,-55.18185806274414
102.876388549,88.25568389892578,-55.38788986206055
103.075607299,88.26945495605469,-55.643394470214844
103.225021362,88.2744369506836,-55.84037780761719
103.424240112,88.27901458740234,-56.09621810913086
103.573654174,88.29342651367188,-56.27349853515625
103.772872924,88.31957244873047,-56.53218078613281
103.922286987,88.33523559570312,-56.73821258544922
104.121505737,88.3469009399414,-56.98423767089844
104.270919799,88.35100555419922,-57.16071701049805
104.470138549,88.36400604248047,-57.416255950927734
104.636154174,88.37810516357422,-57.623775482177734
104.785568237,88.3893051147461,-57.820499420166016
104.984786987,88.39641571044922,-58.0708122253418
105.134201049,88.3981704711914,-58.24869918823242
105.333419799,88.41545104980469,-58.50669860839844
105.482833862,88.4358139038086,-58.71232986450195
105.682052612,88.45658111572266,-58.963253021240234
105.831466674,88.4664077758789,-59.13949966430664
106.030685424,88.47045135498047,-59.24605178833008
106.180099487,88.47045135498047,-59.24605178833008
106.346115112,88.46417999267578,-59.42472457885742
106.495529174,88.4145736694336,-59.59345626831055
106.694747924,88.2635726928711,-59.80340576171875
106.844161987,88.10758209228516,-59.938720703125
107.043380737,87.90575408935547,-60.093788146972656
107.192794799,87.7680435180664,-60.21062469482422
107.392013549,87.58350372314453,-60.37993240356445
107.541427612,87.45018005371094,-60.51361846923828
107.690841674,87.32857513427734,-60.649024963378906
107.890060424,87.21509552001953,-60.78351974487305
108.056076049,87.10476684570312,-60.895416259765625
108.205490112,86.9791030883789,-60.956146240234375
108.404708862,86.72698974609375,-60.94906234741211
108.603927612,86.51492309570312,-60.81264877319336
108.753341674,86.4037094116211,-60.66902160644531
108.952560424,86.2769546508789,-60.4452018737793
109.151779174,86.13742065429688,-60.2262077331543
109.350997924,85.94731903076172,-60.06117630004883
109.500411987,85.75428771972656,-59.98554229736328
109.600021362,85.6263427734375,-59.96308135986328
109.766036987,85.4185791015625,-59.95975112915039
109.965255737,85.171875,-59.979434967041016
110.114669799,85.15641784667969,-59.980655670166016
110.313888549,85.15641784667969,-59.980655670166016
110.463302612,85.15641784667969,-59.980655670166016
110.662521362,84.93448638916016,-60.020816802978516
110.811935424,84.77916717529297,-60.11066818237305
111.011154174,84.64257049560547,-60.32783508300781
111.160568237,84.61143493652344,-60.52754592895508
111.309982299,84.60031127929688,-60.70235061645508
111.525802612,84.5472183227539,-60.972869873046875
111.725021362,84.43706512451172,-61.207847595214844
111.874435424,84.33849334716797,-61.357505798339844
112.073654174,84.1801528930664,-61.55841064453125
112.223068237,84.04601287841797,-61.713775634765625
112.422286987,83.87946319580078,-61.90804672241211
112.571701049,83.76795959472656,-62.041351318359375
112.770919799,83.60694122314453,-62.24543762207031
112.920333862,83.48776245117188,-62.4108772277832
113.136154174,83.33821868896484,-62.623565673828125
113.285568237,83.22168731689453,-62.795867919921875
113.484786987,83.0796127319336,-63.01198196411133
113.634201049,82.98637390136719,-63.15863800048828
113.833419799,82.84980010986328,-63.37179183959961
113.982833862,82.73646545410156,-63.541290283203125
114.182052612,82.59282684326172,-63.74974060058594
114.381271362,82.44551086425781,-63.96398162841797
114.530685424,82.34160614013672,-64.11005401611328
114.729904174,82.19120025634766,-64.32213592529297
114.895919799,82.06831359863281,-64.48995208740234
115.045333862,81.94551086425781,-64.65779876708984
115.244552612,81.79385375976562,-64.8672866821289
115.393966674,81.68801879882812,-65.0119400024414
115.593185424,81.54331970214844,-65.21276092529297
115.742599487,81.52721405029297,-65.23567199707031
115.941818237,81.50119018554688,-65.26729583740234
116.141036987,81.35089874267578,-65.33303833007812
116.290451049,81.17684173583984,-65.33406829833984
116.456466674,80.99144744873047,-65.24960327148438
116.605880737,80.85002136230469,-65.10363006591797
116.805099487,80.698486328125,-64.8974609375
117.004318237,80.53099822998047,-64.70604705810547
117.153732299,80.39300537109375,-64.58975982666016
117.352951049,80.17182922363281,-64.45890045166016
117.502365112,79.98821258544922,-64.38030242919922
117.701583862,79.7457046508789,-64.28656768798828
117.850997924,79.58082580566406,-64.22352600097656
118.050216674,79.33895111083984,-64.13192749023438
118.216232299,79.14865112304688,-64.0550537109375
118.365646362,78.95801544189453,-63.97535705566406
118.564865112,78.72306823730469,-63.87392807006836
118.714279174,78.55831146240234,-63.80329895019531
118.913497924,78.32369995117188,-63.7120361328125
119.112716674,78.08547973632812,-63.63487243652344
119.262130737,77.89093017578125,-63.58391189575195
119.411544799,77.71747589111328,-63.55133056640625
119.610763549,77.4591293334961,-63.522438049316406
119.760177612,77.25154113769531,-63.50977325439453
119.926193237,77.04386138916016,-63.49858093261719
120.125411987,76.78401947021484,-63.48931121826172
120.274826049,76.60231018066406,-63.47917556762695
120.474044799,76.35103607177734,-63.44878387451172
120.623458862,76.15479278564453,-63.41958999633789
120.822677612,75.90184020996094,-63.381080627441406
120.972091674,75.72525787353516,-63.343101501464844
121.171310424,75.470947265625,-63.2891960144043
121.320724487,75.26801300048828,-63.25834274291992
121.519943237,75.03899383544922,-63.22624969482422
121.685958862,74.81609344482422,-63.200260162353516
121.835372924,74.63602447509766,-63.186336517333984
122.034591674,74.38023376464844,-63.17915344238281
122.184005737,74.17658233642578,-63.16965103149414
122.383224487,73.92499542236328,-63.141693115234375
122.532638549,73.74451446533203,-63.11824417114258
122.731857299,73.4866714477539,-63.08485794067383
122.881271362,73.28480529785156,-63.047935485839844
123.080490112,73.03306579589844,-62.988677978515625
123.229904174,72.8641357421875,-62.94790267944336
123.395919799,72.66474151611328,-62.90532302856445
123.595138549,72.41268920898438,-62.84760665893555
123.744552612,72.21613311767578,-62.788482666015625
123.943771362,71.96985626220703,-62.70948028564453
124.093185424,71.79853820800781,-62.652225494384766
124.292404174,71.56001281738281,-62.56745147705078
124.441818237,71.36270904541016,-62.5062255859375
124.541427612,71.2387466430664,-62.47758865356445
124.740646362,70.99373626708984,-62.44157028198242
124.890060424,70.81834411621094,-62.421669006347656
125.056076049,70.61085510253906,-62.40770721435547
125.205490112,70.4042739868164,-62.40358352661133
125.404708862,70.15531921386719,-62.39708709716797
125.554122924,69.97532653808594,-62.382442474365234
125.753341674,69.7231216430664,-62.332969665527344
125.902755737,69.6882095336914,-62.32269287109375
126.101974487,69.6882095336914,-62.32269287109375
126.301193237,69.474609375,-62.24463653564453
126.450607299,69.31448364257812,-62.164249420166016
126.649826049,69.1083755493164,-62.02713394165039
126.815841674,68.9507064819336,-61.9044303894043
127.015060424,68.74696350097656,-61.74290466308594
127.164474487,68.58570098876953,-61.61153793334961
127.363693237,68.38021087646484,-61.45228958129883
127.562911987,68.17398071289062,-61.30784606933594
127.712326049,68.02567291259766,-61.207157135009766
127.861740112,67.85102081298828,-61.0942268371582
128.060958862,67.63037109375,-60.95669174194336
128.210372924,67.47639465332031,-60.85965347290039
128.426193237,67.23589324951172,-60.70490646362305
128.575607299,67.08317565917969,-60.60845184326172
128.774826049,66.86921691894531,-60.47316360473633
128.924240112,66.69881439208984,-60.361183166503906
129.123458862,66.4857177734375,-60.22200393676758
129.272872924,66.33441162109375,-60.1208381652832
129.422286987,66.16682434082031,-60.009559631347656
129.621505737,65.95288848876953,-59.86181640625
129.770919799,65.8056869506836,-59.75950622558594
129.970138549,65.59744262695312,-59.60392761230469
130.136154174,65.43853759765625,-59.47187042236328
130.335372924,65.24250030517578,-59.30110549926758
130.484786987,65.08374786376953,-59.16672897338867
130.684005737,64.88398742675781,-59.000335693359375
130.833419799,64.7454833984375,-58.8886833190918
131.032638549,64.54261779785156,-58.7282829284668
131.182052612,64.38031005859375,-58.60265350341797
131.381271362,64.17625427246094,-58.446006774902344
131.580490112,63.96784973144531,-58.290557861328125
131.729904174,63.82615280151367,-58.18528366088867
131.895919799,63.80649948120117,-58.17105484008789
132.095138549,63.80649948120117,-58.17105484008789
132.244552612,63.80649948120117,-58.17105484008789
132.443771362,63.65324783325195,-58.04106140136719
132.642990112,63.528343200683594,-57.81616973876953
132.792404174,63.50604248046875,-57.63596725463867
132.991622924,63.519683837890625,-57.37785339355469
133.190841674,63.5458869934082,-57.12331008911133
133.340255737,63.55081558227539,-57.05498504638672
133.556076049,63.55081558227539,-57.05498504638672
133.705490112,63.55081558227539,-57.05498504638672
133.854904174,63.55081558227539,-57.05498504638672
134.054122924,63.55081558227539,-57.05498504638672
134.203536987,63.55081558227539,-57.05498504638672
134.402755737,63.55588912963867,-57.04695129394531
134.601974487,63.73451232910156,-56.95842742919922
134.751388549,63.9124755859375,-56.95668029785156
134.950607299,64.14208221435547,-57.07289123535156
135.100021362,64.2862777709961,-57.22248077392578
135.266036987,64.41683197021484,-57.379093170166016
135.465255737,64.59204864501953,-57.571067810058594
135.614669799,64.7209701538086,-57.689544677734375
135.813888549,64.92939758300781,-57.835166931152344
135.963302612,65.10552215576172,-57.929359436035156
136.162521362,65.33992767333984,-58.041847229003906
136.311935424,65.5052490234375,-58.117923736572266
136.511154174,65.73875427246094,-58.21916198730469
136.660568237,65.83873748779297,-58.259979248046875
136.809982299,65.83873748779297,-58.259979248046875
136.975997924,65.83873748779297,-58.259979248046875
137.175216674,65.85575103759766,-58.24896240234375
137.324630737,65.94320678710938,-58.10155487060547
137.523849487,65.96161651611328,-57.85150909423828
137.723068237,65.89034271240234,-57.612098693847656
137.872482299,65.81478118896484,-57.44956588745117
138.071701049,65.70452117919922,-57.21414566040039
138.221115112,65.62982177734375,-57.02151107788086
138.420333862,65.55735778808594,-56.780452728271484
138.586349487,65.51158142089844,-56.584617614746094
138.785568237,65.46773529052734,-56.33390426635742
138.934982299,65.4406967163086,-56.15392303466797
139.134201049,65.4019546508789,-55.89682388305664
139.333419799,65.35775756835938,-55.64338684082031
139.433029174,65.33390808105469,-55.519775390625
139.582443237,65.29143524169922,-55.32175827026367
139.781661987,65.23566436767578,-55.08184051513672
139.980880737,65.1760025024414,-54.837223052978516
140.130294799,65.13658905029297,-54.66234588623047
140.296310424,65.09532928466797,-54.4584846496582
140.495529174,65.0454330444336,-54.21030044555664
140.694747924,64.99093627929688,-53.964473724365234
140.844161987,64.94829559326172,-53.76788330078125
141.043380737,64.897705078125,-53.518436431884766
141.242599487,64.84595489501953,-53.27342987060547
141.392013549,64.8075180053711,-53.09552764892578
141.591232299,64.75253295898438,-52.84139633178711
141.740646362,64.710693359375,-52.63764953613281
141.956466674,64.66036987304688,-52.38954544067383
142.105880737,64.6171875,-52.188873291015625
142.305099487,64.56405639648438,-51.93436050415039
142.504318237,64.50841522216797,-51.68037796020508
142.653732299,64.46866607666016,-51.506980895996094
142.803146362,64.4249267578125,-51.31062316894531
143.002365112,64.37255096435547,-51.06293869018555
143.201583862,64.32471466064453,-50.82131576538086
143.400802612,64.27510833740234,-50.57027816772461
143.550216674,64.24242401123047,-50.416717529296875
143.766036987,64.23650360107422,-50.38935089111328
143.915451049,64.1911849975586,-50.23174285888672
144.114669799,64.04845428466797,-50.02598571777344
144.313888549,63.81998062133789,-49.91654586791992
144.463302612,63.6129035949707,-49.908416748046875
144.662521362,63.36200714111328,-49.94196701049805
144.811935424,63.18218231201172,-49.97002410888672
145.011154174,62.923465728759766,-49.9943962097168
145.210372924,62.664764404296875,-49.974098205566406
145.376388549,62.464744567871094,-49.92265319824219
145.575607299,62.232975006103516,-49.843467712402344
145.725021362,62.039093017578125,-49.78510284423828
145.924240112,61.78298568725586,-49.741859436035156
146.073654174,61.601261138916016,-49.73237991333008
146.272872924,61.3468132019043,-49.73701477050781
146.472091674,61.08699417114258,-49.746437072753906
146.621505737,60.8791389465332,-49.75397491455078
146.820724487,60.62193298339844,-49.75885772705078
146.970138549,60.44951248168945,-49.758888244628906
147.185958862,60.17211151123047,-49.746395111083984
147.335372924,59.992008209228516,-49.72076416015625
147.534591674,59.74040222167969,-49.6555290222168
147.733810424,59.49014663696289,-49.590248107910156
147.883224487,59.293643951416016,-49.54123306274414
148.082443237,59.044410705566406,-49.477481842041016
148.231857299,58.870121002197266,-49.43561935424805
148.431076049,58.61356735229492,-49.39399719238281
148.580490112,58.4078483581543,-49.37471389770508
148.796310424,58.15843963623047,-49.35224914550781
148.945724487,57.95653533935547,-49.33640670776367
149.144943237,57.69789505004883,-49.310218811035156
149.294357299,57.52101516723633,-49.28111267089844
149.493576049,57.27259826660156,-49.24009323120117
149.692794799,57.026363372802734,-49.213687896728516
149.842208862,56.89674377441406,-49.200828552246094
150.041427612,56.884307861328125,-49.19955062866211
150.190841674,56.72626876831055,-49.19468688964844
150.390060424,56.48558044433594,-49.275821685791016
150.556076049,56.34867477416992,-49.42536926269531
150.705490112,56.251983642578125,-49.60929489135742
150.904708862,56.14744567871094,-49.844364166259766
151.054122924,56.06705856323242,-50.00762176513672
151.253341674,55.927040100097656,-50.224754333496094
151.402755737,55.792911529541016,-50.3818244934082
151.552169799,55.66950225830078,-50.50608825683594
151.751388549,55.487098693847656,-50.6756591796875
151.900802612,55.340877532958984,-50.8077507019043
152.050216674,55.20798110961914,-50.93008804321289
152.216232299,55.06193542480469,-51.068416595458984
152.415451049,54.88064193725586,-51.245113372802734
152.564865112,54.73957824707031,-51.39039611816406
152.764083862,54.566307067871094,-51.5749626159668
152.913497924,54.48345947265625,-51.66109085083008
153.062911987,54.48345947265625,-51.66109085083008
153.262130737,54.48345947265625,-51.66109085083008
153.461349487,54.474788665771484,-51.67009353637695
153.610763549,54.36542510986328,-51.767459869384766
153.809982299,54.14108657836914,-51.85404586791992
153.975997924,53.93843078613281,-51.82365417480469
154.175216674,53.7367057800293,-51.665771484375
154.324630737,53.650291442871094,-51.480472564697266
154.424240112,53.616310119628906,-51.35926818847656
154.623458862,53.52984619140625,-51.11454391479492
154.772872924,53.43281555175781,-50.96099090576172
154.972091674,53.245933532714844,-50.79154586791992
155.171310424,53.01720428466797,-50.66856384277344
155.320724487,52.8252067565918,-50.58860778808594
155.536544799,52.58486557006836,-50.49687194824219
155.685958862,52.39163589477539,-50.41994857788086
155.885177612,52.15754699707031,-50.30692672729492
156.034591674,51.99837112426758,-50.2215461730957
156.233810424,51.77595520019531,-50.097808837890625
156.433029174,51.55006790161133,-49.969085693359375
156.632247924,51.330322265625,-49.84066390991211
156.781661987,51.15463638305664,-49.737186431884766
156.980880737,50.93178939819336,-49.61142349243164
157.180099487,50.70466232299805,-49.484928131103516
157.346115112,50.522552490234375,-49.38443374633789
157.545333862,50.29561996459961,-49.263267517089844
157.744552612,50.06574630737305,-49.141807556152344
157.893966674,49.90377426147461,-49.05882263183594
158.093185424,49.66867446899414,-48.9478645324707
158.292404174,49.42852020263672,-48.84829330444336
158.491622924,49.186065673828125,-48.75442123413086
158.690841674,48.944496154785156,-48.66597366333008
158.840255737,48.751399993896484,-48.59634017944336
159.006271362,48.55564880371094,-48.52600860595703
159.205490112,48.316402435302734,-48.452518463134766
159.404708862,48.07206344604492,-48.41276168823242
159.603927612,47.81907653808594,-48.38486862182617
159.753341674,47.638145446777344,-48.365150451660156
159.952560424,47.379642486572266,-48.337215423583984
160.151779174,47.12317657470703,-48.29507827758789
160.350997924,46.87700271606445,-48.24216842651367
160.500411987,46.683006286621094,-48.200469970703125
160.649826049,46.5046272277832,-48.16439437866211
160.865646362,46.22184371948242,-48.121639251708984
161.064865112,45.9663200378418,-48.08176803588867
161.264083862,45.73066711425781,-48.02138900756836
161.413497924,45.715877532958984,-48.016761779785156
161.612716674,45.715877532958984,-48.016761779785156
161.811935424,45.5097541809082,-47.972415924072266
162.011154174,45.26365280151367,-48.01720428466797
162.160568237,45.090065002441406,-48.130859375
162.376388549,44.89873504638672,-48.30072784423828
162.525802612,44.74386978149414,-48.439571380615234
162.725021362,44.543235778808594,-48.593788146972656
162.924240112,44.32728958129883,-48.72573471069336
163.073654174,44.168601989746094,-48.80607604980469
163.272872924,43.93590545654297,-48.90568161010742
163.422286987,43.74601745605469,-48.97199630737305
163.621505737,43.51137924194336,-49.04690933227539
163.820724487,43.271873474121094,-49.11518096923828
163.970138549,43.10511016845703,-49.15897750854492
164.185958862,42.833656311035156,-49.22409439086914
164.385177612,42.58145523071289,-49.287315368652344
164.534591674,42.4056396484375,-49.3343391418457
164.733810424,42.155208587646484,-49.404136657714844
164.933029174,41.9070930480957,-49.481807708740234
165.082443237,41.71163558959961,-49.54447555541992
165.281661987,41.46865463256836,-49.61548614501953
165.480880737,41.221797943115234,-49.68294906616211
165.680099487,40.97798156738281,-49.74578857421875
165.829513549,40.803504943847656,-49.78694152832031
166.045333862,40.531402587890625,-49.84933090209961
166.194747924,40.35886001586914,-49.89253616333008
166.393966674,40.10893630981445,-49.96417236328125
166.593185424,39.95520782470703,-50.006874084472656
166.792404174,39.95520782470703,-50.006874084472656
166.941818237,39.95520782470703,-50.006874084472656
167.141036987,39.95520782470703,-50.006874084472656
167.340255737,39.74147033691406,-50.044708251953125
167.556076049,39.488826751708984,-49.99496078491211
167.705490112,39.3157844543457,-49.8808479309082
167.904708862,39.14125442504883,-49.699546813964844
168.103927612,38.9630241394043,-49.51029586791992
168.253341674,38.82817840576172,-49.39231491088867
168.452560424,38.619266510009766,-49.24710464477539
168.651779174,38.39276123046875,-49.11965560913086
168.850997924,38.15694046020508,-49.01363754272461
169.000411987,37.971378326416016,-48.939598083496094
169.216232299,37.74015808105469,-48.84706115722656
169.415451049,37.5059928894043,-48.750850677490234
169.564865112,37.31783676147461,-48.6688346862793
169.714279174,37.15157699584961,-48.594783782958984
169.913497924,36.91834259033203,-48.496376037597656
170.112716674,36.68903732299805,-48.40644836425781
170.311935424,36.44412612915039,-48.3192138671875
170.511154174,36.20166778564453,-48.2419319152832
170.710372924,35.958045959472656,-48.17839050292969
170.876388549,35.75642013549805,-48.140193939208984
171.075607299,35.49813461303711,-48.11068344116211
171.274826049,35.24891662597656,-48.08626174926758
171.424240112,35.04865646362305,-48.06735610961914
171.623458862,34.79294204711914,-48.03920364379883
171.822677612,34.53400421142578,-48.015892028808594
171.922286987,34.409751892089844,-48.00765609741211
172.121505737,34.159568786621094,-47.99697494506836
172.320724487,33.91190719604492,-47.99428939819336
172.519943237,33.68201446533203,-47.9941291809082
172.685958862,33.45101547241211,-47.98419952392578
172.835372924,33.274497985839844,-47.96260070800781
173.034591674,33.10585021972656,-47.926483154296875
173.233810424,33.10585021972656,-47.926483154296875
173.433029174,33.10585021972656,-47.926483154296875
173.632247924,33.08150100708008,-47.92081832885742
173.831466674,32.858089447021484,-47.89421081542969
173.980880737,32.663509368896484,-47.921546936035156
174.180099487,32.43022537231445,-48.01841354370117
174.346115112,32.250389099121094,-48.11735916137695
174.545333862,32.02256774902344,-48.23678970336914
174.744552612,31.790502548217773,-48.33781051635742
174.943771362,31.55059814453125,-48.4267692565918
175.093185424,31.37681007385254,-48.48074722290039
175.292404174,31.12531280517578,-48.546531677246094
175.491622924,30.871938705444336,-48.60482406616211
175.690841674,30.622034072875977,-48.66587448120117
175.890060424,30.37635040283203,-48.726932525634766
176.056076049,30.174938201904297,-48.77885818481445
176.255294799,29.925567626953125,-48.852394104003906
176.454513549,29.67719078063965,-48.924530029296875
176.653732299,29.433807373046875,-48.994205474853516
176.803146362,29.235862731933594,-49.048519134521484
177.002365112,28.993024826049805,-49.10963439941406
177.201583862,28.749704360961914,-49.162715911865234
177.400802612,28.499494552612305,-49.209354400634766
177.550216674,28.320436477661133,-49.241920471191406
177.716232299,28.119462966918945,-49.283592224121094
177.915451049,27.870643615722656,-49.34883117675781
178.114669799,27.704843521118164,-49.39640808105469
178.313888549,27.692829132080078,-49.39985656738281
178.513107299,27.46854591369629,-49.43899154663086
178.662521362,27.26963233947754,-49.40113067626953
178.861740112,27.050437927246094,-49.26314163208008
179.060958862,26.863040924072266,-49.090972900390625
179.210372924,26.730205535888672,-48.96656036376953
179.426193237,26.51230239868164,-48.78792190551758
179.625411987,26.293581008911133,-48.64778518676758
179.824630737,26.063058853149414,-48.536922454833984
179.974044799,25.895097732543945,-48.47052001953125
180.173263549,25.650007247924805,-48.38796615600586
180.372482299,25.403409957885742,-48.30557632446289
180.571701049,25.15951156616211,-48.22373962402344
180.770919799,24.919775009155273,-48.14680099487305
180.970138549,24.682878494262695,-48.0793571472168
181.136154174,24.4857177734375,-48.02738571166992
181.335372924,24.235715866088867,-47.96112060546875
181.534591674,23.983179092407227,-47.8992805480957
181.733810424,23.73255729675293,-47.84791946411133
181.883224487,23.53170394897461,-47.82210922241211
182.082443237,23.489490509033203,-47.81719970703125
182.281661987,23.269441604614258,-47.813411712646484
182.480880737,23.041231155395508,-47.914634704589844
182.630294799,22.937429428100586,-48.05082702636719
182.796310424,22.884382247924805,-48.250797271728516
182.995529174,22.889144897460938,-48.5062255859375
183.144943237,22.92572593688965,-48.71088409423828
183.344161987,22.985496520996094,-48.961090087890625
183.493576049,23.016216278076172,-49.1375617980957
183.642990112,23.017717361450195,-49.33982467651367
183.842208862,22.970914840698242,-49.58531951904297
183.991622924,22.909318923950195,-49.75505828857422
184.190841674,22.801435470581055,-49.991554260253906
184.340255737,22.706960678100586,-50.17685317993164
184.556076049,22.58621597290039,-50.40559005737305
184.705490112,22.49381446838379,-50.585811614990234
184.904708862,22.3793888092041,-50.81926727294922
185.054122924,22.303699493408203,-50.984771728515625
185.253341674,22.204679489135742,-51.217750549316406
185.402755737,22.12906265258789,-51.4085693359375
185.601974487,22.035297393798828,-51.65106964111328
185.751388549,21.968212127685547,-51.82024383544922
185.950607299,21.873424530029297,-52.05644989013672
186.100021362,21.797725677490234,-52.25017547607422
186.266036987,21.720794677734375,-52.43751525878906
186.465255737,21.61907196044922,-52.67380142211914
186.614669799,21.548187255859375,-52.841426849365234
186.764083862,21.46538543701172,-53.03074264526367
186.913497924,21.401901245117188,-53.17434310913086
187.112716674,21.40068817138672,-53.17708969116211
187.262130737,21.40068817138672,-53.17708969116211
187.461349487,21.3310604095459,-53.38189697265625
187.610763549,21.330249786376953,-53.55727005004883
187.760177612,21.41830062866211,-53.74207305908203
187.926193237,21.578739166259766,-53.865230560302734
188.025802612,21.70186996459961,-53.906089782714844
188.175216674,21.882686614990234,-53.92252731323242
188.374435424,22.141429901123047,-53.89859390258789
188.523849487,22.348203659057617,-53.8765983581543
188.673263549,22.52994728088379,-53.88019561767578
188.822677612,22.7242374420166,-53.92483901977539
188.972091674,22.883682250976562,-53.996925354003906
189.121505737,23.055095672607422,-54.102054595947266
189.270919799,23.194421768188477,-54.19858169555664
189.420333862,23.207073211669922,-54.20753479003906
189.586349487,23.207073211669922,-54.20753479003906
189.735763549,23.305419921875,-54.28340530395508
189.934982299,23.452781677246094,-54.49216842651367
190.084396362,23.481258392333984,-54.69717025756836
190.283615112,23.453556060791016,-54.9554557800293
190.433029174,23.42296600341797,-55.130699157714844
190.632247924,23.38813018798828,-55.3826789855957
190.781661987,23.386137008666992,-55.586448669433594
190.980880737,23.418426513671875,-55.844234466552734
191.130294799,23.457700729370117,-56.019126892089844
191.296310424,23.507383346557617,-56.20979309082031
191.495529174,23.581218719482422,-56.453365325927734
191.644943237,23.604585647583008,-56.530921936035156
191.844161987,23.604585647583008,-56.530921936035156
191.993576049,23.604585647583008,-56.530921936035156
192.142990112,23.604585647583008,-56.530921936035156
192.342208862,23.650426864624023,-56.74326705932617
192.491622924,23.656585693359375,-56.91944885253906
192.690841674,23.624561309814453,-57.17319107055664
192.890060424,23.569032669067383,-57.418704986572266
193.056076049,23.5163516998291,-57.618499755859375
193.205490112,23.464290618896484,-57.81846618652344
193.404708862,23.40395736694336,-58.06713104248047
193.554122924,23.36696434020996,-58.23833465576172
193.753341674,23.319494247436523,-58.49114227294922
193.952560424,23.282320022583008,-58.74848175048828
194.101974487,23.251768112182617,-58.954227447509766
194.301193237,23.211849212646484,-59.204227447509766
194.450607299,23.185298919677734,-59.37598419189453
194.649826049,23.143779754638672,-59.6298713684082
194.815841674,23.108909606933594,-59.8321418762207
194.965255737,23.074054718017578,-60.034420013427734
195.164474487,23.03067970275879,-60.282440185546875
195.313888549,23.001291275024414,-60.45927810668945
195.513107299,22.96027374267578,-60.71464157104492
195.662521362,22.926074981689453,-60.9198112487793
195.861740112,22.88233757019043,-61.17610168457031
196.011154174,22.850820541381836,-61.34979248046875
196.210372924,22.804264068603516,-61.59584426879883
196.376388549,22.770648956298828,-61.792781829833984
196.475997924,22.750293731689453,-61.91701889038086
196.675216674,22.707040786743164,-62.17339324951172
196.874435424,22.661195755004883,-62.426536560058594
197.023849487,22.62805938720703,-62.62633514404297
197.223068237,22.594114303588867,-62.85906219482422
197.422286987,22.58687973022461,-62.90779495239258
197.571701049,22.57052993774414,-63.07071304321289
197.770919799,22.56454086303711,-63.329193115234375
197.920333862,22.563894271850586,-63.533084869384766
198.136154174,22.553640365600586,-63.7818717956543
198.285568237,22.5300350189209,-63.98574447631836
198.484786987,22.491025924682617,-64.24140167236328
198.684005737,22.44660758972168,-64.48787689208984
198.833419799,22.415531158447266,-64.66304016113281
199.032638549,22.370222091674805,-64.9190673828125
199.182052612,22.338346481323242,-65.12461853027344
199.381271362,22.301801681518555,-65.37789154052734
199.530685424,22.277578353881836,-65.55274963378906
199.729904174,22.24097442626953,-65.8060073852539
199.895919799,22.213998794555664,-66.00948333740234
200.095138549,22.181217193603516,-66.260498046875
200.244552612,22.15587043762207,-66.46004486083984
200.443771362,22.121963500976562,-66.70677947998047
200.642990112,22.087282180786133,-66.95477294921875
200.792404174,22.06043815612793,-67.13201904296875
200.941818237,22.03310775756836,-67.33821105957031
201.141036987,22.0023136138916,-67.59362030029297
201.340255737,21.97054100036621,-67.84614562988281
201.506271362,21.944416046142578,-68.04560089111328
201.655685424,21.924304962158203,-68.22511291503906
201.805099487,21.899255752563477,-68.43157958984375
201.954513549,21.87776756286621,-68.60678100585938
202.153732299,21.84944725036621,-68.8569564819336
202.303146362,21.828359603881836,-69.05561065673828
202.502365112,21.80132484436035,-69.31420135498047
202.651779174,21.782041549682617,-69.47000122070312
202.850997924,21.758527755737305,-69.66608428955078
203.050216674,21.735116958618164,-69.92089080810547
203.216232299,21.723201751708984,-70.1244125366211
203.415451049,21.711000442504883,-70.3800048828125
203.564865112,21.69645881652832,-70.58748626708984
203.764083862,21.674116134643555,-70.83964538574219
203.913497924,21.655200958251953,-71.0110092163086
204.112716674,21.622053146362305,-71.25921630859375
204.311935424,21.58241081237793,-71.5106430053711
204.461349487,21.548078536987305,-71.71578216552734
204.660568237,21.504520416259766,-71.97211456298828
204.809982299,21.473499298095703,-72.148681640625
205.025802612,21.432018280029297,-72.42334747314453
205.175216674,21.40814208984375,-72.60376739501953
205.324630737,21.381359100341797,-72.8100357055664
205.474044799,21.356155395507812,-72.98474884033203
205.673263549,21.319107055664062,-73.23518371582031
205.822677612,21.2885799407959,-73.43400573730469
206.021896362,21.2556209564209,-73.68914031982422
206.221115112,21.235248565673828,-73.87301635742188
206.370529174,21.235139846801758,-73.87400817871094
206.536544799,21.235139846801758,-73.87400817871094
206.735763549,21.235139846801758,-73.87400817871094
206.934982299,21.235139846801758,-73.87400817871094
207.134201049,21.233779907226562,-73.88643646240234
207.283615112,21.211034774780273,-74.06047058105469
207.482833862,21.158592224121094,-74.30941772460938
207.682052612,21.07874870300293,-74.5539321899414
207.831466674,21.018463134765625,-74.71984100341797
208.030685424,20.923229217529297,-74.9617691040039
208.229904174,20.82656478881836,-75.1987075805664
208.395919799,20.746444702148438,-75.38768768310547
208.595138549,20.645740509033203,-75.62442779541016
208.744552612,20.56342124938965,-75.81544494628906
208.943771362,20.463272094726562,-76.0509262084961
209.142990112,20.366228103637695,-76.2877197265625
209.342208862,20.277257919311523,-76.51573181152344
209.491622924,20.271690368652344,-76.53018951416016
209.690841674,20.271690368652344,-76.53018951416016
209.840255737,20.271690368652344,-76.53018951416016
210.006271362,20.267261505126953,-76.5401840209961
210.205490112,20.184837341308594,-76.61299896240234
210.404708862,19.941707611083984,-76.6764144897461
210.603927612,19.702131271362305,-76.60499572753906
210.753341674,19.565452575683594,-76.48566436767578
210.952560424,19.400537490844727,-76.28468322753906
211.151779174,19.209043502807617,-76.11449432373047
211.301193237,19.02880859375,-76.03271484375
211.500411987,18.783843994140625,-75.9756088256836
211.716232299,18.529836654663086,-75.9447250366211
211.915451049,18.273616790771484,-75.921630859375
212.064865112,18.072063446044922,-75.90179443359375
212.264083862,17.818832397460938,-75.87610626220703
212.463302612,17.559642791748047,-75.85572814941406
212.612716674,17.377891540527344,-75.8463363647461
212.811935424,17.130294799804688,-75.84017181396484
213.011154174,16.879884719848633,-75.84164428710938
213.160568237,16.67464256286621,-75.84465026855469
213.376388549,16.46466636657715,-75.84773254394531
213.575607299,16.45016860961914,-75.84794616699219
213.725021362,16.277193069458008,-75.8371353149414
213.924240112,16.0474910736084,-75.73747253417969
214.073654174,15.926115036010742,-75.60992431640625
214.272872924,15.794532775878906,-75.39237213134766
214.422286987,15.69960880279541,-75.20883178710938
214.571701049,15.61623764038086,-75.0548095703125
214.770919799,15.483637809753418,-74.83922576904297
214.970138549,15.323715209960938,-74.64151763916016
215.136154174,15.281152725219727,-74.59728240966797
215.335372924,15.272384643554688,-74.58837127685547
215.534591674,15.09916877746582,-74.43690490722656
215.684005737,14.93490219116211,-74.31852722167969
215.883224487,14.845796585083008,-74.26180267333984
216.082443237,14.845796585083008,-74.26180267333984
216.281661987,14.835161209106445,-74.25523376464844
216.480880737,14.618322372436523,-74.14508056640625
216.630294799,14.447299003601074,-74.08722686767578
216.729904174,14.322110176086426,-74.05780029296875
216.945724487,14.040814399719238,-74.02706146240234
217.144943237,13.780909538269043,-74.0287094116211
217.344161987,13.522625923156738,-74.0421142578125
217.543380737,13.272430419921875,-74.05248260498047
217.692794799,13.093195915222168,-74.05563354492188
217.892013549,12.833224296569824,-74.05952453613281
218.091232299,12.577338218688965,-74.06124877929688
218.290451049,12.331023216247559,-74.06178283691406
218.456466674,12.13260269165039,-74.06221771240234
218.655685424,11.876708030700684,-74.06280517578125
218.854904174,11.616707801818848,-74.06341552734375
219.004318237,11.415550231933594,-74.0638656616211
219.203536987,11.16102409362793,-74.06444549560547
219.402755737,10.9092378616333,-74.06436157226562
219.601974487,10.85374641418457,-74.06183624267578
219.801193237,10.85374641418457,-74.06183624267578
220.000411987,10.84127426147461,-74.06099700927734
220.149826049,10.707098007202148,-74.060791015625
220.365646362,10.548578262329102,-74.11727905273438
220.564865112,10.402865409851074,-74.32009887695312
220.764083862,10.384675979614258,-74.57440948486328
220.913497924,10.428297996520996,-74.75081634521484
221.112716674,10.509631156921387,-74.99773406982422
221.311935424,10.570536613464355,-75.25039672851562
221.461349487,10.594515800476074,-75.4541015625
221.660568237,10.575645446777344,-75.70743560791016
221.809982299,10.539423942565918,-75.88155364990234
222.025802612,10.455448150634766,-76.15193939208984
222.175216674,10.393119812011719,-76.31856536865234
222.374435424,10.303300857543945,-76.5567398071289
222.573654174,10.218127250671387,-76.80233001708984
222.723068237,10.159345626831055,-77.00182342529297
222.922286987,10.091075897216797,-77.252685546875
223.121505737,10.030572891235352,-77.49850463867188
223.270919799,9.9900484085083,-77.67593383789062
223.470138549,9.976945877075195,-77.73037719726562
223.636154174,9.932721138000488,-77.90381622314453
223.835372924,9.866033554077148,-78.15512084960938
223.984786987,9.811970710754395,-78.35171508789062
224.184005737,9.741621971130371,-78.60057067871094
224.383224487,9.671845436096191,-78.84390258789062
224.532638549,9.622002601623535,-79.01750183105469
224.731857299,9.550942420959473,-79.26615142822266
224.931076049,9.479805946350098,-79.51335144042969
225.130294799,9.407430648803711,-79.7630386352539
225.296310424,9.351822853088379,-79.96060943603516
225.495529174,9.284911155700684,-80.20618438720703
225.644943237,9.22939395904541,-80.4037857055664
225.844161987,9.160897254943848,-80.65174865722656
226.043380737,9.092547416687012,-80.90260314941406
226.192794799,9.04715347290039,-81.06590270996094
226.392013549,9.042938232421875,-81.08081817626953
226.541427612,9.005579948425293,-81.24300384521484
226.740646362,8.980634689331055,-81.4974136352539
226.890060424,8.9888916015625,-81.67365264892578
227.105880737,9.032986640930176,-81.95340728759766
227.305099487,9.078206062316895,-82.20108032226562
227.454513549,9.088882446289062,-82.25605773925781
227.653732299,9.088882446289062,-82.25605773925781
227.852951049,9.088882446289062,-82.25605773925781
228.002365112,9.088882446289062,-82.25605773925781
228.201583862,9.088882446289062,-82.25605773925781
228.350997924,9.088882446289062,-82.25605773925781
228.500411987,9.103938102722168,-82.2755126953125
228.649826049,9.21058177947998,-82.34671020507812
228.815841674,9.397374153137207,-82.38028717041016
228.965255737,9.593345642089844,-82.32858276367188
229.164474487,9.724808692932129,-82.2535171508789
229.313888549,9.724808692932129,-82.2535171508789
229.463302612,9.724808692932129,-82.2535171508789
229.612716674,9.724808692932129,-82.2535171508789
229.762130737,9.724808692932129,-82.2535171508789
229.961349487,9.748053550720215,-82.23908996582031
230.110763549,9.769820213317871,-82.2372055053711
230.260177612,9.849125862121582,-82.26080322265625
230.426193237,9.982176780700684,-82.3803939819336
230.575607299,10.047741889953613,-82.53871154785156
230.774826049,10.047348022460938,-82.78929901123047
230.974044799,9.990859985351562,-83.03582000732422
231.173263549,9.9183931350708,-83.28553009033203
231.372482299,9.863272666931152,-83.5395278930664
231.521896362,9.837087631225586,-83.74169158935547
231.621505737,9.828606605529785,-83.86865997314453
231.820724487,9.829520225524902,-84.120361328125
231.970138549,9.842511177062988,-84.28655242919922
232.185958862,9.846423149108887,-84.31529235839844
232.335372924,9.846423149108887,-84.31529235839844
232.534591674,9.853012084960938,-84.36485290527344
232.684005737,9.870651245117188,-84.56731414794922
232.883224487,9.883668899536133,-84.8228759765625
233.082443237,9.888490676879883,-85.0732421875
233.231857299,9.887153625488281,-85.25112915039062
233.431076049,9.879476547241211,-85.5110092163086
233.630294799,9.868008613586426,-85.76388549804688
233.796310424,9.858834266662598,-85.9661865234375
233.995529174,9.851715087890625,-86.22196960449219
234.194747924,9.848958969116211,-86.48197937011719
234.393966674,9.846274375915527,-86.73512268066406
234.543380737,9.844208717346191,-86.93763732910156
234.742599487,9.845061302185059,-87.19764709472656
234.941818237,9.846399307250977,-87.45628356933594
235.091232299,9.84731388092041,-87.63279724121094
235.290451049,9.848638534545898,-87.88868713378906
235.456466674,9.849714279174805,-88.09669494628906
235.655685424,9.851025581359863,-88.34983825683594
235.805099487,9.852067947387695,-88.55097961425781
236.004318237,9.853399276733398,-88.80824279785156
236.203536987,9.854743957519531,-89.06825256347656
236.402755737,9.85606861114502,-89.32414245605469
236.552169799,9.856976509094238,-89.49928283691406
236.751388549,9.858307838439941,-89.75654602050781
236.900802612,9.859383583068848,-89.96455383300781
237.100021362,9.86071491241455,-90.22181701660156
237.266036987,9.861737251281738,-90.41883850097656
237.465255737,9.863075256347656,-90.67747497558594
237.664474487,9.864413261413574,-90.93611145019531
237.863693237,9.862531661987305,-91.18926239013672
238.013107299,9.860616683959961,-91.3698959350586
238.212326049,9.857860565185547,-91.6299057006836
238.361740112,9.855684280395508,-91.83516693115234
238.560958862,9.852999687194824,-92.08831024169922
238.760177612,9.850343704223633,-92.33870697021484
238.926193237,9.848138809204102,-92.54671478271484
239.125411987,9.845425605773926,-92.80260467529297
239.274826049,9.847201347351074,-92.98320770263672
239.474044799,9.885449409484863,-93.22720336914062
239.623458862,9.897794723510742,-93.26143646240234
239.822677612,9.965264320373535,-93.44738006591797
240.021896362,9.983756065368652,-93.69764709472656
240.171310424,9.957347869873047,-93.87474060058594
240.370529174,9.883210182189941,-94.11656188964844
240.536544799,9.808952331542969,-94.30937957763672
240.735763549,9.725363731384277,-94.54537963867188
240.934982299,9.657702445983887,-94.78358459472656
241.134201049,9.599552154541016,-95.02855682373047
241.283615112,9.558695793151855,-95.22969818115234
241.433029174,9.524535179138184,-95.40843963623047
241.632247924,9.474501609802246,-95.6635513305664
241.781661987,9.433046340942383,-95.8631820678711
241.980880737,9.382807731628418,-96.1098861694336
242.180099487,9.333610534667969,-96.35819244384766
242.346115112,9.2923583984375,-96.56204986572266
242.545333862,9.240876197814941,-96.81688690185547
242.744552612,9.221131324768066,-96.90828704833984
242.893966674,9.221131324768066,-96.90828704833984
243.093185424,9.221131324768066,-96.90828704833984
243.292404174,9.221131324768066,-96.90828704833984
243.441818237,9.195042610168457,-97.07123565673828
243.641036987,9.19666576385498,-97.325439453125
243.840255737,9.225736618041992,-97.58380889892578
244.006271362,9.255599021911621,-97.78964233398438
244.205490112,9.296926498413086,-98.04077911376953
244.354904174,9.323283195495605,-98.22085571289062
244.554122924,9.357159614562988,-98.4786376953125
244.753341674,9.385991096496582,-98.73426818847656
244.902755737,9.411832809448242,-98.9365234375
245.101974487,9.43886661529541,-99.19512176513672
245.301193237,9.46786880493164,-99.45075225830078
245.450607299,9.486713409423828,-99.62763977050781
245.649826049,9.518288612365723,-99.88021087646484
245.815841674,9.543492317199707,-100.08393096923828
246.015060424,9.572073936462402,-100.34233856201172
246.164474487,9.59386920928955,-100.5436782836914
246.363693237,9.61648941040039,-100.79719543457031
246.513107299,9.63683795928955,-100.97667694091797
246.612716674,9.65104866027832,-101.10589599609375
246.811935424,9.676939964294434,-101.36461639404297
247.011154174,9.696171760559082,-101.52437591552734
247.210372924,9.696171760559082,-101.52437591552734
247.376388549,9.696171760559082,-101.52437591552734
247.575607299,9.696171760559082,-101.52437591552734
247.774826049,9.697702407836914,-101.53678131103516
247.924240112,9.71125602722168,-101.71522521972656
248.123458862,9.713425636291504,-101.97245025634766
248.322677612,9.706663131713867,-102.22277069091797
248.472091674,9.698421478271484,-102.39909362792969
248.671310424,9.685301780700684,-102.65735626220703
248.820724487,9.675980567932129,-102.8651351928711
248.970138549,9.671890258789062,-103.04434204101562
249.185958862,9.667459487915039,-103.32070922851562
249.385177612,9.66558837890625,-103.58069610595703
249.534591674,9.6666898727417,-103.76270294189453
249.733810424,9.66818618774414,-104.0103530883789
249.933029174,9.669699668884277,-104.26074981689453
250.082443237,9.670941352844238,-104.46601104736328
250.281661987,9.672514915466309,-104.72602081298828
250.431076049,9.673582077026367,-104.90253448486328
250.630294799,9.675078392028809,-105.15018463134766
250.829513549,9.676591873168945,-105.40058135986328
250.995529174,9.677816390991211,-105.60309600830078
251.194747924,9.679389953613281,-105.86310577392578
251.393966674,9.680912017822266,-106.11487579345703
251.543380737,9.682136535644531,-106.31739044189453
251.742599487,9.683710098266602,-106.57740020751953
251.941818237,9.68210220336914,-106.8360366821289
252.091232299,9.679595947265625,-107.0125503540039
252.290451049,9.6720552444458,-107.232177734375
252.456466674,9.67191219329834,-107.23517608642578
252.655685424,9.67191219329834,-107.23517608642578
252.854904174,9.67191219329834,-107.23517608642578
253.054122924,9.67191219329834,-107.23517608642578
253.253341674,9.671318054199219,-107.24766540527344
253.402755737,9.665700912475586,-107.42346954345703
253.601974487,9.657258033752441,-107.67646789550781
253.751388549,9.64658260345459,-107.85403442382812
253.950607299,9.624710083007812,-108.10487365722656
254.149826049,9.592476844787598,-108.36144256591797
254.315841674,9.556755065917969,-108.56636810302734
254.515060424,9.510224342346191,-108.81243133544922
254.714279174,9.461447715759277,-109.06365203857422
254.913497924,9.412864685058594,-109.31908416748047
255.062911987,9.378358840942383,-109.52420043945312
255.262130737,9.335965156555176,-109.77656555175781
255.461349487,9.294215202331543,-110.0220947265625
255.610763549,9.265952110290527,-110.19495391845703
255.809982299,9.226720809936523,-110.44364166259766
255.975997924,9.194233894348145,-110.6490707397461
256.175201416,9.152514457702637,-110.90567779541016
256.374420166,9.111166000366211,-111.14988708496094
256.573638916,9.068346977233887,-111.40078735351562
256.772857666,9.030219078063965,-111.65380859375
256.922271728,8.997489929199219,-111.85919952392578
257.121490478,8.956591606140137,-112.1117935180664
257.320709228,8.918855667114258,-112.36073303222656
257.470123291,8.892266273498535,-112.53109741210938
257.685943603,8.850118637084961,-112.80843353271484
257.885162353,8.810992240905762,-113.06546783447266
258.034576416,8.784384727478027,-113.24551391601562
258.233795166,8.758805274963379,-113.41194915771484
258.433013916,8.758805274963379,-113.41194915771484
258.632232666,8.758805274963379,-113.41194915771484
258.781646728,8.758805274963379,-113.41194915771484
258.980865478,8.729905128479004,-113.62059783935547
259.180084228,8.721043586730957,-113.87610626220703
259.346099853,8.734914779663086,-114.07948303222656
259.545318603,8.773797035217285,-114.33647918701172
259.694732666,8.804586410522461,-114.51029968261719
259.893951416,8.851463317871094,-114.75212097167969
260.043365478,8.88720417022705,-114.95147705078125
260.242584228,8.929011344909668,-115.19976806640625
260.441802978,8.966280937194824,-115.45709991455078
260.641021728,8.998929977416992,-115.71089935302734
260.840240478,9.029122352600098,-115.96361541748047
261.006256103,9.055048942565918,-116.16170501708984
261.205474853,9.089557647705078,-116.41940307617188
261.404693603,9.125042915344238,-116.6769790649414
261.504302978,9.144034385681152,-116.80419921875
261.653717041,9.170736312866211,-116.97869110107422
261.852935791,9.206406593322754,-117.23345947265625
262.052154541,9.23871898651123,-117.4914321899414
262.201568603,9.260987281799316,-117.69685363769531
262.400787353,9.29031753540039,-117.94554138183594
262.600006103,9.32608413696289,-118.19058227539062
262.766021728,9.358545303344727,-118.38910675048828
262.965240478,9.396949768066406,-118.6462173461914
263.114654541,9.42120361328125,-118.82383728027344
263.313873291,9.451070785522461,-119.0710678100586
263.513092041,9.47794246673584,-119.32416534423828
263.712310791,9.484197616577148,-119.39743041992188
263.861724853,9.484197616577148,-119.39743041992188
264.060943603,9.484197616577148,-119.39743041992188
264.210357666,9.484197616577148,-119.39743041992188
264.409576416,9.497859954833984,-119.59821319580078
264.625396728,9.508565902709961,-119.87989044189453
264.774810791,9.51028823852539,-120.06188201904297
264.974029541,9.506023406982422,-120.32184600830078
265.123443603,9.500946044921875,-120.5229263305664
265.322662353,9.494556427001953,-120.77599334716797
265.521881103,9.488815307617188,-121.03593444824219
265.671295166,9.488569259643555,-121.21794128417969
265.870513916,9.48874282836914,-121.27293395996094
266.036529541,9.48874282836914,-121.27293395996094
266.235748291,9.48933219909668,-121.46031188964844
266.434967041,9.490114212036133,-121.70933532714844
266.584381103,9.49074649810791,-121.91047668457031
266.783599853,9.491803169250488,-122.16773986816406
266.982818603,9.507699966430664,-122.42032623291016
267.132232666,9.52685546875,-122.60131072998047
267.331451416,9.550772666931152,-122.84921264648438
267.480865478,9.57358455657959,-123.04631805419922
267.680084228,9.603448867797852,-123.29495239257812
267.895904541,9.626873016357422,-123.55389404296875
268.095123291,9.64806842803955,-123.80891418457031
268.244537353,9.664090156555176,-124.01080322265625
268.443756103,9.678018569946289,-124.26905822753906
268.642974853,9.70145320892334,-124.52244567871094
268.742584228,9.716102600097656,-124.65161895751953
268.941802978,9.738629341125488,-124.90101623535156
269.141021728,9.756420135498047,-125.11180877685547
269.340240478,9.756420135498047,-125.11180877685547
269.506256103,9.756420135498047,-125.11180877685547
269.705474853,9.756420135498047,-125.11180877685547
269.904693603,9.763595581054688,-125.3158187866211
270.103912353,9.744172096252441,-125.5667724609375
270.303131103,9.702630996704102,-125.81088256835938
270.502349853,9.649129867553711,-126.05833435058594
270.701568603,9.590362548828125,-126.30316162109375
270.900787353,9.527358055114746,-126.55542755126953
271.050201416,9.485529899597168,-126.73255157470703
271.266021728,9.4196138381958,-127.0108413696289
271.465240478,9.366535186767578,-127.259765625
271.664459228,9.3150634765625,-127.51042175292969
271.813873291,9.277234077453613,-127.68844604492188
272.013092041,9.221896171569824,-127.94249725341797
272.212310791,9.166454315185547,-128.1894989013672
272.411529541,9.114385604858398,-128.4372100830078
272.610748291,9.061208724975586,-128.68470764160156
272.809967041,9.003033638000488,-128.92405700683594
272.975982666,8.952259063720703,-129.11727905273438
273.175201416,8.890050888061523,-129.3697509765625
273.374420166,8.832234382629395,-129.6232452392578
273.523834228,8.81475830078125,-129.70335388183594
273.723052978,8.786783218383789,-129.9051055908203
273.922271728,8.843405723571777,-130.14453125
274.121490478,9.01435375213623,-130.33596801757812
274.270904541,9.159870147705078,-130.4307403564453
274.470123291,9.387245178222656,-130.55685424804688
274.636138916,9.557894706726074,-130.6580047607422
274.835357666,9.768256187438965,-130.8104705810547
275.034576416,9.954944610595703,-130.99122619628906
275.183990478,10.091272354125977,-131.14463806152344
275.383209228,10.243880271911621,-131.3396759033203
275.582427978,10.398571968078613,-131.54864501953125
275.731842041,10.468409538269043,-131.64559936523438
275.931060791,10.469586372375488,-131.647216796875
276.130279541,10.469586372375488,-131.647216796875
276.346099853,10.476947784423828,-131.65731811523438
276.445709228,10.539055824279785,-131.75096130371094
276.595123291,10.602291107177734,-131.91891479492188
276.794342041,10.573229789733887,-132.1704559326172
276.993560791,10.453179359436035,-132.3958740234375
277.192779541,10.30224895477295,-132.6074981689453
277.391998291,10.15770149230957,-132.82350158691406
277.591217041,10.037158012390137,-133.05364990234375
277.740631103,9.95943832397461,-133.24505615234375
277.956451416,9.875492095947266,-133.4867706298828
278.105865478,9.811799049377441,-133.68043518066406
278.255279541,9.759177207946777,-133.851806640625
278.454498291,9.686687469482422,-134.09869384765625
278.653717041,9.613051414489746,-134.34376525878906
278.852935791,9.529037475585938,-134.5854034423828
279.052154541,9.435564994812012,-134.8250274658203
279.251373291,9.346268653869629,-135.06336975097656
279.450592041,9.257694244384766,-135.299072265625
279.600006103,9.185450553894043,-135.48683166503906
279.815826416,9.131004333496094,-135.63186645507812
280.015045166,9.131004333496094,-135.63186645507812
280.164459228,9.131004333496094,-135.63186645507812
280.363677978,9.131004333496094,-135.63186645507812
280.562896728,9.131004333496094,-135.63186645507812
280.762115478,9.137269020080566,-135.6345977783203
280.911529541,9.215363502502441,-135.63601684570312
281.060943603,9.407039642333984,-135.56808471679688
281.210357666,9.53150463104248,-135.44268798828125
281.309967041,9.59058666229248,-135.3271942138672
281.475982666,9.639613151550293,-135.12554931640625
281.675201416,9.64660930633545,-134.86587524414062
281.824615478,9.633481979370117,-134.6583251953125
281.974029541,9.613508224487305,-134.48153686523438
282.123443603,9.594963073730469,-134.2757568359375
282.272857666,9.591054916381836,-134.09385681152344
282.422271728,9.612475395202637,-133.8871307373047
282.571685791,9.650346755981445,-133.7091827392578
282.721099853,9.71192741394043,-133.51773071289062
282.870513916,9.776771545410156,-133.34768676757812
283.036529541,9.851829528808594,-133.15960693359375
283.185943603,9.930601119995117,-132.96861267089844
283.335357666,10.00168514251709,-132.8010711669922
283.484771728,10.079000473022461,-132.60801696777344
283.634185791,10.143930435180664,-132.44094848632812
283.833404541,10.230240821838379,-132.2058868408203
283.933013916,10.274945259094238,-132.0838165283203
284.082427978,10.342802047729492,-131.8959197998047
284.231842041,10.401554107666016,-131.72366333007812
284.381256103,10.467599868774414,-131.53077697753906
284.530670166,10.528753280639648,-131.359375
284.680084228,10.598156929016113,-131.16769409179688
284.846099853,10.602299690246582,-131.1562957763672
284.995513916,10.602299690246582,-131.1562957763672
285.144927978,10.602299690246582,-131.1562957763672
285.294342041,10.602299690246582,-131.1562957763672
285.443756103,10.602299690246582,-131.1562957763672
285.642974853,10.685715675354004,-130.97547912597656
285.792388916,10.806415557861328,-130.84432983398438
285.891998291,10.918500900268555,-130.78192138671875
286.091217041,11.16970443725586,-130.71688842773438
286.240631103,11.37271785736084,-130.6866455078125
286.439849853,11.603065490722656,-130.65414428710938
286.589263916,11.806002616882324,-130.62338256835938
286.755279541,12.009452819824219,-130.58035278320312
286.954498291,12.251200675964355,-130.5150146484375
287.103912353,12.441446304321289,-130.46363830566406
287.303131103,12.690291404724121,-130.3931427001953
287.452545166,12.863065719604492,-130.3359832763672
287.651763916,13.108521461486816,-130.25453186035156
287.801177978,13.300899505615234,-130.19577026367188
287.950592041,13.468844413757324,-130.1511688232422
288.149810791,13.716506958007812,-130.1062774658203
288.315826416,13.919441223144531,-130.0869903564453
288.465240478,14.127354621887207,-130.08209228515625
288.664459228,14.38048267364502,-130.08526611328125
288.813873291,14.556866645812988,-130.09225463867188
288.963287353,14.76185131072998,-130.10296630859375
289.162506103,15.021498680114746,-130.11654663085938
289.311920166,15.203329086303711,-130.1243133544922
289.511138916,15.45368766784668,-130.12991333007812
289.660552978,15.660301208496094,-130.1324005126953
289.876373291,15.920291900634766,-130.13453674316406
290.025787353,16.128284454345703,-130.13624572753906
290.175201416,16.30344009399414,-130.13687133789062
290.374420166,16.560678482055664,-130.1334686279297
290.523834228,16.76865577697754,-130.1305389404297
290.723052978,17.02589225769043,-130.1269073486328
290.872467041,17.204885482788086,-130.11766052246094
291.021881103,17.411930084228516,-130.09765625
291.171295166,17.591747283935547,-130.07000732421875
291.370513916,17.838205337524414,-130.00169372558594
291.420318603,17.911846160888672,-129.97598266601562
291.586334228,18.10434341430664,-129.89732360839844
291.735748291,18.26531219482422,-129.8215789794922
291.885162353,18.45293426513672,-129.7317352294922
292.034576416,18.61260414123535,-129.6597900390625
292.183990478,18.805604934692383,-129.58226013183594
292.333404541,18.97602653503418,-129.51841735839844
292.482818603,19.169641494750977,-129.4591522216797
292.632232666,19.344236373901367,-129.41860961914062
292.781646728,19.397106170654297,-129.40762329101562
292.931060791,19.532663345336914,-129.3724822998047
293.080474853,19.7072811126709,-129.2727813720703
293.229888916,19.81552505493164,-129.13270568847656
293.395904541,19.876558303833008,-128.93524169921875
293.545318603,19.878536224365234,-128.72750854492188
293.744537353,19.86655616760254,-128.56390380859375
293.893951416,19.86655616760254,-128.56390380859375
294.043365478,19.86655616760254,-128.56390380859375
294.242584228,19.86655616760254,-128.56390380859375
294.391998291,19.86655616760254,-128.56390380859375
294.541412353,19.864505767822266,-128.40069580078125
294.740631103,19.946624755859375,-128.16607666015625
294.890045166,20.076730728149414,-128.04443359375
295.006256103,20.217071533203125,-127.97703552246094
295.155670166,20.390932083129883,-127.93419647216797
295.354888916,20.648773193359375,-127.90104675292969
295.504302978,20.850112915039062,-127.86180877685547
295.653717041,21.020675659179688,-127.80696105957031
295.803131103,21.19807243347168,-127.724609375
295.952545166,21.34792709350586,-127.63939666748047
296.101959228,21.514888763427734,-127.52972412109375
296.251373291,21.601680755615234,-127.46715545654297
296.400787353,21.601680755615234,-127.46715545654297
296.550201416,21.601680755615234,-127.46715545654297
296.649810791,21.601680755615234,-127.46715545654297
296.815826416,21.601680755615234,-127.46715545654297
296.965240478,21.602293014526367,-127.46593475341797
297.114654541,21.604461669921875,-127.4566650390625
297.313873291,21.601951599121094,-127.448974609375
297.513092041,21.514944076538086,-127.38191986083984
297.662506103,21.32956314086914,-127.3349609375
297.861724853,21.084156036376953,-127.3996353149414
298.060943603,20.893230438232422,-127.56658172607422
298.260162353,20.716943740844727,-127.75765228271484
298.409576416,20.64920425415039,-127.82354736328125
298.625396728,20.4381046295166,-127.99256134033203
298.824615478,20.204463958740234,-128.10540771484375
298.974029541,20.037246704101562,-128.16188049316406
299.173248291,19.785900115966797,-128.22828674316406
299.322662353,19.693309783935547,-128.2516632080078
299.521881103,19.693309783935547,-128.2516632080078
299.721099853,19.693309783935547,-128.2516632080078
299.920318603,19.683320999145508,-128.2387237548828
300.086334228,19.666194915771484,-128.1252899169922
300.235748291,19.70320701599121,-127.95394897460938
300.385162353,19.82269859313965,-127.78504180908203
300.534576416,19.961278915405273,-127.66728973388672
300.634185791,20.068330764770508,-127.59359741210938
300.833404541,20.291362762451172,-127.46000671386719
300.933013916,20.401771545410156,-127.39139556884766
301.082427978,20.561311721801758,-127.2781753540039
301.231842041,20.698705673217773,-127.16522979736328
301.381256103,20.85199546813965,-127.02467346191406
301.530670166,20.97418785095215,-126.8991928100586
301.680084228,21.103988647460938,-126.7509536743164
301.829498291,21.221399307250977,-126.61188507080078
301.995513916,21.349660873413086,-126.4533920288086
302.095123291,21.432018280029297,-126.3528060913086
302.244537353,21.557771682739258,-126.20108032226562
302.393951416,21.672714233398438,-126.0653076171875
302.543365478,21.805601119995117,-125.90528106689453
302.692779541,21.924625396728516,-125.7676010131836
302.842193603,22.057205200195312,-125.6236801147461
302.991607666,22.137859344482422,-125.53550720214844
303.141021728,22.137859344482422,-125.53550720214844
303.290435791,22.217208862304688,-125.43994140625
303.390045166,22.2793025970459,-125.33545684814453
303.605865478,22.308862686157227,-125.06434631347656
303.755279541,22.25701332092285,-124.89452362060547
303.954498291,22.141084671020508,-124.6680908203125
304.103912353,22.048202514648438,-124.48509979248047
304.303131103,21.957612991333008,-124.24151611328125
304.452545166,21.911916732788086,-124.0654067993164
304.601959228,21.875396728515625,-123.86207580566406
304.751373291,21.853286743164062,-123.68694305419922
304.900787353,21.832847595214844,-123.4868392944336
305.050201416,21.81462287902832,-123.31126403808594
305.216217041,21.78957176208496,-123.1075439453125
305.415435791,21.748680114746094,-122.8521957397461
305.564849853,21.710506439208984,-122.65332794189453
305.714263916,21.676288604736328,-122.4815673828125
305.913482666,21.628925323486328,-122.23709106445312
306.062896728,21.59286880493164,-122.03919982910156
306.212310791,21.560693740844727,-121.8600845336914
306.311920166,21.537538528442383,-121.732177734375
306.461334228,21.500732421875,-121.52748107910156
306.610748291,21.467266082763672,-121.3486099243164
306.760162353,21.430204391479492,-121.15091705322266
306.926177978,21.391618728637695,-120.9521255493164
307.125396728,21.345640182495117,-120.69763946533203
307.274810791,21.313060760498047,-120.51860046386719
307.424224853,21.272706985473633,-120.3145751953125
307.623443603,21.22532844543457,-120.07289123535156
307.772857666,21.192874908447266,-119.8993911743164
307.922271728,21.155773162841797,-119.69892120361328
308.121490478,21.109220504760742,-119.44315338134766
308.270904541,21.07648277282715,-119.26414489746094
308.470123291,21.031558990478516,-119.01084899902344
308.569732666,21.00904083251953,-118.88421630859375
308.785552978,20.95829200744629,-118.6069564819336
308.934967041,20.927412033081055,-118.42759704589844
309.084381103,20.890846252441406,-118.22285461425781
309.283599853,20.84429168701172,-117.97543334960938
309.433013916,20.813079833984375,-117.80030059814453
309.582427978,20.77786636352539,-117.59947967529297
309.781646728,20.734708786010742,-117.34307098388672
309.931060791,20.7047176361084,-117.1635513305664
310.080474853,20.66840362548828,-116.96015167236328
310.296295166,20.620670318603516,-116.70738983154297
310.395904541,20.597597122192383,-116.58085632324219
310.595123291,20.575462341308594,-116.46241760253906
310.744537353,20.575462341308594,-116.46241760253906
310.893951416,20.575462341308594,-116.46241760253906
311.093170166,20.575462341308594,-116.46241760253906
311.242584228,20.575462341308594,-116.46241760253906
311.441802978,20.55384063720703,-116.31100463867188
311.591217041,20.546669006347656,-116.14154815673828
311.740631103,20.561054229736328,-115.9368667602539
311.890045166,20.582115173339844,-115.76299285888672
312.105865478,20.614479064941406,-115.48712158203125
312.255279541,20.629079818725586,-115.30573272705078
312.404693603,20.633201599121094,-115.10052490234375
312.554107666,20.632902145385742,-114.92534637451172
312.753326416,20.632362365722656,-114.67489624023438
312.902740478,20.631919860839844,-114.46688842773438
313.052154541,20.631532669067383,-114.28488159179688
313.201568603,20.631093978881836,-114.07960510253906
313.350982666,20.630718231201172,-113.90579223632812
313.550201416,20.630172729492188,-113.6512451171875
313.716217041,20.629730224609375,-113.4432373046875
313.865631103,20.629287719726562,-113.2352294921875
314.064849853,20.628747940063477,-112.98477935791016
314.214263916,20.628360748291016,-112.80277252197266
314.363677978,20.627918243408203,-112.59476470947266
314.513092041,20.627534866333008,-112.41548919677734
314.712310791,20.62699317932129,-112.1636734008789
314.861724853,20.626562118530273,-111.96385955810547
315.060943603,20.626008987426758,-111.70384979248047
315.210357666,20.625892639160156,-111.64885711669922
315.376373291,20.625537872314453,-111.48236083984375
315.525787353,20.62509536743164,-111.27435302734375
315.725006103,20.624547958374023,-111.01844024658203
315.874420166,20.624168395996094,-110.8418960571289
316.023834228,20.62373161315918,-110.63798522949219
316.223052978,20.623178482055664,-110.37797546386719
316.372467041,20.622793197631836,-110.19733428955078
316.571685791,20.622251510620117,-109.94551849365234
316.721099853,20.6218204498291,-109.7457046508789
316.870513916,20.62143325805664,-109.5636978149414
317.036529541,20.620990753173828,-109.3556900024414
317.185943603,20.62055206298828,-109.1504135131836
317.385162353,20.620006561279297,-108.89586639404297
317.534576416,20.619619369506836,-108.71385955810547
317.683990478,20.619176864624023,-108.50585174560547
317.833404541,20.618825912475586,-108.34317779541016
318.032623291,20.618799209594727,-108.33104705810547
318.182037353,20.618799209594727,-108.33104705810547
318.331451416,20.618799209594727,-108.33104705810547
318.530670166,20.618799209594727,-108.33104705810547
318.680084228,20.618799209594727,-108.33104705810547
318.846099853,20.626638412475586,-108.19007873535156
318.995513916,20.678544998168945,-108.0266342163086
319.144927978,20.817466735839844,-107.87445831298828
319.294342041,20.982254028320312,-107.79867553710938
319.443756103,21.185983657836914,-107.75888061523438
319.593170166,21.367774963378906,-107.75064086914062
319.742584228,21.569847106933594,-107.73770141601562
319.891998291,21.747472763061523,-107.71377563476562
320.041412353,21.95073890686035,-107.67005920410156
320.190826416,22.12415313720703,-107.61503601074219
320.340240478,22.309741973876953,-107.53416442871094
320.506256103,22.492366790771484,-107.43756103515625
320.655670166,22.651596069335938,-107.34942626953125
320.805084228,22.829309463500977,-107.24945068359375
320.954498291,22.987136840820312,-107.1615982055664
321.054107666,23.099414825439453,-107.1016845703125
321.253326416,23.331985473632812,-106.98869323730469
321.303131103,23.400171279907227,-106.96022033691406
321.452545166,23.562211990356445,-106.9013900756836
321.601959228,23.751434326171875,-106.84169006347656
321.751373291,23.921293258666992,-106.79364776611328
321.900787353,24.117521286010742,-106.74356842041016
322.050201416,24.293964385986328,-106.70490264892578
322.199615478,24.472705841064453,-106.67066955566406
322.365631103,24.487987518310547,-106.6680679321289
322.515045166,24.58698081970215,-106.64813232421875
322.664459228,24.77826499938965,-106.5785903930664
322.813873291,24.93609046936035,-106.48825073242188
322.963287353,25.10185432434082,-106.3650131225586
323.112701416,25.236265182495117,-106.25059509277344
323.262115478,25.385770797729492,-106.12014770507812
323.411529541,25.5207462310791,-106.00218963623047
323.560943603,25.67690086364746,-105.87324523925781
323.710357666,25.82156753540039,-105.76282501220703
323.876373291,25.965972900390625,-105.65894317626953
324.025787353,25.965972900390625,-105.65894317626953
324.175201416,25.965972900390625,-105.65894317626953
324.324615478,25.965972900390625,-105.65894317626953
324.474029541,25.965972900390625,-105.65894317626953
324.623443603,25.965972900390625,-105.65894317626953
324.772857666,25.965972900390625,-105.65894317626953
324.922271728,25.965972900390625,-105.65894317626953
325.071685791,25.968538284301758,-105.6598892211914
325.270904541,26.026689529418945,-105.72706604003906
325.420318603,26.093812942504883,-105.91680908203125
325.636138916,26.097379684448242,-106.17598724365234
325.835357666,26.056529998779297,-106.41456604003906
325.984771728,26.013057708740234,-106.60955810546875
326.183990478,25.962677001953125,-106.85621643066406
326.333404541,25.950607299804688,-106.93631744384766
326.532623291,25.93983268737793,-107.13477325439453
326.682037353,25.984619140625,-107.28147888183594
326.881256103,26.1198787689209,-107.4085922241211
327.030670166,26.291927337646484,-107.46520233154297
327.180084228,26.498823165893555,-107.45632934570312
327.346099853,26.70087432861328,-107.40716552734375
327.495513916,26.778966903686523,-107.38565826416016
327.644927978,26.778966903686523,-107.38565826416016
327.794342041,26.778966903686523,-107.38565826416016
327.943756103,26.778966903686523,-107.38565826416016
328.093170166,26.901304244995117,-107.35155487060547
328.242584228,27.10140037536621,-107.29476165771484
328.391998291,27.276695251464844,-107.24581909179688
328.591217041,27.524877548217773,-107.17808532714844
328.740631103,27.719688415527344,-107.12271881103516
328.890045166,27.892282485961914,-107.07427215576172
329.006256103,28.036155700683594,-107.034912109375
329.155670166,28.209871292114258,-106.9853744506836
329.305084228,28.410144805908203,-106.92921447753906
329.454498291,28.58546257019043,-106.8803482055664
329.603912353,28.78649139404297,-106.82696533203125
329.803131103,29.03403091430664,-106.77434539794922
329.952545166,29.21175765991211,-106.75118255615234
330.101959228,29.419349670410156,-106.73894500732422
330.251373291,29.601316452026367,-106.74066162109375
330.400787353,29.802289962768555,-106.7491226196289
330.550201416,29.975706100463867,-106.76046752929688
330.716217041,30.179073333740234,-106.7751235961914
330.865631103,30.38671875,-106.78715515136719
331.015045166,30.56723976135254,-106.79334259033203
331.164459228,30.768381118774414,-106.79547882080078
331.363677978,31.025636672973633,-106.7938232421875
331.513092041,31.207630157470703,-106.79259490966797
331.662506103,31.41562271118164,-106.79119110107422
331.811920166,31.590778350830078,-106.79000091552734
331.961334228,31.787742614746094,-106.78515625
332.110748291,31.9687442779541,-106.76681518554688
332.260162353,32.16815185546875,-106.72465515136719
332.426177978,32.36856460571289,-106.66898345947266
332.575592041,32.532371520996094,-106.62542724609375
332.725006103,32.56047058105469,-106.61827087402344
332.874420166,32.56047058105469,-106.61827087402344
333.023834228,32.56047058105469,-106.61827087402344
333.173248291,32.56047058105469,-106.61827087402344
333.322662353,32.56047058105469,-106.61827087402344
333.472076416,32.65681838989258,-106.59597778320312
333.621490478,32.85371780395508,-106.56238555908203
333.770904541,33.01167297363281,-106.54692840576172
333.970123291,33.27016830444336,-106.54226684570312
334.086334228,33.42185592651367,-106.5500717163086
334.235748291,33.60197067260742,-106.56365966796875
334.385162353,33.80912780761719,-106.5824966430664
334.584381103,34.062843322753906,-106.60275268554688
334.733795166,34.240482330322266,-106.6121826171875
334.883209228,34.44428634643555,-106.6181640625
335.032623291,34.62628173828125,-106.61922454833984
335.182037353,34.83426284790039,-106.61723327636719
335.331451416,35.013511657714844,-106.61544799804688
335.530670166,35.26255798339844,-106.61650848388672
335.680084228,35.46770477294922,-106.62323760986328
335.829498291,35.649410247802734,-106.63347625732422
335.995513916,35.856929779052734,-106.64781951904297
336.144927978,36.05628967285156,-106.66087341308594
336.244537353,36.18596649169922,-106.66999053955078
336.393951416,36.36663818359375,-106.6916732788086
336.543365478,36.57139205932617,-106.72811889648438
336.692779541,36.741905212402344,-106.76818084716797
336.842193603,36.941715240478516,-106.8151626586914
337.041412353,37.189903259277344,-106.87153625488281
337.190826416,37.36683654785156,-106.9001235961914
337.340240478,37.570919036865234,-106.92202758789062
337.506256103,37.77766799926758,-106.94475555419922
337.655670166,37.95783996582031,-106.9703369140625
337.854888916,38.2115478515625,-107.02674102783203
338.004302978,38.410282135009766,-107.08805084228516
338.153717041,38.579978942871094,-107.14582061767578
338.303131103,38.77791976928711,-107.20963287353516
338.452545166,38.95439147949219,-107.2540283203125
338.651763916,39.20814895629883,-107.30394744873047
338.801177978,39.4099006652832,-107.34175109863281
338.950592041,39.58422088623047,-107.37727355957031
339.100006103,39.779510498046875,-107.41941833496094
339.266021728,39.9763298034668,-107.46712493896484
339.415435791,40.15214538574219,-107.51415252685547
339.564849853,40.352718353271484,-107.56924438476562
339.764068603,40.40692901611328,-107.58329010009766
339.963287353,40.40692901611328,-107.58329010009766
340.162506103,40.40692901611328,-107.58329010009766
340.311920166,40.40692901611328,-107.58329010009766
340.511138916,40.40692901611328,-107.58329010009766
340.710357666,40.6178092956543,-107.61678314208984
340.876373291,40.81681442260742,-107.57976531982422
341.025787353,40.993316650390625,-107.47111511230469
341.225006103,41.1716194152832,-107.29557037353516
341.374420166,41.29431915283203,-107.16114807128906
341.523834228,41.439517974853516,-107.01229095458984
341.723052978,41.6380500793457,-106.84464263916016
341.872467041,41.78379821777344,-106.74759674072266
342.021881103,41.9652099609375,-106.64595031738281
342.171295166,42.12714767456055,-106.56287384033203
342.320709228,42.31190872192383,-106.47035217285156
342.519927978,42.513587951660156,-106.37191772460938
342.685943603,42.72306823730469,-106.26764678955078
342.835357666,42.87748718261719,-106.18791198730469
342.984771728,43.05544662475586,-106.08843231201172
343.183990478,43.27534103393555,-105.96026611328125
343.333404541,43.429725646972656,-105.86917114257812
343.482818603,43.609886169433594,-105.76519775390625
343.632232666,43.766075134277344,-105.6744613647461
343.831451416,43.98900604248047,-105.54338836669922
343.980865478,44.169281005859375,-105.43964385986328
344.130279541,44.32847213745117,-105.3514404296875
344.296295166,44.5067253112793,-105.25531005859375
344.445709228,44.69114303588867,-105.15911865234375
344.595123291,44.85243225097656,-105.07479858398438
344.744537353,45.037940979003906,-104.98072814941406
344.893951416,45.20127868652344,-104.90044403076172
345.043365478,45.388824462890625,-104.81047821044922
345.192779541,45.54281234741211,-104.73966217041016
345.342193603,45.55695724487305,-104.73332214355469
345.541412353,45.56836700439453,-104.72821807861328
345.690826416,45.722930908203125,-104.6664047241211
345.840240478,45.920841217041016,-104.60256958007812
346.006256103,46.11961364746094,-104.55142211914062
346.155670166,46.293277740478516,-104.50700378417969
346.305084228,46.490020751953125,-104.45897674560547
346.504302978,46.73472213745117,-104.40576934814453
346.653717041,46.91115188598633,-104.36121368408203
346.803131103,47.10124969482422,-104.30432891845703
346.952545166,47.27301788330078,-104.2530517578125
347.151763916,47.5258903503418,-104.19300079345703
347.301177978,47.7315673828125,-104.16236114501953
347.450592041,47.907527923583984,-104.14871978759766
347.600006103,48.11137771606445,-104.14681243896484
347.766021728,48.31379318237305,-104.15337371826172
347.915435791,48.495750427246094,-104.15715789794922
348.114654541,48.755550384521484,-104.1495361328125
348.264068603,48.953033447265625,-104.12015533447266
348.413482666,49.126983642578125,-104.07691955566406
348.562896728,49.323883056640625,-104.02397155761719
348.712310791,49.364952087402344,-104.0130386352539
348.911529541,49.364952087402344,-104.0130386352539
349.060943603,49.364952087402344,-104.0130386352539
349.210357666,49.364952087402344,-104.0130386352539
349.376373291,49.364952087402344,-104.0130386352539
349.525787353,49.364952087402344,-104.0130386352539
349.675201416,49.367042541503906,-104.01127624511719
349.824615478,49.41665267944336,-103.9276351928711
349.974029541,49.45191955566406,-103.7545166015625
350.123443603,49.40190887451172,-103.56022644042969
350.322662353,49.2312126159668,-103.36627960205078
350.472076416,49.090110778808594,-103.26028442382812
350.621490478,48.93108367919922,-103.1462631225586
350.820709228,48.740074157714844,-102.99089813232422
350.970123291,48.608707427978516,-102.86498260498047
351.136138916,48.474510192871094,-102.70623779296875
351.235748291,48.401947021484375,-102.6017074584961
351.385162353,48.293548583984375,-102.42903137207031
351.584381103,48.159671783447266,-102.20613861083984
351.733795166,48.066062927246094,-102.050048828125
351.883209228,47.9623908996582,-101.87447357177734
352.082427978,47.83513259887695,-101.6635971069336
352.231842041,47.733089447021484,-101.51290130615234
352.381256103,47.620323181152344,-101.34798431396484
352.530670166,47.51936721801758,-101.1965560913086
352.680084228,47.40081787109375,-101.02900695800781
352.846099853,47.28068542480469,-100.86426544189453
352.995513916,47.21966552734375,-100.77758026123047
353.194732666,47.21966552734375,-100.77758026123047
353.344146728,47.21966552734375,-100.77758026123047
353.493560791,47.138702392578125,-100.64785766601562
353.642974853,47.05817794799805,-100.46082305908203
353.792388916,47.012908935546875,-100.29170989990234
353.941802978,46.9792594909668,-100.09756469726562
354.091217041,46.952823638916016,-99.92720031738281
354.240631103,46.92045593261719,-99.73283386230469
354.390045166,46.88495635986328,-99.55574035644531
354.556060791,46.83584976196289,-99.35363006591797
354.755279541,46.76168441772461,-99.10445404052734
354.904693603,46.69952392578125,-98.9088363647461
355.054107666,46.64401626586914,-98.74560546875
355.253326416,46.55925750732422,-98.51307678222656
355.402740478,46.549503326416016,-98.48682403564453
355.552154541,46.549503326416016,-98.48682403564453
355.701568603,46.549503326416016,-98.48682403564453
355.900787353,46.493892669677734,-98.2968521118164
356.050201416,46.467506408691406,-98.1237564086914
356.216217041,46.456382751464844,-97.91747283935547
356.365631103,46.45305633544922,-97.7094955444336
356.515045166,46.45282745361328,-97.53433990478516
356.664459228,46.44831085205078,-97.33323669433594
356.863677978,46.43824005126953,-97.0775375366211
357.013092041,46.42159652709961,-96.90045166015625
357.162506103,46.394325256347656,-96.69422912597656
357.311920166,46.3676872253418,-96.51419067382812
357.461334228,46.337154388427734,-96.31950378417969
357.660552978,46.30229187011719,-96.07152557373047
357.809967041,46.27803421020508,-95.89666748046875
357.975982666,46.25375747680664,-95.69148254394531
358.125396728,46.228145599365234,-95.48782348632812
358.274810791,46.20743179321289,-95.31390380859375
358.424224853,46.18254089355469,-95.11292266845703
358.573638916,46.15884780883789,-94.93937683105469
358.772857666,46.12839889526367,-94.69654083251953
358.922271728,46.12430191040039,-94.6688461303711
359.071685791,46.09325408935547,-94.50885772705078
359.270904541,46.020626068115234,-94.27970886230469
359.420318603,45.971248626708984,-94.1698226928711
359.586334228,45.875553131103516,-94.00080871582031
359.785552978,45.732723236083984,-93.80229187011719
359.934967041,45.72269821166992,-93.79045867919922
360.134185791,45.72269821166992,-93.79045867919922
360.283599853,45.72269821166992,-93.79045867919922
360.482818603,45.72269821166992,-93.79045867919922
360.632232666,45.72269821166992,-93.79045867919922
360.831451416,45.60366439819336,-93.62850189208984
360.980865478,45.512264251708984,-93.44490051269531
361.130279541,45.449546813964844,-93.27699279785156
361.296295166,45.386924743652344,-93.08294677734375
361.495513916,45.301902770996094,-92.83724975585938
361.644927978,45.23009490966797,-92.64496612548828
361.844146728,45.12781524658203,-92.41047668457031
361.993560791,45.04853439331055,-92.24817657470703
362.142974853,44.95809555053711,-92.06849670410156
362.342193603,44.841033935546875,-91.84097290039062
362.491607666,44.7564582824707,-91.68136596679688
362.641021728,44.661399841308594,-91.50875091552734
362.790435791,44.64952087402344,-91.48760223388672
363.006256103,44.64952087402344,-91.48760223388672
363.155670166,44.64952087402344,-91.48760223388672
363.354888916,44.64952087402344,-91.48760223388672
363.504302978,44.64952087402344,-91.48760223388672
363.653717041,44.64952087402344,-91.48760223388672
363.852935791,44.64952087402344,-91.48760223388672
364.002349853,44.64952087402344,-91.48760223388672
364.201568603,44.64952087402344,-91.48760223388672
364.350982666,44.64952087402344,-91.48760223388672
364.550201416,44.64952087402344,-91.48760223388672
364.716217041,44.64952087402344,-91.48760223388672
364.865631103,44.64952087402344,-91.48760223388672
365.064849853,44.64952087402344,-91.48760223388672
365.214263916,44.64952087402344,-91.48760223388672
365.363677978,44.64952087402344,-91.48760223388672
365.513092041,44.64952087402344,-91.48760223388672
365.662506103,44.71281433105469,-91.47418975830078
365.861724853,44.931697845458984,-91.520751953125
366.011138916,45.065155029296875,-91.63641357421875
366.110748291,45.126914978027344,-91.75028991699219
366.260162353,45.164459228515625,-91.95394134521484
366.426177978,45.15260696411133,-92.1613998413086
366.625396728,45.10927200317383,-92.41766357421875
366.824615478,45.04790496826172,-92.67030334472656
366.974029541,45.01732635498047,-92.84407806396484
367.173248291,45.01413345336914,-93.09679412841797
367.372467041,45.06044387817383,-93.34535217285156
367.571685791,45.10702896118164,-93.48308563232422
367.721099853,45.10702896118164,-93.48308563232422
367.920318603,45.10702896118164,-93.48308563232422
368.086334228,45.10702896118164,-93.48308563232422
368.285552978,45.10702896118164,-93.48308563232422
368.434967041,45.10702896118164,-93.48308563232422
368.634185791,45.10702896118164,-93.48308563232422
368.833404541,45.10702896118164,-93.48308563232422
368.982818603,45.09306335449219,-93.48859405517578
369.182037353,44.91804885864258,-93.45818328857422
369.331451416,44.77531814575195,-93.35647583007812
369.480865478,44.671939849853516,-93.17758178710938
369.680084228,44.631004333496094,-92.9220199584961
369.846099853,44.634456634521484,-92.71409606933594
369.995513916,44.643165588378906,-92.53368377685547
370.144927978,44.64575958251953,-92.33533477783203
370.294342041,44.629520416259766,-92.16376495361328
370.493560791,44.568721771240234,-91.922607421875
370.642974853,44.491058349609375,-91.73125457763672
370.792388916,44.430908203125,-91.61376190185547
370.991607666,44.317501068115234,-91.43743896484375
371.141021728,44.16679382324219,-91.30531311035156
371.340240478,43.93572998046875,-91.19352722167969
371.489654541,43.76577377319336,-91.13236236572266
371.705474853,43.49819564819336,-91.03531646728516
371.854888916,43.337860107421875,-90.96833038330078
372.054107666,43.10684585571289,-90.84925079345703
372.253326416,42.89179229736328,-90.7157974243164
372.402740478,42.723121643066406,-90.59410095214844
372.601959228,42.59358215332031,-90.50021362304688
372.801177978,42.40268325805664,-90.36317443847656
372.950592041,42.25560760498047,-90.25596618652344
373.149810791,42.04678726196289,-90.11046600341797
373.315826416,41.876651763916016,-89.99810791015625
373.465240478,41.70500946044922,-89.8880386352539
373.664459228,41.52809524536133,-89.77490234375
373.813873291,41.527252197265625,-89.77436065673828
374.013092041,41.527252197265625,-89.77436065673828
374.162506103,41.527252197265625,-89.77436065673828
374.361724853,41.527252197265625,-89.77436065673828
374.511138916,41.39947509765625,-89.7027359008789
374.710357666,41.156044006347656,-89.65862274169922
374.876373291,40.96064758300781,-89.7251968383789
375.075592041,40.77737808227539,-89.90695190429688
375.225006103,40.66707229614258,-90.0783920288086
375.424224853,40.51731491088867,-90.28215789794922
375.623443603,40.330875396728516,-90.45884704589844
375.772857666,40.18132400512695,-90.55745697021484
375.972076416,39.94682312011719,-90.66914367675781
376.171295166,39.70366668701172,-90.76115417480469
376.320709228,39.50712203979492,-90.82923126220703
376.470123291,39.33769989013672,-90.88345336914062
376.685943603,39.06379318237305,-90.96577453613281
376.885162353,38.818660736083984,-91.04383087158203
377.034576416,38.65871810913086,-91.0998764038086
377.233795166,38.643310546875,-91.10578918457031
377.433013916,38.643310546875,-91.10578918457031
377.582427978,38.643310546875,-91.10578918457031
377.781646728,38.643310546875,-91.10578918457031
377.980865478,38.63164138793945,-91.11026763916016
378.130279541,38.48625564575195,-91.1542739868164
378.329498291,38.31072235107422,-91.14859771728516
378.495513916,38.21773147583008,-91.08313751220703
378.644927978,38.1200065612793,-90.9078369140625
378.844146728,38.11675262451172,-90.65026092529297
378.993560791,38.16129684448242,-90.47386169433594
379.142974853,38.215309143066406,-90.27302551269531
379.292388916,38.25618362426758,-90.0985107421875
379.491607666,38.288700103759766,-89.85183715820312
379.641021728,38.278743743896484,-89.6471939086914
379.790435791,38.260353088378906,-89.55451965332031
379.956451416,38.201881408691406,-89.36805725097656
380.155670166,38.10356903076172,-89.12740325927734
380.305084228,38.021728515625,-88.93618774414062
380.504302978,37.91773986816406,-88.69792175292969
380.653717041,37.845699310302734,-88.53079986572266
380.852935791,37.74813461303711,-88.28978729248047
381.002349853,37.67325973510742,-88.10012817382812
381.201568603,37.58358383178711,-87.8561019897461
381.350982666,37.52200698852539,-87.687744140625
381.550201416,37.43088150024414,-87.45156860351562
381.716217041,37.35780715942383,-87.2568359375
381.865631103,37.2841911315918,-87.06230163574219
382.064849853,37.187984466552734,-86.82073974609375
382.214263916,37.12906265258789,-86.67060089111328
382.363677978,37.12474060058594,-86.65926361083984
382.562896728,37.12474060058594,-86.65926361083984
382.712310791,37.12474060058594,-86.65926361083984
382.911529541,37.12474060058594,-86.65926361083984
383.060943603,37.12474060058594,-86.65926361083984
383.260162353,37.12474060058594,-86.65926361083984
383.409576416,37.12474060058594,-86.65926361083984
383.525787353,37.12474060058594,-86.65926361083984
383.675201416,37.12474060058594,-86.65926361083984
383.874420166,37.12474060058594,-86.65926361083984
384.023834228,37.06834030151367,-86.53067016601562
384.173248291,36.97159194946289,-86.38336181640625
384.372467041,36.78728485107422,-86.20449829101562
384.521881103,36.62140655517578,-86.08370971679688
384.721099853,36.403141021728516,-85.94243621826172
384.920318603,36.194129943847656,-85.79724884033203
385.086334228,36.03007125854492,-85.66944122314453
385.285552978,35.86985397338867,-85.53368377685547
385.434967041,35.83169937133789,-85.49984741210938
385.634185791,35.647308349609375,-85.31803894042969
385.833404541,35.46554946899414,-85.13404846191406
385.982818603,35.31912612915039,-84.98822784423828
386.182037353,35.1313591003418,-84.80842590332031
386.381256103,34.934967041015625,-84.63809204101562
386.530670166,34.794734954833984,-84.52207946777344
386.729888916,34.66339111328125,-84.41181182861328
386.895904541,34.66339111328125,-84.41181182861328
387.095123291,34.66339111328125,-84.41181182861328
387.244537353,34.66339111328125,-84.41181182861328
387.443756103,34.66339111328125,-84.41181182861328
387.642974853,34.66339111328125,-84.41181182861328
387.792388916,34.66339111328125,-84.41181182861328
387.941802978,34.66575241088867,-84.39559936523438
388.141021728,34.682674407958984,-84.37157440185547
388.290435791,34.791778564453125,-84.31826782226562
388.390045166,34.90932083129883,-84.30226135253906
388.556060791,35.103458404541016,-84.35314178466797
388.755279541,35.3061408996582,-84.51422119140625
388.904693603,35.444271087646484,-84.66968536376953
389.054107666,35.56663513183594,-84.80435180664062
389.253326416,35.754268646240234,-84.9802017211914
389.402740478,35.91333770751953,-85.10548400878906
389.552154541,36.06058120727539,-85.20275115966797
389.751373291,36.285099029541016,-85.32540130615234
389.900787353,36.472068786621094,-85.41653442382812
390.050201416,36.63631820678711,-85.49493408203125
390.216217041,36.82194900512695,-85.58253479003906
390.365631103,37.0091667175293,-85.67315673828125
390.564849853,37.2424201965332,-85.78800964355469
390.714263916,37.40538787841797,-85.86905670166016
390.863677978,37.588890075683594,-85.95793151855469
391.013092041,37.74617004394531,-86.0318374633789
391.212310791,37.84248352050781,-86.07171630859375
391.361724853,37.84248352050781,-86.07171630859375
391.511138916,37.84248352050781,-86.07171630859375
391.660552978,37.84248352050781,-86.07171630859375
391.859771728,37.84248352050781,-86.07171630859375
391.975982666,37.84248352050781,-86.07171630859375
392.175201416,37.979095458984375,-85.90938568115234
392.324615478,38.02479934692383,-85.71065521240234
392.474029541,38.012638092041016,-85.53755187988281
392.673248291,37.954345703125,-85.28994750976562
392.822662353,37.90003967285156,-85.09058380126953
393.021881103,37.84380340576172,-84.84522247314453
393.171295166,37.81730651855469,-84.66796875
393.370513916,37.79956817626953,-84.40867614746094
393.536529541,37.79848098754883,-84.20616149902344
393.685943603,37.80261993408203,-83.99957275390625
393.885162353,37.814964294433594,-83.73988342285156
394.034576416,37.825218200683594,-83.55819702148438
394.233795166,37.838226318359375,-83.312255859375
394.383209228,37.84725570678711,-83.11131286621094
394.532623291,37.8565673828125,-82.93641662597656
394.731842041,37.87447738647461,-82.70208740234375
394.881256103,37.89060974121094,-82.49881744384766
395.030670166,37.902000427246094,-82.31717681884766
395.180084228,37.9117431640625,-82.1093978881836
395.346099853,37.92478942871094,-81.90866088867188
395.545318603,37.942405700683594,-81.65335845947266
395.694732666,37.95492935180664,-81.4717788696289
395.893951416,37.9681510925293,-81.21623992919922
396.043365478,37.972721099853516,-81.01924133300781
396.192779541,37.973106384277344,-80.84408569335938
396.342193603,37.97383117675781,-80.63744354248047
396.541412353,37.980403900146484,-80.40392303466797
396.690826416,37.995784759521484,-80.22946166992188
396.840240478,38.02957534790039,-80.02848052978516
397.006256103,38.080787658691406,-79.83116149902344
397.155670166,38.13833999633789,-79.65851593017578
397.305084228,38.21098709106445,-79.46363067626953
397.504302978,38.31716537475586,-79.22632598876953
397.653717041,38.39429473876953,-79.06146240234375
397.803131103,38.481624603271484,-78.8726806640625
397.952545166,38.49342727661133,-78.84619140625
398.151763916,38.49342727661133,-78.84619140625
398.301177978,38.54987716674805,-78.73248291015625
398.450592041,38.66010665893555,-78.58840942382812
398.550201416,38.75901412963867,-78.50859069824219
398.716217041,38.93619155883789,-78.40809631347656
398.865631103,39.12530517578125,-78.32489013671875
399.015045166,39.28651809692383,-78.25999450683594
399.164459228,39.478065490722656,-78.1825180053711
399.313873291,39.636138916015625,-78.11368560791016
399.513092041,39.78913879394531,-78.03932189941406
399.662506103,39.78913879394531,-78.03932189941406
399.811920166,39.78913879394531,-78.03932189941406
399.961334228,39.78913879394531,-78.03932189941406
400.110748291,39.78913879394531,-78.03932189941406
400.309967041,39.78913879394531,-78.03932189941406
400.426177978,39.78913879394531,-78.03932189941406
400.575592041,39.78913879394531,-78.03932189941406
400.774810791,39.78913879394531,-78.03932189941406
400.924224853,39.78913879394531,-78.03932189941406
401.073638916,39.78913879394531,-78.03932189941406
401.223052978,39.78913879394531,-78.03932189941406
401.422271728,39.78913879394531,-78.03932189941406
401.571685791,39.78913879394531,-78.03932189941406
401.721099853,39.78913879394531,-78.03932189941406
401.920318603,39.78913879394531,-78.03932189941406
402.036529541,39.78913879394531,-78.03932189941406
402.235748291,39.78913879394531,-78.03932189941406
402.385162353,39.78913879394531,-78.03932189941406
402.534576416,39.78913879394531,-78.03932189941406
402.733795166,39.78913879394531,-78.03932189941406
402.883209228,39.78913879394531,-78.03932189941406
403.032623291,39.78913879394531,-78.03932189941406
403.182037353,39.79458999633789,-78.039794921875
403.331451416,39.818641662597656,-78.0491943359375
403.530670166,39.92304992675781,-78.17388916015625
403.680084228,39.92304992675781,-78.17388916015625
403.895904541,39.93162155151367,-78.21039581298828
404.045318603,39.93162155151367,-78.21039581298828
404.244537353,39.93162155151367,-78.21039581298828
404.443756103,39.93162155151367,-78.21039581298828
404.593170166,39.93162155151367,-78.21039581298828
404.792388916,39.93162155151367,-78.21039581298828
404.941802978,39.93162155151367,-78.21039581298828
405.141021728,39.93162155151367,-78.21039581298828
405.290435791,39.93162155151367,-78.21039581298828
405.506256103,39.932151794433594,-78.21308135986328
405.655670166,39.93459701538086,-78.22374725341797
405.854888916,39.936500549316406,-78.2257080078125
406.004302978,40.04616165161133,-78.27725219726562
406.153717041,40.22127914428711,-78.28561401367188
406.303131103,40.41397476196289,-78.21179962158203
406.502349853,40.59901809692383,-78.03053283691406
406.651763916,40.707584381103516,-77.89134216308594
406.801177978,40.832637786865234,-77.72513580322266
406.950592041,40.94627380371094,-77.58830261230469
407.149810791,41.12724304199219,-77.40966033935547
407.249420166,41.22959899902344,-77.32955169677734
407.465240478,41.41990661621094,-77.20134735107422
407.614654541,41.41990661621094,-77.20134735107422
407.764068603,41.41990661621094,-77.20134735107422
407.913482666,41.41990661621094,-77.20134735107422
408.112701416,41.58549880981445,-77.11368560791016
408.262115478,41.78920364379883,-77.08055877685547
408.411529541,41.96485137939453,-77.12491607666016
408.560943603,42.14702224731445,-77.22200012207031
408.710357666,42.29285430908203,-77.3189926147461
408.876373291,42.465187072753906,-77.43543243408203
409.025787353,42.64213180541992,-77.53936767578125
409.225006103,42.87661361694336,-77.65145874023438
409.374420166,43.04656219482422,-77.71649932861328
409.523834228,43.24166488647461,-77.77558898925781
409.723052978,43.48835754394531,-77.83226013183594
409.872467041,43.66164016723633,-77.86593627929688
410.021881103,43.862545013427734,-77.90796661376953
410.171295166,44.0357780456543,-77.94844055175781
410.370513916,44.28885269165039,-78.00806427001953
410.536529541,44.49079132080078,-78.05791473388672
410.685943603,44.68750762939453,-78.11644744873047
410.835357666,44.856346130371094,-78.16796112060547
410.984771728,45.04961013793945,-78.22377014160156
411.183990478,45.289791107177734,-78.28964233398438
411.333404541,45.457679748535156,-78.33453369140625
411.482818603,45.65674591064453,-78.37857055664062
411.632232666,45.83243179321289,-78.4141845703125
411.781646728,46.03748321533203,-78.44903564453125
411.980865478,46.29170227050781,-78.48855590820312
412.130279541,46.46896743774414,-78.51527404785156
412.296295166,46.66612243652344,-78.54756927490234
412.445709228,46.866668701171875,-78.58435821533203
412.644927978,47.12132263183594,-78.63677978515625
412.794342041,47.298919677734375,-78.67655181884766
412.943756103,47.416351318359375,-78.70355987548828
413.093170166,47.59427261352539,-78.74188232421875
413.242584228,47.79749298095703,-78.78620910644531
413.391998291,47.972164154052734,-78.82650756835938
413.541412353,48.165645599365234,-78.8705062866211
413.690826416,48.34033966064453,-78.91071319580078
413.840240478,48.54239273071289,-78.9600830078125
413.989654541,48.716609954833984,-79.0023193359375
414.155670166,48.91640090942383,-79.04281616210938
414.354888916,49.167118072509766,-79.0866470336914
414.504302978,49.36195755004883,-79.11605072021484
414.653717041,49.480777740478516,-79.1332015991211
414.852935791,49.480777740478516,-79.1332015991211
415.002349853,49.480777740478516,-79.1332015991211
415.151763916,49.480777740478516,-79.1332015991211
415.301177978,49.59090042114258,-79.1472396850586
415.450592041,49.76976776123047,-79.15836334228516
415.600006103,49.97746658325195,-79.15007019042969
415.766021728,50.181243896484375,-79.11656188964844
415.965240478,50.42416763305664,-79.0506362915039
416.114654541,50.59833908081055,-78.99785614013672
416.264068603,50.798614501953125,-78.94171142578125
416.413482666,50.974422454833984,-78.90038299560547
416.612701416,51.228694915771484,-78.86190795898438
416.762115478,51.43620300292969,-78.84837341308594
416.911529541,51.61818313598633,-78.84599304199219
417.060943603,51.82069778442383,-78.84809875488281
417.260162353,52.07229995727539,-78.8576889038086
417.376373291,52.198055267333984,-78.86358642578125
417.575592041,52.457759857177734,-78.87579345703125
417.725006103,52.66008377075195,-78.88478088378906
417.874420166,52.84064865112305,-78.88426971435547
418.073638916,53.080345153808594,-78.85245513916016
418.223052978,53.10867691040039,-78.84626007080078
418.372467041,53.10867691040039,-78.84626007080078
418.521881103,53.21637725830078,-78.81932830810547
418.721099853,53.45931625366211,-78.73933410644531
418.870513916,53.61381912231445,-78.67263793945312
419.036529541,53.798465728759766,-78.57696533203125
419.185943603,53.974002838134766,-78.4759521484375
419.335357666,54.13077926635742,-78.38350677490234
419.534576416,54.350425720214844,-78.25491333007812
419.683990478,54.532630920410156,-78.15460205078125
419.833404541,54.69406509399414,-78.070556640625
419.982818603,54.87532043457031,-77.98020935058594
420.182037353,55.108116149902344,-77.87406158447266
420.331451416,55.277366638183594,-77.80715942382812
420.480865478,55.4735107421875,-77.73795318603516
420.630279541,55.64406967163086,-77.68280792236328
420.796295166,55.84202194213867,-77.6285400390625
420.945709228,56.041542053222656,-77.58041381835938
421.144927978,56.29814529418945,-77.5391616821289
421.294342041,56.47948455810547,-77.5238265991211
421.443756103,56.6776008605957,-77.51285552978516
421.593170166,56.8526611328125,-77.50709533691406
421.792388916,56.95203399658203,-77.50160217285156
421.941802978,56.95203399658203,-77.50160217285156
422.091217041,56.95203399658203,-77.50160217285156
422.240631103,56.95203399658203,-77.50160217285156
422.390045166,56.95203399658203,-77.50160217285156
422.605865478,56.96450424194336,-77.500732421875
422.755279541,57.12991714477539,-77.49836730957031
422.904693603,57.33208084106445,-77.52323913574219
423.103912353,57.57954406738281,-77.59259033203125
423.253326416,57.74879455566406,-77.65949249267578
423.402740478,57.93899154663086,-77.74022674560547
423.552154541,58.1065673828125,-77.81120300292969
423.701568603,58.29900360107422,-77.89014434814453
423.900787353,58.533267974853516,-77.97859954833984
424.050201416,58.702850341796875,-78.03667449951172
424.216217041,58.889678955078125,-78.09423828125
424.365631103,58.904541015625,-78.09862518310547
424.564849853,58.904541015625,-78.09862518310547
424.714263916,58.904541015625,-78.09862518310547
424.863677978,58.904541015625,-78.09862518310547
425.013092041,59.027687072753906,-78.12947845458984
425.212310791,59.281768798828125,-78.1234359741211
425.361724853,59.478271484375,-78.05620574951172
425.511138916,59.64216995239258,-77.97718048095703
425.710357666,59.86936950683594,-77.85076904296875
425.876373291,60.04084777832031,-77.76583862304688
426.025787353,60.23307800292969,-77.6865234375
426.225006103,60.47309112548828,-77.60186767578125
426.374420166,60.63962936401367,-77.55220794677734
426.523834228,60.83114242553711,-77.50599670410156
426.723052978,61.08131408691406,-77.46783447265625
426.872467041,61.26282501220703,-77.45490264892578
427.021881103,61.47079849243164,-77.45388793945312
427.171295166,61.650001525878906,-77.45856475830078
427.370513916,61.9002685546875,-77.46729278564453
427.470123291,62.02752685546875,-77.46712493896484
427.685943603,62.263431549072266,-77.46073913574219
427.835357666,62.26443099975586,-77.46070098876953
427.984771728,62.26443099975586,-77.46070098876953
428.134185791,62.26443099975586,-77.46070098876953
428.333404541,62.326908111572266,-77.45931243896484
428.433013916,62.43436813354492,-77.46865844726562
428.582427978,62.56011962890625,-77.52923583984375
428.781646728,62.693870544433594,-77.73564147949219
428.931060791,62.711265563964844,-77.91573333740234
429.080474853,62.671207427978516,-78.11946868896484
429.279693603,62.59941864013672,-78.3421859741211
429.429107666,62.54520034790039,-78.54010772705078
429.644927978,62.50895309448242,-78.82322692871094
429.794342041,62.52119445800781,-79.00049591064453
429.993560791,62.588829040527344,-79.24827575683594
430.192779541,62.68854522705078,-79.4839096069336
430.342193603,62.76940155029297,-79.67405700683594
430.491607666,62.818931579589844,-79.79346466064453
430.690826416,62.84732437133789,-79.8642349243164
430.890045166,62.932167053222656,-80.10990905761719
431.056060791,62.989540100097656,-80.30839538574219
431.205474853,63.03456115722656,-80.47285461425781
431.404693603,63.10342788696289,-80.72071838378906
431.554107666,63.12456512451172,-80.7989273071289
431.753326416,63.13438034057617,-80.84159088134766
431.902740478,63.13571548461914,-80.88243865966797
432.101959228,63.1090087890625,-80.92774963378906
432.251373291,62.96830368041992,-81.02104949951172
432.450592041,62.713069915771484,-81.05652618408203
432.600006103,62.50757598876953,-81.02505493164062
432.766021728,62.30356216430664,-80.98458862304688
432.965240478,62.05314636230469,-80.92566680908203
433.114654541,61.87956237792969,-80.89376068115234
433.313873291,61.62740707397461,-80.87535095214844
433.463287353,61.42160415649414,-80.89220428466797
433.662506103,61.286415100097656,-80.91792297363281
433.811920166,61.286415100097656,-80.91792297363281
434.011138916,61.286415100097656,-80.91792297363281
434.160552978,61.286415100097656,-80.91792297363281
434.376373291,61.13353729248047,-80.96639251708984
434.525787353,61.036617279052734,-81.04942321777344
434.725006103,60.94345474243164,-81.28414916992188
434.874420166,60.95512771606445,-81.4648208618164
435.073638916,61.042057037353516,-81.70954132080078
435.272857666,61.128448486328125,-81.95169830322266
435.422271728,61.16733169555664,-82.15575408935547
435.621490478,61.170345306396484,-82.41536712646484
435.770904541,61.1576042175293,-82.52159118652344
435.970123291,61.15745162963867,-82.5225830078125
436.136138916,61.15745162963867,-82.5225830078125
436.285552978,61.15745162963867,-82.5225830078125
436.484771728,61.15373992919922,-82.54730224609375
436.634185791,61.15373992919922,-82.54730224609375
436.833404541,61.152061462402344,-82.5596923828125
436.982818603,61.136260986328125,-82.73896789550781
437.182037353,61.12254333496094,-82.99861907958984
437.331451416,61.11122131347656,-83.18025207519531
437.530670166,61.09727096557617,-83.43026733398438
437.680084228,61.09125518798828,-83.63681030273438
437.846099853,61.089630126953125,-83.84481048583984
438.045318603,61.08539581298828,-84.0979232788086
438.244537353,61.07480239868164,-84.34538269042969
438.393951416,61.06309127807617,-84.52289581298828
438.593170166,61.04414749145508,-84.78083038330078
438.742584228,61.02417755126953,-84.98787689208984
438.941802978,60.99882507324219,-85.24113464355469
439.091217041,60.983795166015625,-85.41702270507812
439.290435791,60.958675384521484,-85.67166900634766
439.456451416,60.93821334838867,-85.878662109375
439.655670166,60.920326232910156,-86.1325454711914
439.854888916,60.91312789916992,-86.28351593017578
440.004302978,60.91312789916992,-86.28351593017578
440.203521728,60.91312789916992,-86.28351593017578
440.402740478,60.91312789916992,-86.28351593017578
440.552154541,60.90605163574219,-86.41031646728516
440.751373291,60.8856201171875,-86.66675567626953
440.900787353,60.86334228515625,-86.87217712402344
441.100006103,60.82231521606445,-87.12884521484375
441.266021728,60.783721923828125,-87.32906341552734
441.465240478,60.73180389404297,-87.58382415771484
441.664459228,60.678733825683594,-87.8299560546875
441.813873291,60.64229965209961,-88.0054702758789
442.013092041,60.59104537963867,-88.25615692138672
442.162506103,60.55228805541992,-88.44776153564453
442.361724853,60.54923629760742,-88.46296691894531
442.560943603,60.54923629760742,-88.46296691894531
442.710357666,60.54923629760742,-88.46296691894531
442.909576416,60.54923629760742,-88.46296691894531
443.075592041,60.54923629760742,-88.46296691894531
443.274810791,60.54923629760742,-88.46296691894531
443.474029541,60.552215576171875,-88.47618103027344
443.623443603,60.615962982177734,-88.5465087890625
443.822662353,60.85332489013672,-88.63198852539062
443.972076416,61.03035354614258,-88.62019348144531
444.121490478,61.21961212158203,-88.5617904663086
444.320709228,61.44734573364258,-88.44549560546875
444.470123291,61.603824615478516,-88.35254669189453
444.636138916,61.78789138793945,-88.25578308105469
444.835357666,62.02410125732422,-88.16545104980469
444.934967041,62.134220123291016,-88.13774108886719
445.134185791,62.3755989074707,-88.10697937011719
445.283599853,62.58218002319336,-88.10542297363281
445.482818603,62.833274841308594,-88.12340545654297
445.632232666,63.0142707824707,-88.1424560546875
445.781646728,63.215850830078125,-88.16195678710938
445.980865478,63.467044830322266,-88.1791000366211
446.130279541,63.6434211730957,-88.18640899658203
446.279693603,63.825382232666016,-88.18991088867188
446.445709228,64.05936431884766,-88.19217681884766
446.595123291,64.23450469970703,-88.19390106201172
446.744537353,64.43976593017578,-88.1958999633789
446.893951416,64.62177276611328,-88.19619750976562
447.093170166,64.88040924072266,-88.19544219970703
447.242584228,65.08155059814453,-88.19486999511719
447.391998291,65.2566909790039,-88.19437408447266
447.591217041,65.5112075805664,-88.19364166259766
447.740631103,65.7192153930664,-88.19303131103516
447.890045166,65.9012222290039,-88.19249725341797
448.056060791,66.10236358642578,-88.19192504882812
448.255279541,66.34432983398438,-88.18817901611328
448.404693603,66.36853790283203,-88.18658447265625
448.554107666,66.36853790283203,-88.18658447265625
448.753326416,66.36853790283203,-88.18658447265625
448.902740478,66.36853790283203,-88.18658447265625
449.052154541,66.4952621459961,-88.17822265625
449.201568603,66.6989517211914,-88.16901397705078
449.350982666,66.87406158447266,-88.165283203125
449.550201416,67.1285629272461,-88.16667175292969
449.649810791,67.25850677490234,-88.17020416259766
449.865631103,67.34046936035156,-88.1725845336914
450.015045166,67.34046936035156,-88.1725845336914
450.164459228,67.34046936035156,-88.1725845336914
450.363677978,67.34046936035156,-88.1725845336914
450.513092041,67.34046936035156,-88.1725845336914
450.662506103,67.34046936035156,-88.1725845336914
450.811920166,67.34046936035156,-88.1725845336914
451.011138916,67.34046936035156,-88.1725845336914
451.160552978,67.34046936035156,-88.1725845336914
451.359771728,67.34046936035156,-88.1725845336914
451.525787353,67.34046936035156,-88.1725845336914
451.675201416,67.34046936035156,-88.1725845336914
451.824615478,67.34046936035156,-88.1725845336914
452.023834228,67.34046936035156,-88.1725845336914
452.173248291,67.34046936035156,-88.1725845336914
452.372467041,67.54399871826172,-88.17850494384766
452.521881103,67.75188446044922,-88.1845474243164
452.721099853,68.0103759765625,-88.19206237792969
452.870513916,68.18814086914062,-88.19844055175781
452.970123291,68.31248474121094,-88.2052001953125
453.136138916,68.51318359375,-88.21903991699219
453.285552978,68.720703125,-88.2335433959961
453.434967041,68.90242767333984,-88.24342346191406
453.634185791,69.11287689208984,-88.24971008300781
453.783599853,69.2398452758789,-88.25180053710938
453.933013916,69.42182922363281,-88.25397491455078
454.132232666,69.6693344116211,-88.25347137451172
454.281646728,69.7870864868164,-88.2531967163086
454.431060791,69.9690933227539,-88.25300598144531
454.630279541,70.2124252319336,-88.258056640625
454.796295166,70.24140167236328,-88.25926208496094
454.945709228,70.24140167236328,-88.25926208496094
455.144927978,70.24140167236328,-88.25926208496094
455.294342041,70.24140167236328,-88.25926208496094
455.443756103,70.24140167236328,-88.25926208496094
455.642974853,70.24140167236328,-88.25926208496094
455.792388916,70.26638793945312,-88.26018524169922
455.941802978,70.46589660644531,-88.26019287109375
456.141021728,70.72542572021484,-88.2463607788086
456.290435791,70.90278625488281,-88.22056579589844
456.456451416,71.10572814941406,-88.18183135986328
456.605865478,71.3106689453125,-88.1463851928711
456.805084228,71.55870819091797,-88.11226654052734
456.954498291,71.73067474365234,-88.10004425048828
457.103912353,71.93711853027344,-88.09139251708984
457.253326416,72.11908721923828,-88.08807373046875
457.402740478,72.32709503173828,-88.08871459960938
457.601959228,72.48700714111328,-88.08451843261719
457.751373291,72.48700714111328,-88.08451843261719
457.900787353,72.48700714111328,-88.08451843261719
458.100006103,72.70027923583984,-88.07903289794922
458.249420166,72.87814331054688,-88.08142852783203
458.415435791,73.07778930664062,-88.08881378173828
458.564849853,73.28544616699219,-88.10090637207031
458.764068603,73.43268585205078,-88.10982513427734
458.913482666,73.60057067871094,-88.11880493164062
459.062896728,73.80573272705078,-88.12516021728516
459.212310791,73.98768615722656,-88.12932586669922
459.411529541,74.24217224121094,-88.13307189941406
459.560943603,74.44194030761719,-88.13511657714844
459.710357666,74.61708068847656,-88.13683319091797
459.926177978,74.89898681640625,-88.13462829589844
460.075592041,75.08099365234375,-88.13243865966797
460.225006103,75.2862548828125,-88.12996673583984
460.424224853,75.52415466308594,-88.1270980834961
460.573638916,75.53628540039062,-88.126953125
460.723052978,75.66228485107422,-88.12544250488281
460.872467041,75.84429168701172,-88.12325286865234
461.071685791,76.07929229736328,-88.12042999267578
461.221099853,76.14478302001953,-88.11962890625
461.420318603,76.40479278564453,-88.11824035644531
461.586334228,76.59343719482422,-88.11957550048828
461.735748291,76.66806030273438,-88.12008666992188
461.885162353,76.87606811523438,-88.12155151367188
462.084381103,77.13469696044922,-88.1241683959961
462.233795166,77.30702209472656,-88.12972259521484
462.383209228,77.50922393798828,-88.14106750488281
462.582427978,77.71817779541016,-88.16161346435547
462.731842041,77.71916961669922,-88.1617431640625
462.881256103,77.71916961669922,-88.1617431640625
463.030670166,77.8580093383789,-88.17514038085938
463.229888916,78.10948181152344,-88.18761444091797
463.395904541,78.31742858886719,-88.19202423095703
463.545318603,78.51997375488281,-88.19239807128906
463.744537353,78.76905822753906,-88.19255065917969
463.893951416,78.95106506347656,-88.19265747070312
464.043365478,79.15907287597656,-88.19277954101562
464.242584228,79.41767120361328,-88.19660949707031
464.391998291,79.5926284790039,-88.204833984375
464.541412353,79.79788970947266,-88.22806549072266
464.740631103,80.05290985107422,-88.2784423828125
464.890045166,80.23018646240234,-88.31963348388672
465.056060791,80.43206787109375,-88.36972045898438
465.205474853,80.63140869140625,-88.41252899169922
465.404693603,80.88069152832031,-88.45661163330078
465.554107666,81.06119537353516,-88.47980499267578
465.703521728,81.26722717285156,-88.50824737548828
465.902740478,81.28250885009766,-88.5108413696289
466.052154541,81.28250885009766,-88.5108413696289
466.201568603,81.28250885009766,-88.5108413696289
466.400787353,81.49114227294922,-88.53255462646484
466.550201416,81.67306518554688,-88.53031158447266
466.716217041,81.8792495727539,-88.50405883789062
466.915435791,81.99634552001953,-88.47576141357422
467.064849853,81.99634552001953,-88.47576141357422
467.214263916,81.99634552001953,-88.47576141357422
467.413482666,81.99634552001953,-88.47576141357422
467.562896728,81.99634552001953,-88.47576141357422
467.762115478,81.99634552001953,-88.47576141357422
467.911529541,81.99634552001953,-88.47576141357422
468.060943603,82.10396575927734,-88.44855499267578
468.210357666,82.28363037109375,-88.42008972167969
468.309967041,82.40513610839844,-88.41228485107422
468.525787353,82.68258666992188,-88.42365264892578
468.675201416,82.86389923095703,-88.43923950195312
468.874420166,83.12261962890625,-88.46468353271484
469.023834228,83.32730102539062,-88.4800033569336
469.223052978,83.57744598388672,-88.49156188964844
469.372467041,83.75940704345703,-88.49510955810547
469.571685791,83.94439697265625,-88.49468231201172
469.721099853,84.12739562988281,-88.4930648803711
469.870513916,84.30940246582031,-88.49146270751953
470.069732666,84.56666564941406,-88.48918914794922
470.235748291,84.76918029785156,-88.48738861083984
470.385162353,84.97718811035156,-88.48555755615234
470.584381103,85.23582458496094,-88.4832763671875
470.733795166,85.41096496582031,-88.4817123413086
470.883209228,85.61073303222656,-88.47992706298828
471.082427978,85.86524963378906,-88.47766876220703
471.231842041,86.04725646972656,-88.47630310058594
471.431060791,86.30586242675781,-88.47930908203125
471.580474853,86.50834655761719,-88.48263549804688
471.729888916,86.6834716796875,-88.48551177978516
471.895904541,86.71986389160156,-88.4861068725586
472.095123291,86.71986389160156,-88.4861068725586
472.244537353,86.88632202148438,-88.48883819580078
472.443756103,87.09627532958984,-88.49150085449219
472.593170166,87.12226867675781,-88.49131774902344
472.792388916,87.37789154052734,-88.46737670898438
472.941802978,87.58109283447266,-88.42333984375
473.091217041,87.65898895263672,-88.40113067626953
473.290435791,87.65898895263672,-88.40113067626953
473.456451416,87.65898895263672,-88.40113067626953
473.605865478,87.65898895263672,-88.40113067626953
473.805084228,87.65898895263672,-88.40113067626953
473.954498291,87.75518035888672,-88.3703842163086
474.153717041,87.99773406982422,-88.27690887451172
474.303131103,88.18946838378906,-88.1963119506836
474.502349853,88.42604064941406,-88.11492156982422
474.651763916,88.57377624511719,-88.08843231201172
474.850982666,88.8317642211914,-88.07234191894531
475.000396728,89.03148651123047,-88.07669830322266
475.149810791,89.1174087524414,-88.080810546875
475.365631103,89.37242126464844,-88.09844207763672
475.515045166,89.5443344116211,-88.1114730834961
475.664459228,89.73118591308594,-88.12425231933594
475.863677978,89.89540100097656,-88.1319351196289
476.013092041,90.07733154296875,-88.13653564453125
476.212310791,90.3193588256836,-88.13639831542969
476.361724853,90.43111419677734,-88.1349868774414
476.511138916,90.61312103271484,-88.1326904296875
476.710357666,90.8703842163086,-88.12944030761719
476.876373291,91.07015228271484,-88.12690734863281
477.025787353,91.26016235351562,-88.12450408935547
477.225006103,91.2756576538086,-88.12430572509766
477.374420166,91.44210815429688,-88.12734985351562
477.573638916,91.70024108886719,-88.14323425292969
477.723052978,91.90081024169922,-88.158447265625
477.922271728,92.15052032470703,-88.17713928222656
478.071685791,92.328125,-88.1872329711914
478.270904541,92.5879898071289,-88.19503784179688
478.420318603,92.79462432861328,-88.19538879394531
478.586334228,92.99439239501953,-88.19352722167969
478.735748291,93.1750259399414,-88.19183349609375
478.934967041,93.43502807617188,-88.19233703613281
479.084381103,93.64015197753906,-88.19944763183594
479.283599853,93.89689636230469,-88.22954559326172
479.433013916,94.07482147216797,-88.26773834228516
479.632232666,94.3273696899414,-88.32949829101562
479.781646728,94.52930450439453,-88.3792953491211
479.931060791,94.7073745727539,-88.41686248779297
480.130279541,94.95393371582031,-88.46037292480469
480.279693603,95.12672424316406,-88.4789047241211
480.445709228,95.3218765258789,-88.50164031982422
480.595123291,95.32386016845703,-88.5019302368164
480.794342041,95.45999908447266,-88.5171127319336
480.943756103,95.66790771484375,-88.52062225341797
481.142974853,95.9233169555664,-88.5054931640625
481.292388916,96.10077667236328,-88.4931411743164
481.491607666,96.3577651977539,-88.48149108886719
481.641021728,96.56573486328125,-88.47795104980469
481.840240478,96.822998046875,-88.48004913330078
482.006256103,97.02276611328125,-88.48123168945312
482.205474853,97.21710968017578,-88.46939086914062
482.354888916,97.21810150146484,-88.46927642822266
482.554107666,97.43595886230469,-88.45281982421875
482.703521728,97.64375305175781,-88.44345092773438
482.852935791,97.72472381591797,-88.44123077392578
483.052154541,97.86421203613281,-88.43938446044922
483.151763916,97.99284362792969,-88.43987274169922
483.350982666,98.21549987792969,-88.44329071044922
483.500396728,98.32721710205078,-88.44685363769531
483.649810791,98.50898742675781,-88.45591735839844
483.865631103,98.7918472290039,-88.4712905883789
484.015045166,98.91117858886719,-88.47777557373047
484.164459228,99.0815200805664,-88.48485565185547
484.363677978,99.33185577392578,-88.49065399169922
484.513092041,99.509765625,-88.49103546142578
484.712310791,99.76567840576172,-88.49042510986328
484.861724853,99.97368621826172,-88.48993682861328
485.060943603,100.23096466064453,-88.48932647705078
485.210357666,100.40750885009766,-88.48889923095703
485.376373291,100.55767822265625,-88.48853302001953
485.575592041,100.55767822265625,-88.48853302001953
485.774810791,100.57017517089844,-88.4885025024414
485.924224853,100.74917602539062,-88.48807525634766
486.123443603,101.00918579101562,-88.48746490478516
486.272857666,101.18846130371094,-88.4870376586914
486.472076416,101.44164276123047,-88.4864273071289
486.621490478,101.59963989257812,-88.4860610961914
486.820709228,101.59963989257812,-88.4860610961914
486.970123291,101.59963989257812,-88.4860610961914
487.185943603,101.59963989257812,-88.4860610961914
487.335357666,101.59963989257812,-88.4860610961914
487.534576416,101.59963989257812,-88.4860610961914
487.683990478,101.59963989257812,-88.4860610961914
487.883209228,101.59963989257812,-88.4860610961914
488.082427978,101.59963989257812,-88.4860610961914
488.231842041,101.59963989257812,-88.4860610961914
488.431060791,101.61213684082031,-88.48603057861328
488.580474853,101.78567504882812,-88.48560333251953
488.729888916,101.9676742553711,-88.48442840576172
488.945709228,102.25260925292969,-88.46161651611328
489.095123291,102.41526794433594,-88.43082427978516
489.294342041,102.66426849365234,-88.36620330810547
489.493560791,102.91547393798828,-88.29914093017578
489.642974853,103.11619567871094,-88.2564697265625
489.842193603,103.36866760253906,-88.22491455078125
489.991607666,103.55036926269531,-88.21453857421875
490.190826416,103.81024932861328,-88.20642852783203
490.390045166,103.9566879272461,-88.20243072509766
490.556060791,103.9566879272461,-88.20243072509766
490.755279541,103.9566879272461,-88.20243072509766
490.904693603,103.9566879272461,-88.20243072509766
491.103912353,103.9566879272461,-88.20243072509766
491.253326416,103.9566879272461,-88.20243072509766
491.452545166,103.98098754882812,-88.21781158447266
491.601959228,104.07771301269531,-88.35088348388672
491.751373291,104.12199401855469,-88.52660369873047
491.950592041,104.11087799072266,-88.77882385253906
492.100006103,104.0706558227539,-88.96743774414062
492.315826416,104.00511932373047,-89.21196746826172
492.465240478,103.96257781982422,-89.41551208496094
492.664459228,103.93148040771484,-89.67078399658203
492.813873291,103.92427062988281,-89.84713745117188
493.013092041,103.92481994628906,-90.09891510009766
493.162506103,103.92622375488281,-90.30692291259766
493.311920166,103.92745208740234,-90.48892974853516
493.511138916,103.92845153808594,-90.63642120361328
493.710357666,103.93020629882812,-90.89643096923828
493.876373291,103.9311294555664,-91.10443878173828
494.075592041,103.9291763305664,-91.25192260742188
494.225006103,103.92174530029297,-91.45979309082031
494.424224853,103.9056396484375,-91.71517181396484
494.573638916,103.89982604980469,-91.79596710205078
494.772857666,103.89352416992188,-91.88323211669922
494.972076416,103.8792953491211,-92.12911987304688
495.121490478,103.87517547607422,-92.24681854248047
495.320709228,103.87210845947266,-92.34567260742188
495.470123291,103.86474609375,-92.52752685546875
495.685943603,103.84552001953125,-92.81011199951172
495.835357666,103.83172607421875,-92.98883819580078
496.034576416,103.8175277709961,-93.24844360351562
496.183990478,103.81157684326172,-93.45636749267578
496.383209228,103.8016586303711,-93.71206665039062
496.532623291,103.79012298583984,-93.89096069335938
496.731842041,103.7728042602539,-94.1504135131836
496.881256103,103.75963592529297,-94.3539047241211
497.080474853,103.74563598632812,-94.6066665649414
497.229888916,103.73216247558594,-94.78130340576172
497.445709228,103.71102142333984,-95.04147338867188
497.595123291,103.69908142089844,-95.22307586669922
497.794342041,103.69335174560547,-95.3309326171875
497.993560791,103.69335174560547,-95.3309326171875
498.142974853,103.69335174560547,-95.3309326171875
498.342193603,103.66010284423828,-95.55412292480469
498.491607666,103.57846069335938,-95.71082305908203
498.690826416,103.36981201171875,-95.86083984375
498.840240478,103.16807556152344,-95.9096908569336
499.006256103,102.9650650024414,-95.92803955078125
499.205474853,102.70740509033203,-95.94929504394531
499.404693603,102.45665740966797,-96.00563049316406
499.554107666,102.32443237304688,-96.05268859863281
499.753326416,102.18972778320312,-96.11026763916016
499.902740478,102.18972778320312,-96.11026763916016
500.101959228,102.18972778320312,-96.11026763916016
500.251373291,102.18972778320312,-96.11026763916016
500.450592041,102.18972778320312,-96.11026763916016
500.550201416,102.18972778320312,-96.11026763916016
500.716217041,102.18972778320312,-96.11026763916016
500.865631103,102.09423828125,-96.15860748291016
501.064849853,101.97232818603516,-96.30553436279297
501.264068603,101.92534637451172,-96.552001953125
501.413482666,101.97577667236328,-96.71896362304688
501.612701416,102.10709381103516,-96.94160461425781
501.762115478,102.20769500732422,-97.12200927734375
501.961334228,102.2936019897461,-97.35961151123047
502.110748291,102.32447814941406,-97.5291976928711
502.309967041,102.34809875488281,-97.77977752685547
502.525787353,102.35556030273438,-98.06566619873047
502.675201416,102.35786437988281,-98.24354553222656
502.874420166,102.36274719238281,-98.48982238769531
503.073638916,102.36774444580078,-98.74292755126953
503.223052978,102.38028717041016,-98.94364166259766
503.422271728,102.40923309326172,-99.20204162597656
503.621490478,102.43204498291016,-99.4359130859375
503.770904541,102.4516830444336,-99.6168441772461
503.970123291,102.47943115234375,-99.86572265625
504.136138916,102.49614715576172,-100.06343841552734
504.335357666,102.5069580078125,-100.23458862304688
504.484771728,102.5069580078125,-100.23458862304688
504.683990478,102.5069580078125,-100.23458862304688
504.833404541,102.5069580078125,-100.23458862304688
505.032623291,102.5069580078125,-100.23458862304688
505.231842041,102.5069580078125,-100.23458862304688
505.381256103,102.5069580078125,-100.23458862304688
505.580474853,102.5069580078125,-100.23458862304688
505.729888916,102.5069580078125,-100.23458862304688
505.945709228,102.5069580078125,-100.23458862304688
506.144927978,102.5069580078125,-100.23458862304688
506.294342041,102.5069580078125,-100.23458862304688
506.493560791,102.5069580078125,-100.23458862304688
506.642974853,102.5069580078125,-100.23458862304688
506.842193603,102.5069580078125,-100.23458862304688
507.041412353,102.5077133178711,-100.24706268310547
507.190826416,102.52891540527344,-100.41105651855469
507.390045166,102.63914489746094,-100.6324234008789
507.605865478,102.88512420654297,-100.76909637451172
507.755279541,103.05345916748047,-100.78665924072266
507.954498291,103.31346893310547,-100.78776550292969
508.153717041,103.572998046875,-100.80050659179688
508.303131103,103.76514434814453,-100.8357162475586
508.502349853,103.8515853881836,-100.86246490478516
508.701568603,104.08566284179688,-100.95858001708984
508.900787353,104.26271057128906,-101.04609680175781
509.050201416,104.26360321044922,-101.04654693603516
509.249420166,104.40721893310547,-101.1176986694336
509.415435791,104.58462524414062,-101.20343780517578
509.614654541,104.81892395019531,-101.30616760253906
509.764068603,105.01533508300781,-101.37445831298828
509.963287353,105.26576232910156,-101.44435119628906
510.162506103,105.51744842529297,-101.50957489013672
510.311920166,105.69285583496094,-101.55804443359375
510.511138916,105.94085693359375,-101.62640380859375
510.660552978,106.13626861572266,-101.68465423583984
510.876373291,106.37557983398438,-101.7536392211914
511.025787353,106.57611083984375,-101.80880737304688
511.225006103,106.79026794433594,-101.86911010742188
511.424224853,107.03799438476562,-101.93851470947266
