timestamp_sec,x,y
1.826001167,77.0999984741211,-6.199999809265137
1.975401282,77.0999984741211,-6.199999809265137
2.174600124,77.0999984741211,-6.199999809265137
2.373798847,77.0999984741211,-6.199999809265137
2.523197889,77.0999984741211,-6.199999809265137
2.722396612,77.0999984741211,-6.199999809265137
2.921595335,77.0999984741211,-6.199999809265137
3.070994377,77.0999984741211,-6.199999809265137
3.270193099,77.0999984741211,-6.199999809265137
3.386392354,77.0999984741211,-6.199999809265137
3.585591077,77.0999984741211,-6.199999809265137
3.784789800,77.0999984741211,-6.199999809265137
3.934188842,77.0999984741211,-6.199999809265137
4.133389472,77.0999984741211,-6.199999809265137
4.332591056,77.0999984741211,-6.199999809265137
4.481992244,77.0999984741211,-6.199999809265137
4.681193828,77.0999984741211,-6.199999809265137
4.830595016,77.0999984741211,-6.199999809265137
5.046396732,77.0999984741211,-6.199999809265137
5.195797920,77.0999984741211,-6.199999809265137
5.394999504,77.0999984741211,-6.199999809265137
5.544400691,77.0999984741211,-6.199999809265137
5.743602275,77.0999984741211,-6.199999809265137
5.893003463,77.0999984741211,-6.199999809265137
6.092205047,77.0999984741211,-6.199999809265137
6.291406631,77.0999984741211,-6.199999809265137
6.440807819,77.0999984741211,-6.199999809265137
6.640009403,77.0999984741211,-6.199999809265137
6.806010723,77.0999984741211,-6.199999809265137
7.005212306,77.0999984741211,-6.199999809265137
7.154613494,77.0999984741211,-6.199999809265137
7.353815078,77.0999984741211,-6.199999809265137
7.503216266,77.0999984741211,-6.199999809265137
7.702417850,77.0999984741211,-6.199999809265137
7.851819038,77.0999984741211,-6.199999809265137
8.001219749,77.0999984741211,-6.199999809265137
8.200415611,77.0999984741211,-6.199999809265137
8.349812507,77.0999984741211,-6.199999809265137
8.515809059,77.0999984741211,-6.199999809265137
8.715004920,77.0999984741211,-6.199999809265137
8.864401817,77.0999984741211,-6.199999809265137
9.013798713,77.0999984741211,-6.199999809265137
9.212994575,77.0999984741211,-6.199999809265137
9.362391471,77.0999984741211,-6.199999809265137
9.561587333,77.0999984741211,-6.199999809265137
9.710984230,77.0999984741211,-6.199999809265137
9.860381126,77.0999984741211,-6.199999809265137
10.026377677,77.0999984741211,-6.199999809265137
10.225573539,77.0999984741211,-6.199999809265137
10.374970436,77.0999984741211,-6.199999809265137
10.524367332,77.0999984741211,-6.199999809265137
10.723563194,77.0999984741211,-6.199999809265137
10.872960090,77.0999984741211,-6.199999809265137
11.022356986,77.0999984741211,-6.199999809265137
11.221552848,77.0999984741211,-6.199999809265137
11.420748710,77.0999984741211,-6.199999809265137
11.570145606,77.0999984741211,-6.199999809265137
11.736142158,77.0999984741211,-6.199999809265137
11.935338020,77.0999984741211,-6.199999809265137
12.084734916,77.0999984741211,-6.199999809265137
12.234131813,77.0999984741211,-6.199999809265137
12.433327674,77.0999984741211,-6.199999809265137
12.582724571,77.0999984741211,-6.199999809265137
12.781920433,77.0999984741211,-6.199999809265137
12.931317329,77.0999984741211,-6.199999809265137
13.080714225,77.0999984741211,-6.199999809265137
13.230111122,77.0999984741211,-6.199999809265137
13.445906639,77.0999984741211,-6.199999809265137
13.595303535,77.0999984741211,-6.199999809265137
13.744700431,77.0999984741211,-6.199999809265137
13.943896293,77.0999984741211,-6.199999809265137
14.093293190,77.0999984741211,-6.199999809265137
14.242690086,77.0999984741211,-6.199999809265137
14.392086982,77.0999984741211,-6.199999809265137
14.591282844,77.0999984741211,-6.199999809265137
14.740679740,77.0999984741211,-6.199999809265137
14.890076637,77.0999984741211,-6.199999809265137
15.056073188,77.0999984741211,-6.199999809265137
15.205470085,77.0999984741211,-6.199999809265137
15.404665946,77.0999984741211,-6.199999809265137
15.554062843,77.0999984741211,-6.199999809265137
15.703459739,77.0999984741211,-6.199999809265137
15.902655601,77.0999984741211,-6.199999809265137
16.052053451,77.0999984741211,-6.199999809265137
16.201450347,77.0999984741211,-6.199999809265137
16.400646209,77.0999984741211,-6.199999809265137
16.550043106,77.0999984741211,-6.199999809265137
16.716039657,77.0999984741211,-6.199999809265137
16.865436553,77.0999984741211,-6.199999809265137
17.014833450,77.0999984741211,-6.199999809265137
17.164230346,77.0999984741211,-6.199999809265137
17.313627243,77.0999984741211,-6.199999809265137
17.463024139,77.0999984741211,-6.199999809265137
17.662220001,76.96453857421875,-6.234616756439209
17.861415863,76.71842193603516,-6.174230575561523
18.010812759,76.58328247070312,-6.05371618270874
18.210008621,76.45899200439453,-5.832642078399658
18.425804138,76.35749816894531,-5.56820011138916
18.575201034,76.28258514404297,-5.403866767883301
18.824195861,76.10994720458984,-5.120207786560059
19.023391723,76.06909942626953,-5.065216064453125
19.222587585,76.06909942626953,-5.065216064453125
19.421783447,76.06909942626953,-5.065216064453125
19.670778274,76.06909942626953,-5.065216064453125
19.869974136,76.06909942626953,-5.065216064453125
20.085769653,76.06909942626953,-5.065216064453125
20.284965515,76.05414581298828,-5.0584716796875
20.484161376,75.81940460205078,-5.049134731292725
20.633558273,75.65856170654297,-5.128459930419922
20.832754135,75.50941467285156,-5.337369918823242
20.982151031,75.46587371826172,-5.5401811599731445
21.181346893,75.46025848388672,-5.799823760986328
21.330743789,75.47382354736328,-5.981314659118652
21.480140686,75.49205017089844,-6.188511371612549
21.646137237,75.50093841552734,-6.396241188049316
21.795534133,75.4886474609375,-6.577734470367432
21.944931030,75.44678497314453,-6.774278163909912
22.094327926,75.3857650756836,-6.945646286010742
22.293523788,75.26885986328125,-7.177696704864502
22.442920684,75.16121673583984,-7.355654716491699
22.642116546,75.02252197265625,-7.575576305389404
22.791513442,74.93147277832031,-7.73155403137207
22.891111373,74.87017822265625,-7.844639778137207
23.090307235,74.75299835205078,-8.073648452758789
23.256303787,74.66353607177734,-8.261419296264648
23.405700683,74.5796127319336,-8.442720413208008
23.555097579,74.50226593017578,-8.607460975646973
23.754293441,74.38920593261719,-8.83548641204834
23.953489303,74.37256622314453,-8.86785888671875
24.102886199,74.37256622314453,-8.86785888671875
24.302082061,74.30704498291016,-9.01590633392334
24.451478958,74.27812194824219,-9.178232192993164
24.600875854,74.30663299560547,-9.377931594848633
24.800071716,74.40226745605469,-9.614813804626465
24.966068267,74.5041732788086,-9.79610824584961
25.165264129,74.63590240478516,-10.020259857177734
25.314661026,74.71914672851562,-10.174338340759277
25.513856887,74.82623291015625,-10.40818977355957
25.663253784,74.89978790283203,-10.602738380432129
25.862449645,74.98374938964844,-10.844464302062988
26.011846542,75.03807067871094,-11.012421607971191
26.211042404,75.11601257324219,-11.260457038879395
26.360439300,75.18255615234375,-11.454629898071289
26.509836196,75.24392700195312,-11.625968933105469
26.725631713,75.34332275390625,-11.892687797546387
26.875028610,75.40719604492188,-12.060188293457031
27.024425506,75.48233795166016,-12.252679824829102
27.223621368,75.57263946533203,-12.489188194274902
27.373018264,75.63639831542969,-12.658199310302734
27.522415161,75.70866394042969,-12.84886360168457
27.721611022,75.80256652832031,-13.088384628295898
27.871007919,75.86849212646484,-13.258031845092773
28.020404815,75.94161224365234,-13.446898460388184
28.169801712,76.00482940673828,-13.610250473022461
28.335798263,76.08061981201172,-13.803959846496582
28.534994125,76.1697769165039,-14.042359352111816
28.684391021,76.24419403076172,-14.236599922180176
28.883586883,76.33737182617188,-14.474932670593262
29.032983779,76.40129852294922,-14.63947868347168
29.182380676,76.47655487060547,-14.833395004272461
29.331777572,76.54042053222656,-14.997967720031738
29.530973434,76.63484191894531,-15.235804557800293
29.680370330,76.71002960205078,-15.422382354736328
29.846366882,76.78609466552734,-15.613033294677734
30.045562744,76.87786102294922,-15.850446701049805
30.194959640,76.94126892089844,-16.01519203186035
30.344356536,77.01612854003906,-16.206323623657227
30.543552398,77.10870361328125,-16.443418502807617
30.692949295,77.17456817626953,-16.604249954223633
30.892145156,77.27313995361328,-16.8448543548584
31.041542053,77.35308074951172,-17.0368709564209
31.190938949,77.4242172241211,-17.204391479492188
31.390134811,77.52037811279297,-17.43857192993164
31.556131362,77.59815216064453,-17.631488800048828
31.755327224,77.6933364868164,-17.870498657226562
31.904724121,77.76942443847656,-18.058195114135742
32.054126739,77.83354187011719,-18.221158981323242
32.253345489,77.90699005126953,-18.464757919311523
32.402759552,77.95396423339844,-18.66597557067871
32.552173614,77.99044036865234,-18.830102920532227
32.751392364,78.02469635009766,-18.99913215637207
32.900806427,78.0550537109375,-19.199363708496094
33.050220489,78.07815551757812,-19.37989044189453
33.216236114,78.10309600830078,-19.586397171020508
33.415454864,78.1372299194336,-19.83861541748047
33.564868927,78.1689682006836,-20.03447723388672
33.764087677,78.21760559082031,-20.28011703491211
33.913501739,78.25524139404297,-20.455379486083984
34.112720489,78.3155746459961,-20.706859588623047
34.262134552,78.36412811279297,-20.909114837646484
34.411548614,78.40609741210938,-21.081993103027344
34.560962677,78.45494842529297,-21.27854347229004
34.710376739,78.49810791015625,-21.452533721923828
34.859790802,78.53960418701172,-21.624114990234375
34.976001739,78.57491302490234,-21.773258209228516
35.125415802,78.62181854248047,-21.973093032836914
35.274829864,78.662353515625,-22.15052032470703
35.424243927,78.7101058959961,-22.352962493896484
35.573657989,78.75082397460938,-22.526132583618164
35.772876739,78.80713653564453,-22.771543502807617
35.922290802,78.85230255126953,-22.973186492919922
36.071704864,78.89166259765625,-23.1480712890625
36.221118927,78.93833923339844,-23.34654998779297
36.370532989,78.98101806640625,-23.523475646972656
36.536548614,79.02884674072266,-23.7244930267334
36.685962677,79.0728530883789,-23.92218017578125
36.885181427,79.12821960449219,-24.167800903320312
37.034595489,79.16969299316406,-24.33656883239746
37.184009552,79.21977233886719,-24.53280258178711
37.333423614,79.26307678222656,-24.7025203704834
37.482837677,79.31315612792969,-24.89875602722168
37.632251739,79.35478210449219,-25.068897247314453
37.831470489,79.41429901123047,-25.32199478149414
38.030689239,79.47333526611328,-25.57520866394043
38.180103302,79.52117919921875,-25.77763557434082
38.346118927,79.56916046142578,-25.97439956665039
38.495532989,79.61207580566406,-26.149852752685547
38.694751739,79.67324829101562,-26.398324966430664
38.844165802,79.72299194335938,-26.600290298461914
39.043384552,79.78321075439453,-26.85321807861328
39.192798614,79.81951141357422,-27.024564743041992
39.342212677,79.8565444946289,-27.222274780273438
39.541431427,79.89913177490234,-27.47043800354004
39.690845489,79.92587280273438,-27.64492416381836
39.890064239,79.95455169677734,-27.90052032470703
40.056079864,79.96681213378906,-28.108152389526367
40.205493927,79.97352600097656,-28.307823181152344
40.354907989,79.975341796875,-28.488439559936523
40.554126739,79.97099304199219,-28.748390197753906
40.703540802,79.96234130859375,-28.954837799072266
40.902759552,79.947509765625,-29.20619010925293
41.052173614,79.93815612792969,-29.38383674621582
41.201587677,79.9358901977539,-29.589054107666016
41.400806427,79.95037841796875,-29.83761215209961
41.550220489,79.95189666748047,-29.854042053222656
41.716236114,79.9588623046875,-29.95405387878418
41.865650177,79.9670639038086,-30.157779693603516
42.064868927,79.96942901611328,-30.40680503845215
42.214282989,79.96281433105469,-30.588668823242188
42.413501739,79.94551849365234,-30.84808349609375
42.562915802,79.9330825805664,-31.051593780517578
42.712329864,79.92654418945312,-31.22662925720215
42.861743927,79.92385864257812,-31.426395416259766
43.060962677,79.92639923095703,-31.676799774169922
43.210376739,79.92880249023438,-31.858779907226562
43.426197052,79.93256378173828,-32.14337921142578
43.575611114,79.9349365234375,-32.3226203918457
43.725025177,79.93768310546875,-32.53059768676758
43.924243927,79.94087219238281,-32.79057312011719
44.073657989,79.9410629272461,-32.96573257446289
44.223072052,79.9411849975586,-33.166893005371094
44.422290802,79.94133758544922,-33.4200553894043
44.571704864,79.94144439697266,-33.6020622253418
44.770923614,79.94159698486328,-33.8620719909668
44.920337677,79.94171905517578,-34.05912399291992
45.136157989,79.9418716430664,-34.310916900634766
45.285572052,79.9419937133789,-34.518924713134766
45.434986114,79.94210052490234,-34.699562072753906
45.634204864,79.94225311279297,-34.94861602783203
45.783618927,79.94237518310547,-35.15388488769531
45.982837677,79.9425277709961,-35.409786224365234
46.132251739,79.94263458251953,-35.591793060302734
46.331470489,79.94278717041016,-35.84495544433594
46.480884552,79.94290924072266,-36.04474639892578
46.630298614,79.9430160522461,-36.2226448059082
46.796314239,79.9431381225586,-36.4306526184082
46.945728302,79.9432601928711,-36.635921478271484
47.144947052,79.94341278076172,-36.88908386230469
47.294361114,79.94351959228516,-37.06835174560547
47.493579864,79.94367218017578,-37.32836151123047
47.642993927,79.94379425048828,-37.53363037109375
47.792407989,79.94390106201172,-37.70878982543945
47.991626739,79.94405364990234,-37.9605827331543
48.141040802,79.94417572021484,-38.1685905456543
48.340259552,79.94432830810547,-38.4286003112793
48.506275177,79.94445037841797,-38.63113021850586
48.655689239,79.9445571899414,-38.811767578125
48.805103302,79.9446792602539,-39.019775390625
49.004322052,79.94483184814453,-39.27704620361328
49.203540802,79.94498443603516,-39.527469635009766
49.352954864,79.9450912475586,-39.70673751831055
49.502368927,79.9452133178711,-39.91474533081055
49.701587677,79.94536590576172,-40.16927719116211
49.851001739,79.94435119628906,-40.34579849243164
50.000415802,79.94194030761719,-40.54558181762695
50.149829864,79.93982696533203,-40.720733642578125
50.365650177,79.93670654296875,-40.980342864990234
50.515064239,79.93667602539062,-40.98234176635742
50.714282989,79.93667602539062,-40.98234176635742
50.863697052,79.93667602539062,-40.98234176635742
51.013111114,79.93546295166016,-41.083335876464844
51.212329864,79.9315185546875,-41.343299865722656
51.361743927,79.92344665527344,-41.55113220214844
51.560962677,79.90744018554688,-41.80104064941406
51.710376739,79.89521789550781,-41.97852325439453
51.876392364,79.88184356689453,-42.184722900390625
52.025806427,79.87319946289062,-42.389793395996094
52.225025177,79.86932373046875,-42.64017868041992
52.374439239,79.86774444580078,-42.81806182861328
52.573657989,79.8654556274414,-43.078033447265625
52.772876739,79.86397552490234,-43.33665084838867
52.922290802,79.86473846435547,-43.539180755615234
53.121509552,79.86569213867188,-43.79234313964844
53.270923614,79.86637878417969,-43.97298049926758
53.470142364,79.86737060546875,-44.23299026489258
53.636157989,79.86814880371094,-44.43825912475586
53.835376739,79.869384765625,-44.698265075683594
53.984790802,79.87213134765625,-44.90624237060547
54.184009552,79.87547302246094,-45.157997131347656
54.333423614,79.87774658203125,-45.32902526855469
54.532642364,79.88093566894531,-45.575313568115234
54.682056427,79.88089752197266,-45.781951904296875
54.781665802,79.88055419921875,-45.911956787109375
54.980884552,79.8798828125,-46.169227600097656
55.130298614,79.87943267822266,-46.34575653076172
55.296314239,79.87893676757812,-46.5441780090332
55.495532989,79.87828063964844,-46.798709869384766
55.644947052,79.87773132324219,-47.006717681884766
55.844165802,79.87709045410156,-47.25851058959961
55.993579864,79.87690734863281,-47.332035064697266
56.192798614,79.87690734863281,-47.332035064697266
56.392017364,79.87690734863281,-47.332035064697266
56.541431427,79.87690734863281,-47.332035064697266
56.740650177,79.87690734863281,-47.332035064697266
56.890064239,79.88096618652344,-47.331417083740234
57.105884552,79.91572570800781,-47.30772399902344
57.305103302,80.03480529785156,-47.10347366333008
57.504322052,80.04092407226562,-46.85738754272461
57.653736114,80.0008544921875,-46.682823181152344
57.852954864,79.92138671875,-46.44103240966797
58.052173614,79.8415298461914,-46.19504928588867
58.251392364,79.77877044677734,-45.94283676147461
58.400806427,79.74080657958984,-45.74250793457031
58.600025177,79.70742797851562,-45.49855041503906
58.815845489,79.69015502929688,-45.24462127685547
58.965259552,79.67765045166016,-45.03700637817383
59.164478302,79.66863250732422,-44.78675842285156
59.363697052,79.6513442993164,-44.530174255371094
59.562915802,79.6219482421875,-44.2773551940918
59.712329864,79.60543060302734,-44.096107482910156
59.911548614,79.58428955078125,-43.83696746826172
60.110767364,79.56246185302734,-43.5888786315918
60.309986114,79.54534912109375,-43.334930419921875
60.476001739,79.52403259277344,-43.1280403137207
60.675220489,79.49726104736328,-42.87355422973633
60.874439239,79.47590637207031,-42.628170013427734
61.073657989,79.45067596435547,-42.374900817871094
61.223072052,79.43408966064453,-42.167564392089844
61.422290802,79.41613006591797,-41.9081916809082
61.621509552,79.39253997802734,-41.66026306152344
61.820728302,79.37284851074219,-41.40376663208008
61.970142364,79.36361694335938,-41.222007751464844
62.185962677,79.341064453125,-40.95069885253906
62.385181427,79.31686401367188,-40.69870376586914
62.584400177,79.30066680908203,-40.446075439453125
62.733814239,79.29400634765625,-40.26694107055664
62.933032989,79.29129791259766,-40.006961822509766
63.132251739,79.29643249511719,-39.75113296508789
63.331470489,79.3038330078125,-39.4967155456543
63.530689239,79.31056213378906,-39.2368049621582
63.729907989,79.3165512084961,-38.97688293457031
63.895923614,79.33191680908203,-38.769508361816406
64.095138549,79.38530731201172,-38.522457122802734
64.294357299,79.50051879882812,-38.290550231933594
64.443771362,79.64826965332031,-38.14546585083008
64.642990112,79.87919616699219,-38.027923583984375
64.842208862,80.13188934326172,-37.96805953979492
64.991622924,80.31010437011719,-37.94915771484375
65.190841674,80.56175231933594,-37.9424934387207
65.390060424,80.82034301757812,-37.94655990600586
65.556076049,81.02828979492188,-37.95138168334961
65.705490112,81.23077392578125,-37.95608139038086
65.904708862,81.48934173583984,-37.96207809448242
66.103927612,81.74927520751953,-37.96810531616211
66.253341674,81.92715454101562,-37.97101593017578
66.452560424,82.17897033691406,-37.97075271606445
66.651779174,82.43898010253906,-37.970218658447266
66.801193237,82.64698791503906,-37.969791412353516
67.000411987,82.9001693725586,-37.969276428222656
67.149826049,83.07671356201172,-37.96891784667969
67.365646362,83.35453033447266,-37.968353271484375
67.564865112,83.61453247070312,-37.96708297729492
67.714279174,83.78799438476562,-37.956905364990234
67.913497924,84.03314971923828,-37.93336868286133
68.112716674,84.28692626953125,-37.914100646972656
68.262130737,84.48925018310547,-37.905067443847656
68.461349487,84.74921417236328,-37.90036392211914
68.660568237,85.00100708007812,-37.8995475769043
68.809982299,85.17755126953125,-37.89974594116211
69.025802612,85.45673370361328,-37.900062561035156
69.225021362,85.712646484375,-37.90035629272461
69.374435424,85.88645935058594,-37.90054702758789
69.573654174,86.13554382324219,-37.900821685791016
69.772872924,86.392822265625,-37.901119232177734
69.972091674,86.65283203125,-37.901424407958984
70.121505737,86.85537719726562,-37.90165328979492
70.320724487,87.10582733154297,-37.90217590332031
70.470138549,87.28230285644531,-37.905723571777344
70.685958862,87.55870056152344,-37.93131637573242
70.835372924,87.72749328613281,-37.97200393676758
71.034591674,87.9560317993164,-38.079158782958984
71.233810424,88.16195678710938,-38.237369537353516
71.383224487,88.30513763427734,-38.3804931640625
71.582443237,88.47144317626953,-38.576725006103516
71.731857299,88.58480834960938,-38.7191162109375
71.931076049,88.7479019165039,-38.918067932128906
72.080490112,88.87994384765625,-39.0679817199707
72.229904174,88.99887084960938,-39.19658660888672
72.445724487,89.1919937133789,-39.40003967285156
72.595138549,89.20333862304688,-39.412010192871094
72.794357299,89.28543853759766,-39.5057258605957
72.993576049,89.39044189453125,-39.72278594970703
73.142990112,89.38352966308594,-39.9235954284668
73.342208862,89.28962707519531,-40.156654357910156
73.491622924,89.21417999267578,-40.31772232055664
73.690841674,89.12517547607422,-40.55898666381836
73.840255737,89.07034301757812,-40.75957107543945
74.006271362,89.03105926513672,-40.96238327026367
74.205490112,89.00971221923828,-41.140602111816406
74.404708862,89.00971221923828,-41.140602111816406
74.554122924,89.00324249267578,-41.263916015625
74.703536987,89.03536987304688,-41.46133804321289
74.803146362,89.09709167480469,-41.572139739990234
75.002365112,89.3044662475586,-41.72121810913086
75.201583862,89.55848693847656,-41.77101135253906
75.350997924,89.73908996582031,-41.77242660522461
75.550216674,89.99494171142578,-41.775753021240234
75.749435424,90.24559783935547,-41.8090705871582
75.915451049,90.43370056152344,-41.86717987060547
76.114669799,90.660400390625,-41.976287841796875
76.264083862,90.83958435058594,-42.081932067871094
76.463302612,91.06147766113281,-42.217437744140625
76.612716674,91.2146987915039,-42.30781173706055
76.811935424,91.44022369384766,-42.43442153930664
76.961349487,91.62372589111328,-42.5323371887207
77.160568237,91.854736328125,-42.64232635498047
77.309982299,92.01625061035156,-42.71006393432617
77.525802612,92.27821350097656,-42.814178466796875
77.675216674,92.3351821899414,-42.83606719970703
77.874435424,92.3351821899414,-42.83606719970703
78.073654174,92.3902359008789,-42.86079025268555
78.223068237,92.5254898071289,-42.96871566772461
78.422286987,92.61699676513672,-43.195003509521484
78.571701049,92.60076904296875,-43.372779846191406
78.770919799,92.50143432617188,-43.612403869628906
78.970138549,92.39642333984375,-43.845550537109375
79.136154174,92.3389892578125,-44.04103469848633
79.285568237,92.310546875,-44.246917724609375
79.434982299,92.30751037597656,-44.42607879638672
79.634201049,92.33012390136719,-44.68497848510742
79.833419799,92.37286376953125,-44.938655853271484
79.982833862,92.40567779541016,-45.144046783447266
80.182052612,92.43486022949219,-45.392730712890625
80.331466674,92.45160675048828,-45.565711975097656
80.530685424,92.46903991699219,-45.814144134521484
80.680099487,92.47759246826172,-46.019222259521484
80.895919799,92.48373413085938,-46.277774810791016
81.045333862,92.49857330322266,-46.47700119018555
81.244552612,92.52050018310547,-46.72644805908203
81.393966674,92.5322494506836,-46.90532302856445
81.543380737,92.54188537597656,-47.11172103881836
81.742599487,92.55934143066406,-47.371124267578125
81.941818237,92.5796127319336,-47.619346618652344
82.091232299,92.590087890625,-47.79555892944336
82.290451049,92.59859466552734,-48.04993438720703
82.390060424,92.60591125488281,-48.17971420288086
82.605880737,92.6329345703125,-48.461692810058594
82.755294799,92.64740753173828,-48.63899230957031
82.954513549,92.66162872314453,-48.898590087890625
83.153732299,92.67347717285156,-49.15694046020508
83.303146362,92.68699645996094,-49.35627746582031
83.502365112,92.70333099365234,-49.60479736328125
83.651779174,92.71110534667969,-49.78251647949219
83.801193237,92.71551513671875,-49.9904670715332
84.000411987,92.73217010498047,-50.24161148071289
84.149826049,92.7506103515625,-50.421295166015625
84.365646362,92.77142333984375,-50.69828796386719
84.515060424,92.77994537353516,-50.88008117675781
84.714279174,92.78691101074219,-51.13861846923828
84.863693237,92.8005142211914,-51.33793640136719
85.062911987,92.82148742675781,-51.58610153198242
85.212326049,92.83244323730469,-51.76091384887695
85.411544799,92.84168243408203,-52.01936721801758
85.560958862,92.85087585449219,-52.2161750793457
85.760177612,92.87455749511719,-52.472347259521484
85.926193237,92.88916778564453,-52.670223236083984
86.075607299,92.89818572998047,-52.850624084472656
86.274826049,92.90437316894531,-53.11054229736328
86.424240112,92.91378021240234,-53.31282424926758
86.623458862,92.93150329589844,-53.55986404418945
86.772872924,92.94303894042969,-53.73601150512695
86.922286987,92.95160675048828,-53.939720153808594
87.121505737,92.95623016357422,-54.19967269897461
87.320724487,92.97399139404297,-54.45488357543945
87.470138549,92.99064636230469,-54.627864837646484
87.636154174,93.00617980957031,-54.82978820800781
87.835372924,93.01876068115234,-55.08946990966797
87.984786987,93.02547454833984,-55.295982360839844
88.184005737,93.04621124267578,-55.541404724121094
88.333419799,93.06068420410156,-55.71870422363281
88.532638549,93.07490539550781,-55.978302001953125
88.731857299,93.0809326171875,-56.23822021484375
88.881271362,93.08647155761719,-56.4406623840332
89.080490112,93.1075439453125,-56.69703674316406
89.229904174,93.123046875,-56.87836837768555
89.395919799,93.1358642578125,-57.085968017578125
89.595138549,93.14334106445312,-57.3389892578125
89.744552612,93.13615417480469,-57.546844482421875
89.943771362,93.11856842041016,-57.80624008178711
90.093185424,93.10382080078125,-57.98215103149414
90.292404174,93.097900390625,-58.23378372192383
90.491622924,93.11162567138672,-58.48380661010742
90.641036987,93.124267578125,-58.6914176940918
90.840255737,93.13372802734375,-58.951236724853516
91.006271362,93.13648223876953,-59.14826583862305
91.155685424,93.14227294921875,-59.32329559326172
91.354904174,93.16352844238281,-59.58241653442383
91.554122924,93.17411041259766,-59.75356674194336
91.703536987,93.17411041259766,-59.75356674194336
91.902755737,93.17411041259766,-59.75356674194336
92.052169799,93.17475891113281,-59.86703109741211
92.251388549,93.12078857421875,-60.10395050048828
92.400802612,92.98888397216797,-60.25337600708008
92.600021362,92.74633026123047,-60.33281326293945
92.766036987,92.53882598876953,-60.32292556762695
92.965255737,92.28202056884766,-60.28241729736328
93.114669799,92.1028060913086,-60.25069808959961
93.313888549,91.84612274169922,-60.20968246459961
93.463302612,91.64938354492188,-60.202327728271484
93.662521362,91.39900207519531,-60.23746871948242
93.811935424,91.22607421875,-60.284610748291016
94.011154174,90.9773941040039,-60.360477447509766
94.160568237,90.78362274169922,-60.423885345458984
94.309982299,90.6145248413086,-60.479095458984375
94.525802612,90.34292602539062,-60.55952072143555
94.625411987,90.21803283691406,-60.59560775756836
94.774826049,90.04359436035156,-60.64754867553711
94.974044799,89.79454040527344,-60.72224044799805
95.173263549,89.5512466430664,-60.792179107666016
95.322677612,89.3581771850586,-60.84355163574219
95.472091674,89.18315887451172,-60.88818359375
95.671310424,88.94080352783203,-60.945518493652344
95.820724487,88.73944091796875,-60.985328674316406
96.019943237,88.50860595703125,-61.023658752441406
96.185958862,88.27702331542969,-61.05720520019531
96.385177612,88.0202407836914,-61.097572326660156
96.584396362,87.7668685913086,-61.14934539794922
96.733810424,87.59210205078125,-61.19499588012695
96.933029174,87.3414077758789,-61.263919830322266
97.082443237,87.1408462524414,-61.31902313232422
97.281661987,86.89495086669922,-61.389892578125
97.431076049,86.72327423095703,-61.4365234375
97.630294799,86.48094940185547,-61.49970245361328
97.796310424,86.28345489501953,-61.550376892089844
97.995529174,86.03455352783203,-61.6096076965332
98.144943237,85.83012390136719,-61.64793014526367
98.344161987,85.57915496826172,-61.69038391113281
98.493576049,85.4042739868164,-61.72298049926758
98.692794799,85.15443420410156,-61.77815628051758
98.842208862,84.9605484008789,-61.82643508911133
99.041427612,84.7161865234375,-61.89257049560547
99.190841674,84.54547882080078,-61.94267654418945
99.390060424,84.2985610961914,-62.01481628417969
99.556076049,84.09569549560547,-62.06068801879883
99.705490112,83.9011459350586,-62.09955596923828
99.904708862,83.65241241455078,-62.14653015136719
100.054122924,83.47549438476562,-62.175376892089844
100.253341674,83.21819305419922,-62.20018005371094
100.402755737,83.01583099365234,-62.19520950317383
100.601974487,82.7605209350586,-62.155120849609375
100.751388549,82.58518981933594,-62.111751556396484
100.950607299,82.33985900878906,-62.043941497802734
101.100021362,82.13920593261719,-61.9891357421875
101.266036987,81.94605255126953,-61.9380989074707
101.465255737,81.70084381103516,-61.86985778808594
101.614669799,81.52635192871094,-61.81814193725586
101.813888549,81.27733612060547,-61.743377685546875
101.963302612,81.07774353027344,-61.68486785888672
102.162521362,80.83291625976562,-61.610435485839844
102.311935424,80.66277313232422,-61.56346130371094
102.511154174,80.42044830322266,-61.506080627441406
102.660568237,80.21802520751953,-61.47242736816406
102.809982299,80.03740692138672,-61.45023727416992
103.025802612,79.7590103149414,-61.41602325439453
103.225021362,79.5024642944336,-61.37434005737305
103.374435424,79.32859802246094,-61.33674621582031
103.573654174,79.07560729980469,-61.27677917480469
103.723068237,78.872802734375,-61.230567932128906
103.922286987,78.6217041015625,-61.17465591430664
104.071701049,78.45065307617188,-61.136940002441406
104.270919799,78.2027359008789,-61.07939910888672
104.420333862,78.01020812988281,-61.031436920166016
104.636154174,77.76007080078125,-60.98493576049805
104.785568237,77.55389404296875,-60.95762252807617
104.984786987,77.30665588378906,-60.927703857421875
105.134201049,77.13078308105469,-60.91272735595703
105.333419799,76.87788391113281,-60.90117645263672
105.532638549,76.61968994140625,-60.88602828979492
105.682052612,76.41197967529297,-60.87520217895508
105.881271362,76.15894317626953,-60.88001251220703
106.030685424,75.9813461303711,-60.89056396484375
106.229904174,75.72724151611328,-60.90550994873047
106.395919799,75.51939392089844,-60.91321563720703
106.595138549,75.26900482177734,-60.91657257080078
106.744552612,75.0637435913086,-60.918678283691406
106.943771362,74.8037338256836,-60.921348571777344
107.093185424,74.62309265136719,-60.922393798828125
107.292404174,74.37400817871094,-60.921783447265625
107.491622924,74.1235580444336,-60.921173095703125
107.641036987,73.91828155517578,-60.920684814453125
107.840255737,73.65827178955078,-60.920074462890625
108.006271362,73.45436096191406,-60.919586181640625
108.205490112,73.19844818115234,-60.918975830078125
108.354904174,73.01644134521484,-60.918548583984375
108.554122924,72.76052856445312,-60.917938232421875
108.703536987,72.56071472167969,-60.917449951171875
108.852951049,72.38280487060547,-60.917022705078125
109.052169799,72.12689208984375,-60.916412353515625
109.201583862,71.91888427734375,-60.915924072265625
109.400802612,71.66160583496094,-60.915313720703125
109.550216674,71.48920440673828,-60.913265228271484
109.766036987,71.21575164794922,-60.902286529541016
109.915451049,71.0341796875,-60.88988494873047
110.114669799,70.77765655517578,-60.87070846557617
110.313888549,70.53034973144531,-60.85724639892578
110.463302612,70.44938659667969,-60.85450744628906
110.662521362,70.44938659667969,-60.85450744628906
110.861740112,70.44938659667969,-60.85450744628906
111.011154174,70.44938659667969,-60.85450744628906
111.210372924,70.44938659667969,-60.85450744628906
111.409591674,70.29641723632812,-60.85145950317383
111.575607299,70.09390258789062,-60.84904861450195
111.774826049,69.83389282226562,-60.8459587097168
111.924240112,69.63137817382812,-60.84425735473633
112.073654174,69.458984375,-60.84329605102539
112.223068237,69.25508880615234,-60.84223556518555
112.422286987,69.00056457519531,-60.84379959106445
112.621505737,68.74055480957031,-60.84563064575195
112.770919799,68.55854797363281,-60.8469123840332
112.970138549,68.31089782714844,-60.84867477416992
113.136154174,68.10838317871094,-60.8501091003418
113.285568237,67.90037536621094,-60.8515739440918
113.484786987,67.64448547363281,-60.8533821105957
113.684005737,67.39408874511719,-60.855159759521484
113.833419799,67.21482849121094,-60.85642623901367
114.032638549,66.95481872558594,-60.85825729370117
114.231857299,66.69892883300781,-60.86006546020508
114.381271362,66.49916076660156,-60.86148452758789
114.580490112,66.24739074707031,-60.8632698059082
114.729904174,66.07223510742188,-60.862911224365234
114.945724487,65.79171752929688,-60.86048126220703
115.144943237,65.54132080078125,-60.85831069946289
115.344161987,65.29092407226562,-60.85614013671875
115.493576049,65.11441040039062,-60.854610443115234
115.692794799,64.85440063476562,-60.85309600830078
115.892013549,64.59500122070312,-60.869110107421875
116.041427612,64.39755249023438,-60.88878631591797
116.240646362,64.1474838256836,-60.91788864135742
116.390060424,63.97269058227539,-60.95077896118164
116.605880737,63.70289993286133,-61.010921478271484
116.755294799,63.67470932006836,-61.01774215698242
116.954513549,63.67470932006836,-61.01774215698242
117.153732299,63.67470932006836,-61.01774215698242
117.352951049,63.67470932006836,-61.01774215698242
117.502365112,63.67470932006836,-61.01774215698242
117.701583862,63.67470932006836,-61.01774215698242
117.850997924,63.67470932006836,-61.01774215698242
118.050216674,63.629249572753906,-60.97494125366211
118.266036987,63.5195426940918,-60.721588134765625
118.415451049,63.53364562988281,-60.546268463134766
118.614669799,63.61739730834961,-60.30058288574219
118.813888549,63.715457916259766,-60.059791564941406
118.963302612,63.78384017944336,-59.86626434326172
119.162521362,63.85696029663086,-59.616844177246094
119.311935424,63.89845657348633,-59.44106674194336
119.511154174,63.94868087768555,-59.18873977661133
119.710372924,63.993492126464844,-58.936798095703125
119.876388549,64.02813720703125,-58.73170471191406
120.075607299,64.07173919677734,-58.47677230834961
120.225021362,64.10692596435547,-58.280113220214844
120.424240112,64.15275573730469,-58.03253173828125
120.573654174,64.18282318115234,-57.855804443359375
120.772872924,64.22461700439453,-57.59918975830078
120.972091674,64.2696304321289,-57.34313201904297
121.121505737,64.30619812011719,-57.13837814331055
121.320724487,64.3539047241211,-56.89254379272461
121.470138549,64.38520050048828,-56.730133056640625
121.685958862,64.3898696899414,-56.706321716308594
121.885177612,64.3898696899414,-56.706321716308594
122.034591674,64.3898696899414,-56.706321716308594
122.233810424,64.3898696899414,-56.706321716308594
122.433029174,64.40060424804688,-56.69390106201172
122.632247924,64.60249328613281,-56.58399200439453
122.781661987,64.8086166381836,-56.58636474609375
122.980880737,65.029052734375,-56.70895767211914
123.130294799,65.16065216064453,-56.83456802368164
123.346115112,65.35357666015625,-57.03818130493164
123.495529174,65.40200805664062,-57.085182189941406
123.644943237,65.40200805664062,-57.085182189941406
123.844161987,65.40200805664062,-57.085182189941406
123.993576049,65.40200805664062,-57.085182189941406
124.192794799,65.40935516357422,-57.088829040527344
124.342208862,65.56570434570312,-57.08735275268555
124.541427612,65.77629852294922,-56.969425201416016
124.740646362,65.89797973632812,-56.74259948730469
124.890060424,65.92799377441406,-56.56343078613281
125.105880737,65.92711639404297,-56.27769470214844
125.255294799,65.9145736694336,-56.096126556396484
125.454513549,65.89208984375,-55.83708953857422
125.653732299,65.87712860107422,-55.58854675292969
125.852951049,65.8777847290039,-55.33403396606445
126.002365112,65.88420867919922,-55.12614059448242
126.201583862,65.89852905273438,-54.87065124511719
126.350997924,65.90933227539062,-54.69308853149414
126.550216674,65.92295837402344,-54.44167709350586
126.716232299,65.92872619628906,-54.2337646484375
126.915451049,65.9330062866211,-53.977901458740234
127.064865112,65.9339599609375,-53.780853271484375
127.264083862,65.93418884277344,-53.52769088745117
127.463302612,65.93441772460938,-53.27042007446289
127.612716674,65.93457794189453,-53.08841323852539
127.811935424,65.93480682373047,-52.83388137817383
128.011154174,65.9350357055664,-52.580718994140625
128.160568237,65.93521881103516,-52.372711181640625
128.376388549,65.9354476928711,-52.112701416015625
128.525802612,65.93563079833984,-51.907432556152344
128.725021362,65.93601989746094,-51.661293029785156
128.874435424,65.93614196777344,-51.64479446411133
129.073654174,65.93614196777344,-51.64479446411133
129.272872924,65.93614196777344,-51.64479446411133
129.472091674,65.93328094482422,-51.53756332397461
129.621505737,65.90564727783203,-51.40129089355469
129.820724487,65.77362060546875,-51.255741119384766
129.970138549,65.61775970458984,-51.19528579711914
130.185958862,65.3367691040039,-51.22748947143555
130.385177612,65.101318359375,-51.330928802490234
130.534591674,64.93828582763672,-51.398502349853516
130.733810424,64.69049072265625,-51.46035385131836
130.933029174,64.44193267822266,-51.467674255371094
131.082443237,64.2430191040039,-51.44947814941406
131.281661987,63.98539352416992,-51.414302825927734
131.431076049,63.81167221069336,-51.39192581176758
131.630294799,63.56357192993164,-51.370967864990234
131.796310424,63.35980987548828,-51.36383056640625
131.995529174,63.09981918334961,-51.36211395263672
132.095138549,62.9712028503418,-51.36382293701172
132.294357299,62.71807861328125,-51.36735153198242
132.443771362,62.51420974731445,-51.37019348144531
132.642990112,62.25423812866211,-51.373817443847656
132.842208862,62.00393295288086,-51.36939239501953
132.991622924,61.83195495605469,-51.35695266723633
133.190841674,61.58361053466797,-51.33819580078125
133.390060424,61.328365325927734,-51.31996536254883
133.556076049,61.12061309814453,-51.310062408447266
133.755294799,60.86614227294922,-51.30514144897461
133.904708862,60.663612365722656,-51.3057975769043
134.103927612,60.403602600097656,-51.306941986083984
134.253341674,60.221595764160156,-51.307743072509766
134.452560424,59.96843338012695,-51.3088493347168
134.651779174,59.71800994873047,-51.309940338134766
134.850997924,59.46210861206055,-51.31106185913086
135.000411987,59.25410079956055,-51.31197738647461
135.216232299,58.999568939208984,-51.31309127807617
135.365646362,58.79703903198242,-51.3139762878418
135.564865112,58.53702926635742,-51.315120697021484
135.714279174,58.35776138305664,-51.3159065246582
135.913497924,58.10459899902344,-51.317012786865234
136.112716674,57.850067138671875,-51.3181266784668
136.311935424,57.590057373046875,-51.319271087646484
136.461349487,57.383419036865234,-51.3201789855957
136.660568237,57.13162612915039,-51.321197509765625
136.809982299,56.956485748291016,-51.31902313232422
137.025802612,56.6753044128418,-51.30036544799805
137.225021362,56.418907165527344,-51.257835388183594
137.374435424,56.24175262451172,-51.21611785888672
137.573654174,56.08729553222656,-51.17613983154297
137.723068237,56.08729553222656,-51.17613983154297
137.922286987,56.08729553222656,-51.17613983154297
138.121505737,56.08729553222656,-51.17613983154297
138.270919799,56.08729553222656,-51.17613983154297
138.470138549,56.02669143676758,-51.160884857177734
138.685958862,55.755367279052734,-51.11668014526367
138.835372924,55.57936477661133,-51.103572845458984
139.034591674,55.32219314575195,-51.105045318603516
139.233810424,55.06245040893555,-51.11687088012695
139.383224487,54.8587646484375,-51.12614822387695
139.582443237,54.605743408203125,-51.1340446472168
139.781661987,54.35124969482422,-51.13759231567383
139.931076049,54.16926956176758,-51.14012908935547
140.130294799,53.91064453125,-51.14154815673828
140.329513549,53.661590576171875,-51.14031219482422
140.495529174,53.46043014526367,-51.139312744140625
140.694747924,53.20042037963867,-51.13801574707031
140.893966674,52.94999694824219,-51.13677215576172
141.043380737,52.746097564697266,-51.13575744628906
141.242599487,52.486087799072266,-51.13446044921875
141.441818237,52.230186462402344,-51.13318634033203
141.591232299,52.05502700805664,-51.13231658935547
141.790451049,51.80186462402344,-51.13105773925781
141.956466674,51.59385681152344,-51.13002014160156
142.155685424,51.337955474853516,-51.128746032714844
142.354904174,51.09164047241211,-51.127525329589844
142.504318237,50.88911056518555,-51.12651824951172
142.703536987,50.631839752197266,-51.12523651123047
142.902755737,50.371829986572266,-51.123939514160156
143.052169799,50.192562103271484,-51.123046875
143.251388549,49.94076919555664,-51.12203598022461
143.450607299,49.683528900146484,-51.124595642089844
143.649826049,49.42355728149414,-51.127418518066406
143.815841674,49.21967697143555,-51.12963104248047
144.015060424,48.96243667602539,-51.132423400878906
144.214279174,48.70383071899414,-51.135231018066406
144.363693237,48.502681732177734,-51.137413024902344
144.562911987,48.24953842163086,-51.140159606933594
144.762130737,47.99228286743164,-51.142127990722656
144.961349487,47.73227310180664,-51.140830993652344
145.160568237,47.4736328125,-51.13954162597656
145.309982299,47.2984733581543,-51.138671875
145.525802612,47.015201568603516,-51.13726043701172
145.725021362,46.759300231933594,-51.135986328125
145.924240112,46.51298522949219,-51.134765625
146.073654174,46.337825775146484,-51.13389587402344
146.272872924,46.0805549621582,-51.13261413574219
146.472091674,45.8205451965332,-51.131317138671875
146.621505737,45.61664581298828,-51.13030242919922
146.820724487,45.36485290527344,-51.129051208496094
147.019943237,45.13084411621094,-51.12788391113281
147.185958862,44.89683532714844,-51.12671661376953
147.385177612,44.643672943115234,-51.125457763671875
147.584396362,44.383663177490234,-51.12416076660156
147.783615112,44.12639236450195,-51.12287902832031
147.982833862,43.8704948425293,-51.122318267822266
148.132247924,43.69424057006836,-51.13154983520508
148.331466674,43.43526840209961,-51.154598236083984
148.530685424,43.1791877746582,-51.179100036621094
148.729904174,42.934783935546875,-51.1952018737793
148.945724487,42.669464111328125,-51.20379638671875
149.095138549,42.49156951904297,-51.204524993896484
149.294357299,42.23159408569336,-51.20092010498047
149.493576049,41.975730895996094,-51.19713592529297
149.642990112,41.774600982666016,-51.19416809082031
149.842208862,41.52147674560547,-51.1904296875
150.041427612,41.261505126953125,-51.18657684326172
150.240646362,41.001502990722656,-51.18560791015625
150.390060424,40.83619689941406,-51.19003677368164
150.605880737,40.591182708740234,-51.21096420288086
150.755294799,40.411651611328125,-51.23089599609375
150.954513549,40.159542083740234,-51.2537841796875
151.153732299,39.9013557434082,-51.26884841918945
151.352951049,39.642845153808594,-51.26539993286133
151.502365112,39.44355392456055,-51.251338958740234
151.751388549,39.1425895690918,-51.22176742553711
151.900802612,38.942386627197266,-51.20219039916992
152.000411987,38.81278610229492,-51.1920280456543
152.149826049,38.631038665771484,-51.18288040161133
152.365646362,38.34778594970703,-51.182952880859375
152.564865112,38.090553283691406,-51.18635559082031
152.764083862,37.83058166503906,-51.189788818359375
152.963302612,37.577457427978516,-51.193145751953125
153.162521362,37.32707214355469,-51.19647216796875
153.311935424,37.149200439453125,-51.198829650878906
153.511154174,36.88922119140625,-51.20177459716797
153.710372924,36.63195037841797,-51.20121383666992
153.876388549,36.430789947509766,-51.200714111328125
154.075607299,36.17768096923828,-51.203651428222656
154.274826049,35.922630310058594,-51.22428894042969
154.424240112,35.72080993652344,-51.2411003112793
154.623458862,35.468048095703125,-51.25519943237305
154.822677612,35.210872650146484,-51.26142120361328
155.021896362,34.950862884521484,-51.26182174682617
155.221115112,34.69906997680664,-51.2619743347168
155.420333862,34.45140075683594,-51.26352310180664
155.569747924,34.27937698364258,-51.27483367919922
155.785568237,34.00139617919922,-51.30049514770508
155.984786987,33.74332046508789,-51.31739044189453
156.134201049,33.566925048828125,-51.32419204711914
156.333419799,33.31242370605469,-51.32712936401367
156.532638549,33.05244827270508,-51.32368850708008
156.731857299,32.79795455932617,-51.3198356628418
156.931076049,32.55167770385742,-51.316097259521484
157.080490112,32.349178314208984,-51.31303024291992
157.296310424,32.09331512451172,-51.30915832519531
157.495529174,31.833354949951172,-51.30891418457031
157.694747924,31.583412170410156,-51.32421875
157.893966674,31.32636070251465,-51.334449768066406
158.093185424,31.24437713623047,-51.33601760864258
158.242599487,31.24437713623047,-51.33601760864258
158.441818237,31.24437713623047,-51.33601760864258
158.641036987,31.24437713623047,-51.33601760864258
158.840255737,31.24437713623047,-51.33601760864258
159.006271362,31.181880950927734,-51.336673736572266
159.205490112,30.92974853515625,-51.333988189697266
159.404708862,30.679473876953125,-51.325618743896484
159.554122924,30.50579261779785,-51.319644927978516
159.753341674,30.252782821655273,-51.311195373535156
159.952560424,29.992813110351562,-51.30818176269531
160.151779174,29.734189987182617,-51.30746078491211
160.350997924,29.486507415771484,-51.30677032470703
160.500411987,29.28535270690918,-51.306209564208984
160.716232299,29.025362014770508,-51.305484771728516
160.915451049,28.76810646057129,-51.30476760864258
161.114669799,28.521791458129883,-51.304080963134766
161.313888549,28.26590347290039,-51.303367614746094
161.513107299,28.00591278076172,-51.302642822265625
161.712326049,27.751392364501953,-51.30193328857422
161.861740112,27.54641342163086,-51.31110382080078
162.060958862,27.292800903320312,-51.344970703125
162.260177612,27.0351619720459,-51.379905700683594
162.475997924,26.782297134399414,-51.418800354003906
162.625411987,26.58252716064453,-51.4595947265625
162.874435424,26.281509399414062,-51.524288177490234
163.023849487,26.077394485473633,-51.56430435180664
163.223068237,25.823957443237305,-51.60845184326172
163.422286987,25.57146453857422,-51.640357971191406
163.621505737,25.31711769104004,-51.66835021972656
163.770919799,25.141847610473633,-51.6986083984375
163.970138549,24.89009666442871,-51.763206481933594
164.136154174,24.693233489990234,-51.830299377441406
164.335372924,24.452350616455078,-51.91665267944336
164.534591674,24.208908081054688,-52.007843017578125
164.733810424,23.976579666137695,-52.11811828613281
164.933029174,23.755212783813477,-52.246437072753906
165.082443237,23.583271026611328,-52.3508415222168
165.281661987,23.373533248901367,-52.48513412475586
165.431076049,23.229183197021484,-52.5843391418457
165.630294799,23.028154373168945,-52.73792266845703
165.796310424,22.882410049438477,-52.88420867919922
165.995529174,22.725914001464844,-53.08992004394531
166.144943237,22.6155948638916,-53.26619338989258
166.344161987,22.486677169799805,-53.49197769165039
166.543380737,22.376327514648438,-53.727169036865234
166.692794799,22.32158851623535,-53.9006233215332
166.892013549,22.287973403930664,-54.15523910522461
167.041427612,22.2918701171875,-54.356266021728516
167.240646362,22.320453643798828,-54.60771179199219
167.390060424,22.352413177490234,-54.78688430786133
167.556076049,22.38743019104004,-54.991920471191406
167.705490112,22.42043685913086,-55.18758010864258
167.904708862,22.458114624023438,-55.440673828125
168.054122924,22.483760833740234,-55.620845794677734
168.253341674,22.513830184936523,-55.879093170166016
168.402755737,22.53167152404785,-56.08220672607422
168.552169799,22.54363441467285,-56.2569580078125
168.751388549,22.56060028076172,-56.51091766357422
168.900802612,22.57512855529785,-56.718387603759766
169.050216674,22.5978946685791,-56.89894485473633
169.266036987,22.638486862182617,-57.17926788330078
169.415451049,22.66739273071289,-57.35479736328125
169.564865112,22.70043182373047,-57.560150146484375
169.764083862,22.741531372070312,-57.81410217285156
169.913497924,22.76738166809082,-57.98595428466797
170.112716674,22.80021858215332,-58.227298736572266
170.262130737,22.82443618774414,-58.41042709350586
170.461349487,22.877531051635742,-58.662071228027344
170.610763549,22.915653228759766,-58.833011627197266
170.809982299,22.948545455932617,-59.08110046386719
170.975997924,22.956295013427734,-59.287540435791016
171.175216674,22.944652557373047,-59.543094635009766
171.324630737,22.926605224609375,-59.744815826416016
171.523849487,22.91536521911621,-60.00168228149414
171.673263549,22.928251266479492,-60.18317794799805
171.822677612,22.96354103088379,-60.3880500793457
171.922286987,22.993587493896484,-60.50888442993164
172.121505737,23.06505012512207,-60.757450103759766
172.270919799,23.1090145111084,-60.9297981262207
172.420333862,23.127779006958008,-61.03199768066406
172.636154174,23.13275909423828,-61.279788970947266
172.785568237,23.130512237548828,-61.4822998046875
172.984786987,23.124094009399414,-61.73538589477539
173.134201049,23.119474411010742,-61.91733932495117
173.333419799,23.11287498474121,-62.17727279663086
173.482833862,23.10820960998535,-62.3797492980957
173.632247924,23.106000900268555,-62.558998107910156
173.831466674,23.09653663635254,-62.818817138671875
174.030685424,23.075456619262695,-63.07789611816406
174.180099487,23.044708251953125,-63.283592224121094
174.395919799,22.995073318481445,-63.536014556884766
174.545333862,22.951627731323242,-63.73801803588867
174.744552612,22.895265579223633,-63.990421295166016
174.943771362,22.833431243896484,-64.24153900146484
175.093185424,22.791322708129883,-64.41436767578125
175.292404174,22.73247718811035,-64.66338348388672
175.491622924,22.674448013305664,-64.90696716308594
175.641036987,22.626583099365234,-65.10234069824219
175.840255737,22.57065200805664,-65.35623931884766
176.006271362,22.525394439697266,-65.55924987792969
176.205490112,22.465604782104492,-65.80244445800781
176.404708862,22.401470184326172,-66.05158233642578
176.554122924,22.35399055480957,-66.22160339355469
176.753341674,22.284591674804688,-66.45792388916016
176.902755737,22.227846145629883,-66.6523208618164
177.101974487,22.153959274291992,-66.89730072021484
177.251388549,22.101932525634766,-67.07169342041016
177.450607299,22.02561378479004,-67.31448364257812
177.649826049,21.946849822998047,-67.55221557617188
177.815841674,21.895252227783203,-67.70463562011719
178.015060424,21.792875289916992,-67.9435043334961
178.164474487,21.689760208129883,-68.12398529052734
178.363693237,21.53725242614746,-68.33448791503906
178.562911987,21.382930755615234,-68.54029846191406
178.762130737,21.231321334838867,-68.74983978271484
178.961349487,21.12473487854004,-68.97640228271484
179.110763549,21.11644744873047,-69.15321350097656
179.309982299,21.171894073486328,-69.40133666992188
179.475997924,21.225200653076172,-69.59954833984375
179.625411987,21.26748275756836,-69.80315399169922
179.824630737,21.28913688659668,-70.05924224853516
180.023849487,21.27542495727539,-70.30917358398438
180.173263549,21.253890991210938,-70.48162078857422
180.372482299,21.218948364257812,-70.73650360107422
180.571701049,21.194469451904297,-70.99528503417969
180.721115112,21.186037063598633,-71.19900512695312
180.920333862,21.182804107666016,-71.45075988769531
181.086349487,21.18370819091797,-71.65602111816406
181.285568237,21.18484115600586,-71.91328430175781
181.484786987,21.185474395751953,-72.16232299804688
181.634201049,21.182355880737305,-72.33881378173828
181.833419799,21.17124366760254,-72.59720611572266
181.982833862,21.160724639892578,-72.80492401123047
182.182052612,21.166967391967773,-73.06201934814453
182.381271362,21.18260383605957,-73.31470489501953
182.580490112,21.180944442749023,-73.57186889648438
182.729904174,21.163230895996094,-73.75159454345703
182.945724487,21.117250442504883,-74.0296859741211
183.144943237,21.07036018371582,-74.2770767211914
183.294357299,21.03693389892578,-74.4518051147461
183.493576049,20.987548828125,-74.70706939697266
183.692794799,20.938823699951172,-74.9568862915039
183.892013549,20.88806915283203,-75.21187591552734
184.041427612,20.841121673583984,-75.41028594970703
184.240646362,20.777997970581055,-75.64837646484375
184.390060424,20.749412536621094,-75.82367706298828
184.605880737,20.78595733642578,-76.08940887451172
184.755294799,20.85116958618164,-76.24891662597656
184.954513549,20.964580535888672,-76.47677612304688
185.103927612,21.050174713134766,-76.66181182861328
185.303146362,21.1155948638916,-76.91233825683594
185.502365112,21.11285972595215,-77.1719741821289
185.651779174,21.095054626464844,-77.35308837890625
185.850997924,21.061031341552734,-77.6094741821289
186.050216674,21.0357723236084,-77.85848999023438
186.216232299,21.01927947998047,-78.06433868408203
186.415451049,20.939739227294922,-78.30654907226562
186.564865112,20.835067749023438,-78.479736328125
186.764083862,20.681713104248047,-78.68968200683594
186.963302612,20.52825355529785,-78.89447021484375
187.162521362,20.40395736694336,-79.1214828491211
187.361740112,20.392026901245117,-79.36920166015625
187.511154174,20.44939422607422,-79.53569030761719
187.710372924,20.56402015686035,-79.75830078125
187.876388549,20.64016342163086,-79.92158508300781
188.075607299,20.64153289794922,-79.93260192871094
188.225021362,20.638843536376953,-79.94025421142578
188.424240112,20.60002326965332,-79.96490478515625
188.623458862,20.37588119506836,-79.9781265258789
188.822677612,20.161104202270508,-79.8536376953125
188.972091674,20.056169509887695,-79.71217346191406
189.071701049,19.996564865112305,-79.60755157470703
189.270919799,19.852968215942383,-79.40278625488281
189.470138549,19.677425384521484,-79.22453308105469
189.636154174,19.519447326660156,-79.09571075439453
189.835372924,19.320816040039062,-78.93878936767578
190.034591674,19.132667541503906,-78.77355194091797
190.233810424,18.939756393432617,-78.59921264648438
190.433029174,18.759363174438477,-78.43150329589844
190.632247924,18.56990623474121,-78.25545501708984
190.781661987,18.418033599853516,-78.11735534667969
190.980880737,18.229501724243164,-77.94434356689453
191.180099487,18.036645889282227,-77.76994323730469
191.395919799,17.846858978271484,-77.59830474853516
191.545333862,17.69446563720703,-77.46701049804688
191.744552612,17.4847412109375,-77.3161849975586
191.844161987,17.37093734741211,-77.25337982177734
192.043380737,17.140132904052734,-77.14289855957031
192.192794799,16.97893524169922,-77.067626953125
192.392013549,16.745384216308594,-76.95344543457031
192.591232299,16.513343811035156,-76.83617401123047
192.790451049,16.285707473754883,-76.72539520263672
192.956466674,16.100255966186523,-76.6312255859375
193.155685424,15.869634628295898,-76.51119995117188
193.354904174,15.64165210723877,-76.39500427246094
193.554122924,15.409552574157715,-76.30281066894531
193.753341674,15.167159080505371,-76.3155288696289
193.952560424,14.958808898925781,-76.46627807617188
194.151779174,14.834465026855469,-76.6926040649414
194.350997924,14.777617454528809,-76.94332885742188
194.550216674,14.706127166748047,-77.1883316040039
194.716232299,14.582453727722168,-77.34999084472656
194.915451049,14.347925186157227,-77.45633697509766
195.114669799,14.088923454284668,-77.46916198730469
195.313888549,13.831815719604492,-77.46507263183594
195.513107299,13.59326171875,-77.52843475341797
195.712326049,13.395545959472656,-77.69546508789062
195.861740112,13.26554012298584,-77.85601806640625
196.060958862,13.106992721557617,-78.04978942871094
196.260177612,12.923775672912598,-78.23208618164062
196.475997924,12.716878890991211,-78.38453674316406
196.625411987,12.543731689453125,-78.48690795898438
196.824630737,12.320319175720215,-78.6116943359375
197.023849487,12.099411964416504,-78.73251342773438
197.223068237,11.883541107177734,-78.86209869384766
197.422286987,11.666242599487305,-78.99723815917969
197.621505737,11.444547653198242,-79.13309478759766
197.820724487,11.227079391479492,-79.27560424804688
198.036544799,11.010684967041016,-79.41976928710938
198.235763549,10.80261516571045,-79.571044921875
198.434982299,10.592657089233398,-79.72441101074219
198.634201049,10.381475448608398,-79.87133026123047
198.783615112,10.210992813110352,-79.99046325683594
198.982833862,10.01152229309082,-80.15694427490234
199.182052612,9.839303016662598,-80.35138702392578
199.381271362,9.672908782958984,-80.54730987548828
199.530685424,9.536500930786133,-80.66339111328125
199.729904174,9.32158088684082,-80.80460357666016
199.945724487,9.076010704040527,-80.94849395751953
200.095138549,8.919707298278809,-81.04171752929688
200.294357299,8.840818405151367,-81.10610961914062
200.493576049,8.73705768585205,-81.31829071044922
200.692794799,8.77041244506836,-81.57231140136719
200.842208862,8.889047622680664,-81.74198150634766
200.991622924,9.025003433227539,-81.86051177978516
201.190841674,9.156432151794434,-81.95563507080078
201.340255737,9.234956741333008,-82.04426574707031
201.506271362,9.291487693786621,-82.24241638183594
201.705490112,9.228870391845703,-82.48128509521484
201.904708862,9.053298950195312,-82.65913391113281
202.103927612,8.836468696594238,-82.78388214111328
202.303146362,8.603531837463379,-82.8897705078125
202.502365112,8.368501663208008,-82.98744201660156
202.701583862,8.129165649414062,-83.08897399902344
202.900802612,7.8960466384887695,-83.20407104492188
203.100021362,7.662915229797363,-83.31915283203125
203.249435424,7.4988226890563965,-83.39788055419922
203.465255737,7.247834205627441,-83.52007293701172
203.664474487,7.013235092163086,-83.63215637207031
203.863693237,6.782093048095703,-83.74510192871094
204.062911987,6.542934894561768,-83.82632446289062
204.262130737,6.2900543212890625,-83.86475372314453
204.511154174,5.979275703430176,-83.89219665527344
204.710372924,5.724815368652344,-83.9288101196289
204.876388549,5.538365840911865,-83.97747802734375
205.075607299,5.522959232330322,-83.98260498046875
205.274826049,5.449675559997559,-84.0943832397461
205.474044799,5.426723957061768,-84.34695434570312
205.623458862,5.509039402008057,-84.53619384765625
205.772872924,5.628403186798096,-84.65572357177734
205.972091674,5.794597148895264,-84.71770477294922
206.121505737,5.997071266174316,-84.69583892822266
206.270919799,6.153079032897949,-84.60466766357422
206.420333862,6.272981643676758,-84.43624114990234
206.569747924,6.337467670440674,-84.27955627441406
206.785568237,6.349142551422119,-84.24971008300781
206.934982299,6.353693008422852,-84.24466705322266
207.084396362,6.5204854011535645,-84.18592834472656
207.233810424,6.698014736175537,-84.20108032226562
207.433029174,6.907397270202637,-84.33659362792969
207.582443237,7.019137382507324,-84.50822448730469
207.781661987,7.142811298370361,-84.72894287109375
207.931076049,7.259920597076416,-84.86601257324219
208.130294799,7.458817481994629,-85.0266342163086
208.296310424,7.622101306915283,-85.13693237304688
208.445724487,7.769576549530029,-85.26270294189453
208.644943237,7.8718743324279785,-85.48015594482422
208.844161987,7.831441402435303,-85.72222137451172
208.993576049,7.728117942810059,-85.87133026123047
209.192794799,7.542314529418945,-86.0470962524414
209.392013549,7.380661487579346,-86.23873138427734
209.591232299,7.329770088195801,-86.46815490722656
209.740646362,7.388608455657959,-86.66586303710938
209.939865112,7.539031982421875,-86.84364318847656
210.105880737,7.717580318450928,-86.99486541748047
210.255294799,7.83819055557251,-87.13054656982422
210.454513549,7.924215316772461,-87.37337493896484
210.603927612,7.925615310668945,-87.58098602294922
210.803146362,7.888931751251221,-87.83822631835938
211.002365112,7.842747211456299,-88.09406280517578
211.201583862,7.834316253662109,-88.34921264648438
211.400802612,7.873274326324463,-88.60614013671875
211.600021362,7.934689521789551,-88.85875701904297
211.699630737,7.959224700927734,-88.9555892944336
211.849044799,8.006322860717773,-89.14691162109375
212.015060424,8.03164291381836,-89.34344482421875
212.214279174,8.02061653137207,-89.59339904785156
212.413497924,7.983738899230957,-89.8507308959961
212.612716674,7.94522762298584,-90.10092163085938
212.762130737,7.926560401916504,-90.30391693115234
212.961349487,7.922279357910156,-90.56385040283203
213.160568237,7.9248175621032715,-90.8169937133789
213.376388549,7.927382469177246,-91.06464385986328
213.525802612,7.929506301879883,-91.26990509033203
213.725021362,7.931445121765137,-91.52580261230469
213.874435424,7.919764041900635,-91.70323181152344
214.073654174,7.870788097381592,-91.95282745361328
214.272872924,7.7978386878967285,-92.19086456298828
214.472091674,7.71100378036499,-92.43302154541016
214.671310424,7.628994941711426,-92.67107391357422
214.820724487,7.577950954437256,-92.861328125
215.036544799,7.532648086547852,-93.1034164428711
215.185958862,7.495729446411133,-93.3053207397461
215.385177612,7.439925670623779,-93.55359649658203
215.584396362,7.372284412384033,-93.80464172363281
215.733810424,7.331946849822998,-93.98207092285156
215.933029174,7.303064823150635,-94.23347473144531
216.132247924,7.281301498413086,-94.48432922363281
216.331466674,7.250882625579834,-94.74111938476562
216.530685424,7.202844619750977,-94.9952163696289
216.680099487,7.179300785064697,-95.1934814453125
216.895919799,7.178211212158203,-95.44791412353516
217.095138549,7.197836875915527,-95.70301818847656
217.244552612,7.214054584503174,-95.91036987304688
217.443771362,7.226705074310303,-96.1645736694336
217.642990112,7.225515842437744,-96.41764068603516
217.842208862,7.205801486968994,-96.67688751220703
218.041427612,7.18361759185791,-96.9332046508789
218.240646362,7.164517879486084,-97.18563842773438
218.390060424,7.154865264892578,-97.36190032958984
218.605880737,7.1443986892700195,-97.64496612548828
218.805099487,7.1450042724609375,-97.9049301147461
218.954513549,7.159032821655273,-98.08360290527344
219.153732299,7.194421291351318,-98.33702850341797
219.352951049,7.235602855682373,-98.59098052978516
219.552169799,7.251558780670166,-98.84870147705078
219.701583862,7.233996868133545,-99.05039978027344
219.900802612,7.189964294433594,-99.3023910522461
220.100021362,7.136107921600342,-99.55674743652344
220.266036987,7.0957865715026855,-99.76078796386719
220.465255737,7.0741424560546875,-100.01630401611328
220.664474487,7.140891075134277,-100.25798797607422
220.863693237,7.260015964508057,-100.47640991210938
221.013107299,7.358643054962158,-100.6260986328125
221.212326049,7.494819641113281,-100.84749603271484
221.411544799,7.572758674621582,-101.09049224853516
221.610763549,7.5289306640625,-101.34431457519531
221.760177612,7.434131622314453,-101.52613067626953
221.975997924,7.314759254455566,-101.74143981933594
222.125411987,7.244997501373291,-101.92700958251953
222.324630737,7.164996147155762,-102.1684799194336
222.523849487,7.021157264709473,-102.36882019042969
222.723068237,6.800493240356445,-102.4875717163086
222.922286987,6.554198265075684,-102.57083129882812
223.121505737,6.355313301086426,-102.6466064453125
223.320724487,6.286200523376465,-102.70654296875
223.470138549,6.201287269592285,-102.85848236083984
223.685958862,6.208260536193848,-103.13129425048828
223.885177612,6.34897518157959,-103.33938598632812
224.034591674,6.4801177978515625,-103.45952606201172
224.233810424,6.6465559005737305,-103.6435317993164
224.383224487,6.710607528686523,-103.83512878417969
224.582443237,6.680624961853027,-104.09069061279297
224.731857299,6.623078346252441,-104.26329040527344
224.931076049,6.538387775421143,-104.50469207763672
225.130294799,6.50736665725708,-104.75300598144531
225.329513549,6.602301120758057,-104.9808120727539
225.495529174,6.758302211761475,-105.11711120605469
225.694747924,6.988499164581299,-105.23763275146484
225.844161987,7.161937713623047,-105.33099365234375
226.043380737,7.308202266693115,-105.47618103027344
226.192794799,7.363572120666504,-105.6424331665039
226.392013549,7.320844650268555,-105.89390563964844
226.591232299,7.164558410644531,-106.09664154052734
226.790451049,6.978587627410889,-106.27434539794922
226.956466674,6.859180927276611,-106.44361114501953
227.205490112,6.788827419281006,-106.77182006835938
227.354904174,6.789494037628174,-106.9537353515625
227.554122924,6.807460308074951,-107.21038818359375
227.753341674,6.817841053009033,-107.47013092041016
227.952560424,6.805269718170166,-107.729736328125
228.151779174,6.776403903961182,-107.98123931884766
228.301193237,6.748980522155762,-108.1805191040039
228.550216674,6.702152252197266,-108.48899841308594
228.716232299,6.670516490936279,-108.69319915771484
228.915451049,6.663741111755371,-108.94152069091797
229.114669799,6.717798709869385,-109.18143463134766
229.264083862,6.792562007904053,-109.37544250488281
229.463302612,6.896905422210693,-109.61357116699219
229.662521362,6.993610382080078,-109.8519287109375
229.861740112,7.062258720397949,-110.0981674194336
230.060958862,7.098532199859619,-110.35555267333984
230.210372924,7.118863105773926,-110.53643798828125
230.426193237,7.164875507354736,-110.80748748779297
230.575607299,7.2095136642456055,-110.97966003417969
230.774826049,7.264806270599365,-111.21932220458984
230.974044799,7.226491928100586,-111.46942901611328
231.173263549,7.063343524932861,-111.65514373779297
231.322677612,6.871664524078369,-111.73291778564453
231.521896362,6.64185905456543,-111.76565551757812
231.621505737,6.6190266609191895,-111.76898193359375
231.870529174,6.605888843536377,-111.77591705322266
232.036544799,6.592380046844482,-111.80615997314453
232.235763549,6.583993911743164,-112.06218719482422
232.385177612,6.6816582679748535,-112.23746490478516
232.584396362,6.885499477386475,-112.39067840576172
232.733810424,7.039897441864014,-112.48698425292969
232.933029174,7.191139221191406,-112.65193939208984
233.082443237,7.242575645446777,-112.84182739257812
233.281661987,7.178435802459717,-113.087646484375
233.480880737,7.0271196365356445,-113.29179382324219
233.680099487,6.878552436828613,-113.4962387084961
233.846115112,6.797964572906494,-113.68756866455078
234.045333862,6.747326850891113,-113.93669891357422
234.194747924,6.725796699523926,-114.11740112304688
234.393966674,6.679025650024414,-114.37016296386719
234.593185424,6.598712921142578,-114.61009216308594
234.792404174,6.495980739593506,-114.83988189697266
234.941818237,6.402737140655518,-115.02426147460938
235.141036987,6.2854461669921875,-115.25323486328125
235.340255737,6.210634231567383,-115.47949981689453
235.556076049,6.252696514129639,-115.72824096679688
235.705490112,6.3801116943359375,-115.88738250732422
235.904708862,6.597451210021973,-116.02937316894531
236.054122924,6.7499165534973145,-116.12603759765625
236.253341674,6.892988681793213,-116.29023742675781
236.452560424,6.932487964630127,-116.5406723022461
236.651779174,6.8267974853515625,-116.7743911743164
236.850997924,6.631844520568848,-116.93441772460938
237.050216674,6.417928218841553,-117.07707977294922
237.216232299,6.279251575469971,-117.23050689697266
237.415451049,6.199170112609863,-117.47590637207031
237.614669799,6.2053022384643555,-117.7353744506836
237.764083862,6.2301506996154785,-117.94184875488281
237.963302612,6.267488479614258,-118.1963882446289
238.162521362,6.31434440612793,-118.45204162597656
238.361740112,6.380740642547607,-118.70339965820312
238.511154174,6.430609703063965,-118.87701416015625
238.710372924,6.504214763641357,-119.1220703125
238.909591674,6.582569122314453,-119.36854553222656
239.075607299,6.619093418121338,-119.56719970703125
239.274826049,6.557624816894531,-119.81656646728516
239.474044799,6.389490127563477,-120.01311492919922
239.623458862,6.233504772186279,-120.14862060546875
239.822677612,6.058152675628662,-120.33273315429688
240.021896362,5.938139915466309,-120.56140899658203
240.221115112,5.901242256164551,-120.8182373046875
240.420333862,5.9010515213012695,-121.07819366455078
240.586349487,5.904278755187988,-121.28614044189453
240.785568237,5.8934006690979,-121.54167175292969
240.984786987,5.88023567199707,-121.79853820800781
241.184005737,5.879072189331055,-122.05853271484375
241.333419799,5.8819074630737305,-122.24049377441406
241.532638549,5.885965347290039,-122.49359893798828
241.731857299,5.88975191116333,-122.74534606933594
241.931076049,5.858745098114014,-123.00132751464844
242.080490112,5.784498691558838,-123.1953353881836
242.296310424,5.660621643066406,-123.41754150390625
242.495529174,5.52322244644165,-123.63340759277344
242.644943237,5.416017055511475,-123.80358123779297
242.844161987,5.335920333862305,-124.01913452148438
243.043380737,5.37579345703125,-124.25855255126953
243.242599487,5.550841808319092,-124.44602966308594
243.392013549,5.715644836425781,-124.52249145507812
243.541427612,5.904386043548584,-124.57257843017578
243.740646362,5.9290924072265625,-124.57683563232422
243.890060424,5.935517311096191,-124.57916259765625
244.105880737,6.05369758605957,-124.74943542480469
244.305099487,6.066312313079834,-125.00130462646484
244.454513549,5.994654655456543,-125.16641998291016
244.653732299,5.852302551269531,-125.37068176269531
244.852951049,5.743752956390381,-125.58567810058594
245.002365112,5.73828649520874,-125.78348541259766
245.201583862,5.858983993530273,-126.00559997558594
245.400802612,6.0724968910217285,-126.14332580566406
245.550216674,6.236054420471191,-126.20597839355469
245.766036987,6.480558395385742,-126.34054565429688
245.965255737,6.526918888092041,-126.39076232910156
246.114669799,6.526918888092041,-126.39076232910156
246.313888549,6.526918888092041,-126.39076232910156
246.513107299,6.526918888092041,-126.39076232910156
246.712326049,6.526918888092041,-126.39076232910156
246.911544799,6.526918888092041,-126.39076232910156
247.110763549,6.526918888092041,-126.39076232910156
247.309982299,6.554563999176025,-126.47377014160156
247.475997924,6.592421531677246,-126.67789459228516
247.725021362,6.582690715789795,-127.00563049316406
247.874435424,6.559079170227051,-127.1791763305664
248.073654174,6.520534038543701,-127.43492889404297
248.272872924,6.495303630828857,-127.69361114501953
248.472091674,6.484415531158447,-127.94651794433594
248.671310424,6.481511116027832,-128.19827270507812
248.820724487,6.483791828155518,-128.40353393554688
249.036544799,6.4869771003723145,-128.66354370117188
249.235763549,6.490042209625244,-128.9139404296875
249.434982299,6.49319314956665,-129.17120361328125
249.634201049,6.496378421783447,-129.43121337890625
249.833419799,6.499563694000244,-129.69122314453125
250.032638549,6.5014753341674805,-129.94573974609375
250.231857299,6.499734878540039,-130.20574951171875
250.431076049,6.498013496398926,-130.4630126953125
250.580490112,6.496668815612793,-130.66415405273438
250.796310424,6.495922565460205,-130.7758026123047
250.995529174,6.495922565460205,-130.7758026123047
251.194747924,6.497615337371826,-130.86326599121094
251.344161987,6.533175468444824,-131.0548553466797
251.493576049,6.6283063888549805,-131.20379638671875
251.642990112,6.801242351531982,-131.31651306152344
251.792404174,6.977581977844238,-131.3600616455078
251.991622924,7.230959892272949,-131.38327026367188
252.141036987,7.432482719421387,-131.40301513671875
252.290451049,7.611255168914795,-131.43673706054688
252.506271362,7.877580165863037,-131.52816772460938
252.655685424,8.039948463439941,-131.61016845703125
252.854904174,8.260564804077148,-131.7476806640625
253.054122924,8.47480297088623,-131.88511657714844
253.203536987,8.651328086853027,-131.9951171875
253.402755737,8.87197494506836,-132.13262939453125
253.601974487,9.087105751037598,-132.27120971679688
253.751388549,9.242149353027344,-132.36651611328125
253.950607299,9.466826438903809,-132.4945831298828
254.100021362,9.6461763381958,-132.58863830566406
254.249435424,9.806614875793457,-132.67454528808594
254.465255737,10.056987762451172,-132.8070068359375
254.614669799,10.217437744140625,-132.88999938964844
254.813888549,10.442606925964355,-133.00265502929688
254.963302612,10.621950149536133,-133.08753967285156
255.162521362,10.85394287109375,-133.1922149658203
255.311935424,11.021080017089844,-133.26426696777344
255.511154174,11.260486602783203,-133.36209106445312
255.660568237,11.451262474060059,-133.4340057373047
255.809982299,11.61482048034668,-133.488525390625
256.025787353,11.879252433776855,-133.56402587890625
256.175201416,12.039411544799805,-133.60528564453125
256.324615478,12.10306453704834,-133.62071228027344
256.523834228,12.355276107788086,-133.6655731201172
256.673248291,12.530448913574219,-133.68743896484375
256.822662353,12.736748695373535,-133.7139892578125
257.021881103,12.993579864501953,-133.7543182373047
257.171295166,13.171218872070312,-133.7937774658203
257.370513916,13.419862747192383,-133.8597869873047
257.536529541,13.615633010864258,-133.916748046875
257.735748291,13.86098861694336,-133.99838256835938
257.885162353,14.050971984863281,-134.0760498046875
258.084381103,14.28654670715332,-134.17236328125
258.233795166,14.45429515838623,-134.23158264160156
258.433013916,14.658642768859863,-134.2972869873047
258.582427978,14.658642768859863,-134.2972869873047
258.781646728,14.658642768859863,-134.2972869873047
258.931060791,14.706083297729492,-134.31185913085938
259.130279541,14.95170783996582,-134.3406982421875
259.229888916,15.068653106689453,-134.30824279785156
259.395904541,15.227193832397461,-134.18504333496094
259.545318603,15.325675010681152,-134.0034637451172
259.694732666,15.34911060333252,-133.82354736328125
259.844146728,15.341760635375977,-133.61575317382812
260.043365478,15.32047176361084,-133.35665893554688
260.192779541,15.320996284484863,-133.1747589111328
260.342193603,15.35499382019043,-132.9755096435547
260.491607666,15.4231595993042,-132.81002807617188
260.641021728,15.52810001373291,-132.63848876953125
260.790435791,15.632627487182617,-132.49118041992188
260.939849853,15.73850154876709,-132.34825134277344
261.056060791,15.82967758178711,-132.23016357421875
261.255279541,15.988283157348633,-132.0240936279297
261.354888916,16.065567016601562,-131.9229736328125
261.504302978,16.18599510192871,-131.75845336914062
261.703521728,16.32560157775879,-131.54246520996094
261.852935791,16.35422134399414,-131.4954833984375
261.952545166,16.367332458496094,-131.4741973876953
262.151763916,16.527877807617188,-131.27305603027344
262.301177978,16.689790725708008,-131.14283752441406
262.450592041,16.839256286621094,-131.04391479492188
262.600006103,17.0199031829834,-130.94085693359375
262.716217041,17.134241104125977,-130.87899780273438
262.915435791,17.356069564819336,-130.7598876953125
263.064849853,17.532955169677734,-130.65850830078125
263.214263916,17.68357276916504,-130.5638885498047
263.363677978,17.84714126586914,-130.44918823242188
263.513092041,17.990318298339844,-130.34593200683594
263.662506103,18.15939712524414,-130.2247772216797
263.811920166,18.30301284790039,-130.11981201171875
263.961334228,18.471988677978516,-129.99853515625
264.110748291,18.61865234375,-129.89547729492188
264.260162353,18.78527069091797,-129.7755889892578
264.376373291,18.891109466552734,-129.7000732421875
264.575592041,19.100278854370117,-129.55506896972656
264.675201416,19.208349227905273,-129.4828338623047
264.824615478,19.23243522644043,-129.46669006347656
264.974029541,19.263450622558594,-129.44561767578125
265.123443603,19.41509437561035,-129.31515502929688
265.272857666,19.497467041015625,-129.1983642578125
265.422271728,19.498422622680664,-129.1966094970703
265.571685791,19.498422622680664,-129.1966094970703
265.721099853,19.520999908447266,-129.15240478515625
265.870513916,19.589509963989258,-128.98837280273438
266.036529541,19.644041061401367,-128.7877655029297
266.185943603,19.680171966552734,-128.58712768554688
266.385162353,19.71827507019043,-128.33407592773438
266.534576416,19.74603271484375,-128.15420532226562
266.683990478,19.781753540039062,-127.95486450195312
266.833404541,19.82146453857422,-127.78288269042969
267.032623291,19.83953857421875,-127.71784210205078
267.182037353,19.83953857421875,-127.71784210205078
267.331451416,19.83953857421875,-127.71784210205078
267.480865478,19.83953857421875,-127.71784210205078
267.630279541,19.83953857421875,-127.71784210205078
267.796295166,19.83953857421875,-127.71784210205078
267.945709228,19.83953857421875,-127.71784210205078
268.144927978,19.86203956604004,-127.63226318359375
268.294342041,19.89002227783203,-127.45806121826172
268.443756103,19.903915405273438,-127.25056457519531
268.593170166,19.910337448120117,-127.06868743896484
268.792388916,19.91310691833496,-126.81144714355469
268.941802978,19.917381286621094,-126.60897064208984
269.141021728,19.930147171020508,-126.35204315185547
269.290435791,19.94329071044922,-126.1705093383789
269.456451416,19.96013069152832,-125.98831176757812
269.605865478,19.9603328704834,-125.986328125
269.755279541,19.964372634887695,-125.94904327392578
269.904693603,20.00446319580078,-125.75139617919922
270.103912353,20.097021102905273,-125.5146484375
270.253326416,20.18410873413086,-125.3548812866211
270.402740478,20.295671463012695,-125.17935943603516
270.552154541,20.400375366210938,-125.03052520751953
270.701568603,20.52385139465332,-124.8631591796875
270.850982666,20.62928009033203,-124.71818542480469
271.000396728,20.746469497680664,-124.54966735839844
271.149810791,20.844562530517578,-124.39640045166016
271.266021728,20.92082405090332,-124.26188659667969
271.415435791,21.010292053222656,-124.1033935546875
271.515045166,21.07383155822754,-123.98998260498047
271.664459228,21.162784576416016,-123.83007049560547
271.813873291,21.16374969482422,-123.82831573486328
271.963287353,21.16374969482422,-123.82831573486328
272.112701416,21.16374969482422,-123.82831573486328
272.262115478,21.16374969482422,-123.82831573486328
272.411529541,21.16374969482422,-123.82831573486328
272.610748291,21.174692153930664,-123.83363342285156
272.809967041,21.1964054107666,-123.88817596435547
272.975982666,21.197185516357422,-124.0725326538086
273.175201416,21.07513427734375,-124.29461669921875
273.374420166,20.883094787597656,-124.4692153930664
273.523834228,20.71783447265625,-124.59552764892578
273.723052978,20.518949508666992,-124.74766540527344
273.922271728,20.330759048461914,-124.91678619384766
274.121490478,20.157400131225586,-125.11036682128906
274.320709228,20.007400512695312,-125.3159408569336
274.470123291,19.904834747314453,-125.46629333496094
274.685943603,19.740713119506836,-125.70049285888672
274.885162353,19.588598251342773,-125.91133880615234
275.084381103,19.437883377075195,-126.1231918334961
275.233795166,19.330360412597656,-126.27002716064453
275.433013916,19.179641723632812,-126.478515625
275.632232666,19.02610206604004,-126.6849365234375
275.781646728,18.905160903930664,-126.84566497802734
275.980865478,18.808622360229492,-126.97325134277344
276.180084228,18.808622360229492,-126.97325134277344
276.395904541,18.808622360229492,-126.97325134277344
276.545318603,18.808622360229492,-126.97325134277344
276.744537353,18.808622360229492,-126.97325134277344
276.943756103,18.808622360229492,-126.97325134277344
277.142974853,18.796693801879883,-126.96672821044922
277.342193603,18.666513442993164,-126.77395629882812
277.491607666,18.642932891845703,-126.59745788574219
277.641021728,18.689266204833984,-126.40252685546875
277.790435791,18.771055221557617,-126.24478149414062
277.956451416,18.88625717163086,-126.07660675048828
278.105865478,19.003131866455078,-125.90457916259766
278.255279541,19.093910217285156,-125.74691009521484
278.404693603,19.181549072265625,-125.55836486816406
278.554107666,19.24530029296875,-125.3879165649414
278.753326416,19.319194793701172,-125.13868713378906
278.902740478,19.37046241760254,-124.94135284423828
279.052154541,19.41457176208496,-124.7647933959961
279.201568603,19.466243743896484,-124.56897735595703
279.350982666,19.515626907348633,-124.3980712890625
279.500396728,19.576406478881836,-124.20487976074219
279.649810791,19.634599685668945,-124.03243255615234
279.815826416,19.702348709106445,-123.83576202392578
279.965240478,19.768388748168945,-123.63851928710938
280.114654541,19.825571060180664,-123.46572875976562
280.264068603,19.88911247253418,-123.2676773071289
280.463287353,19.970373153686523,-123.02071380615234
280.612701416,20.02750015258789,-122.85658264160156
280.762115478,20.095874786376953,-122.66011047363281
280.911529541,20.156160354614258,-122.4883804321289
281.060943603,20.22429656982422,-122.29185485839844
281.210357666,20.280731201171875,-122.12459564208984
281.376373291,20.3428897857666,-121.9347152709961
281.525787353,20.408802032470703,-121.74032592773438
281.675201416,20.469478607177734,-121.5687484741211
281.824615478,20.536760330200195,-121.37191009521484
281.974029541,20.594249725341797,-121.20500183105469
282.123443603,20.661724090576172,-121.01112365722656
282.272857666,20.72020149230957,-120.84310150146484
282.472076416,20.806968688964844,-120.60238647460938
282.621490478,20.877487182617188,-120.40963745117188
282.770904541,20.937047958374023,-120.24638366699219
282.920318603,21.006025314331055,-120.05598449707031
283.086334228,21.072649002075195,-119.8661880493164
283.235748291,21.127748489379883,-119.69992065429688
283.385162353,21.192615509033203,-119.50517272949219
283.534576416,21.25212860107422,-119.33317565917969
283.683990478,21.32111358642578,-119.13694763183594
283.833404541,21.3814754486084,-118.96524810791016
283.982818603,21.448644638061523,-118.77417755126953
284.132232666,21.470905303955078,-118.71045684814453
284.281646728,21.470905303955078,-118.71045684814453
284.431060791,21.483003616333008,-118.67496490478516
284.580474853,21.530990600585938,-118.474853515625
284.729888916,21.550561904907227,-118.29400634765625
284.945709228,21.554136276245117,-118.01769256591797
285.095123291,21.54892921447754,-117.83577728271484
285.244537353,21.542707443237305,-117.630615234375
285.393951416,21.54156494140625,-117.4541015625
285.593170166,21.548974990844727,-117.20247650146484
285.742584228,21.570756912231445,-117.00116729736328
285.891998291,21.595977783203125,-116.82093048095703
286.041412353,21.628278732299805,-116.61546325683594
286.240631103,21.668777465820312,-116.36280059814453
286.390045166,21.69546890258789,-116.1869125366211
286.556060791,21.726810455322266,-115.98957061767578
286.705474853,21.75220489501953,-115.78316497802734
286.854888916,21.771223068237305,-115.60216522216797
287.004302978,21.795785903930664,-115.40113830566406
287.203521728,21.826414108276367,-115.1526107788086
287.352935791,21.84771156311035,-114.97601318359375
287.502349853,21.870332717895508,-114.76925659179688
287.651763916,21.886737823486328,-114.58798217773438
287.801177978,21.9074649810791,-114.38514709472656
288.000396728,21.932220458984375,-114.13733673095703
288.149810791,21.951398849487305,-113.96461486816406
288.315826416,21.97620391845703,-113.76361846923828
288.465240478,21.998336791992188,-113.55680847167969
288.614654541,22.01778221130371,-113.37860870361328
288.813873291,22.04384994506836,-113.12955474853516
288.963287353,22.060544967651367,-112.92498016357422
289.112701416,22.0761661529541,-112.74913787841797
289.262115478,22.095685958862305,-112.54203796386719
289.411529541,22.1115665435791,-112.36209869384766
289.560943603,22.13141632080078,-112.16329956054688
289.760162353,22.15781593322754,-111.91839599609375
289.909576416,22.173322677612305,-111.74530029296875
290.075592041,22.193294525146484,-111.54513549804688
290.225006103,22.21681785583496,-111.33846282958984
290.374420166,22.23461151123047,-111.15733337402344
290.573638916,22.254871368408203,-110.9063720703125
290.723052978,22.273651123046875,-110.70195007324219
290.872467041,22.289812088012695,-110.52066040039062
291.071685791,22.308284759521484,-110.26132202148438
291.221099853,22.326181411743164,-110.06233215332031
291.370513916,22.333141326904297,-109.98914337158203
291.536529541,22.333141326904297,-109.98914337158203
291.735748291,22.338836669921875,-109.90258026123047
291.885162353,22.31675910949707,-109.71185302734375
292.034576416,22.22747039794922,-109.55631256103516
292.233795166,22.0098819732666,-109.41927337646484
292.433013916,21.75735092163086,-109.35836791992188
292.582427978,21.554309844970703,-109.31336975097656
292.781646728,21.30869483947754,-109.22874450683594
292.980865478,21.081140518188477,-109.11815643310547
293.180084228,20.865873336791992,-108.97267150878906
293.346099853,20.702253341674805,-108.84647369384766
293.545318603,20.50240135192871,-108.68017578125
293.694732666,20.36319923400879,-108.56292724609375
293.893951416,20.1622314453125,-108.40232849121094
294.093170166,19.960613250732422,-108.2469711303711
294.292388916,19.753707885742188,-108.09640502929688
294.491607666,19.546993255615234,-107.95027923583984
294.641021728,19.37447738647461,-107.83407592773438
294.840240478,19.159801483154297,-107.68740844726562
295.006256103,19.00031852722168,-107.57433319091797
295.205474853,18.987743377685547,-107.56526947021484
295.404693603,18.91898536682129,-107.51268768310547
295.554107666,18.869157791137695,-107.46015167236328
295.753326416,18.79888343811035,-107.23863983154297
295.902740478,18.84310531616211,-107.0429916381836
296.052154541,18.953725814819336,-106.89968872070312
296.201568603,19.11734390258789,-106.77157592773438
296.301177978,19.221731185913086,-106.69878387451172
296.450592041,19.36336898803711,-106.58895111083984
296.600006103,19.514772415161133,-106.44852447509766
296.766021728,19.64655113220215,-106.29488372802734
296.915435791,19.746305465698242,-106.14929962158203
297.064849853,19.85099220275879,-105.96961975097656
297.214263916,19.931957244873047,-105.806640625
297.363677978,20.01719856262207,-105.6169204711914
297.562896728,20.119117736816406,-105.38518524169922
297.712310791,20.184988021850586,-105.24267578125
297.861724853,20.19160270690918,-105.22865295410156
298.011138916,20.19160270690918,-105.22865295410156
298.210357666,20.19160270690918,-105.22865295410156
298.376373291,20.19160270690918,-105.22865295410156
298.525787353,20.23086929321289,-105.15047454833984
298.675201416,20.335145950317383,-105.00367736816406
298.824615478,20.49928855895996,-104.88411712646484
298.974029541,20.666887283325195,-104.81367492675781
299.123443603,20.860069274902344,-104.75775146484375
299.322662353,21.10736846923828,-104.6919937133789
299.472076416,21.28055763244629,-104.6361312866211
299.621490478,21.475061416625977,-104.56249237060547
299.770904541,21.639938354492188,-104.4854965209961
299.920318603,21.822782516479492,-104.38636779785156
300.036529541,21.934846878051758,-104.32048034667969
300.185943603,22.11276626586914,-104.2127456665039
300.335357666,22.26634979248047,-104.12029266357422
300.484771728,22.442840576171875,-104.01549530029297
300.634185791,22.599689483642578,-103.9231948852539
300.783599853,22.780799865722656,-103.8208999633789
300.933013916,22.940088272094727,-103.73286437988281
301.132232666,23.170011520385742,-103.61148834228516
301.231842041,23.285526275634766,-103.55184936523438
301.381256103,23.46397590637207,-103.46200561523438
301.580474853,23.692096710205078,-103.35223388671875
301.680084228,23.81013298034668,-103.29776000976562
301.846099853,24.000226974487305,-103.21334075927734
301.995513916,24.167675018310547,-103.14202117919922
302.144927978,24.353239059448242,-103.06436920166016
302.294342041,24.517576217651367,-102.99992370605469
302.493560791,24.76140022277832,-102.90966796875
302.642974853,24.956024169921875,-102.84900665283203
302.792388916,25.12371253967285,-102.80339050292969
302.941802978,25.327146530151367,-102.76026153564453
303.091217041,25.355688095092773,-102.75511932373047
303.240631103,25.355688095092773,-102.75511932373047
303.390045166,25.355688095092773,-102.75511932373047
303.556060791,25.355688095092773,-102.75511932373047
303.755279541,25.355688095092773,-102.75511932373047
303.904693603,25.355688095092773,-102.75511932373047
304.054107666,25.355688095092773,-102.75511932373047
304.203521728,25.355688095092773,-102.75511932373047
304.352935791,25.355688095092773,-102.75511932373047
304.502349853,25.355688095092773,-102.75511932373047
304.701568603,25.355688095092773,-102.75511932373047
304.850982666,25.355688095092773,-102.75511932373047
305.000396728,25.355688095092773,-102.75511932373047
305.149810791,25.355688095092773,-102.75511932373047
305.315826416,25.355688095092773,-102.75511932373047
305.465240478,25.355688095092773,-102.75511932373047
305.614654541,25.355688095092773,-102.75511932373047
305.764068603,25.355688095092773,-102.75511932373047
305.913482666,25.355688095092773,-102.75511932373047
306.112701416,25.355688095092773,-102.75511932373047
306.262115478,25.355688095092773,-102.75511932373047
306.411529541,25.355688095092773,-102.75511932373047
306.560943603,25.355688095092773,-102.75511932373047
306.760162353,25.355688095092773,-102.75511932373047
306.926177978,25.355688095092773,-102.75511932373047
307.075592041,25.355688095092773,-102.75511932373047
307.225006103,25.355688095092773,-102.75511932373047
307.374420166,25.355688095092773,-102.75511932373047
307.523834228,25.355688095092773,-102.75511932373047
307.673248291,25.355688095092773,-102.75511932373047
307.872467041,25.355688095092773,-102.75511932373047
308.021881103,25.355688095092773,-102.75511932373047
308.171295166,25.355688095092773,-102.75511932373047
308.320709228,25.355688095092773,-102.75511932373047
308.470123291,25.355688095092773,-102.75511932373047
308.636138916,25.355688095092773,-102.75511932373047
308.785552978,25.355688095092773,-102.75511932373047
308.885162353,25.355688095092773,-102.75511932373047
309.034576416,25.355688095092773,-102.75511932373047
309.183990478,25.355688095092773,-102.75511932373047
309.333404541,25.355688095092773,-102.75511932373047
309.482818603,25.355688095092773,-102.75511932373047
309.682037353,25.355688095092773,-102.75511932373047
309.831451416,25.355688095092773,-102.75511932373047
309.980865478,25.355688095092773,-102.75511932373047
310.130279541,25.355688095092773,-102.75511932373047
310.296295166,25.355688095092773,-102.75511932373047
310.445709228,25.355688095092773,-102.75511932373047
310.644927978,25.355688095092773,-102.75511932373047
310.794342041,25.355688095092773,-102.75511932373047
310.943756103,25.355688095092773,-102.75511932373047
311.093170166,25.355688095092773,-102.75511932373047
311.242584228,25.355688095092773,-102.75511932373047
311.391998291,25.355688095092773,-102.75511932373047
311.591217041,25.355688095092773,-102.75511932373047
311.740631103,25.355688095092773,-102.75511932373047
311.840240478,25.355688095092773,-102.75511932373047
312.006256103,25.355688095092773,-102.75511932373047
312.205474853,25.355688095092773,-102.75511932373047
312.354888916,25.355688095092773,-102.75511932373047
312.504302978,25.355688095092773,-102.75511932373047
312.653717041,25.355688095092773,-102.75511932373047
312.803131103,25.355688095092773,-102.75511932373047
312.952545166,25.355688095092773,-102.75511932373047
313.151763916,25.355688095092773,-102.75511932373047
313.301177978,25.355688095092773,-102.75511932373047
313.450592041,25.355688095092773,-102.75511932373047
313.600006103,25.355688095092773,-102.75511932373047
313.766021728,25.355688095092773,-102.75511932373047
313.915435791,25.355688095092773,-102.75511932373047
314.114654541,25.355688095092773,-102.75511932373047
314.264068603,25.355688095092773,-102.75511932373047
314.413482666,25.355688095092773,-102.75511932373047
314.562896728,25.355688095092773,-102.75511932373047
314.712310791,25.355688095092773,-102.75511932373047
314.911529541,25.355688095092773,-102.75511932373047
315.060943603,25.355688095092773,-102.75511932373047
315.210357666,25.355688095092773,-102.75511932373047
315.376373291,25.355688095092773,-102.75511932373047
315.525787353,25.355688095092773,-102.75511932373047
315.675201416,25.355688095092773,-102.75511932373047
315.824615478,25.355688095092773,-102.75511932373047
315.974029541,25.355688095092773,-102.75511932373047
316.173248291,25.355688095092773,-102.75511932373047
316.322662353,25.355688095092773,-102.75511932373047
316.472076416,25.355688095092773,-102.75511932373047
316.621490478,25.355688095092773,-102.75511932373047
316.770904541,25.355688095092773,-102.75511932373047
316.920318603,25.355688095092773,-102.75511932373047
317.086334228,25.355688095092773,-102.75511932373047
317.235748291,25.355688095092773,-102.75511932373047
317.385162353,25.355688095092773,-102.75511932373047
317.584381103,25.355688095092773,-102.75511932373047
317.733795166,25.355688095092773,-102.75511932373047
317.883209228,25.355688095092773,-102.75511932373047
318.032623291,25.355688095092773,-102.75511932373047
318.182037353,25.355688095092773,-102.75511932373047
318.381256103,25.355688095092773,-102.75511932373047
318.530670166,25.355688095092773,-102.75511932373047
318.680084228,25.355688095092773,-102.75511932373047
318.829498291,25.355688095092773,-102.75511932373047
318.995513916,25.355688095092773,-102.75511932373047
319.144927978,25.355688095092773,-102.75511932373047
319.294342041,25.355688095092773,-102.75511932373047
319.493560791,25.355688095092773,-102.75511932373047
319.642974853,25.355688095092773,-102.75511932373047
319.792388916,25.355688095092773,-102.75511932373047
319.941802978,25.355688095092773,-102.75511932373047
320.091217041,25.355688095092773,-102.75511932373047
320.240631103,25.355688095092773,-102.75511932373047
320.390045166,25.355688095092773,-102.75511932373047
320.605865478,25.355688095092773,-102.75511932373047
320.755279541,25.355688095092773,-102.75511932373047
320.904693603,25.355688095092773,-102.75511932373047
321.054107666,25.355688095092773,-102.75511932373047
321.203521728,25.355688095092773,-102.75511932373047
321.352935791,25.355688095092773,-102.75511932373047
321.552154541,25.355688095092773,-102.75511932373047
321.701568603,25.355688095092773,-102.75511932373047
321.850982666,25.355688095092773,-102.75511932373047
322.000396728,25.355688095092773,-102.75511932373047
322.149810791,25.355688095092773,-102.75511932373047
322.315826416,25.355688095092773,-102.75511932373047
322.465240478,25.355688095092773,-102.75511932373047
322.664459228,25.355688095092773,-102.75511932373047
322.764068603,25.355688095092773,-102.75511932373047
322.963287353,25.355688095092773,-102.75511932373047
323.112701416,25.355688095092773,-102.75511932373047
323.262115478,25.355688095092773,-102.75511932373047
323.411529541,25.355688095092773,-102.75511932373047
323.560943603,25.355688095092773,-102.75511932373047
323.710357666,25.355688095092773,-102.75511932373047
323.876373291,25.355688095092773,-102.75511932373047
324.025787353,25.355688095092773,-102.75511932373047
324.225006103,25.355688095092773,-102.75511932373047
324.374420166,25.355688095092773,-102.75511932373047
324.523834228,25.355688095092773,-102.75511932373047
324.673248291,25.355688095092773,-102.75511932373047
324.822662353,25.355688095092773,-102.75511932373047
324.972076416,25.355688095092773,-102.75511932373047
325.121490478,25.355688095092773,-102.75511932373047
325.320709228,25.355688095092773,-102.75511932373047
325.470123291,25.355688095092773,-102.75511932373047
325.636138916,25.355688095092773,-102.75511932373047
325.785552978,25.355688095092773,-102.75511932373047
325.934967041,25.355688095092773,-102.75511932373047
326.084381103,25.355688095092773,-102.75511932373047
326.233795166,25.355688095092773,-102.75511932373047
326.433013916,25.355688095092773,-102.75511932373047
326.582427978,25.355688095092773,-102.75511932373047
326.731842041,25.355688095092773,-102.75511932373047
326.881256103,25.355688095092773,-102.75511932373047
327.030670166,25.355688095092773,-102.75511932373047
327.229888916,25.355688095092773,-102.75511932373047
327.395904541,25.355688095092773,-102.75511932373047
327.545318603,25.355688095092773,-102.75511932373047
327.694732666,25.355688095092773,-102.75511932373047
327.844146728,25.355688095092773,-102.75511932373047
327.993560791,25.355688095092773,-102.75511932373047
328.142974853,25.355688095092773,-102.75511932373047
328.292388916,25.355688095092773,-102.75511932373047
328.441802978,25.355688095092773,-102.75511932373047
328.641021728,25.355688095092773,-102.75511932373047
328.790435791,25.355688095092773,-102.75511932373047
328.956451416,25.355688095092773,-102.75511932373047
329.105865478,25.355688095092773,-102.75511932373047
329.255279541,25.355688095092773,-102.75511932373047
329.404693603,25.355688095092773,-102.75511932373047
329.603912353,25.355688095092773,-102.75511932373047
329.753326416,25.355688095092773,-102.75511932373047
329.902740478,25.355688095092773,-102.75511932373047
330.052154541,25.355688095092773,-102.75511932373047
330.201568603,25.355688095092773,-102.75511932373047
330.400787353,25.355688095092773,-102.75511932373047
330.550201416,25.355688095092773,-102.75511932373047
330.716217041,25.355688095092773,-102.75511932373047
330.865631103,25.355688095092773,-102.75511932373047
331.015045166,25.355688095092773,-102.75511932373047
331.164459228,25.355688095092773,-102.75511932373047
331.264068603,25.355688095092773,-102.75511932373047
331.413482666,25.355688095092773,-102.75511932373047
331.562896728,25.355688095092773,-102.75511932373047
331.712310791,25.355688095092773,-102.75511932373047
331.861724853,25.355688095092773,-102.75511932373047
332.011138916,25.355688095092773,-102.75511932373047
332.210357666,25.355688095092773,-102.75511932373047
332.376373291,25.355688095092773,-102.75511932373047
332.525787353,25.355688095092773,-102.75511932373047
332.675201416,25.355688095092773,-102.75511932373047
332.824615478,25.355688095092773,-102.75511932373047
332.974029541,25.355688095092773,-102.75511932373047
333.123443603,25.355688095092773,-102.75511932373047
333.322662353,25.355688095092773,-102.75511932373047
333.472076416,25.355688095092773,-102.75511932373047
333.621490478,25.355688095092773,-102.75511932373047
333.770904541,25.355688095092773,-102.75511932373047
333.920318603,25.355688095092773,-102.75511932373047
334.086334228,25.355688095092773,-102.75511932373047
334.235748291,25.355688095092773,-102.75511932373047
334.434967041,25.355688095092773,-102.75511932373047
334.584381103,25.355688095092773,-102.75511932373047
334.733795166,25.355688095092773,-102.75511932373047
334.883209228,25.355688095092773,-102.75511932373047
335.032623291,25.355688095092773,-102.75511932373047
335.231842041,25.355688095092773,-102.75511932373047
335.381256103,25.355688095092773,-102.75511932373047
335.530670166,25.355688095092773,-102.75511932373047
335.680084228,25.355688095092773,-102.75511932373047
335.846099853,25.355688095092773,-102.75511932373047
335.995513916,25.355688095092773,-102.75511932373047
336.144927978,25.355688095092773,-102.75511932373047
336.294342041,25.355688095092773,-102.75511932373047
336.493560791,25.355688095092773,-102.75511932373047
336.642974853,25.355688095092773,-102.75511932373047
336.792388916,25.355688095092773,-102.75511932373047
336.941802978,25.355688095092773,-102.75511932373047
337.091217041,25.355688095092773,-102.75511932373047
337.290435791,25.355688095092773,-102.75511932373047
337.456451416,25.355688095092773,-102.75511932373047
337.605865478,25.355688095092773,-102.75511932373047
337.755279541,25.355688095092773,-102.75511932373047
337.904693603,25.355688095092773,-102.75511932373047
338.054107666,25.355688095092773,-102.75511932373047
338.253326416,25.355688095092773,-102.75511932373047
338.402740478,25.355688095092773,-102.75511932373047
338.552154541,25.355688095092773,-102.75511932373047
338.701568603,25.355688095092773,-102.75511932373047
338.850982666,25.355688095092773,-102.75511932373047
339.050201416,25.355688095092773,-102.75511932373047
339.199615478,25.355688095092773,-102.75511932373047
339.365631103,25.355688095092773,-102.75511932373047
339.515045166,25.355688095092773,-102.75511932373047
339.664459228,25.355688095092773,-102.75511932373047
339.813873291,25.355688095092773,-102.75511932373047
340.013092041,25.355688095092773,-102.75511932373047
340.162506103,25.355688095092773,-102.75511932373047
340.311920166,25.355688095092773,-102.75511932373047
340.461334228,25.355688095092773,-102.75511932373047
340.610748291,25.355688095092773,-102.75511932373047
340.760162353,25.355688095092773,-102.75511932373047
340.909576416,25.380313873291016,-102.75080871582031
341.075592041,25.58390998840332,-102.72505950927734
341.274810791,25.83676528930664,-102.71466827392578
341.424224853,26.04197120666504,-102.71920776367188
341.573638916,26.22377586364746,-102.72754669189453
341.772857666,26.480470657348633,-102.74459838867188
341.922271728,26.68120765686035,-102.75762939453125
342.071685791,26.856124877929688,-102.76676940917969
342.221099853,27.0599308013916,-102.7725601196289
342.420318603,27.31991958618164,-102.77340698242188
342.536529541,27.449914932250977,-102.7732162475586
342.735748291,27.70170021057129,-102.77283477783203
342.885162353,27.909692764282227,-102.77252960205078
343.034576416,28.091686248779297,-102.77226257324219
343.183990478,28.295576095581055,-102.77195739746094
343.333404541,28.46799659729004,-102.77169036865234
343.482818603,28.67051887512207,-102.7713851928711
343.682037353,28.926406860351562,-102.77100372314453
343.831451416,29.108400344848633,-102.77073669433594
343.980865478,29.31229019165039,-102.77043151855469
344.130279541,29.49018096923828,-102.7701644897461
344.296295166,29.695438385009766,-102.76985931396484
344.445709228,29.903430938720703,-102.7695541381836
344.595123291,30.08268928527832,-102.769287109375
344.744537353,30.281108856201172,-102.76898193359375
344.893951416,30.45626449584961,-102.76871490478516
345.093170166,30.7121524810791,-102.7683334350586
345.242584228,30.92014503479004,-102.76802825927734
345.391998291,31.10213851928711,-102.76776123046875
345.541412353,31.30055809020996,-102.7674560546875
345.690826416,31.47844886779785,-102.7671890258789
345.890045166,31.738439559936523,-102.76680755615234
346.056060791,31.945064544677734,-102.7665023803711
346.155670166,32.06822204589844,-102.76631164550781
346.354888916,32.32001495361328,-102.76593017578125
346.504302978,32.52802276611328,-102.765625
346.653717041,32.71002960205078,-102.7653579711914
346.803131103,32.91529846191406,-102.76505279541016
347.002349853,33.169830322265625,-102.7646713256836
347.151763916,33.34635925292969,-102.764404296875
347.301177978,33.55436706542969,-102.76409912109375
347.450592041,33.73637390136719,-102.76383209228516
347.600006103,33.93616485595703,-102.7635269165039
347.766021728,34.134586334228516,-102.76322174072266
347.965240478,34.394596099853516,-102.7628402709961
348.114654541,34.576602935791016,-102.7625732421875
348.264068603,34.77639389038086,-102.76226806640625
348.463287353,35.025447845458984,-102.76188659667969
348.612701416,35.19923782348633,-102.7616195678711
348.762115478,35.40587615966797,-102.76131439208984
348.911529541,35.58788299560547,-102.76104736328125
349.110748291,35.84646987915039,-102.7643814086914
349.260162353,36.047325134277344,-102.77521514892578
349.426177978,36.25058364868164,-102.7912826538086
349.575592041,36.42864227294922,-102.81189727783203
349.774810791,36.68156051635742,-102.85869598388672
349.924224853,36.88213348388672,-102.90230560302734
350.123443603,37.127891540527344,-102.95707702636719
350.272857666,37.29827117919922,-102.99137115478516
350.472076416,37.55137252807617,-103.03739929199219
350.621490478,37.757591247558594,-103.06441497802734
350.820709228,38.01548385620117,-103.09733581542969
350.970123291,38.186187744140625,-103.12979888916016
351.136138916,38.38517379760742,-103.18505859375
351.235748291,38.507965087890625,-103.22774505615234
351.434967041,38.74917221069336,-103.30897521972656
351.584381103,38.94799041748047,-103.37003326416016
351.733795166,39.124855041503906,-103.4128646850586
351.933013916,39.37957000732422,-103.4649429321289
352.082427978,39.554046630859375,-103.4977035522461
352.231842041,39.55601501464844,-103.4980697631836
352.431060791,39.55601501464844,-103.4980697631836
352.580474853,39.55601501464844,-103.4980697631836
352.796295166,39.55601501464844,-103.4980697631836
352.945709228,39.55601501464844,-103.4980697631836
353.095123291,39.60358428955078,-103.50621032714844
353.244537353,39.79718780517578,-103.51434326171875
353.443756103,40.04064178466797,-103.44837951660156
353.593170166,40.199859619140625,-103.37235260009766
353.742584228,40.2718505859375,-103.33308410644531
353.891998291,40.2718505859375,-103.33308410644531
354.091217041,40.2718505859375,-103.33308410644531
354.240631103,40.2718505859375,-103.33308410644531
354.390045166,40.2718505859375,-103.33308410644531
354.556060791,40.2718505859375,-103.33308410644531
354.755279541,40.2718505859375,-103.33308410644531
354.904693603,40.2718505859375,-103.33308410644531
355.054107666,40.2718505859375,-103.33308410644531
355.203521728,40.2718505859375,-103.33308410644531
355.402740478,40.2718505859375,-103.33308410644531
355.502349853,40.2718505859375,-103.33308410644531
355.701568603,40.2718505859375,-103.33308410644531
355.850982666,40.2718505859375,-103.33308410644531
356.000396728,40.2718505859375,-103.33308410644531
356.149810791,40.2718505859375,-103.33308410644531
356.315826416,40.293819427490234,-103.32115173339844
356.515045166,40.532318115234375,-103.22850036621094
356.664459228,40.729652404785156,-103.1985092163086
356.813873291,40.90983963012695,-103.18594360351562
357.013092041,41.16938018798828,-103.17095184326172
357.162506103,41.37625503540039,-103.14937591552734
357.311920166,41.55659866333008,-103.1248779296875
357.461334228,41.76211929321289,-103.09291076660156
357.660552978,42.01369094848633,-103.03954315185547
357.809967041,42.04267120361328,-103.03179168701172
357.975982666,42.04267120361328,-103.03179168701172
358.125396728,42.04267120361328,-103.03179168701172
358.324615478,42.04267120361328,-103.03179168701172
358.474029541,42.04267120361328,-103.03179168701172
358.673248291,42.04267120361328,-103.03179168701172
358.822662353,42.04267120361328,-103.03179168701172
358.972076416,42.04267120361328,-103.03179168701172
359.171295166,42.04267120361328,-103.03179168701172
359.320709228,42.04267120361328,-103.03179168701172
359.470123291,42.04267120361328,-103.03179168701172
359.636138916,42.04267120361328,-103.03179168701172
359.835357666,42.04267120361328,-103.03179168701172
359.984771728,42.04267120361328,-103.03179168701172
360.134185791,42.04267120361328,-103.03179168701172
360.283599853,42.04267120361328,-103.03179168701172
360.482818603,42.04267120361328,-103.03179168701172
360.632232666,42.04267120361328,-103.03179168701172
360.781646728,42.04267120361328,-103.03179168701172
360.980865478,42.04267120361328,-103.03179168701172
361.130279541,42.04267120361328,-103.03179168701172
361.296295166,42.04267120361328,-103.03179168701172
361.445709228,42.04267120361328,-103.03179168701172
361.595123291,42.04267120361328,-103.03179168701172
361.794342041,42.04267120361328,-103.03179168701172
361.943756103,42.04267120361328,-103.03179168701172
362.093170166,42.04267120361328,-103.03179168701172
362.292388916,42.04267120361328,-103.03179168701172
362.441802978,42.04267120361328,-103.03179168701172
362.591217041,42.04267120361328,-103.03179168701172
362.790435791,42.04267120361328,-103.03179168701172
362.890045166,42.06682586669922,-103.02533721923828
363.105865478,42.332855224609375,-102.94564056396484
363.255279541,42.50376892089844,-102.8831787109375
363.404693603,42.69632339477539,-102.80455017089844
363.554107666,42.858642578125,-102.73174285888672
363.703521728,43.0482292175293,-102.64955139160156
363.852935791,43.21293258666992,-102.58234405517578
364.002349853,43.40388870239258,-102.51091766357422
364.151763916,43.57622146606445,-102.45238494873047
364.350982666,43.82455062866211,-102.37539672851562
364.500396728,44.022281646728516,-102.3203353881836
364.649810791,44.19197463989258,-102.28296661376953
364.815826416,44.39500045776367,-102.2530746459961
365.015045166,44.65395736694336,-102.22989654541016
365.164459228,44.85331344604492,-102.21680450439453
365.313873291,45.03319549560547,-102.20053100585938
365.513092041,45.282997131347656,-102.15974426269531
365.662506103,45.48164367675781,-102.12029266357422
365.811920166,45.654563903808594,-102.08477783203125
365.961334228,45.85639953613281,-102.04053497314453
366.160552978,46.10211181640625,-101.97965240478516
366.309967041,46.277374267578125,-101.93060302734375
366.475982666,46.47835159301758,-101.87696838378906
366.625396728,46.671836853027344,-101.82713317871094
366.774810791,46.843177795410156,-101.77934265136719
366.974029541,47.08625793457031,-101.70392608642578
367.123443603,47.279212951660156,-101.63397216796875
367.272857666,47.43948745727539,-101.56684112548828
367.422271728,47.624908447265625,-101.47882080078125
367.571685791,47.78874588012695,-101.39958190917969
367.721099853,47.975337982177734,-101.3175048828125
367.870513916,48.145774841308594,-101.26214599609375
368.036529541,48.28600311279297,-101.22335052490234
368.185943603,48.28600311279297,-101.22335052490234
368.385162353,48.28600311279297,-101.22335052490234
368.534576416,48.3341064453125,-101.209716796875
368.683990478,48.52927780151367,-101.14620208740234
368.833404541,48.694068908691406,-101.08297729492188
369.032623291,48.92770004272461,-100.97539520263672
369.182037353,48.94937515258789,-100.96448516845703
369.331451416,48.94937515258789,-100.96448516845703
369.480865478,48.94937515258789,-100.96448516845703
369.630279541,48.94937515258789,-100.96448516845703
369.829498291,48.94937515258789,-100.96448516845703
369.995513916,48.94937515258789,-100.96448516845703
370.144927978,48.94937515258789,-100.96448516845703
370.294342041,48.94937515258789,-100.96448516845703
370.443756103,48.94937515258789,-100.96448516845703
370.642974853,49.08926773071289,-100.87841796875
370.792388916,49.18881607055664,-100.76136016845703
370.941802978,49.239402770996094,-100.57276153564453
371.041412353,49.22724914550781,-100.4437026977539
371.190826416,49.15437698364258,-100.27779388427734
371.390045166,48.98383331298828,-100.08232879638672
371.556060791,48.838523864746094,-99.93354797363281
371.755279541,48.6783561706543,-99.73255157470703
371.904693603,48.57914352416992,-99.55928802490234
372.054107666,48.50777816772461,-99.3934326171875
372.253326416,48.43487548828125,-99.151123046875
372.402740478,48.38795471191406,-98.9541015625
372.552154541,48.34809875488281,-98.78071594238281
372.751373291,48.28609848022461,-98.53386688232422
372.900787353,48.231956481933594,-98.341552734375
373.050201416,48.1785888671875,-98.16755676269531
373.216217041,48.1141471862793,-97.96981048583984
373.365631103,48.042724609375,-97.77447509765625
373.515045166,47.97895812988281,-97.60401916503906
373.714263916,47.886104583740234,-97.3611831665039
373.863677978,47.8143424987793,-97.16887664794922
374.062896728,47.72725296020508,-96.92391204833984
374.212310791,47.67020797729492,-96.75396728515625
374.361724853,47.605308532714844,-96.55635833740234
374.511138916,47.546810150146484,-96.38691711425781
374.710357666,47.45963668823242,-96.14196014404297
374.809967041,47.41523361206055,-96.019775390625
375.025787353,47.318485260009766,-95.75354766845703
375.175201416,47.259765625,-95.58708190917969
375.374420166,47.17840576171875,-95.34449005126953
375.523834228,47.11351013183594,-95.14977264404297
375.673248291,47.056800842285156,-94.97972869873047
375.822662353,46.99370193481445,-94.78584289550781
376.021881103,46.90993881225586,-94.54550170898438
376.171295166,46.8477783203125,-94.38029479980469
376.370513916,46.75932693481445,-94.14019012451172
376.519927978,46.70295333862305,-93.97003936767578
376.685943603,46.63714599609375,-93.74834442138672
376.835357666,46.5889778137207,-93.57281494140625
377.034576416,46.528594970703125,-93.35276794433594
377.183990478,46.471710205078125,-93.15554809570312
377.333404541,46.419288635253906,-92.98125457763672
377.532623291,46.36168670654297,-92.73201751708984
377.682037353,46.322608947753906,-92.52772521972656
377.831451416,46.27885437011719,-92.3539047241211
378.030670166,46.21272277832031,-92.10953521728516
378.180084228,46.157474517822266,-91.9104232788086
378.395904541,46.11579895019531,-91.7587890625
378.545318603,46.07065963745117,-91.55718231201172
378.694732666,46.038658142089844,-91.38636779785156
378.893951416,45.985355377197266,-91.1347885131836
379.043365478,45.91282272338867,-90.94013214111328
379.242584228,45.78229522705078,-90.71549224853516
379.441802978,45.62968826293945,-90.51016998291016
379.591217041,45.52682113647461,-90.36678314208984
379.740631103,45.43626403808594,-90.18299865722656
379.956451416,45.36464309692383,-89.9404525756836
380.105865478,45.33438491821289,-89.73478698730469
380.255279541,45.322914123535156,-89.55590057373047
380.454498291,45.31462860107422,-89.31266021728516
380.603912353,45.31333923339844,-89.13513946533203
380.803131103,45.31524658203125,-88.89049530029297
380.952545166,45.29709243774414,-88.7261962890625
381.101959228,45.243778228759766,-88.5353775024414
381.301177978,45.14183807373047,-88.2978515625
381.450592041,45.09894943237305,-88.22465515136719
381.600006103,45.07786560058594,-88.18324279785156
381.815826416,45.070858001708984,-88.15402221679688
381.965240478,45.07081604003906,-88.14176177978516
382.114654541,45.073341369628906,-88.13397979736328
382.313873291,45.073341369628906,-88.13397979736328
382.463287353,45.073341369628906,-88.13397979736328
382.662506103,45.073341369628906,-88.13397979736328
382.811920166,45.073341369628906,-88.13397979736328
382.961334228,45.073341369628906,-88.13397979736328
383.160552978,45.073341369628906,-88.13397979736328
383.309967041,45.073341369628906,-88.13397979736328
383.475982666,45.073341369628906,-88.13397979736328
383.625396728,45.073341369628906,-88.13397979736328
383.824615478,45.073341369628906,-88.13397979736328
383.974029541,45.073341369628906,-88.13397979736328
384.123443603,45.073341369628906,-88.13397979736328
384.322662353,45.073341369628906,-88.13397979736328
384.472076416,45.073341369628906,-88.13397979736328
384.621490478,45.073341369628906,-88.13397979736328
384.770904541,45.073341369628906,-88.13397979736328
384.970123291,45.073341369628906,-88.13397979736328
385.136138916,45.073341369628906,-88.13397979736328
385.285552978,45.073341369628906,-88.13397979736328
385.434967041,45.073341369628906,-88.13397979736328
385.584381103,45.073341369628906,-88.13397979736328
385.733795166,45.073341369628906,-88.13397979736328
385.933013916,45.073341369628906,-88.13397979736328
386.082427978,45.073341369628906,-88.13397979736328
386.231842041,45.073341369628906,-88.13397979736328
386.381256103,45.073341369628906,-88.13397979736328
386.580474853,45.073341369628906,-88.13397979736328
386.729888916,45.073341369628906,-88.13397979736328
386.895904541,45.073341369628906,-88.13397979736328
387.045318603,45.073341369628906,-88.13397979736328
387.194732666,45.073341369628906,-88.13397979736328
387.393951416,45.073341369628906,-88.13397979736328
387.543365478,45.073341369628906,-88.13397979736328
387.692779541,45.073341369628906,-88.13397979736328
387.842193603,45.073341369628906,-88.13397979736328
388.041412353,45.073341369628906,-88.13397979736328
388.190826416,45.073341369628906,-88.13397979736328
388.340240478,45.073341369628906,-88.13397979736328
388.506256103,45.073341369628906,-88.13397979736328
388.655670166,45.073341369628906,-88.13397979736328
388.805084228,45.073341369628906,-88.13397979736328
389.004302978,45.073341369628906,-88.13397979736328
389.153717041,45.07192611694336,-88.12451934814453
389.352935791,45.04081726074219,-88.07662963867188
389.552154541,44.820552825927734,-87.95037078857422
389.701568603,44.61939239501953,-87.93565368652344
389.900787353,44.367408752441406,-87.9849624633789
390.100006103,44.126461029052734,-88.06259155273438
390.249420166,43.95460891723633,-88.10842895507812
390.465240478,43.674625396728516,-88.14905548095703
390.664459228,43.41472625732422,-88.15067291259766
390.813873291,43.235679626464844,-88.14191436767578
390.963287353,43.03368377685547,-88.12733459472656
391.112701416,42.85242462158203,-88.1109848022461
391.262115478,42.648494720458984,-88.08768463134766
391.461334228,42.390499114990234,-88.055419921875
391.660552978,42.13587188720703,-88.0303726196289
391.809967041,41.96080780029297,-88.02523040771484
392.025787353,41.678924560546875,-88.02665710449219
392.175201416,41.496944427490234,-88.02863311767578
392.374420166,41.242435455322266,-88.0313949584961
392.573638916,40.98929214477539,-88.03414154052734
392.723052978,40.781314849853516,-88.0363998413086
392.872467041,40.599334716796875,-88.03837585449219
393.071685791,40.344825744628906,-88.0411376953125
393.270904541,40.09166717529297,-88.04222106933594
393.420318603,39.883689880371094,-88.03990173339844
393.636138916,39.625083923339844,-88.03701782226562
393.785552978,39.42393493652344,-88.03477478027344
393.984771728,39.163963317871094,-88.03187561035156
394.183990478,39.00398254394531,-88.02984619140625
394.333404541,39.00398254394531,-88.02984619140625
394.532623291,39.00398254394531,-88.02984619140625
394.682037353,39.00398254394531,-88.02984619140625
394.831451416,39.00557327270508,-88.01085662841797
395.030670166,39.13566970825195,-87.82125091552734
395.180084228,39.315975189208984,-87.73326110839844
395.346099853,39.51870346069336,-87.72471618652344
395.495513916,39.667537689208984,-87.75213623046875
395.644927978,39.79233932495117,-87.81810760498047
395.844146728,39.845726013183594,-87.9023666381836
395.993560791,39.848270416259766,-87.97164916992188
396.192779541,39.78974533081055,-88.07927703857422
396.391998291,39.59067916870117,-88.18832397460938
396.541412353,39.39483642578125,-88.19218444824219
396.740631103,39.1754264831543,-88.1358413696289
396.890045166,39.14604568481445,-88.12130737304688
397.105865478,39.11811828613281,-88.08853149414062
397.255279541,39.115997314453125,-88.06964874267578
397.404693603,39.165077209472656,-87.94386291503906
397.554107666,39.282657623291016,-87.8194580078125
397.753326416,39.52192306518555,-87.74286651611328
397.902740478,39.62860870361328,-87.75382995605469
398.052154541,39.73188400268555,-87.82184600830078
398.251373291,39.78091812133789,-87.91624450683594
398.450592041,39.7686653137207,-88.01531219482422
398.600006103,39.694854736328125,-88.10009765625
398.815826416,39.469425201416016,-88.18623352050781
398.965240478,39.26866149902344,-88.16594696044922
399.164459228,39.07688903808594,-88.10749053955078
399.363677978,39.04677200317383,-88.08906555175781
399.562896728,39.03937911987305,-88.07181549072266
399.712310791,39.047264099121094,-88.0012435913086
399.861724853,39.14363479614258,-87.83586120605469
400.011138916,39.29091262817383,-87.73350524902344
400.210357666,39.54353332519531,-87.70614624023438
400.376373291,39.69447708129883,-87.75542449951172
400.525787353,39.789485931396484,-87.84439849853516
400.725006103,39.81944274902344,-87.95361328125
400.874420166,39.80324935913086,-88.01535034179688
401.073638916,39.67341613769531,-88.14126586914062
401.272857666,39.429840087890625,-88.20329284667969
401.422271728,39.231964111328125,-88.17037963867188
401.621490478,39.05632400512695,-88.114990234375
401.770904541,39.03407287597656,-88.10456085205078
401.970123291,39.01811218261719,-88.08619689941406
402.136138916,39.015235900878906,-88.05921173095703
402.335357666,39.09242248535156,-87.90535736083984
402.484771728,39.257293701171875,-87.78177642822266
402.634185791,39.43022537231445,-87.74524688720703
402.783599853,39.63098907470703,-87.76712799072266
402.933013916,39.72175216674805,-87.80939483642578
403.082427978,39.78156280517578,-87.88136291503906
403.281646728,39.79365158081055,-87.97378540039062
403.480865478,39.74959182739258,-88.06159210205078
403.630279541,39.61806106567383,-88.15106964111328
403.829498291,39.36968231201172,-88.18285369873047
403.995513916,39.34568786621094,-88.17927551269531
404.194732666,39.34568786621094,-88.17927551269531
404.393951416,39.34568786621094,-88.17927551269531
404.593170166,39.34568786621094,-88.17927551269531
404.742584228,39.34568786621094,-88.17927551269531
404.941802978,39.34568786621094,-88.17927551269531
405.141021728,39.137420654296875,-88.12713623046875
405.290435791,39.12126922607422,-88.12374114990234
405.456451416,39.12126922607422,-88.12374114990234
405.655670166,39.12126922607422,-88.12374114990234
405.805084228,39.12385559082031,-88.09241485595703
405.954498291,39.15564727783203,-88.01297760009766
406.103912353,39.21431350708008,-87.95661163330078
406.303131103,39.282588958740234,-87.94041442871094
406.452545166,39.316078186035156,-87.9515380859375
406.601959228,39.35920715332031,-87.9908218383789
406.801177978,39.38446807861328,-88.07054901123047
407.000396728,39.35856628417969,-88.16140747070312
407.149810791,39.2834358215332,-88.226806640625
407.365631103,39.03471755981445,-88.29275512695312
407.515045166,38.96678161621094,-88.274169921875
407.714263916,38.89702606201172,-88.20848083496094
407.863677978,38.88304138183594,-88.15052032470703
408.062896728,38.93537139892578,-88.00867462158203
408.212310791,39.05473327636719,-87.88970184326172
408.361724853,39.202354431152344,-87.83930206298828
408.511138916,39.31292724609375,-87.85292053222656
408.710357666,39.4244270324707,-87.92900085449219
408.876373291,39.460304260253906,-88.01387786865234
409.075592041,39.44401931762695,-88.13143157958984
409.274810791,39.30786895751953,-88.26840209960938
409.424224853,39.11463165283203,-88.33200073242188
409.623443603,38.885887145996094,-88.29225158691406
409.772857666,38.82541275024414,-88.244140625
409.972076416,38.80152130126953,-88.17552185058594
410.121490478,38.816932678222656,-88.06401062011719
410.320709228,38.94287109375,-87.921142578125
410.470123291,39.103553771972656,-87.85468292236328
410.636138916,39.23625564575195,-87.86051940917969
410.785552978,39.338905334472656,-87.92127990722656
410.885162353,39.37234115600586,-87.96442413330078
411.034576416,39.397193908691406,-88.03926086425781
411.233795166,39.37627410888672,-88.14237213134766
411.433013916,39.24332046508789,-88.26121520996094
411.582427978,39.05791473388672,-88.30907440185547
411.781646728,38.86832809448242,-88.29239654541016
411.980865478,38.77555847167969,-88.22740173339844
412.130279541,38.762939453125,-88.1988754272461
412.329498291,38.77147674560547,-88.05870056152344
412.429107666,38.80430221557617,-87.99893951416016
412.644927978,39.02108383178711,-87.85530853271484
412.794342041,39.17418670654297,-87.84374237060547
412.943756103,39.304901123046875,-87.89274597167969
413.093170166,39.37630844116211,-87.96743774414062
413.292388916,39.39793395996094,-88.0536880493164
413.491607666,39.36237716674805,-88.15552520751953
413.641021728,39.224037170410156,-88.26896667480469
413.840240478,38.980499267578125,-88.31255340576172
414.006256103,38.891361236572266,-88.28605651855469
414.205474853,38.820159912109375,-88.21041870117188
414.404693603,38.808441162109375,-88.09249114990234
414.554107666,38.84815216064453,-87.99708557128906
414.703521728,38.994476318359375,-87.86148071289062
414.852935791,39.145023345947266,-87.81490325927734
415.002349853,39.2780876159668,-87.83261108398438
415.201568603,39.398040771484375,-87.93125915527344
415.350982666,39.43624496459961,-88.02871704101562
415.550201416,39.422916412353516,-88.13573455810547
415.766021728,39.26500701904297,-88.28253936767578
415.915435791,39.09347152709961,-88.33052062988281
416.114654541,38.91813659667969,-88.3026123046875
416.264068603,38.852176666259766,-88.24205780029297
416.463287353,38.823387145996094,-88.14375305175781
416.612701416,38.84162521362305,-88.05463409423828
416.762115478,38.94923400878906,-87.92167663574219
416.911529541,39.08869934082031,-87.84496307373047
417.110748291,39.266624450683594,-87.83992004394531
417.260162353,39.39053726196289,-87.91278076171875
417.426177978,39.445613861083984,-87.9967041015625
417.625396728,39.45014953613281,-88.1084213256836
417.824615478,39.363487243652344,-88.22866821289062
417.974029541,39.21525955200195,-88.30876159667969
418.173248291,38.9692268371582,-88.31016540527344
418.372467041,38.83658218383789,-88.2432861328125
418.571685791,38.80254364013672,-88.17591857910156
418.721099853,38.80949020385742,-88.07308197021484
418.870513916,38.861778259277344,-87.98099517822266
419.036529541,39.02446746826172,-87.86328887939453
419.185943603,39.1925163269043,-87.83222198486328
419.335357666,39.2977409362793,-87.86438751220703
419.534576416,39.40074920654297,-87.96183776855469
419.683990478,39.41777801513672,-88.0413818359375
419.883209228,39.38267135620117,-88.15619659423828
420.082427978,39.19429397583008,-88.29875183105469
420.231842041,39.01584243774414,-88.32807922363281
420.431060791,38.87030029296875,-88.2920150756836
420.580474853,38.816139221191406,-88.23492431640625
420.796295166,38.79830551147461,-88.14239501953125
420.945709228,38.836570739746094,-88.02374267578125
421.095123291,38.92102813720703,-87.93734741210938
421.244537353,38.93119812011719,-87.93073272705078
421.393951416,38.93119812011719,-87.93073272705078
421.543365478,38.93119812011719,-87.93073272705078
421.742584228,38.93119812011719,-87.93073272705078
421.891998291,38.93119812011719,-87.93073272705078
422.041412353,38.93119812011719,-87.93073272705078
422.190826416,38.936439514160156,-87.92914581298828
422.390045166,38.9431037902832,-87.92759704589844
422.506256103,38.9431037902832,-87.92759704589844
422.705474853,38.9431037902832,-87.92759704589844
422.854888916,38.9431037902832,-87.92759704589844
423.004302978,38.9431037902832,-87.92759704589844
423.153717041,38.9431037902832,-87.92759704589844
423.303131103,38.9431037902832,-87.92759704589844
423.502349853,38.9431037902832,-87.92759704589844
423.651763916,38.9431037902832,-87.92759704589844
423.801177978,38.9431037902832,-87.92759704589844
424.000396728,38.9431037902832,-87.92759704589844
424.149810791,38.9431037902832,-87.92759704589844
424.315826416,38.9431037902832,-87.92759704589844
424.465240478,38.9431037902832,-87.92759704589844
424.614654541,38.9431037902832,-87.92759704589844
424.764068603,38.9431037902832,-87.92759704589844
424.963287353,38.9431037902832,-87.92759704589844
425.112701416,38.9431037902832,-87.92759704589844
425.262115478,38.9431037902832,-87.92759704589844
425.411529541,38.9431037902832,-87.92759704589844
425.610748291,38.9431037902832,-87.92759704589844
425.760162353,38.9431037902832,-87.92759704589844
425.926177978,38.9431037902832,-87.92759704589844
426.075592041,38.9431037902832,-87.92759704589844
426.274810791,38.9431037902832,-87.92759704589844
426.424224853,38.9431037902832,-87.92759704589844
426.573638916,38.9431037902832,-87.92759704589844
426.772857666,38.9431037902832,-87.92759704589844
426.922271728,38.9431037902832,-87.92759704589844
427.071685791,38.9431037902832,-87.92759704589844
427.270904541,38.9431037902832,-87.92759704589844
427.420318603,38.9431037902832,-87.92759704589844
427.586334228,38.9431037902832,-87.92759704589844
427.735748291,38.9431037902832,-87.92759704589844
427.885162353,38.9431037902832,-87.92759704589844
428.084381103,38.9431037902832,-87.92759704589844
428.233795166,38.9431037902832,-87.92759704589844
428.383209228,38.9431037902832,-87.92759704589844
428.532623291,38.9431037902832,-87.92759704589844
428.682037353,38.9431037902832,-87.92759704589844
428.881256103,38.9431037902832,-87.92759704589844
429.030670166,38.9431037902832,-87.92759704589844
429.229888916,38.9431037902832,-87.92759704589844
429.346099853,38.9431037902832,-87.92759704589844
429.545318603,38.9431037902832,-87.92759704589844
429.694732666,38.9431037902832,-87.92759704589844
429.893951416,38.9431037902832,-87.92759704589844
430.043365478,38.9431037902832,-87.92759704589844
430.192779541,38.9431037902832,-87.92759704589844
430.342193603,38.9431037902832,-87.92759704589844
430.541412353,38.9431037902832,-87.92759704589844
430.690826416,38.9431037902832,-87.92759704589844
430.790435791,38.9431037902832,-87.92759704589844
430.890045166,38.9431037902832,-87.92759704589844
431.056060791,38.9431037902832,-87.92759704589844
431.255279541,38.9431037902832,-87.92759704589844
431.404693603,38.9431037902832,-87.92759704589844
431.603912353,38.9431037902832,-87.92759704589844
431.753326416,38.9431037902832,-87.92759704589844
431.952545166,38.9431037902832,-87.92759704589844
432.101959228,38.9431037902832,-87.92759704589844
432.251373291,38.9431037902832,-87.92759704589844
432.400787353,38.9431037902832,-87.92759704589844
432.600006103,38.9431037902832,-87.92759704589844
432.749420166,38.9431037902832,-87.92759704589844
432.965240478,38.9431037902832,-87.92759704589844
433.114654541,38.9431037902832,-87.92759704589844
433.264068603,38.9431037902832,-87.92759704589844
433.463287353,38.9431037902832,-87.92759704589844
433.612701416,38.9431037902832,-87.92759704589844
433.811920166,38.9431037902832,-87.92759704589844
433.961334228,38.9431037902832,-87.92759704589844
434.110748291,38.9431037902832,-87.92759704589844
434.309967041,38.9431037902832,-87.92759704589844
434.426177978,38.9431037902832,-87.92759704589844
434.625396728,38.9431037902832,-87.92759704589844
434.774810791,38.9431037902832,-87.92759704589844
434.924224853,38.9431037902832,-87.92759704589844
435.123443603,38.9431037902832,-87.92759704589844
435.272857666,38.9431037902832,-87.92759704589844
435.422271728,38.9431037902832,-87.92759704589844
435.571685791,38.9431037902832,-87.92759704589844
435.770904541,38.9431037902832,-87.92759704589844
435.920318603,38.9431037902832,-87.92759704589844
436.086334228,38.9431037902832,-87.92759704589844
436.235748291,38.9431037902832,-87.92759704589844
436.434967041,38.9431037902832,-87.92759704589844
436.584381103,38.9431037902832,-87.92759704589844
436.733795166,38.9431037902832,-87.92759704589844
436.883209228,38.9431037902832,-87.92759704589844
437.082427978,38.9431037902832,-87.92759704589844
437.231842041,38.9431037902832,-87.92759704589844
437.381256103,38.9431037902832,-87.92759704589844
437.580474853,38.9431037902832,-87.92759704589844
437.729888916,38.9431037902832,-87.92759704589844
437.895904541,38.9431037902832,-87.92759704589844
438.045318603,38.9431037902832,-87.92759704589844
438.194732666,38.9431037902832,-87.92759704589844
438.393951416,38.9431037902832,-87.92759704589844
438.543365478,38.9431037902832,-87.92759704589844
438.692779541,38.9431037902832,-87.92759704589844
438.842193603,38.9431037902832,-87.92759704589844
439.041412353,38.9431037902832,-87.92759704589844
439.190826416,38.9431037902832,-87.92759704589844
439.340240478,38.9431037902832,-87.92759704589844
439.489654541,38.9431037902832,-87.92759704589844
439.655670166,38.9431037902832,-87.92759704589844
439.854888916,38.9431037902832,-87.92759704589844
440.004302978,38.9431037902832,-87.92759704589844
440.153717041,38.9431037902832,-87.92759704589844
440.352935791,38.9431037902832,-87.92759704589844
440.502349853,38.9431037902832,-87.92759704589844
440.651763916,38.9431037902832,-87.92759704589844
440.850982666,38.9431037902832,-87.92759704589844
441.000396728,38.9431037902832,-87.92759704589844
441.149810791,38.9431037902832,-87.92759704589844
441.365631103,38.9431037902832,-87.92759704589844
441.515045166,38.9431037902832,-87.92759704589844
441.664459228,38.9431037902832,-87.92759704589844
441.863677978,38.9431037902832,-87.92759704589844
442.013092041,38.9431037902832,-87.92759704589844
442.162506103,38.9431037902832,-87.92759704589844
442.361724853,38.9431037902832,-87.92759704589844
442.511138916,38.9431037902832,-87.92759704589844
442.660552978,38.9431037902832,-87.92759704589844
442.809967041,38.9431037902832,-87.92759704589844
442.975982666,38.9431037902832,-87.92759704589844
443.125396728,38.9431037902832,-87.92759704589844
443.274810791,38.9431037902832,-87.92759704589844
443.424224853,38.9431037902832,-87.92759704589844
443.573638916,38.9431037902832,-87.92759704589844
443.772857666,38.9431037902832,-87.92759704589844
443.922271728,38.9431037902832,-87.92759704589844
444.071685791,38.9431037902832,-87.92759704589844
444.270904541,38.9431037902832,-87.92759704589844
444.420318603,38.9431037902832,-87.92759704589844
444.586334228,38.9431037902832,-87.92759704589844
444.735748291,38.9431037902832,-87.92759704589844
444.885162353,38.9431037902832,-87.92759704589844
445.084381103,38.9431037902832,-87.92759704589844
445.233795166,38.9431037902832,-87.92759704589844
445.383209228,38.9431037902832,-87.92759704589844
445.532623291,38.9431037902832,-87.92759704589844
445.682037353,38.9431037902832,-87.92759704589844
445.881256103,38.9431037902832,-87.92759704589844
446.030670166,38.9431037902832,-87.92759704589844
446.180084228,38.9431037902832,-87.92759704589844
446.329498291,38.9431037902832,-87.92759704589844
446.545318603,38.9431037902832,-87.92759704589844
446.694732666,38.9431037902832,-87.92759704589844
446.844146728,38.9431037902832,-87.92759704589844
447.043365478,38.9431037902832,-87.92759704589844
447.192779541,38.9431037902832,-87.92759704589844
447.342193603,38.9431037902832,-87.92759704589844
447.491607666,38.9431037902832,-87.92759704589844
447.690826416,38.9431037902832,-87.92759704589844
447.840240478,38.9431037902832,-87.92759704589844
448.006256103,38.9431037902832,-87.92759704589844
448.155670166,38.9431037902832,-87.92759704589844
448.255279541,38.9431037902832,-87.92759704589844
448.404693603,38.9431037902832,-87.92759704589844
448.554107666,38.9431037902832,-87.92759704589844
448.703521728,38.9431037902832,-87.92759704589844
448.902740478,38.9431037902832,-87.92759704589844
449.052154541,38.9431037902832,-87.92759704589844
449.201568603,38.9431037902832,-87.92759704589844
449.400787353,38.9431037902832,-87.92759704589844
449.550201416,38.9431037902832,-87.92759704589844
449.716217041,38.9431037902832,-87.92759704589844
449.915435791,38.9431037902832,-87.92759704589844
450.064849853,38.9431037902832,-87.92759704589844
450.214263916,38.9431037902832,-87.92759704589844
450.363677978,38.9431037902832,-87.92759704589844
450.562896728,38.9431037902832,-87.92759704589844
450.712310791,38.9431037902832,-87.92759704589844
450.861724853,38.9431037902832,-87.92759704589844
451.060943603,38.9431037902832,-87.92759704589844
451.210357666,38.9431037902832,-87.92759704589844
451.376373291,38.9431037902832,-87.92759704589844
451.525787353,38.9431037902832,-87.92759704589844
451.725006103,38.9431037902832,-87.92759704589844
451.874420166,38.9431037902832,-87.92759704589844
452.023834228,38.9431037902832,-87.92759704589844
452.223052978,38.9431037902832,-87.92759704589844
452.372467041,38.9431037902832,-87.92759704589844
452.521881103,38.9431037902832,-87.92759704589844
452.671295166,38.9431037902832,-87.92759704589844
452.820709228,38.9431037902832,-87.92759704589844
452.970123291,38.9431037902832,-87.92759704589844
453.185943603,38.9431037902832,-87.92759704589844
453.335357666,38.9431037902832,-87.92759704589844
453.484771728,38.9431037902832,-87.92759704589844
453.634185791,38.9431037902832,-87.92759704589844
453.833404541,38.9431037902832,-87.92759704589844
453.982818603,38.9431037902832,-87.92759704589844
454.132232666,38.9431037902832,-87.92759704589844
454.331451416,38.9431037902832,-87.92759704589844
454.480865478,38.9431037902832,-87.92759704589844
454.630279541,38.9431037902832,-87.92759704589844
454.796295166,38.9431037902832,-87.92759704589844
454.995513916,38.9431037902832,-87.92759704589844
455.144927978,38.9431037902832,-87.92759704589844
455.294342041,38.9431037902832,-87.92759704589844
455.493560791,38.9431037902832,-87.92759704589844
455.642974853,38.9431037902832,-87.92759704589844
455.792388916,38.9431037902832,-87.92759704589844
455.941802978,38.9431037902832,-87.92759704589844
456.141021728,38.9431037902832,-87.92759704589844
456.290435791,38.9431037902832,-87.92759704589844
456.456451416,38.9431037902832,-87.92759704589844
456.655670166,38.9431037902832,-87.92759704589844
456.805084228,38.9431037902832,-87.92759704589844
456.954498291,38.9431037902832,-87.92759704589844
457.103912353,38.9431037902832,-87.92759704589844
457.303131103,38.9431037902832,-87.92759704589844
457.452545166,38.9431037902832,-87.92759704589844
457.601959228,38.9431037902832,-87.92759704589844
457.801177978,38.9431037902832,-87.92759704589844
457.950592041,38.9431037902832,-87.92759704589844
458.100006103,38.9431037902832,-87.92759704589844
458.266021728,38.9431037902832,-87.92759704589844
458.415435791,38.9431037902832,-87.92759704589844
458.614654541,38.9431037902832,-87.92759704589844
458.764068603,38.9431037902832,-87.92759704589844
458.913482666,38.9431037902832,-87.92759704589844
459.112701416,38.9431037902832,-87.92759704589844
459.262115478,38.9431037902832,-87.92759704589844
459.411529541,38.9431037902832,-87.92759704589844
459.560943603,38.9431037902832,-87.92759704589844
459.760162353,38.9431037902832,-87.92759704589844
459.876373291,38.9431037902832,-87.92759704589844
460.075592041,38.9431037902832,-87.92759704589844
460.225006103,38.9431037902832,-87.92759704589844
460.374420166,38.9431037902832,-87.92759704589844
460.573638916,38.9431037902832,-87.92759704589844
460.723052978,38.9431037902832,-87.92759704589844
460.922271728,38.9431037902832,-87.92759704589844
461.071685791,38.9431037902832,-87.92759704589844
461.221099853,38.9431037902832,-87.92759704589844
461.370513916,38.9431037902832,-87.92759704589844
461.536529541,38.9431037902832,-87.92759704589844
461.685943603,38.9431037902832,-87.92759704589844
461.835357666,38.9431037902832,-87.92759704589844
461.984771728,38.9431037902832,-87.92759704589844
462.183990478,38.9431037902832,-87.92759704589844
462.333404541,38.9431037902832,-87.92759704589844
462.482818603,38.9431037902832,-87.92759704589844
462.682037353,38.9431037902832,-87.92759704589844
462.831451416,38.9431037902832,-87.92759704589844
462.980865478,38.9431037902832,-87.92759704589844
463.130279541,38.9431037902832,-87.92759704589844
463.296295166,38.9431037902832,-87.92759704589844
463.495513916,38.9431037902832,-87.92759704589844
463.644927978,38.9431037902832,-87.92759704589844
463.794342041,38.9431037902832,-87.92759704589844
463.943756103,38.9431037902832,-87.92759704589844
464.093170166,38.9431037902832,-87.92759704589844
464.292388916,38.9431037902832,-87.92759704589844
464.441802978,38.9431037902832,-87.92759704589844
464.591217041,38.9431037902832,-87.92759704589844
464.740631103,38.9431037902832,-87.92759704589844
464.956451416,38.9431037902832,-87.92759704589844
465.105865478,38.9431037902832,-87.92759704589844
465.255279541,38.9431037902832,-87.92759704589844
465.404693603,38.9431037902832,-87.92759704589844
465.603912353,38.9431037902832,-87.92759704589844
465.753326416,38.9431037902832,-87.92759704589844
465.902740478,38.9431037902832,-87.92759704589844
466.052154541,38.9431037902832,-87.92759704589844
466.251373291,38.9431037902832,-87.92759704589844
466.400787353,38.9431037902832,-87.92759704589844
466.550201416,38.9431037902832,-87.92759704589844
466.716217041,38.9431037902832,-87.92759704589844
466.865631103,38.9431037902832,-87.92759704589844
467.064849853,38.9431037902832,-87.92759704589844
467.214263916,38.9431037902832,-87.92759704589844
467.363677978,38.9431037902832,-87.92759704589844
467.562896728,38.9431037902832,-87.92759704589844
467.712310791,38.9431037902832,-87.92759704589844
467.861724853,38.9431037902832,-87.92759704589844
468.011138916,38.9431037902832,-87.92759704589844
468.160552978,38.9431037902832,-87.92759704589844
468.260162353,38.9431037902832,-87.92759704589844
468.426177978,38.9431037902832,-87.92759704589844
468.575592041,38.9431037902832,-87.92759704589844
468.725006103,38.9431037902832,-87.92759704589844
468.874420166,38.9431037902832,-87.92759704589844
469.023834228,38.9431037902832,-87.92759704589844
469.173248291,38.9431037902832,-87.92759704589844
469.322662353,38.9431037902832,-87.92759704589844
469.521881103,38.9431037902832,-87.92759704589844
469.671295166,38.9431037902832,-87.92759704589844
469.820709228,38.9431037902832,-87.92759704589844
469.970123291,38.9431037902832,-87.92759704589844
470.185943603,38.9431037902832,-87.92759704589844
470.335357666,38.9431037902832,-87.92759704589844
470.484771728,38.9431037902832,-87.92759704589844
470.683990478,38.9431037902832,-87.92759704589844
470.833404541,38.9431037902832,-87.92759704589844
470.982818603,38.9431037902832,-87.92759704589844
471.132232666,38.9431037902832,-87.92759704589844
471.331451416,38.9431037902832,-87.92759704589844
471.480865478,38.9431037902832,-87.92759704589844
471.630279541,38.9431037902832,-87.92759704589844
471.779693603,38.9431037902832,-87.92759704589844
471.945709228,38.9431037902832,-87.92759704589844
472.095123291,38.9431037902832,-87.92759704589844
472.294342041,38.9431037902832,-87.92759704589844
472.443756103,38.9431037902832,-87.92759704589844
472.593170166,38.9431037902832,-87.92759704589844
472.792388916,38.9431037902832,-87.92759704589844
472.941802978,38.9431037902832,-87.92759704589844
473.091217041,38.9431037902832,-87.92759704589844
473.290435791,38.9431037902832,-87.92759704589844
473.456451416,38.9431037902832,-87.92759704589844
473.605865478,38.9431037902832,-87.92759704589844
473.805084228,38.9431037902832,-87.92759704589844
473.954498291,38.9431037902832,-87.92759704589844
474.103912353,38.9431037902832,-87.92759704589844
474.253326416,38.9431037902832,-87.92759704589844
474.452545166,38.9431037902832,-87.92759704589844
474.601959228,38.9431037902832,-87.92759704589844
474.751373291,38.9431037902832,-87.92759704589844
474.900787353,38.9431037902832,-87.92759704589844
475.100006103,38.9431037902832,-87.92759704589844
475.249420166,38.9431037902832,-87.92759704589844
475.415435791,38.9431037902832,-87.92759704589844
475.564849853,38.9431037902832,-87.92759704589844
475.714263916,38.9431037902832,-87.92759704589844
475.913482666,38.9431037902832,-87.92759704589844
476.062896728,38.9431037902832,-87.92759704589844
476.212310791,38.9431037902832,-87.92759704589844
476.361724853,38.9431037902832,-87.92759704589844
476.560943603,38.9431037902832,-87.92759704589844
476.710357666,38.9431037902832,-87.92759704589844
476.876373291,38.9431037902832,-87.92759704589844
477.025787353,38.9431037902832,-87.92759704589844
477.225006103,38.9431037902832,-87.92759704589844
477.374420166,38.9431037902832,-87.92759704589844
477.523834228,38.9431037902832,-87.92759704589844
477.673248291,38.9431037902832,-87.92759704589844
477.822662353,38.9431037902832,-87.92759704589844
478.021881103,38.9431037902832,-87.92759704589844
478.171295166,38.9431037902832,-87.92759704589844
478.320709228,38.9431037902832,-87.92759704589844
478.519927978,38.9431037902832,-87.92759704589844
478.685943603,38.9431037902832,-87.92759704589844
478.835357666,38.9431037902832,-87.92759704589844
478.984771728,38.9431037902832,-87.92759704589844
479.134185791,38.9431037902832,-87.92759704589844
479.333404541,38.9431037902832,-87.92759704589844
479.482818603,38.9431037902832,-87.92759704589844
479.632232666,38.9431037902832,-87.92759704589844
479.831451416,38.9431037902832,-87.92759704589844
479.980865478,38.9431037902832,-87.92759704589844
480.080474853,38.9431037902832,-87.92759704589844
480.229888916,38.9431037902832,-87.92759704589844
480.445709228,38.9431037902832,-87.92759704589844
480.595123291,38.9431037902832,-87.92759704589844
480.744537353,38.9431037902832,-87.92759704589844
480.943756103,38.9431037902832,-87.92759704589844
481.093170166,38.9431037902832,-87.92759704589844
481.242584228,38.9431037902832,-87.92759704589844
481.391998291,38.9431037902832,-87.92759704589844
481.591217041,38.9431037902832,-87.92759704589844
481.740631103,38.9431037902832,-87.92759704589844
481.890045166,38.9431037902832,-87.92759704589844
482.056060791,38.9431037902832,-87.92759704589844
482.255279541,38.9431037902832,-87.92759704589844
482.404693603,38.9431037902832,-87.92759704589844
482.554107666,38.9431037902832,-87.92759704589844
482.703521728,38.9431037902832,-87.92759704589844
482.902740478,38.9431037902832,-87.92759704589844
483.052154541,38.9431037902832,-87.92759704589844
483.201568603,38.9431037902832,-87.92759704589844
483.350982666,38.9431037902832,-87.92759704589844
483.550201416,38.9431037902832,-87.92759704589844
483.716217041,38.9431037902832,-87.92759704589844
483.865631103,38.9431037902832,-87.92759704589844
484.015045166,38.9431037902832,-87.92759704589844
484.164459228,38.9431037902832,-87.92759704589844
484.363677978,38.9431037902832,-87.92759704589844
484.513092041,38.9431037902832,-87.92759704589844
484.662506103,38.9431037902832,-87.92759704589844
484.811920166,38.9431037902832,-87.92759704589844
485.011138916,38.9431037902832,-87.92759704589844
485.160552978,38.9431037902832,-87.92759704589844
485.309967041,38.9431037902832,-87.92759704589844
485.475982666,38.9431037902832,-87.92759704589844
485.625396728,38.9431037902832,-87.92759704589844
485.774810791,38.9431037902832,-87.92759704589844
485.974029541,38.9431037902832,-87.92759704589844
486.123443603,38.9431037902832,-87.92759704589844
486.322662353,38.9431037902832,-87.92759704589844
486.472076416,38.9431037902832,-87.92759704589844
486.621490478,38.9431037902832,-87.92759704589844
486.820709228,38.9431037902832,-87.92759704589844
486.970123291,38.9431037902832,-87.92759704589844
487.136138916,38.9431037902832,-87.92759704589844
487.285552978,38.9431037902832,-87.92759704589844
487.484771728,38.9431037902832,-87.92759704589844
487.634185791,38.9431037902832,-87.92759704589844
487.783599853,38.9431037902832,-87.92759704589844
487.933013916,38.9431037902832,-87.92759704589844
488.082427978,38.9431037902832,-87.92759704589844
488.182037353,38.9431037902832,-87.92759704589844
488.331451416,38.9431037902832,-87.92759704589844
488.530670166,38.9431037902832,-87.92759704589844
488.680084228,38.9431037902832,-87.92759704589844
488.846099853,38.9431037902832,-87.92759704589844
488.995513916,38.9431037902832,-87.92759704589844
489.194732666,38.9431037902832,-87.92759704589844
489.344146728,38.9431037902832,-87.92759704589844
489.493560791,38.9431037902832,-87.92759704589844
489.692779541,38.9431037902832,-87.92759704589844
489.842193603,38.9431037902832,-87.92759704589844
489.991607666,38.9431037902832,-87.92759704589844
490.141021728,38.9431037902832,-87.92759704589844
490.340240478,38.9431037902832,-87.92759704589844
490.506256103,38.9431037902832,-87.92759704589844
490.655670166,38.9431037902832,-87.92759704589844
490.805084228,38.9431037902832,-87.92759704589844
491.004302978,38.9431037902832,-87.92759704589844
491.153717041,38.9431037902832,-87.92759704589844
491.303131103,38.9431037902832,-87.92759704589844
491.502349853,38.9431037902832,-87.92759704589844
491.651763916,38.9431037902832,-87.92759704589844
491.801177978,38.9431037902832,-87.92759704589844
491.950592041,38.9431037902832,-87.92759704589844
492.149810791,38.9431037902832,-87.92759704589844
492.266021728,38.9431037902832,-87.92759704589844
492.415435791,38.9431037902832,-87.92759704589844
492.614654541,38.9431037902832,-87.92759704589844
492.764068603,38.9431037902832,-87.92759704589844
492.913482666,38.9431037902832,-87.92759704589844
493.062896728,38.9431037902832,-87.92759704589844
493.262115478,38.9431037902832,-87.92759704589844
493.411529541,38.9431037902832,-87.92759704589844
493.560943603,38.9431037902832,-87.92759704589844
493.710357666,38.9431037902832,-87.92759704589844
493.876373291,38.9431037902832,-87.92759704589844
494.025787353,38.9431037902832,-87.92759704589844
494.225006103,38.9431037902832,-87.92759704589844
494.374420166,38.9431037902832,-87.92759704589844
494.523834228,38.9431037902832,-87.92759704589844
494.673248291,38.9431037902832,-87.92759704589844
494.872467041,38.9431037902832,-87.92759704589844
495.021881103,38.9431037902832,-87.92759704589844
495.171295166,38.9431037902832,-87.92759704589844
495.370513916,38.9431037902832,-87.92759704589844
495.536529541,38.9431037902832,-87.92759704589844
495.685943603,38.9431037902832,-87.92759704589844
495.835357666,38.9431037902832,-87.92759704589844
495.984771728,38.9431037902832,-87.92759704589844
496.183990478,38.9431037902832,-87.92759704589844
496.333404541,38.9431037902832,-87.92759704589844
496.482818603,38.9431037902832,-87.92759704589844
496.632232666,38.9431037902832,-87.92759704589844
496.781646728,38.9431037902832,-87.92759704589844
496.980865478,38.9431037902832,-87.92759704589844
497.130279541,38.9431037902832,-87.92759704589844
497.296295166,38.9431037902832,-87.92759704589844
497.445709228,38.9431037902832,-87.92759704589844
497.595123291,38.9431037902832,-87.92759704589844
497.794342041,38.9431037902832,-87.92759704589844
497.943756103,38.9431037902832,-87.92759704589844
498.093170166,38.9431037902832,-87.92759704589844
498.292388916,38.9431037902832,-87.92759704589844
498.441802978,38.9431037902832,-87.92759704589844
498.591217041,38.9431037902832,-87.92759704589844
498.740631103,38.9431037902832,-87.92759704589844
498.890045166,38.9431037902832,-87.92759704589844
499.105865478,38.9431037902832,-87.92759704589844
499.255279541,38.9431037902832,-87.92759704589844
499.404693603,38.9431037902832,-87.92759704589844
499.603912353,38.9431037902832,-87.92759704589844
499.753326416,38.9431037902832,-87.92759704589844
499.902740478,38.9431037902832,-87.92759704589844
500.101959228,38.9431037902832,-87.92759704589844
500.251373291,38.9431037902832,-87.92759704589844
500.400787353,38.9431037902832,-87.92759704589844
500.550201416,38.9431037902832,-87.92759704589844
500.749420166,38.9431037902832,-87.92759704589844
500.915435791,38.9431037902832,-87.92759704589844
501.064849853,38.9431037902832,-87.92759704589844
501.214263916,38.9431037902832,-87.92759704589844
501.363677978,38.9431037902832,-87.92759704589844
501.513092041,38.9431037902832,-87.92759704589844
501.662506103,38.9431037902832,-87.92759704589844
501.861724853,38.9431037902832,-87.92759704589844
502.011138916,38.9431037902832,-87.92759704589844
502.160552978,38.9431037902832,-87.92759704589844
502.309967041,38.9431037902832,-87.92759704589844
502.475982666,38.9431037902832,-87.92759704589844
502.675201416,38.9431037902832,-87.92759704589844
502.824615478,38.9431037902832,-87.92759704589844
502.974029541,38.9431037902832,-87.92759704589844
503.173248291,38.9431037902832,-87.92759704589844
503.322662353,38.9431037902832,-87.92759704589844
503.472076416,38.9431037902832,-87.92759704589844
503.671295166,38.9431037902832,-87.92759704589844
503.820709228,38.9431037902832,-87.92759704589844
503.970123291,38.9431037902832,-87.92759704589844
504.185943603,38.9431037902832,-87.92759704589844
504.335357666,38.9431037902832,-87.92759704589844
504.484771728,38.9431037902832,-87.92759704589844
504.634185791,38.9431037902832,-87.92759704589844
504.783599853,38.9431037902832,-87.92759704589844
504.982818603,38.9431037902832,-87.92759704589844
505.132232666,38.9431037902832,-87.92759704589844
505.281646728,38.9431037902832,-87.92759704589844
505.480865478,38.9431037902832,-87.92759704589844
505.630279541,38.9431037902832,-87.92759704589844
505.796295166,38.9431037902832,-87.92759704589844
505.945709228,38.9431037902832,-87.92759704589844
506.144927978,38.9431037902832,-87.92759704589844
506.294342041,38.9431037902832,-87.92759704589844
506.493560791,38.9431037902832,-87.92759704589844
506.642974853,38.9431037902832,-87.92759704589844
