timestamp_sec,x,y
1.311400771,77.0999984741211,-6.199999809265137
1.460800886,77.0999984741211,-6.199999809265137
1.660001039,77.0999984741211,-6.199999809265137
1.875801205,77.0999984741211,-6.199999809265137
2.025201082,77.0999984741211,-6.199999809265137
2.224399805,77.0999984741211,-6.199999809265137
2.423598527,77.0999984741211,-6.199999809265137
2.572997570,77.0999984741211,-6.199999809265137
2.772196292,77.0999984741211,-6.199999809265137
2.971395015,77.0999984741211,-6.199999809265137
3.120794057,77.0999984741211,-6.199999809265137
3.336592674,77.0999984741211,-6.199999809265137
3.485991716,77.0999984741211,-6.199999809265137
3.685190439,77.0999984741211,-6.199999809265137
3.834589481,77.0999984741211,-6.199999809265137
4.033788681,77.0999984741211,-6.199999809265137
4.232990264,77.0999984741211,-6.199999809265137
4.382391452,77.0999984741211,-6.199999809265137
4.581593036,77.0999984741211,-6.199999809265137
4.780794620,77.0999984741211,-6.199999809265137
4.930195808,77.0999984741211,-6.199999809265137
5.096197128,77.0999984741211,-6.199999809265137
5.295398712,77.0999984741211,-6.199999809265137
5.444799900,77.0999984741211,-6.199999809265137
5.644001483,77.0999984741211,-6.199999809265137
5.743602275,77.0999984741211,-6.199999809265137
5.893003463,77.0999984741211,-6.199999809265137
6.092205047,77.0999984741211,-6.199999809265137
6.241606235,77.0999984741211,-6.199999809265137
6.440807819,77.0999984741211,-6.199999809265137
6.640009403,77.0999984741211,-6.199999809265137
6.806010723,77.0999984741211,-6.199999809265137
7.005212306,77.0999984741211,-6.199999809265137
7.204413890,77.0999984741211,-6.199999809265137
7.353815078,77.0999984741211,-6.199999809265137
7.553016662,77.0999984741211,-6.199999809265137
7.752218246,77.0999984741211,-6.199999809265137
7.901619434,77.0999984741211,-6.199999809265137
8.051018714,77.0999984741211,-6.199999809265137
8.250214576,77.0999984741211,-6.199999809265137
8.399611473,77.0999984741211,-6.199999809265137
8.615406990,77.0999984741211,-6.199999809265137
8.764803886,77.0999984741211,-6.199999809265137
8.914200782,77.0999984741211,-6.199999809265137
9.113396644,77.0999984741211,-6.199999809265137
9.262793540,77.0999984741211,-6.199999809265137
9.461989402,77.0999984741211,-6.199999809265137
9.611386299,77.0999984741211,-6.199999809265137
9.760783195,77.0999984741211,-6.199999809265137
9.910180091,77.0999984741211,-6.199999809265137
10.125975608,77.0999984741211,-6.199999809265137
10.275372505,77.0999984741211,-6.199999809265137
10.424769401,77.0999984741211,-6.199999809265137
10.623965263,77.0999984741211,-6.199999809265137
10.773362159,77.0999984741211,-6.199999809265137
10.972558021,77.0999984741211,-6.199999809265137
11.121954917,77.0999984741211,-6.199999809265137
11.271351814,77.0999984741211,-6.199999809265137
11.470547676,77.0999984741211,-6.199999809265137
11.636544227,77.0999984741211,-6.199999809265137
11.785941123,77.0999984741211,-6.199999809265137
11.985136985,77.0999984741211,-6.199999809265137
12.134533882,77.0999984741211,-6.199999809265137
12.283930778,77.0999984741211,-6.199999809265137
12.483126640,77.0999984741211,-6.199999809265137
12.632523536,77.0999984741211,-6.199999809265137
12.831719398,77.0999984741211,-6.199999809265137
12.981116294,77.0999984741211,-6.199999809265137
13.130513191,77.0999984741211,-6.199999809265137
13.279910087,77.0999984741211,-6.199999809265137
13.495705604,77.0999984741211,-6.199999809265137
13.645102500,77.0999984741211,-6.199999809265137
13.794499397,77.0999984741211,-6.199999809265137
13.943896293,77.0999984741211,-6.199999809265137
14.143092155,77.0999984741211,-6.199999809265137
14.292489051,77.0999984741211,-6.199999809265137
14.441885948,77.0999984741211,-6.199999809265137
14.641081809,77.0999984741211,-6.199999809265137
14.790478706,77.0999984741211,-6.199999809265137
14.956475257,77.0999984741211,-6.199999809265137
15.105872154,77.0999984741211,-6.199999809265137
15.305068016,77.0999984741211,-6.199999809265137
15.454464912,77.0999984741211,-6.199999809265137
15.653660774,77.0999984741211,-6.199999809265137
15.803057670,77.0999984741211,-6.199999809265137
15.952454566,77.0999984741211,-6.199999809265137
16.101852416,77.0999984741211,-6.199999809265137
16.301048278,77.0999984741211,-6.199999809265137
16.450445175,77.0999984741211,-6.199999809265137
16.616441726,77.0999984741211,-6.199999809265137
16.765838623,77.0999984741211,-6.199999809265137
16.965034484,77.0999984741211,-6.199999809265137
17.114431381,77.0999984741211,-6.199999809265137
17.263828277,77.0999984741211,-6.199999809265137
17.463024139,77.0999984741211,-6.199999809265137
17.612421035,77.09623718261719,-6.2016377449035645
17.811616897,76.91336059570312,-6.204753875732422
18.010812759,76.6954574584961,-6.082275390625
18.210008621,76.53644561767578,-5.87752628326416
18.376005172,76.44293975830078,-5.696446895599365
18.575201034,76.33709716796875,-5.469509124755859
18.774396896,76.20861053466797,-5.248434543609619
18.973592758,76.10795593261719,-5.1083784103393555
19.172788619,76.10795593261719,-5.1083784103393555
19.371984481,76.10795593261719,-5.1083784103393555
19.620979309,76.10795593261719,-5.1083784103393555
19.820175170,76.10795593261719,-5.1083784103393555
20.035970687,76.10795593261719,-5.1083784103393555
20.284965515,76.10795593261719,-5.1083784103393555
20.484161376,76.10795593261719,-5.1083784103393555
20.683357238,76.10795593261719,-5.1083784103393555
20.932352066,76.10795593261719,-5.1083784103393555
21.131547927,76.1063003540039,-5.106198787689209
21.330743789,76.10188293457031,-5.100985527038574
21.529939651,76.00812530517578,-5.084206581115723
21.695936203,75.80833435058594,-5.128803253173828
21.895132064,75.62002563476562,-5.290318012237549
22.094327926,75.48910522460938,-5.5146002769470215
22.243724822,75.39591979980469,-5.6959547996521
22.442920684,75.2602767944336,-5.914289951324463
22.592317581,75.14871215820312,-6.056247234344482
22.791513442,74.97534942626953,-6.236825466156006
22.940910339,74.82318115234375,-6.3704071044921875
23.090307235,74.6875228881836,-6.479026794433594
23.306102752,74.46235656738281,-6.655360698699951
23.455499649,74.32246398925781,-6.771737098693848
23.654695510,74.13290405273438,-6.941579341888428
23.804092407,73.98654174804688,-7.075552463531494
24.003288269,73.795166015625,-7.249513626098633
24.152685165,73.65931701660156,-7.370633125305176
24.302082061,73.50584411621094,-7.5109992027282715
24.501277923,73.3235855102539,-7.692532062530518
24.650674819,73.19234466552734,-7.812623977661133
24.849870681,73.00062561035156,-7.982113838195801
25.015867233,72.84574890136719,-8.118905067443848
25.215063095,72.65298461914062,-8.285102844238281
25.364459991,72.49563598632812,-8.421127319335938
25.563655853,72.31175994873047,-8.5829439163208
25.713052749,72.17450714111328,-8.702461242675781
25.912248611,71.97755432128906,-8.872180938720703
26.111444473,71.7938461303711,-9.036264419555664
26.260841369,71.6389389038086,-9.175063133239746
26.410238265,71.50784301757812,-9.293264389038086
26.626033782,71.36305236816406,-9.441012382507324
26.775430679,71.36305236816406,-9.441012382507324
26.974626541,71.36305236816406,-9.441012382507324
27.173822402,71.36305236816406,-9.441012382507324
27.323219299,71.36305236816406,-9.441012382507324
27.522415161,71.36305236816406,-9.441012382507324
27.671812057,71.35648345947266,-9.471970558166504
27.821208953,71.36639404296875,-9.608494758605957
28.020404815,71.4918441772461,-9.774130821228027
28.169801712,71.65522003173828,-9.851304054260254
28.385597229,71.93756103515625,-9.835281372070312
28.584793090,72.18128204345703,-9.745020866394043
28.783988952,72.42471313476562,-9.66224193572998
28.983184814,72.67701721191406,-9.622815132141113
29.132581710,72.8546371459961,-9.628621101379395
29.331777572,73.10328674316406,-9.681267738342285
29.530973434,73.34381866455078,-9.7721529006958
29.680370330,73.53059387207031,-9.863507270812988
29.846366882,73.70191192626953,-9.971290588378906
29.945964813,73.80012512207031,-10.052120208740234
30.095361709,73.92317199707031,-10.184123039245605
30.244758605,74.02887725830078,-10.354743957519531
30.443954467,74.101806640625,-10.600561141967773
30.593351364,74.11368560791016,-10.78199577331543
30.742748260,74.10069274902344,-10.984025001525879
30.941944122,74.0666732788086,-11.241776466369629
31.091341018,74.03972625732422,-11.42176628112793
31.240737915,74.0133056640625,-11.621176719665527
31.390134811,73.99533081054688,-11.795395851135254
31.556131362,73.98554992675781,-11.99493408203125
31.755327224,73.98080444335938,-12.253512382507324
31.904724121,73.98237609863281,-12.453292846679688
32.054126739,73.98446655273438,-12.631174087524414
32.253345489,73.98748779296875,-12.888418197631836
32.402759552,73.98991394042969,-13.0950345993042
32.552173614,73.99122619628906,-13.27702808380127
32.751392364,73.99124145507812,-13.530184745788574
32.900806427,74.00182342529297,-13.736496925354004
33.050220489,74.01974487304688,-13.917612075805664
33.216236114,74.03880310058594,-14.12473201751709
33.365650177,74.05261993408203,-14.330894470214844
33.564868927,74.06245422363281,-14.586588859558105
33.714282989,74.06458282470703,-14.768573760986328
33.913501739,74.06195068359375,-15.02308464050293
34.062915802,74.05921936035156,-15.224224090576172
34.212329864,74.05680847167969,-15.402101516723633
34.361743927,74.05403137207031,-15.607343673706055
34.560962677,74.05052185058594,-15.867315292358398
34.710376739,74.048095703125,-16.046560287475586
34.859790802,74.04578399658203,-16.223072052001953
35.025806427,74.0465316772461,-16.45159339904785
35.225025177,74.04871368408203,-16.706113815307617
35.374439239,74.04854583740234,-16.888107299804688
35.523853302,74.04645538330078,-17.091991424560547
35.723072052,74.04383087158203,-17.34787368774414
35.872486114,74.04277038574219,-17.52986717224121
36.071704864,74.04553985595703,-17.787118911743164
36.221118927,74.04788970947266,-17.986894607543945
36.370532989,74.04996490478516,-18.163410186767578
36.536548614,74.05237579345703,-18.368663787841797
36.735767364,74.05536651611328,-18.62317657470703
36.885181427,74.05916595458984,-18.82428741455078
37.034595489,74.07142639160156,-19.001750946044922
37.233814239,74.09119415283203,-19.25823402404785
37.383228302,74.09723663330078,-19.46613883972168
37.582447052,74.09745025634766,-19.71928596496582
37.731861114,74.09286499023438,-19.89438247680664
37.881275177,74.08521270751953,-20.098133087158203
38.080493927,74.08499145507812,-20.35809326171875
38.229907989,74.08772277832031,-20.540067672729492
38.395923614,74.08595275878906,-20.74394989013672
38.595142364,74.07719421386719,-21.00105857849121
38.744556427,74.06913757324219,-21.208898544311523
38.893970489,74.06230163574219,-21.38528823852539
39.043384552,74.0555419921875,-21.55994415283203
39.242603302,74.0555419921875,-21.55994415283203
39.392017364,74.0555419921875,-21.55994415283203
39.591236114,74.0555419921875,-21.55994415283203
39.740650177,74.0555419921875,-21.55994415283203
39.890064239,74.05506134033203,-21.57243537902832
40.056079864,74.05105590820312,-21.74554443359375
40.255298614,74.05335235595703,-21.99454689025879
40.404712677,74.07079315185547,-22.19902229309082
40.554126739,74.09256744384766,-22.379709243774414
40.703540802,74.12580871582031,-22.58501434326172
40.902759552,74.16962432861328,-22.84129524230957
41.052173614,74.19842529296875,-23.015457153320312
41.251392364,74.23603057861328,-23.265806198120117
41.400806427,74.26873779296875,-23.469831466674805
41.600025177,74.30735778808594,-23.726945877075195
41.749439239,74.33407592773438,-23.905590057373047
41.915454864,74.36581420898438,-24.10976791381836
42.114673614,74.40544891357422,-24.36395263671875
42.264087677,74.43535614013672,-24.569793701171875
42.413501739,74.45906829833984,-24.747478485107422
42.612720489,74.49493408203125,-25.002229690551758
42.762134552,74.5230712890625,-25.208316802978516
42.961353302,74.56122589111328,-25.46550178527832
43.110767364,74.58586883544922,-25.645824432373047
43.309986114,74.6190414428711,-25.892658233642578
43.476001739,74.64376068115234,-26.093671798706055
43.625415802,74.6724624633789,-26.299680709838867
43.824634552,74.70938110351562,-26.55704689025879
43.974048614,74.73664093017578,-26.732847213745117
44.123462677,74.7650375366211,-26.934749603271484
44.272876739,74.78802490234375,-27.112531661987305
44.472095489,74.81867980957031,-27.370716094970703
44.621509552,74.84613037109375,-27.575511932373047
44.770923614,74.87054443359375,-27.748958587646484
44.970142364,74.90263366699219,-27.995933532714844
45.136157989,74.93104553222656,-28.199222564697266
45.285572052,74.95999908447266,-28.405193328857422
45.484790802,74.99617767333984,-28.654367446899414
45.634204864,75.0191650390625,-28.832149505615234
45.833423614,75.05286407470703,-29.087194442749023
45.982837677,75.07596588134766,-29.291154861450195
46.132251739,75.0987319946289,-29.471723556518555
46.331470489,75.12747192382812,-29.727375030517578
46.480884552,75.15254974365234,-29.925580978393555
46.680103302,75.18324279785156,-30.17548942565918
46.846118927,75.21012115478516,-30.376222610473633
46.995532989,75.2345199584961,-30.556577682495117
47.194751739,75.26689147949219,-30.80903434753418
47.344165802,75.29210662841797,-31.01136016845703
47.493579864,75.31070709228516,-31.18690299987793
47.692798614,75.3420181274414,-31.44224739074707
47.842212677,75.36445617675781,-31.649028778076172
47.991626739,75.38406372070312,-31.827211380004883
48.141040802,75.40972137451172,-32.029483795166016
48.340259552,75.43846893310547,-32.27962112426758
48.506275177,75.46439361572266,-32.485992431640625
48.655689239,75.4844741821289,-32.666873931884766
48.805103302,75.50895690917969,-32.87066650390625
48.954517364,75.53096771240234,-33.04718780517578
49.153736114,75.56080627441406,-33.30546188354492
49.303150177,75.58666229248047,-33.511837005615234
49.502368927,75.61331939697266,-33.76496124267578
49.651782989,75.61468505859375,-33.777015686035156
49.801197052,75.61468505859375,-33.777015686035156
49.900806427,75.61468505859375,-33.777015686035156
50.100025177,75.61468505859375,-33.777015686035156
50.266040802,75.6296157836914,-33.79301071166992
50.415454864,75.7718276977539,-33.88435745239258
50.614673614,76.01508331298828,-33.90341567993164
50.813892364,76.23851013183594,-33.785247802734375
51.013111114,76.39849090576172,-33.5828971862793
51.212329864,76.54350280761719,-33.372196197509766
51.411548614,76.71990203857422,-33.18722915649414
51.610767364,76.92932891845703,-33.03853225708008
51.809986114,77.15746307373047,-32.925926208496094
51.976001739,77.34080505371094,-32.84653091430664
52.175220489,77.5746078491211,-32.75309371948242
52.374439239,77.8183364868164,-32.662593841552734
52.523853302,78.01325988769531,-32.590003967285156
52.723072052,78.25059509277344,-32.49810791015625
52.922290802,78.48897552490234,-32.4050407409668
53.121509552,78.72689819335938,-32.31858444213867
53.270923614,78.896240234375,-32.259769439697266
53.470142364,79.1441650390625,-32.181522369384766
53.685962677,79.42289733886719,-32.11802291870117
53.835376739,79.59903717041016,-32.09343719482422
54.034595489,79.85567474365234,-32.07608413696289
54.233814239,80.11553955078125,-32.06828308105469
54.433032989,80.36456298828125,-32.068580627441406
54.582447052,80.56295776367188,-32.07107162475586
54.781665802,80.8133544921875,-32.07421875
54.980884552,81.0733642578125,-32.07749938964844
55.180103302,81.32925415039062,-32.08072280883789
55.346118927,81.53176879882812,-32.08327102661133
55.545337677,81.7904052734375,-32.08653259277344
55.694751739,81.972412109375,-32.088829040527344
55.893970489,82.2116928100586,-32.08905792236328
56.093189239,82.22245025634766,-32.08868408203125
56.292407989,82.22245025634766,-32.08868408203125
56.441822052,82.23493957519531,-32.08824920654297
56.641040802,82.47455596923828,-32.08429718017578
56.840259552,82.72907257080078,-32.08348846435547
57.006275177,82.93433380126953,-32.08283233642578
57.155689239,83.11634063720703,-32.082244873046875
57.354907989,83.36673736572266,-32.081459045410156
57.554126739,83.6185073852539,-32.080665588378906
57.753345489,83.87714385986328,-32.079833984375
57.902759552,84.08515167236328,-32.07916259765625
58.101978302,84.33966827392578,-32.07835388183594
58.251392364,84.5175552368164,-32.077789306640625
58.450611114,84.77481842041016,-32.07696533203125
58.649829864,85.03482818603516,-32.07612609863281
58.815845489,85.23871612548828,-32.075477600097656
59.015064239,85.49736022949219,-32.07619857788086
59.164478302,85.70536804199219,-32.076839447021484
59.363697052,85.95988464355469,-32.0776252746582
59.513111114,86.13639831542969,-32.07817077636719
59.712329864,86.39228820800781,-32.07896041870117
59.911548614,86.65229797363281,-32.07976150512695
60.060962677,86.85618591308594,-32.08039093017578
60.260181427,87.10383605957031,-32.08115768432617
60.409595489,87.27760314941406,-32.081695556640625
60.625415802,87.55400085449219,-32.082550048828125
60.824634552,87.81263732910156,-32.08334732055664
61.023853302,88.06578063964844,-32.084129333496094
61.173267364,88.24504089355469,-32.08468246459961
61.372486114,88.50505065917969,-32.08548355102539
61.571704864,88.76231384277344,-32.08627700805664
61.721118927,88.96070861816406,-32.086891174316406
61.920337677,89.21522521972656,-32.087677001953125
62.136157989,89.47523498535156,-32.088478088378906
62.285572052,89.68186950683594,-32.089115142822266
62.484790802,89.93363952636719,-32.08989334106445
62.634204864,90.11427307128906,-32.090450286865234
62.833423614,90.37428283691406,-32.091251373291016
63.032642364,90.62742614746094,-32.09203338623047
63.231861114,90.87782287597656,-32.09280776977539
63.431079864,91.12821960449219,-32.09358215332031
63.580493927,91.33622741699219,-32.09422302246094
63.796314239,91.59486389160156,-32.09502029418945
63.945728302,91.68936157226562,-32.095314025878906
64.144943237,91.68936157226562,-32.095314025878906
64.344161987,91.68936157226562,-32.095314025878906
64.543380737,91.68936157226562,-32.095314025878906
64.742599487,91.6934585571289,-32.095367431640625
64.941818237,91.7069091796875,-32.09749984741211
65.091232299,91.72416687011719,-32.111019134521484
65.290451049,91.82666015625,-32.30792999267578
65.456466674,91.82244110107422,-32.510013580322266
65.605880737,91.74779510498047,-32.69771194458008
65.805099487,91.60531616210938,-32.9149284362793
65.954513549,91.50216674804688,-33.06485366821289
66.153732299,91.37635803222656,-33.285953521728516
66.303146362,91.293701171875,-33.47079086303711
66.452560424,91.23362731933594,-33.635292053222656
66.651779174,91.1590576171875,-33.875762939453125
66.801193237,91.10684204101562,-34.06576919555664
66.950607299,91.06327819824219,-34.2340087890625
67.100021362,91.01151275634766,-34.42839431762695
67.315841674,90.93760681152344,-34.67764663696289
67.465255737,90.8740005493164,-34.86992263793945
67.614669799,90.81477355957031,-35.040565490722656
67.813888549,90.72681427001953,-35.283782958984375
67.963302612,90.65629577636719,-35.47946548461914
68.162521362,90.57069396972656,-35.72496032714844
68.311935424,90.5093994140625,-35.89632797241211
68.511154174,90.42247772216797,-36.138458251953125
68.660568237,90.35301971435547,-36.33453369140625
68.809982299,90.29224395751953,-36.506099700927734
69.025802612,90.19876098632812,-36.773494720458984
69.175216674,90.14002227783203,-36.94575500488281
69.374435424,90.0527572631836,-37.187774658203125
69.523849487,89.9802017211914,-37.381248474121094
69.673263549,89.91751861572266,-37.5447998046875
69.772872924,89.87374114990234,-37.661380767822266
69.922286987,89.80062103271484,-37.85611343383789
70.121505737,89.7157211303711,-38.09314727783203
70.270919799,89.659423828125,-38.259002685546875
70.420333862,89.59326171875,-38.453311920166016
70.586349487,89.52350616455078,-38.647823333740234
70.785568237,89.43762969970703,-38.88597869873047
70.934982299,89.37693786621094,-39.056121826171875
71.134201049,89.29170227050781,-39.293052673339844
71.283615112,89.21903991699219,-39.48794937133789
71.482833862,89.12931060791016,-39.72466278076172
71.632247924,89.06798553466797,-39.890201568603516
71.831466674,88.97782135009766,-40.128231048583984
71.980880737,88.90441131591797,-40.318450927734375
72.130294799,88.83942413330078,-40.48551559448242
72.346115112,88.73973846435547,-40.747737884521484
72.495529174,88.67715454101562,-40.90840148925781
72.694747924,88.58514404296875,-41.14130783081055
72.844161987,88.51530456542969,-41.32994842529297
72.993576049,88.45568084716797,-41.4990119934082
73.192794799,88.36985778808594,-41.741554260253906
73.392013549,88.28018188476562,-41.98268127441406
73.541427612,88.2065200805664,-42.17426300048828
73.740646362,88.1172866821289,-42.415557861328125
73.890060424,88.08485412597656,-42.50325393676758
74.056076049,88.08485412597656,-42.50325393676758
74.255294799,88.08485412597656,-42.50325393676758
74.454513549,88.08485412597656,-42.50325393676758
74.603927612,88.08485412597656,-42.50325393676758
74.803146362,88.06465911865234,-42.49506759643555
75.002365112,87.97789001464844,-42.37712860107422
75.151779174,87.93614196777344,-42.2065315246582
75.350997924,87.96257781982422,-41.957332611083984
75.550216674,88.03499603271484,-41.707645416259766
75.716232299,88.0796127319336,-41.50459289550781
75.915451049,88.10088348388672,-41.25116729736328
76.114669799,88.0946273803711,-41.00365447998047
76.313888549,88.07499694824219,-40.75263214111328
76.463302612,88.06192016601562,-40.545047760009766
76.662521362,88.052978515625,-40.28657531738281
76.861740112,88.05220794677734,-40.036163330078125
77.060958862,88.05889129638672,-39.787208557128906
77.260177612,88.06749725341797,-39.53009033203125
77.426193237,88.07213592529297,-39.322147369384766
77.625411987,88.0718002319336,-39.07035446166992
77.824630737,88.0706558227539,-38.81582260131836
78.023849487,88.05818939208984,-38.564449310302734
78.173263549,88.0296401977539,-38.39311218261719
78.372482299,87.9448471069336,-38.149322509765625
78.571701049,87.80709838867188,-37.929420471191406
78.770919799,87.62971496582031,-37.74945831298828
78.920333862,87.46285247802734,-37.62543869018555
79.136154174,87.24935913085938,-37.484375
79.335372924,87.03337097167969,-37.33966827392578
79.484786987,86.8670654296875,-37.226524353027344
79.634201049,86.7220687866211,-37.123470306396484
79.833419799,86.52357482910156,-36.970794677734375
79.982833862,86.3653564453125,-36.844383239746094
80.182052612,86.1701431274414,-36.67682647705078
80.381271362,85.9775390625,-36.506309509277344
80.580490112,85.78124237060547,-36.335819244384766
80.729904174,85.64390563964844,-36.21638870239258
80.945724487,85.42547607421875,-36.031776428222656
81.144943237,85.22777557373047,-35.867183685302734
81.294357299,85.08586883544922,-35.753231048583984
81.493576049,84.88209533691406,-35.59176254272461
81.692794799,84.67886352539062,-35.42958450317383
81.842208862,84.51728057861328,-35.29856872558594
82.041427612,84.31743621826172,-35.13438415527344
82.240646362,84.1195297241211,-34.97429656982422
82.456466674,83.91720581054688,-34.81095504760742
82.605880737,83.75230407714844,-34.684207916259766
82.805099487,83.54476165771484,-34.52760696411133
83.004318237,83.33594512939453,-34.372718811035156
83.203536987,83.13275909423828,-34.2171516418457
83.352951049,82.99237060546875,-34.10567855834961
83.552169799,82.79530334472656,-33.9467658996582
83.751388549,82.59813690185547,-33.78580093383789
83.950607299,82.40190124511719,-33.6302490234375
84.100021362,82.2388687133789,-33.50110626220703
84.249435424,82.09664916992188,-33.38753890991211
84.465255737,81.87686920166016,-33.21767807006836
84.664474487,81.67333984375,-33.06483840942383
84.813888549,81.52920532226562,-32.95598220825195
85.013107299,81.32817840576172,-32.802085876464844
85.212326049,81.13031005859375,-32.644195556640625
85.411544799,80.92760467529297,-32.481388092041016
85.560958862,80.76689147949219,-32.35817337036133
85.760177612,80.55990600585938,-32.200862884521484
85.975997924,80.35458374023438,-32.052799224853516
86.125411987,80.18474578857422,-31.93511199951172
86.324630737,79.99130249023438,-31.77029037475586
86.523849487,79.85126495361328,-31.56575584411621
86.723068237,79.79533386230469,-31.341096878051758
86.872482299,79.79501342773438,-31.160663604736328
87.071701049,79.82796478271484,-30.906997680664062
87.270919799,79.86878967285156,-30.650230407714844
87.470138549,79.90010070800781,-30.397666931152344
87.685958862,79.91163635253906,-30.127038955688477
87.835372924,79.91211700439453,-29.945045471191406
88.034591674,79.91104888916016,-29.685054779052734
88.233810424,79.91004180908203,-29.436004638671875
88.433029174,79.90904998779297,-29.18968963623047
88.632247924,79.90801239013672,-28.935169219970703
88.831466674,79.90694427490234,-28.67517852783203
88.980880737,79.90609741210938,-28.46855354309082
89.180099487,79.90507507324219,-28.216768264770508
89.395919799,79.90406036376953,-27.966350555419922
89.545333862,79.90320587158203,-27.758358001708984
89.644943237,79.90267944335938,-27.629730224609375
89.844161987,79.90166473388672,-27.37931251525879
90.043380737,79.9006576538086,-27.13026237487793
90.242599487,79.89962005615234,-26.875741958618164
90.441818237,79.89855194091797,-26.615751266479492
90.641036987,79.89749908447266,-26.358495712280273
90.840255737,79.89649963378906,-26.11081314086914
90.989669799,79.8957748413086,-25.93292236328125
91.205490112,79.89631652832031,-25.65103530883789
91.404708862,79.89767456054688,-25.393779754638672
91.603927612,79.89903259277344,-25.136524200439453
91.803146362,79.90040588378906,-24.87653350830078
92.002365112,79.90177917480469,-24.61654281616211
92.201583862,79.9030990600586,-24.366125106811523
92.400802612,79.90447235107422,-24.10613441467285
92.600021362,79.90584564208984,-23.84614372253418
92.815841674,79.90715026855469,-23.598461151123047
93.015060424,79.90852355957031,-23.338470458984375
93.214279174,79.90989685058594,-23.078479766845703
93.413497924,79.9112319946289,-22.825326919555664
93.612716674,79.91256713867188,-22.572174072265625
93.811935424,79.91341400146484,-22.412179946899414
93.961349487,79.91341400146484,-22.412179946899414
94.210372924,79.91341400146484,-22.412179946899414
94.376388549,79.91341400146484,-22.412179946899414
94.575607299,79.91341400146484,-22.412179946899414
94.774826049,79.91341400146484,-22.412179946899414
94.974044799,79.91454315185547,-22.199522018432617
95.173263549,79.9159164428711,-21.939531326293945
95.322677612,79.9169921875,-21.735641479492188
95.521896362,79.91752624511719,-21.487958908081055
95.721115112,79.91477966308594,-21.227968215942383
95.920333862,79.91203308105469,-20.96797752380371
96.136154174,79.90939331054688,-20.717573165893555
96.335372924,79.90667724609375,-20.4603214263916
96.484786987,79.90447998046875,-20.252328872680664
96.684005737,79.90177917480469,-19.99644660949707
96.883224487,79.89918518066406,-19.750150680541992
97.082443237,79.89651489257812,-19.497007369995117
97.281661987,79.8978271484375,-19.237016677856445
97.480880737,79.90081787109375,-18.98250389099121
97.680099487,79.90373229980469,-18.734838485717773
97.895919799,79.90663146972656,-18.488542556762695
98.095138549,79.90968322753906,-18.228551864624023
98.294357299,79.91270446777344,-17.97130012512207
98.443771362,79.91506958007812,-17.77015495300293
98.692794799,79.9144058227539,-17.462276458740234
98.842208862,79.9115982055664,-17.25429916381836
99.091232299,79.9074478149414,-16.947803497314453
99.240646362,79.90473175048828,-16.748031616210938
99.456466674,79.9012680053711,-16.492162704467773
99.655685424,79.89777374267578,-16.233558654785156
99.854904174,79.89862060546875,-15.980411529541016
100.054122924,79.90238952636719,-15.7245454788208
100.253341674,79.90620422363281,-15.464573860168457
100.452560424,79.90995788574219,-15.210076332092285
100.651779174,79.91368103027344,-14.9583158493042
100.850997924,79.9157485961914,-14.702435493469238
101.050216674,79.9118881225586,-14.44246768951416
101.216232299,79.90845489501953,-14.237235069274902
101.415451049,79.9041976928711,-13.982747077941895
101.614669799,79.89984893798828,-13.722784996032715
101.813888549,79.89781951904297,-13.469643592834473
102.013107299,79.90184783935547,-13.219255447387695
102.262130737,79.90785217285156,-12.884041786193848
102.461349487,79.91250610351562,-12.624079704284668
102.660568237,79.91480255126953,-12.372307777404785
102.809982299,79.91407012939453,-12.193044662475586
103.025802612,79.91289520263672,-11.907044410705566
103.225021362,79.91187286376953,-11.655255317687988
103.424240112,79.91085815429688,-11.404834747314453
103.623458862,79.9097900390625,-11.144834518432617
103.822677612,79.90872955322266,-10.886202812194824
104.021896362,79.91261291503906,-10.631725311279297
104.171310424,79.93018341064453,-10.452048301696777
104.370529174,80.0119400024414,-10.209403038024902
104.586349487,80.1903305053711,-9.995566368103027
104.785568237,80.40453338623047,-9.895957946777344
104.984786987,80.6495132446289,-9.884002685546875
105.134201049,80.82593536376953,-9.906582832336426
105.333419799,81.07328796386719,-9.95349407196045
105.482833862,81.27699279785156,-9.98788070678711
105.682052612,81.53234100341797,-10.000178337097168
105.881271362,81.785400390625,-9.993659973144531
106.030685424,81.96466064453125,-9.992966651916504
106.229904174,82.22174835205078,-9.985733985900879
106.429122924,82.46551513671875,-9.961719512939453
106.595138549,82.6717300415039,-9.949460983276367
106.794357299,82.9316635131836,-9.953752517700195
106.993576049,83.17488861083984,-9.966830253601074
107.142990112,83.37425231933594,-9.979723930358887
107.342208862,83.61597442626953,-9.994791984558105
107.541427612,83.8647232055664,-10.00678825378418
107.690841674,84.04119873046875,-10.010536193847656
107.890060424,84.2984619140625,-10.01136302947998
108.056076049,84.5064697265625,-10.01184368133545
108.255294799,84.75691986083984,-10.012417793273926
108.404708862,84.95673370361328,-10.0128755569458
108.603927612,85.21533966064453,-10.009834289550781
108.803146362,85.47303771972656,-9.988641738891602
109.002365112,85.72498321533203,-9.964035034179688
109.151779174,85.89958953857422,-9.950149536132812
109.350997924,86.15647888183594,-9.936676979064941
109.550216674,86.41641235351562,-9.931221961975098
109.649826049,86.54641723632812,-9.931570053100586
109.815841674,86.74752044677734,-9.936141014099121
110.015060424,87.00737762451172,-9.944218635559082
110.214279174,87.26177215576172,-9.95212459564209
110.413497924,87.51141357421875,-9.97056770324707
110.562911987,87.71350860595703,-10.01784896850586
110.762130737,87.92803192138672,-10.144330024719238
110.911544799,88.0451889038086,-10.273982048034668
111.110763549,88.17023468017578,-10.501380920410156
111.260177612,88.24252319335938,-10.691986083984375
111.426193237,88.31010437011719,-10.882905960083008
111.575607299,88.37602233886719,-11.052528381347656
111.725021362,88.45719909667969,-11.239568710327148
111.874435424,88.5339584350586,-11.398514747619629
112.073654174,88.65364837646484,-11.629316329956055
112.223068237,88.75144958496094,-11.81287956237793
112.372482299,88.83796691894531,-11.972990036010742
112.571701049,88.96019744873047,-12.20245361328125
112.721115112,89.05633544921875,-12.386899948120117
112.870529174,89.1422119140625,-12.547358512878418
113.069747924,89.26244354248047,-12.774794578552246
113.235763549,89.35729217529297,-12.959914207458496
113.335372924,89.41606140136719,-13.075875282287598
113.534591674,89.53018188476562,-13.309468269348145
113.684005737,89.6119384765625,-13.500693321228027
113.833419799,89.67317962646484,-13.669136047363281
114.032638549,89.73672485351562,-13.918339729309082
114.182052612,89.76261138916016,-14.04116153717041
114.331466674,89.76309967041016,-14.047979354858398
114.480880737,89.76145935058594,-14.055949211120605
114.680099487,89.75540161132812,-14.063284873962402
114.846115112,89.6646957397461,-14.086557388305664
114.995529174,89.49263763427734,-14.051251411437988
115.194747924,89.29735565185547,-13.8851900100708
115.393966674,89.19476318359375,-13.647652626037598
115.593185424,89.14613342285156,-13.397942543029785
115.792404174,89.09508514404297,-13.152878761291504
115.991622924,89.00875091552734,-12.909361839294434
116.190841674,88.90445709228516,-12.680191040039062
116.390060424,88.80261993408203,-12.445446014404297
116.605880737,88.69400787353516,-12.183831214904785
116.805099487,88.59255981445312,-11.944450378417969
117.004318237,88.50973510742188,-11.765168190002441
117.203536987,88.5087661743164,-11.763421058654785
117.352951049,88.50360107421875,-11.761611938476562
117.552169799,88.45256042480469,-11.763032913208008
117.751388549,88.33710479736328,-11.849939346313477
117.900802612,88.24246215820312,-12.03051471710205
118.050216674,88.21321105957031,-12.202899932861328
118.216232299,88.21559143066406,-12.406521797180176
118.365646362,88.24822998046875,-12.61182975769043
118.564865112,88.3049545288086,-12.865554809570312
118.714279174,88.34654235839844,-13.042737007141113
118.863693237,88.37995147705078,-13.24646282196045
119.013107299,88.38206481933594,-13.425603866577148
119.212326049,88.35956573486328,-13.679046630859375
119.361740112,88.33102416992188,-13.885075569152832
119.511154174,88.306884765625,-14.059941291809082
119.710372924,88.28697204589844,-14.302535057067871
119.876388549,88.29368591308594,-14.502165794372559
120.025802612,88.31068420410156,-14.705350875854492
120.175216674,88.32504272460938,-14.886780738830566
120.324630737,88.3364486694336,-15.090350151062012
120.474044799,88.34652709960938,-15.263812065124512
120.673263549,88.42595672607422,-15.495658874511719
120.822677612,88.57611846923828,-15.630889892578125
121.021896362,88.82144927978516,-15.713171005249023
121.171310424,89.00237274169922,-15.731365203857422
121.370529174,89.18411254882812,-15.723684310913086
121.586349487,89.24543762207031,-15.725653648376465
121.735763549,89.292724609375,-15.756071090698242
121.885177612,89.40858459472656,-15.90984058380127
122.034591674,89.44935607910156,-16.072341918945312
122.184005737,89.44834899902344,-16.280122756958008
122.383224487,89.4547348022461,-16.52293586730957
122.532638549,89.52324676513672,-16.69016456604004
122.682052612,89.67554473876953,-16.829307556152344
122.881271362,89.92122650146484,-16.910043716430664
123.030685424,90.09941101074219,-16.92928695678711
123.229904174,90.3486328125,-16.97743034362793
123.395919799,90.52863311767578,-17.066303253173828
123.595138549,90.73468017578125,-17.215482711791992
123.744552612,90.89492797851562,-17.343746185302734
123.893966674,91.0411376953125,-17.45204734802246
124.093185424,91.26387023925781,-17.58052635192871
124.242599487,91.45085144042969,-17.668413162231445
124.441818237,91.68426513671875,-17.766399383544922
124.591232299,91.84539794921875,-17.835044860839844
124.790451049,92.08100891113281,-17.93829917907715
124.956466674,92.2701644897461,-18.024803161621094
125.155685424,92.49835968017578,-18.134408950805664
125.305099487,92.67902374267578,-18.225934982299805
125.454513549,92.83721923828125,-18.310251235961914
125.653732299,93.06527709960938,-18.435115814208984
125.803146362,93.24691009521484,-18.536476135253906
126.002365112,93.46865844726562,-18.6585636138916
126.151779174,93.62770080566406,-18.747053146362305
126.350997924,93.85440826416016,-18.87435531616211
126.500411987,94.0400619506836,-18.967937469482422
126.649826049,94.21073913574219,-19.030866622924805
126.865646362,94.4834213256836,-19.102214813232422
127.015060424,94.65748596191406,-19.145084381103516
127.164474487,94.85438537597656,-19.19253921508789
127.363693237,95.10467529296875,-19.262531280517578
127.562911987,95.34166717529297,-19.358646392822266
127.712326049,95.50419616699219,-19.43743324279785
127.911544799,95.73548126220703,-19.556180953979492
128.060958862,95.92192840576172,-19.648365020751953
128.260177612,96.15585327148438,-19.740278244018555
128.475997924,96.4098129272461,-19.735580444335938
128.675216674,96.62763977050781,-19.607677459716797
128.874435424,96.81238555908203,-19.4248046875
129.023849487,96.96388244628906,-19.294757843017578
129.223068237,97.19231414794922,-19.176776885986328
129.422286987,97.45018768310547,-19.156686782836914
129.621505737,97.67060852050781,-19.18598747253418
129.770919799,97.67257690429688,-19.186330795288086
129.970138549,97.67527770996094,-19.186786651611328
130.185958862,97.69023895263672,-19.187192916870117
130.335372924,97.71287536621094,-19.1777286529541
130.534591674,97.83580780029297,-19.028175354003906
130.733810424,97.86882781982422,-18.79721450805664
130.933029174,97.76957702636719,-18.56252098083496
131.132247924,97.65599822998047,-18.426286697387695
131.331466674,97.65599822998047,-18.426286697387695
131.530685424,97.65599822998047,-18.426286697387695
131.729904174,97.65599822998047,-18.426286697387695
131.895919799,97.65599822998047,-18.426286697387695
132.095138549,97.65599822998047,-18.426286697387695
132.294357299,97.65467071533203,-18.345298767089844
132.493576049,97.74234008789062,-18.145458221435547
132.692794799,97.94369506835938,-18.014429092407227
132.842208862,98.14730834960938,-18.001876831054688
133.041427612,98.40127563476562,-18.05647850036621
133.240646362,98.6483383178711,-18.123125076293945
133.390060424,98.82599639892578,-18.162342071533203
133.605880737,99.10504150390625,-18.18921661376953
133.805099487,99.35529327392578,-18.16747283935547
134.004318237,99.46284484863281,-18.137710571289062
134.203536987,99.46284484863281,-18.137710571289062
134.402755737,99.46284484863281,-18.137710571289062
134.552169799,99.46284484863281,-18.137710571289062
134.751388549,99.47462463378906,-18.133533477783203
134.950607299,99.67241668701172,-18.085662841796875
135.149826049,99.86264038085938,-18.131540298461914
135.315841674,100.00113677978516,-18.263324737548828
135.465255737,100.08204650878906,-18.45361328125
135.664474487,100.08495330810547,-18.712055206298828
135.813888549,100.04790496826172,-18.890199661254883
135.963302612,100.00293731689453,-19.093280792236328
136.112716674,99.96588134765625,-19.271467208862305
136.311935424,99.93864440917969,-19.521448135375977
136.461349487,99.9545669555664,-19.725831985473633
136.610763549,99.99774932861328,-19.902477264404297
136.809982299,100.08857727050781,-20.14298439025879
136.975997924,100.17606353759766,-20.331674575805664
137.125411987,100.26836395263672,-20.51807403564453
137.324630737,100.38457489013672,-20.746055603027344
137.474044799,100.46541595458984,-20.904512405395508
137.673263549,100.57829284667969,-21.138717651367188
137.822677612,100.66659545898438,-21.3270320892334
137.972091674,100.73905944824219,-21.490991592407227
138.171310424,100.83770751953125,-21.73153305053711
138.320724487,100.91363525390625,-21.92222785949707
138.536544799,101.01283264160156,-22.161073684692383
138.685958862,101.09154510498047,-22.349159240722656
138.835372924,101.16392517089844,-22.51315689086914
139.034591674,101.27093505859375,-22.750104904174805
139.184005737,101.35689544677734,-22.936492919921875
139.383224487,101.46232604980469,-23.174144744873047
139.532638549,101.53303527832031,-23.337377548217773
139.682052612,101.61338806152344,-23.526260375976562
139.881271362,101.71746063232422,-23.764509201049805
140.030685424,101.79046630859375,-23.931215286254883
140.229904174,101.89544677734375,-24.16907501220703
140.395919799,101.97821807861328,-24.359888076782227
140.545333862,102.05618286132812,-24.548280715942383
140.744552612,102.11000061035156,-24.68631362915039
140.893966674,102.17522430419922,-24.855144500732422
141.093185424,102.27120208740234,-25.096763610839844
141.242599487,102.35087585449219,-25.285926818847656
141.441818237,102.45604705810547,-25.5176944732666
141.591232299,102.53201293945312,-25.678550720214844
141.790451049,102.6417007446289,-25.905181884765625
141.939865112,102.72288513183594,-26.06806182861328
142.105880737,102.8294448852539,-26.276390075683594
142.305099487,102.94891357421875,-26.50730323791504
142.504318237,103.06875610351562,-26.738027572631836
142.653732299,103.15461730957031,-26.89849853515625
142.852951049,103.27462005615234,-27.1291446685791
143.002365112,103.3691177368164,-27.314435958862305
143.201583862,103.46992492675781,-27.505083084106445
143.350997924,103.46992492675781,-27.505083084106445
143.550216674,103.46992492675781,-27.505083084106445
143.716232299,103.46992492675781,-27.505083084106445
143.915451049,103.46992492675781,-27.505083084106445
144.064865112,103.46992492675781,-27.505083084106445
144.264083862,103.48731994628906,-27.538307189941406
144.413497924,103.55244445800781,-27.70058250427246
144.612716674,103.58441162109375,-27.93985939025879
144.762130737,103.57169342041016,-28.14326286315918
144.911544799,103.54798126220703,-28.31125259399414
145.110763549,103.50325775146484,-28.567378997802734
145.260177612,103.47345733642578,-28.767677307128906
145.426193237,103.4561767578125,-28.972192764282227
145.625411987,103.44316101074219,-29.22774887084961
145.774826049,103.43875122070312,-29.40968894958496
145.974044799,103.43937683105469,-29.665571212768555
146.123458862,103.44340515136719,-29.86805534362793
146.272872924,103.44425964355469,-29.910545349121094
146.472091674,103.44425964355469,-29.910545349121094
146.621505737,103.44425964355469,-29.910545349121094
146.820724487,103.44430541992188,-29.913280487060547
146.920333862,103.44400787353516,-29.92011070251465
147.086349487,103.44056701660156,-29.930402755737305
147.235763549,103.43980407714844,-29.931541442871094
147.385177612,103.40311431884766,-29.93907356262207
147.584396362,103.16908264160156,-29.89240074157715
147.783615112,102.99212646484375,-29.71622085571289
147.982833862,102.91732025146484,-29.473289489746094
148.132247924,102.90328979492188,-29.295989990234375
148.331466674,102.88064575195312,-29.039857864379883
148.530685424,102.82681274414062,-28.78573226928711
148.729904174,102.73616790771484,-28.551172256469727
148.895919799,102.63941955566406,-28.374862670898438
149.095138549,102.50102233886719,-28.159669876098633
149.294357299,102.35588836669922,-27.945615768432617
149.443771362,102.23514556884766,-27.776247024536133
149.642990112,102.19535827636719,-27.720483779907227
149.842208862,102.19535827636719,-27.720483779907227
150.041427612,102.19535827636719,-27.720483779907227
150.240646362,102.19535827636719,-27.720483779907227
150.390060424,102.19535827636719,-27.720483779907227
150.605880737,102.19535827636719,-27.720483779907227
150.805099487,102.19535827636719,-27.720483779907227
150.954513549,102.19535827636719,-27.720483779907227
151.153732299,102.19535827636719,-27.720483779907227
151.352951049,102.20602416992188,-27.722858428955078
151.552169799,102.28033447265625,-27.793176651000977
151.701583862,102.3677749633789,-27.980466842651367
151.850997924,102.38955688476562,-28.1606502532959
152.050216674,102.36299896240234,-28.41616439819336
152.149826049,102.334228515625,-28.538711547851562
152.365646362,102.25936889648438,-28.8118953704834
152.515060424,102.22075653076172,-28.989717483520508
152.664474487,102.19149017333984,-29.192832946777344
152.813888549,102.17884826660156,-29.368873596191406
153.013107299,102.17660522460938,-29.61789894104004
153.162521362,102.17973327636719,-29.823139190673828
153.311935424,102.18272399902344,-30.00511932373047
153.511154174,102.18692779541016,-30.260982513427734
153.660568237,102.1902084350586,-30.460742950439453
153.809982299,102.19313049316406,-30.638614654541016
153.975997924,102.19654846191406,-30.84659194946289
154.175216674,102.2002944946289,-31.103830337524414
154.324630737,102.2010269165039,-31.30088233947754
154.474044799,102.20169830322266,-31.47877311706543
154.673263549,102.20269012451172,-31.7387638092041
154.822677612,102.20348358154297,-31.94675636291504
154.972091674,102.20416259765625,-32.12601852416992
155.171310424,102.20272827148438,-32.3777961730957
155.320724487,102.200927734375,-32.58304214477539
155.470138549,102.19932556152344,-32.76502227783203
155.636154174,102.20635223388672,-32.97285079956055
155.835372924,102.22706604003906,-33.223777770996094
155.984786987,102.2432632446289,-33.43113708496094
156.134201049,102.25313568115234,-33.61286544799805
156.283615112,102.25944519042969,-33.818023681640625
156.482833862,102.27214813232422,-34.07767868041992
156.632247924,102.28732299804688,-34.25628662109375
156.781661987,102.30226135253906,-34.463741302490234
156.980880737,102.31221771240234,-34.68053436279297
157.130294799,102.312255859375,-34.68153381347656
157.296310424,102.31259155273438,-34.682861328125
157.495529174,102.33269500732422,-34.710105895996094
157.694747924,102.54377746582031,-34.8080940246582
157.844161987,102.74120330810547,-34.79144287109375
158.043380737,102.95642852783203,-34.65762710571289
158.242599487,103.11893463134766,-34.45512390136719
158.441818237,103.27934265136719,-34.25061798095703
158.641036987,103.46573638916016,-34.06987762451172
158.840255737,103.67333221435547,-33.93016815185547
159.006271362,103.8572006225586,-33.83302307128906
159.205490112,104.09082794189453,-33.72868728637695
159.404708862,104.32917785644531,-33.635597229003906
159.603927612,104.57088470458984,-33.54751968383789
159.803146362,104.8157958984375,-33.46027755737305
160.002365112,105.05510711669922,-33.369667053222656
160.151779174,105.22119140625,-33.305931091308594
160.350997924,105.46332550048828,-33.219017028808594
160.550216674,105.70829010009766,-33.135990142822266
160.716232299,105.90576934814453,-33.07527542114258
160.915451049,106.15953063964844,-33.019081115722656
161.114669799,106.40797424316406,-32.98839569091797
161.313888549,106.65814971923828,-32.97795104980469
161.463302612,106.86614227294922,-32.975608825683594
161.662521362,107.12612915039062,-32.975120544433594
161.811935424,107.30767822265625,-32.96272277832031
162.011154174,107.56376647949219,-32.92687225341797
162.210372924,107.81898498535156,-32.88494110107422
162.376388549,108.02269744873047,-32.843162536621094
162.575607299,108.27286529541016,-32.78322219848633
162.774826049,108.52290344238281,-32.7359619140625
162.974044799,108.77877807617188,-32.69832229614258
163.173263549,109.03462219238281,-32.652381896972656
163.322677612,109.23749542236328,-32.606502532958984
163.521896362,109.4867172241211,-32.54853820800781
163.721115112,109.72926330566406,-32.49199295043945
163.920333862,109.97785949707031,-32.44451904296875
164.086349487,110.12229919433594,-32.427127838134766
164.285568237,110.123291015625,-32.427024841308594
164.484786987,110.123291015625,-32.427024841308594
164.684005737,110.16062927246094,-32.42352294921875
164.883224487,110.41830444335938,-32.41077423095703
165.082443237,110.67414855957031,-32.407569885253906
165.281661987,110.92398071289062,-32.423851013183594
165.431076049,111.09952545166016,-32.4423942565918
165.630294799,111.35505676269531,-32.472251892089844
165.846115112,111.6396484375,-32.50043487548828
166.045333862,111.89588928222656,-32.523197174072266
166.244552612,112.15133666992188,-32.5535888671875
166.393966674,112.3304214477539,-32.585872650146484
166.593185424,112.58240509033203,-32.63776779174805
166.792404174,112.83003234863281,-32.69033432006836
166.892013549,112.95661926269531,-32.713104248046875
167.041427612,113.1593017578125,-32.74559783935547
167.240646362,113.41618347167969,-32.78569412231445
167.456466674,113.66954803466797,-32.83021545410156
167.605880737,113.8703842163086,-32.878578186035156
167.805099487,114.11056518554688,-32.94937515258789
168.004318237,114.31602478027344,-33.014888763427734
168.153732299,114.31793212890625,-33.0154914855957
168.352951049,114.32984924316406,-33.01927185058594
168.552169799,114.5586166381836,-33.064674377441406
168.751388549,114.80345916748047,-33.0071907043457
168.950607299,114.99900817871094,-32.83987808227539
169.149826049,115.15988159179688,-32.64444351196289
169.315841674,115.29938507080078,-32.49213790893555
169.515060424,115.49327850341797,-32.32530975341797
169.714279174,115.7038803100586,-32.17776870727539
169.913497924,115.93280792236328,-32.05481719970703
170.062911987,116.12284851074219,-31.970272064208984
170.262130737,116.35884857177734,-31.867877960205078
170.461349487,116.59078216552734,-31.759817123413086
170.660568237,116.8200912475586,-31.64320945739746
170.859786987,117.02496337890625,-31.535900115966797
171.025802612,117.23226165771484,-31.427324295043945
171.225021362,117.45697784423828,-31.313766479492188
171.424240112,117.65341186523438,-31.221515655517578
171.623458862,117.65522766113281,-31.220684051513672
171.822677612,117.65522766113281,-31.220684051513672
171.972091674,117.65522766113281,-31.220684051513672
172.171310424,117.66659545898438,-31.215486526489258
172.370529174,117.87983703613281,-31.138652801513672
172.586349487,118.15782928466797,-31.09375
172.785568237,118.41638946533203,-31.066373825073242
172.984786987,118.67335510253906,-31.027297973632812
173.184005737,118.71499633789062,-31.01880645751953
173.383224487,118.71499633789062,-31.01880645751953
173.532638549,118.71499633789062,-31.01880645751953
173.731857299,118.71499633789062,-31.01880645751953
173.881271362,118.72208404541016,-31.06364631652832
174.080490112,118.66417694091797,-31.303497314453125
174.229904174,118.54178619384766,-31.436668395996094
174.395919799,118.35208892822266,-31.51837158203125
174.545333862,118.14535522460938,-31.538043975830078
174.744552612,117.88595581054688,-31.52378273010254
174.893966674,117.70492553710938,-31.505123138427734
175.093185424,117.44515991210938,-31.499605178833008
175.242599487,117.24373626708984,-31.519920349121094
175.392013549,117.06938171386719,-31.55502700805664
175.541427612,116.87423706054688,-31.609086990356445
175.740646362,116.63246154785156,-31.692827224731445
175.890060424,116.46572875976562,-31.754789352416992
176.056076049,116.2780532836914,-31.823270797729492
176.205490112,116.08234405517578,-31.893712997436523
176.404708862,115.835693359375,-31.975915908813477
176.554122924,115.66108703613281,-32.027156829833984
176.703536987,115.46327209472656,-32.070377349853516
176.852951049,115.28997039794922,-32.09556579589844
177.002365112,115.08666229248047,-32.110538482666016
177.201583862,114.83220672607422,-32.10837936401367
177.350997924,114.65042877197266,-32.099639892578125
177.550216674,114.39505767822266,-32.08349609375
177.649826049,114.26945495605469,-32.0750732421875
177.865646362,113.99090576171875,-32.056884765625
178.015060424,113.80909729003906,-32.04872131347656
178.164474487,113.60388946533203,-32.044349670410156
178.363693237,113.34937286376953,-32.044952392578125
178.513107299,113.17011260986328,-32.04595184326172
178.662521362,112.96210479736328,-32.04711151123047
178.811935424,112.78009796142578,-32.048126220703125
179.011154174,112.52832794189453,-32.049530029296875
179.160568237,112.32718658447266,-32.05065155029297
179.309982299,112.15067291259766,-32.0516357421875
179.475997924,111.94266510009766,-32.05279541015625
179.675216674,111.69364166259766,-32.05418395996094
179.824630737,111.49524688720703,-32.05529022216797
179.974044799,111.31598663330078,-32.05628967285156
180.173263549,111.05597686767578,-32.0577392578125
180.322677612,110.8493423461914,-32.05889129638672
180.472091674,110.67420196533203,-32.05986785888672
180.671310424,110.42517852783203,-32.061256408691406
180.820724487,110.22403717041016,-32.0623779296875
180.970138549,110.04203033447266,-32.063392639160156
181.185958862,109.76012420654297,-32.06449890136719
181.335372924,109.58086395263672,-32.06275939941406
181.484786987,109.37285614013672,-32.06065368652344
181.684005737,109.11284637451172,-32.058021545410156
181.833419799,108.93770599365234,-32.056236267089844
181.982833862,108.74068450927734,-32.054222106933594
182.182052612,108.48501586914062,-32.04500198364258
182.331466674,108.31214904785156,-32.01777267456055
182.530685424,108.07550811767578,-31.92995262145996
182.680099487,107.90956115722656,-31.814638137817383
182.895919799,107.73231506347656,-31.62491798400879
183.045333862,107.61376953125,-31.45577049255371
183.244552612,107.47924041748047,-31.242935180664062
183.393966674,107.3846435546875,-31.093891143798828
183.593185424,107.24578094482422,-30.88386344909668
183.792404174,107.0938720703125,-30.6796932220459
183.941818237,106.96640014648438,-30.518814086914062
184.141036987,106.80364227294922,-30.32135772705078
184.290451049,106.6843032836914,-30.183948516845703
184.506271362,106.49732971191406,-29.971139907836914
184.655685424,106.3797378540039,-29.83223533630371
184.854904174,106.21571350097656,-29.630502700805664
185.004318237,106.08600616455078,-29.467899322509766
185.203536987,105.92720794677734,-29.26203727722168
185.352951049,105.8167724609375,-29.120834350585938
185.552169799,105.6607437133789,-28.916296005249023
185.701583862,105.53480529785156,-28.750768661499023
185.900802612,105.37535095214844,-28.55240821838379
186.100021362,105.21764373779297,-28.35613441467285
186.249435424,105.10516357421875,-28.214807510375977
186.465255737,104.92930603027344,-28.003318786621094
186.614669799,104.81525421142578,-27.861492156982422
186.764083862,104.68782043457031,-27.697114944458008
186.913497924,104.58329772949219,-27.556564331054688
187.062911987,104.45955657958984,-27.389368057250977
187.262130737,104.3098373413086,-27.183544158935547
187.461349487,104.1570053100586,-26.978343963623047
187.610763549,104.0425033569336,-26.836877822875977
187.809982299,103.88106536865234,-26.640104293823242
187.975997924,103.75149536132812,-26.477401733398438
188.175216674,103.5987319946289,-26.27898406982422
188.324630737,103.4764633178711,-26.117528915405273
188.523849487,103.32386779785156,-25.913829803466797
188.673263549,103.21691131591797,-25.76997184753418
188.872482299,103.05915832519531,-25.563322067260742
189.071701049,102.90428161621094,-25.36134910583496
189.270919799,102.74432373046875,-25.15639305114746
189.420333862,102.61803436279297,-24.999832153320312
189.636154174,102.45563507080078,-24.79855728149414
189.785568237,102.32587432861328,-24.63600730895996
189.984786987,102.16560363769531,-24.43828582763672
190.184005737,102.01506805419922,-24.243324279785156
190.333419799,101.89925384521484,-24.102970123291016
190.532638549,101.7259292602539,-23.912878036499023
190.682052612,101.5819320678711,-23.762821197509766
190.881271362,101.38853454589844,-23.589153289794922
191.080490112,101.19749450683594,-23.431522369384766
191.229904174,101.06494140625,-23.325904846191406
191.445724487,101.04225158691406,-23.30783462524414
191.595138549,101.04225158691406,-23.30783462524414
191.794357299,101.04225158691406,-23.30783462524414
191.943771362,101.04225158691406,-23.30783462524414
192.142990112,101.04225158691406,-23.30783462524414
192.342208862,101.04225158691406,-23.30783462524414
192.491622924,101.04225158691406,-23.30783462524414
192.690841674,101.04225158691406,-23.30783462524414
192.890060424,101.04225158691406,-23.30783462524414
193.105880737,101.08921813964844,-23.290857315063477
193.255294799,101.25396728515625,-23.2806453704834
193.454513549,101.48050689697266,-23.388700485229492
193.653732299,101.64083862304688,-23.59191131591797
193.803146362,101.73810577392578,-23.77570343017578
194.002365112,101.85590362548828,-23.996633529663086
194.151779174,101.95101928710938,-24.146928787231445
194.350997924,102.10289001464844,-24.34760856628418
194.500411987,102.23274993896484,-24.492149353027344
194.649826049,102.35214233398438,-24.624034881591797
194.865646362,102.53950500488281,-24.834657669067383
195.015060424,102.65914916992188,-24.971811294555664
195.214279174,102.8281478881836,-25.169384002685547
195.363693237,102.96165466308594,-25.32887840270996
195.562911987,103.12089538574219,-25.5239200592041
195.712326049,103.23282623291016,-25.6639404296875
195.911544799,103.38961029052734,-25.862695693969727
196.060958862,103.52096557617188,-26.023948669433594
196.260177612,103.69345092773438,-26.218509674072266
196.409591674,103.80888366699219,-26.35386085510254
196.625411987,103.98450469970703,-26.576074600219727
196.774826049,104.09384155273438,-26.71985626220703
196.924240112,104.21979522705078,-26.88365364074707
197.123458862,104.37886047363281,-27.084075927734375
197.272872924,104.49256134033203,-27.22443199157715
197.472091674,104.649169921875,-27.42506217956543
197.621505737,104.77477264404297,-27.58565330505371
197.770919799,104.89039611816406,-27.726200103759766
197.970138549,105.05327606201172,-27.92531967163086
198.169357299,105.21227264404297,-28.125818252563477
198.335372924,105.33438873291016,-28.285663604736328
198.484786987,105.46617889404297,-28.44658088684082
198.684005737,105.6252212524414,-28.64177703857422
198.833419799,105.7359848022461,-28.782726287841797
199.032638549,105.89488983154297,-28.988521575927734
199.182052612,106.0230712890625,-29.15233039855957
199.381271362,106.18157958984375,-29.358421325683594
199.530685424,106.29151153564453,-29.503467559814453
199.729904174,106.44575500488281,-29.709352493286133
199.895919799,106.56840515136719,-29.868789672851562
200.095138549,106.72494506835938,-30.07636833190918
200.244552612,106.85417175292969,-30.23936653137207
200.443771362,107.0204849243164,-30.43921661376953
200.593185424,107.13712310791016,-30.578927993774414
200.742599487,107.2653579711914,-30.73920249938965
200.941818237,107.42158508300781,-30.941865921020508
201.091232299,107.5267105102539,-31.083675384521484
201.290451049,107.68116760253906,-31.292823791503906
201.439865112,107.78657531738281,-31.44119644165039
201.605880737,107.91716003417969,-31.630395889282227
201.805099487,108.07040405273438,-31.836894989013672
201.954513549,108.1995849609375,-31.96473503112793
202.153732299,108.41914367675781,-32.097206115722656
202.352951049,108.66972351074219,-32.16322326660156
202.502365112,108.8650894165039,-32.16862106323242
202.701583862,109.11450958251953,-32.13504409790039
202.900802612,109.36460876464844,-32.09584045410156
203.100021362,109.61461639404297,-32.066287994384766
203.315841674,109.8702163696289,-32.05463409423828
203.465255737,110.07682037353516,-32.05178451538086
203.664474487,110.32994842529297,-32.055503845214844
203.863693237,110.5869369506836,-32.067176818847656
204.062911987,110.84656524658203,-32.08125305175781
204.212326049,111.02703094482422,-32.08875274658203
204.411544799,111.2787857055664,-32.09245681762695
204.610763549,111.53742980957031,-32.09257125854492
204.809982299,111.79743957519531,-32.09268569946289
204.975997924,111.99998474121094,-32.092777252197266
205.175216674,112.25726318359375,-32.092891693115234
205.374435424,112.51727294921875,-32.0930061340332
205.573654174,112.77182006835938,-32.09312057495117
205.723068237,112.974365234375,-32.09321212768555
205.922286987,113.234375,-32.093326568603516
206.121505737,113.494384765625,-32.093441009521484
206.270919799,113.66956329345703,-32.09352111816406
206.470138549,113.92137908935547,-32.09363555908203
206.685958862,114.20329284667969,-32.0937614440918
206.735763549,114.25529479980469,-32.09378433227539
206.934982299,114.50711059570312,-32.09389877319336
207.134201049,114.75892639160156,-32.09401321411133
207.333419799,115.01209259033203,-32.0941276550293
207.532638549,115.27207946777344,-32.09260559082031
207.731857299,115.52751922607422,-32.06389236450195
207.931076049,115.76704406738281,-31.992944717407227
208.080490112,115.93648529052734,-31.893186569213867
208.296310424,116.12520599365234,-31.71698760986328
208.495529174,116.27542877197266,-31.518651962280273
208.644943237,116.38674926757812,-31.342947006225586
208.844161987,116.5178451538086,-31.12798500061035
209.043380737,116.65463256835938,-30.918237686157227
209.242599487,116.80634307861328,-30.70883560180664
209.441818237,116.9632568359375,-30.504955291748047
209.591232299,117.07909393310547,-30.366363525390625
209.790451049,117.241943359375,-30.172544479370117
210.006271362,117.42670440673828,-29.95423698425293
210.155685424,117.54375457763672,-29.81847381591797
210.354904174,117.71268463134766,-29.620847702026367
210.554122924,117.87690734863281,-29.41928482055664
210.753341674,118.03510284423828,-29.2164306640625
210.902755737,118.1584701538086,-29.048961639404297
211.101974487,118.28208923339844,-28.87729835510254
211.301193237,118.28208923339844,-28.87729835510254
211.450607299,118.28208923339844,-28.87729835510254
211.649826049,118.28208923339844,-28.87729835510254
211.849044799,118.28208923339844,-28.87729835510254
212.015060424,118.28208923339844,-28.87729835510254
212.214279174,118.3901138305664,-28.735870361328125
212.413497924,118.55216979980469,-28.537817001342773
212.612716674,118.7177734375,-28.33737564086914
212.811935424,118.88108825683594,-28.138591766357422
213.011154174,119.04658508300781,-27.938045501708984
213.210372924,119.20793151855469,-27.737651824951172
213.376388549,119.33552551269531,-27.57685661315918
213.575607299,119.49459838867188,-27.374643325805664
213.774826049,119.65275573730469,-27.16828155517578
213.974044799,119.80615997314453,-26.961748123168945
214.173263549,119.95556640625,-26.759082794189453
214.372482299,120.11063385009766,-26.555524826049805
214.521896362,120.23556518554688,-26.392662048339844
214.721115112,120.39322662353516,-26.19110107421875
214.920333862,120.54822540283203,-25.990936279296875
215.136154174,120.70291137695312,-25.781953811645508
215.335372924,120.859375,-25.574302673339844
215.484786987,120.98680114746094,-25.40989875793457
215.684005737,121.14761352539062,-25.205596923828125
215.883224487,121.30754852294922,-25.000606536865234
216.032638549,121.42196655273438,-24.85907554626465
216.231857299,121.58330535888672,-24.660457611083984
216.431076049,121.7449951171875,-24.45862579345703
216.630294799,121.90140533447266,-24.25437355041504
216.846115112,122.06581115722656,-24.03558921813965
217.045333862,122.21856689453125,-23.83029556274414
217.244552612,122.37762451171875,-23.62813949584961
217.443771362,122.54295349121094,-23.427480697631836
217.642990112,122.712158203125,-23.23011016845703
217.792404174,122.83785247802734,-23.098493576049805
217.991622924,123.01268005371094,-22.9191951751709
218.190841674,123.18917846679688,-22.733919143676758
218.439865112,123.40337371826172,-22.507068634033203
218.605880737,123.55928039550781,-22.34000015258789
218.805099487,123.722900390625,-22.154064178466797
219.004318237,123.89043426513672,-21.957021713256836
219.203536987,124.06159210205078,-21.76129913330078
219.402755737,124.23103332519531,-21.573211669921875
219.552169799,124.3525161743164,-21.437694549560547
219.751388549,124.52739715576172,-21.245304107666016
219.950607299,124.69605255126953,-21.063915252685547
220.149826049,124.87310791015625,-20.873519897460938
220.365646362,125.06481170654297,-20.668731689453125
220.515060424,125.1883773803711,-20.53697967529297
220.714279174,125.35224914550781,-20.34943389892578
220.913497924,125.51848602294922,-20.154895782470703
221.112716674,125.68852996826172,-19.958208084106445
221.262130737,125.82394409179688,-19.800321578979492
221.461349487,125.99174499511719,-19.607133865356445
221.660568237,126.16480255126953,-19.422412872314453
221.876388549,126.34257507324219,-19.23270034790039
222.075607299,126.5147705078125,-19.03790283203125
222.274826049,126.67882537841797,-18.848705291748047
222.424240112,126.81560516357422,-18.691997528076172
222.623458862,126.98087310791016,-18.50567626953125
222.822677612,127.08548736572266,-18.388259887695312
223.021896362,127.08548736572266,-18.388259887695312
223.221115112,127.08548736572266,-18.388259887695312
223.420333862,127.08548736572266,-18.388259887695312
223.569747924,127.08548736572266,-18.388259887695312
223.785568237,127.08548736572266,-18.388259887695312
223.984786987,127.08548736572266,-18.388259887695312
224.184005737,127.08548736572266,-18.388259887695312
224.383224487,127.09051513671875,-18.392902374267578
224.582443237,127.14839935302734,-18.527353286743164
224.731857299,127.14617919921875,-18.699872970581055
224.881271362,127.0561294555664,-18.879180908203125
225.030685424,126.92171478271484,-18.990219116210938
225.180099487,126.73672485351562,-19.081775665283203
225.346115112,126.54542541503906,-19.15987777709961
225.495529174,126.3836669921875,-19.233842849731445
225.644943237,126.21437072753906,-19.334426879882812
225.794357299,126.0693359375,-19.444259643554688
225.943771362,125.92265319824219,-19.579814910888672
226.142990112,125.74783325195312,-19.772151947021484
226.292404174,125.63343811035156,-19.90839385986328
226.441818237,125.50437927246094,-20.06446647644043
226.591232299,125.38822937011719,-20.20458221435547
226.641036987,125.33812713623047,-20.264360427856445
226.790451049,125.21996307373047,-20.402786254882812
226.956466674,125.08373260498047,-20.55996322631836
227.105880737,124.94487762451172,-20.714805603027344
227.255294799,124.828369140625,-20.841909408569336
227.454513549,124.6508560180664,-21.031871795654297
227.603927612,124.5094985961914,-21.184446334838867
227.753341674,124.38631439208984,-21.31840705871582
227.902755737,124.25414276123047,-21.460840225219727
228.052169799,124.13004302978516,-21.593971252441406
228.251388549,123.95325469970703,-21.784603118896484
228.400802612,123.81303405761719,-21.93450355529785
228.550216674,123.69084930419922,-22.063798904418945
228.716232299,123.54862213134766,-22.21370506286621
228.865646362,123.41104888916016,-22.369680404663086
229.015060424,123.2911605834961,-22.506601333618164
229.164474487,123.16012573242188,-22.65740966796875
229.313888549,123.04192352294922,-22.79400062561035
229.513107299,122.87357330322266,-22.9885196685791
229.662521362,122.7350845336914,-23.143688201904297
229.811935424,122.61153411865234,-23.27731704711914
229.961349487,122.4767074584961,-23.42658042907715
230.110763549,122.35831451416016,-23.55934715270996
230.309982299,122.18611907958984,-23.748615264892578
230.475997924,122.04866790771484,-23.901042938232422
230.625411987,121.9120101928711,-24.057842254638672
230.774826049,121.79930114746094,-24.190135955810547
230.924240112,121.66769409179688,-24.345882415771484
231.073654174,121.54983520507812,-24.484573364257812
231.223068237,121.4156494140625,-24.64350700378418
231.422286987,121.2514419555664,-24.841550827026367
231.571701049,121.13868713378906,-24.979156494140625
231.721115112,121.0064468383789,-25.139719009399414
231.870529174,120.89713287353516,-25.280061721801758
232.019943237,120.7903823852539,-25.42066192626953
232.185958862,120.6527328491211,-25.599647521972656
232.335372924,120.53958129882812,-25.74219512939453
232.484786987,120.41204071044922,-25.904769897460938
232.634201049,120.30264282226562,-26.050222396850586
232.783615112,120.17691802978516,-26.21592903137207
232.933029174,120.06774139404297,-26.359851837158203
233.082443237,119.94155883789062,-26.525209426879883
233.281661987,119.78279113769531,-26.7310848236084
233.431076049,119.66820526123047,-26.87248420715332
233.580490112,119.53974151611328,-27.034318923950195
233.729904174,119.43037414550781,-27.174617767333984
233.929122924,119.27308654785156,-27.374725341796875
234.095138549,119.14454650878906,-27.538253784179688
234.244552612,119.02200317382812,-27.696043014526367
234.393966674,118.91439819335938,-27.841123580932617
234.543380737,118.79003143310547,-28.007843017578125
234.742599487,118.63890075683594,-28.2126407623291
234.892013549,118.5305404663086,-28.35886573791504
235.041427612,118.40682983398438,-28.52607536315918
235.190841674,118.29762268066406,-28.671659469604492
235.340255737,118.17341613769531,-28.83506965637207
235.506271362,118.04707336425781,-29.000307083129883
235.705490112,117.8893051147461,-29.206974029541016
235.854904174,117.7811508178711,-29.35334014892578
236.004318237,117.65591430664062,-29.5176944732666
236.153732299,117.54802703857422,-29.660852432250977
236.303146362,117.42195892333984,-29.826292037963867
236.502365112,117.26480102539062,-30.033405303955078
236.651779174,117.15526580810547,-30.17874526977539
236.801193237,117.03080749511719,-30.34368133544922
236.950607299,116.9237289428711,-30.48573875427246
237.100021362,116.79792022705078,-30.65137481689453
237.266036987,116.67710876464844,-30.81562042236328
237.465255737,116.52145385742188,-31.02387237548828
237.614669799,116.41217803955078,-31.169408798217773
237.764083862,116.28919219970703,-31.33715057373047
237.913497924,116.17951965332031,-31.482391357421875
238.112716674,116.02355194091797,-31.685216903686523
238.262130737,115.88735961914062,-31.834978103637695
238.411544799,115.75218963623047,-31.94602394104004
238.610763549,115.52424621582031,-32.05759048461914
238.760177612,115.33087158203125,-32.10708236694336
238.926193237,115.13265228271484,-32.13105773925781
239.075607299,114.95071411132812,-32.132476806640625
239.274826049,114.69802856445312,-32.11724090576172
239.424240112,114.4976806640625,-32.099273681640625
239.623458862,114.24295806884766,-32.07498550415039
239.772872924,114.0615463256836,-32.06050491333008
239.922286987,113.8538818359375,-32.048866271972656
240.121505737,113.60356903076172,-32.04195022583008
240.270919799,113.43115997314453,-32.04181671142578
240.420333862,113.23703002929688,-32.044124603271484
240.586349487,113.23503112792969,-32.04414749145508
240.785568237,113.23503112792969,-32.04414749145508
240.934982299,113.23503112792969,-32.04414749145508
241.084396362,113.23503112792969,-32.04414749145508
241.283615112,113.23503112792969,-32.04414749145508
241.433029174,113.23503112792969,-32.04414749145508
241.632247924,113.23503112792969,-32.04414749145508
241.781661987,113.23503112792969,-32.04414749145508
241.980880737,113.23503112792969,-32.04414749145508
242.130294799,113.23503112792969,-32.04414749145508
242.296310424,113.23503112792969,-32.04414749145508
242.495529174,113.23503112792969,-32.04414749145508
242.644943237,113.23503112792969,-32.04414749145508
242.844161987,113.23503112792969,-32.04414749145508
242.993576049,113.236572265625,-32.05353546142578
243.192794799,113.29582977294922,-32.1187744140625
243.392013549,113.53239440917969,-32.22051239013672
243.591232299,113.78728485107422,-32.22931671142578
243.790451049,114.04029083251953,-32.18395233154297
244.006271362,114.30581665039062,-32.11767578125
244.155685424,114.48113250732422,-32.08041000366211
244.354904174,114.73877716064453,-32.04621505737305
244.554122924,114.99028778076172,-32.03672790527344
244.753341674,115.24474334716797,-32.04249572753906
244.902755737,115.45269012451172,-32.04645919799805
245.151779174,115.76055908203125,-32.00340270996094
245.301193237,115.94670104980469,-31.914974212646484
245.500411987,116.14219665527344,-31.750858306884766
245.716232299,116.300537109375,-31.546754837036133
245.915451049,116.43863677978516,-31.33296012878418
246.064865112,116.54966735839844,-31.15707015991211
246.264083862,116.69639587402344,-30.94253921508789
246.463302612,116.85568237304688,-30.742292404174805
246.562911987,116.9375991821289,-30.646692276000977
246.762130737,117.10382080078125,-30.453937530517578
246.911544799,117.22148132324219,-30.31869125366211
247.110763549,117.38355255126953,-30.127790451049805
247.309982299,117.54783630371094,-29.931604385375977
247.475997924,117.68254089355469,-29.773141860961914
247.675216674,117.84649658203125,-29.580270767211914
247.874435424,118.01314544677734,-29.38071632385254
248.073654174,118.17535400390625,-29.182811737060547
248.272872924,118.33503723144531,-28.981101989746094
248.472091674,118.49163055419922,-28.782184600830078
248.621505737,118.61981964111328,-28.618385314941406
248.820724487,118.77686309814453,-28.418079376220703
249.019943237,118.91895294189453,-28.239099502563477
249.185958862,119.06134033203125,-28.058609008789062
249.385177612,119.22335815429688,-27.855262756347656
249.584396362,119.38543701171875,-27.651968002319336
249.733810424,119.4983139038086,-27.509201049804688
249.933029174,119.6596908569336,-27.305343627929688
250.132247924,119.82025909423828,-27.10434341430664
250.331466674,119.98394012451172,-26.9023380279541
250.480880737,120.11392211914062,-26.7452449798584
250.680099487,120.27874755859375,-26.544172286987305
250.846115112,120.40599822998047,-26.384855270385742
251.045333862,120.56993103027344,-26.183055877685547
251.244552612,120.72821044921875,-25.981979370117188
251.443771362,120.8871078491211,-25.781394958496094
251.642990112,121.04977416992188,-25.578554153442383
251.842208862,121.2066421508789,-25.37811279296875
252.041427612,121.36089324951172,-25.173934936523438
252.240646362,121.5232925415039,-24.97089385986328
252.390060424,121.63282012939453,-24.834192276000977
252.605880737,121.81072235107422,-24.61026382446289
252.805099487,121.96595001220703,-24.403396606445312
253.004318237,122.11927032470703,-24.20195960998535
253.203536987,122.29158782958984,-24.028589248657227
253.402755737,122.5179214477539,-23.908857345581055
253.601974487,122.7725830078125,-23.860919952392578
253.801193237,123.03199005126953,-23.873470306396484
254.000411987,123.28588104248047,-23.914905548095703
254.149826049,123.45551300048828,-23.945884704589844
254.365646362,123.73055267333984,-23.984098434448242
254.564865112,123.99021911621094,-23.99631118774414
254.764083862,124.24884796142578,-23.99786376953125
254.963302612,124.50748443603516,-23.99418830871582
255.112716674,124.68949127197266,-23.991544723510742
255.311935424,124.9467544555664,-23.98780632019043
255.511154174,125.19852447509766,-23.98414421081543
255.710372924,125.4557876586914,-23.980405807495117
255.926193237,125.7417984008789,-23.978958129882812
256.125396728,125.98807525634766,-23.980045318603516
256.274810791,126.16321563720703,-23.980817794799805
256.474029541,126.42047882080078,-23.981950759887695
256.673248291,126.68048858642578,-23.983095169067383
256.872467041,126.93225860595703,-23.98420524597168
257.071685791,127.18677520751953,-23.985326766967773
257.270904541,127.44678497314453,-23.98647117614746
257.470123291,127.6999282836914,-23.987586975097656
257.685943603,127.97357940673828,-23.988794326782227
257.835357666,128.15557861328125,-23.989595413208008
258.034576416,128.41558837890625,-23.990739822387695
258.233795166,128.66873168945312,-23.99185562133789
258.482818603,128.99575805664062,-23.993297576904297
258.632232666,129.17776489257812,-23.99434471130371
258.831451416,129.4376220703125,-24.002132415771484
259.030670166,129.68421936035156,-24.04280662536621
259.229888916,129.91452026367188,-24.15123748779297
259.395904541,130.0595703125,-24.291786193847656
259.595123291,130.199462890625,-24.50558853149414
259.744537353,130.29103088378906,-24.692317962646484
259.893951416,130.36634826660156,-24.858003616333008
260.093170166,130.46990966796875,-25.090518951416016
260.242584228,130.55938720703125,-25.270626068115234
260.441802978,130.69711303710938,-25.491073608398438
260.641021728,130.83770751953125,-25.704870223999023
260.840240478,130.98028564453125,-25.922273635864258
260.989654541,131.08169555664062,-26.07339096069336
261.205474853,131.2381134033203,-26.309551239013672
261.354888916,131.34083557128906,-26.456439971923828
261.554107666,131.49087524414062,-26.665407180786133
261.753326416,131.6377716064453,-26.879932403564453
261.902740478,131.74644470214844,-27.04244041442871
262.101959228,131.75555419921875,-27.056194305419922
262.301177978,131.75555419921875,-27.056194305419922
262.450592041,131.75555419921875,-27.056194305419922
262.649810791,131.75555419921875,-27.056194305419922
262.865631103,131.75555419921875,-27.056194305419922
263.015045166,131.84320068359375,-27.197734832763672
263.214263916,131.96092224121094,-27.429399490356445
263.363677978,132.03623962402344,-27.623245239257812
263.562896728,132.1251220703125,-27.867572784423828
263.712310791,132.1914825439453,-28.037019729614258
263.911529541,132.30050659179688,-28.2729549407959
264.110748291,132.4255828857422,-28.50087547302246
264.260162353,132.5256805419922,-28.683208465576172
264.409576416,132.61065673828125,-28.84416389465332
264.625396728,132.74041748046875,-29.092880249023438
264.774810791,132.82855224609375,-29.252117156982422
264.974029541,132.9209442138672,-29.41240692138672
265.123443603,132.9209442138672,-29.41240692138672
265.322662353,132.9209442138672,-29.41240692138672
265.521881103,132.9209442138672,-29.41240692138672
265.671295166,132.9209442138672,-29.41240692138672
265.870513916,132.9209442138672,-29.41240692138672
266.086334228,132.9209442138672,-29.41240692138672
266.285552978,132.9271240234375,-29.409481048583984
266.434967041,132.98388671875,-29.350055694580078
266.584381103,133.06346130371094,-29.15999984741211
266.783599853,133.04762268066406,-28.9019718170166
266.982818603,132.97039794921875,-28.661212921142578
267.132232666,132.90301513671875,-28.49213218688965
267.331451416,132.82154846191406,-28.245323181152344
267.530670166,132.76480102539062,-27.997291564941406
267.729888916,132.72877502441406,-27.746736526489258
267.895904541,132.7059326171875,-27.545501708984375
268.095123291,132.67417907714844,-27.290210723876953
268.294342041,132.64126586914062,-27.03231430053711
268.443756103,132.61154174804688,-26.8333683013916
268.642974853,132.57138061523438,-26.58620262145996
268.842193603,132.526611328125,-26.341209411621094
269.041412353,132.47732543945312,-26.0859317779541
269.190826416,132.44583129882812,-25.906675338745117
269.390045166,132.40689086914062,-25.655155181884766
269.556060791,132.3775634765625,-25.45615005493164
269.755279541,132.3412322998047,-25.20562171936035
269.954498291,132.30206298828125,-24.94859504699707
270.153717041,132.2589569091797,-24.693584442138672
270.352935791,132.21353149414062,-24.443143844604492
270.552154541,132.16920471191406,-24.198060989379883
270.701568603,132.13467407226562,-23.99989128112793
270.900787353,132.09652709960938,-23.74271011352539
271.100006103,132.06072998046875,-23.485185623168945
271.315826416,132.0223388671875,-23.23219871520996
271.465240478,131.9891357421875,-23.026870727539062
271.664459228,131.94436645507812,-22.770753860473633
271.863677978,131.90293884277344,-22.514074325561523
272.062896728,131.865234375,-22.266517639160156
272.212310791,131.83926391601562,-22.089147567749023
272.411529541,131.8048858642578,-21.831438064575195
272.610748291,131.76651000976562,-21.57428741455078
272.760162353,131.73263549804688,-21.373231887817383
272.975982666,131.69110107421875,-21.124895095825195
273.175201416,131.6497039794922,-20.86959457397461
273.324615478,131.62002563476562,-20.66510581970215
273.573638916,131.5777130126953,-20.367050170898438
273.723052978,131.54783630371094,-20.168127059936523
273.922271728,131.51260375976562,-19.921585083007812
274.071685791,131.4844512939453,-19.745941162109375
274.270904541,131.44349670410156,-19.489192962646484
274.470123291,131.4044647216797,-19.23768424987793
274.685943603,131.36627197265625,-18.95977020263672
274.835357666,131.34170532226562,-18.780818939208984
275.034576416,131.30209350585938,-18.523860931396484
275.233795166,131.26199340820312,-18.26836395263672
275.433013916,131.22300720214844,-18.015464782714844
275.632232666,131.18505859375,-17.76656723022461
275.781646728,131.154296875,-17.560861587524414
275.980865478,131.1170196533203,-17.303552627563477
276.180084228,131.0823974609375,-17.050018310546875
276.346099853,131.05467224121094,-16.850780487060547
276.545318603,131.02047729492188,-16.59442710876465
276.744537353,130.98414611816406,-16.33974838256836
276.893951416,130.96180725097656,-16.177255630493164
277.093170166,130.95826721191406,-16.15325355529785
277.292388916,130.95826721191406,-16.15325355529785
277.441802978,130.95826721191406,-16.15325355529785
277.641021728,130.95826721191406,-16.15325355529785
277.790435791,130.95826721191406,-16.15325355529785
278.006256103,130.95826721191406,-16.15325355529785
278.205474853,130.95826721191406,-16.15325355529785
278.404693603,130.95826721191406,-16.15325355529785
278.554107666,130.96446228027344,-16.156097412109375
278.753326416,131.06195068359375,-16.296823501586914
278.902740478,131.098876953125,-16.49336814880371
279.101959228,131.07330322265625,-16.75033950805664
279.251373291,131.0343780517578,-16.925302505493164
279.400787353,130.98451232910156,-17.12723731994629
279.600006103,130.93690490722656,-17.381349563598633
279.766021728,130.91709899902344,-17.578731536865234
279.915435791,130.911865234375,-17.75925636291504
280.064849853,130.9171142578125,-17.967180252075195
280.264068603,130.92752075195312,-18.22422981262207
280.413482666,130.9344024658203,-18.400623321533203
280.612701416,130.9386749267578,-18.65920639038086
280.762115478,130.9385528564453,-18.867198944091797
280.911529541,130.93844604492188,-19.04782485961914
281.110748291,130.93829345703125,-19.302345275878906
281.260162353,130.93817138671875,-19.50760269165039
281.426177978,130.93804931640625,-19.715595245361328
281.575592041,130.9379425048828,-19.894853591918945
281.774810791,130.9377899169922,-20.146638870239258
281.924224853,130.9376678466797,-20.354631423950195
282.073638916,130.93756103515625,-20.536624908447266
282.223052978,130.93743896484375,-20.739147186279297
282.422271728,130.93728637695312,-20.98682975769043
282.571685791,130.9371795654297,-21.16061782836914
282.721099853,130.9370574951172,-21.365875244140625
282.920318603,130.93690490722656,-21.625865936279297
283.086334228,130.93678283691406,-21.83112335205078
283.235748291,130.93667602539062,-22.009014129638672
283.434967041,130.9365234375,-22.269004821777344
283.584381103,130.9364013671875,-22.475629806518555
283.733795166,130.93629455566406,-22.653520584106445
283.883209228,130.93617248535156,-22.85467529296875
284.032623291,130.93606567382812,-23.03666877746582
284.132232666,130.9359893798828,-23.166664123535156
284.331451416,130.9358367919922,-23.423919677734375
284.530670166,130.93568420410156,-23.67433738708496
284.680084228,130.93556213378906,-23.87412452697754
284.846099853,130.93544006347656,-24.082117080688477
284.995513916,130.93533325195312,-24.26274299621582
285.194732666,130.9351806640625,-24.517263412475586
285.344146728,130.93505859375,-24.717050552368164
285.493560791,130.93495178222656,-24.899044036865234
285.692779541,130.93479919433594,-25.159034729003906
285.842193603,130.93467712402344,-25.36429214477539
285.991607666,130.9345703125,-25.539447784423828
286.141021728,130.9344482421875,-25.74607276916504
286.340240478,130.93429565429688,-26.00606346130371
286.506256103,130.93417358398438,-26.211320877075195
286.655670166,130.93406677246094,-26.390579223632812
286.805084228,130.93394470214844,-26.59857177734375
286.954498291,130.933837890625,-26.78056526184082
287.153717041,130.93368530273438,-27.032350540161133
287.303131103,130.93356323242188,-27.23213768005371
287.452545166,130.93345642089844,-27.40729331970215
287.651763916,130.9333038330078,-27.66728401184082
287.801177978,130.9331817626953,-27.87390899658203
288.000396728,130.9330291748047,-28.124326705932617
288.149810791,130.93292236328125,-28.30084991455078
288.315826416,130.93280029296875,-28.507474899291992
288.465240478,130.93267822265625,-28.71546745300293
288.664459228,130.93252563476562,-28.96862030029297
288.813873291,130.9324188232422,-29.147878646850586
289.013092041,130.93226623535156,-29.407869338989258
289.162506103,130.93214416503906,-29.61449432373047
289.311920166,130.93203735351562,-29.793752670288086
289.511138916,130.931884765625,-30.046905517578125
289.660552978,130.9317626953125,-30.254898071289062
289.809967041,130.93165588378906,-30.436891555786133
289.975982666,130.93153381347656,-30.642148971557617
290.125396728,130.93141174316406,-30.8474063873291
290.324615478,130.93125915527344,-31.107397079467773
290.474029541,130.93115234375,-31.28665542602539
290.623443603,130.9310302734375,-31.485074996948242
290.772857666,130.93092346191406,-31.66023063659668
290.972076416,130.93077087402344,-31.916118621826172
291.121490478,130.93064880371094,-32.12411880493164
291.320709228,130.9304962158203,-32.38002014160156
291.470123291,130.93038940429688,-32.557918548583984
291.636138916,130.93026733398438,-32.75907897949219
291.785552978,130.93014526367188,-32.96708679199219
291.984771728,130.92999267578125,-33.22435760498047
292.134185791,130.9298858642578,-33.40088653564453
292.283599853,130.9297637939453,-33.60889434814453
292.482818603,130.9296112060547,-33.86890411376953
292.632232666,130.92950439453125,-34.04817199707031
292.781646728,130.92938232421875,-34.247962951660156
292.980865478,130.92922973632812,-34.50386428833008
293.130279541,130.9291229248047,-34.68587112426758
293.296295166,130.9290008544922,-34.89250946044922
293.445709228,130.9288787841797,-35.09640884399414
293.644927978,130.92872619628906,-35.35641860961914
293.794342041,130.92861938476562,-35.53842544555664
293.993560791,130.928466796875,-35.788848876953125
294.142974853,130.9283447265625,-35.99000930786133
294.292388916,130.92823791503906,-36.16653823852539
294.441802978,130.92811584472656,-36.37454605102539
294.641021728,130.92796325683594,-36.63455581665039
294.790435791,130.9278564453125,-36.81108474731445
294.939849853,130.92774963378906,-36.987613677978516
295.089263916,130.92762756347656,-37.176273345947266
295.305084228,130.92762756347656,-37.176273345947266
295.454498291,130.92762756347656,-37.176273345947266
295.653717041,130.92762756347656,-37.176273345947266
295.852935791,130.9303436279297,-37.17658615112305
296.052154541,130.94923400878906,-37.16896438598633
296.251373291,131.0467071533203,-37.047752380371094
296.450592041,131.101806640625,-36.79847717285156
296.649810791,131.07379150390625,-36.5487174987793
296.815826416,131.0271453857422,-36.36011505126953
297.015045166,130.96914672851562,-36.106754302978516
297.164459228,130.94520568847656,-35.90440368652344
297.363677978,130.94879150390625,-35.6473274230957
297.562896728,130.9727325439453,-35.388450622558594
297.762115478,131.00042724609375,-35.129920959472656
297.961334228,131.02243041992188,-34.87636184692383
298.160552978,131.02418518066406,-34.84642028808594
298.309967041,131.02418518066406,-34.84642028808594
298.475982666,131.02418518066406,-34.84642028808594
298.675201416,131.02418518066406,-34.84642028808594
298.824615478,130.99290466308594,-34.84762954711914
298.974029541,130.9783172607422,-34.85474395751953
299.173248291,130.8723907470703,-35.01906967163086
299.322662353,130.83773803710938,-35.213478088378906
299.472076416,130.85153198242188,-35.392005920410156
299.671295166,130.9077911376953,-35.64011764526367
299.820709228,130.9495086669922,-35.84234619140625
299.970123291,130.95892333984375,-36.01984786987305
300.185943603,130.93092346191406,-36.30274963378906
300.335357666,130.89227294921875,-36.48056411743164
300.534576416,130.83306884765625,-36.733726501464844
300.683990478,130.80078125,-36.93898391723633
300.883209228,130.80447387695312,-37.19460678100586
301.032623291,130.82444763183594,-37.37134552001953
301.231842041,130.8605194091797,-37.628814697265625
301.381256103,130.88421630859375,-37.834075927734375
301.580474853,130.8964385986328,-38.08946990966797
301.729888916,130.88331604003906,-38.266841888427734
301.895904541,130.85377502441406,-38.46577453613281
302.095123291,130.80459594726562,-38.72107696533203
302.244537353,130.76486206054688,-38.923851013183594
302.393951416,130.7353973388672,-39.093692779541016
302.593170166,130.72140502929688,-39.344947814941406
302.742584228,130.72787475585938,-39.550079345703125
302.891998291,130.7375946044922,-39.73181915283203
303.041412353,130.7482452392578,-39.9354362487793
303.240631103,130.75558471679688,-40.18436813354492
303.390045166,130.7569122314453,-40.36225891113281
303.556060791,130.7581329345703,-40.567527770996094
303.755279541,130.75965881347656,-40.823429107666016
303.854888916,130.7604217529297,-40.9506950378418
304.004302978,130.7616424560547,-41.15459442138672
304.153717041,130.76271057128906,-41.33660125732422
304.352935791,130.76416015625,-41.59661102294922
304.502349853,130.76210021972656,-41.79638671875
304.701568603,130.75804138183594,-42.050880432128906
304.850982666,130.7535400390625,-42.22734451293945
305.000396728,130.73583984375,-42.433128356933594
305.216217041,130.68580627441406,-42.68817138671875
305.365631103,130.637451171875,-42.889060974121094
305.515045166,130.59275817871094,-43.0640754699707
305.664459228,130.5488739013672,-43.265933990478516
305.863677978,130.52224731445312,-43.52440643310547
306.013092041,130.51576232910156,-43.70355224609375
306.162506103,130.50787353515625,-43.90181350708008
306.361724853,130.48304748535156,-44.15778732299805
306.511138916,130.46408081054688,-44.333213806152344
306.710357666,130.51058959960938,-44.58346176147461
306.876373291,130.64303588867188,-44.741310119628906
307.075592041,130.87716674804688,-44.851593017578125
307.225006103,131.07791137695312,-44.90594482421875
307.424224853,131.1446533203125,-44.92641830444336
307.623443603,131.2588653564453,-45.074893951416016
307.772857666,131.29786682128906,-45.24723815917969
307.922271728,131.25613403320312,-45.4465446472168
308.071685791,131.1724395751953,-45.597042083740234
308.270904541,131.04249572753906,-45.818668365478516
308.420318603,130.99957275390625,-46.01399612426758
308.586334228,131.01763916015625,-46.22084045410156
308.785552978,131.07492065429688,-46.47441864013672
308.934967041,131.1114501953125,-46.64849853515625
309.134185791,131.12986755371094,-46.76987838745117
309.283599853,131.12881469726562,-46.772403717041016
309.433013916,131.124755859375,-46.77953338623047
309.582427978,131.11431884765625,-46.782814025878906
309.781646728,131.08758544921875,-46.78036117553711
309.931060791,131.05101013183594,-46.75456619262695
310.130279541,130.9308319091797,-46.53791046142578
310.279693603,130.91128540039062,-46.360374450683594
310.495513916,130.9552459716797,-46.09234619140625
310.694732666,131.02671813964844,-45.85806655883789
310.844146728,131.07337951660156,-45.6639518737793
311.043365478,131.08843994140625,-45.407493591308594
311.242584228,131.0678253173828,-45.15938949584961
311.441802978,131.03805541992188,-44.90110778808594
311.591217041,131.0223846435547,-44.72528076171875
311.790435791,131.01014709472656,-44.47385787963867
311.956451416,131.01690673828125,-44.26875305175781
312.155670166,131.03846740722656,-44.00965881347656
312.305084228,131.0589141845703,-43.81230545043945
312.504302978,131.0813751220703,-43.5615348815918
312.703521728,131.0842742919922,-43.51813507080078
312.852935791,131.0842742919922,-43.51813507080078
313.052154541,131.0842742919922,-43.51813507080078
313.201568603,131.0387420654297,-43.50715255737305
313.350982666,130.88670349121094,-43.51377868652344
313.550201416,130.67955017089844,-43.643253326416016
313.699615478,130.5857696533203,-43.797996520996094
313.865631103,130.54266357421875,-44.02708435058594
314.064849853,130.553955078125,-44.28665542602539
314.214263916,130.57611083984375,-44.46728515625
314.413482666,130.60411071777344,-44.72005081176758
314.562896728,130.57298278808594,-44.92195129394531
314.762115478,130.4561767578125,-45.14877700805664
314.911529541,130.34854125976562,-45.293785095214844
315.060943603,130.22096252441406,-45.45631408691406
315.210357666,130.11358642578125,-45.603172302246094
315.376373291,130.0144805908203,-45.77650833129883
315.575592041,129.9064178466797,-46.012943267822266
315.725006103,129.82330322265625,-46.2036018371582
315.874420166,129.74859619140625,-46.36955261230469
316.023834228,129.6552276611328,-46.555389404296875
316.173248291,129.5695037841797,-46.709693908691406
316.372467041,129.43995666503906,-46.928775787353516
316.521881103,129.33596801757812,-47.099395751953125
316.671295166,129.24337768554688,-47.2464599609375
316.820709228,129.21731567382812,-47.2826042175293
316.970123291,129.16075134277344,-47.31073760986328
317.136138916,128.96963500976562,-47.334815979003906
317.335357666,128.7476806640625,-47.24382781982422
317.484771728,128.6273956298828,-47.082950592041016
317.683990478,128.55224609375,-46.84021759033203
317.833404541,128.5022735595703,-46.669612884521484
318.032623291,128.3627471923828,-46.46000289916992
318.182037353,128.18589782714844,-46.367401123046875
318.331451416,128.0349578857422,-46.345664978027344
318.480865478,128.010498046875,-46.34836959838867
318.680084228,127.96316528320312,-46.377037048339844
318.846099853,127.87808990478516,-46.52872085571289
318.995513916,127.84754943847656,-46.707496643066406
319.194732666,127.87324523925781,-46.9655647277832
319.344146728,127.8926010131836,-47.04524230957031
319.543365478,127.8926010131836,-47.04524230957031
319.692779541,127.8832778930664,-47.064979553222656
319.842193603,127.78041076660156,-47.1494026184082
319.991607666,127.61735534667969,-47.19679641723633
320.190826416,127.37267303466797,-47.1495475769043
320.340240478,127.20050811767578,-47.04139709472656
320.506256103,127.0453872680664,-46.902915954589844
320.655670166,126.91458892822266,-46.77637481689453
320.854888916,126.72284698486328,-46.604984283447266
321.004302978,126.55918884277344,-46.4859504699707
321.153717041,126.3937759399414,-46.41447448730469
321.352935791,126.13597106933594,-46.390743255615234
321.502349853,125.92857360839844,-46.40577697753906
321.651763916,125.74739837646484,-46.42294692993164
321.801177978,125.54016876220703,-46.44002151489258
322.000396728,125.28659057617188,-46.42415237426758
322.149810791,125.11583709716797,-46.3798942565918
322.315826416,124.92427062988281,-46.30630111694336
322.515045166,124.6856460571289,-46.21027374267578
322.664459228,124.49278259277344,-46.153709411621094
322.813873291,124.31755065917969,-46.13375473022461
322.963287353,124.1153564453125,-46.142059326171875
323.162506103,123.85806274414062,-46.17923355102539
323.311920166,123.68609619140625,-46.204345703125
323.461334228,123.48777770996094,-46.228515625
323.610748291,123.31045532226562,-46.242435455322266
323.710357666,123.18051147460938,-46.245784759521484
323.876373291,122.97250366210938,-46.246089935302734
324.025787353,122.7686767578125,-46.24126434326172
324.175201416,122.5909652709961,-46.233070373535156
324.374420166,122.33126068115234,-46.219947814941406
324.523834228,122.12342834472656,-46.211727142333984
324.673248291,121.94831085205078,-46.20894241333008
324.822662353,121.74442291259766,-46.20763397216797
324.972076416,121.56241607666016,-46.206214904785156
325.171295166,121.30255126953125,-46.198394775390625
325.320709228,121.09764099121094,-46.18642044067383
325.470123291,120.92015838623047,-46.174076080322266
325.636138916,120.71534729003906,-46.16032028198242
325.835357666,120.57904052734375,-46.15397262573242
325.984771728,120.56849670410156,-46.156654357910156
326.134185791,120.54959106445312,-46.1749382019043
326.333404541,120.45625305175781,-46.387428283691406
326.482818603,120.47895050048828,-46.590946197509766
326.682037353,120.61512756347656,-46.8106575012207
326.831451416,120.72956848144531,-46.937782287597656
327.030670166,120.86924743652344,-47.1409797668457
327.229888916,120.89488983154297,-47.387939453125
327.395904541,120.81612396240234,-47.575645446777344
327.545318603,120.67139434814453,-47.72420120239258
327.694732666,120.52987670898438,-47.838626861572266
327.844146728,120.3969955444336,-47.986820220947266
327.993560791,120.3353500366211,-48.149627685546875
328.192779541,120.36167907714844,-48.40195846557617
328.342193603,120.42408752441406,-48.594627380371094
328.541412353,120.46601867675781,-48.84761428833008
328.690826416,120.45610046386719,-49.02368927001953
328.840240478,120.42021942138672,-49.22296142578125
329.006256103,120.37305450439453,-49.425540924072266
329.155670166,120.33956146240234,-49.59740447998047
329.354888916,120.3184585571289,-49.850975036621094
329.504302978,120.31016540527344,-50.058807373046875
329.703521728,120.29814910888672,-50.31852340698242
329.852935791,120.28563690185547,-50.49597930908203
330.052154541,120.263427734375,-50.74952697753906
330.201568603,120.24000549316406,-50.95206069946289
330.350982666,120.21133422851562,-51.13178253173828
330.550201416,120.16078186035156,-51.38679504394531
330.699615478,120.12028503417969,-51.56422805786133
330.915435791,120.0571517944336,-51.833255767822266
331.064849853,120.05741119384766,-52.03741455078125
331.214263916,120.11490631103516,-52.20958709716797
331.413482666,120.2447280883789,-52.42499923706055
331.562896728,120.3584213256836,-52.590938568115234
331.762115478,120.49011993408203,-52.81313705444336
331.961334228,120.55134582519531,-53.06440734863281
332.110748291,120.54574584960938,-53.246116638183594
332.260162353,120.51815795898438,-53.45224380493164
332.409576416,120.49407958984375,-53.628475189208984
332.625396728,120.47956085205078,-53.90987014770508
332.774810791,120.48377227783203,-54.09043502807617
332.974029541,120.50881958007812,-54.346412658691406
333.123443603,120.53823852539062,-54.54815673828125
333.322662353,120.58585357666016,-54.80376434326172
333.472076416,120.62077331542969,-54.98234176635742
333.671295166,120.72866821289062,-55.216796875
333.870513916,120.91651916503906,-55.382564544677734
334.036529541,121.10004425048828,-55.48020935058594
334.235748291,121.32846069335938,-55.60413360595703
334.434967041,121.52259063720703,-55.75886535644531
334.584381103,121.62852478027344,-55.93651580810547
334.783599853,121.69164276123047,-56.1883430480957
334.982818603,121.73367309570312,-56.44491958618164
335.132232666,121.77071380615234,-56.62308120727539
335.281646728,121.82845306396484,-56.81999206542969
335.480865478,121.88189697265625,-57.07380294799805
335.630279541,121.88334655761719,-57.103763580322266
335.846099853,121.88334655761719,-57.103763580322266
335.995513916,121.88334655761719,-57.103763580322266
336.194732666,121.88265991210938,-57.282772064208984
336.393951416,121.88166809082031,-57.542781829833984
336.543365478,121.88087463378906,-57.750789642333984
336.742584228,121.87992095947266,-58.00395202636719
336.891998291,121.87925720214844,-58.18048095703125
337.041412353,121.87846374511719,-58.38848876953125
337.240631103,121.87747192382812,-58.64849853515625
337.439849853,121.87659454345703,-58.87976837158203
337.605865478,121.87574005126953,-59.106929779052734
337.755279541,121.87578582763672,-59.28756332397461
337.904693603,121.8874740600586,-59.49107360839844
338.103912353,121.9254379272461,-59.74814987182617
338.253326416,121.97335815429688,-59.92363739013672
338.452545166,122.00889587402344,-60.0245475769043
338.651763916,122.01785278320312,-60.047889709472656
338.801177978,122.07328033447266,-60.22783660888672
339.000396728,122.1219253540039,-60.47339630126953
339.149810791,122.1455307006836,-60.64833068847656
339.365631103,122.18488311767578,-60.931583404541016
339.515045166,122.219970703125,-61.10734558105469
339.714263916,122.29078674316406,-61.35742950439453
339.913482666,122.37237548828125,-61.604286193847656
340.112701416,122.45672607421875,-61.84297180175781
340.262115478,122.52727508544922,-62.03718948364258
340.461334228,122.61531829833984,-62.274539947509766
340.610748291,122.67212677001953,-62.438777923583984
340.809967041,122.7500991821289,-62.678192138671875
340.975982666,122.76119995117188,-62.71324157714844
341.175201416,122.76119995117188,-62.71324157714844
341.374420166,122.76119995117188,-62.71324157714844
341.523834228,122.76119995117188,-62.71324157714844
341.673248291,122.7799301147461,-62.73511505126953
341.872467041,122.96582794189453,-62.82539749145508
342.071685791,122.99453735351562,-62.82944107055664
342.270904541,122.99453735351562,-62.82944107055664
342.470123291,122.99453735351562,-62.82944107055664
342.636138916,122.99453735351562,-62.82944107055664
342.835357666,122.99453735351562,-62.82944107055664
343.034576416,122.99453735351562,-62.82944107055664
343.183990478,122.99453735351562,-62.82944107055664
343.383209228,123.18580627441406,-62.82898712158203
343.582427978,123.42704010009766,-62.91708755493164
343.682037353,123.51676940917969,-63.00668716430664
343.881256103,123.6100845336914,-63.24647903442383
344.030670166,123.61773681640625,-63.428138732910156
344.229888916,123.6021957397461,-63.682167053222656
344.395904541,123.60028076171875,-63.890037536621094
344.595123291,123.63912200927734,-64.14106750488281
344.744537353,123.71112823486328,-64.33161926269531
344.943756103,123.79780578613281,-64.49494171142578
345.093170166,123.79780578613281,-64.49494171142578
345.292388916,123.79780578613281,-64.49494171142578
345.491607666,123.79780578613281,-64.49494171142578
345.690826416,123.79780578613281,-64.49494171142578
345.840240478,123.79780578613281,-64.49494171142578
346.056060791,123.9098892211914,-64.65110778808594
346.205474853,123.93031311035156,-64.6730728149414
346.404693603,123.93031311035156,-64.6730728149414
346.603912353,123.93031311035156,-64.6730728149414
346.753326416,123.93031311035156,-64.6730728149414
346.952545166,123.93031311035156,-64.6730728149414
347.151763916,123.93031311035156,-64.6730728149414
347.301177978,123.93031311035156,-64.6730728149414
347.500396728,123.93031311035156,-64.6730728149414
347.649810791,123.93031311035156,-64.6730728149414
347.865631103,123.93031311035156,-64.6730728149414
348.064849853,123.93031311035156,-64.6730728149414
348.264068603,123.93031311035156,-64.6730728149414
348.413482666,123.93031311035156,-64.6730728149414
348.612701416,123.93031311035156,-64.6730728149414
348.811920166,124.0862045288086,-64.8014144897461
349.011138916,124.31684112548828,-64.87413024902344
349.210357666,124.56695556640625,-64.82384490966797
349.376373291,124.74219512939453,-64.72305297851562
349.575592041,124.94326782226562,-64.56929016113281
349.725006103,125.11705017089844,-64.45539855957031
349.924224853,125.35811614990234,-64.35990142822266
350.123443603,125.61483764648438,-64.32110595703125
350.272857666,125.79401397705078,-64.3190689086914
350.472076416,126.04545593261719,-64.33214569091797
350.671295166,126.09431457519531,-64.3338851928711
350.820709228,126.09431457519531,-64.3338851928711
351.019927978,126.09431457519531,-64.3338851928711
351.235748291,126.09431457519531,-64.3338851928711
351.385162353,126.09431457519531,-64.3338851928711
351.584381103,126.29701232910156,-64.34278106689453
351.783599853,126.55671691894531,-64.35575103759766
351.933013916,126.73851776123047,-64.36457824707031
352.132232666,126.99158477783203,-64.37123107910156
352.331451416,127.2433853149414,-64.3720703125
352.530670166,127.50202941894531,-64.3726806640625
352.729888916,127.76203918457031,-64.373291015625
352.895904541,127.96321868896484,-64.373779296875
353.095123291,128.2232208251953,-64.3743896484375
353.244537353,128.4312286376953,-64.3748779296875
353.443756103,128.6857452392578,-64.37548828125
353.642974853,128.94300842285156,-64.3760986328125
353.792388916,129.12501525878906,-64.37652587890625
353.991607666,129.38502502441406,-64.37713623046875
354.190826416,129.63816833496094,-64.37774658203125
354.340240478,129.8434295654297,-64.37823486328125
354.556060791,130.1034393310547,-64.37884521484375
354.755279541,130.3579559326172,-64.37776947021484
354.904693603,130.55909729003906,-64.37383270263672
355.103912353,130.81910705566406,-64.3716812133789
355.303131103,131.0787811279297,-64.38273620605469
355.452545166,131.0951690673828,-64.38455963134766
355.651763916,131.0951690673828,-64.38455963134766
355.850982666,131.0951690673828,-64.38455963134766
356.050201416,131.0951690673828,-64.38455963134766
356.216217041,131.0951690673828,-64.38455963134766
356.415435791,131.11317443847656,-64.40190124511719
356.564849853,131.20962524414062,-64.57606506347656
356.764068603,131.21286010742188,-64.81995391845703
356.913482666,131.1559295654297,-64.99114990234375
357.112701416,131.05535888671875,-65.2308578491211
357.262115478,130.9890899658203,-65.4279556274414
357.461334228,130.92843627929688,-65.67646026611328
357.660552978,130.89024353027344,-65.92662048339844
357.809967041,130.87538146972656,-66.10114288330078
358.025787353,130.84909057617188,-66.38316345214844
358.175201416,130.82943725585938,-66.56409454345703
358.374420166,130.7960968017578,-66.80951690673828
358.523834228,130.76502990722656,-67.00965118408203
358.723052978,130.72471618652344,-67.25959014892578
358.872467041,130.6998748779297,-67.40193939208984
359.071685791,130.6995391845703,-67.4039077758789
359.270904541,130.6995391845703,-67.4039077758789
359.420318603,130.6995391845703,-67.4039077758789
359.619537353,130.6995391845703,-67.4039077758789
359.785552978,130.66183471679688,-67.60160064697266
359.934967041,130.62388610839844,-67.77538299560547
360.134185791,130.5528106689453,-68.01972198486328
360.283599853,130.48422241210938,-68.2146224975586
360.433013916,130.4204864501953,-68.38069915771484
360.632232666,130.32608032226562,-68.6155776977539
360.831451416,130.22720336914062,-68.84864807128906
360.980865478,130.17578125,-68.96834564208984
361.130279541,130.17578125,-68.96834564208984
361.346099853,130.17578125,-68.96834564208984
361.495513916,130.12274169921875,-69.11027526855469
361.694732666,130.08091735839844,-69.36495971679688
361.893951416,130.09234619140625,-69.61890411376953
362.043365478,130.1211700439453,-69.82074737548828
362.242584228,130.15347290039062,-70.06631469726562
362.441802978,130.17823791503906,-70.31550598144531
362.591217041,130.18894958496094,-70.49716186523438
362.790435791,130.19259643554688,-70.75713348388672
362.956451416,130.18966674804688,-70.96099853515625
363.155670166,130.1787872314453,-71.21391296386719
363.305084228,130.1663360595703,-71.42155456542969
363.504302978,130.15379333496094,-71.67849731445312
363.603912353,130.15052795410156,-71.80708312988281
363.753326416,130.14889526367188,-71.98497009277344
363.902740478,130.14755249023438,-72.18885803222656
364.101959228,130.14463806152344,-72.44884490966797
364.251373291,130.13833618164062,-72.62936401367188
364.450592041,130.1238250732422,-72.88484191894531
364.600006103,130.11082458496094,-73.08969116210938
364.766021728,130.09764099121094,-73.29727172851562
364.915435791,130.08273315429688,-73.47589111328125
365.114654541,130.03843688964844,-73.7207260131836
365.264068603,129.9624481201172,-73.90927124023438
365.463287353,129.7856903076172,-74.0948715209961
365.612701416,129.62278747558594,-74.16826629638672
365.762115478,129.41957092285156,-74.21168518066406
365.911529541,129.23838806152344,-74.22840881347656
366.110748291,128.97850036621094,-74.23578643798828
366.260162353,128.770751953125,-74.24554443359375
366.409576416,128.59019470214844,-74.26803588867188
366.575592041,128.39178466796875,-74.3082275390625
366.725006103,128.19692993164062,-74.36331176757812
366.874420166,128.02581787109375,-74.42520904541016
367.023834228,127.83332824707031,-74.50399017333984
367.173248291,127.66590881347656,-74.57180786132812
367.372467041,127.42208099365234,-74.66201782226562
367.521881103,127.239501953125,-74.71998596191406
367.671295166,127.06441497802734,-74.76973724365234
367.820709228,126.86557006835938,-74.8143310546875
367.970123291,126.6873550415039,-74.8328628540039
368.136138916,126.60639190673828,-74.83473205566406
368.335357666,126.42765045166016,-74.82647705078125
368.484771728,126.22210693359375,-74.79512023925781
368.634185791,126.0447769165039,-74.75431060791016
368.783599853,125.84395599365234,-74.70015716552734
368.933013916,125.67124938964844,-74.65217590332031
369.132232666,125.50106811523438,-74.61244201660156
369.231842041,125.47618865966797,-74.61002349853516
369.431060791,125.37531280517578,-74.60503387451172
369.580474853,125.17709350585938,-74.59569549560547
369.729888916,125.00212097167969,-74.58757019042969
369.895904541,124.79534912109375,-74.56600952148438
370.095123291,124.54903411865234,-74.50321960449219
370.244537353,124.35963439941406,-74.42425537109375
370.393951416,124.19377899169922,-74.35631561279297
370.543365478,123.99552154541016,-74.29360961914062
370.692779541,123.81962585449219,-74.24685668945312
370.842193603,123.6175765991211,-74.1974868774414
371.041412353,123.5521011352539,-74.1810531616211
371.190826416,123.5521011352539,-74.1810531616211
371.340240478,123.40682220458984,-74.15254211425781
371.506256103,123.2347640991211,-74.16400146484375
371.655670166,123.22589874267578,-74.1671142578125
371.854888916,123.16565704345703,-74.21053314208984
372.004302978,123.02294158935547,-74.3530502319336
372.153717041,122.95584106445312,-74.51346588134766
372.352935791,122.97004699707031,-74.76549530029297
372.552154541,123.05518341064453,-75.01106262207031
372.701568603,123.12348937988281,-75.20750427246094
372.900787353,123.18115234375,-75.46065521240234
373.050201416,123.1898193359375,-75.59229278564453
373.266021728,123.17133331298828,-75.79808807373047
373.415435791,123.12818908691406,-75.9705581665039
373.564849853,123.05384826660156,-76.1602783203125
373.764068603,122.93949890136719,-76.38921356201172
373.913482666,122.86832427978516,-76.52916717529297
374.112701416,122.86742401123047,-76.53095245361328
374.311920166,122.86742401123047,-76.53095245361328
374.461334228,122.86742401123047,-76.53095245361328
374.610748291,122.86742401123047,-76.53095245361328
374.809967041,122.86742401123047,-76.53095245361328
374.975982666,122.86742401123047,-76.53095245361328
375.175201416,122.86742401123047,-76.53095245361328
375.324615478,122.85599517822266,-76.52639770507812
375.474029541,122.85254669189453,-76.52215576171875
375.673248291,122.82439422607422,-76.39179229736328
375.822662353,122.86827087402344,-76.19326782226562
376.021881103,123.03089904785156,-75.99271392822266
376.221099853,123.24481201171875,-75.8453369140625
376.370513916,123.39874267578125,-75.75346374511719
376.536529541,123.56771850585938,-75.63238525390625
376.735748291,123.76251220703125,-75.4603271484375
376.934967041,123.9357681274414,-75.27035522460938
377.084381103,123.99436950683594,-75.19622802734375
377.283599853,123.99436950683594,-75.19622802734375
377.433013916,123.99436950683594,-75.19622802734375
377.632232666,123.99436950683594,-75.19622802734375
377.831451416,123.99436950683594,-75.19622802734375
378.030670166,123.99436950683594,-75.19622802734375
378.180084228,123.99436950683594,-75.19622802734375
378.395904541,123.99436950683594,-75.19622802734375
378.595123291,123.99436950683594,-75.19622802734375
378.744537353,123.99436950683594,-75.19622802734375
378.943756103,123.99436950683594,-75.19622802734375
379.093170166,123.99436950683594,-75.19622802734375
379.342193603,123.99436950683594,-75.19622802734375
379.541412353,124.03157043457031,-75.22098541259766
379.690826416,124.12317657470703,-75.35101318359375
379.890045166,124.1584243774414,-75.60535430908203
380.056060791,124.08464050292969,-75.79823303222656
380.255279541,123.92374420166016,-76.001953125
380.404693603,123.78168487548828,-76.15387725830078
380.603912353,123.61847686767578,-76.35612487792969
380.753326416,123.52144622802734,-76.510009765625
380.902740478,123.43234252929688,-76.69331359863281
381.101959228,123.33536529541016,-76.9286117553711
381.251373291,123.305419921875,-77.00885772705078
381.450592041,123.305419921875,-77.00885772705078
381.600006103,123.305419921875,-77.00885772705078
381.749420166,123.305419921875,-77.00885772705078
381.915435791,123.305419921875,-77.00885772705078
382.114654541,123.305419921875,-77.00885772705078
382.264068603,123.305419921875,-77.00885772705078
382.463287353,123.24160766601562,-77.18939971923828
382.612701416,123.18811798095703,-77.35905456542969
382.811920166,123.11072540283203,-77.60726165771484
382.961334228,123.0462875366211,-77.80070495605469
383.160552978,122.95172119140625,-78.0428237915039
383.309967041,122.8795166015625,-78.20987701416016
383.475982666,122.7987060546875,-78.39559936523438
383.575592041,122.74556732177734,-78.51423645019531
383.725006103,122.6584701538086,-78.70314025878906
383.924224853,122.54798126220703,-78.93849182128906
384.073638916,122.47187805175781,-79.10382080078125
384.223052978,122.38359832763672,-79.28912353515625
384.422271728,122.27275085449219,-79.52429962158203
384.571685791,122.20018768310547,-79.6852035522461
384.770904541,122.09495544433594,-79.92144012451172
384.920318603,122.01673889160156,-80.10972595214844
385.086334228,121.94474029541016,-80.29899597167969
385.235748291,121.89083862304688,-80.47278594970703
385.434967041,121.82208251953125,-80.72351837158203
385.584381103,121.7745132446289,-80.91896057128906
385.783599853,121.71625518798828,-81.1695327758789
385.933013916,121.6773452758789,-81.34170532226562
386.132232666,121.626220703125,-81.5951919555664
386.281646728,121.60969543457031,-81.68925476074219
386.431060791,121.58616638183594,-81.86418151855469
386.630279541,121.57078552246094,-82.1099853515625
386.796295166,121.56822204589844,-82.31515502929688
386.995513916,121.5835189819336,-82.44911193847656
387.194732666,121.5835189819336,-82.44911193847656
387.393951416,121.5835189819336,-82.44911193847656
387.543365478,121.5835189819336,-82.44911193847656
387.742584228,121.5835189819336,-82.44911193847656
387.941802978,121.5835189819336,-82.44911193847656
388.091217041,121.58043670654297,-82.46239471435547
388.290435791,121.53717803955078,-82.49556732177734
388.439849853,121.4006576538086,-82.54174041748047
388.589263916,121.20157623291016,-82.51697540283203
388.755279541,121.03333282470703,-82.40499877929688
388.904693603,120.9220962524414,-82.23341369628906
389.103912353,120.8143539428711,-82.00286865234375
389.253326416,120.71917724609375,-81.8478775024414
389.402740478,120.58533477783203,-81.68901824951172
389.552154541,120.44696044921875,-81.57106018066406
389.751373291,120.22714233398438,-81.43258666992188
389.900787353,120.04553985595703,-81.33993530273438
390.050201416,119.88888549804688,-81.26469421386719
390.199615478,119.7261734008789,-81.18318939208984
390.349029541,119.5472412109375,-81.08261108398438
390.515045166,119.37077331542969,-80.977783203125
390.664459228,119.19904327392578,-80.86785888671875
390.813873291,119.05522155761719,-80.77275085449219
390.963287353,118.88996887207031,-80.65804290771484
391.162506103,118.6839370727539,-80.50862884521484
391.311920166,118.5396957397461,-80.40451049804688
391.461334228,118.36921691894531,-80.28536224365234
391.610748291,118.2205581665039,-80.18035888671875
391.760162353,118.04940795898438,-80.06214141845703
391.926177978,117.88006591796875,-79.94857025146484
392.125396728,117.66532897949219,-79.80941772460938
392.274810791,117.51229095458984,-79.71347045898438
392.424224853,117.33735656738281,-79.60350799560547
392.573638916,117.1834945678711,-79.50889587402344
392.723052978,117.00826263427734,-79.4020004272461
392.922271728,116.78910064697266,-79.26213073730469
393.071685791,116.63825988769531,-79.16783142089844
393.221099853,116.46749877929688,-79.0589599609375
393.370513916,116.44241333007812,-79.04248046875
393.536529541,116.43196868896484,-79.03561401367188
393.735748291,116.2279052734375,-78.9052734375
393.885162353,116.12367248535156,-78.84037017822266
394.034576416,116.08123779296875,-78.81393432617188
394.183990478,115.91311645507812,-78.70531463623047
394.333404541,115.7637710571289,-78.60369873046875
394.532623291,115.55265808105469,-78.46150207519531
394.682037353,115.38135528564453,-78.3484115600586
394.831451416,115.22989654541016,-78.24747467041016
394.980865478,115.05812072753906,-78.13513946533203
395.180084228,114.84012603759766,-77.99348449707031
395.329498291,114.68730163574219,-77.8946762084961
395.495513916,114.51618194580078,-77.7863540649414
395.644927978,114.34033203125,-77.67525482177734
395.794342041,114.18888092041016,-77.579345703125
395.993560791,113.9733657836914,-77.43891143798828
396.142974853,113.79997253417969,-77.3265609741211
396.292388916,113.6457290649414,-77.2299575805664
396.441802978,113.47180938720703,-77.12092590332031
396.591217041,113.32071685791016,-77.02446746826172
396.790435791,113.1004638671875,-76.89155578613281
396.956451416,112.9225082397461,-76.78387451171875
397.105865478,112.74531555175781,-76.67494201660156
397.255279541,112.59303283691406,-76.58032989501953
397.404693603,112.41867065429688,-76.47198486328125
397.603912353,112.19835662841797,-76.33914947509766
397.753326416,112.04774475097656,-76.24707794189453
397.902740478,111.875,-76.1413345336914
398.052154541,111.72295379638672,-76.05165100097656
398.201568603,111.5470962524414,-75.94579315185547
398.400787353,111.32568359375,-75.8094482421875
398.550201416,111.17140197753906,-75.71290588378906
398.716217041,110.99463653564453,-75.60325622558594
398.865631103,110.81706237792969,-75.49495697021484
399.015045166,110.66131591796875,-75.40347290039062
399.164459228,110.48133850097656,-75.29917907714844
399.363677978,110.25801086425781,-75.17146301269531
399.513092041,110.09822845458984,-75.08434295654297
399.662506103,109.9156723022461,-74.98467254638672
399.861724853,109.68778228759766,-74.85952758789062
400.011138916,109.5286636352539,-74.77118682861328
400.160552978,109.35287475585938,-74.67060852050781
400.309967041,109.19527435302734,-74.57955932617188
400.475982666,109.01518249511719,-74.47547149658203
400.625396728,108.83695220947266,-74.37648010253906
400.824615478,108.61075592041016,-74.25679016113281
400.974029541,108.45221710205078,-74.17024230957031
401.123443603,108.27437591552734,-74.06511688232422
401.322662353,108.07555389404297,-73.91117095947266
401.472076416,107.95240020751953,-73.78292846679688
401.621490478,107.83060455322266,-73.62129211425781
401.770904541,107.73812866210938,-73.4661636352539
401.970123291,107.62307739257812,-73.23609924316406
402.136138916,107.53256225585938,-73.048828125
402.285552978,107.4407730102539,-72.86524200439453
402.434967041,107.36035919189453,-72.70197296142578
402.584381103,107.28067016601562,-72.50997161865234
402.783599853,107.25848388671875,-72.43988037109375
402.933013916,107.25848388671875,-72.43988037109375
403.132232666,107.25848388671875,-72.43988037109375
403.281646728,107.25848388671875,-72.43988037109375
403.431060791,107.25848388671875,-72.43988037109375
403.530670166,107.25848388671875,-72.43988037109375
403.729888916,107.25848388671875,-72.43988037109375
403.895904541,107.25848388671875,-72.43988037109375
404.045318603,107.25848388671875,-72.43988037109375
404.244537353,107.25848388671875,-72.43988037109375
404.393951416,107.25848388671875,-72.43988037109375
404.593170166,107.25848388671875,-72.43988037109375
404.742584228,107.25848388671875,-72.43988037109375
404.891998291,107.25848388671875,-72.43988037109375
405.091217041,107.25848388671875,-72.43988037109375
405.240631103,107.25848388671875,-72.43988037109375
405.390045166,107.25848388671875,-72.43988037109375
405.556060791,107.25848388671875,-72.43988037109375
405.755279541,107.25848388671875,-72.43988037109375
405.904693603,107.25848388671875,-72.43988037109375
406.103912353,107.25848388671875,-72.43988037109375
406.253326416,107.25848388671875,-72.43988037109375
406.402740478,107.25848388671875,-72.43988037109375
406.552154541,107.25848388671875,-72.43988037109375
406.751373291,107.25848388671875,-72.43988037109375
406.900787353,107.25848388671875,-72.43988037109375
407.100006103,107.25848388671875,-72.43988037109375
407.266021728,107.25848388671875,-72.43988037109375
407.415435791,107.25848388671875,-72.43988037109375
407.614654541,107.25848388671875,-72.43988037109375
407.813873291,107.25848388671875,-72.43988037109375
407.963287353,107.25848388671875,-72.43988037109375
408.112701416,107.25848388671875,-72.43988037109375
408.311920166,107.25848388671875,-72.43988037109375
408.461334228,107.25848388671875,-72.43988037109375
408.660552978,107.25848388671875,-72.43988037109375
408.809967041,107.25848388671875,-72.43988037109375
408.975982666,107.25848388671875,-72.43988037109375
409.175201416,107.25848388671875,-72.43988037109375
409.324615478,107.25848388671875,-72.43988037109375
409.523834228,107.25848388671875,-72.43988037109375
409.673248291,107.25848388671875,-72.43988037109375
409.822662353,107.25848388671875,-72.43988037109375
410.021881103,107.25848388671875,-72.43988037109375
410.171295166,107.25848388671875,-72.43988037109375
410.370513916,107.25848388671875,-72.43988037109375
410.536529541,107.25848388671875,-72.43988037109375
410.685943603,107.25848388671875,-72.43988037109375
410.835357666,107.25848388671875,-72.43988037109375
411.034576416,107.25848388671875,-72.43988037109375
411.233795166,107.25848388671875,-72.43988037109375
411.383209228,107.25848388671875,-72.43988037109375
411.532623291,107.25848388671875,-72.43988037109375
411.682037353,107.25848388671875,-72.43988037109375
411.881256103,107.25848388671875,-72.43988037109375
412.080474853,107.25848388671875,-72.43988037109375
412.229888916,107.25848388671875,-72.43988037109375
412.395904541,107.25848388671875,-72.43988037109375
412.595123291,107.25848388671875,-72.43988037109375
412.744537353,107.25848388671875,-72.43988037109375
412.943756103,107.25848388671875,-72.43988037109375
413.093170166,107.25848388671875,-72.43988037109375
413.242584228,107.25848388671875,-72.43988037109375
413.441802978,107.25848388671875,-72.43988037109375
413.591217041,107.25848388671875,-72.43988037109375
413.790435791,107.25848388671875,-72.43988037109375
413.956451416,107.25848388671875,-72.43988037109375
414.105865478,107.25848388671875,-72.43988037109375
414.305084228,107.25848388671875,-72.43988037109375
414.454498291,107.25848388671875,-72.43988037109375
414.653717041,107.25848388671875,-72.43988037109375
414.803131103,107.25848388671875,-72.43988037109375
415.002349853,107.24848937988281,-72.40373992919922
415.151763916,107.22698211669922,-72.27583312988281
415.301177978,107.23674011230469,-72.2021255493164
415.500396728,107.23674011230469,-72.2021255493164
415.649810791,107.23674011230469,-72.2021255493164
415.865631103,107.23674011230469,-72.2021255493164
416.064849853,107.23674011230469,-72.2021255493164
416.214263916,107.23674011230469,-72.2021255493164
416.413482666,107.23674011230469,-72.2021255493164
416.612701416,107.23674011230469,-72.2021255493164
416.762115478,107.23674011230469,-72.2021255493164
416.961334228,107.23674011230469,-72.2021255493164
417.160552978,107.23674011230469,-72.2021255493164
417.309967041,107.23674011230469,-72.2021255493164
417.525787353,107.23674011230469,-72.2021255493164
417.675201416,107.23674011230469,-72.2021255493164
417.874420166,107.23674011230469,-72.2021255493164
418.023834228,107.23674011230469,-72.2021255493164
418.223052978,107.23674011230469,-72.2021255493164
418.372467041,107.23674011230469,-72.2021255493164
418.571685791,107.24400329589844,-72.19194793701172
418.721099853,107.32151794433594,-72.05387878417969
418.920318603,107.34395599365234,-71.8201904296875
419.069732666,107.27449035644531,-71.65925598144531
419.235748291,107.12297821044922,-71.52498626708984
419.385162353,106.95600128173828,-71.45501708984375
419.534576416,106.7809829711914,-71.41034698486328
419.733795166,106.53092193603516,-71.33964538574219
419.883209228,106.33954620361328,-71.25869750976562
420.032623291,106.1832275390625,-71.16569519042969
420.231842041,105.98612976074219,-71.00504302978516
420.381256103,105.8462142944336,-70.85868072509766
420.580474853,105.6786117553711,-70.6599349975586
420.729888916,105.5690689086914,-70.52500915527344
420.846099853,105.47388458251953,-70.40487670898438
420.945709228,105.3919677734375,-70.30392456054688
421.144927978,105.23111724853516,-70.11378479003906
421.294342041,105.11760711669922,-69.98583984375
421.443756103,104.97956085205078,-69.83393859863281
421.642974853,104.8060302734375,-69.64774322509766
421.792388916,104.68217468261719,-69.5219497680664
421.991607666,104.50422668457031,-69.34188842773438
422.141021728,104.36262512207031,-69.20093536376953
422.290435791,104.23601531982422,-69.07598876953125
422.456451416,104.09039306640625,-68.93329620361328
422.655670166,103.91020965576172,-68.7516098022461
422.805084228,103.7723388671875,-68.60702514648438
422.954498291,103.70800018310547,-68.53968811035156
423.103912353,103.56523132324219,-68.39220428466797
423.303131103,103.38760375976562,-68.20611572265625
423.452545166,103.2659683227539,-68.0762939453125
423.601959228,103.12474060058594,-67.923583984375
423.751373291,102.99971008300781,-67.79322052001953
423.900787353,102.86043548583984,-67.64807891845703
424.100006103,102.74143981933594,-67.52381134033203
424.249420166,102.73282623291016,-67.51475524902344
424.415435791,102.61994934082031,-67.37483978271484
424.614654541,102.50177764892578,-67.14826965332031
424.764068603,102.44281005859375,-66.99562072753906
424.963287353,102.44281005859375,-66.99562072753906
425.112701416,102.44281005859375,-66.99562072753906
425.311920166,102.39338684082031,-66.8259506225586
425.511138916,102.40409851074219,-66.57461547851562
425.660552978,102.50664520263672,-66.40147399902344
425.859771728,102.67831420898438,-66.25128173828125
426.025787353,102.87078857421875,-66.11823272705078
426.175201416,103.01303100585938,-66.00924682617188
426.374420166,103.19276428222656,-65.82569122314453
426.573638916,103.33869934082031,-65.61741638183594
426.723052978,103.44142150878906,-65.43659210205078
426.872467041,103.52320861816406,-65.28170776367188
427.071685791,103.64453125,-65.05171966552734
427.270904541,103.76385498046875,-64.82688903808594
427.420318603,103.86145782470703,-64.64787292480469
427.636138916,103.98871612548828,-64.43223571777344
427.785552978,104.03973388671875,-64.35270690917969
427.984771728,104.03973388671875,-64.35270690917969
428.134185791,104.03973388671875,-64.35270690917969
428.333404541,104.03973388671875,-64.35270690917969
428.532623291,104.03973388671875,-64.35270690917969
428.682037353,104.03973388671875,-64.35270690917969
428.881256103,104.15986633300781,-64.14116668701172
429.080474853,104.25981903076172,-63.90715026855469
429.229888916,104.32218933105469,-63.74200439453125
429.445709228,104.4189682006836,-63.47580337524414
429.595123291,104.46835327148438,-63.3469123840332
429.794342041,104.46835327148438,-63.3469123840332
429.993560791,104.46835327148438,-63.3469123840332
430.142974853,104.46835327148438,-63.3469123840332
430.342193603,104.46835327148438,-63.3469123840332
430.541412353,104.46835327148438,-63.3469123840332
430.690826416,104.46835327148438,-63.3469123840332
430.890045166,104.46835327148438,-63.3469123840332
431.105865478,104.46835327148438,-63.3469123840332
431.255279541,104.46835327148438,-63.3469123840332
431.454498291,104.46835327148438,-63.3469123840332
431.603912353,104.46835327148438,-63.3469123840332
431.803131103,104.46835327148438,-63.3469123840332
431.952545166,104.46835327148438,-63.3469123840332
432.151763916,104.46835327148438,-63.3469123840332
432.350982666,104.46835327148438,-63.3469123840332
432.500396728,104.47514343261719,-63.32612609863281
432.699615478,104.47566986083984,-63.32344055175781
432.865631103,104.47091674804688,-63.31520080566406
433.064849853,104.46014404296875,-63.30948257446289
433.214263916,104.38677978515625,-63.3071403503418
433.363677978,104.25755310058594,-63.360069274902344
433.562896728,104.104248046875,-63.56238555908203
433.712310791,104.06905364990234,-63.740089416503906
433.911529541,104.09590148925781,-63.99806213378906
434.060943603,104.14532470703125,-64.2000961303711
434.260162353,104.20335388183594,-64.45347595214844
434.426177978,104.23029327392578,-64.65684509277344
434.575592041,104.2327880859375,-64.83598327636719
434.774810791,104.19900512695312,-65.093505859375
434.924224853,104.14559173583984,-65.29019927978516
435.073638916,104.08895111083984,-65.45738983154297
435.272857666,104.00389099121094,-65.69727325439453
435.422271728,103.93962097167969,-65.89508819580078
435.621490478,103.87227630615234,-66.14479064941406
435.770904541,103.8285140991211,-66.32144165039062
435.920318603,103.78145599365234,-66.52404022216797
436.136138916,103.72986602783203,-66.76908111572266
436.285552978,103.68762969970703,-66.9727554321289
436.484771728,103.65957641601562,-67.10174560546875
436.634185791,103.65957641601562,-67.10174560546875
436.783599853,103.65957641601562,-67.10174560546875
436.982818603,103.65957641601562,-67.10174560546875
437.182037353,103.65957641601562,-67.10174560546875
437.331451416,103.65957641601562,-67.10174560546875
437.530670166,103.65957641601562,-67.10174560546875
437.680084228,103.62550354003906,-67.2636947631836
437.895904541,103.58212280273438,-67.52002716064453
438.045318603,103.5516128540039,-67.72440338134766
438.244537353,103.51724243164062,-67.9697036743164
438.393951416,103.48939514160156,-68.14540100097656
438.593170166,103.44120788574219,-68.39250946044922
438.742584228,103.39630126953125,-68.58858489990234
438.941802978,103.33111572265625,-68.84027099609375
439.091217041,103.28157043457031,-69.0154037475586
439.290435791,103.20713806152344,-69.26451873779297
439.456451416,103.14684295654297,-69.462158203125
439.605865478,103.09210968017578,-69.65716552734375
439.805084228,103.02621459960938,-69.90019226074219
439.954498291,102.98069763183594,-70.07074737548828
440.153717041,102.91764831542969,-70.32298278808594
440.303131103,102.87028503417969,-70.52549743652344
440.502349853,102.80899047851562,-70.77815246582031
440.651763916,102.76541900634766,-70.95203399658203
440.751373291,102.73316955566406,-71.07514953613281
440.900787353,102.6791763305664,-71.27175903320312
441.050201416,102.63043975830078,-71.4414291381836
441.216217041,102.57449340820312,-71.63322448730469
441.365631103,102.52189636230469,-71.82879638671875
441.564849853,102.45791625976562,-72.08079528808594
441.714263916,102.4125747680664,-72.25703430175781
441.913482666,102.34898376464844,-72.50912475585938
442.062896728,102.29826354980469,-72.70520782470703
442.262115478,102.22837829589844,-72.9542236328125
442.411529541,102.1782455444336,-73.1263427734375
442.610748291,102.10706329345703,-73.3707275390625
442.760162353,102.05072784423828,-73.56242370605469
442.909576416,101.98980712890625,-73.73239135742188
443.125396728,101.84868621826172,-73.98002624511719
443.274810791,101.7195053100586,-74.09937286376953
443.474029541,101.48294830322266,-74.18678283691406
443.623443603,101.27533721923828,-74.19015502929688
443.772857666,101.09497833251953,-74.16636657714844
443.972076416,100.84030151367188,-74.11412048339844
444.121490478,100.64105224609375,-74.0780029296875
444.270904541,100.46439361572266,-74.05735778808594
444.470123291,100.20736694335938,-74.04974365234375
444.636138916,100.0025634765625,-74.06253814697266
444.785552978,99.797119140625,-74.0845947265625
444.984771728,99.55194091796875,-74.1082992553711
445.134185791,99.37311553955078,-74.12081146240234
445.283599853,99.16535186767578,-74.13042449951172
445.433013916,98.98338317871094,-74.12993621826172
445.632232666,98.73458862304688,-74.1185302734375
445.781646728,98.54337310791016,-74.1068344116211
445.931060791,98.37125396728516,-74.09674835205078
446.130279541,98.11824798583984,-74.0877685546875
446.296295166,97.91448974609375,-74.08047485351562
446.445709228,97.70791625976562,-74.07550811767578
446.644927978,97.45768737792969,-74.06619262695312
446.794342041,97.27993774414062,-74.05951690673828
446.943756103,97.07617950439453,-74.0523681640625
447.093170166,96.89421844482422,-74.05391693115234
447.292388916,96.63839721679688,-74.05905151367188
447.441802978,96.44137573242188,-74.05972290039062
447.591217041,96.2662353515625,-74.0603256225586
447.790435791,96.01219940185547,-74.07452392578125
447.939849853,95.83403778076172,-74.09442138671875
448.105865478,95.6063461303711,-74.12566375732422
448.305084228,95.35272979736328,-74.16881561279297
448.454498291,95.1791000366211,-74.1917495727539
448.603912353,94.9762191772461,-74.21202850341797
448.803131103,94.7178955078125,-74.24117279052734
448.952545166,94.60043334960938,-74.26301574707031
449.101959228,94.60043334960938,-74.26301574707031
449.251373291,94.60043334960938,-74.26301574707031
449.450592041,94.60043334960938,-74.26301574707031
449.600006103,94.60043334960938,-74.26301574707031
449.766021728,94.60043334960938,-74.26301574707031
449.965240478,94.60043334960938,-74.26301574707031
450.114654541,94.60043334960938,-74.26301574707031
450.313873291,94.60043334960938,-74.26301574707031
450.513092041,94.60043334960938,-74.26301574707031
450.662506103,94.60043334960938,-74.26301574707031
450.861724853,94.60043334960938,-74.26301574707031
451.011138916,94.60337829589844,-74.24694061279297
451.210357666,94.70734405517578,-74.13428497314453
451.376373291,94.89884948730469,-74.05721282958984
451.575592041,95.1507568359375,-74.0578384399414
451.774810791,95.4015884399414,-74.11445617675781
451.924224853,95.59806060791016,-74.17382049560547
452.123443603,95.84999084472656,-74.23768615722656
452.272857666,96.02265167236328,-74.2669448852539
452.472076416,96.27337646484375,-74.28902435302734
452.621490478,96.47859954833984,-74.28996276855469
452.820709228,96.73847961425781,-74.28150939941406
452.970123291,96.92037963867188,-74.27472686767578
453.136138916,97.12551879882812,-74.26708221435547
453.335357666,97.38545989990234,-74.26191711425781
453.484771728,97.5907211303711,-74.26077270507812
453.683990478,97.84386444091797,-74.25936126708984
453.833404541,98.0217514038086,-74.25836944580078
454.032623291,98.2817611694336,-74.25691986083984
454.182037353,98.4897689819336,-74.2557601928711
454.381256103,98.7442855834961,-74.25751495361328
454.530670166,98.92354583740234,-74.25931549072266
454.729888916,99.18355560302734,-74.26190948486328
454.895904541,99.37905883789062,-74.26386260986328
455.045318603,99.4718017578125,-74.26480102539062
455.244537353,99.7318115234375,-74.26739501953125
455.443756103,99.99044799804688,-74.26998138427734
455.642974853,100.23109436035156,-74.27240753173828
455.792388916,100.40486145019531,-74.27417755126953
455.991607666,100.65526580810547,-74.2762451171875
456.190826416,100.9097900390625,-74.27490234375
456.340240478,101.1177978515625,-74.27374267578125
456.556060791,101.3778076171875,-74.27229309082031
456.705474853,101.57894897460938,-74.27117156982422
456.854888916,101.76095581054688,-74.27015686035156
457.054107666,102.01959228515625,-74.26871490478516
457.253326416,102.26861572265625,-74.26732635498047
457.402740478,102.47250366210938,-74.26618957519531
457.601959228,102.72702026367188,-74.2647705078125
457.801177978,102.98703002929688,-74.26332092285156
457.950592041,103.16217041015625,-74.26234436035156
458.100006103,103.35919189453125,-74.26124572753906
458.315826416,103.60958862304688,-74.25984954833984
458.465240478,103.81484985351562,-74.25870513916016
458.664459228,104.073486328125,-74.25726318359375
458.863677978,104.32664489746094,-74.25729370117188
459.013092041,104.40016174316406,-74.25779724121094
459.212310791,104.57816314697266,-74.25904083251953
459.411529541,104.83817291259766,-74.26087188720703
459.610748291,105.01904296875,-74.26211547851562
459.760162353,105.20204162597656,-74.26339721679688
459.975982666,105.45793151855469,-74.26518249511719
460.125396728,105.66044616699219,-74.26658630371094
460.324615478,105.92045593261719,-74.26841735839844
460.523834228,106.17771911621094,-74.27021789550781
460.723052978,106.42948913574219,-74.27195739746094
460.872467041,106.61149597167969,-74.27323913574219
461.071685791,106.87150573730469,-74.27507019042969
461.270904541,107.12602233886719,-74.27684020996094
461.420318603,107.32442474365234,-74.27600860595703
461.586334228,107.52417755126953,-74.2729721069336
461.785552978,107.78411102294922,-74.26900482177734
461.984771728,108.03721618652344,-74.26515197753906
462.134185791,108.21097564697266,-74.26251220703125
462.333404541,108.46682739257812,-74.25886535644531
462.532623291,108.72683715820312,-74.2598648071289
462.731842041,108.98272705078125,-74.26165008544922
462.881256103,109.17974853515625,-74.26299285888672
463.080474853,109.3481216430664,-74.26415252685547
463.229888916,109.3481216430664,-74.26415252685547
463.445709228,109.50037384033203,-74.26520538330078
463.595123291,109.68238067626953,-74.26648712158203
463.794342041,109.94239044189453,-74.26831817626953
463.993560791,110.1900405883789,-74.27001190185547
464.142974853,110.3870620727539,-74.27135467529297
464.342193603,110.55406188964844,-74.27249908447266
464.541412353,110.55406188964844,-74.27249908447266
464.740631103,110.55406188964844,-74.27249908447266
464.890045166,110.55406188964844,-74.27249908447266
465.105865478,110.55406188964844,-74.27249908447266
465.305084228,110.55406188964844,-74.27249908447266
465.504302978,110.55406188964844,-74.27249908447266
465.703521728,110.71881103515625,-74.27363586425781
465.852935791,110.89944458007812,-74.27490234375
466.052154541,111.14984130859375,-74.27662658691406
466.251373291,111.40299224853516,-74.27600860595703
466.450592041,111.66162872314453,-74.27373504638672
466.600006103,111.8446273803711,-74.2721176147461
466.815826416,112.1046371459961,-74.26982879638672
466.965240478,112.30303192138672,-74.26810455322266
467.164459228,112.55480194091797,-74.26590728759766
467.313873291,112.73680877685547,-74.2643051147461
467.513092041,112.99681854248047,-74.26201629638672
467.662506103,113.2007064819336,-74.2602310180664
467.861724853,113.4497299194336,-74.25806427001953
468.060943603,113.70699310302734,-74.25867462158203
468.210357666,113.88899993896484,-74.25995635986328
468.426177978,114.17089080810547,-74.26192474365234
468.575592041,114.35152435302734,-74.26319122314453
468.774810791,114.61153411865234,-74.26502227783203
468.974029541,114.6925277709961,-74.26558685302734
469.173248291,114.8434066772461,-74.2666244506836
469.322662353,115.0514144897461,-74.2680892944336
469.521881103,115.18540954589844,-74.26902770996094
469.721099853,115.18540954589844,-74.26902770996094
469.920318603,115.18540954589844,-74.26902770996094
470.086334228,115.18540954589844,-74.26902770996094
470.285552978,115.18540954589844,-74.26902770996094
470.484771728,115.18540954589844,-74.26902770996094
470.634185791,115.18540954589844,-74.26902770996094
470.833404541,115.18540954589844,-74.26902770996094
471.032623291,115.18540954589844,-74.26902770996094
471.231842041,115.32490539550781,-74.2699966430664
471.431060791,115.58079528808594,-74.27178192138672
471.630279541,115.83668518066406,-74.27356719970703
471.796295166,116.03782653808594,-74.27495574951172
471.995513916,116.29783630371094,-74.27678680419922
472.144927978,116.50309753417969,-74.27741241455078
472.344146728,116.75486755371094,-74.27445983886719
472.543365478,117.01487731933594,-74.27133178710938
472.692779541,117.19688415527344,-74.2691421508789
472.891998291,117.45002746582031,-74.2660903930664
473.091217041,117.70179748535156,-74.26305389404297
473.290435791,117.96043395996094,-74.25994110107422
473.456451416,118.16844177246094,-74.25826263427734
473.655670166,118.42295837402344,-74.26058959960938
473.854888916,118.68159484863281,-74.26317596435547
474.004302978,118.88960266113281,-74.26525115966797
474.203521728,119.14274597167969,-74.26780700683594
474.402740478,119.39314270019531,-74.27034759521484
474.601959228,119.64903259277344,-74.27291870117188
474.801177978,119.90904235839844,-74.2755126953125
474.950592041,120.08831787109375,-74.276123046875
475.149810791,120.34146118164062,-74.27471160888672
475.315826416,120.548095703125,-74.2735595703125
475.515045166,120.80535888671875,-74.27212524414062
475.714263916,121.05850219726562,-74.27071380615234
475.863677978,121.26376342773438,-74.26956939697266
476.062896728,121.52377319335938,-74.26811981201172
476.262115478,121.77828979492188,-74.2667007446289
476.361724853,121.90554809570312,-74.2659912109375
476.511138916,122.08343505859375,-74.26499938964844
476.710357666,122.3406982421875,-74.26356506347656
476.876373291,122.54865264892578,-74.25993347167969
477.075592041,122.80634307861328,-74.23818969726562
477.274810791,123.06401824951172,-74.2160415649414
477.474029541,123.31952667236328,-74.2020492553711
477.673248291,123.57396697998047,-74.1961669921875
477.822662353,123.77510833740234,-74.19725799560547
478.021881103,124.03087615966797,-74.19264221191406
478.221099853,124.29015350341797,-74.1735610961914
478.420318603,124.5425796508789,-74.1545639038086
478.586334228,124.74620056152344,-74.14408111572266
478.785552978,125.0047607421875,-74.1406021118164
478.984771728,125.25749206542969,-74.15508270263672
479.134185791,125.43338775634766,-74.16996765136719
479.333404541,125.68694305419922,-74.19210052490234
479.532623291,125.9464340209961,-74.208251953125
479.682037353,126.15293884277344,-74.21524047851562
479.881256103,126.40471649169922,-74.21659851074219
480.080474853,126.66060638427734,-74.21435546875
480.229888916,126.84261322021484,-74.21275329589844
480.429107666,127.10262298583984,-74.21046447753906
480.595123291,127.30376434326172,-74.20870971679688
480.794342041,127.56377410888672,-74.2064208984375
480.943756103,127.76903533935547,-74.20462036132812
481.142974853,128.02491760253906,-74.20237731933594
481.342193603,128.2753143310547,-74.2001953125
481.541412353,128.5353240966797,-74.19790649414062
481.690826416,128.7173309326172,-74.19654846191406
481.890045166,128.97459411621094,-74.19839477539062
482.056060791,129.1796417236328,-74.18983459472656
482.255279541,129.43743896484375,-74.15687561035156
482.454498291,129.6868133544922,-74.09502410888672
482.603912353,129.86830139160156,-74.00599670410156
482.803131103,130.0510711669922,-73.83306884765625
482.952545166,130.1373291015625,-73.67796325683594
483.151763916,130.1915740966797,-73.4583740234375
483.301177978,130.19232177734375,-73.44900512695312
483.500396728,130.19232177734375,-73.44900512695312
483.649810791,130.19232177734375,-73.44900512695312
483.865631103,130.19232177734375,-73.44900512695312
484.015045166,130.19232177734375,-73.44900512695312
484.214263916,130.19232177734375,-73.44900512695312
484.363677978,130.19712829589844,-73.28495025634766
484.562896728,130.19790649414062,-73.03179168701172
484.712310791,130.1964569091797,-72.8539047241211
484.911529541,130.19435119628906,-72.59664154052734
485.060943603,130.19265747070312,-72.39000701904297
485.260162353,130.19058227539062,-72.13549041748047
485.409576416,130.18911743164062,-71.95623016357422
485.625396728,130.18682861328125,-71.67571258544922
485.774810791,130.18536376953125,-71.49645233154297
485.924224853,130.1837158203125,-71.29393768310547
486.123443603,130.18165588378906,-71.0407943725586
486.272857666,130.18016052246094,-70.8587875366211
486.472076416,130.1780242919922,-70.5987777709961
486.671295166,130.1771697998047,-70.34424591064453
486.820709228,130.1768035888672,-70.14306640625
487.019927978,130.1763916015625,-69.9090576171875
487.185943603,130.1759796142578,-69.675048828125
487.385162353,130.17552185058594,-69.42050170898438
487.534576416,130.17520141601562,-69.23849487304688
487.733795166,130.17474365234375,-68.97848510742188
487.883209228,130.17491149902344,-68.77595520019531
488.082427978,130.1759796142578,-68.52555847167969
488.231842041,130.17616271972656,-68.48307037353516
488.431060791,130.17718505859375,-68.24617767333984
488.630279541,130.17825317382812,-67.99715423583984
488.796295166,130.17886352539062,-67.85440826416016
488.995513916,130.17979431152344,-67.63191223144531
489.144927978,130.18064880371094,-67.42390441894531
489.344146728,130.1815185546875,-67.21390533447266
489.493560791,130.18202209472656,-67.09441375732422
489.692779541,130.18309020996094,-66.83440399169922
489.842193603,130.18394470214844,-66.62776947021484
490.041412353,130.18482971191406,-66.41211700439453
490.190826416,130.18557739257812,-66.23011016845703
490.390045166,130.17625427246094,-65.97589111328125
490.556060791,130.14453125,-65.80992889404297
490.755279541,130.04232788085938,-65.57328796386719
490.904693603,129.91372680664062,-65.41033172607422
491.054107666,129.77786254882812,-65.28950500488281
491.253326416,129.5644073486328,-65.1461181640625
491.402740478,129.38560485839844,-65.03982543945312
491.552154541,129.23110961914062,-64.95164489746094
491.701568603,129.0575714111328,-64.84996032714844
491.900787353,128.84690856933594,-64.7096176147461
492.050201416,128.7008056640625,-64.60578155517578
492.216217041,128.53369140625,-64.48194885253906
492.415435791,128.33103942871094,-64.31917572021484
492.564849853,128.17526245117188,-64.18978118896484
492.714263916,128.0340576171875,-64.0771484375
492.863677978,127.87069702148438,-63.94839859008789
493.062896728,127.66230773925781,-63.79296112060547
493.212310791,127.51344299316406,-63.68825912475586
493.361724853,127.3477554321289,-63.571800231933594
493.511138916,127.19767761230469,-63.468849182128906
493.710357666,126.986328125,-63.3221549987793
493.809967041,126.88140106201172,-63.25014877319336
494.025787353,126.64927673339844,-63.09022521972656
494.175201416,126.5008773803711,-62.98484802246094
494.324615478,126.33309173583984,-62.86191177368164
494.474029541,126.18985748291016,-62.758750915527344
494.673248291,125.97978210449219,-62.60554885864258
494.822662353,125.81195831298828,-62.485008239746094
494.972076416,125.66450500488281,-62.378292083740234
495.171295166,125.45368194580078,-62.22614669799805
495.320709228,125.28492736816406,-62.10453796386719
495.470123291,125.1365966796875,-61.99909973144531
495.536529541,125.07266998291016,-61.95439910888672
495.735748291,124.86402893066406,-61.80624008178711
495.885162353,124.69676971435547,-61.68490219116211
496.034576416,124.5555648803711,-61.57897186279297
496.233795166,124.35134887695312,-61.422508239746094
496.383209228,124.26456451416016,-61.35823059082031
496.532623291,124.11640930175781,-61.25252151489258
496.731842041,123.90438842773438,-61.10681915283203
496.881256103,123.73487854003906,-60.98627853393555
497.030670166,123.5877456665039,-60.879173278808594
497.229888916,123.37931060791016,-60.72836685180664
497.395904541,123.2103042602539,-60.60947799682617
497.545318603,123.0378189086914,-60.49325180053711
497.694732666,122.88645935058594,-60.3922004699707
497.893951416,122.67268371582031,-60.24420928955078
498.043365478,122.50047302246094,-60.12757873535156
498.192779541,122.34915924072266,-60.026458740234375
498.391998291,122.1424789428711,-59.87349319458008
498.541412353,121.99930572509766,-59.7231559753418
498.690826416,121.90827178955078,-59.56606674194336
498.890045166,121.85166931152344,-59.316585540771484
499.056060791,121.8586196899414,-59.1102409362793
499.255279541,121.89291381835938,-58.85530090332031
499.454498291,121.93228149414062,-58.59831237792969
499.603912353,121.95905303955078,-58.39481735229492
499.803131103,121.97329711914062,-58.14486312866211
500.002349853,121.97650146484375,-57.884891510009766
500.151763916,121.97509002685547,-57.702884674072266
500.350982666,121.95983123779297,-57.447540283203125
500.550201416,121.92532348632812,-57.19953536987305
500.699615478,121.9018783569336,-57.02181625366211
500.865631103,121.88018798828125,-56.79573440551758
501.015045166,121.87359619140625,-56.62070846557617
501.214263916,121.87108612060547,-56.36757278442383
501.413482666,121.87662506103516,-56.11448287963867
501.612701416,121.88720703125,-55.85469055175781
501.762115478,121.89546966552734,-55.65935516357422
501.961334228,121.89617919921875,-55.64286804199219
502.160552978,121.89617919921875,-55.64286804199219
502.309967041,121.89617919921875,-55.64286804199219
502.525787353,121.89617919921875,-55.64286804199219
502.675201416,121.89617919921875,-55.64286804199219
502.874420166,121.89617919921875,-55.64286804199219
503.023834228,121.89617919921875,-55.64286804199219
503.223052978,121.89617919921875,-55.64286804199219
503.372467041,121.89617919921875,-55.64286804199219
503.571685791,121.89617919921875,-55.64286804199219
503.721099853,121.89080810546875,-55.641849517822266
503.870513916,121.87589263916016,-55.64869689941406
504.036529541,121.76681518554688,-55.754783630371094
504.185943603,121.699462890625,-55.92799377441406
504.385162353,121.7091293334961,-56.17985534667969
504.584381103,121.77410888671875,-56.428627014160156
504.733795166,121.82962799072266,-56.601951599121094
504.883209228,121.88182067871094,-56.79617691040039
505.082427978,121.9245834350586,-57.04828643798828
505.281646728,121.93193817138672,-57.29846954345703
505.431060791,121.9244613647461,-57.48031234741211
505.580474853,121.91163635253906,-57.68791961669922
505.796295166,121.8955078125,-57.93920135498047
505.945709228,121.88253784179688,-58.141319274902344
506.144927978,121.8703842163086,-58.40102767944336
506.294342041,121.86751556396484,-58.52048873901367
506.443756103,121.86749267578125,-58.521488189697266
506.642974853,121.86749267578125,-58.521488189697266
506.792388916,121.86749267578125,-58.521488189697266
506.991607666,121.86749267578125,-58.521488189697266
507.141021728,121.86749267578125,-58.521488189697266
507.340240478,121.86749267578125,-58.521488189697266
507.489654541,121.86749267578125,-58.521488189697266
507.705474853,121.86749267578125,-58.521488189697266
507.854888916,121.86749267578125,-58.521488189697266
508.054107666,121.86618041992188,-58.696739196777344
508.253326416,121.86671447753906,-58.94716262817383
508.402740478,121.86714172363281,-59.14558410644531
508.601959228,121.87628173828125,-59.395751953125
508.801177978,121.91931915283203,-59.651824951171875
508.950592041,121.98259735107422,-59.819297790527344
509.149810791,122.12287139892578,-60.030879974365234
509.315826416,122.26445770263672,-60.17163848876953
509.515045166,122.46591186523438,-60.327022552490234
509.714263916,122.68466186523438,-60.46749496459961
509.863677978,122.85692596435547,-60.57656478881836
510.062896728,122.9803466796875,-60.657325744628906
510.262115478,123.18590545654297,-60.80035400390625
510.411529541,123.33075714111328,-60.90595245361328
510.610748291,123.47407531738281,-61.0178337097168
510.809967041,123.62874603271484,-61.152313232421875
510.975982666,123.77657318115234,-61.29072189331055
511.175201416,123.90914154052734,-61.40670394897461
511.324615478,123.95780181884766,-61.445919036865234
511.523834228,124.15882873535156,-61.598140716552734
511.673248291,124.30357360839844,-61.708465576171875
511.872467041,124.36727142333984,-61.75685119628906
512.021850585,124.52703857421875,-61.879093170166016
512.221069335,124.7320327758789,-62.03451919555664
512.420288085,124.93840026855469,-62.19266128540039
512.586303710,125.10372924804688,-62.31888198852539
512.785522460,125.31198120117188,-62.47452163696289
512.984741210,125.51915740966797,-62.63159942626953
513.183959960,125.71597290039062,-62.77969741821289
513.333374023,125.86175537109375,-62.88864517211914
513.532592773,126.06926727294922,-63.0452766418457
513.731811523,126.27564239501953,-63.20114517211914
513.881225585,126.4405288696289,-63.32795715332031
514.080444335,126.64642333984375,-63.48447036743164
514.229858398,126.79304504394531,-63.59230041503906
514.445678710,127.01844787597656,-63.76156234741211
514.644897460,127.22650146484375,-63.91746139526367
514.794311523,127.37024688720703,-64.02457427978516
514.993530273,127.57735443115234,-64.1817398071289
515.192749023,127.78531646728516,-64.3377685546875
515.342163085,127.95064544677734,-64.46397399902344
515.491577148,128.09445190429688,-64.5732650756836
515.591186523,128.19354248046875,-64.64868927001953
515.790405273,128.40206909179688,-64.8016586303711
515.956420898,128.5658721923828,-64.92305755615234
516.105834960,128.7333221435547,-65.04644012451172
516.305053710,128.9425048828125,-65.1961898803711
516.454467773,129.0906524658203,-65.3018798828125
516.653686523,129.2960205078125,-65.44986724853516
516.852905273,129.5004119873047,-65.61048126220703
517.002319335,129.6488494873047,-65.7481918334961
517.201538085,129.8189697265625,-65.9374008178711
517.400756835,129.96209716796875,-66.14593505859375
517.550170898,130.04122924804688,-66.30963897705078
517.749389648,130.11866760253906,-66.55756378173828
517.915405273,130.15164184570312,-66.7600326538086
518.114624023,130.1590118408203,-67.00454711914062
518.264038085,130.15243530273438,-67.21244049072266
518.463256835,130.13694763183594,-67.47059631347656
518.662475585,130.11907958984375,-67.72037506103516
518.811889648,130.10931396484375,-67.87159729003906
519.011108398,130.09500122070312,-68.12709045410156
519.210327148,130.08860778808594,-68.38152313232422
519.376342773,130.08836364746094,-68.41051483154297
519.525756835,130.08836364746094,-68.41051483154297
519.724975585,130.08836364746094,-68.41051483154297
519.924194335,130.08836364746094,-68.41051483154297
520.073608398,130.08836364746094,-68.41051483154297
520.272827148,130.08836364746094,-68.41051483154297
520.422241210,130.08836364746094,-68.41051483154297
520.571655273,130.0874481201172,-68.52226257324219
520.770874023,130.08531188964844,-68.78227233886719
520.970092773,130.08331298828125,-69.02992248535156
521.136108398,130.0828857421875,-69.2310791015625
521.335327148,130.08486938476562,-69.4910888671875
521.484741210,130.0856170654297,-69.58558654785156
521.683959960,130.0856170654297,-69.58558654785156
521.883178710,130.0856170654297,-69.58558654785156
522.032592773,130.0856170654297,-69.58558654785156
522.231811523,130.0856170654297,-69.58558654785156
522.431030273,130.0856170654297,-69.58558654785156
522.630249023,130.0856170654297,-69.58558654785156
522.796264648,130.0856170654297,-69.58558654785156
522.995483398,130.0856170654297,-69.58558654785156
523.144897460,130.0856170654297,-69.58558654785156
523.344116210,130.0870819091797,-69.77708435058594
523.543334960,130.0890655517578,-70.03709411621094
523.692749023,130.0904541015625,-70.21910095214844
523.891967773,130.09243774414062,-70.47087097167969
524.041381835,130.09402465820312,-70.67475891113281
524.240600585,130.09507751464844,-70.80875396728516
524.439819335,130.09654235839844,-70.99475860595703
524.605834960,130.09832763671875,-71.2164077758789
524.805053710,130.09967041015625,-71.38753509521484
525.004272460,130.10093688964844,-71.55303192138672
525.153686523,130.10232543945312,-71.72954559326172
525.303100585,130.10328674316406,-71.8918228149414
525.502319335,130.10330200195312,-71.9043197631836
525.701538085,130.10365295410156,-72.14509582519531
525.900756835,130.1040496826172,-72.39964294433594
526.050170898,130.10426330566406,-72.57209014892578
526.265991210,130.10470581054688,-72.8526382446289
526.465209960,130.10516357421875,-73.1126480102539
526.614624023,130.10484313964844,-73.2905502319336
526.813842773,130.0958709716797,-73.5475845336914
526.963256835,130.06158447265625,-73.74542236328125
527.162475585,129.94354248046875,-73.96891784667969
527.311889648,129.8078155517578,-74.08500671386719
527.511108398,129.57244873046875,-74.17359924316406
527.660522460,129.36785888671875,-74.18504333496094
527.809936523,129.19073486328125,-74.16899871826172
