timestamp_sec,x,y
3.734990119,77.0999984741211,-6.199999809265137
3.934188842,77.0999984741211,-6.199999809265137
4.133389472,77.0999984741211,-6.199999809265137
4.282790660,77.0999984741211,-6.199999809265137
4.481992244,77.0999984741211,-6.199999809265137
4.681193828,77.0999984741211,-6.199999809265137
4.880395412,77.0999984741211,-6.199999809265137
5.096197128,77.0999984741211,-6.199999809265137
5.295398712,77.0999984741211,-6.199999809265137
5.444799900,77.0999984741211,-6.199999809265137
5.644001483,77.0999984741211,-6.199999809265137
5.843203067,77.0999984741211,-6.199999809265137
6.042404651,77.0999984741211,-6.199999809265137
6.191805839,77.0999984741211,-6.199999809265137
6.391007423,77.0999984741211,-6.199999809265137
6.590209007,77.0999984741211,-6.199999809265137
6.756210327,77.0999984741211,-6.199999809265137
6.955411911,77.0999984741211,-6.199999809265137
7.154613494,77.0999984741211,-6.199999809265137
7.304014682,77.0999984741211,-6.199999809265137
7.503216266,77.0999984741211,-6.199999809265137
7.702417850,77.0999984741211,-6.199999809265137
7.851819038,77.0999984741211,-6.199999809265137
8.051018714,77.0999984741211,-6.199999809265137
8.200415611,77.0999984741211,-6.199999809265137
8.349812507,77.0999984741211,-6.199999809265137
8.515809059,77.0999984741211,-6.199999809265137
8.715004920,77.0999984741211,-6.199999809265137
8.864401817,77.0999984741211,-6.199999809265137
9.063597679,77.0999984741211,-6.199999809265137
9.212994575,77.0999984741211,-6.199999809265137
9.412190437,77.0999984741211,-6.199999809265137
9.561587333,77.0999984741211,-6.199999809265137
9.710984230,77.0999984741211,-6.199999809265137
9.910180091,77.0999984741211,-6.199999809265137
10.076176643,77.0999984741211,-6.199999809265137
10.225573539,77.0999984741211,-6.199999809265137
10.374970436,77.0999984741211,-6.199999809265137
10.574166297,77.0999984741211,-6.199999809265137
10.723563194,77.0999984741211,-6.199999809265137
10.922759056,77.0999984741211,-6.199999809265137
11.072155952,77.0999984741211,-6.199999809265137
11.271351814,77.0999984741211,-6.199999809265137
11.420748710,77.0999984741211,-6.199999809265137
11.570145606,77.0999984741211,-6.199999809265137
11.785941123,77.0999984741211,-6.199999809265137
11.935338020,77.0999984741211,-6.199999809265137
12.084734916,77.0999984741211,-6.199999809265137
12.283930778,77.0999984741211,-6.199999809265137
12.433327674,77.0999984741211,-6.199999809265137
12.632523536,77.0999984741211,-6.199999809265137
12.781920433,77.0999984741211,-6.199999809265137
12.931317329,77.0999984741211,-6.199999809265137
13.080714225,77.0999984741211,-6.199999809265137
13.230111122,77.0999984741211,-6.199999809265137
13.445906639,77.0999984741211,-6.199999809265137
13.595303535,77.0999984741211,-6.199999809265137
13.794499397,77.0999984741211,-6.199999809265137
13.943896293,77.0999984741211,-6.199999809265137
14.093293190,77.0999984741211,-6.199999809265137
14.242690086,77.0999984741211,-6.199999809265137
14.441885948,77.0999984741211,-6.199999809265137
14.591282844,77.0999984741211,-6.199999809265137
14.790478706,77.0999984741211,-6.199999809265137
14.956475257,77.0999984741211,-6.199999809265137
15.105872154,77.0999984741211,-6.199999809265137
15.255269050,77.0999984741211,-6.199999809265137
15.404665946,77.0999984741211,-6.199999809265137
15.603861808,77.0999984741211,-6.199999809265137
15.753258705,77.0999984741211,-6.199999809265137
15.952454566,77.0999984741211,-6.199999809265137
16.101852416,77.0999984741211,-6.199999809265137
16.251249313,77.0999984741211,-6.199999809265137
16.400646209,77.0999984741211,-6.199999809265137
16.616441726,77.0999984741211,-6.199999809265137
16.765838623,77.0999984741211,-6.199999809265137
16.915235519,77.0999984741211,-6.199999809265137
17.064632415,77.0999984741211,-6.199999809265137
17.263828277,77.0999984741211,-6.199999809265137
17.413225173,77.0999984741211,-6.199999809265137
17.562622070,77.0999984741211,-6.199999809265137
17.761817932,77.0999984741211,-6.199999809265137
17.911214828,77.0999984741211,-6.199999809265137
18.060611724,77.0999984741211,-6.199999809265137
18.210008621,77.0999984741211,-6.199999809265137
18.425804138,77.0999984741211,-6.199999809265137
18.575201034,77.0999984741211,-6.199999809265137
18.724597930,77.0999984741211,-6.199999809265137
18.923793792,77.0999984741211,-6.199999809265137
19.073190689,77.0999984741211,-6.199999809265137
19.222587585,77.0999984741211,-6.199999809265137
19.421783447,77.0999984741211,-6.199999809265137
19.571180343,77.0999984741211,-6.199999809265137
19.720577239,77.0999984741211,-6.199999809265137
19.919773101,77.0999984741211,-6.199999809265137
20.085769653,77.0999984741211,-6.199999809265137
20.235166549,77.0999984741211,-6.199999809265137
20.434362411,77.0999984741211,-6.199999809265137
20.583759307,77.0999984741211,-6.199999809265137
20.733156204,77.0999984741211,-6.199999809265137
20.882553100,77.0999984741211,-6.199999809265137
21.081748962,77.0999984741211,-6.199999809265137
21.231145858,77.0999984741211,-6.199999809265137
21.380542755,77.0999984741211,-6.199999809265137
21.529939651,77.0999984741211,-6.199999809265137
21.745735168,77.0999984741211,-6.199999809265137
21.895132064,77.0999984741211,-6.199999809265137
22.044528961,77.0999984741211,-6.199999809265137
22.243724822,77.0999984741211,-6.199999809265137
22.393121719,77.0999984741211,-6.199999809265137
22.542518615,77.0999984741211,-6.199999809265137
22.741714477,77.0999984741211,-6.199999809265137
22.891111373,77.0999984741211,-6.199999809265137
23.090307235,77.0999984741211,-6.199999809265137
23.256303787,77.0999984741211,-6.199999809265137
23.405700683,77.0999984741211,-6.199999809265137
23.604896545,77.0999984741211,-6.199999809265137
23.754293441,77.0999984741211,-6.199999809265137
23.903690338,77.0999984741211,-6.199999809265137
24.053087234,77.0999984741211,-6.199999809265137
24.252283096,77.0999984741211,-6.199999809265137
24.401679992,77.0999984741211,-6.199999809265137
24.600875854,77.0999984741211,-6.199999809265137
24.750272750,77.0999984741211,-6.199999809265137
24.916269302,77.0999984741211,-6.199999809265137
25.065666198,77.0999984741211,-6.199999809265137
25.215063095,77.0999984741211,-6.199999809265137
25.364459991,77.0999984741211,-6.199999809265137
25.563655853,77.0999984741211,-6.199999809265137
25.713052749,77.0999984741211,-6.199999809265137
25.912248611,77.0999984741211,-6.199999809265137
26.061645507,77.0999984741211,-6.199999809265137
26.211042404,77.0999984741211,-6.199999809265137
26.410238265,77.0999984741211,-6.199999809265137
26.576234817,77.0999984741211,-6.199999809265137
26.725631713,77.0999984741211,-6.199999809265137
26.875028610,77.0999984741211,-6.199999809265137
27.024425506,77.0999984741211,-6.199999809265137
27.223621368,77.0999984741211,-6.199999809265137
27.373018264,77.0999984741211,-6.199999809265137
27.572214126,77.0999984741211,-6.199999809265137
27.721611022,77.0999984741211,-6.199999809265137
27.871007919,77.0999984741211,-6.199999809265137
28.020404815,77.0999984741211,-6.199999809265137
28.169801712,77.0999984741211,-6.199999809265137
28.385597229,77.0999984741211,-6.199999809265137
28.534994125,77.0999984741211,-6.199999809265137
28.684391021,77.0999984741211,-6.199999809265137
28.833787918,77.0999984741211,-6.199999809265137
29.032983779,77.0999984741211,-6.199999809265137
29.182380676,77.0999984741211,-6.199999809265137
29.331777572,77.0999984741211,-6.199999809265137
29.481174468,77.0999984741211,-6.199999809265137
29.630571365,76.98512268066406,-6.224659442901611
29.846366882,76.72702026367188,-6.153168678283691
30.045562744,76.54811096191406,-5.96864652633667
30.244758605,76.43018341064453,-5.740528583526611
30.443954467,76.33181762695312,-5.507275581359863
30.593351364,76.25218200683594,-5.346734523773193
30.792547225,76.11846160888672,-5.138541221618652
30.991743087,76.06474304199219,-5.071837425231934
31.190938949,76.06474304199219,-5.071837425231934
31.390134811,76.06474304199219,-5.071837425231934
31.605930328,76.06474304199219,-5.071837425231934
31.805126190,76.06474304199219,-5.071837425231934
32.004322052,76.06474304199219,-5.071837425231934
32.203540802,76.06474304199219,-5.071837425231934
32.402759552,76.06474304199219,-5.071837425231934
32.601978302,76.06474304199219,-5.071837425231934
32.801197052,76.06474304199219,-5.071837425231934
33.000415802,76.06474304199219,-5.071837425231934
33.216236114,76.06474304199219,-5.071837425231934
33.415454864,76.06915283203125,-5.0633721351623535
33.664478302,76.09091186523438,-5.0535454750061035
33.813892364,76.15046691894531,-5.058457374572754
33.963306427,76.24685668945312,-5.1190104484558105
34.112720489,76.3475341796875,-5.26438045501709
34.311939239,76.38057708740234,-5.517733573913574
34.461353302,76.33235931396484,-5.718405246734619
34.660572052,76.25067901611328,-5.965237140655518
34.809986114,76.2046890258789,-6.141238212585449
34.976001739,76.17686462402344,-6.341711044311523
35.125415802,76.17521667480469,-6.545440196990967
35.274829864,76.19622802734375,-6.723420143127441
35.474048614,76.24794006347656,-6.978128910064697
35.623462677,76.2986831665039,-7.179844856262207
35.822681427,76.3568115234375,-7.426231384277344
35.972095489,76.3908462524414,-7.600816249847412
36.121509552,76.42276000976562,-7.803577423095703
36.270923614,76.44679260253906,-7.98397970199585
36.470142364,76.47982025146484,-8.241866111755371
36.586353302,76.49835968017578,-8.394000053405762
36.785572052,76.52992248535156,-8.646553039550781
36.934986114,76.55330657958984,-8.827040672302246
37.084400177,76.57768249511719,-9.03360366821289
37.283618927,76.61016082763672,-9.280525207519531
37.433032989,76.63492584228516,-9.4539213180542
37.632251739,76.6716537475586,-9.70301342010498
37.781665802,76.70266723632812,-9.907304763793945
37.931079864,76.7289810180664,-10.087389945983887
38.030689239,76.74581909179688,-10.216292381286621
38.130298614,76.76396179199219,-10.345020294189453
38.329517364,76.79769134521484,-10.591772079467773
38.495532989,76.82646179199219,-10.79085922241211
38.644947052,76.85678100585938,-10.996634483337402
38.794361114,76.87895202636719,-11.175895690917969
38.993579864,76.90386962890625,-11.429193496704102
39.142993927,76.92010498046875,-11.631061553955078
39.292407989,76.93033599853516,-11.811399459838867
39.441822052,76.93474578857422,-11.91930866241455
39.641040802,76.93474578857422,-11.91930866241455
39.790454864,76.93634796142578,-11.921528816223145
39.956470489,76.9700927734375,-11.944509506225586
40.155689239,77.19990539550781,-11.974501609802246
40.354907989,77.4328842163086,-11.868228912353516
40.554126739,77.61505126953125,-11.687308311462402
40.753345489,77.78227996826172,-11.488275527954102
40.952564239,77.9703598022461,-11.308951377868652
41.151782989,78.17517852783203,-11.148951530456543
41.351001739,78.38933563232422,-11.011547088623047
41.550220489,78.61229705810547,-10.886067390441895
41.766040802,78.85964965820312,-10.762709617614746
41.965259552,79.09384155273438,-10.652966499328613
42.164478302,79.32437896728516,-10.541897773742676
42.363697052,79.5569839477539,-10.425739288330078
42.562915802,79.78050231933594,-10.303995132446289
42.762134552,80.00597381591797,-10.174538612365723
42.961353302,80.23140716552734,-10.053533554077148
43.160572052,80.46920013427734,-9.955962181091309
43.309986114,80.64509582519531,-9.909589767456055
43.525806427,80.92608642578125,-9.876704216003418
43.725025177,81.17906188964844,-9.8834867477417
43.924243927,81.43818664550781,-9.904535293579102
44.123462677,81.69434356689453,-9.92819881439209
44.272876739,81.86761474609375,-9.94151496887207
44.472095489,82.11907958984375,-9.9540433883667
44.671314239,82.37629699707031,-9.958707809448242
44.870532989,82.63630676269531,-9.956977844238281
45.069751739,82.88807678222656,-9.954824447631836
45.235767364,83.09059143066406,-9.953092575073242
45.434986114,83.35060119628906,-9.950870513916016
45.634204864,83.60786437988281,-9.94891357421875
45.833423614,83.85961151123047,-9.952710151672363
46.032642364,84.11795043945312,-9.964792251586914
46.231861114,84.3772964477539,-9.98338508605957
46.381275177,84.57656860351562,-9.99781322479248
46.580493927,84.82940673828125,-10.010416030883789
46.729907989,85.00724792480469,-10.014480590820312
46.945728302,85.2918701171875,-10.013204574584961
47.144947052,85.54497528076172,-10.009442329406738
47.344165802,85.79944610595703,-10.005660057067871
47.493579864,85.98139953613281,-10.00295639038086
47.692798614,86.24134063720703,-9.999176025390625
47.892017364,86.48905181884766,-9.998926162719727
48.041431427,86.69296264648438,-9.999114036560059
48.240650177,86.95160675048828,-9.999351501464844
48.456470489,87.2061538696289,-9.99958610534668
48.655689239,87.45928192138672,-10.002569198608398
48.805103302,87.6639633178711,-10.028426170349121
49.004322052,87.89511108398438,-10.136735916137695
49.153736114,88.01371765136719,-10.26276683807373
49.352954864,88.10638427734375,-10.4978666305542
49.502368927,88.12297058105469,-10.654820442199707
49.651782989,88.12298583984375,-10.6558198928833
49.851001739,88.12298583984375,-10.6558198928833
50.000415802,88.12298583984375,-10.6558198928833
50.149829864,88.12298583984375,-10.6558198928833
50.365650177,88.1102066040039,-10.660691261291504
50.564868927,87.97101593017578,-10.647809028625488
50.764087677,87.76081848144531,-10.509803771972656
50.963306427,87.67958068847656,-10.377015113830566
51.162525177,87.62445831298828,-10.128690719604492
51.361743927,87.58194732666016,-9.964656829833984
51.560962677,87.49947357177734,-9.888882637023926
51.760181427,87.25647735595703,-9.80423355102539
51.926197052,87.05713653564453,-9.808445930480957
52.075611114,86.88231658935547,-9.84090518951416
52.274829864,86.62982177734375,-9.90290355682373
52.474048614,86.37584686279297,-9.958510398864746
52.623462677,86.18132781982422,-9.989655494689941
52.822681427,85.93034362792969,-10.008987426757812
53.021900177,85.67459106445312,-10.0172758102417
53.221118927,85.41458892822266,-10.017542839050293
53.370532989,85.23676300048828,-10.012954711914062
53.586353302,84.96609497070312,-10.00045394897461
53.785572052,84.70775604248047,-9.98807430267334
53.934986114,84.52596282958984,-9.97944450378418
54.134204864,84.27701568603516,-9.972559928894043
54.333423614,84.0307388305664,-9.968535423278809
54.532642364,83.78173065185547,-9.964700698852539
54.731861114,83.5230941772461,-9.964895248413086
54.931079864,83.2630844116211,-9.965572357177734
55.080493927,83.06468963623047,-9.966087341308594
55.296314239,82.81566619873047,-9.966733932495117
55.445728302,82.61177825927734,-9.967264175415039
55.644947052,82.35176849365234,-9.967941284179688
55.844165802,82.09725189208984,-9.968603134155273
56.043384552,81.84410858154297,-9.969261169433594
56.242603302,81.58409881591797,-9.969938278198242
56.392017364,81.40209197998047,-9.970412254333496
56.591236114,81.15306854248047,-9.97105884552002
56.790454864,80.90129852294922,-9.971713066101074
56.956470489,80.69329071044922,-9.972254753112793
57.155689239,80.43412017822266,-9.98987865447998
57.255298614,80.30683898925781,-10.01602554321289
57.404712677,80.11668395996094,-10.095206260681152
57.603931427,79.93058776855469,-10.26805305480957
57.753345489,79.85334777832031,-10.4291410446167
57.902759552,79.81564331054688,-10.631778717041016
58.052173614,79.81492614746094,-10.812312126159668
58.201587677,79.83731079101562,-11.01350212097168
58.400806427,79.8825454711914,-11.261189460754395
58.550220489,79.91192626953125,-11.432470321655273
58.716236114,79.94120788574219,-11.634239196777344
58.865650177,79.95793151855469,-11.837411880493164
59.015064239,79.9664306640625,-12.017839431762695
59.164478302,79.97112274169922,-12.218937873840332
59.363697052,79.9698486328125,-12.470714569091797
59.513111114,79.96409606933594,-12.651250839233398
59.662525177,79.95549011230469,-12.859075546264648
59.861743927,79.94485473632812,-13.116121292114258
60.011157989,79.93756866455078,-13.292497634887695
60.160572052,79.9320068359375,-13.497678756713867
60.309986114,79.92906951904297,-13.679652214050293
60.476001739,79.92596435546875,-13.887626647949219
60.675220489,79.92620849609375,-14.144888877868652
60.824634552,79.92449951171875,-14.352876663208008
60.974048614,79.91876983642578,-14.53341293334961
61.123462677,79.90999603271484,-14.73437786102295
61.322681427,79.89510345458984,-14.985724449157715
61.472095489,79.88440704345703,-15.163297653198242
61.671314239,79.8732681274414,-15.42304801940918
61.820728302,79.86975860595703,-15.631016731262207
61.970142364,79.86746978759766,-15.80752944946289
62.136157989,79.86530303955078,-16.012781143188477
62.285572052,79.86524200439453,-16.215303421020508
62.484790802,79.86516571044922,-16.472558975219727
62.634204864,79.8651123046875,-16.646347045898438
62.783618927,79.86505126953125,-16.847501754760742
62.982837677,79.86497497558594,-17.106124877929688
63.132251739,79.86492156982422,-17.288118362426758
63.281665802,79.86486053466797,-17.493375778198242
63.480884552,79.86478424072266,-17.743793487548828
63.630298614,79.86473083496094,-17.92168426513672
63.796314239,79.86466979980469,-18.129676818847656
63.945728302,79.86460876464844,-18.33493423461914
64.144943237,79.86453247070312,-18.585351943969727
64.294357299,79.8644790649414,-18.764610290527344
64.443771362,79.86441802978516,-18.97260284423828
64.642990112,79.86434173583984,-19.228490829467773
64.792404174,79.86428833007812,-19.406381607055664
64.941818237,79.86422729492188,-19.60753631591797
65.091232299,79.86417388916016,-19.782691955566406
65.240646362,79.8641128540039,-19.990684509277344
65.456466674,79.8640365600586,-20.250675201416016
65.605880737,79.8638916015625,-20.453197479248047
65.755294799,79.8609848022461,-20.63243293762207
65.904708862,79.85272979736328,-20.84026527404785
66.054122924,79.84244537353516,-21.021970748901367
66.203536987,79.8322982788086,-21.2187557220459
66.402755737,79.8211441040039,-21.470293045043945
66.552169799,79.81171417236328,-21.649303436279297
66.701583862,79.79813385009766,-21.85685157775879
66.850997924,79.7861099243164,-22.038450241088867
67.050216674,79.77030181884766,-22.28700065612793
67.216232299,79.75843048095703,-22.486434936523438
67.365646362,79.74962615966797,-22.69013786315918
67.515060424,79.73924255371094,-22.871837615966797
67.714279174,79.72026824951172,-23.124282836914062
67.863693237,79.70660400390625,-23.308330535888672
68.013107299,79.70579528808594,-23.3204345703125
68.162521362,79.70579528808594,-23.3204345703125
68.361740112,79.70579528808594,-23.3204345703125
68.511154174,79.70579528808594,-23.3204345703125
68.710372924,79.70417022705078,-23.345380783081055
68.876388549,79.69480895996094,-23.538652420043945
69.025802612,79.68986511230469,-23.743850708007812
69.175216674,79.68814086914062,-23.918996810913086
69.324630737,79.68614196777344,-24.124250411987305
69.523849487,79.68370056152344,-24.384241104125977
69.673263549,79.68396759033203,-24.563499450683594
69.822677612,79.68455505371094,-24.76738929748535
70.021896362,79.68531036376953,-25.026012420654297
70.171310424,79.68584442138672,-25.208005905151367
70.320724487,79.68643188476562,-25.411895751953125
70.470138549,79.68693542480469,-25.58841896057129
70.685958862,79.68772888183594,-25.86620330810547
70.835372924,79.68826293945312,-26.04819679260254
70.984786987,79.68885040283203,-26.252086639404297
71.184005737,79.68954467773438,-26.49976921081543
71.333419799,79.6900405883789,-26.674924850463867
71.482833862,79.69061279296875,-26.876079559326172
71.682052612,79.69137573242188,-27.136070251464844
71.831466674,79.69190979003906,-27.318063735961914
72.030685424,79.69264221191406,-27.57258415222168
72.180099487,79.69324493408203,-27.77920913696289
72.346115112,79.69302368164062,-27.987201690673828
72.495529174,79.68905639648438,-28.165050506591797
72.694747924,79.67703247070312,-28.413801193237305
72.844161987,79.66273498535156,-28.617191314697266
72.993576049,79.6489028930664,-28.798664093017578
73.192794799,79.6336669921875,-29.058204650878906
73.342208862,79.62767028808594,-29.256532669067383
73.491622924,79.62644958496094,-29.430313110351562
73.690841674,79.62637329101562,-29.68073081970215
73.840255737,79.62631225585938,-29.888723373413086
74.006271362,79.62542724609375,-30.09671401977539
74.155685424,79.62094116210938,-30.27318000793457
74.354904174,79.60762023925781,-30.527345657348633
74.504318237,79.59376525878906,-30.734880447387695
74.653732299,79.58247375488281,-30.916526794433594
74.852951049,79.57321166992188,-31.169506072998047
75.002365112,79.57166290283203,-31.370637893676758
75.151779174,79.58258819580078,-31.54539680480957
75.350997924,79.63448333740234,-31.79972267150879
75.500411987,79.71574401855469,-31.990873336791992
75.649826049,79.8143081665039,-32.14028549194336
75.865646362,80.025634765625,-32.331451416015625
76.015060424,80.18220520019531,-32.42404556274414
76.214279174,80.42306518554688,-32.52064895629883
76.413497924,80.67912292480469,-32.56262969970703
76.562911987,80.8829116821289,-32.56056213378906
76.762130737,81.14075469970703,-32.5294303894043
76.911544799,81.18183898925781,-32.51861572265625
77.110763549,81.18183898925781,-32.51861572265625
77.210372924,81.18183898925781,-32.51861572265625
77.426193237,81.18183898925781,-32.51861572265625
77.575607299,81.18183898925781,-32.51861572265625
77.774826049,81.18183898925781,-32.51861572265625
77.974044799,81.19374084472656,-32.51478576660156
78.173263549,81.40194702148438,-32.464332580566406
78.372482299,81.65754699707031,-32.4359130859375
78.571701049,81.91681671142578,-32.41646194458008
78.721115112,82.12349700927734,-32.393516540527344
78.920333862,82.37759399414062,-32.353233337402344
79.086349487,82.57992553710938,-32.318634033203125
79.285568237,82.83126831054688,-32.278560638427734
79.484786987,83.0757064819336,-32.248451232910156
79.684005737,83.32710266113281,-32.23476028442383
79.883224487,83.58293914794922,-32.22990036010742
80.032638549,83.67742919921875,-32.23008346557617
80.231857299,83.67742919921875,-32.23008346557617
80.431076049,83.67742919921875,-32.23008346557617
80.630294799,83.67742919921875,-32.23008346557617
80.796310424,83.67742919921875,-32.23008346557617
80.995529174,83.68698120117188,-32.2296142578125
81.194747924,83.69231414794922,-32.22842788696289
81.393966674,83.69879913330078,-32.21971893310547
81.593185424,83.70001220703125,-32.203582763671875
81.792404174,83.6560287475586,-32.13334655761719
81.991622924,83.47103881835938,-32.01515579223633
82.141036987,83.2743148803711,-31.999473571777344
82.340255737,83.01959228515625,-32.049869537353516
82.506271362,82.8261489868164,-32.10982131958008
82.655685424,82.65709686279297,-32.16059875488281
82.854904174,82.40552520751953,-32.213470458984375
83.054122924,82.14907836914062,-32.23229217529297
83.203536987,81.94114685058594,-32.22941207885742
83.402755737,81.68317413330078,-32.211181640625
83.601974487,81.43226623535156,-32.189937591552734
83.751388549,81.25752258300781,-32.177879333496094
83.950607299,81.00186920166016,-32.16712951660156
84.149826049,80.74188995361328,-32.164344787597656
84.315841674,80.54212188720703,-32.16621398925781
84.515060424,80.28897857666016,-32.1684455871582
84.664474487,80.08551788330078,-32.15727615356445
84.863693237,79.8430404663086,-32.09345626831055
85.062911987,79.64352416992188,-31.94133758544922
85.262130737,79.53910064697266,-31.726104736328125
85.461349487,79.50444793701172,-31.469371795654297
85.660568237,79.53023529052734,-31.217769622802734
85.809982299,79.56253051757812,-31.04423713684082
86.025802612,79.62215423583984,-30.767322540283203
86.225021362,79.66400146484375,-30.51080894470215
86.424240112,79.68114471435547,-30.256954193115234
86.623458862,79.67658233642578,-30.006610870361328
86.822677612,79.66828918457031,-29.74674415588379
87.021896362,79.6624755859375,-29.48954963684082
87.221115112,79.66500091552734,-29.239164352416992
87.420333862,79.6778564453125,-28.989084243774414
87.636154174,79.69725036621094,-28.73529624938965
87.835372924,79.71725463867188,-28.478809356689453
88.034591674,79.73182678222656,-28.22608184814453
88.233810424,79.73835754394531,-27.97438621520996
88.383224487,79.73786926269531,-27.766395568847656
88.582443237,79.73359680175781,-27.506423950195312
88.781661987,79.72950744628906,-27.257408142089844
89.030685424,79.7247543334961,-26.953657150268555
89.229904174,79.73120880126953,-26.69655418395996
89.395919799,79.75365447998047,-26.489816665649414
89.595138549,79.80437469482422,-26.23911476135254
89.794357299,79.86204528808594,-25.99402618408203
89.993576049,79.91486358642578,-25.74224853515625
90.192794799,79.95623016357422,-25.485639572143555
90.392013549,79.97351837158203,-25.230424880981445
90.591232299,79.97530364990234,-24.97865104675293
90.790451049,79.9734878540039,-24.72139549255371
91.006271362,79.97147369384766,-24.435405731201172
91.205490112,79.96967315673828,-24.180885314941406
91.404708862,79.96784973144531,-23.92226219177246
91.603927612,79.96601867675781,-23.66227149963379
91.753341674,79.96475982666016,-23.4843807220459
91.952560424,79.96295928955078,-23.229860305786133
92.151779174,79.96112823486328,-22.96986961364746
92.350997924,79.95931243896484,-22.712614059448242
92.550216674,79.95753479003906,-22.462196350097656
92.766036987,79.95677947998047,-22.18304443359375
92.965255737,79.96178436279297,-21.92583465576172
93.164474487,79.96717071533203,-21.67410659790039
93.363693237,79.97245788574219,-21.41553497314453
93.562911987,79.9726791381836,-21.15554428100586
93.762130737,79.97168731689453,-20.89828872680664
93.961349487,79.97069549560547,-20.647871017456055
94.160568237,79.9697036743164,-20.391983032226562
94.309982299,79.96900939941406,-20.209989547729492
94.525802612,79.9679183959961,-19.926734924316406
94.774826049,79.96672821044922,-19.61884880065918
94.924240112,79.96593475341797,-19.410856246948242
95.123458862,79.9649429321289,-19.153600692749023
95.322677612,79.96395111083984,-18.896345138549805
95.521896362,79.96295928955078,-18.636354446411133
95.721115112,79.96196746826172,-18.379098892211914
95.920333862,79.96097564697266,-18.130048751831055
96.136154174,79.9599838256836,-17.872793197631836
96.335372924,79.95899200439453,-17.615537643432617
96.534591674,79.95800018310547,-17.363752365112305
96.733810424,79.9570083618164,-17.111967086791992
96.933029174,79.95601654052734,-16.85197639465332
97.132247924,79.95510864257812,-16.5947208404541
97.331466674,79.95850372314453,-16.341590881347656
97.530685424,79.96318817138672,-16.084373474121094
97.729904174,79.9679183959961,-15.824420928955078
97.945724487,79.97305297851562,-15.54257583618164
98.144943237,79.97409057617188,-15.282588005065918
98.344161987,79.9705810546875,-15.02260684967041
98.543380737,79.96720886230469,-14.77083683013916
98.742599487,79.9637680053711,-14.514961242675781
98.941818237,79.96025848388672,-14.254980087280273
99.141036987,79.9576187133789,-13.997730255126953
99.340255737,79.96101379394531,-13.747337341308594
99.506271362,79.96477508544922,-13.540742874145508
99.655685424,79.96806335449219,-13.360143661499023
99.805099487,79.97171020507812,-13.16038703918457
100.004318237,79.97544860839844,-12.91273307800293
100.203536987,79.97320556640625,-12.65684986114502
100.402755737,79.96969604492188,-12.396868705749512
100.601974487,79.96623229980469,-12.13962459564209
100.801193237,79.96292877197266,-11.891960144042969
101.000411987,79.95948791503906,-11.63608455657959
101.216232299,79.95829772949219,-11.376092910766602
101.415451049,79.9590072631836,-11.294095039367676
101.614669799,79.9590072631836,-11.294095039367676
101.813888549,79.9590072631836,-11.294095039367676
102.013107299,79.9590072631836,-11.294095039367676
102.212326049,79.95911407470703,-11.281595230102539
102.411544799,79.96094512939453,-11.070945739746094
102.610763549,79.96317291259766,-10.816429138183594
102.859786987,79.98199462890625,-10.508044242858887
103.025802612,80.03793334960938,-10.293935775756836
103.225021362,80.1663818359375,-10.07894229888916
103.424240112,80.35956573486328,-9.93574333190918
103.623458862,80.60940551757812,-9.873869895935059
103.822677612,80.86905670166016,-9.874812126159668
104.021896362,81.1239013671875,-9.909415245056152
104.171310424,81.3034439086914,-9.939215660095215
104.370529174,81.56028747558594,-9.979532241821289
104.536544799,81.76270294189453,-10.003705024719238
104.735763549,82.0196762084961,-10.015268325805664
104.934982299,82.2796630859375,-10.017194747924805
105.134201049,82.53278350830078,-10.013325691223145
105.333419799,82.7872543334961,-10.009188652038574
105.482833862,82.99520111083984,-10.00580883026123
105.682052612,83.25240325927734,-10.001627922058105
105.881271362,83.50005340576172,-10.00040054321289
106.080490112,83.75182342529297,-10.002662658691406
106.229904174,83.93108367919922,-10.004273414611816
106.445724487,84.21434783935547,-10.006818771362305
106.595138549,84.38948822021484,-10.008392333984375
106.794357299,84.64812469482422,-10.010716438293457
106.993576049,84.90813446044922,-10.013052940368652
107.192794799,85.15990447998047,-10.015315055847168
107.392013549,85.41030883789062,-10.016464233398438
107.591232299,85.65933227539062,-10.015558242797852
107.790451049,85.91796875,-10.014618873596191
107.956466674,86.12456512451172,-10.011460304260254
108.155685424,86.37255096435547,-9.989133834838867
108.354904174,86.62590026855469,-9.965350151062012
108.504318237,86.83110809326172,-9.961389541625977
108.703536987,87.09111785888672,-9.960512161254883
108.902755737,87.33740997314453,-9.961784362792969
109.101974487,87.58641052246094,-9.986065864562988
109.301193237,87.82568359375,-10.065179824829102
109.450607299,87.96636199951172,-10.170845031738281
109.600021362,88.08663177490234,-10.339432716369629
109.766036987,88.14659118652344,-10.522220611572266
109.965255737,88.15586853027344,-10.77319622039795
110.114669799,88.13607025146484,-10.94167709350586
110.264083862,88.10405731201172,-11.13887882232666
110.413497924,88.07756805419922,-11.309249877929688
110.562911987,88.05123138427734,-11.510049819946289
110.762130737,88.030029296875,-11.76086711883545
110.911544799,88.02549743652344,-11.942808151245117
111.060958862,88.02474212646484,-12.15080451965332
111.210372924,88.02479553222656,-12.32596206665039
111.376388549,88.02485656738281,-12.525751113891602
111.525802612,88.02491760253906,-12.728277206420898
111.675216674,88.02497100830078,-12.910277366638184
111.824630737,88.02503204345703,-13.11280345916748
112.023849487,88.02510833740234,-13.363224029541016
112.173263549,88.02516174316406,-13.541118621826172
112.322677612,88.02522277832031,-13.74911880493164
112.472091674,88.02527618408203,-13.931118965148926
112.671310424,88.02535247802734,-14.18564510345459
112.820724487,88.0254135131836,-14.388171195983887
112.970138549,88.02546691894531,-14.566065788269043
113.136154174,88.02552795410156,-14.772697448730469
113.285568237,88.02558898925781,-14.971117973327637
113.434982299,88.02564239501953,-15.14764404296875
113.634201049,88.02571868896484,-15.403538703918457
113.783615112,88.0257797241211,-15.610170364379883
113.933029174,88.02583312988281,-15.792170524597168
114.082443237,88.02589416503906,-15.996065139770508
114.231857299,88.02594757080078,-16.168485641479492
114.431076049,88.0260238647461,-16.424373626708984
114.580490112,88.02608489990234,-16.630998611450195
114.729904174,88.02613830566406,-16.812992095947266
114.895919799,88.02619934082031,-17.01824951171875
115.045333862,88.02626037597656,-17.226242065429688
115.194747924,88.02631378173828,-17.408235549926758
115.393966674,88.0263900756836,-17.661388397216797
115.543380737,88.02645111083984,-17.858440399169922
115.692794799,88.02650451660156,-18.03359603881836
115.892013549,88.02658081054688,-18.290851593017578
116.041427612,88.02664184570312,-18.498844146728516
116.190841674,88.02669525146484,-18.67947006225586
116.340255737,88.0267562866211,-18.879257202148438
116.506271362,88.02681732177734,-19.080411911010742
116.655685424,88.02687072753906,-19.262405395507812
116.854904174,88.02694702148438,-19.522396087646484
117.004318237,88.02700805664062,-19.720815658569336
117.203536987,88.02708435058594,-19.973968505859375
117.352951049,88.02713775634766,-20.153226852416992
117.502365112,88.0271987915039,-20.36121940612793
117.701583862,88.02727508544922,-20.61847496032715
117.850997924,88.02975463867188,-20.793598175048828
118.000411987,88.04060363769531,-20.991701126098633
118.199630737,88.05770874023438,-21.222332000732422
118.365646362,88.0732192993164,-21.455810546875
118.515060424,88.0782470703125,-21.63087272644043
118.664474487,88.0795669555664,-21.834762573242188
118.863693237,88.08124542236328,-22.09475326538086
119.013107299,88.08241271972656,-22.275379180908203
119.162521362,88.08084869384766,-22.475156784057617
119.361740112,88.07170867919922,-22.726768493652344
119.511154174,88.06090545654297,-22.897476196289062
119.610763549,88.05050659179688,-23.02431297302246
119.760177612,88.02484893798828,-23.22929573059082
119.926193237,87.99177551269531,-23.433258056640625
120.075607299,87.97352600097656,-23.60742950439453
120.225021362,87.96398162841797,-23.729848861694336
120.374435424,87.96398162841797,-23.729848861694336
120.573654174,87.96398162841797,-23.729848861694336
120.723068237,87.96398162841797,-23.729848861694336
120.922286987,87.96398162841797,-23.729848861694336
121.121505737,87.92367553710938,-23.713871002197266
121.320724487,87.81011962890625,-23.54512596130371
121.536544799,87.79374694824219,-23.291030883789062
121.685958862,87.84111022949219,-23.088640213012695
121.934982299,87.93338775634766,-22.79635238647461
122.084396362,87.98458862304688,-22.594799041748047
122.333419799,88.03048706054688,-22.300193786621094
122.532638549,88.04297637939453,-22.04880714416504
122.731857299,88.03339385986328,-21.798616409301758
122.931076049,88.0182113647461,-21.540430068969727
123.130294799,88.00659942626953,-21.280698776245117
123.296310424,88.00325775146484,-21.079572677612305
123.495529174,88.00110626220703,-20.82505226135254
123.694747924,87.99889373779297,-20.565061569213867
123.893966674,87.99698638916016,-20.311908721923828
124.093185424,87.99860382080078,-20.061491012573242
124.292404174,88.00049591064453,-19.804235458374023
124.491622924,88.00240325927734,-19.54424476623535
124.690841674,88.0042724609375,-19.291091918945312
124.890060424,88.00611877441406,-19.042041778564453
125.056076049,88.00757598876953,-18.84636116027832
125.255294799,88.00945281982422,-18.591840744018555
125.504318237,88.01274871826172,-18.25522804260254
125.703536987,88.02214050292969,-18.00362205505371
125.852951049,88.02971649169922,-17.821781158447266
126.052169799,88.04289245605469,-17.562118530273438
126.251388549,88.05624389648438,-17.303836822509766
126.450607299,88.06519317626953,-17.049474716186523
126.649826049,88.07197570800781,-16.78955841064453
126.865646362,88.07367706298828,-16.506311416625977
127.064865112,88.0731430053711,-16.249055862426758
127.264083862,88.0726089477539,-15.98906421661377
127.463302612,88.07207489013672,-15.735906600952148
127.662521362,88.07154083251953,-15.48411750793457
127.861740112,88.07100677490234,-15.224117279052734
128.060958862,88.07047271728516,-14.966854095458984
128.260177612,88.06993865966797,-14.715065002441406
128.426193237,88.06729888916016,-14.518048286437988
128.625411987,88.04608154296875,-14.261696815490723
128.824630737,88.0220947265625,-14.005558967590332
129.023849487,88.00617980957031,-13.755656242370605
129.223068237,87.99810028076172,-13.504006385803223
129.422286987,87.99788665771484,-13.244016647338867
129.621505737,88.00060272216797,-12.986770629882812
129.820724487,88.00325775146484,-12.734994888305664
129.970138549,88.0051040649414,-12.559845924377441
130.185958862,88.00812530517578,-12.273866653442383
130.385177612,88.01081085205078,-12.019355773925781
130.584396362,88.01346588134766,-11.767580032348633
130.783615112,88.01608276367188,-11.511700630187988
130.982833862,88.01520538330078,-11.251700401306152
131.182052612,88.01386260986328,-10.997174263000488
131.381271362,88.01252746582031,-10.744016647338867
131.580490112,88.00594329833984,-10.492371559143066
131.796310424,87.96404266357422,-10.25580883026123
131.995529174,87.84468078613281,-10.0388765335083
132.194747924,87.64781188964844,-9.88262939453125
132.344161987,87.4575424194336,-9.823906898498535
132.543380737,87.22566986083984,-9.816729545593262
132.742599487,86.97949981689453,-9.853536605834961
132.892013549,86.80040740966797,-9.885918617248535
133.091232299,86.55010986328125,-9.923736572265625
133.240646362,86.34835052490234,-9.94089412689209
133.456466674,86.08998107910156,-9.952457427978516
133.605880737,85.8861312866211,-9.95583438873291
133.805099487,85.6371078491211,-9.952849388122559
134.004318237,85.38414001464844,-9.943333625793457
134.153732299,85.20240020751953,-9.933406829833984
134.352951049,84.94276428222656,-9.919471740722656
134.552169799,84.68836975097656,-9.91157054901123
134.701583862,84.48585510253906,-9.909868240356445
134.900802612,84.22721862792969,-9.907990455627441
135.100021362,83.97132873535156,-9.906133651733398
135.266036987,83.76606750488281,-9.904644012451172
135.465255737,83.50880432128906,-9.90285873413086
135.614669799,83.32679748535156,-9.903587341308594
135.813888549,83.06953430175781,-9.904966354370117
136.013107299,82.81913757324219,-9.906311988830566
136.162521362,82.61112976074219,-9.907425880432129
136.361740112,82.35111999511719,-9.908818244934082
136.560958862,82.09797668457031,-9.910177230834961
136.710372924,81.92283630371094,-9.911118507385254
136.926193237,81.64231872558594,-9.912623405456543
137.075607299,81.46031188964844,-9.91359806060791
137.274826049,81.20991516113281,-9.91494369506836
137.474044799,80.96107482910156,-9.922947883605957
137.623458862,80.75961303710938,-9.943439483642578
137.822677612,80.50149536132812,-9.974534034729004
137.972091674,80.3238754272461,-10.013338088989258
138.171310424,80.09480285644531,-10.122297286987305
138.320724487,79.94854736328125,-10.261025428771973
138.470138549,79.86454772949219,-10.418712615966797
138.636154174,79.81470489501953,-10.611882209777832
138.785568237,79.79894256591797,-10.814934730529785
138.934982299,79.80765533447266,-10.99666690826416
139.084396362,79.83123016357422,-11.197798728942871
139.283615112,79.86219787597656,-11.447668075561523
139.433029174,79.87925720214844,-11.621990203857422
139.482833862,79.8853988647461,-11.697002410888672
139.632247924,79.89739227294922,-11.878602981567383
139.831466674,79.90694427490234,-12.113401412963867
139.980880737,79.90738677978516,-12.128894805908203
140.130294799,79.90738677978516,-12.128894805908203
140.279708862,79.90738677978516,-12.128894805908203
140.445724487,79.90738677978516,-12.128894805908203
140.644943237,79.90738677978516,-12.128894805908203
140.794357299,79.90997314453125,-12.277764320373535
140.943771362,79.90892028808594,-12.48165225982666
141.093185424,79.90369415283203,-12.663573265075684
141.292404174,79.8909912109375,-12.923262596130371
141.441818237,79.88113403320312,-13.12691879272461
141.591232299,79.87554168701172,-13.30472469329834
141.740646362,79.87005615234375,-13.512652397155762
141.890060424,79.86762237548828,-13.694637298583984
142.056076049,79.86507415771484,-13.897149085998535
142.255294799,79.86530303955078,-14.151674270629883
142.404708862,79.86591339111328,-14.359674453735352
142.554122924,79.86644744873047,-14.541674613952637
142.753341674,79.86713409423828,-14.787989616394043
142.902755737,79.86772918701172,-14.993252754211426
143.052169799,79.86824798583984,-15.172515869140625
143.201583862,79.86885833740234,-15.380516052246094
143.350997924,79.86939239501953,-15.562516212463379
143.550216674,79.87007904052734,-15.808831214904785
143.649826049,79.87043762207031,-15.934725761413574
143.865646362,79.8712387084961,-16.213878631591797
144.015060424,79.87177276611328,-16.395872116088867
144.164474487,79.87235260009766,-16.5983943939209
144.313888549,79.87285614013672,-16.774917602539062
144.513107299,79.87358093261719,-17.0280704498291
144.662521362,79.87419128417969,-17.23606300354004
144.811935424,79.87472534179688,-17.41805648803711
144.961349487,79.87530517578125,-17.62057876586914
145.110763549,79.87581634521484,-17.79846954345703
145.309982299,79.87657165527344,-18.057092666625977
145.475997924,79.87718200683594,-18.265085220336914
145.625411987,79.87776184082031,-18.467607498168945
145.774826049,79.87828063964844,-18.646865844726562
145.924240112,79.87889099121094,-18.8548583984375
146.073654174,79.87942504882812,-19.03685188293457
146.272872924,79.88014221191406,-19.288637161254883
146.422286987,79.88072967529297,-19.49252700805664
146.571701049,79.8812484741211,-19.671785354614258
146.721115112,79.8818588256836,-19.879777908325195
146.920333862,79.88260650634766,-20.137033462524414
147.069747924,79.88308715820312,-20.3094539642334
147.235763549,79.8836441040039,-20.50787353515625
147.385177612,79.8842544555664,-20.715866088867188
147.534591674,79.8847885131836,-20.897859573364258
147.733810424,79.88358306884766,-21.14964485168457
147.883224487,79.88219451904297,-21.35626983642578
148.032638549,79.88096618652344,-21.53826332092285
148.182052612,79.87956237792969,-21.74625587463379
148.381271362,79.87789916992188,-21.9980411529541
148.530685424,79.8767318725586,-22.174564361572266
148.680099487,79.8753890991211,-22.377086639404297
148.846115112,79.87398529052734,-22.585079193115234
149.045333862,79.87232208251953,-22.836864471435547
149.194747924,79.87120056152344,-23.00928497314453
149.344161987,79.86984252929688,-23.21317481994629
149.493576049,79.86864471435547,-23.392433166503906
149.692794799,79.86688995361328,-23.652423858642578
149.842208862,79.86554718017578,-23.85494613647461
149.991622924,79.86441040039062,-24.02873420715332
150.141036987,79.86302185058594,-24.23535919189453
150.290451049,79.8623275756836,-24.41461753845215
150.456466674,79.86127471923828,-24.62260627746582
150.605880737,79.85639953613281,-24.823705673217773
150.805099487,79.84542846679688,-25.07935333251953
150.954513549,79.83397674560547,-25.2609920501709
151.103927612,79.82121276855469,-25.468597412109375
151.303146362,79.80337524414062,-25.718372344970703
151.452560424,79.78810119628906,-25.890111923217773
151.601974487,79.7702865600586,-26.093225479125977
151.751388549,79.7578125,-26.272050857543945
151.900802612,79.74824523925781,-26.479825973510742
152.100021362,79.74366760253906,-26.73703956604004
152.266036987,79.74345397949219,-26.936824798583984
152.415451049,79.73937225341797,-27.118776321411133
152.564865112,79.73004913330078,-27.32656478881836
152.714279174,79.7196044921875,-27.501413345336914
152.913497924,79.7044677734375,-27.75275230407715
153.062911987,79.6943130493164,-27.959129333496094
153.212326049,79.68965911865234,-28.141067504882812
153.361740112,79.68638610839844,-28.349044799804688
153.511154174,79.6839599609375,-28.52418327331543
153.710372924,79.674072265625,-28.773027420043945
153.809982299,79.66617584228516,-28.898672103881836
154.025802612,79.64894104003906,-29.18414878845215
154.175216674,79.6394271850586,-29.36178970336914
154.324630737,79.6319808959961,-29.56554412841797
154.474044799,79.6296615600586,-29.744789123535156
154.673263549,79.62850189208984,-30.004779815673828
154.822677612,79.62416076660156,-30.207258224487305
154.972091674,79.618408203125,-30.38505744934082
155.121505737,79.60726165771484,-30.587270736694336
155.320724487,79.59095001220703,-30.84401512145996
155.470138549,79.58023834228516,-31.025697708129883
155.636154174,79.57608032226562,-31.233610153198242
155.785568237,79.58914947509766,-31.4356746673584
155.934982299,79.60960388183594,-31.613740921020508
156.134201049,79.66703796386719,-31.860004425048828
156.283615112,79.75162506103516,-32.046566009521484
156.482833862,79.91138458251953,-32.247291564941406
156.682052612,80.11209869384766,-32.412261962890625
156.831466674,80.26226806640625,-32.51504135131836
156.980880737,80.4373779296875,-32.62730026245117
157.180099487,80.65471649169922,-32.759761810302734
157.346115112,80.828857421875,-32.868385314941406
157.495529174,80.98046875,-32.96906661987305
157.694747924,81.1825180053711,-33.1119270324707
157.844161987,81.18492126464844,-33.11372375488281
158.043380737,81.18492126464844,-33.11372375488281
158.192794799,81.18492126464844,-33.11372375488281
158.392013549,81.18492126464844,-33.11372375488281
158.591232299,81.18492126464844,-33.11372375488281
158.740646362,81.29927062988281,-33.211910247802734
158.890060424,81.40034484863281,-33.357261657714844
159.105880737,81.43202209472656,-33.63454055786133
159.255294799,81.3633804321289,-33.802024841308594
159.354904174,81.28380584716797,-33.90101623535156
159.554122924,81.0875473022461,-34.06711959838867
159.703536987,80.93560028076172,-34.202911376953125
159.852951049,80.82011413574219,-34.33445739746094
160.052169799,80.68828582763672,-34.54841995239258
160.201583862,80.60845184326172,-34.73743438720703
160.350997924,80.55183410644531,-34.90604019165039
160.550216674,80.48436737060547,-35.14720916748047
160.716232299,80.42877960205078,-35.34480285644531
160.865646362,80.36830139160156,-35.54237747192383
161.064865112,80.28556060791016,-35.78886032104492
161.214279174,80.22384643554688,-35.96007537841797
161.363693237,80.15045166015625,-36.15176773071289
161.562911987,80.05490112304688,-36.390628814697266
161.712326049,79.98545837402344,-36.558860778808594
161.911544799,79.88331604003906,-36.796478271484375
162.060958862,79.80192565917969,-36.98789596557617
162.210372924,79.73516082763672,-37.15278625488281
162.359786987,79.67124938964844,-37.31880187988281
162.575607299,79.57234191894531,-37.58130645751953
162.725021362,79.49842834472656,-37.775733947753906
162.924240112,79.40716552734375,-38.016273498535156
163.073654174,79.34123229980469,-38.185916900634766
163.223068237,79.26518249511719,-38.379520416259766
163.422286987,79.16973876953125,-38.62137222290039
163.571701049,79.10121154785156,-38.789981842041016
163.721115112,79.01997375488281,-38.98146438598633
163.920333862,78.92025756835938,-39.221580505371094
164.086349487,78.84077453613281,-39.413787841796875
164.235763549,78.77102661132812,-39.58188247680664
164.434982299,78.6693344116211,-39.821163177490234
164.584396362,78.58818817138672,-40.012672424316406
164.733810424,78.5219497680664,-40.177772521972656
164.933029174,78.4249038696289,-40.418983459472656
165.082443237,78.3489990234375,-40.608219146728516
165.281661987,78.25462341308594,-40.85049819946289
165.431076049,78.18685913085938,-41.019412994384766
165.580490112,78.1094741821289,-41.20953369140625
165.796310424,78.0124282836914,-41.45074462890625
165.945724487,77.93451690673828,-41.63768005371094
166.095138549,77.86679077148438,-41.800697326660156
166.294357299,77.76799011230469,-42.041194915771484
166.443771362,77.69015502929688,-42.231136322021484
166.642990112,77.59458923339844,-42.46998977661133
166.792404174,77.5257568359375,-42.63846969604492
166.991622924,77.42980194091797,-42.87568283081055
167.141036987,77.35577392578125,-43.0685920715332
167.340255737,77.2611083984375,-43.301910400390625
167.506271362,77.18356323242188,-43.4890022277832
167.655685424,77.1170425415039,-43.65399169921875
167.854904174,77.02100372314453,-43.88970947265625
168.004318237,76.9441146850586,-44.082977294921875
168.203536987,76.8495864868164,-44.3251953125
168.352951049,76.78353118896484,-44.491844177246094
168.552169799,76.68610382080078,-44.73290252685547
168.701583862,76.60758972167969,-44.92107391357422
168.900802612,76.507568359375,-45.16106414794922
169.050216674,76.4383544921875,-45.32939910888672
169.216232299,76.35810852050781,-45.521297454833984
169.415451049,76.25662231445312,-45.75619125366211
169.564865112,76.17654418945312,-45.94518280029297
169.764083862,76.07817077636719,-46.18141174316406
169.913497924,76.01116943359375,-46.35063171386719
170.112716674,75.91412353515625,-46.59183883666992
170.262130737,75.8322982788086,-46.783058166503906
170.461349487,75.73313903808594,-47.02043533325195
170.660568237,75.6346435546875,-47.26105880737305
170.809982299,75.56382751464844,-47.42871856689453
170.975997924,75.48088073730469,-47.61945343017578
171.175216674,75.38223266601562,-47.86001205444336
171.324630737,75.3072509765625,-48.049617767333984
171.523849487,75.21206665039062,-48.28862380981445
171.673263549,75.14254760742188,-48.453857421875
171.872482299,75.04105377197266,-48.68875503540039
172.021896362,74.960693359375,-48.87613296508789
172.221115112,74.86117553710938,-49.10889434814453
172.370529174,74.78982543945312,-49.27632141113281
172.536544799,74.70896911621094,-49.46795654296875
172.735763549,74.60791015625,-49.70601272583008
172.885177612,74.52473449707031,-49.89664840698242
173.084396362,74.42756652832031,-50.134849548339844
173.233810424,74.36192321777344,-50.29871368408203
173.433029174,74.26276397705078,-50.53609085083008
173.582443237,74.17862701416016,-50.724822998046875
173.781661987,74.07431030273438,-50.95699691772461
173.931076049,73.99193572998047,-51.11613082885742
174.130294799,73.8769760131836,-51.28263473510742
174.296310424,73.81771087646484,-51.34705352783203
174.495529174,73.787841796875,-51.373146057128906
174.644943237,73.77569580078125,-51.382049560546875
174.844161987,73.76637268066406,-51.38777542114258
174.993576049,73.76637268066406,-51.38777542114258
175.142990112,73.76637268066406,-51.38777542114258
175.342208862,73.76637268066406,-51.38777542114258
175.491622924,73.76637268066406,-51.38777542114258
175.690841674,73.76637268066406,-51.38777542114258
175.890060424,73.76145935058594,-51.39015579223633
176.056076049,73.76145935058594,-51.39015579223633
176.205490112,73.76145935058594,-51.39015579223633
176.404708862,73.76028442382812,-51.39086151123047
176.554122924,73.75675964355469,-51.39297866821289
176.753341674,73.75675964355469,-51.39297866821289
176.902755737,73.75675964355469,-51.39297866821289
177.101974487,73.75675964355469,-51.39297866821289
177.301193237,73.75675964355469,-51.39297866821289
177.450607299,73.75675964355469,-51.39297866821289
177.649826049,73.75675964355469,-51.39297866821289
177.815841674,73.75675964355469,-51.39297866821289
178.015060424,73.75647735595703,-51.39570236206055
178.164474487,73.75786590576172,-51.39956283569336
178.363693237,73.82569122314453,-51.46371078491211
178.513107299,73.936279296875,-51.50547790527344
178.712326049,74.16929626464844,-51.467952728271484
178.861740112,74.32567596435547,-51.337974548339844
179.060958862,74.41873168945312,-51.09799575805664
179.260177612,74.42181396484375,-50.838706970214844
179.309982299,74.41593933105469,-50.78704071044922
179.525802612,74.37467956542969,-50.51234817504883
179.675216674,74.3520278930664,-50.33458709716797
179.874435424,74.36183166503906,-50.076622009277344
180.073654174,74.42573547363281,-49.8278694152832
180.223068237,74.5002670288086,-49.64107894897461
180.422286987,74.6120376586914,-49.410926818847656
180.621505737,74.7334976196289,-49.181053161621094
180.820724487,74.84807586669922,-48.95225524902344
180.970138549,74.92447662353516,-48.79009246826172
181.136154174,75.0089111328125,-48.601505279541016
181.335372924,75.10688781738281,-48.37255096435547
181.534591674,75.20249938964844,-48.13666915893555
181.684005737,75.27915954589844,-47.94331359863281
181.883224487,75.37834167480469,-47.70298767089844
182.082443237,75.47904968261719,-47.46625900268555
182.281661987,75.57831573486328,-47.227447509765625
182.431076049,75.64910888671875,-47.06425094604492
182.630294799,75.75269317626953,-46.82577896118164
182.846115112,75.86656188964844,-46.5664176940918
183.045333862,75.96939086914062,-46.32762145996094
183.194747924,76.03852844238281,-46.16519546508789
183.393966674,76.13778686523438,-45.932308197021484
183.543380737,76.21818542480469,-45.744930267333984
183.742599487,76.3260269165039,-45.508358001708984
183.941818237,76.43506622314453,-45.27232360839844
184.091232299,76.51158905029297,-45.10718536376953
184.290451049,76.61891174316406,-44.873374938964844
184.489669799,76.72003936767578,-44.64277267456055
184.655685424,76.80414581298828,-44.45252990722656
184.854904174,76.9131088256836,-44.216461181640625
185.054122924,77.01348876953125,-43.98704528808594
185.253341674,77.11459350585938,-43.75345230102539
185.402755737,77.19577026367188,-43.56789016723633
185.601974487,77.30174255371094,-43.33048629760742
185.801193237,77.40652465820312,-43.095542907714844
186.000411987,77.51445770263672,-42.85900115966797
186.149826049,77.59188079833984,-42.69427490234375
186.365646362,77.71256256103516,-42.43800354003906
186.564865112,77.8185043334961,-42.20505905151367
186.714279174,77.8945541381836,-42.03971481323242
186.913497924,78.00272369384766,-41.80479049682617
187.112716674,78.10623931884766,-41.56927490234375
187.311935424,78.20599365234375,-41.33660125732422
187.461349487,78.287353515625,-41.15262985229492
187.660568237,78.39473724365234,-40.917327880859375
187.876388549,78.50306701660156,-40.68398666381836
188.025802612,78.59114074707031,-40.497066497802734
188.225021362,78.69486999511719,-40.267635345458984
188.424240112,78.8001708984375,-40.02992248535156
188.623458862,78.902587890625,-39.79990005493164
188.822677612,79.01033782958984,-39.56477737426758
188.972091674,79.08930969238281,-39.40079879760742
189.171310424,79.20191955566406,-39.16645050048828
189.370529174,79.30924224853516,-38.92964172363281
189.536544799,79.3898696899414,-38.737911224365234
189.735763549,79.49173736572266,-38.501705169677734
189.934982299,79.62776947021484,-38.28257751464844
190.134201049,79.8196792602539,-38.10845184326172
190.283615112,80.00164031982422,-38.008243560791016
190.482833862,80.24723052978516,-37.924156188964844
190.632247924,80.4267578125,-37.89481735229492
190.831466674,80.68367767333984,-37.887332916259766
191.030685424,80.94020080566406,-37.90640640258789
191.180099487,81.14701843261719,-37.928466796875
191.395919799,81.40316772460938,-37.952239990234375
191.545333862,81.60526275634766,-37.965248107910156
191.744552612,81.8650894165039,-37.97462463378906
191.893966674,82.0443344116211,-37.97629928588867
192.093185424,82.29472351074219,-37.972877502441406
192.242599487,82.49256896972656,-37.95829391479492
192.441818237,82.74202728271484,-37.92428970336914
192.591232299,82.92271423339844,-37.90248489379883
192.790451049,83.18157196044922,-37.87826919555664
192.956466674,83.3824462890625,-37.8680534362793
193.155685424,83.63695526123047,-37.8652458190918
193.305099487,83.84492492675781,-37.86881637573242
193.504318237,84.09917449951172,-37.88029098510742
193.703536987,84.3478012084961,-37.89436721801758
193.852951049,84.5254135131836,-37.9041748046875
194.052169799,84.78526306152344,-37.91273498535156
194.201583862,84.99324035644531,-37.91204071044922
194.400802612,85.24406433105469,-37.8911247253418
194.600021362,85.4952163696289,-37.85938262939453
194.766036987,85.6967544555664,-37.83927917480469
194.965255737,85.9560775756836,-37.82078552246094
195.114669799,86.13379669189453,-37.81288146972656
195.313888549,86.385498046875,-37.812923431396484
195.463302612,86.58865356445312,-37.82980728149414
195.662521362,86.84627532958984,-37.864837646484375
195.861740112,87.1019287109375,-37.893348693847656
196.011154174,87.27518463134766,-37.9069938659668
196.210372924,87.52629852294922,-37.92515563964844
196.359786987,87.68955993652344,-37.95225524902344
196.525802612,87.90233612060547,-38.0260009765625
196.725021362,87.92855072021484,-38.040557861328125
196.924240112,87.92855072021484,-38.040557861328125
197.073654174,87.92855072021484,-38.040557861328125
197.272872924,87.92855072021484,-38.040557861328125
197.422286987,87.92855072021484,-38.040557861328125
197.621505737,88.07756805419922,-38.15827560424805
197.770919799,88.1856689453125,-38.30198287963867
197.970138549,88.24462127685547,-38.54751968383789
198.136154174,88.23297882080078,-38.75501251220703
198.285568237,88.1990966796875,-38.96018600463867
198.434982299,88.16175842285156,-39.13831329345703
198.634201049,88.11613464355469,-39.390045166015625
198.783615112,88.09638214111328,-39.59292984008789
198.982833862,88.08609008789062,-39.847232818603516
199.132247924,88.08357238769531,-40.029212951660156
199.281661987,88.08477020263672,-40.23311233520508
199.480880737,88.08686828613281,-40.48627471923828
199.630294799,88.08834075927734,-40.6641731262207
199.796310424,88.09003448486328,-40.869441986083984
199.945724487,88.09172821044922,-41.074710845947266
200.144943237,88.09381103515625,-41.32513427734375
200.294357299,88.09527587890625,-41.50166320800781
200.493576049,88.097412109375,-41.76167297363281
200.642990112,88.09912109375,-41.96968078613281
200.842208862,88.10122680664062,-42.224212646484375
200.991622924,88.10511016845703,-42.40205001831055
201.141036987,88.12155151367188,-42.605262756347656
201.340255737,88.14352416992188,-42.864322662353516
201.506271362,88.15496826171875,-43.063777923583984
201.655685424,88.160888671875,-43.240203857421875
201.755294799,88.16272735595703,-43.367454528808594
201.904708862,88.16230773925781,-43.575462341308594
202.054122924,88.16150665283203,-43.757469177246094
202.253341674,88.16040802001953,-44.00926208496094
202.402755737,88.1595230102539,-44.2117919921875
202.601974487,88.15840911865234,-44.46632385253906
202.751388549,88.15760803222656,-44.64833068847656
202.900802612,88.1567153930664,-44.852230072021484
203.100021362,88.1556167602539,-45.10402297973633
203.266036987,88.15473175048828,-45.30655288696289
203.415451049,88.1539306640625,-45.48855972290039
203.564865112,88.15303802490234,-45.69245910644531
203.764083862,88.15193176269531,-45.945621490478516
203.913497924,88.15115356445312,-46.12351989746094
204.062911987,88.15025329589844,-46.32878875732422
204.262130737,88.14910888671875,-46.58879852294922
204.411544799,88.14832305908203,-46.76806640625
204.610763549,88.14724731445312,-47.015750885009766
204.760177612,88.14636993408203,-47.21691131591797
204.909591674,88.14556884765625,-47.39891815185547
205.125411987,88.14432525634766,-47.68218994140625
205.274826049,88.1435546875,-47.85871887207031
205.474044799,88.14242553710938,-48.115989685058594
205.623458862,88.14151000976562,-48.323997497558594
205.772872924,88.14250183105469,-48.503265380859375
205.972091674,88.14456176757812,-48.74958038330078
206.121505737,88.14624786376953,-48.9534797668457
206.270919799,88.14771270751953,-49.130008697509766
206.470138549,88.14984893798828,-49.390018463134766
206.636154174,88.15155029296875,-49.596656799316406
206.785568237,88.15323638916016,-49.80055618286133
206.984786987,88.1553726196289,-50.06056594848633
207.134201049,88.15686798095703,-50.24257278442383
207.333419799,88.15896606445312,-50.49573516845703
207.482833862,88.16065979003906,-50.70100402832031
207.632247924,88.16215515136719,-50.88301086425781
207.831466674,88.1625747680664,-51.14301681518555
207.980880737,88.1604232788086,-51.34689712524414
208.180099487,88.1577377319336,-51.60140609741211
208.346115112,88.1555404663086,-51.809383392333984
208.545333862,88.15290069580078,-52.05979537963867
208.694747924,88.1510238647461,-52.23767852783203
208.844161987,88.14888763427734,-52.44019317626953
209.043380737,88.1461410522461,-52.700164794921875
209.192794799,88.14429473876953,-52.88214874267578
209.392013549,88.14556884765625,-53.12846374511719
209.541427612,88.14725494384766,-53.33236312866211
209.740646362,88.14936065673828,-53.58689498901367
209.890060424,88.1508560180664,-53.76890182495117
210.056076049,88.15254974365234,-53.97417068481445
210.255294799,88.15464782714844,-54.227333068847656
210.404708862,88.15635681152344,-54.435340881347656
210.554122924,88.15785217285156,-54.617347717285156
210.753341674,88.15994262695312,-54.869140625
210.952560424,88.16203308105469,-55.120933532714844
211.101974487,88.16323852539062,-55.326202392578125
211.251388549,88.16193389892578,-55.508209228515625
211.450607299,88.15996551513672,-55.766849517822266
211.600021362,88.15843963623047,-55.96937942504883
211.766036987,88.15691375732422,-56.17190933227539
211.965255737,88.15494537353516,-56.43054962158203
212.114669799,88.15360260009766,-56.60844802856445
212.313888549,88.15174102783203,-56.85750198364258
212.463302612,88.15018463134766,-57.06277084350586
212.662521362,88.14820098876953,-57.32278060913086
212.811935424,88.14684295654297,-57.50204849243164
213.011154174,88.14496612548828,-57.752471923828125
213.160568237,88.14225006103516,-57.953609466552734
213.376388549,88.1318588256836,-58.207923889160156
213.525802612,88.11859893798828,-58.411380767822266
213.725021362,88.10201263427734,-58.66398620605469
213.874435424,88.09400177001953,-58.840328216552734
214.073654174,88.08680725097656,-59.09748458862305
214.223068237,88.0763931274414,-59.30522537231445
214.422286987,88.05645751953125,-59.558956146240234
214.571701049,88.03633117675781,-59.73430633544922
214.721115112,87.99880981445312,-59.93745422363281
214.920333862,87.93004608154297,-60.1880989074707
215.086349487,87.8631591796875,-60.38070297241211
215.285568237,87.77957153320312,-60.59443664550781
215.434982299,87.77957153320312,-60.59443664550781
215.634201049,87.77957153320312,-60.59443664550781
215.783615112,87.77957153320312,-60.59443664550781
215.982833862,87.77957153320312,-60.59443664550781
216.132247924,87.77957153320312,-60.59443664550781
216.331466674,87.77957153320312,-60.59443664550781
216.480880737,87.67223358154297,-60.702301025390625
216.680099487,87.4327392578125,-60.78118133544922
216.846115112,87.23114776611328,-60.754981994628906
217.045333862,86.98951721191406,-60.67533493041992
217.194747924,86.82341766357422,-60.61557388305664
217.344161987,86.62317657470703,-60.559749603271484
217.543380737,86.37113189697266,-60.52619171142578
217.692794799,86.19334411621094,-60.52121353149414
217.842208862,85.98959350585938,-60.528324127197266
218.041427612,85.7327651977539,-60.543548583984375
218.190841674,85.55097961425781,-60.55219268798828
218.390060424,85.29104614257812,-60.557655334472656
218.556076049,85.08990478515625,-60.559593200683594
218.705490112,84.88189697265625,-60.561607360839844
218.904708862,84.62188720703125,-60.56239700317383
219.054122924,84.44400787353516,-60.56306076049805
219.203536987,84.24332427978516,-60.57579040527344
219.352951049,84.0672607421875,-60.600990295410156
219.552169799,83.81688690185547,-60.65375900268555
219.701583862,83.6277084350586,-60.698150634765625
219.900802612,83.37541961669922,-60.74837112426758
220.100021362,83.12672424316406,-60.78759002685547
220.249435424,82.94512176513672,-60.79730224609375
220.415451049,82.74423217773438,-60.78749084472656
220.614669799,82.49412536621094,-60.77608108520508
220.764083862,82.28623962402344,-60.78202438354492
220.963302612,82.02877807617188,-60.80598068237305
221.112716674,81.85166931152344,-60.82263946533203
221.311935424,81.59190368652344,-60.833065032958984
221.461349487,81.38528442382812,-60.834716796875
221.610763549,81.20878601074219,-60.83195495605469
221.710372924,81.08159637451172,-60.82756042480469
221.926193237,80.80005645751953,-60.81359100341797
222.075607299,80.6182632446289,-60.80499267578125
222.225021362,80.4186782836914,-60.7960205078125
222.424240112,80.16696166992188,-60.790855407714844
222.623458862,79.90969848632812,-60.78923797607422
222.772872924,79.72769165039062,-60.788089752197266
222.922286987,79.51968383789062,-60.78677749633789
223.121505737,79.269287109375,-60.78521728515625
223.270919799,79.09002685546875,-60.78409194946289
223.470138549,78.83001708984375,-60.782535552978516
223.586349487,78.67401885986328,-60.78377151489258
223.785568237,78.42364501953125,-60.7877311706543
223.984786987,78.16371154785156,-60.79185104370117
224.134201049,77.98175811767578,-60.794734954833984
224.283615112,77.77654266357422,-60.7979850769043
224.482833862,77.52615356445312,-60.80075454711914
224.632247924,77.34414672851562,-60.79969024658203
224.831466674,77.08413696289062,-60.79804992675781
224.980880737,76.8802490234375,-60.79677200317383
225.180099487,76.62847900390625,-60.79520034790039
225.296310424,76.50259399414062,-60.79441452026367
225.495529174,76.24258422851562,-60.79277420043945
225.694747924,75.98944091796875,-60.79119110107422
225.844161987,75.7841796875,-60.78990173339844
226.043380737,75.524169921875,-60.78826141357422
226.192794799,75.3421630859375,-60.787113189697266
226.392013549,75.08901977539062,-60.78553009033203
226.541427612,74.88925170898438,-60.78428649902344
226.740646362,74.63198852539062,-60.78266906738281
226.890060424,74.44998168945312,-60.782344818115234
227.105880737,74.1640396118164,-60.78662872314453
227.255294799,73.98481750488281,-60.789466857910156
227.404708862,73.77687072753906,-60.792762756347656
227.603927612,73.51966857910156,-60.796836853027344
227.753341674,73.34181213378906,-60.799652099609375
227.952560424,73.08454895019531,-60.80175018310547
228.101974487,72.87654113769531,-60.803062438964844
228.301193237,72.62065124511719,-60.8034782409668
228.450607299,72.44551086425781,-60.80182647705078
228.649826049,72.19374084472656,-60.79945373535156
228.815841674,71.98573303222656,-60.79750061035156
229.015060424,71.73258972167969,-60.79511642456055
229.164474487,71.53282165527344,-60.79323196411133
229.363693237,71.27830505371094,-60.790836334228516
229.513107299,71.09629821777344,-60.789127349853516
229.712326049,70.83903503417969,-60.78670883178711
229.911544799,70.57902526855469,-60.78426742553711
230.060958862,70.37513732910156,-60.783164978027344
230.260177612,70.1151351928711,-60.785804748535156
230.426193237,69.9075927734375,-60.79860305786133
230.625411987,69.6521224975586,-60.828758239746094
230.774826049,69.47123718261719,-60.84882354736328
230.974044799,69.21488189697266,-60.8703498840332
231.123458862,69.01404571533203,-60.88149642944336
231.322677612,68.78215789794922,-60.89411544799805
231.521896362,68.7801742553711,-60.89432144165039
231.671310424,68.7801742553711,-60.89432144165039
231.870529174,68.7801742553711,-60.89432144165039
232.036544799,68.7801742553711,-60.89432144165039
232.185958862,68.7801742553711,-60.89432144165039
232.385177612,68.7801742553711,-60.89432144165039
232.584396362,68.7801742553711,-60.89432144165039
232.733810424,68.65347290039062,-60.90221405029297
232.933029174,68.40733337402344,-60.86224365234375
233.132247924,68.1745834350586,-60.75056838989258
233.331466674,67.95585632324219,-60.6100959777832
233.480880737,67.79149627685547,-60.50140380859375
233.680099487,67.56804656982422,-60.37997055053711
233.846115112,67.38396453857422,-60.30995559692383
234.045333862,67.1384048461914,-60.248870849609375
234.194747924,66.95941925048828,-60.215904235839844
234.393966674,66.70419311523438,-60.16645812988281
234.593185424,66.45191955566406,-60.10380554199219
234.742599487,66.26026916503906,-60.03460693359375
234.941818237,66.0383071899414,-59.90061569213867
235.141036987,65.8734359741211,-59.70675277709961
235.290451049,65.79944610595703,-59.54519271850586
235.506271362,65.72559356689453,-59.2805061340332
235.655685424,65.68919372558594,-59.110565185546875
235.854904174,65.6346206665039,-58.85916519165039
236.004318237,65.58259582519531,-58.662071228027344
236.203536987,65.49561309814453,-58.41712951660156
236.402755737,65.39787292480469,-58.1836051940918
236.552169799,65.32576751708984,-58.01798629760742
236.751388549,65.29813385009766,-57.9542121887207
236.900802612,65.29813385009766,-57.9542121887207
237.100021362,65.29813385009766,-57.9542121887207
237.315841674,65.29813385009766,-57.9542121887207
237.465255737,65.29813385009766,-57.9542121887207
237.664474487,65.29813385009766,-57.9542121887207
237.863693237,65.29813385009766,-57.9542121887207
238.013107299,65.29813385009766,-57.9542121887207
238.212326049,65.29813385009766,-57.9542121887207
238.411544799,65.29813385009766,-57.9542121887207
238.560958862,65.29813385009766,-57.9542121887207
238.809982299,65.29813385009766,-57.9542121887207
238.975997924,65.29813385009766,-57.9542121887207
239.175216674,65.29813385009766,-57.9542121887207
239.324630737,65.29813385009766,-57.9542121887207
239.523849487,65.29813385009766,-57.9542121887207
239.723068237,65.29813385009766,-57.9542121887207
239.922286987,65.29813385009766,-57.9542121887207
240.071701049,65.29813385009766,-57.9542121887207
240.270919799,65.29813385009766,-57.9542121887207
240.470138549,65.29813385009766,-57.9542121887207
240.636154174,65.29813385009766,-57.9542121887207
240.835372924,65.29813385009766,-57.9542121887207
241.034591674,65.29813385009766,-57.9542121887207
241.233810424,65.29813385009766,-57.9542121887207
241.383224487,65.29813385009766,-57.9542121887207
241.532638549,65.29813385009766,-57.9542121887207
241.682052612,65.29813385009766,-57.9542121887207
241.881271362,65.29813385009766,-57.9542121887207
242.080490112,65.29813385009766,-57.9542121887207
242.229904174,65.29813385009766,-57.9542121887207
242.445724487,65.29813385009766,-57.9542121887207
242.644943237,65.29813385009766,-57.9542121887207
242.794357299,65.29813385009766,-57.9542121887207
242.993576049,65.29813385009766,-57.9542121887207
243.192794799,65.29813385009766,-57.9542121887207
243.392013549,65.29813385009766,-57.9542121887207
243.541427612,65.29813385009766,-57.9542121887207
243.740646362,65.29813385009766,-57.9542121887207
243.956466674,65.29813385009766,-57.9542121887207
244.105880737,65.29813385009766,-57.9542121887207
244.305099487,65.29813385009766,-57.9542121887207
244.504318237,65.29813385009766,-57.9542121887207
244.703536987,65.29813385009766,-57.9542121887207
244.852951049,65.29813385009766,-57.9542121887207
245.052169799,65.29813385009766,-57.9542121887207
245.251388549,65.29813385009766,-57.9542121887207
245.450607299,65.29813385009766,-57.9542121887207
245.649826049,65.29813385009766,-57.9542121887207
245.815841674,65.29813385009766,-57.9542121887207
246.015060424,65.29813385009766,-57.9542121887207
246.214279174,65.29813385009766,-57.9542121887207
246.363693237,65.29813385009766,-57.9542121887207
246.562911987,65.29813385009766,-57.9542121887207
246.762130737,65.29813385009766,-57.9542121887207
246.961349487,65.29813385009766,-57.9542121887207
247.160568237,65.29813385009766,-57.9542121887207
247.309982299,65.29813385009766,-57.9542121887207
247.525802612,65.21279907226562,-57.786861419677734
247.725021362,65.05908203125,-57.57920837402344
247.874435424,64.93584442138672,-57.44906997680664
248.073654174,64.74888610839844,-57.272335052490234
248.272872924,64.55988311767578,-57.101863861083984
248.472091674,64.37645721435547,-56.92344665527344
248.621505737,64.23204803466797,-56.77758026123047
248.820724487,64.05720520019531,-56.5964241027832
249.036544799,63.88734817504883,-56.408721923828125
249.185958862,63.75087356567383,-56.25176239013672
249.385177612,63.58728790283203,-56.0639762878418
249.534591674,63.47256088256836,-55.92802429199219
249.733810424,63.30323028564453,-55.730743408203125
249.933029174,63.136192321777344,-55.53870391845703
250.082443237,63.002891540527344,-55.38623809814453
250.281661987,62.83076858520508,-55.19137191772461
250.480880737,62.66289138793945,-55.00007247924805
250.630294799,62.5453987121582,-54.864688873291016
250.796310424,62.407997131347656,-54.708534240722656
250.995529174,62.23334503173828,-54.5159912109375
251.194747924,62.05768585205078,-54.32432174682617
251.344161987,61.920265197753906,-54.16818618774414
251.543380737,61.762020111083984,-53.98301696777344
251.742599487,61.59618377685547,-53.782779693603516
251.941818237,61.432960510253906,-53.58747482299805
252.091232299,61.31618118286133,-53.447872161865234
252.240646362,61.18144226074219,-53.28944396972656
252.456466674,61.00963592529297,-53.09797668457031
252.605880737,60.874671936035156,-52.94514846801758
252.805099487,60.70506286621094,-52.75173568725586
253.004318237,60.538856506347656,-52.55537796020508
253.153732299,60.4224739074707,-52.41905975341797
253.352951049,60.25661849975586,-52.2296257019043
253.502365112,60.114322662353516,-52.078006744384766
253.701583862,59.91139602661133,-51.91620635986328
253.850997924,59.74843215942383,-51.8358268737793
254.050216674,59.499488830566406,-51.78007507324219
254.266036987,59.220733642578125,-51.78398513793945
254.415451049,59.04117965698242,-51.8036003112793
254.614669799,58.78325271606445,-51.83644485473633
254.764083862,58.58327102661133,-51.8581428527832
254.963302612,58.335018157958984,-51.8779182434082
255.112716674,58.15874099731445,-51.887245178222656
255.311935424,57.89883804321289,-51.89399719238281
255.511154174,57.638851165771484,-51.892547607421875
255.710372924,57.388614654541016,-51.88328552246094
255.876388549,57.182281494140625,-51.872039794921875
256.075592041,56.922630310058594,-51.85837936401367
256.274810791,56.67231750488281,-51.85135269165039
256.424224853,56.467079162597656,-51.84794998168945
256.623443603,56.20708465576172,-51.846500396728516
256.822662353,55.94981384277344,-51.847896575927734
256.972076416,55.774654388427734,-51.848846435546875
257.171295166,55.52833938598633,-51.850181579589844
257.370513916,55.277915954589844,-51.851539611816406
257.586334228,54.99464416503906,-51.85307693481445
257.735748291,54.81948471069336,-51.854026794433594
257.934967041,54.566322326660156,-51.85540008544922
258.084381103,54.361053466796875,-51.85651397705078
258.283599853,54.101043701171875,-51.85792541503906
258.482818603,53.84514236450195,-51.85931396484375
258.632232666,53.66998291015625,-51.86026382446289
258.831451416,53.420928955078125,-51.86161422729492
259.030670166,53.163658142089844,-51.86301040649414
259.229888916,52.903648376464844,-51.864341735839844
259.395904541,52.70111846923828,-51.86313247680664
259.595123291,52.44384765625,-51.86128616333008
259.744537353,52.23583984375,-51.85979080200195
259.943756103,51.9826774597168,-51.85797882080078
260.142974853,51.73088455200195,-51.856178283691406
260.342193603,51.47498321533203,-51.85434341430664
260.541412353,51.21497344970703,-51.852474212646484
260.690826416,51.03981399536133,-51.85122299194336
260.890045166,50.78254318237305,-51.8493766784668
261.105865478,50.5047492980957,-51.847389221191406
261.255279541,50.3227424621582,-51.8460807800293
261.454498291,50.07094955444336,-51.84428024291992
261.504302978,49.99294662475586,-51.843719482421875
261.703521728,49.73841857910156,-51.84415054321289
261.902740478,49.47844696044922,-51.84804153442383
262.101959228,49.22395324707031,-51.85185623168945
262.301177978,48.973567962646484,-51.855613708496094
262.500396728,48.7218132019043,-51.85939025878906
262.699615478,48.48783493041992,-51.862396240234375
262.865631103,48.25382614135742,-51.861209869384766
263.064849853,47.99929428100586,-51.8593864440918
263.264068603,47.73928451538086,-51.85751724243164
263.413482666,47.55727767944336,-51.85620880126953
263.612701416,47.31096267700195,-51.854454040527344
263.811920166,47.06053924560547,-51.852664947509766
264.011138916,46.80189895629883,-51.850807189941406
264.160552978,46.59389114379883,-51.84931182861328
264.309967041,46.418731689453125,-51.848060607910156
264.525787353,46.13819885253906,-51.84605026245117
264.725006103,45.87818908691406,-51.844181060791016
264.924224853,45.62502670288086,-51.8431510925293
265.073638916,45.44987487792969,-51.844669342041016
265.272857666,45.20355987548828,-51.846805572509766
265.472076416,44.953147888183594,-51.848976135253906
265.671295166,44.69317626953125,-51.851226806640625
265.820709228,44.489295959472656,-51.85299301147461
266.036529541,44.24024963378906,-51.85515213012695
266.235748291,43.985740661621094,-51.857357025146484
266.385162353,43.77776336669922,-51.85915756225586
266.584381103,43.53711700439453,-51.861244201660156
266.783599853,43.5216178894043,-51.86137771606445
266.982818603,43.5216178894043,-51.86137771606445
267.182037353,43.5216178894043,-51.86137771606445
267.381256103,43.5216178894043,-51.86137771606445
267.530670166,43.5216178894043,-51.86137771606445
267.729888916,43.368629455566406,-51.862701416015625
267.945709228,43.08674621582031,-51.86226272583008
268.144927978,42.82951354980469,-51.85799789428711
268.344146728,42.569541931152344,-51.85368728637695
268.543365478,42.3164176940918,-51.849491119384766
268.692779541,42.138545989990234,-51.84654235839844
268.891998291,41.88129425048828,-51.844566345214844
269.091217041,41.62128448486328,-51.845977783203125
269.290435791,41.36949157714844,-51.84734344482422
269.456451416,41.16148376464844,-51.848472595214844
269.655670166,40.90147399902344,-51.849884033203125
269.854888916,40.646942138671875,-51.85126495361328
270.054107666,40.39377975463867,-51.852638244628906
270.253326416,40.13376998901367,-51.85404968261719
270.452545166,39.87649917602539,-51.855445861816406
270.651763916,39.62196731567383,-51.85682678222656
270.801177978,39.418067932128906,-51.857933044433594
271.000396728,39.158058166503906,-51.859344482421875
271.216217041,38.9048957824707,-51.8607177734375
271.365631103,38.70099639892578,-51.86182403564453
271.564849853,38.44098663330078,-51.86323547363281
271.764068603,38.1837158203125,-51.86455535888672
271.963287353,37.934661865234375,-51.862483978271484
272.162506103,37.68834686279297,-51.85996627807617
272.361724853,37.435203552246094,-51.85737228393555
272.560943603,37.17523193359375,-51.85470199584961
272.710357666,36.9946174621582,-51.852848052978516
272.926177978,36.71820831298828,-51.85001754760742
273.125396728,36.45960235595703,-51.84736251831055
273.324615478,36.19963073730469,-51.84469223022461
273.474029541,36.023109436035156,-51.84296417236328
273.673248291,35.7726936340332,-51.8443489074707
273.872467041,35.51272201538086,-51.84659957885742
274.071685791,35.25821304321289,-51.84880447387695
274.221099853,35.061161041259766,-51.85051345825195
274.420318603,34.81074905395508,-51.852684020996094
274.636138916,34.554874420166016,-51.85490036010742
274.835357666,34.29763412475586,-51.85712814331055
275.034576416,34.04585647583008,-51.859310150146484
275.233795166,33.7927131652832,-51.86150360107422
275.383209228,33.58473205566406,-51.86322021484375
275.582427978,33.32611083984375,-51.86138153076172
275.781646728,33.072967529296875,-51.858787536621094
275.980865478,32.82255554199219,-51.856224060058594
276.130279541,32.64057540893555,-51.85435485839844
276.346099853,32.35460662841797,-51.851417541503906
276.545318603,32.10009765625,-51.84880828857422
276.744537353,31.840112686157227,-51.84613800048828
276.893951416,31.658119201660156,-51.844268798828125
277.093170166,31.403602600097656,-51.843902587890625
277.292388916,31.15182876586914,-51.84686279296875
277.491607666,30.89183807373047,-51.84991455078125
277.690826416,30.633216857910156,-51.85295104980469
277.890045166,30.38418197631836,-51.85588073730469
278.056060791,30.1802978515625,-51.8582763671875
278.255279541,29.920307159423828,-51.861328125
278.454498291,29.672626495361328,-51.86223220825195
278.603912353,29.471471786499023,-51.86206817626953
278.803131103,29.21558380126953,-51.86185073852539
279.002349853,28.95559310913086,-51.86162185668945
279.201568603,28.69833755493164,-51.86140060424805
279.350982666,28.523181915283203,-51.86125946044922
279.550201416,28.270029067993164,-51.86104965209961
279.766021728,27.984039306640625,-51.86079788208008
279.915435791,27.804780960083008,-51.86064529418945
280.114654541,27.55162811279297,-51.860435485839844
280.313873291,27.291637420654297,-51.860206604003906
280.513092041,27.031696319580078,-51.85662078857422
280.662506103,26.826955795288086,-51.84225082397461
280.861724853,26.57181739807129,-51.80080032348633
281.060943603,26.328601837158203,-51.73602294921875
281.260162353,26.081222534179688,-51.660675048828125
281.475982666,25.82925796508789,-51.60243225097656
281.625396728,25.632404327392578,-51.56108093261719
281.824615478,25.378297805786133,-51.53367233276367
282.023834228,25.12994956970215,-51.56031036376953
282.223052978,24.88484001159668,-51.637691497802734
282.372467041,24.726064682006836,-51.704837799072266
282.571685791,24.50948143005371,-51.81575393676758
282.770904541,24.317764282226562,-51.92860412597656
282.970123291,24.12973403930664,-52.06925582885742
283.136138916,23.987354278564453,-52.22024917602539
283.285552978,23.887285232543945,-52.402042388916016
283.484771728,23.820960998535156,-52.65284729003906
283.634185791,23.800945281982422,-52.828189849853516
283.833404541,23.78241729736328,-53.07792282104492
283.883209228,23.77639389038086,-53.1529426574707
284.082427978,23.743492126464844,-53.4066162109375
284.231842041,23.70635414123535,-53.58195877075195
284.431060791,23.642324447631836,-53.83393859863281
284.580474853,23.587770462036133,-54.03464889526367
284.796295166,23.513933181762695,-54.283939361572266
284.945709228,23.45313835144043,-54.47713088989258
285.144927978,23.373762130737305,-54.72329330444336
285.344146728,23.29734992980957,-54.96177673339844
285.493560791,23.24397087097168,-55.13004684448242
285.692779541,23.172012329101562,-55.37133026123047
285.842193603,23.11919593811035,-55.56684494018555
286.041412353,23.048749923706055,-55.81711959838867
286.240631103,22.97641372680664,-56.066864013671875
286.390045166,22.923568725585938,-56.24102020263672
286.556060791,22.864830017089844,-56.4405632019043
286.755279541,22.78903579711914,-56.68783950805664
286.904693603,22.731515884399414,-56.877742767333984
287.103912353,22.665246963500977,-57.100364685058594
287.253326416,22.61960792541504,-57.27364730834961
287.452545166,22.5880126953125,-57.521827697753906
287.601959228,22.57825469970703,-57.72959899902344
287.801177978,22.568517684936523,-57.98941421508789
287.950592041,22.553964614868164,-58.170799255371094
288.149810791,22.51788330078125,-58.41996383666992
288.315826416,22.482219696044922,-58.616539001464844
288.515045166,22.429668426513672,-58.866973876953125
288.664459228,22.38497543334961,-59.0630989074707
288.863677978,22.323970794677734,-59.31584167480469
289.013092041,22.282747268676758,-59.48748016357422
289.212310791,22.248327255249023,-59.73805618286133
289.411529541,22.237104415893555,-59.989585876464844
289.610748291,22.226137161254883,-60.249366760253906
289.760162353,22.212446212768555,-60.456912994384766
289.926177978,22.190107345581055,-60.65680694580078
290.125396728,22.15439796447754,-60.9088134765625
290.324615478,22.110857009887695,-61.162349700927734
290.474029541,22.072065353393555,-61.34014129638672
290.673248291,22.011056900024414,-61.585838317871094
290.822662353,21.965593338012695,-61.78171920776367
291.021881103,21.938133239746094,-62.0305290222168
291.221099853,21.92188262939453,-62.28590393066406
291.370513916,21.911088943481445,-62.467586517333984
291.536529541,21.891679763793945,-62.67464065551758
291.735748291,21.856739044189453,-62.926753997802734
291.934967041,21.837997436523438,-63.18598175048828
292.084381103,21.83903694152832,-63.39259338378906
292.233795166,21.840499877929688,-63.56774139404297
292.433013916,21.83583641052246,-63.818111419677734
292.632232666,21.823047637939453,-64.07093811035156
292.831451416,21.817096710205078,-64.33084869384766
292.980865478,21.821640014648438,-64.53741455078125
293.180084228,21.82881736755371,-64.78909301757812
293.346099853,21.82895851135254,-64.99435424804688
293.545318603,21.821887969970703,-65.25151062011719
293.694732666,21.813825607299805,-65.43057250976562
293.893951416,21.802560806274414,-65.68071746826172
294.093170166,21.792221069335938,-65.93775177001953
294.242584228,21.789100646972656,-66.1457290649414
294.441802978,21.7825870513916,-66.40554809570312
294.591217041,21.74256134033203,-66.5826644897461
294.790435791,21.632755279541016,-66.80091857910156
295.006256103,21.472801208496094,-67.02294921875
295.155670166,21.364181518554688,-67.16897583007812
295.354888916,21.215499877929688,-67.3822021484375
295.554107666,21.11429786682129,-67.62064361572266
295.703521728,21.076005935668945,-67.82495880126953
295.902740478,21.041309356689453,-68.08125305175781
296.101959228,20.997465133666992,-68.3360824584961
296.251373291,20.953598022460938,-68.5126953125
296.450592041,20.883689880371094,-68.7531509399414
296.649810791,20.803550720214844,-68.99756622314453
296.815826416,20.73454475402832,-69.18358612060547
297.015045166,20.64293670654297,-69.42251586914062
297.164459228,20.5705623626709,-69.61457061767578
297.363677978,20.522504806518555,-69.8664779663086
297.562896728,20.540422439575195,-70.11988830566406
297.712310791,20.575132369995117,-70.29015350341797
297.911529541,20.635009765625,-70.54034423828125
298.060943603,20.667287826538086,-70.73880767822266
298.260162353,20.680564880371094,-70.9984130859375
298.426177978,20.683578491210938,-71.20639038085938
298.625396728,20.685361862182617,-71.46088409423828
298.824615478,20.69757652282715,-71.7205810546875
298.974029541,20.71442413330078,-71.90178680419922
299.173248291,20.73328399658203,-72.15422821044922
299.372467041,20.744173049926758,-72.40850067138672
299.521881103,20.7471866607666,-72.6164779663086
299.721099853,20.745342254638672,-72.87374114990234
299.920318603,20.747987747192383,-73.12953186035156
300.086334228,20.761962890625,-73.33158111572266
300.285552978,20.776391983032227,-73.5911636352539
300.434967041,20.781557083129883,-73.77034759521484
300.634185791,20.78226089477539,-74.02212524414062
300.833404541,20.780715942382812,-74.27938842773438
301.032623291,20.779151916503906,-74.53939819335938
301.182037353,20.777929306030273,-74.7432861328125
301.331451416,20.77688217163086,-74.91842651367188
301.530670166,20.775346755981445,-75.17431640625
301.729888916,20.77378273010254,-75.434326171875
301.895904541,20.772541046142578,-75.64096069335938
302.095123291,20.770986557006836,-75.89959716796875
302.244537353,20.76973533630371,-76.10760498046875
302.443756103,20.768199920654297,-76.36349487304688
302.642974853,20.764122009277344,-76.61386108398438
302.792388916,20.746204376220703,-76.79352569580078
302.991607666,20.699005126953125,-77.04638671875
303.190826416,20.64181900024414,-77.30001068115234
303.390045166,20.581214904785156,-77.55004119873047
303.556060791,20.536813735961914,-77.7475814819336
303.755279541,20.523193359375,-78.00398254394531
303.854888916,20.53766632080078,-78.13311004638672
304.004302978,20.578649520874023,-78.33697509765625
304.203521728,20.639169692993164,-78.58702087402344
304.352935791,20.676620483398438,-78.7580795288086
304.552154541,20.69051742553711,-79.01175689697266
304.751373291,20.660715103149414,-79.2670669555664
304.900787353,20.616605758666992,-79.47032165527344
305.100006103,20.561527252197266,-79.72019958496094
305.315826416,20.520788192749023,-79.9754638671875
305.465240478,20.5257568359375,-80.18306732177734
305.664459228,20.580949783325195,-80.43682861328125
305.813873291,20.63604736328125,-80.60883331298828
306.013092041,20.710981369018555,-80.82868194580078
306.162506103,20.711925506591797,-80.8315200805664
306.361724853,20.711925506591797,-80.8315200805664
306.511138916,20.711925506591797,-80.8315200805664
306.710357666,20.711925506591797,-80.8315200805664
306.876373291,20.711925506591797,-80.8315200805664
307.075592041,20.711925506591797,-80.8315200805664
307.225006103,20.711925506591797,-80.8315200805664
307.424224853,20.711925506591797,-80.8315200805664
307.623443603,20.6583251953125,-80.8436279296875
307.822662353,20.423294067382812,-80.80069732666016
308.021881103,20.239553451538086,-80.62663269042969
308.171295166,20.16059112548828,-80.46298217773438
308.370513916,20.07065773010254,-80.21908569335938
308.569732666,19.939817428588867,-79.99496459960938
308.735748291,19.80858612060547,-79.83734130859375
308.934967041,19.62025260925293,-79.6583251953125
309.134185791,19.42030906677246,-79.5008773803711
309.283599853,19.257226943969727,-79.37399291992188
309.482818603,19.057966232299805,-79.20709228515625
309.682037353,18.87383460998535,-79.03143310546875
309.881256103,18.692672729492188,-78.85072326660156
310.030670166,18.574697494506836,-78.72686004638672
310.229888916,18.40582275390625,-78.55323791503906
310.395904541,18.268428802490234,-78.41973114013672
310.595123291,18.086009979248047,-78.25016021728516
310.794342041,17.897157669067383,-78.07545471191406
310.993560791,17.711328506469727,-77.90963745117188
311.192779541,17.523033142089844,-77.74043273925781
311.391998291,17.34583854675293,-77.56934356689453
311.541412353,17.199832916259766,-77.42507934570312
311.740631103,17.0206356048584,-77.24820709228516
311.956451416,16.833545684814453,-77.0676498413086
312.155670166,16.643638610839844,-76.89007568359375
312.305084228,16.4898738861084,-76.75
312.504302978,16.300132751464844,-76.5722427368164
312.703521728,16.118501663208008,-76.3978500366211
312.902740478,15.932049751281738,-76.2206039428711
313.052154541,15.801648139953613,-76.09761047363281
313.251373291,15.615631103515625,-75.92389678955078
313.450592041,15.437664031982422,-75.7575912475586
313.649810791,15.249942779541016,-75.58570098876953
313.815826416,15.095132827758789,-75.44678497314453
314.015045166,14.904106140136719,-75.27040100097656
314.214263916,14.712854385375977,-75.09425354003906
314.413482666,14.525874137878418,-74.92561340332031
314.562896728,14.373783111572266,-74.7898178100586
314.762115478,14.188780784606934,-74.62540435791016
314.961334228,14.176464080810547,-74.61442565917969
315.160552978,14.176464080810547,-74.61442565917969
315.309967041,14.176464080810547,-74.61442565917969
315.525787353,14.176464080810547,-74.61442565917969
315.675201416,14.176464080810547,-74.61442565917969
315.874420166,14.17253589630127,-74.55599212646484
316.023834228,14.21648120880127,-74.41629791259766
316.223052978,14.403785705566406,-74.25328063964844
316.372467041,14.575634002685547,-74.21170043945312
316.521881103,14.774258613586426,-74.2282485961914
316.671295166,14.951054573059082,-74.27128601074219
316.820709228,15.1516752243042,-74.32617950439453
316.970123291,15.326708793640137,-74.36473083496094
317.136138916,15.527039527893066,-74.3941421508789
317.285552978,15.734479904174805,-74.40869903564453
317.434967041,15.916448593139648,-74.40853118896484
317.584381103,16.11882781982422,-74.40091705322266
317.733795166,16.294925689697266,-74.38909912109375
317.883209228,16.49595069885254,-74.36457061767578
318.032623291,16.676549911499023,-74.34207153320312
318.231842041,16.9342098236084,-74.30740356445312
318.381256103,17.133922576904297,-74.26657104492188
318.530670166,17.308855056762695,-74.21654510498047
318.680084228,17.503780364990234,-74.14411163330078
318.846099853,17.691219329833984,-74.05425262451172
318.995513916,17.84151840209961,-73.95683288574219
319.144927978,17.995227813720703,-73.81709289550781
319.294342041,18.106090545654297,-73.67645263671875
319.493560791,18.215900421142578,-73.46110534667969
319.642974853,18.275869369506836,-73.26493072509766
319.842193603,18.317363739013672,-73.00845336914062
319.991607666,18.337566375732422,-72.82758331298828
320.190826416,18.37007713317871,-72.56964111328125
320.340240478,18.40519905090332,-72.36465454101562
320.506256103,18.45238494873047,-72.16209411621094
320.705474853,18.522048950195312,-71.91444396972656
320.854888916,18.57451057434082,-71.74016571044922
321.054107666,18.65255355834961,-71.4964370727539
321.203521728,18.71483039855957,-71.29940795898438
321.402740478,18.795148849487305,-71.05213928222656
321.552154541,18.850101470947266,-70.88294219970703
321.701568603,18.9119815826416,-70.69009399414062
321.900787353,18.98719596862793,-70.44979858398438
322.100006103,19.063880920410156,-70.2085189819336
322.266021728,19.12705421447754,-70.01321411132812
322.415435791,19.18168067932129,-69.8410415649414
322.614654541,19.25596046447754,-69.59185791015625
322.764068603,19.315507888793945,-69.39254760742188
322.963287353,19.391756057739258,-69.14398956298828
323.112701416,19.446102142333984,-68.97029876708984
323.262115478,19.50775718688965,-68.77308654785156
323.461334228,19.583946228027344,-68.53308868408203
323.610748291,19.638898849487305,-68.3638916015625
323.710357666,19.678712844848633,-68.2415771484375
323.876373291,19.743011474609375,-68.04953002929688
324.025787353,19.808692932128906,-67.85362243652344
324.225006103,19.887821197509766,-67.61026000976562
324.374420166,19.943340301513672,-67.43693542480469
324.573638916,20.01833152770996,-67.18798828125
324.723052978,20.07835578918457,-66.98883819580078
324.922271728,20.15428352355957,-66.7416000366211
325.071685791,20.20941162109375,-66.5681381225586
325.270904541,20.288400650024414,-66.3204116821289
325.420318603,20.350587844848633,-66.13200378417969
325.586334228,20.416196823120117,-65.93605041503906
325.785552978,20.498746871948242,-65.69236755371094
325.934967041,20.555471420288086,-65.52664947509766
326.134185791,20.637765884399414,-65.28868865966797
326.283599853,20.704851150512695,-65.09468841552734
326.482818603,20.787212371826172,-64.85384368896484
326.632232666,20.843856811523438,-64.68663787841797
326.831451416,20.92368507385254,-64.44927978515625
326.980865478,20.988901138305664,-64.25321197509766
327.180084228,21.067062377929688,-64.00809478759766
327.346099853,21.12795066833496,-63.80921173095703
327.495513916,21.17923355102539,-63.63458251953125
327.694732666,21.25665855407715,-63.38638687133789
327.844146728,21.323087692260742,-63.189292907714844
328.043365478,21.410913467407227,-62.94749450683594
328.192779541,21.470571517944336,-62.779903411865234
328.391998291,21.55817413330078,-62.53802490234375
328.541412353,21.62497901916504,-62.34828567504883
328.740631103,21.705041885375977,-62.111000061035156
328.890045166,21.762630462646484,-61.941246032714844
329.056060791,21.827939987182617,-61.74665832519531
329.255279541,21.906015396118164,-61.50727844238281
329.404693603,21.967966079711914,-61.314453125
329.603912353,22.047550201416016,-61.0683708190918
329.803131103,22.129497528076172,-60.821624755859375
329.952545166,22.186267852783203,-60.64869689941406
330.151763916,22.26736831665039,-60.40165710449219
330.301177978,22.33085060119629,-60.20645523071289
330.500396728,22.41184425354004,-59.9622802734375
330.649810791,22.468050003051758,-59.79637908935547
330.815826416,22.53297233581543,-59.605987548828125
331.015045166,22.6171817779541,-59.360015869140625
331.164459228,22.684350967407227,-59.16750717163086
331.363677978,22.76619529724121,-58.927947998046875
331.513092041,22.822370529174805,-58.759151458740234
331.712310791,22.908056259155273,-58.51658630371094
331.811920166,22.95107650756836,-58.398277282714844
332.011138916,23.037691116333008,-58.156044006347656
332.160552978,23.1052188873291,-57.968017578125
332.376373291,23.18876838684082,-57.733402252197266
332.525787353,23.25566291809082,-57.53646469116211
332.675201416,23.311153411865234,-57.3674430847168
332.874420166,23.386899948120117,-57.12731170654297
333.073638916,23.459232330322266,-56.89777755737305
333.223052978,23.460147857666016,-56.89491653442383
333.422271728,23.460147857666016,-56.89491653442383
333.571685791,23.460147857666016,-56.89491653442383
333.770904541,23.460147857666016,-56.89491653442383
333.970123291,23.460147857666016,-56.89491653442383
334.136138916,23.47514533996582,-56.84760284423828
334.285552978,23.534526824951172,-56.649688720703125
334.484771728,23.603286743164062,-56.40889358520508
334.683990478,23.66839599609375,-56.16142654418945
334.833404541,23.71230697631836,-55.990447998046875
335.032623291,23.77591323852539,-55.761192321777344
335.231842041,23.837726593017578,-55.53144836425781
335.381256103,23.886014938354492,-55.33477020263672
335.580474853,23.928119659423828,-55.085235595703125
335.729888916,23.943252563476562,-54.910762786865234
335.895904541,23.946556091308594,-54.70283508300781
336.095123291,23.937414169311523,-54.44984817504883
336.294342041,23.927759170532227,-54.19824981689453
336.443756103,23.9239559173584,-53.9943962097168
336.642974853,23.921934127807617,-53.7343864440918
336.842193603,23.92018699645996,-53.50896453857422
336.991607666,23.918794631958008,-53.32969665527344
337.190826416,23.916948318481445,-53.0710563659668
337.390045166,23.915800094604492,-52.82063293457031
337.556060791,23.91950225830078,-52.61543655395508
337.705474853,23.941133499145508,-52.408687591552734
337.904693603,24.017261505126953,-52.16674041748047
338.054107666,24.1175537109375,-52.01881408691406
338.203521728,24.273345947265625,-51.89513397216797
338.402740478,24.504514694213867,-51.823692321777344
338.552154541,24.673946380615234,-51.82178497314453
338.701568603,24.87329864501953,-51.848148345947266
338.850982666,25.04836082458496,-51.87975311279297
339.000396728,25.246429443359375,-51.914852142333984
339.149810791,25.420135498046875,-51.93711471557617
339.365631103,25.704177856445312,-51.95503234863281
339.515045166,25.883338928222656,-51.960960388183594
339.664459228,26.084482192993164,-51.962833404541016
339.813873291,26.259618759155273,-51.96031951904297
339.963287353,26.466196060180664,-51.95541000366211
340.112701416,26.648149490356445,-51.95108413696289
340.262115478,26.853357315063477,-51.94620895385742
340.411529541,27.028474807739258,-51.9425163269043
340.560943603,27.230995178222656,-51.94130325317383
340.710357666,27.410253524780273,-51.94043731689453
340.876373291,27.61824607849121,-51.939430236816406
341.025787353,27.823503494262695,-51.938438415527344
341.175201416,27.998659133911133,-51.93759536743164
341.324615478,28.20665168762207,-51.936588287353516
341.523834228,28.466642379760742,-51.93532943725586
341.673248291,28.645896911621094,-51.93647766113281
341.822662353,28.845672607421875,-51.93867492675781
341.972076416,29.024927139282227,-51.94064712524414
342.121490478,29.230180740356445,-51.94290542602539
342.270904541,29.412174224853516,-51.944908142089844
342.470123291,29.66805648803711,-51.947723388671875
342.586334228,29.821311950683594,-51.94940948486328
342.785552978,30.078563690185547,-51.952239990234375
342.934967041,30.260557174682617,-51.95424270629883
343.084381103,30.46033477783203,-51.956199645996094
343.233795166,30.638225555419922,-51.95524978637695
343.433013916,30.89548110961914,-51.95320510864258
343.582427978,31.103473663330078,-51.95155715942383
343.682037353,31.233469009399414,-51.95052719116211
343.831451416,31.411359786987305,-51.9491081237793
343.980865478,31.61661720275879,-51.94747543334961
344.130279541,31.79861068725586,-51.9460334777832
344.279693603,31.98060417175293,-51.9445915222168
344.445709228,32.2146110534668,-51.9427375793457
344.595123291,32.39113998413086,-51.94132614135742
344.744537353,32.59914779663086,-51.93967819213867
344.893951416,32.78115463256836,-51.938236236572266
345.043365478,32.98779296875,-51.93659591674805
345.242584228,33.238216400146484,-51.93776321411133
345.391998291,33.420223236083984,-51.939178466796875
345.541412353,33.628231048583984,-51.9407958984375
345.690826416,33.80475997924805,-51.94216537475586
345.840240478,34.00728988647461,-51.9437370300293
346.006256103,34.205711364746094,-51.945274353027344
346.155670166,34.386348724365234,-51.946678161621094
346.305084228,34.591617584228516,-51.948272705078125
346.454498291,34.76814651489258,-51.949642181396484
346.653717041,35.02267837524414,-51.95161819458008
346.803131103,35.22794723510742,-51.95321273803711
346.952545166,35.40995407104492,-51.954627990722656
347.101959228,35.61796188354492,-51.95624542236328
347.301177978,35.872493743896484,-51.95725631713867
347.400787353,35.998390197753906,-51.95704650878906
347.600006103,36.258399963378906,-51.956626892089844
347.766021728,36.466407775878906,-51.95629119873047
347.915435791,36.64293670654297,-51.955997467041016
348.064849853,36.84957504272461,-51.95566177368164
348.214263916,37.03158187866211,-51.95536804199219
348.363677978,37.23822021484375,-51.95503234863281
348.513092041,37.41337966918945,-51.95473861694336
348.662506103,37.614540100097656,-51.954402923583984
348.861724853,37.874549865722656,-51.953983306884766
349.011138916,38.056556701660156,-51.95368957519531
349.160552978,38.26182556152344,-51.95335388183594
349.309967041,38.43698501586914,-51.953060150146484
349.475982666,38.636775970458984,-51.95272445678711
349.625396728,38.844783782958984,-51.952388763427734
349.774810791,39.02131271362305,-51.95209503173828
349.924224853,39.22110366821289,-51.951759338378906
350.073638916,39.396263122558594,-51.95146560668945
350.272857666,39.652164459228516,-51.951045989990234
350.422271728,39.860172271728516,-51.95071029663086
350.571685791,40.042179107666016,-51.950416564941406
350.721099853,40.24470901489258,-51.95008087158203
350.870513916,40.42123794555664,-51.94978713989258
351.069732666,40.51436996459961,-51.94963836669922
351.235748291,40.51436996459961,-51.94963836669922
351.385162353,40.51436996459961,-51.94963836669922
351.534576416,40.51436996459961,-51.94963836669922
351.733795166,40.51436996459961,-51.94963836669922
351.883209228,40.576873779296875,-51.949527740478516
352.032623291,40.75203323364258,-51.94923400878906
352.182037353,40.9559326171875,-51.94889831542969
352.331451416,41.131072998046875,-51.947139739990234
352.530670166,41.38470458984375,-51.92678451538086
352.680084228,41.59138870239258,-51.903350830078125
352.846099853,41.79851150512695,-51.88432693481445
353.045318603,42.05661392211914,-51.867984771728516
353.194732666,42.23849105834961,-51.86137008666992
353.344146728,42.44647216796875,-51.85873031616211
353.493560791,42.6257209777832,-51.860679626464844
353.642974853,42.82949447631836,-51.867496490478516
353.792388916,43.008609771728516,-51.87454605102539
353.941802978,43.216434478759766,-51.88272476196289
354.141021728,43.47359848022461,-51.889305114746094
354.290435791,43.65283966064453,-51.89183044433594
354.456451416,43.855342864990234,-51.894439697265625
354.605865478,44.061981201171875,-51.89392852783203
354.755279541,44.241249084472656,-51.893062591552734
354.904693603,44.44377899169922,-51.892086029052734
355.103912353,44.69557189941406,-51.890872955322266
355.253326416,44.87757873535156,-51.889991760253906
355.402740478,45.08558654785156,-51.88898468017578
355.552154541,45.264854431152344,-51.888118743896484
355.751373291,45.51527786254883,-51.88691329956055
355.900787353,45.71780776977539,-51.88593673706055
356.050201416,45.89981460571289,-51.88505554199219
356.149810791,46.02981948852539,-51.88442611694336
356.315826416,46.23645782470703,-51.883426666259766
356.515045166,46.49235916137695,-51.8821907043457
356.664459228,46.70036697387695,-51.88118362426758
356.813873291,46.88237380981445,-51.88030242919922
356.963287353,47.086273193359375,-51.87931823730469
357.162506103,47.33943557739258,-51.87809753417969
357.311920166,47.52144241333008,-51.87721633911133
357.461334228,47.72945022583008,-51.8762092590332
357.610748291,47.9073486328125,-51.87550354003906
357.760162353,48.10987854003906,-51.87516784667969
357.926177978,48.3165168762207,-51.87531280517578
358.075592041,48.4985237121582,-51.875579833984375
358.225006103,48.702423095703125,-51.87587356567383
358.374420166,48.87895202636719,-51.87612533569336
358.573638916,49.13622283935547,-51.87649917602539
358.723052978,49.34423065185547,-51.87680435180664
358.872467041,49.52075958251953,-51.87705612182617
359.021881103,49.723289489746094,-51.87734603881836
359.221099853,49.97508239746094,-51.87770462036133
359.370513916,50.15708923339844,-51.87797164916992
359.536529541,50.36509704589844,-51.87827682495117
359.685943603,50.57036590576172,-51.87857437133789
359.835357666,50.7496337890625,-51.87883377075195
359.984771728,50.9576416015625,-51.8791389465332
360.134185791,51.1396484375,-51.8794059753418
360.333404541,51.390071868896484,-51.8797607421875
360.482818603,51.593971252441406,-51.88005447387695
360.632232666,51.775978088378906,-51.88032150268555
360.781646728,51.983985900878906,-51.8806266784668
360.980865478,52.23851776123047,-51.8809928894043
361.080474853,52.36304473876953,-51.881168365478516
361.180084228,52.49304962158203,-51.8813591003418
361.346099853,52.69831848144531,-51.881656646728516
361.495513916,52.88032531738281,-51.88192367553711
361.644927978,53.081485748291016,-51.88220977783203
361.794342041,53.25938415527344,-51.88246536254883
361.993560791,53.51665496826172,-51.88283920288086
362.093170166,53.64665985107422,-51.88302993774414
362.292388916,53.90530014038086,-51.88340759277344
362.441802978,54.1050910949707,-51.883689880371094
362.591217041,54.281620025634766,-51.883941650390625
362.790435791,54.53889083862305,-51.884315490722656
362.939849853,54.72089767456055,-51.88458251953125
363.105865478,54.95490646362305,-51.884925842285156
363.255279541,55.13417434692383,-51.88518524169922
363.404693603,55.34218215942383,-51.88549041748047
363.603912353,55.59671401977539,-51.88585662841797
363.753326416,55.769134521484375,-51.8860969543457
363.902740478,55.96755599975586,-51.886375427246094
364.052154541,56.14682388305664,-51.886634826660156
364.201568603,56.35483169555664,-51.886940002441406
364.350982666,56.53683853149414,-51.88720703125
364.550201416,56.790000915527344,-51.887569427490234
364.699615478,56.969268798828125,-51.8878288269043
364.815826416,57.123905181884766,-51.88805389404297
365.015045166,57.382545471191406,-51.888431549072266
365.164459228,57.58096694946289,-51.888710021972656
365.313873291,57.756126403808594,-51.88895797729492
365.463287353,57.958656311035156,-51.88924789428711
365.662506103,58.218666076660156,-51.88962936401367
365.811920166,58.400672912597656,-51.889896392822266
365.961334228,58.60457229614258,-51.89019012451172
366.110748291,58.77973175048828,-51.890438079833984
366.309967041,59.03974151611328,-51.89081954956055
366.475982666,59.24774932861328,-51.8911247253418
366.625396728,59.447540283203125,-51.89140701293945
366.774810791,59.626773834228516,-51.89387893676758
366.974029541,59.87974166870117,-51.928932189941406
367.123443603,60.07282257080078,-52.005088806152344
367.272857666,60.22405242919922,-52.1058464050293
367.472076416,60.40699768066406,-52.28986740112305
367.621490478,60.527400970458984,-52.459312438964844
367.770904541,60.62029266357422,-52.61262512207031
367.970123291,60.753990173339844,-52.835601806640625
368.136138916,60.8625373840332,-53.01303482055664
368.285552978,60.967166900634766,-53.17839431762695
368.434967041,61.06859588623047,-53.326171875
368.634185791,61.090293884277344,-53.35540008544922
368.833404541,61.090293884277344,-53.35540008544922
368.982818603,61.090293884277344,-53.35540008544922
369.132232666,61.090293884277344,-53.35540008544922
369.331451416,61.090293884277344,-53.35540008544922
369.480865478,61.149078369140625,-53.43584060668945
369.630279541,61.24967575073242,-53.57755661010742
369.779693603,61.3521842956543,-53.721275329589844
369.945709228,61.480430603027344,-53.89873123168945
370.144927978,61.629417419433594,-54.096561431884766
370.294342041,61.74203109741211,-54.23603439331055
370.493560791,61.9057502746582,-54.43800735473633
370.642974853,62.03583526611328,-54.60031509399414
370.792388916,62.14802551269531,-54.743621826171875
370.991607666,62.3065071105957,-54.9462776184082
371.141021728,62.437503814697266,-55.10607147216797
371.340240478,62.59886169433594,-55.30642318725586
371.456451416,62.67875671386719,-55.408973693847656
371.655670166,62.83964920043945,-55.61321258544922
371.805084228,62.968441009521484,-55.77654266357422
372.004302978,63.12752151489258,-55.9804573059082
372.153717041,63.23356628417969,-56.121585845947266
372.303131103,63.36054229736328,-56.28632736206055
372.452545166,63.468753814697266,-56.427520751953125
372.651763916,63.629127502441406,-56.63216018676758
372.801177978,63.75291061401367,-56.79417419433594
372.950592041,63.858375549316406,-56.93574142456055
373.149810791,64.01026916503906,-57.13825607299805
373.315826416,64.1369400024414,-57.301513671875
373.465240478,64.26329040527344,-57.46675109863281
373.614654541,64.37841796875,-57.60769271850586
373.813873291,64.54036712646484,-57.804039001464844
373.963287353,64.66429138183594,-57.96249008178711
374.162506103,64.81965637207031,-58.170963287353516
374.311920166,64.92655944824219,-58.31827163696289
374.461334228,65.0496826171875,-58.48591995239258
374.660552978,65.20234680175781,-58.696388244628906
374.809967041,65.31031799316406,-58.842926025390625
374.975982666,65.43356323242188,-59.01047897338867
375.175201416,65.58170318603516,-59.21577453613281
375.324615478,65.70342254638672,-59.384437561035156
375.523834228,65.85257720947266,-59.594058990478516
375.673248291,65.9570083618164,-59.7397575378418
375.822662353,66.09003448486328,-59.89945602416992
376.021881103,66.19194030761719,-59.991859436035156
376.171295166,66.20185089111328,-59.99947738647461
376.370513916,66.38551330566406,-60.11385726928711
376.536529541,66.56230926513672,-60.18303680419922
376.685943603,66.68226623535156,-60.215370178222656
376.835357666,66.86009216308594,-60.24677276611328
377.034576416,67.1086654663086,-60.27667999267578
377.183990478,67.30933380126953,-60.29060363769531
377.383209228,67.56774139404297,-60.30118942260742
377.532623291,67.74972534179688,-60.30377197265625
377.731842041,68.00422668457031,-60.300662994384766
377.881256103,68.2053451538086,-60.295902252197266
378.080474853,68.45845031738281,-60.289913177490234
378.229888916,68.6404037475586,-60.285614013671875
378.395904541,68.84699249267578,-60.281532287597656
378.595123291,69.10013580322266,-60.27874755859375
378.744537353,69.30677032470703,-60.27794647216797
378.943756103,69.56678009033203,-60.27836608886719
379.093170166,69.74332427978516,-60.27864456176758
379.292388916,69.98967742919922,-60.27902603149414
379.441802978,70.19358825683594,-60.27935028076172
379.641021728,70.44813537597656,-60.279754638671875
379.790435791,70.63014221191406,-60.28004837036133
379.956451416,70.83541870117188,-60.28037643432617
380.105865478,71.04069519042969,-60.280704498291016
380.305084228,71.30070495605469,-60.281124114990234
380.454498291,71.48271179199219,-60.28141784667969
380.653717041,71.72906494140625,-60.28179931640625
380.803131103,71.93161010742188,-60.28211975097656
380.952545166,72.1095199584961,-60.28240203857422
381.151763916,72.3695297241211,-60.28282165527344
381.301177978,72.57344055175781,-60.283145904541016
381.500396728,72.82798767089844,-60.28355026245117
381.649810791,73.00453186035156,-60.28382873535156
381.815826416,73.20980834960938,-60.284156799316406
382.015045166,73.46435546875,-60.28456115722656
382.164459228,73.66416931152344,-60.284873962402344
382.313873291,73.83934783935547,-60.28514862060547
382.513092041,74.09935760498047,-60.28556823730469
382.662506103,74.30736541748047,-60.28590393066406
382.861724853,74.56464385986328,-60.28631591796875
383.011138916,74.73982238769531,-60.286590576171875
383.210357666,74.99983215332031,-60.287010192871094
383.359771728,75.18183898925781,-60.28730392456055
383.525787353,75.41584777832031,-60.287681579589844
383.725006103,75.67312622070312,-60.28809356689453
383.874420166,75.85513305664062,-60.288387298583984
384.073638916,76.10421752929688,-60.28877639770508
384.223052978,76.30403137207031,-60.28908920288086
384.422271728,76.55311584472656,-60.28947830200195
384.571685791,76.73239135742188,-60.289764404296875
384.721099853,76.94039916992188,-60.29010009765625
384.920318603,77.19767761230469,-60.29051208496094
385.086334228,77.39476013183594,-60.29081726074219
385.235748291,77.57540130615234,-60.291107177734375
385.434967041,77.83541107177734,-60.291526794433594
385.584381103,78.03522491455078,-60.291839599609375
385.733795166,78.21040344238281,-60.2921142578125
385.933013916,78.46904754638672,-60.29253005981445
386.082427978,78.67705535888672,-60.29286575317383
386.281646728,78.93433380126953,-60.293277740478516
386.431060791,79.11087799072266,-60.293556213378906
386.580474853,79.31615447998047,-60.29388427734375
386.729888916,79.49816131591797,-60.2941780090332
386.895904541,79.70616912841797,-60.29451370239258
387.095123291,79.9441146850586,-60.29488754272461
387.244537353,79.96837615966797,-60.294925689697266
387.443756103,79.96837615966797,-60.294925689697266
387.642974853,79.96837615966797,-60.294925689697266
387.792388916,79.96837615966797,-60.294925689697266
387.991607666,79.96837615966797,-60.294925689697266
388.141021728,79.96837615966797,-60.294925689697266
388.340240478,79.96837615966797,-60.294925689697266
388.506256103,79.96837615966797,-60.294925689697266
388.655670166,79.96837615966797,-60.294925689697266
388.854888916,79.96695709228516,-60.326995849609375
389.054107666,79.87677764892578,-60.43941879272461
389.203521728,79.69031524658203,-60.52070999145508
389.402740478,79.43307495117188,-60.502464294433594
389.552154541,79.25923919677734,-60.44865798950195
389.751373291,79.00975799560547,-60.37567138671875
389.900787353,78.8057632446289,-60.335609436035156
390.050201416,78.62710571289062,-60.32248306274414
390.266021728,78.34453582763672,-60.35289001464844
390.415435791,78.16690063476562,-60.39234924316406
390.564849853,77.96524047851562,-60.44319152832031
390.764068603,77.71832275390625,-60.50496292114258
390.913482666,77.54463195800781,-60.5433235168457
391.112701416,77.29209899902344,-60.592262268066406
391.262115478,77.08824920654297,-60.633541107177734
391.411529541,76.91104125976562,-60.674983978271484
391.610748291,76.66001892089844,-60.7426872253418
391.760162353,76.46154022216797,-60.80490493774414
391.926177978,76.2630844116211,-60.86711120605469
392.125396728,76.01516723632812,-60.924339294433594
392.274810791,75.83624267578125,-60.957611083984375
392.474029541,75.58085632324219,-61.00629806518555
392.623443603,75.37696838378906,-61.04745864868164
392.772857666,75.20199584960938,-61.08638381958008
392.972076416,74.95219421386719,-61.14789962768555
393.121490478,74.75456237792969,-61.20329666137695
393.320709228,74.51264953613281,-61.268001556396484
393.470123291,74.337158203125,-61.31080627441406
393.636138916,74.13871002197266,-61.35759735107422
393.785552978,73.93911743164062,-61.4055061340332
393.984771728,73.69320678710938,-61.452327728271484
394.134185791,73.51641082763672,-61.47186279296875
394.333404541,73.25735473632812,-61.4939079284668
394.482818603,73.04973602294922,-61.50630569458008
394.682037353,72.79671478271484,-61.514217376708984
394.831451416,72.6203384399414,-61.52082443237305
395.030670166,72.36735534667969,-61.54832458496094
395.180084228,72.1657943725586,-61.586891174316406
395.346099853,71.9684829711914,-61.63823699951172
395.545318603,71.71829223632812,-61.70901107788086
395.694732666,71.5478515625,-61.754981994628906
395.844146728,71.35356140136719,-61.80144119262695
396.043365478,71.10453033447266,-61.84686279296875
396.192779541,70.92774963378906,-61.87657928466797
396.391998291,70.67086791992188,-61.916595458984375
396.541412353,70.46761322021484,-61.945213317871094
396.740631103,70.2142105102539,-61.98078918457031
396.890045166,70.03522491455078,-62.013607025146484
397.056060791,69.83495330810547,-62.058624267578125
397.255279541,69.57996368408203,-62.109134674072266
397.404693603,69.3819808959961,-62.13591766357422
397.603912353,69.14429473876953,-62.16353988647461
397.753326416,68.96881866455078,-62.18269348144531
397.952545166,68.7214584350586,-62.211612701416016
398.101959228,68.5171127319336,-62.23099136352539
398.301177978,68.25792694091797,-62.25162887573242
398.450592041,68.07969665527344,-62.27065658569336
398.550201416,67.97595977783203,-62.286834716796875
398.716217041,67.9636459350586,-62.288970947265625
398.865631103,67.76219177246094,-62.32692337036133
399.064849853,67.51705169677734,-62.37812423706055
399.214263916,67.34335327148438,-62.40947341918945
399.413482666,67.08502960205078,-62.438602447509766
399.562896728,66.8780746459961,-62.45939636230469
399.762115478,66.62274169921875,-62.4908447265625
399.911529541,66.4489517211914,-62.51262664794922
400.110748291,66.19566345214844,-62.53763961791992
400.260162353,65.98876190185547,-62.55900192260742
400.426177978,65.78266143798828,-62.58695602416992
400.625396728,65.53125762939453,-62.634239196777344
400.774810791,65.35913848876953,-62.67340850830078
400.974029541,65.10568237304688,-62.71694564819336
401.173248291,64.84656524658203,-62.737327575683594
401.322662353,64.64299774169922,-62.74879455566406
401.472076416,64.47087097167969,-62.75883483886719
401.671295166,64.22093200683594,-62.77427673339844
401.870513916,63.96950149536133,-62.80317687988281
402.036529541,63.768218994140625,-62.843177795410156
402.185943603,63.567901611328125,-62.89900207519531
402.335357666,63.39546585083008,-62.9527702331543
402.534576416,63.15303039550781,-63.01536178588867
402.683990478,62.957130432128906,-63.061058044433594
402.883209228,62.708274841308594,-63.11442947387695
403.032623291,62.52910232543945,-63.1463737487793
403.231842041,62.272281646728516,-63.18684768676758
403.381256103,62.06956100463867,-63.219024658203125
403.580474853,61.81741714477539,-63.269981384277344
403.729888916,61.646820068359375,-63.30308151245117
403.895904541,61.447593688964844,-63.33075714111328
404.095123291,61.19481658935547,-63.3604850769043
404.244537353,60.988040924072266,-63.38301086425781
404.443756103,60.73380661010742,-63.41212844848633
404.593170166,60.55815124511719,-63.42964553833008
404.792388916,60.30692672729492,-63.46078872680664
404.941802978,60.10744094848633,-63.49568557739258
405.141021728,59.85292434692383,-63.548667907714844
405.290435791,59.67627716064453,-63.58638000488281
405.456451416,59.47903060913086,-63.61787796020508
405.655670166,59.323856353759766,-63.63267135620117
405.805084228,59.12067794799805,-63.649784088134766
406.004302978,58.895790100097656,-63.66517639160156
406.153717041,58.895790100097656,-63.66517639160156
406.352935791,58.895790100097656,-63.66517639160156
406.502349853,58.895790100097656,-63.66517639160156
406.701568603,58.895790100097656,-63.66517639160156
406.850982666,58.895790100097656,-63.66517639160156
407.050201416,58.895790100097656,-63.66517639160156
407.216217041,58.895790100097656,-63.66517639160156
407.415435791,58.895790100097656,-63.66517639160156
407.614654541,58.895790100097656,-63.66517639160156
407.764068603,58.895790100097656,-63.66517639160156
407.963287353,58.82162094116211,-63.668880462646484
408.112701416,58.64519500732422,-63.674808502197266
408.262115478,58.43994140625,-63.677085876464844
408.461334228,58.179931640625,-63.67842102050781
408.660552978,57.92266082763672,-63.67974853515625
408.809967041,57.750240325927734,-63.68065643310547
409.025787353,57.46696853637695,-63.6821174621582
409.175201416,57.28496170043945,-63.68305206298828
409.374420166,57.03316879272461,-63.684120178222656
409.573638916,56.781375885009766,-63.68232727050781
409.723052978,56.576107025146484,-63.68079376220703
409.922271728,56.316097259521484,-63.67884826660156
410.071685791,56.13819885253906,-63.677520751953125
410.270904541,55.88777542114258,-63.675655364990234
410.420318603,55.685245513916016,-63.67414474487305
410.569732666,55.503238677978516,-63.67278289794922
410.785552978,55.219966888427734,-63.6706657409668
410.934967041,55.057308197021484,-63.66945266723633
411.134185791,54.80551528930664,-63.66757583618164
411.283599853,54.6057243347168,-63.66608810424805
411.482818603,54.34572982788086,-63.66578674316406
411.682037353,54.08720779418945,-63.69217300415039
411.831451416,53.912513732910156,-63.717498779296875
412.030670166,53.65803909301758,-63.77037811279297
412.180084228,53.45623779296875,-63.820743560791016
412.395904541,53.209407806396484,-63.88282775878906
412.545318603,53.005611419677734,-63.9243049621582
412.744537353,52.75737380981445,-63.966365814208984
412.893951416,52.57968521118164,-63.9898796081543
413.093170166,52.32628631591797,-64.01378631591797
413.242584228,52.12208938598633,-64.04509735107422
413.441802978,51.86946105957031,-64.10614013671875
413.641021728,51.62211990356445,-64.18621063232422
413.790435791,51.582645416259766,-64.19902038574219
413.956451416,51.399234771728516,-64.25497436523438
414.155670166,51.15062713623047,-64.32093811035156
414.305084228,50.956565856933594,-64.36229705810547
414.504302978,50.71125030517578,-64.41255187988281
414.703521728,50.46525573730469,-64.45939636230469
414.852935791,50.29598617553711,-64.4921875
415.052154541,50.05394744873047,-64.55071258544922
415.251373291,49.8146858215332,-64.61477661132812
415.400787353,49.61741638183594,-64.66630554199219
415.600006103,49.36957931518555,-64.72423553466797
415.766021728,49.16962432861328,-64.7706298828125
415.965240478,48.921142578125,-64.83174133300781
416.114654541,48.75251007080078,-64.86756896972656
416.313873291,48.50563430786133,-64.89971923828125
416.463287353,48.30063247680664,-64.90937042236328
416.662506103,48.06569290161133,-64.91426849365234
416.861724853,47.80575942993164,-64.91968536376953
417.011138916,47.6238899230957,-64.92594909667969
417.210357666,47.36558151245117,-64.9547119140625
417.359771728,47.18693542480469,-64.98931884765625
417.575592041,46.913814544677734,-65.0642318725586
417.725006103,46.714595794677734,-65.1240005493164
417.924224853,46.46516036987305,-65.18682861328125
418.123443603,46.22072982788086,-65.23418426513672
418.272857666,46.04943084716797,-65.25353240966797
418.472076416,45.799461364746094,-65.26841735839844
418.621490478,45.595436096191406,-65.29046630859375
418.820709228,45.33883285522461,-65.33230590820312
418.970123291,45.158790588378906,-65.3589096069336
419.185943603,44.88078308105469,-65.39631652832031
419.385162353,44.622779846191406,-65.42841339111328
419.534576416,44.442317962646484,-65.4520034790039
419.733795166,44.18919372558594,-65.47860717773438
419.883209228,43.9846076965332,-65.49528503417969
420.082427978,43.7282829284668,-65.51720428466797
420.231842041,43.54688262939453,-65.53195190429688
420.431060791,43.295013427734375,-65.5573501586914
420.630279541,43.10163879394531,-65.58985137939453
420.796295166,43.100669860839844,-65.59010314941406
420.995513916,43.100669860839844,-65.59010314941406
421.194732666,43.100669860839844,-65.59010314941406
421.344146728,43.09909439086914,-65.5938949584961
421.493560791,43.09168243408203,-65.62596130371094
421.642974853,43.11105728149414,-65.7997055053711
421.842193603,43.24176025390625,-65.96968078613281
421.991607666,43.399322509765625,-66.04344940185547
422.141021728,43.588314056396484,-66.05238342285156
422.290435791,43.6309928894043,-66.0428695678711
422.456451416,43.702064514160156,-65.97787475585938
422.655670166,43.76942825317383,-65.75802612304688
422.805084228,43.7368278503418,-65.61254119873047
423.004302978,43.5764045715332,-65.45221710205078
423.153717041,43.41294860839844,-65.3959732055664
423.352935791,43.163856506347656,-65.41749572753906
423.452545166,43.04521942138672,-65.45938873291016
423.601959228,42.920989990234375,-65.51969909667969
423.801177978,42.879817962646484,-65.56116485595703
423.950592041,42.87358093261719,-65.58495330810547
424.149810791,42.89005661010742,-65.72024536132812
424.315826416,43.003543853759766,-65.85227966308594
424.465240478,43.18872833251953,-65.93707275390625
424.614654541,43.36991500854492,-65.94461059570312
424.764068603,43.55060577392578,-65.9163818359375
424.913482666,43.55157470703125,-65.9161376953125
425.112701416,43.57566833496094,-65.87920379638672
425.262115478,43.610389709472656,-65.75420379638672
425.461334228,43.56482696533203,-65.58358764648438
425.610748291,43.446353912353516,-65.4617919921875
425.809967041,43.224178314208984,-65.3901596069336
425.975982666,43.022891998291016,-65.42815399169922
426.175201416,42.87791061401367,-65.52912139892578
426.374420166,42.87791061401367,-65.52912139892578
426.523834228,42.87791061401367,-65.52912139892578
426.723052978,42.87791061401367,-65.52912139892578
426.922271728,42.87791061401367,-65.52912139892578
427.071685791,42.87791061401367,-65.52912139892578
427.270904541,42.87791061401367,-65.52912139892578
427.420318603,42.87791061401367,-65.52912139892578
427.586334228,42.88145446777344,-65.54371643066406
427.735748291,42.88389587402344,-65.54854583740234
427.934967041,43.036312103271484,-65.61886596679688
428.084381103,43.2394905090332,-65.61146545410156
428.233795166,43.39964294433594,-65.52754211425781
428.383209228,43.544700622558594,-65.380859375
428.532623291,43.658531188964844,-65.24061584472656
428.682037353,43.792945861816406,-65.08736419677734
428.881256103,43.985164642333984,-64.91676330566406
429.030670166,44.13306427001953,-64.8107681274414
429.180084228,44.31132507324219,-64.7037353515625
429.346099853,44.40697479248047,-64.65579986572266
429.495513916,44.52284622192383,-64.60382843017578
429.644927978,44.71332550048828,-64.52734375
429.794342041,44.87504577636719,-64.46369934082031
429.993560791,45.092750549316406,-64.37521362304688
430.142974853,45.28475570678711,-64.29522705078125
430.292388916,45.44819259643555,-64.2249755859375
430.441802978,45.639427185058594,-64.14315795898438
430.641021728,45.878231048583984,-64.04747009277344
430.790435791,46.042301177978516,-63.98614501953125
430.956451416,46.23607635498047,-63.918479919433594
431.105865478,46.43349838256836,-63.85300064086914
431.255279541,46.59804916381836,-63.79710006713867
431.454498291,46.836029052734375,-63.723880767822266
431.603912353,47.036407470703125,-63.67959976196289
431.753326416,47.21052932739258,-63.65057373046875
431.902740478,47.41674041748047,-63.6236572265625
432.052154541,47.59813690185547,-63.60884475708008
432.251373291,47.856868743896484,-63.583709716796875
432.400787353,48.05486297607422,-63.54848098754883
432.550201416,48.23133850097656,-63.504093170166016
432.699615478,48.406593322753906,-63.45501708984375
432.865631103,48.634525299072266,-63.40229034423828
433.015045166,48.81296157836914,-63.366455078125
433.214263916,49.059539794921875,-63.31550598144531
433.363677978,49.25828552246094,-63.2765998840332
433.513092041,49.43606185913086,-63.2446403503418
433.662506103,49.641109466552734,-63.20975875854492
433.811920166,49.818519592285156,-63.17589569091797
433.961334228,50.017051696777344,-63.135921478271484
434.160552978,50.269737243652344,-63.087677001953125
434.309967041,50.44241714477539,-63.058319091796875
434.475982666,50.63859176635742,-63.02853012084961
434.625396728,50.84376525878906,-62.99451446533203
434.774810791,51.02021789550781,-62.950164794921875
434.974029541,51.266204833984375,-62.86601638793945
435.123443603,51.38018035888672,-62.826908111572266
435.272857666,51.54248046875,-62.7780647277832
435.472076416,51.79372787475586,-62.71125793457031
435.621490478,51.99729919433594,-62.66859436035156
435.770904541,52.1750373840332,-62.62950134277344
435.970123291,52.42673873901367,-62.56443405151367
436.136138916,52.62588882446289,-62.50445556640625
436.285552978,52.823848724365234,-62.44062805175781
436.484771728,53.072715759277344,-62.3653678894043
436.634185791,53.243961334228516,-62.3226318359375
436.783599853,53.44461441040039,-62.28654098510742
436.982818603,53.692630767822266,-62.25209426879883
437.132232666,53.87393569946289,-62.23624801635742
437.331451416,54.13312530517578,-62.21577453613281
437.480865478,54.33945846557617,-62.20469284057617
437.630279541,54.51179885864258,-62.199520111083984
437.796295166,54.70473861694336,-62.198368072509766
437.945709228,54.90726852416992,-62.199344635009766
438.144927978,55.15156173706055,-62.186912536621094
438.294342041,55.33071517944336,-62.15534591674805
438.493560791,55.57801818847656,-62.089752197265625
438.642974853,55.74004364013672,-62.04126739501953
438.842193603,55.98228073120117,-61.96772003173828
438.991607666,56.1579475402832,-61.920223236083984
439.190826416,56.41243362426758,-61.86707305908203
439.340240478,56.61485290527344,-61.825584411621094
439.506256103,56.81137466430664,-61.78963851928711
439.705474853,57.064353942871094,-61.76250457763672
439.854888916,57.24622344970703,-61.755699157714844
440.004302978,57.45401382446289,-61.74647903442383
440.203521728,57.709197998046875,-61.727935791015625
440.352935791,57.8509635925293,-61.708351135253906
440.552154541,58.04190444946289,-61.67015838623047
440.701568603,58.23960876464844,-61.61516189575195
440.900787353,58.485042572021484,-61.53362274169922
441.050201416,58.651954650878906,-61.48527526855469
441.216217041,58.848392486572266,-61.43603515625
441.365631103,59.04569625854492,-61.39031219482422
441.564849853,59.298439025878906,-61.32932662963867
441.714263916,59.47728729248047,-61.29573440551758
441.913482666,59.72909927368164,-61.2588005065918
442.062896728,59.933860778808594,-61.23115158081055
442.212310791,60.10883712768555,-61.20783996582031
442.411529541,60.362945556640625,-61.167808532714844
442.560943603,60.56674575805664,-61.126380920410156
442.760162353,60.81303405761719,-61.062225341796875
442.926177978,61.0086555480957,-61.0154914855957
443.075592041,61.18272399902344,-60.98633575439453
443.274810791,61.41261291503906,-60.96546936035156
443.324615478,61.49053955078125,-60.962135314941406
443.523834228,61.74503707885742,-60.96327590942383
443.673248291,61.92430114746094,-60.962833404541016
443.822662353,62.12640380859375,-60.95051193237305
444.021881103,62.373191833496094,-60.91726303100586
444.171295166,62.54955291748047,-60.89401626586914
444.320709228,62.7481803894043,-60.872562408447266
444.470123291,62.81639862060547,-60.86631774902344
444.685943603,62.81639862060547,-60.86631774902344
444.835357666,62.81639862060547,-60.86631774902344
445.034576416,62.81639862060547,-60.86631774902344
445.183990478,62.81639862060547,-60.86631774902344
445.333404541,62.81639862060547,-60.86631774902344
445.532623291,62.81639862060547,-60.86631774902344
445.682037353,62.86624526977539,-60.86240768432617
445.881256103,63.1223258972168,-60.853065490722656
446.030670166,63.30002975463867,-60.844993591308594
446.229888916,63.552101135253906,-60.81142807006836
446.329498291,63.67863082885742,-60.781612396240234
446.545318603,63.95531463623047,-60.70923614501953
446.694732666,64.13094329833984,-60.66707992553711
446.893951416,64.38761901855469,-60.6262092590332
447.043365478,64.59069061279297,-60.60799026489258
447.242584228,64.84201049804688,-60.59284973144531
447.391998291,65.01844024658203,-60.58697509765625
447.591217041,65.27838134765625,-60.58125305175781
447.740631103,65.46138000488281,-60.580101013183594
447.890045166,65.46337890625,-60.58009338378906
448.056060791,65.5008773803711,-60.57991027832031
448.255279541,65.7588882446289,-60.57862854003906
448.404693603,65.80137634277344,-60.578426361083984
448.603912353,65.88887786865234,-60.577999114990234
448.753326416,66.07088470458984,-60.577091217041016
448.902740478,66.27478790283203,-60.57631301879883
449.101959228,66.5279312133789,-60.577457427978516
449.251373291,66.7044448852539,-60.57825469970703
449.400787353,66.91224670410156,-60.570343017578125
449.600006103,67.16718292236328,-60.53676223754883
449.766021728,67.36225891113281,-60.49374771118164
449.915435791,67.53617858886719,-60.4450798034668
450.114654541,67.77693939208984,-60.36689376831055
450.264068603,67.97247314453125,-60.30924987792969
450.463287353,68.22038269042969,-60.258460998535156
450.612701416,68.40100860595703,-60.23637771606445
450.762115478,68.60865020751953,-60.224700927734375
450.911529541,68.78651428222656,-60.225372314453125
451.110748291,69.03825378417969,-60.229698181152344
451.260162353,69.2462158203125,-60.2330207824707
451.426177978,69.4542236328125,-60.2331428527832
451.575592041,69.63076782226562,-60.23283767700195
451.774810791,69.88941192626953,-60.232383728027344
451.924224853,70.09741973876953,-60.232017517089844
452.123443603,70.35469818115234,-60.2315673828125
452.272857666,70.37895965576172,-60.23152160644531
452.422271728,70.37895965576172,-60.23152160644531
452.621490478,70.37895965576172,-60.23152160644531
452.820709228,70.37895965576172,-60.23152160644531
452.970123291,70.37895965576172,-60.23152160644531
453.136138916,70.47859191894531,-60.23134231567383
453.285552978,70.68113708496094,-60.23099136352539
453.484771728,70.94114685058594,-60.230533599853516
453.634185791,71.12315368652344,-60.2302131652832
453.833404541,71.37496948242188,-60.22977828979492
453.982818603,71.58024597167969,-60.22941970825195
454.182037353,71.84025573730469,-60.22896194458008
454.331451416,72.02226257324219,-60.228641510009766
454.530670166,72.27407836914062,-60.228206634521484
454.680084228,72.47935485839844,-60.227848052978516
454.846099853,72.68736267089844,-60.227481842041016
454.995513916,72.86527252197266,-60.2271728515625
455.194732666,73.11572265625,-60.226741790771484
455.344146728,73.32210540771484,-60.21757125854492
455.543365478,73.58076477050781,-60.191162109375
455.692779541,73.76202392578125,-60.17478942871094
455.891998291,74.01193237304688,-60.15892791748047
456.041412353,74.21842956542969,-60.1517219543457
456.240631103,74.47842407226562,-60.14912033081055
456.390045166,74.66040802001953,-60.15142059326172
456.556060791,74.8642578125,-60.15492248535156
456.705474853,75.06947326660156,-60.158447265625
456.904693603,75.32940673828125,-60.16291046142578
457.054107666,75.50453186035156,-60.16592025756836
457.253326416,75.7549057006836,-60.170223236083984
457.402740478,75.95738983154297,-60.173702239990234
457.552154541,76.13939666748047,-60.17460632324219
457.701568603,76.34740447998047,-60.17424011230469
457.900787353,76.5992202758789,-60.173805236816406
458.050201416,76.77439880371094,-60.17350387573242
458.216217041,76.97694396972656,-60.173152923583984
458.415435791,77.23695373535156,-60.17269515991211
458.564849853,77.43949890136719,-60.17234420776367
458.764068603,77.6954116821289,-60.171897888183594
458.913482666,77.8774185180664,-60.17157745361328
459.112701416,78.1374282836914,-60.171119689941406
459.262115478,78.33587646484375,-60.170780181884766
459.411529541,78.5083236694336,-60.17048645019531
459.610748291,78.75877380371094,-60.1700553894043
459.760162353,78.96541595458984,-60.16969299316406
459.926177978,79.17342376708984,-60.16932678222656
460.125396728,79.42387390136719,-60.16889572143555
460.274810791,79.6017837524414,-60.16858673095703
460.474029541,79.8617935180664,-60.168128967285156
460.673248291,80.1218032836914,-60.16767120361328
460.822662353,80.31888580322266,-60.167335510253906
461.021881103,80.5707015991211,-60.166900634765625
461.171295166,80.7499771118164,-60.166587829589844
461.370513916,81.0099868774414,-60.16613006591797
461.536529541,81.21253204345703,-60.16577911376953
461.685943603,81.41644287109375,-60.16542434692383
461.885162353,81.67645263671875,-60.16496658325195
462.034576416,81.85845947265625,-60.16464614868164
462.183990478,82.05963897705078,-60.16429901123047
462.383209228,82.3155517578125,-60.16385269165039
462.532623291,82.49755859375,-60.16353225708008
462.731842041,82.757568359375,-60.1630744934082
462.931060791,83.00938415527344,-60.16263961791992
463.080474853,83.21602630615234,-60.16227722167969
463.229888916,83.39803314208984,-60.161956787109375
463.445709228,83.67858123779297,-60.161468505859375
463.595123291,83.85785675048828,-60.161155700683594
463.744537353,84.061767578125,-60.16080093383789
463.943756103,84.32177734375,-60.160343170166016
464.093170166,84.50105285644531,-60.160030364990234
464.292388916,84.75423431396484,-60.15959167480469
464.441802978,84.96087646484375,-60.15922927856445
464.591217041,85.14288330078125,-60.15890884399414
464.790435791,85.40289306640625,-60.158451080322266
464.956451416,85.60543823242188,-60.15810012817383
465.155670166,85.8599853515625,-60.157657623291016
465.305084228,86.0679931640625,-60.157291412353516
465.454498291,86.24590301513672,-60.156982421875
465.653717041,86.49498748779297,-60.15655517578125
465.703521728,86.57299041748047,-60.15641784667969
465.902740478,86.83163452148438,-60.15596389770508
466.052154541,87.01364135742188,-60.155643463134766
466.201568603,87.22139739990234,-60.146583557128906
466.400787353,87.47127532958984,-60.11666488647461
466.550201416,87.64124298095703,-60.0748291015625
466.716217041,87.82815551757812,-59.9978141784668
466.865631103,87.98450469970703,-59.87890625
467.114654541,88.14530944824219,-59.616329193115234
467.313873291,88.19568634033203,-59.36211395263672
467.513092041,88.18586730957031,-59.1026496887207
467.712310791,88.15008544921875,-58.84513473510742
467.911529541,88.1196060180664,-58.59383010864258
468.110748291,88.09941101074219,-58.38050079345703
468.309967041,88.08924865722656,-58.1207275390625
468.525787353,88.08861541748047,-57.838836669921875
468.725006103,88.09375762939453,-57.63008499145508
468.924224853,88.10645294189453,-57.381370544433594
469.123443603,88.11360168457031,-57.165855407714844
469.272857666,88.11360168457031,-57.165855407714844
469.472076416,88.11360168457031,-57.165855407714844
469.671295166,88.11360168457031,-57.165855407714844
469.870513916,88.11360168457031,-57.165855407714844
470.086334228,88.11360168457031,-57.165855407714844
470.285552978,88.11360168457031,-57.165855407714844
470.484771728,88.11360168457031,-57.165855407714844
470.683990478,88.11360168457031,-57.165855407714844
470.883209228,88.11360168457031,-57.165855407714844
471.032623291,88.11360168457031,-57.165855407714844
471.231842041,88.11360168457031,-57.165855407714844
471.431060791,88.11360168457031,-57.165855407714844
471.630279541,88.11360168457031,-57.165855407714844
471.829498291,88.11360168457031,-57.165855407714844
472.045318603,88.11360168457031,-57.165855407714844
472.194732666,88.11360168457031,-57.165855407714844
472.393951416,88.11412048339844,-57.1158561706543
472.593170166,88.11679077148438,-56.86161422729492
472.792388916,88.11946105957031,-56.60847091674805
472.991607666,88.12217712402344,-56.35123062133789
473.141021728,88.12437438964844,-56.143253326416016
473.340240478,88.12710571289062,-55.884647369384766
473.556060791,88.12977600097656,-55.63150405883789
473.755279541,88.13252258300781,-55.37153244018555
473.904693603,88.13470458984375,-55.164920806884766
474.103912353,88.13616180419922,-54.91176986694336
474.253326416,88.13414001464844,-54.732521057128906
474.452545166,88.13108825683594,-54.47254943847656
474.651763916,88.1280517578125,-54.21394348144531
474.850982666,88.12509155273438,-53.96216583251953
475.000396728,88.12272644042969,-53.761016845703125
475.216217041,88.12191009521484,-53.69252014160156
475.365631103,88.12147521972656,-53.6550178527832
475.564849853,88.11848449707031,-53.400142669677734
475.764068603,88.11781311035156,-53.344146728515625
475.913482666,88.11766815185547,-53.33164596557617
476.112701416,88.11909484863281,-53.11452102661133
476.311920166,88.12257385253906,-52.8572883605957
476.511138916,88.12608337402344,-52.59731674194336
476.660552978,88.12881469726562,-52.39618682861328
476.876373291,88.13226318359375,-52.141693115234375
477.025787353,88.13507080078125,-51.9337158203125
477.225006103,88.13461303710938,-51.67782974243164
477.374420166,88.13314056396484,-51.50267791748047
477.573638916,88.13101959228516,-51.25090026855469
477.772857666,88.1288070678711,-50.990928649902344
477.972076416,88.12664031982422,-50.73505401611328
478.121490478,88.1249771118164,-50.53663635253906
478.320709228,88.1228256225586,-50.282127380371094
478.470123291,88.12127685546875,-50.10014724731445
478.685943603,88.1188735961914,-49.81690979003906
478.835357666,88.11747741699219,-49.64175796508789
479.034576416,88.11888885498047,-49.38174819946289
479.233795166,88.12079620361328,-49.12173843383789
479.383209228,88.1222915649414,-48.91920852661133
479.582427978,88.12320709228516,-48.79642105102539
479.731842041,88.12320709228516,-48.79642105102539
479.931060791,88.12480163574219,-48.57891845703125
480.130279541,88.12591552734375,-48.42913055419922
480.296295166,88.12591552734375,-48.42913055419922
480.495513916,88.12591552734375,-48.42913055419922
480.694732666,88.12628173828125,-48.37913131713867
480.893951416,88.12818908691406,-48.11912155151367
481.043365478,88.12971496582031,-47.91111373901367
481.242584228,88.131591796875,-47.65658187866211
481.441802978,88.1334228515625,-47.4102668762207
481.591217041,88.13473510742188,-47.23236846923828
481.790435791,88.13664245605469,-46.97235870361328
481.956451416,88.1371841430664,-46.76708984375
482.155670166,88.13665008544922,-46.51118850708008
482.305084228,88.13622283935547,-46.30318069458008
482.504302978,88.13568878173828,-46.04454040527344
482.703521728,88.1351547241211,-45.791378021240234
482.852935791,88.13478088378906,-45.61211013793945
483.052154541,88.13424682617188,-45.35210037231445
483.251373291,88.13371276855469,-45.09482955932617
483.450592041,88.1331787109375,-44.83892822265625
483.600006103,88.13275146484375,-44.63502883911133
483.815826416,88.13221740722656,-44.37501907348633
483.965240478,88.13179016113281,-44.172489166259766
484.164459228,88.13125610351562,-43.915218353271484
484.363677978,88.13072204589844,-43.655208587646484
484.562896728,88.13018798828125,-43.40204620361328
484.712310791,88.12981414794922,-43.2296257019043
484.911529541,88.12928009033203,-42.97920227050781
485.060943603,88.12885284423828,-42.77256393432617
485.260162353,88.1283187866211,-42.51255416870117
485.475982666,88.1277847290039,-42.25391387939453
485.625396728,88.12735748291016,-42.05001449584961
485.824615478,88.12682342529297,-41.79000473022461
486.023834228,88.12628936767578,-41.539581298828125
486.223052978,88.1257553100586,-41.29052734375
486.372467041,88.12538146972656,-41.11399841308594
486.571685791,88.12484741210938,-40.85398864746094
486.721099853,88.12442016601562,-40.64598083496094
486.920318603,88.12388610839844,-40.39555740356445
487.136138916,88.12335205078125,-40.14513397216797
487.285552978,88.1229248046875,-39.93849563598633
487.534576416,88.12228393554688,-39.633331298828125
487.683990478,88.12188720703125,-39.446041107177734
487.883209228,88.1218032836914,-39.40890884399414
488.032623291,88.12150573730469,-39.22990036010742
488.132232666,88.12286376953125,-39.09990692138672
488.331451416,88.12925720214844,-38.895484924316406
488.530670166,88.13516998291016,-38.685577392578125
488.729888916,88.12994384765625,-38.425750732421875
488.895904541,88.09770965576172,-38.24156951904297
489.095123291,88.03759002685547,-38.1021614074707
489.244537353,87.92642974853516,-37.93317794799805
489.393951416,87.8062515258789,-37.80029296875
489.593170166,87.73340606689453,-37.732879638671875
489.742584228,87.57099914550781,-37.603004455566406
489.941802978,87.36343383789062,-37.462982177734375
490.091217041,87.27466583251953,-37.405723571777344
490.290435791,87.07746887207031,-37.27787780761719
490.506256103,86.84162902832031,-37.12100601196289
490.655670166,86.69662475585938,-37.011085510253906
490.854888916,86.49826049804688,-36.84941864013672
491.004302978,86.33790588378906,-36.716957092285156
491.203521728,86.138671875,-36.55421447753906
491.402740478,85.93108367919922,-36.39768981933594
491.552154541,85.78665924072266,-36.29383087158203
491.751373291,85.578125,-36.14318084716797
491.900787353,85.40843200683594,-36.022891998291016
492.100006103,85.20008087158203,-35.87433624267578
492.266021728,85.0313949584961,-35.75265121459961
492.465240478,84.81975555419922,-35.60638427734375
492.614654541,84.67103576660156,-35.5014762878418
492.813873291,84.46302795410156,-35.35243225097656
492.963287353,84.29580688476562,-35.22877502441406
493.162506103,84.09004974365234,-35.06984329223633
493.311920166,83.94575500488281,-34.95893478393555
493.511138916,83.74254608154297,-34.8011589050293
493.710357666,83.53919982910156,-34.64356231689453
493.809967041,83.43619537353516,-34.5665168762207
494.025787353,83.20294952392578,-34.40103530883789
494.175201416,83.16779327392578,-34.37714385986328
494.374420166,82.97846221923828,-34.24481964111328
494.573638916,82.76832580566406,-34.091712951660156
494.723052978,82.6487808227539,-34.00546646118164
494.922271728,82.4931411743164,-33.8939094543457
495.121490478,82.28804779052734,-33.74552536010742
495.270904541,82.15589141845703,-33.650718688964844
495.470123291,82.07166290283203,-33.58973693847656
495.636138916,81.9024887084961,-33.468719482421875
495.835357666,81.69013977050781,-33.31868362426758
495.984771728,81.64601135253906,-33.28757095336914
496.183990478,81.45174407958984,-33.14833068847656
496.333404541,81.30485534667969,-33.043212890625
496.532623291,81.18746185302734,-32.95724868774414
496.682037353,81.06517791748047,-32.866966247558594
496.881256103,80.85797119140625,-32.716827392578125
497.080474853,80.64303588867188,-32.5705680847168
497.279693603,80.45075988769531,-32.44209671020508
497.445709228,80.25465393066406,-32.314422607421875
497.595123291,80.10684967041016,-32.215450286865234
497.794342041,79.89775085449219,-32.065677642822266
497.993560791,79.71800231933594,-31.892173767089844
498.142974853,79.61215209960938,-31.71388053894043
498.342193603,79.55525207519531,-31.466936111450195
498.491607666,79.55432891845703,-31.285104751586914
498.690826416,79.58734893798828,-31.027328491210938
498.890045166,79.62612915039062,-30.770252227783203
499.056060791,79.651611328125,-30.56520652770996
499.255279541,79.671142578125,-30.312881469726562
499.454498291,79.67644500732422,-30.0904541015625
499.653717041,79.6764907836914,-30.08745574951172
499.803131103,79.6764907836914,-30.08745574951172
500.002349853,79.6764907836914,-30.08745574951172
500.151763916,79.6764907836914,-30.08745574951172
500.350982666,79.6764907836914,-30.08745574951172
500.550201416,79.6764907836914,-30.08745574951172
500.766021728,79.6764907836914,-30.08745574951172
500.915435791,79.6764907836914,-30.08745574951172
501.114654541,79.6764907836914,-30.08745574951172
501.313873291,79.6764907836914,-30.08745574951172
501.513092041,79.67697143554688,-30.025693893432617
501.712310791,79.67559051513672,-29.773908615112305
501.911529541,79.6736831665039,-29.513917922973633
502.060943603,79.67298126220703,-29.305925369262695
502.260162353,79.67761993408203,-29.05965805053711
502.475982666,79.67774200439453,-28.809247970581055
502.675201416,79.6787109375,-28.54926300048828
502.824615478,79.68539428710938,-28.34137725830078
503.023834228,79.69957733154297,-28.08724594116211
503.223052978,79.7147445678711,-27.830425262451172
503.372467041,79.72555541992188,-27.648744583129883
503.571685791,79.7459487915039,-27.392301559448242
503.770904541,79.76930236816406,-27.142974853515625
503.970123291,79.79220581054688,-26.89086151123047
504.136138916,79.81377410888672,-26.683988571166992
504.335357666,79.84706115722656,-26.42890167236328
504.534576416,79.87982177734375,-26.179256439208984
504.733795166,79.90650177001953,-25.92339324951172
504.883209228,79.91514587402344,-25.715625762939453
505.082427978,79.91250610351562,-25.461116790771484
505.281646728,79.90910339355469,-25.210718154907227
505.480865478,79.90562438964844,-24.953481674194336
505.680084228,79.90211486816406,-24.693510055541992
505.846099853,79.89933776855469,-24.48826789855957
506.045318603,79.8988037109375,-24.233753204345703
506.244537353,79.90185546875,-23.97376251220703
506.493560791,79.9041976928711,-23.771615982055664
506.642974853,79.9041976928711,-23.771615982055664
506.842193603,79.9041976928711,-23.771615982055664
507.041412353,79.9041976928711,-23.771615982055664
507.240631103,79.9041976928711,-23.771615982055664
507.390045166,79.9041976928711,-23.771615982055664
507.605865478,79.9041976928711,-23.771615982055664
507.805084228,79.9041976928711,-23.771615982055664
508.004302978,79.9041976928711,-23.771615982055664
508.203521728,79.90657806396484,-23.567628860473633
508.402740478,79.90958404541016,-23.31037712097168
508.601959228,79.9124984741211,-23.058603286743164
508.801177978,79.91535186767578,-22.80545997619629
509.000396728,79.9147720336914,-22.54820442199707
509.216217041,79.91371154785156,-22.289581298828125
509.365631103,79.91290283203125,-22.089794158935547
509.564849853,79.91194915771484,-21.856168746948242
509.764068603,79.91090393066406,-21.60028076171875
509.963287353,79.90983581542969,-21.340290069580078
510.112701416,79.90919494628906,-21.18329429626465
510.361724853,79.9082260131836,-20.94803810119629
510.511138916,79.9074935913086,-20.768779754638672
510.610748291,79.9069595336914,-20.638784408569336
510.809967041,79.90594482421875,-20.391292572021484
511.025787353,79.90476989746094,-20.105302810668945
511.225006103,79.90371704101562,-19.848047256469727
511.424224853,79.90332794189453,-19.75554656982422
511.623443603,79.90232849121094,-19.512788772583008
511.822662353,79.90129089355469,-19.258268356323242
512.021850585,79.90022277832031,-18.99827766418457
512.171264648,79.89950561523438,-18.821754455566406
512.370483398,79.89850616455078,-18.574071884155273
512.536499023,79.897705078125,-18.375652313232422
512.735717773,79.89665985107422,-18.11976432800293
512.934936523,79.89559173583984,-17.859773635864258
513.134155273,79.89690399169922,-17.609363555908203
513.333374023,79.89986419677734,-17.35485076904297
513.532592773,79.90291595458984,-17.094860076904297
513.682006835,79.904052734375,-16.999370574951172
513.881225585,79.9070816040039,-16.74074935913086
514.080444335,79.9101333618164,-16.480758666992188
514.229858398,79.9113998413086,-16.37376594543457
514.445678710,79.91365051269531,-16.181278228759766
514.644897460,79.91592407226562,-15.925389289855957
514.844116210,79.91725158691406,-15.673600196838379
515.093139648,79.91682434082031,-15.373923301696777
515.242553710,79.91462707519531,-15.165938377380371
515.441772460,79.91191101074219,-14.908692359924316
515.640991210,79.90928649902344,-14.659651756286621
515.840209960,79.9066162109375,-14.406508445739746
516.056030273,79.90391540527344,-14.150629997253418
516.205444335,79.90176391601562,-13.946747779846191
516.454467773,79.89854431152344,-13.641608238220215
516.603881835,79.89763641357422,-13.555586814880371
516.803100585,79.89778900146484,-13.311087608337402
517.002319335,79.89832305908203,-13.051087379455566
517.201538085,79.89852142333984,-12.956585884094238
517.350952148,79.89869689941406,-12.869087219238281
517.550170898,79.89923095703125,-12.617298126220703
517.716186523,79.899658203125,-12.41203498840332
517.915405273,79.90019226074219,-12.160245895385742
518.114624023,79.90072631835938,-11.909825325012207
518.313842773,79.90126037597656,-11.6539306640625
518.513061523,79.90179443359375,-11.393930435180664
518.712280273,79.90232849121094,-11.136667251586914
518.911499023,79.90267181396484,-10.986509323120117
519.060913085,79.90657806396484,-10.794790267944336
519.260131835,79.92147827148438,-10.535268783569336
519.475952148,79.94053649902344,-10.402668952941895
519.675170898,79.96456146240234,-10.295328140258789
519.874389648,80.06488800048828,-10.065423965454102
520.023803710,80.15084838867188,-9.964442253112793
520.223022460,80.1611557006836,-9.95737361907959
520.422241210,80.3740234375,-9.839924812316895
520.621459960,80.61941528320312,-9.763982772827148
520.770874023,80.78878021240234,-9.731821060180664
520.970092773,81.03216552734375,-9.694051742553711
521.136108398,81.2050552368164,-9.668344497680664
521.335327148,81.45269775390625,-9.631195068359375
521.534545898,81.70220184326172,-9.597373008728027
521.733764648,81.94561767578125,-9.572027206420898
521.883178710,82.04074096679688,-9.563543319702148
522.082397460,82.2943344116211,-9.542097091674805
522.281616210,82.54708862304688,-9.527989387512207
522.431030273,82.58955383300781,-9.526354789733887
522.630249023,82.82050323486328,-9.52182674407959
522.796264648,83.02300262451172,-9.5192232131958
522.995483398,83.10587310791016,-9.514413833618164
523.194702148,83.23149871826172,-9.504837036132812
523.393920898,83.48748779296875,-9.479705810546875
523.543334960,83.6922378540039,-9.443519592285156
523.742553710,83.94047546386719,-9.387301445007324
523.941772460,84.19634246826172,-9.341540336608887
524.091186523,84.3759994506836,-9.323044776916504
524.290405273,84.62144470214844,-9.30232048034668
524.456420898,84.82088470458984,-9.290542602539062
524.655639648,85.07801055908203,-9.282707214355469
524.805053710,85.28601837158203,-9.281429290771484
525.004272460,85.53778839111328,-9.280475616455078
525.203491210,85.7645492553711,-9.278860092163086
525.352905273,85.87145233154297,-9.274490356445312
525.552124023,86.1278076171875,-9.253600120544434
525.701538085,86.33341217041016,-9.22217845916748
525.900756835,86.41828918457031,-9.208115577697754
526.050170898,86.58296203613281,-9.183551788330078
526.265991210,86.86375427246094,-9.163179397583008
526.415405273,87.04107666015625,-9.187135696411133
526.564819335,87.22913360595703,-9.261009216308594
526.764038085,87.43354034423828,-9.41147232055664
526.913452148,87.55706024169922,-9.544917106628418
527.062866210,87.6810531616211,-9.711886405944824
527.262084960,87.82610321044922,-9.917684555053711
527.411499023,87.9285888671875,-10.059730529785156
527.560913085,88.04894256591797,-10.224305152893066
527.760131835,88.05904388427734,-10.237343788146973
527.926147460,88.05904388427734,-10.237343788146973
528.075561523,88.05904388427734,-10.237343788146973
528.224975585,88.05904388427734,-10.237343788146973
528.424194335,88.05904388427734,-10.237343788146973
528.573608398,88.13520050048828,-10.33553409576416
528.772827148,88.29231262207031,-10.539246559143066
528.922241210,88.41622924804688,-10.704591751098633
529.071655273,88.5294189453125,-10.845352172851562
529.270874023,88.68754577636719,-11.043050765991211
529.420288085,88.81291961669922,-11.200363159179688
529.586303710,88.93494415283203,-11.360282897949219
529.785522460,89.09357452392578,-11.566275596618652
529.934936523,89.20196533203125,-11.705615043640137
530.134155273,89.25222778320312,-11.769139289855957
530.283569335,89.25222778320312,-11.769139289855957
530.432983398,89.25222778320312,-11.769139289855957
530.532592773,89.25222778320312,-11.769139289855957
530.682006835,89.25222778320312,-11.769139289855957
530.881225585,89.25222778320312,-11.769139289855957
531.030639648,89.25222778320312,-11.769139289855957
531.229858398,89.36598205566406,-11.921906471252441
531.395874023,89.48957824707031,-12.089158058166504
531.545288085,89.6175308227539,-12.253142356872559
