timestamp_sec,x,y
1.975401282,77.0999984741211,-6.199999809265137
2.174600124,77.0999984741211,-6.199999809265137
2.373798847,77.0999984741211,-6.199999809265137
2.523197889,77.0999984741211,-6.199999809265137
2.722396612,77.0999984741211,-6.199999809265137
2.871795654,77.0999984741211,-6.199999809265137
3.070994377,77.0999984741211,-6.199999809265137
3.220393419,77.0999984741211,-6.199999809265137
3.436192035,77.0999984741211,-6.199999809265137
3.635390758,77.0999984741211,-6.199999809265137
3.784789800,77.0999984741211,-6.199999809265137
3.983988523,77.0999984741211,-6.199999809265137
4.133389472,77.0999984741211,-6.199999809265137
4.332591056,77.0999984741211,-6.199999809265137
4.531792640,77.0999984741211,-6.199999809265137
4.681193828,77.0999984741211,-6.199999809265137
4.880395412,77.0999984741211,-6.199999809265137
5.046396732,77.0999984741211,-6.199999809265137
5.245598316,77.0999984741211,-6.199999809265137
5.394999504,77.0999984741211,-6.199999809265137
5.594201087,77.0999984741211,-6.199999809265137
5.743602275,77.0999984741211,-6.199999809265137
5.942803859,77.0999984741211,-6.199999809265137
6.142005443,77.0999984741211,-6.199999809265137
6.291406631,77.0999984741211,-6.199999809265137
6.440807819,77.0999984741211,-6.199999809265137
6.640009403,77.0999984741211,-6.199999809265137
6.806010723,77.0999984741211,-6.199999809265137
6.955411911,77.0999984741211,-6.199999809265137
7.154613494,77.0999984741211,-6.199999809265137
7.353815078,77.0999984741211,-6.199999809265137
7.503216266,77.0999984741211,-6.199999809265137
7.652617454,77.0999984741211,-6.199999809265137
7.851819038,77.0999984741211,-6.199999809265137
8.001219749,77.0999984741211,-6.199999809265137
8.200415611,77.0999984741211,-6.199999809265137
8.349812507,77.0999984741211,-6.199999809265137
8.515809059,77.0999984741211,-6.199999809265137
8.715004920,77.0999984741211,-6.199999809265137
8.864401817,77.0999984741211,-6.199999809265137
9.013798713,77.0999984741211,-6.199999809265137
9.212994575,77.0999984741211,-6.199999809265137
9.362391471,77.0999984741211,-6.199999809265137
9.511788368,77.0999984741211,-6.199999809265137
9.710984230,77.0999984741211,-6.199999809265137
9.860381126,77.0999984741211,-6.199999809265137
10.009778022,77.0999984741211,-6.199999809265137
10.175774574,77.0999984741211,-6.199999809265137
10.374970436,77.0999984741211,-6.199999809265137
10.524367332,77.0999984741211,-6.199999809265137
10.673764228,77.0999984741211,-6.199999809265137
10.823161125,77.0999984741211,-6.199999809265137
11.022356986,77.0999984741211,-6.199999809265137
11.171753883,77.0999984741211,-6.199999809265137
11.321150779,77.0999984741211,-6.199999809265137
11.520346641,77.0999984741211,-6.199999809265137
11.686343193,77.0999984741211,-6.199999809265137
11.835740089,77.0999984741211,-6.199999809265137
11.985136985,77.0999984741211,-6.199999809265137
12.184332847,77.0999984741211,-6.199999809265137
12.333729743,77.0999984741211,-6.199999809265137
12.483126640,77.0999984741211,-6.199999809265137
12.682322502,77.0999984741211,-6.199999809265137
12.831719398,77.03714752197266,-6.218647003173828
13.030915260,76.7974853515625,-6.191127777099609
13.230111122,76.59735870361328,-6.0291852951049805
13.445906639,76.45635223388672,-5.787611961364746
13.645102500,76.34941101074219,-5.550642013549805
13.844298362,76.23399353027344,-5.3315749168396
14.043494224,76.0934066772461,-5.122936725616455
14.242690086,76.0785140991211,-5.103786945343018
14.441885948,76.0785140991211,-5.103786945343018
14.690880775,76.0785140991211,-5.103786945343018
14.890076637,76.0785140991211,-5.103786945343018
15.105872154,76.0785140991211,-5.103786945343018
15.305068016,76.0785140991211,-5.103786945343018
15.504263877,76.0785140991211,-5.103786945343018
15.703459739,76.07304382324219,-5.103967189788818
15.902655601,76.04900360107422,-5.1129889488220215
16.101852416,75.90626525878906,-5.298404693603516
16.251249313,75.87169647216797,-5.47602653503418
16.400646209,75.90313720703125,-5.678088665008545
16.550043106,75.9659194946289,-5.845868110656738
16.765838623,76.08422088623047,-6.106248378753662
16.915235519,76.15196990966797,-6.267744064331055
17.114431381,76.2305908203125,-6.506842613220215
17.263828277,76.27644348144531,-6.699844837188721
17.413225173,76.30773162841797,-6.870790481567383
17.612421035,76.34549713134766,-7.121091365814209
17.761817932,76.37142944335938,-7.327469348907471
17.911214828,76.39299011230469,-7.508185386657715
18.110410690,76.426025390625,-7.760555267333984
18.276407241,76.44921112060547,-7.96174955368042
18.425804138,76.47651672363281,-8.167946815490723
18.575201034,76.50035858154297,-8.348374366760254
18.774396896,76.54168701171875,-8.602293968200684
18.923793792,76.57543182373047,-8.803375244140625
19.073190689,76.6042251586914,-8.977537155151367
19.272386550,76.64437103271484,-9.233038902282715
19.421783447,76.67542266845703,-9.438706398010254
19.571180343,76.7035903930664,-9.618515968322754
19.770376205,76.7415542602539,-9.87019157409668
19.919773101,76.76847076416016,-10.044654846191406
20.085769653,76.80274200439453,-10.269208908081055
20.235166549,76.8331527709961,-10.448652267456055
20.434362411,76.87398529052734,-10.705428123474121
20.583759307,76.90513610839844,-10.906930923461914
20.733156204,76.93000793457031,-11.083074569702148
20.882553100,76.9585189819336,-11.289105415344238
21.081748962,76.96234130859375,-11.318861961364746
21.231145858,76.97049713134766,-11.392671585083008
21.380542755,76.98318481445312,-11.60025691986084
21.529939651,76.99073791503906,-11.780732154846191
21.745735168,76.99701690673828,-12.058441162109375
21.895132064,77.00811767578125,-12.23869800567627
22.094327926,77.03704833984375,-12.497075080871582
22.243724822,77.06495666503906,-12.699045181274414
22.393121719,77.09088897705078,-12.873651504516602
22.542518615,77.12450408935547,-13.071979522705078
22.741714477,77.1650161743164,-13.321874618530273
22.891111373,77.19434356689453,-13.501493453979492
23.090307235,77.23504638671875,-13.758280754089355
23.256303787,77.26717376708984,-13.961008071899414
23.405700683,77.29975891113281,-14.165054321289062
23.555097579,77.32746124267578,-14.344929695129395
23.754293441,77.36713409423828,-14.600496292114258
23.903690338,77.3958969116211,-14.800963401794434
24.102886199,77.43341827392578,-15.047170639038086
24.252283096,77.45858001708984,-15.22050666809082
24.401679992,77.48986053466797,-15.424752235412598
24.600875854,77.52628326416016,-15.682182312011719
24.750272750,77.55162811279297,-15.862404823303223
24.899669647,77.57481384277344,-16.03877830505371
25.065666198,77.60552978515625,-16.26522445678711
25.165264129,77.62320709228516,-16.39401626586914
25.314661026,77.64710235595703,-16.574440002441406
25.513856887,77.68245697021484,-16.827878952026367
25.663253784,77.70834350585938,-17.025978088378906
25.812650680,77.73416900634766,-17.201988220214844
26.011846542,77.7708511352539,-17.455223083496094
26.161243438,77.80486297607422,-17.660417556762695
26.310640335,77.83216094970703,-17.84035873413086
26.509836196,77.86923217773438,-18.086631774902344
26.675832748,77.8954849243164,-18.287450790405273
26.825229644,77.92317199707031,-18.493593215942383
26.974626541,77.94706726074219,-18.67401695251465
27.173822402,77.98355865478516,-18.92729377746582
27.323219299,78.0108413696289,-19.133495330810547
27.472616195,78.03715515136719,-19.312198638916016
27.671812057,78.07147216796875,-19.56992530822754
27.821208953,78.09761047363281,-19.773523330688477
27.970605850,78.11856842041016,-19.94879913330078
28.169801712,78.15150451660156,-20.19980239868164
28.335798263,78.1764907836914,-20.40215492248535
28.485195159,78.19921875,-20.608909606933594
28.634592056,78.22138214111328,-20.785417556762695
28.833787918,78.24987030029297,-21.035587310791016
28.983184814,78.27654266357422,-21.239107131958008
29.132581710,78.2975845336914,-21.419883728027344
29.281978607,78.32657623291016,-21.625837326049805
29.481174468,78.36354064941406,-21.879047393798828
29.630571365,78.3904800415039,-22.050737380981445
29.779968261,78.41645812988281,-22.226722717285156
29.945964813,78.42951202392578,-22.325387954711914
30.145160675,78.42951202392578,-22.325387954711914
30.294557571,78.43885803222656,-22.399803161621094
30.443954467,78.45851135253906,-22.59722137451172
30.643150329,78.47346496582031,-22.845821380615234
30.792547225,78.48373413085938,-23.023414611816406
30.991743087,78.49742889404297,-23.281665802001953
31.141139984,78.5186767578125,-23.488574981689453
31.290536880,78.53876495361328,-23.66533088684082
31.506332397,78.57683563232422,-23.943256378173828
31.655729293,78.60197448730469,-24.122129440307617
31.805126190,78.63338470458984,-24.327743530273438
32.004322052,78.66857147216797,-24.577062606811523
32.153736114,78.69310760498047,-24.75049591064453
32.303150177,78.71980285644531,-24.95539093017578
32.502368927,78.75283813476562,-25.21051597595215
32.651782989,78.77549743652344,-25.391096115112305
32.851001739,78.80607604980469,-25.64515495300293
33.000415802,78.83063507080078,-25.8420467376709
33.149829864,78.85063171386719,-26.013301849365234
33.315845489,78.8774185180664,-26.214048385620117
33.515064239,78.90938568115234,-26.47207260131836
33.664478302,78.93817901611328,-26.67392349243164
33.813892364,78.96053314208984,-26.847646713256836
34.013111114,78.99079895019531,-27.10174560546875
34.162525177,79.01416778564453,-27.308427810668945
34.361743927,79.04090881347656,-27.56704330444336
34.511157989,79.0611572265625,-27.74240493774414
34.710376739,79.08738708496094,-27.992822647094727
34.876392364,79.11251831054688,-28.192399978637695
35.025806427,79.13611602783203,-28.393543243408203
35.225025177,79.16497802734375,-28.65192985534668
35.374439239,79.1870346069336,-28.82569122314453
35.523853302,79.20770263671875,-29.021652221679688
35.723072052,79.23670959472656,-29.270376205444336
35.872486114,79.2567138671875,-29.443008422851562
36.071704864,79.28214263916016,-29.701757431030273
36.221118927,79.30512237548828,-29.908489227294922
36.370532989,79.32154846191406,-30.084247589111328
36.569751739,79.34376525878906,-30.335037231445312
36.735767364,79.3663558959961,-30.53630256652832
36.885181427,79.38621520996094,-30.74334716796875
37.084400177,79.41297912597656,-30.996456146240234
37.233814239,79.43251037597656,-31.171899795532227
37.383228302,79.45133972167969,-31.37491798400879
37.532642364,79.46929931640625,-31.554651260375977
37.731861114,79.49742889404297,-31.813121795654297
37.881275177,79.51576232910156,-32.01618957519531
38.030689239,79.53495788574219,-32.19166564941406
38.229907989,79.54686737060547,-32.299007415771484
38.395923614,79.54686737060547,-32.299007415771484
38.545337677,79.54686737060547,-32.299007415771484
38.744556427,79.55267333984375,-32.343780517578125
38.893970489,79.55915069580078,-32.36603546142578
39.093189239,79.66602325439453,-32.466896057128906
39.292407989,79.9011001586914,-32.534523010253906
39.491626739,80.15240478515625,-32.49990463256836
39.690845489,80.40320587158203,-32.43146896362305
39.840259552,80.60619354248047,-32.38627243041992
40.056079864,80.85967254638672,-32.35181427001953
40.205493927,81.06464385986328,-32.34181594848633
40.404712677,81.32111358642578,-32.358943939208984
40.603931427,81.570556640625,-32.409141540527344
40.803150177,81.8193359375,-32.479671478271484
40.952564239,81.99046325683594,-32.52825164794922
41.151782989,82.22587585449219,-32.584991455078125
41.301197052,82.2982177734375,-32.59806823730469
41.500415802,82.33511352539062,-32.604740142822266
41.716236114,82.57444763183594,-32.685691833496094
41.865650177,82.72044372558594,-32.825504302978516
42.064868927,82.81694793701172,-33.05398941040039
42.214282989,82.86304473876953,-33.23005294799805
42.413501739,82.94209289550781,-33.470367431640625
42.562915802,83.03034210205078,-33.65251159667969
42.762134552,83.17198944091797,-33.86202621459961
42.911548614,83.28779602050781,-34.00242233276367
43.110767364,83.45694732666016,-34.19444274902344
43.309986114,83.62786102294922,-34.38490295410156
43.476001739,83.76094818115234,-34.542930603027344
43.625415802,83.8896713256836,-34.706298828125
43.824634552,84.04662322998047,-34.911842346191406
44.023853302,84.20219421386719,-35.120155334472656
44.173267364,84.30883026123047,-35.26594924926758
44.372486114,84.46125793457031,-35.474884033203125
44.521900177,84.57689666748047,-35.6378059387207
44.721118927,84.72319793701172,-35.84775924682617
44.820728302,84.79450988769531,-35.94816970825195
44.970142364,84.8944320678711,-36.088680267333984
45.136157989,85.01820373535156,-36.25581741333008
45.335376739,85.1762466430664,-36.46224594116211
45.534595489,85.33358001708984,-36.66576385498047
45.684009552,85.45742797851562,-36.82600402832031
45.883228302,85.61160278320312,-37.028507232666016
46.032642364,85.72447204589844,-37.17127227783203
46.182056427,85.85122680664062,-37.330970764160156
46.381275177,86.01069641113281,-37.53629684448242
46.580493927,86.16349029541016,-37.7432746887207
46.729907989,86.19066619873047,-37.781036376953125
46.895923614,86.32772827148438,-37.93422317504883
47.095142364,86.55919647216797,-38.045475006103516
47.294361114,86.81405639648438,-38.02727508544922
47.493579864,87.06167602539062,-37.94819641113281
47.692798614,87.31381225585938,-37.886962890625
47.892017364,87.57206726074219,-37.904415130615234
48.041431427,87.76687622070312,-37.975624084472656
48.240650177,87.9720458984375,-38.12468719482422
48.390064239,88.0914077758789,-38.261863708496094
48.605884552,88.247314453125,-38.499786376953125
48.805103302,88.37921142578125,-38.723854064941406
48.954517364,88.47058868408203,-38.8732795715332
49.153736114,88.60903930664062,-39.08845138549805
49.352954864,88.76172637939453,-39.29545593261719
49.502368927,88.88409423828125,-39.449893951416016
49.701587677,89.05127716064453,-39.647216796875
49.900806427,89.22150421142578,-39.8419189453125
50.050220489,89.3294448852539,-39.971065521240234
50.266040802,89.51000213623047,-40.1928596496582
50.415454864,89.62184143066406,-40.33644104003906
50.614673614,89.77934265136719,-40.54157638549805
50.764087677,89.90534210205078,-40.70708465576172
50.963306427,90.06277465820312,-40.91402053833008
51.112720489,90.17134094238281,-41.060089111328125
51.311939239,90.32482147216797,-41.269962310791016
51.511157989,90.47465515136719,-41.47909927368164
51.660572052,90.57249450683594,-41.61873245239258
51.859790802,90.57363891601562,-41.62038040161133
52.025806427,90.57363891601562,-41.62038040161133
52.225025177,90.60868835449219,-41.67168426513672
52.374439239,90.70735931396484,-41.821346282958984
52.573657989,90.84302520751953,-42.03507995605469
52.772876739,90.98509216308594,-42.24459457397461
52.922290802,91.106201171875,-42.413692474365234
53.121509552,91.25597381591797,-42.616085052490234
53.270923614,91.36222076416016,-42.75704574584961
53.470142364,91.51921081542969,-42.96084976196289
53.636157989,91.64093780517578,-43.12270736694336
53.835376739,91.79560089111328,-43.331695556640625
53.984790802,91.92401123046875,-43.49531173706055
54.184009552,92.08338928222656,-43.70072555541992
54.383228302,92.12506103515625,-43.75509262084961
54.532642364,92.12506103515625,-43.75509262084961
54.731861114,92.12506103515625,-43.75509262084961
54.881275177,92.14019775390625,-43.774986267089844
55.080493927,92.26283264160156,-43.99288558959961
55.229907989,92.28245544433594,-44.16584777832031
55.395923614,92.23432922363281,-44.357662200927734
55.595142364,92.11380767822266,-44.581356048583984
55.794361114,91.98594665527344,-44.80134582519531
55.943775177,91.90292358398438,-44.987464904785156
56.142993927,91.82527923583984,-45.229644775390625
56.292407989,91.78740692138672,-45.4034309387207
56.491626739,91.74152374267578,-45.65656661987305
56.690845489,91.69739532470703,-45.912784576416016
56.840259552,91.65675354003906,-46.11676788330078
57.006275177,91.61216735839844,-46.31993103027344
57.205493927,91.55047607421875,-46.56827163696289
57.404712677,91.48486328125,-46.819854736328125
57.554126739,91.43933868408203,-46.99607467651367
57.753345489,91.3764419555664,-47.24835205078125
57.902759552,91.32444763183594,-47.44974899291992
58.101978302,91.25884246826172,-47.69425964355469
58.301197052,91.18973541259766,-47.940650939941406
58.450611114,91.142578125,-48.10649490356445
58.649829864,91.07292175292969,-48.34845733642578
58.815845489,91.01932525634766,-48.540916442871094
59.015064239,90.95452117919922,-48.792701721191406
59.164478302,90.90442657470703,-48.99458694458008
59.363697052,90.83958435058594,-49.246376037597656
59.562915802,90.77651977539062,-49.49297332763672
59.712329864,90.73172760009766,-49.669376373291016
59.911548614,90.66587829589844,-49.920902252197266
60.060962677,90.61795043945312,-50.1233024597168
60.260181427,90.55553436279297,-50.37568664550781
60.426197052,90.50305938720703,-50.576969146728516
60.625415802,90.43898010253906,-50.81764221191406
60.774829864,90.39241790771484,-50.98508071899414
60.974048614,90.36936950683594,-51.067962646484375
61.123462677,90.36936950683594,-51.067962646484375
61.322681427,90.36936950683594,-51.067962646484375
61.521900177,90.36936950683594,-51.067962646484375
61.671314239,90.31664276123047,-51.073455810546875
61.870532989,90.20309448242188,-51.026771545410156
62.086353302,90.05738067626953,-50.80515670776367
62.235767364,90.03987121582031,-50.62487030029297
62.434986114,90.08468627929688,-50.36919403076172
62.634204864,90.15363311767578,-50.11850357055664
62.833423614,90.20833587646484,-49.872802734375
63.032642364,90.2276382446289,-49.61802673339844
63.231861114,90.19895935058594,-49.36005783081055
63.431079864,90.13651275634766,-49.11481475830078
63.580493927,90.0766372680664,-48.915626525878906
63.796314239,90.00566864013672,-48.66693878173828
63.995532989,89.94412994384766,-48.41998291015625
64.144943237,89.90412902832031,-48.21586990356445
64.344161987,89.86101531982422,-47.96085739135742
64.493576049,89.83378601074219,-47.78783416748047
64.692794799,89.79600524902344,-47.53891372680664
64.792404174,89.77494049072266,-47.4106330871582
64.991622924,89.72891998291016,-47.15473556518555
65.190841674,89.68325805664062,-46.90017318725586
65.390060424,89.63101196289062,-46.64830017089844
65.556076049,89.58464050292969,-46.44833755493164
65.755294799,89.52814483642578,-46.198768615722656
65.954513549,89.47408294677734,-45.9444580078125
66.103927612,89.43260955810547,-45.7434196472168
66.303146362,89.38211822509766,-45.49116134643555
66.502365112,89.33629608154297,-45.24219512939453
66.701583862,89.29286193847656,-44.99001693725586
66.850997924,89.26200103759766,-44.81204605102539
67.050216674,89.21220397949219,-44.55686950683594
67.266036987,89.15425872802734,-44.28240203857422
67.415451049,89.11791229248047,-44.106868743896484
67.614669799,89.06504821777344,-43.8523063659668
67.813888549,89.01519012451172,-43.597129821777344
68.013107299,88.96856689453125,-43.34551239013672
68.212326049,88.92084503173828,-43.0941047668457
68.411544799,88.87102508544922,-42.841712951660156
68.560958862,88.83281707763672,-42.637245178222656
68.760177612,88.78827667236328,-42.38804244995117
68.926193237,88.74966430664062,-42.183650970458984
69.125411987,88.70037841796875,-41.92976760864258
69.324630737,88.64937591552734,-41.67482376098633
69.474044799,88.61206817626953,-41.49669647216797
69.673263549,88.5612564086914,-41.251502990722656
69.872482299,88.51219940185547,-41.010135650634766
70.071701049,88.46435546875,-40.75735092163086
70.221115112,88.42869567871094,-40.556602478027344
70.420333862,88.38306427001953,-40.30064010620117
70.636154174,88.33563995361328,-40.047786712646484
70.835372924,88.28981018066406,-39.797420501708984
70.984786987,88.2510986328125,-39.598628997802734
71.184005737,88.20122528076172,-39.34346008300781
71.383224487,88.15071868896484,-39.093990325927734
71.582443237,88.10260772705078,-38.838470458984375
71.781661987,88.0512924194336,-38.583621978759766
71.931076049,88.00340270996094,-38.41377258300781
72.130294799,87.90142822265625,-38.18252944946289
72.329513549,87.73970031738281,-37.99527359008789
72.495529174,87.56584167480469,-37.895355224609375
72.694747924,87.31954193115234,-37.84099578857422
72.893966674,87.0779800415039,-37.85198974609375
73.043380737,86.88221740722656,-37.88422775268555
73.242599487,86.62604522705078,-37.92854690551758
73.392013549,86.44550323486328,-37.951324462890625
73.541427612,86.24622344970703,-37.96554183959961
73.740646362,85.99603271484375,-37.976043701171875
73.890060424,85.8208999633789,-37.97870635986328
74.105880737,85.53630065917969,-37.97491455078125
74.255294799,85.3572006225586,-37.967464447021484
74.454513549,85.10993194580078,-37.95331573486328
74.603927612,84.90911865234375,-37.94176483154297
74.803146362,84.6520767211914,-37.93148422241211
75.002365112,84.39208984375,-37.928775787353516
75.151779174,84.21145629882812,-37.92808532714844
75.350997924,83.9610595703125,-37.927120208740234
75.500411987,83.75579833984375,-37.926334381103516
75.716232299,83.49578857421875,-37.92534255981445
75.865646362,83.29052734375,-37.924556732177734
76.064865112,83.03326416015625,-37.9235725402832
76.264083862,82.77325439453125,-37.92258071899414
76.413497924,82.593994140625,-37.92189407348633
76.612716674,82.34220886230469,-37.922115325927734
76.762130737,82.13969421386719,-37.92454147338867
76.961349487,81.87968444824219,-37.927669525146484
77.160568237,81.62104797363281,-37.93077850341797
77.309982299,81.44728088378906,-37.93285369873047
77.525802612,81.16539001464844,-37.93623733520508
77.675216674,80.98338317871094,-37.93842697143555
77.874435424,80.73300170898438,-37.94214630126953
78.023849487,80.52833557128906,-37.95724105834961
78.173263549,80.35568237304688,-37.98606872558594
78.372482299,80.11248779296875,-38.072166442871094
78.521896362,79.94892883300781,-38.1947021484375
78.721115112,79.82083892822266,-38.39664840698242
78.870529174,79.78060913085938,-38.57368850708008
79.069747924,79.78189849853516,-38.83319091796875
79.235763549,79.81187438964844,-39.027889251708984
79.385177612,79.84866333007812,-39.22285842895508
79.534591674,79.87672424316406,-39.3957405090332
79.733810424,79.89948272705078,-39.6505241394043
79.883224487,79.90628814697266,-39.85840606689453
80.032638549,79.9079360961914,-40.04039764404297
80.231857299,79.90486907958984,-40.24900436401367
80.381271362,79.90484619140625,-40.250003814697266
80.530685424,79.90484619140625,-40.250003814697266
80.729904174,79.90484619140625,-40.250003814697266
80.895919799,79.90484619140625,-40.250003814697266
81.045333862,79.90484619140625,-40.250003814697266
81.244552612,79.90484619140625,-40.250003814697266
81.443771362,79.90484619140625,-40.250003814697266
81.593185424,79.90484619140625,-40.250003814697266
81.792404174,79.76848602294922,-40.238765716552734
81.991622924,79.60993194580078,-40.10435104370117
82.141036987,79.54010772705078,-39.9189338684082
82.340255737,79.54743194580078,-39.66282653808594
82.506271362,79.58367156982422,-39.458030700683594
82.705490112,79.63459014892578,-39.203067779541016
82.904708862,79.68083953857422,-38.95840072631836
83.103927612,79.6947021484375,-38.712730407714844
83.303146362,79.6697769165039,-38.45825958251953
83.452560424,79.63587188720703,-38.283653259277344
83.651779174,79.5776138305664,-38.03026580810547
83.850997924,79.5190200805664,-37.776954650878906
84.050216674,79.46363067626953,-37.527130126953125
84.216232299,79.42144012451172,-37.32904052734375
84.415451049,79.37081909179688,-37.078208923339844
84.614669799,79.32140350341797,-36.822967529296875
84.714279174,79.2973403930664,-36.69522476196289
84.913497924,79.2503433227539,-36.44648361206055
85.112716674,79.20037841796875,-36.19552993774414
85.311935424,79.14956665039062,-35.95451354980469
85.511154174,79.10035705566406,-35.70201873779297
85.660568237,79.06009674072266,-35.497962951660156
85.876388549,79.01204681396484,-35.242462158203125
86.075607299,78.96736907958984,-34.997459411621094
86.225021362,78.93301391601562,-34.80065155029297
86.424240112,78.88392639160156,-34.548126220703125
86.623458862,78.83271789550781,-34.29322052001953
86.822677612,78.77999114990234,-34.03862380981445
86.972091674,78.7424545288086,-33.86193084716797
87.171310424,78.69146728515625,-33.615360260009766
87.370529174,78.64176177978516,-33.361568450927734
87.536544799,78.60384368896484,-33.159847259521484
87.735763549,78.55387115478516,-32.90471267700195
87.934982299,78.50299072265625,-32.65672302246094
88.134201049,78.45069885253906,-32.4034309387207
88.333419799,78.39869689941406,-32.14868927001953
88.482833862,78.35828399658203,-31.944658279418945
88.731857299,78.299072265625,-31.643903732299805
88.881271362,78.26053619384766,-31.44368553161621
89.080490112,78.21318054199219,-31.193605422973633
89.296310424,78.16358184814453,-30.938383102416992
89.445724487,78.1250228881836,-30.736774444580078
89.644943237,78.07950592041016,-30.491912841796875
89.844161987,78.03080749511719,-30.24208641052246
90.043380737,77.9813232421875,-29.9896297454834
90.242599487,77.93351745605469,-29.73406410217285
90.441818237,77.88264465332031,-29.47909927368164
90.641036987,77.83177185058594,-29.236692428588867
90.840255737,77.78324890136719,-28.995195388793945
91.006271362,77.74374389648438,-28.80074119567871
91.205490112,77.69432830810547,-28.54548454284668
91.404708862,77.64714813232422,-28.289796829223633
91.603927612,77.59900665283203,-28.03986358642578
91.753341674,77.56388092041016,-27.869653701782227
91.952560424,77.51580047607422,-27.623884201049805
92.151779174,77.46912384033203,-27.372283935546875
92.350997924,77.42028045654297,-27.11691665649414
92.550216674,77.36811065673828,-26.862205505371094
92.716232299,77.3283920288086,-26.66082191467285
92.915451049,77.27994537353516,-26.412343978881836
93.114669799,77.23294830322266,-26.156631469726562
93.313888549,77.1880874633789,-25.903308868408203
93.513107299,77.14252471923828,-25.647336959838867
93.712326049,77.093505859375,-25.396183013916016
93.911544799,77.04350280761719,-25.148012161254883
94.060958862,77.00053405761719,-24.945899963378906
94.260177612,76.9467544555664,-24.6915283203125
94.475997924,76.89632415771484,-24.439258575439453
94.675216674,76.84859466552734,-24.18646240234375
94.874435424,76.8019027709961,-23.93069076538086
95.073654174,76.75497436523438,-23.674959182739258
95.272872924,76.70574188232422,-23.426633834838867
95.472091674,76.65966796875,-23.18048095703125
95.671310424,76.61309051513672,-22.93025016784668
95.870529174,76.5647964477539,-22.67477798461914
96.086349487,76.51116180419922,-22.393856048583984
96.285568237,76.45747375488281,-22.142261505126953
96.434982299,76.41915893554688,-21.96434211730957
96.634201049,76.3696517944336,-21.709104537963867
96.833419799,76.32328796386719,-21.453269958496094
97.032638549,76.27653503417969,-21.20029067993164
97.231857299,76.22810363769531,-20.95598602294922
97.431076049,76.18094635009766,-20.704469680786133
97.630294799,76.13490295410156,-20.448579788208008
97.796310424,76.09769439697266,-20.24393081665039
98.045333862,76.03691864013672,-19.917003631591797
98.244552612,75.98925018310547,-19.661407470703125
98.393966674,75.9561767578125,-19.482437133789062
98.642990112,75.89215087890625,-19.156129837036133
98.792404174,75.85907745361328,-18.97715950012207
98.991622924,75.8102035522461,-18.725976943969727
99.190841674,75.7614974975586,-18.470579147338867
99.390060424,75.71014404296875,-18.215713500976562
99.605880737,75.6546401977539,-17.9421329498291
99.805099487,75.60694122314453,-17.689329147338867
100.004318237,75.55967712402344,-17.433656692504883
100.203536987,75.5133056640625,-17.183385848999023
100.402755737,75.47003173828125,-16.935338973999023
100.601974487,75.42681121826172,-16.68034553527832
100.801193237,75.38101196289062,-16.42441177368164
100.950607299,75.34577178955078,-16.245859146118164
101.149826049,75.31124877929688,-16.076854705810547
101.365646362,75.31124877929688,-16.076854705810547
101.515060424,75.31124877929688,-16.076854705810547
101.714279174,75.31124877929688,-16.076854705810547
101.913497924,75.31124877929688,-16.076854705810547
102.112716674,75.3062973022461,-16.052349090576172
102.311935424,75.26985931396484,-15.800786972045898
102.511154174,75.24192810058594,-15.542296409606934
102.710372924,75.2139892578125,-15.283812522888184
102.926193237,75.1778564453125,-15.005637168884277
103.125411987,75.13119506835938,-14.761024475097656
103.324630737,75.07579040527344,-14.515411376953125
103.523849487,75.01641845703125,-14.262284278869629
103.723068237,74.96094512939453,-14.008269309997559
103.922286987,74.90904998779297,-13.754900932312012
104.121505737,74.86087799072266,-13.502191543579102
104.320724487,74.8123779296875,-13.255122184753418
104.470138549,74.77626037597656,-13.076744079589844
104.636154174,74.73310089111328,-12.873270988464355
104.835372924,74.67906951904297,-12.627341270446777
105.034591674,74.62733459472656,-12.382318496704102
105.233810424,74.57414245605469,-12.136210441589355
105.433029174,74.5198745727539,-11.890336990356445
105.632247924,74.46302032470703,-11.639432907104492
105.831466674,74.40521240234375,-11.388750076293945
106.030685424,74.34043884277344,-11.136983871459961
106.229904174,74.26634216308594,-10.892062187194824
106.395919799,74.20179748535156,-10.698657989501953
106.595138549,74.11250305175781,-10.454483032226562
106.794357299,74.01641845703125,-10.2173433303833
106.993576049,73.90120697021484,-9.992095947265625
107.192794799,73.74763488769531,-9.793435096740723
107.392013549,73.54290008544922,-9.643649101257324
107.591232299,73.30076599121094,-9.550519943237305
107.790451049,73.05306243896484,-9.506361961364746
107.939865112,72.87998962402344,-9.490870475769043
108.155685424,72.60256958007812,-9.476643562316895
108.354904174,72.34333801269531,-9.456612586975098
108.504318237,72.14270782470703,-9.442138671875
108.703536987,71.89390563964844,-9.431219100952148
108.902755737,71.6380386352539,-9.427789688110352
109.101974487,71.3780288696289,-9.426597595214844
109.251388549,71.19739532470703,-9.425769805908203
109.450607299,70.94974517822266,-9.424637794494629
109.649826049,70.69385528564453,-9.423465728759766
109.865646362,70.40784454345703,-9.421662330627441
110.015060424,70.22869873046875,-9.415913581848145
110.214279174,69.97542572021484,-9.391003608703613
110.413497924,69.71807861328125,-9.354264259338379
110.612716674,69.4637451171875,-9.30057430267334
110.811935424,69.21197509765625,-9.23569393157959
110.961349487,69.01948547363281,-9.187604904174805
111.160568237,68.77251434326172,-9.132040977478027
111.309982299,68.59819793701172,-9.090249061584473
111.525802612,68.32457733154297,-9.035223960876465
111.725021362,68.06861877441406,-8.989572525024414
111.874435424,67.89149475097656,-8.962026596069336
112.073654174,67.64246368408203,-8.924948692321777
112.272872924,67.38953399658203,-8.897183418273926
112.472091674,67.13002014160156,-8.881486892700195
112.671310424,66.87834167480469,-8.854506492614746
112.870529174,66.62767791748047,-8.819132804870605
113.036544799,66.427001953125,-8.79184627532959
113.235763549,66.17460632324219,-8.773212432861328
113.434982299,65.91756439208984,-8.76248550415039
113.584396362,65.7195053100586,-8.75071907043457
113.783615112,65.46693420410156,-8.73360538482666
113.982833862,65.21292114257812,-8.717625617980957
114.182052612,64.95308685302734,-8.708648681640625
114.381271362,64.69718933105469,-8.707381248474121
114.530685424,64.52201080322266,-8.707685470581055
114.729904174,64.26473236083984,-8.7081298828125
114.895919799,64.05672454833984,-8.708488464355469
115.095138549,63.810401916503906,-8.708917617797852
115.294357299,63.550392150878906,-8.709365844726562
115.493576049,63.290382385253906,-8.709814071655273
115.642990112,63.083744049072266,-8.71017074584961
115.842208862,62.8292121887207,-8.710611343383789
115.991622924,62.65268325805664,-8.710917472839355
116.190841674,62.39267349243164,-8.711365699768066
116.390060424,62.13677215576172,-8.711808204650879
116.556076049,61.939720153808594,-8.712151527404785
116.755294799,61.68110656738281,-8.70964527130127
116.954513549,61.42123794555664,-8.701570510864258
117.153732299,61.16135787963867,-8.705052375793457
117.303146362,60.95541000366211,-8.733195304870605
117.502365112,60.70729446411133,-8.809394836425781
117.651779174,60.544960021972656,-8.888449668884277
117.850997924,60.32406234741211,-9.01209831237793
118.050216674,60.09731674194336,-9.139302253723145
118.216232299,59.91704559326172,-9.234550476074219
118.365646362,59.73520278930664,-9.323677062988281
118.564865112,59.49290466308594,-9.41745376586914
118.714279174,59.316375732421875,-9.461441040039062
118.913497924,59.067665100097656,-9.500032424926758
119.112716674,58.81078338623047,-9.512275695800781
119.311935424,58.553863525390625,-9.500539779663086
119.461349487,58.349456787109375,-9.481925010681152
119.660568237,58.10020065307617,-9.45789623260498
119.876388549,57.847660064697266,-9.440387725830078
120.075607299,57.59333038330078,-9.430848121643066
120.225021362,57.38808059692383,-9.428832054138184
120.424240112,57.1390266418457,-9.428475379943848
120.573654174,56.9638671875,-9.428224563598633
120.772872924,56.70659637451172,-9.4278564453125
120.972091674,56.44664764404297,-9.431175231933594
121.171310424,56.19093322753906,-9.440699577331543
121.320724487,55.98435592651367,-9.445244789123535
121.536544799,55.72780227661133,-9.464164733886719
121.735763549,55.472713470458984,-9.484481811523438
121.885177612,55.37337112426758,-9.490506172180176
122.034591674,55.37337112426758,-9.490506172180176
122.184005737,55.37337112426758,-9.490506172180176
122.383224487,55.37337112426758,-9.490506172180176
122.532638549,55.37337112426758,-9.490506172180176
122.731857299,55.34840774536133,-9.491859436035156
122.931076049,55.09703826904297,-9.500716209411621
123.130294799,54.839778900146484,-9.501880645751953
123.329513549,54.579769134521484,-9.50079345703125
123.495529174,54.371761322021484,-9.499923706054688
123.694747924,54.111751556396484,-9.498836517333984
123.893966674,53.8544807434082,-9.497760772705078
124.093185424,53.60268783569336,-9.496707916259766
124.292404174,53.34678649902344,-9.495637893676758
124.441818237,53.13877868652344,-9.494768142700195
124.641036987,52.882877349853516,-9.493698120117188
124.840255737,52.63245391845703,-9.492650985717773
125.006271362,52.42855453491211,-9.491798400878906
125.205490112,52.16991424560547,-9.490716934204102
125.404708862,51.918121337890625,-9.489664077758789
125.554122924,51.74159240722656,-9.48892593383789
125.753341674,51.48295211791992,-9.487844467163086
125.952560424,51.22294235229492,-9.486757278442383
126.151779174,50.97114944458008,-9.48570442199707
126.350997924,50.719356536865234,-9.484651565551758
126.550216674,50.46208572387695,-9.483575820922852
126.716232299,50.25407791137695,-9.482706069946289
126.915451049,49.99817657470703,-9.481636047363281
127.114669799,49.73818588256836,-9.483419418334961
127.313888549,49.478214263916016,-9.486433029174805
127.513107299,49.226436614990234,-9.489349365234375
127.712326049,48.97329330444336,-9.492281913757324
127.911544799,48.713321685791016,-9.495295524597168
128.110763549,48.45608139038086,-9.498276710510254
128.309982299,48.20430374145508,-9.501193046569824
128.475997924,48.003143310546875,-9.501455307006836
128.675216674,47.743133544921875,-9.501188278198242
128.874435424,47.48723220825195,-9.500924110412598
129.073654174,47.23543930053711,-9.500662803649902
129.272872924,46.97816848754883,-9.500397682189941
129.472091674,46.71815872192383,-9.500130653381348
129.621505737,46.519737243652344,-9.499923706054688
129.820724487,46.2679443359375,-9.499662399291992
130.036544799,46.01067352294922,-9.499397277832031
130.235763549,45.7547721862793,-9.499133110046387
130.434982299,45.50297927856445,-9.498871803283691
130.584396362,45.29907989501953,-9.498661041259766
130.783615112,45.03907012939453,-9.498394012451172
130.982833862,44.78316879272461,-9.498129844665527
131.182052612,44.532745361328125,-9.497869491577148
131.381271362,44.28369140625,-9.497610092163086
131.580490112,44.023681640625,-9.497343063354492
131.729904174,43.8416748046875,-9.497156143188477
131.945724487,43.55977249145508,-9.496865272521973
132.144943237,43.29976272583008,-9.496598243713379
132.344161987,43.04112243652344,-9.496332168579102
132.543380737,42.79069900512695,-9.496071815490723
132.742599487,42.53479766845703,-9.495807647705078
132.892013549,42.35279083251953,-9.495620727539062
133.091232299,42.09825897216797,-9.495357513427734
133.290451049,41.85194396972656,-9.495100021362305
133.506271362,41.57004165649414,-9.4948091506958
133.705490112,41.3114013671875,-9.494543075561523
133.904708862,41.055511474609375,-9.495716094970703
134.103927612,40.80460739135742,-9.515643119812012
134.303146362,40.55269241333008,-9.560036659240723
134.452560424,40.37628173828125,-9.604742050170898
134.651779174,40.12487030029297,-9.67099380493164
134.850997924,39.8745002746582,-9.729900360107422
135.050216674,39.624305725097656,-9.768263816833496
135.216232299,39.42182540893555,-9.792192459106445
135.415451049,39.167762756347656,-9.822528839111328
135.614669799,38.91511535644531,-9.870848655700684
135.813888549,38.66632080078125,-9.924532890319824
136.013107299,38.42000198364258,-9.988286018371582
136.162521362,38.22643280029297,-10.060214042663574
136.361740112,38.00345993041992,-10.19291877746582
136.560958862,37.818302154541016,-10.366909980773926
136.710372924,37.705265045166016,-10.509446144104004
136.909591674,37.56373596191406,-10.725830078125
137.075607299,37.45542907714844,-10.903399467468262
137.274826049,37.324153900146484,-11.124650001525879
137.424240112,37.22028732299805,-11.304859161376953
137.623458862,37.08924102783203,-11.529417991638184
137.822677612,36.95866012573242,-11.747885704040527
137.972091674,36.861351013183594,-11.901684761047363
138.171310424,36.72210693359375,-12.121254920959473
138.370529174,36.58606719970703,-12.336373329162598
138.536544799,36.4800910949707,-12.515301704406738
138.735763549,36.36696243286133,-12.749296188354492
138.885177612,36.290550231933594,-12.942732810974121
139.084396362,36.203853607177734,-13.186395645141602
139.233810424,36.14838790893555,-13.351093292236328
139.383224487,36.08292007446289,-13.5485200881958
139.532638549,36.02335739135742,-13.720499038696289
139.731857299,35.93581771850586,-13.962410926818848
139.881271362,35.86204528808594,-14.155420303344727
140.080490112,35.76887130737305,-14.39374828338623
140.229904174,35.70315170288086,-14.563467979431152
140.445724487,35.59984588623047,-14.827221870422363
140.595138549,35.536590576171875,-14.996420860290527
140.794357299,35.44953155517578,-15.235594749450684
140.943771362,35.38017272949219,-15.428788185119629
141.142990112,35.29462814331055,-15.667058944702148
141.292404174,35.23641586303711,-15.832260131835938
141.491622924,35.15389633178711,-16.071584701538086
141.690841674,35.07320022583008,-16.312978744506836
141.840255737,35.010684967041016,-16.502737045288086
141.956466674,34.97110366821289,-16.623687744140625
142.105880737,34.90691375732422,-16.820093154907227
142.305099487,34.86687088012695,-16.947967529296875
142.454513549,34.86687088012695,-16.947967529296875
142.653732299,34.86687088012695,-16.947967529296875
142.803146362,34.86687088012695,-16.947967529296875
143.002365112,34.86687088012695,-16.947967529296875
143.151779174,34.86320877075195,-16.959918975830078
143.350997924,34.81728744506836,-17.18279457092285
143.500411987,34.81370544433594,-17.385042190551758
143.649826049,34.83762741088867,-17.565322875976562
143.815841674,34.882564544677734,-17.761350631713867
143.965255737,34.94257354736328,-17.957618713378906
144.114669799,34.99847412109375,-18.12794303894043
144.313888549,35.07480239868164,-18.37648582458496
144.463302612,35.13121795654297,-18.573835372924805
144.612716674,35.17335510253906,-18.748069763183594
144.762130737,35.21628952026367,-18.94459342956543
144.961349487,35.26736068725586,-19.191150665283203
145.110763549,35.30387878417969,-19.368051528930664
145.260177612,35.34344482421875,-19.566675186157227
145.426193237,35.38433074951172,-19.770618438720703
145.575607299,35.42245864868164,-19.942975997924805
145.725021362,35.47166061401367,-20.145071029663086
145.924240112,35.53568649291992,-20.389989852905273
146.073654174,35.579559326171875,-20.559560775756836
146.223068237,35.6281623840332,-20.75616455078125
146.372482299,35.669498443603516,-20.926372528076172
146.521896362,35.71601104736328,-21.12207794189453
146.721115112,35.77638244628906,-21.373563766479492
146.870529174,35.81782531738281,-21.550783157348633
147.036544799,35.86292266845703,-21.751028060913086
147.185958862,35.90666961669922,-21.951570510864258
147.335372924,35.9447021484375,-22.12114715576172
147.484786987,35.98896789550781,-22.313161849975586
147.634201049,36.031089782714844,-22.4803524017334
147.833419799,36.09295654296875,-22.723003387451172
147.982833862,36.14130401611328,-22.91826057434082
148.132247924,36.18242645263672,-23.08852767944336
148.281661987,36.228485107421875,-23.28714942932129
148.480880737,36.287723541259766,-23.540311813354492
148.630294799,36.330284118652344,-23.71726417541504
148.796310424,36.38051986694336,-23.91910171508789
148.945724487,36.42981719970703,-24.121177673339844
149.095138549,36.47166442871094,-24.294078826904297
149.294357299,36.53313446044922,-24.546703338623047
149.443771362,36.58163070678711,-24.74897003173828
149.593185424,36.624908447265625,-24.925750732421875
149.792404174,36.68815612792969,-25.175113677978516
149.941818237,36.738121032714844,-25.374195098876953
150.091232299,36.78030014038086,-25.544193267822266
150.290451049,36.83939743041992,-25.794574737548828
150.456466674,36.88533020019531,-25.997440338134766
150.605880737,36.93182373046875,-26.200176239013672
150.755294799,36.97255325317383,-26.37474822998047
150.904708862,37.022857666015625,-26.575157165527344
151.103927612,37.08765411376953,-26.822710037231445
151.253341674,37.1329460144043,-26.996150970458984
151.402755737,37.18596649169922,-27.19444465637207
151.552169799,37.230831146240234,-27.37082290649414
151.701583862,37.280208587646484,-27.572879791259766
151.900802612,37.34222412109375,-27.825374603271484
152.050216674,37.38347625732422,-27.995601654052734
152.199630737,37.42666244506836,-28.165348052978516
152.365646362,37.48059844970703,-28.383182525634766
152.564865112,37.538333892822266,-28.62966537475586
152.714279174,37.55880355834961,-28.720897674560547
152.863693237,37.56712341308594,-28.757461547851562
153.013107299,37.60879898071289,-28.928997039794922
153.212326049,37.671775817871094,-29.181249618530273
153.361740112,37.730323791503906,-29.380828857421875
153.511154174,37.779170989990234,-29.551876068115234
153.710372924,37.83406066894531,-29.797582626342773
153.876388549,37.87157440185547,-29.995206832885742
154.025802612,37.89934158325195,-30.201297760009766
154.175216674,37.910789489746094,-30.382904052734375
154.374435424,37.91217803955078,-30.631938934326172
154.523849487,37.907981872558594,-30.83441734313965
154.723068237,37.895904541015625,-31.09002113342285
154.872482299,37.887603759765625,-31.271821975708008
155.021896362,37.89593505859375,-31.479507446289062
155.221115112,37.95219802856445,-31.722869873046875
155.370529174,38.03594207763672,-31.883968353271484
155.536544799,38.17736053466797,-32.03163146972656
155.685958862,38.35261154174805,-32.13180923461914
155.835372924,38.526405334472656,-32.173587799072266
155.984786987,38.7090950012207,-32.17315673828125
156.184005737,38.71108627319336,-32.17294692993164
156.333419799,38.71108627319336,-32.17294692993164
156.532638549,38.71108627319336,-32.17294692993164
156.682052612,38.71108627319336,-32.17294692993164
156.881271362,38.71108627319336,-32.17294692993164
157.030685424,38.71108627319336,-32.17294692993164
157.229904174,38.71108627319336,-32.17294692993164
157.395919799,38.71108627319336,-32.17294692993164
157.545333862,38.71108627319336,-32.17294692993164
157.744552612,38.71108627319336,-32.17294692993164
157.893966674,38.71108627319336,-32.17294692993164
158.093185424,38.71108627319336,-32.17294692993164
158.242599487,38.71108627319336,-32.17294692993164
158.441818237,38.71108627319336,-32.17294692993164
158.591232299,38.71108627319336,-32.17294692993164
158.790451049,38.71108627319336,-32.17294692993164
158.956466674,38.71108627319336,-32.17294692993164
159.105880737,38.71108627319336,-32.17294692993164
159.305099487,38.71108627319336,-32.17294692993164
159.454513549,38.71108627319336,-32.17294692993164
159.653732299,38.71108627319336,-32.17294692993164
159.852951049,38.71108627319336,-32.17294692993164
160.002365112,38.71108627319336,-32.17294692993164
160.151779174,38.71108627319336,-32.17294692993164
160.350997924,38.71108627319336,-32.17294692993164
160.500411987,38.71108627319336,-32.17294692993164
160.649826049,38.71108627319336,-32.17294692993164
160.865646362,38.71108627319336,-32.17294692993164
161.015060424,38.71108627319336,-32.17294692993164
161.214279174,38.71108627319336,-32.17294692993164
161.363693237,38.71108627319336,-32.17294692993164
161.562911987,38.71108627319336,-32.17294692993164
161.712326049,38.71108627319336,-32.17294692993164
161.861740112,38.71108627319336,-32.17294692993164
162.011154174,38.71108627319336,-32.17294692993164
162.160568237,38.71108627319336,-32.17294692993164
162.309982299,38.71108627319336,-32.17294692993164
162.525802612,38.71108627319336,-32.17294692993164
162.675216674,38.71108627319336,-32.17294692993164
162.874435424,38.71108627319336,-32.17294692993164
163.023849487,38.71108627319336,-32.17294692993164
163.223068237,38.71108627319336,-32.17294692993164
163.372482299,38.71108627319336,-32.17294692993164
163.521896362,38.71108627319336,-32.17294692993164
163.721115112,38.71108627319336,-32.17294692993164
163.870529174,38.71108627319336,-32.17294692993164
164.036544799,38.71108627319336,-32.17294692993164
164.235763549,38.71108627319336,-32.17294692993164
164.385177612,38.71108627319336,-32.17294692993164
164.584396362,38.71108627319336,-32.17294692993164
164.733810424,38.71108627319336,-32.17294692993164
164.883224487,38.71108627319336,-32.17294692993164
165.082443237,38.71108627319336,-32.17294692993164
165.231857299,38.71108627319336,-32.17294692993164
165.431076049,38.71108627319336,-32.17294692993164
165.580490112,38.71108627319336,-32.17294692993164
165.779708862,38.71108627319336,-32.17294692993164
165.945724487,38.71108627319336,-32.17294692993164
166.095138549,38.71108627319336,-32.17294692993164
166.294357299,38.71108627319336,-32.17294692993164
166.443771362,38.71108627319336,-32.17294692993164
166.642990112,38.71108627319336,-32.17294692993164
166.792404174,38.71108627319336,-32.17294692993164
166.941818237,38.71108627319336,-32.17294692993164
167.141036987,38.71108627319336,-32.17294692993164
167.290451049,38.71108627319336,-32.17294692993164
167.456466674,38.71108627319336,-32.17294692993164
167.655685424,38.71108627319336,-32.17294692993164
167.805099487,38.71108627319336,-32.17294692993164
168.004318237,38.71108627319336,-32.17294692993164
168.153732299,38.71108627319336,-32.17294692993164
168.352951049,38.71108627319336,-32.17294692993164
168.502365112,38.71108627319336,-32.17294692993164
168.651779174,38.71108627319336,-32.17294692993164
168.850997924,38.71108627319336,-32.17294692993164
169.000411987,38.74839401245117,-32.16919708251953
169.149826049,38.913692474365234,-32.16914367675781
169.315841674,39.109500885009766,-32.22325134277344
169.515060424,39.3253173828125,-32.34942626953125
169.664474487,39.4884033203125,-32.47623062133789
169.813888549,39.62482452392578,-32.592529296875
170.013107299,39.821693420410156,-32.755985260009766
170.162521362,39.98683547973633,-32.877803802490234
170.311935424,40.13582229614258,-32.972434997558594
170.511154174,40.3587532043457,-33.09805679321289
170.660568237,40.45283889770508,-33.14824676513672
170.809982299,40.45283889770508,-33.14824676513672
170.975997924,40.45283889770508,-33.14824676513672
171.175216674,40.45283889770508,-33.14824676513672
171.324630737,40.45283889770508,-33.14824676513672
171.474044799,40.45283889770508,-33.14824676513672
171.673263549,40.45283889770508,-33.14824676513672
171.822677612,40.45283889770508,-33.14824676513672
171.972091674,40.45283889770508,-33.14824676513672
172.171310424,40.428470611572266,-33.1846809387207
172.370529174,40.232513427734375,-33.3035888671875
172.569747924,39.97713088989258,-33.30748748779297
172.735763549,39.77835464477539,-33.262603759765625
172.934982299,39.52741241455078,-33.19466781616211
173.134201049,39.27457046508789,-33.147682189941406
173.333419799,39.02387619018555,-33.125308990478516
173.532638549,38.770748138427734,-33.12237548828125
173.731857299,38.510772705078125,-33.126304626464844
173.931076049,38.25490951538086,-33.13066101074219
174.130294799,38.00315475463867,-33.13494873046875
174.296310424,37.799285888671875,-33.13842010498047
174.495529174,37.53929901123047,-33.141117095947266
174.694747924,37.286136627197266,-33.14064025878906
174.893966674,37.03170394897461,-33.145164489746094
175.093185424,36.77694320678711,-33.1689338684082
175.292404174,36.51803970336914,-33.192596435546875
175.491622924,36.26564407348633,-33.21213912963867
175.690841674,36.0178108215332,-33.24741744995117
175.840255737,35.821781158447266,-33.285945892333984
176.056076049,35.57146072387695,-33.33906936645508
176.255294799,35.3167610168457,-33.39128112792969
176.454513549,35.067901611328125,-33.437618255615234
176.653732299,34.81943893432617,-33.46872329711914
176.852951049,34.56729507446289,-33.50308609008789
177.052169799,34.31922149658203,-33.55958938598633
177.201583862,34.12321090698242,-33.620452880859375
177.400802612,33.87614440917969,-33.70142364501953
177.600021362,33.62712860107422,-33.770999908447266
177.766036987,33.42572784423828,-33.81047439575195
177.965255737,33.18232345581055,-33.856239318847656
178.164474487,32.93497848510742,-33.910133361816406
178.363693237,32.681251525878906,-33.96691131591797
178.562911987,32.4278564453125,-34.02513122558594
178.762130737,32.17740249633789,-34.089622497558594
178.911544799,32.00387191772461,-34.13459777832031
179.110763549,31.75701332092285,-34.196590423583984
179.309982299,31.514480590820312,-34.25891876220703
179.475997924,31.31572723388672,-34.310150146484375
179.675216674,31.059850692749023,-34.35573959350586
179.874435424,30.81181526184082,-34.37766647338867
180.073654174,30.558944702148438,-34.389564514160156
180.272872924,30.301729202270508,-34.394309997558594
180.472091674,30.041772842407227,-34.39863586425781
180.671310424,29.78688621520996,-34.42021179199219
180.870529174,29.53653335571289,-34.46560287475586
181.036544799,29.335351943969727,-34.51833724975586
181.235763549,29.092309951782227,-34.58917999267578
181.434982299,28.84115982055664,-34.65639114379883
181.634201049,28.5905818939209,-34.70783615112305
181.783615112,28.387733459472656,-34.73921585083008
181.933029174,28.208011627197266,-34.767948150634766
182.132247924,27.950855255126953,-34.8062744140625
182.331466674,27.69363784790039,-34.84419631958008
182.530685424,27.43800926208496,-34.89140701293945
182.729904174,27.19390106201172,-34.95309066772461
182.895919799,26.993661880493164,-34.998077392578125
183.095138549,26.736675262451172,-35.0373649597168
183.294357299,26.485244750976562,-35.066768646240234
183.493576049,26.231830596923828,-35.0905647277832
183.692794799,25.972644805908203,-35.1109619140625
183.892013549,25.7156982421875,-35.12355041503906
184.091232299,25.46597671508789,-35.14175033569336
184.290451049,25.215909957885742,-35.180580139160156
184.456466674,25.020254135131836,-35.227195739746094
184.655685424,24.773414611816406,-35.28323745727539
184.854904174,24.516427993774414,-35.32252502441406
185.054122924,24.26363754272461,-35.35207748413086
185.253341674,24.00922393798828,-35.3795280456543
185.452560424,23.750837326049805,-35.40841293334961
185.651779174,23.494539260864258,-35.430625915527344
185.850997924,23.245237350463867,-35.45429229736328
186.050216674,22.99420166015625,-35.495731353759766
186.216232299,22.79694938659668,-35.5416259765625
186.415451049,22.54117774963379,-35.58803176879883
186.614669799,22.289812088012695,-35.627994537353516
186.813888549,22.039167404174805,-35.67225646972656
187.013107299,21.786890029907227,-35.72254180908203
187.212326049,21.531843185424805,-35.7730712890625
187.411544799,21.27704429626465,-35.82480239868164
187.610763549,21.02341651916504,-35.881980895996094
187.809982299,20.780075073242188,-35.94107437133789
188.025802612,20.50963020324707,-36.010250091552734
188.225021362,20.257484436035156,-36.06757354736328
188.424240112,20.002592086791992,-36.11134719848633
188.623458862,19.753379821777344,-36.147281646728516
188.822677612,19.50143051147461,-36.1915397644043
189.021896362,19.258390426635742,-36.25185012817383
189.221115112,19.00491714477539,-36.309505462646484
189.420333862,18.748674392700195,-36.353492736816406
189.586349487,18.54608917236328,-36.386531829833984
189.785568237,18.301368713378906,-36.432586669921875
190.034591674,17.998958587646484,-36.490360260009766
190.184005737,17.79316520690918,-36.52052688598633
190.383224487,17.53839111328125,-36.55615997314453
190.582443237,17.289636611938477,-36.59513473510742
190.781661987,17.04021453857422,-36.638450622558594
190.980880737,16.7869930267334,-36.683837890625
191.180099487,16.532325744628906,-36.736209869384766
191.395919799,16.277774810791016,-36.78914260864258
191.595138549,16.027015686035156,-36.84014129638672
191.794357299,15.79475212097168,-36.87571334838867
191.993576049,15.53552532196045,-36.894466400146484
192.142990112,15.330275535583496,-36.89426040649414
192.342208862,15.074399948120117,-36.891929626464844
192.541427612,14.821575164794922,-36.90236282348633
192.790451049,14.515437126159668,-36.96115493774414
192.956466674,14.313648223876953,-37.0115966796875
193.155685424,14.063899993896484,-37.073272705078125
193.354904174,13.818400382995605,-37.12263107299805
193.554122924,13.568894386291504,-37.165443420410156
193.753341674,13.316874504089355,-37.209754943847656
193.952560424,13.065449714660645,-37.23259735107422
194.101974487,12.873950004577637,-37.17674255371094
194.350997924,12.678533554077148,-36.941993713378906
194.500411987,12.643431663513184,-36.73786163330078
194.716232299,12.65317440032959,-36.48634338378906
194.915451049,12.631696701049805,-36.2392463684082
195.114669799,12.521493911743164,-36.005008697509766
195.313888549,12.362249374389648,-35.803199768066406
195.513107299,12.196484565734863,-35.611873626708984
195.712326049,12.040864944458008,-35.410552978515625
195.861740112,11.933367729187012,-35.232643127441406
196.060958862,11.825031280517578,-34.996395111083984
196.260177612,11.733331680297852,-34.75749588012695
196.475997924,11.642849922180176,-34.52107620239258
196.675216674,11.530802726745605,-34.286563873291016
196.874435424,11.405364990234375,-34.05882263183594
197.073654174,11.27734375,-33.83566665649414
197.223068237,11.174942016601562,-33.65461730957031
197.422286987,11.055380821228027,-33.43926239013672
197.621505737,10.924450874328613,-33.21464538574219
197.820724487,10.794425010681152,-32.995845794677734
198.036544799,10.66633415222168,-32.76958084106445
198.235763549,10.53462028503418,-32.545413970947266
198.434982299,10.40262222290039,-32.32460021972656
198.634201049,10.266459465026855,-32.107975006103516
198.833419799,10.119218826293945,-31.90036964416504
199.032638549,9.979391098022461,-31.68302345275879
199.231857299,9.889891624450684,-31.45846176147461
199.431076049,9.85326099395752,-31.22089195251465
199.630294799,9.860498428344727,-30.9721736907959
199.796310424,9.880209922790527,-30.76511001586914
199.995529174,9.896058082580566,-30.51249885559082
200.194747924,9.895633697509766,-30.25387954711914
200.393966674,9.89334487915039,-29.99388885498047
200.593185424,9.891080856323242,-29.73663330078125
200.792404174,9.888854026794434,-29.48348045349121
200.991622924,9.886602401733398,-29.22759246826172
201.190841674,9.884313583374023,-28.967601776123047
201.340255737,9.88250732421875,-28.762344360351562
201.556076049,9.880342483520508,-28.516029357910156
201.705490112,9.878511428833008,-28.30803680419922
201.854904174,9.876909255981445,-28.12604331970215
202.004318237,9.877110481262207,-27.92625617980957
202.203536987,9.87890338897705,-27.66900062561035
202.402755737,9.880677223205566,-27.414480209350586
202.601974487,9.88064193725586,-27.38448143005371
202.801193237,9.88064193725586,-27.38448143005371
203.000411987,9.88064193725586,-27.38448143005371
203.199630737,9.875218391418457,-27.383808135986328
203.415451049,9.812016487121582,-27.403079986572266
203.614669799,9.812016487121582,-27.403079986572266
203.764083862,9.812016487121582,-27.403079986572266
203.963302612,9.812016487121582,-27.403079986572266
204.112716674,9.812016487121582,-27.403079986572266
204.262130737,9.812016487121582,-27.403079986572266
204.411544799,9.886581420898438,-27.55076789855957
204.610763549,9.941777229309082,-27.802974700927734
204.760177612,9.906988143920898,-28.004470825195312
204.975997924,9.81313419342041,-28.246795654296875
205.125411987,9.732915878295898,-28.43272590637207
205.324630737,9.662490844726562,-28.67818260192871
205.523849487,9.650641441345215,-28.933393478393555
205.673263549,9.658059120178223,-29.11524200439453
205.872482299,9.66849422454834,-29.362707138061523
206.021896362,9.667729377746582,-29.56791877746582
206.221115112,9.666274070739746,-29.597881317138672
206.370529174,9.666274070739746,-29.597881317138672
206.536544799,9.666274070739746,-29.597881317138672
206.735763549,9.666274070739746,-29.597881317138672
206.885177612,9.666274070739746,-29.597881317138672
207.084396362,9.666515350341797,-29.61153221130371
207.283615112,9.66128921508789,-29.623979568481445
207.433029174,9.653836250305176,-29.6298885345459
207.682052612,9.641797065734863,-29.628868103027344
207.831466674,9.622241973876953,-29.616504669189453
208.030685424,9.520681381225586,-29.42927360534668
208.229904174,9.494393348693848,-29.177091598510742
208.445724487,9.527697563171387,-28.900259017944336
208.644943237,9.583168029785156,-28.64625358581543
208.844161987,9.632157325744629,-28.399324417114258
208.993576049,9.649212837219238,-28.22233772277832
209.192794799,9.640668869018555,-27.97774887084961
209.392013549,9.611976623535156,-27.71933937072754
209.591232299,9.585734367370605,-27.460678100585938
209.790451049,9.568124771118164,-27.208145141601562
209.989669799,9.558629035949707,-26.957916259765625
210.155685424,9.556715965270996,-26.755407333374023
210.354904174,9.561442375183105,-26.500938415527344
210.554122924,9.570488929748535,-26.250673294067383
210.753341674,9.579535484313965,-26.000408172607422
210.952560424,9.588583946228027,-25.74329948425293
211.151779174,9.592072486877441,-25.48333168029785
211.301193237,9.592992782592773,-25.282176971435547
211.500411987,9.594118118286133,-25.03586196899414
211.716232299,9.595263481140137,-24.785444259643555
211.915451049,9.596455574035645,-24.525453567504883
212.114669799,9.597607612609863,-24.27366828918457
212.313888549,9.598508834838867,-24.02461814880371
212.513107299,9.595893859863281,-23.77010154724121
212.712326049,9.592985153198242,-23.51011085510254
212.911544799,9.595571517944336,-23.250154495239258
213.110763549,9.618622779846191,-22.99677085876465
213.260177612,9.652527809143066,-22.792984008789062
213.475997924,9.708640098571777,-22.53911590576172
213.675216674,9.764052391052246,-22.290695190429688
213.874435424,9.801786422729492,-22.04465103149414
214.073654174,9.824050903320312,-21.792482376098633
214.272872924,9.838766098022461,-21.532913208007812
214.422286987,9.844589233398438,-21.32773780822754
214.621505737,9.844759941101074,-21.074588775634766
214.820724487,9.847070693969727,-20.825559616088867
215.036544799,9.857690811157227,-20.56578826904297
215.235763549,9.871769905090332,-20.31028175354004
215.434982299,9.884428977966309,-20.05881690979004
215.634201049,9.890036582946777,-19.801624298095703
215.833419799,9.892048835754395,-19.54163360595703
215.982833862,9.893616676330566,-19.339111328125
216.182052612,9.895524024963379,-19.092796325683594
216.381271362,9.897258758544922,-18.8369083404541
216.580490112,9.888198852539062,-18.577104568481445
216.796310424,9.879253387451172,-18.32137680053711
216.995529174,9.878217697143555,-18.066864013671875
217.194747924,9.879409790039062,-17.806873321533203
217.393966674,9.880581855773926,-17.55098533630371
217.593185424,9.881747245788574,-17.296464920043945
217.792404174,9.882925987243652,-17.039209365844727
217.991622924,9.88411808013916,-16.779218673706055
218.190841674,9.885276794433594,-16.526065826416016
218.390060424,9.886435508728027,-16.272912979125977
218.556076049,9.887389183044434,-16.06492042541504
218.755294799,9.888554573059082,-15.810396194458008
218.954513549,9.889713287353516,-15.557238578796387
219.153732299,9.890885353088379,-15.30134391784668
219.253341674,9.891481399536133,-15.171343803405762
219.452560424,9.892640113830566,-14.91818618774414
219.651779174,9.893765449523926,-14.671871185302734
219.850997924,9.894950866699219,-14.413239479064941
220.050216674,9.896142959594727,-14.153239250183105
220.266036987,9.897420883178711,-13.8740816116333
220.465255737,9.898344993591309,-13.619555473327637
220.664474487,9.894206047058105,-13.359593391418457
220.863693237,9.888864517211914,-13.101017951965332
221.013107299,9.885244369506836,-12.925895690917969
221.212326049,9.88039493560791,-12.667311668395996
221.411544799,9.881505012512207,-12.407320976257324
221.610763549,9.884276390075684,-12.152810096740723
221.809982299,9.887017250061035,-11.901034355163574
222.025802612,9.890132904052734,-11.615055084228516
222.225021362,9.892934799194336,-11.357809066772461
222.424240112,9.895660400390625,-11.107400894165039
222.623458862,9.895697593688965,-10.851507186889648
222.822677612,9.903764724731445,-10.593052864074707
223.021896362,9.941981315612793,-10.337583541870117
223.221115112,10.023496627807617,-10.102681159973145
223.420333862,10.165550231933594,-9.892779350280762
223.586349487,10.322149276733398,-9.767352104187012
223.735763549,10.476717948913574,-9.688249588012695
223.934982299,10.7142333984375,-9.60087776184082
224.084396362,10.909296989440918,-9.54154109954834
224.233810424,11.082269668579102,-9.48950481414795
224.433029174,11.332836151123047,-9.440793991088867
224.582443237,11.537639617919922,-9.449176788330078
224.731857299,11.715978622436523,-9.477694511413574
224.881271362,11.918752670288086,-9.517416000366211
225.080490112,12.163759231567383,-9.561914443969727
225.229904174,12.340568542480469,-9.581250190734863
225.329513549,12.467628479003906,-9.588354110717773
225.495529174,12.670048713684082,-9.59475326538086
225.694747924,12.927299499511719,-9.595647811889648
225.844161987,13.127080917358398,-9.593729972839355
225.993576049,13.306334495544434,-9.595196723937988
226.142990112,13.511489868164062,-9.601743698120117
226.292404174,13.693206787109375,-9.611828804016113
226.441818237,13.899321556091309,-9.626450538635254
226.641036987,14.149216651916504,-9.642611503601074
226.790451049,14.328337669372559,-9.649697303771973
226.956466674,14.53630542755127,-9.653023719787598
227.105880737,14.74020004272461,-9.654033660888672
227.255294799,14.91535758972168,-9.654901504516602
227.404708862,15.120582580566406,-9.658659934997559
227.603927612,15.380566596984863,-9.660357475280762
227.753341674,15.56256103515625,-9.661258697509766
227.902755737,15.765013694763184,-9.666648864746094
228.052169799,15.939982414245605,-9.674712181091309
228.201583862,16.14483070373535,-9.68779182434082
228.400802612,16.40423011779785,-9.705471992492676
228.550216674,16.582809448242188,-9.721118927001953
228.716232299,16.7857608795166,-9.740675926208496
228.865646362,16.988719940185547,-9.771015167236328
229.015060424,17.142526626586914,-9.802474975585938
229.164474487,17.14445686340332,-9.803000450134277
229.313888549,17.14445686340332,-9.803000450134277
229.463302612,17.14445686340332,-9.803000450134277
229.612716674,17.14445686340332,-9.803000450134277
229.762130737,17.14445686340332,-9.803000450134277
229.961349487,17.14445686340332,-9.803000450134277
230.110763549,17.14445686340332,-9.803000450134277
230.309982299,17.14445686340332,-9.803000450134277
230.475997924,17.14445686340332,-9.803000450134277
230.675216674,17.14445686340332,-9.803000450134277
230.874435424,17.14445686340332,-9.803000450134277
231.073654174,17.129531860351562,-9.780476570129395
231.272872924,16.950624465942383,-9.68941879272461
231.472091674,16.698442459106445,-9.701704025268555
231.671310424,16.660181045532227,-9.717698097229004
231.870529174,16.660181045532227,-9.717698097229004
232.036544799,16.649351119995117,-9.763959884643555
232.185958862,16.688135147094727,-9.917803764343262
232.385177612,16.860450744628906,-10.105623245239258
232.534591674,17.024154663085938,-10.165155410766602
232.684005737,17.23109245300293,-10.163415908813477
232.883224487,17.482023239135742,-10.096216201782227
233.032638549,17.656387329101562,-10.049576759338379
233.182052612,17.857839584350586,-10.045857429504395
233.331466674,18.023805618286133,-10.113961219787598
233.530685424,18.18964385986328,-10.299062728881836
233.680099487,18.272140502929688,-10.480688095092773
233.829513549,18.31790542602539,-10.653827667236328
233.995529174,18.340484619140625,-10.860452651977539
234.144943237,18.340925216674805,-11.068421363830566
234.344161987,18.33379364013672,-11.324212074279785
234.493576049,18.337148666381836,-11.499307632446289
234.642990112,18.3553524017334,-11.700966835021973
234.842208862,18.397266387939453,-11.95475959777832
234.991622924,18.428955078125,-12.120062828063965
235.141036987,18.469219207763672,-12.32133674621582
235.290451049,18.507171630859375,-12.49793529510498
235.456466674,18.549339294433594,-12.698820114135742
235.655685424,18.602924346923828,-12.9518404006958
235.805099487,18.644561767578125,-13.154229164123535
235.954513549,18.68031120300293,-13.332681655883789
236.103927612,18.72022247314453,-13.536813735961914
236.303146362,18.770315170288086,-13.787755966186523
236.452560424,18.807466506958008,-13.964524269104004
236.552169799,18.832693099975586,-14.087864875793457
236.701583862,18.87201499938965,-14.290718078613281
236.850997924,18.903167724609375,-14.4700288772583
237.000411987,18.940176010131836,-14.674708366394043
237.149826049,18.974153518676758,-14.853509902954102
237.315841674,19.01340675354004,-15.056377410888672
237.515060424,19.063501358032227,-15.311502456665039
237.664474487,19.102766036987305,-15.51576042175293
237.813888549,19.13813591003418,-15.691497802734375
237.963302612,19.180503845214844,-15.889542579650879
238.112716674,19.215293884277344,-16.064001083374023
238.311935424,19.262996673583984,-16.315401077270508
238.461349487,19.298227310180664,-16.51900291442871
238.610763549,19.325899124145508,-16.698884963989258
238.760177612,19.344810485839844,-16.904556274414062
238.926193237,19.344409942626953,-17.10703468322754
239.125411987,19.328781127929688,-17.3526554107666
239.274826049,19.32748031616211,-17.36910629272461
239.474044799,19.32748031616211,-17.36910629272461
239.673263549,19.32748031616211,-17.36910629272461
239.822677612,19.32748031616211,-17.36910629272461
239.972091674,19.32748031616211,-17.36910629272461
240.171310424,19.32748031616211,-17.36910629272461
240.320724487,19.32748031616211,-17.36910629272461
240.470138549,19.43522834777832,-17.404664993286133
240.636154174,19.631128311157227,-17.38836669921875
240.835372924,19.834444046020508,-17.243911743164062
241.034591674,19.94877815246582,-17.011890411376953
241.184005737,20.004331588745117,-16.811471939086914
241.383224487,20.083396911621094,-16.568317413330078
241.582443237,20.20669174194336,-16.34476089477539
241.781661987,20.371397018432617,-16.156476974487305
241.931076049,20.502233505249023,-16.035980224609375
242.130294799,20.69488525390625,-15.865486145019531
242.296310424,20.847320556640625,-15.728031158447266
242.495529174,21.03284454345703,-15.555804252624512
242.644943237,21.168869018554688,-15.413267135620117
242.844161987,21.341943740844727,-15.219254493713379
243.043380737,21.514652252197266,-15.024910926818848
243.242599487,21.684814453125,-14.833794593811035
243.392013549,21.805200576782227,-14.69913387298584
243.591232299,21.97464942932129,-14.505563735961914
243.790451049,22.139429092407227,-14.313377380371094
243.956466674,22.272581100463867,-14.16443157196045
244.105880737,22.40985107421875,-14.015522003173828
244.305099487,22.586450576782227,-13.824707984924316
244.504318237,22.756153106689453,-13.642425537109375
244.703536987,22.833213806152344,-13.557632446289062
244.852951049,22.833213806152344,-13.557632446289062
245.052169799,22.833213806152344,-13.557632446289062
245.251388549,22.833213806152344,-13.557632446289062
245.450607299,22.847387313842773,-13.529142379760742
245.649826049,22.854198455810547,-13.325889587402344
245.815841674,22.765464782714844,-13.147448539733887
246.015060424,22.555809020996094,-13.005650520324707
246.214279174,22.301633834838867,-12.953729629516602
246.413497924,22.05150032043457,-12.915447235107422
246.562911987,21.85553741455078,-12.859612464904785
246.762130737,21.62698745727539,-12.754703521728516
246.961349487,21.419925689697266,-12.616724014282227
247.160568237,21.21734619140625,-12.45376205444336
247.376388549,21.018035888671875,-12.286798477172852
247.575607299,20.823686599731445,-12.120341300964355
247.774826049,20.624439239501953,-11.953324317932129
247.974044799,20.420196533203125,-11.799205780029297
248.173263549,20.205177307128906,-11.653051376342773
248.372482299,19.99147605895996,-11.512286186218262
248.571701049,19.776905059814453,-11.370360374450684
248.770919799,19.562564849853516,-11.228083610534668
248.970138549,19.349946975708008,-11.083257675170898
249.136154174,19.181509017944336,-10.968369483947754
249.385177612,18.90604019165039,-10.77258014678955
249.584396362,18.698379516601562,-10.620722770690918
249.783615112,18.487342834472656,-10.468851089477539
249.933029174,18.3414306640625,-10.364707946777344
250.132247924,18.12968635559082,-10.21865177154541
250.331466674,17.912391662597656,-10.075905799865723
250.580490112,17.609756469726562,-9.926995277404785
250.729904174,17.433786392211914,-9.881239891052246
250.945724487,17.15591812133789,-9.858447074890137
251.144943237,16.89638328552246,-9.87259578704834
251.344161987,16.645605087280273,-9.895094871520996
251.543380737,16.395845413208008,-9.913139343261719
251.742599487,16.14700698852539,-9.923225402832031
251.941818237,15.891132354736328,-9.925503730773926
252.141036987,15.631150245666504,-9.922600746154785
252.340255737,15.375274658203125,-9.91966438293457
252.489669799,15.201498985290527,-9.917672157287598
252.755294799,14.868997573852539,-9.913856506347656
252.954513549,14.61312198638916,-9.910920143127441
253.103927612,14.411979675292969,-9.908613204956055
253.303146362,14.154735565185547,-9.905660629272461
253.502365112,13.894743919372559,-9.904315948486328
253.701583862,13.640217781066895,-9.90540885925293
253.900802612,13.388428688049316,-9.906490325927734
254.050216674,13.21053409576416,-9.907254219055176
254.266036987,12.92453384399414,-9.90848159790039
254.415451049,12.748007774353027,-9.909239768981934
254.664474487,12.41411304473877,-9.910673141479492
254.813888549,12.232112884521484,-9.911454200744629
255.062911987,11.900955200195312,-9.91287612915039
255.212326049,11.725797653198242,-9.913628578186035
255.461349487,11.391902923583984,-9.915061950683594
255.610763549,11.211271286010742,-9.915837287902832
255.809982299,10.95128059387207,-9.914656639099121
256.025787353,10.672303199768066,-9.904862403869629
256.225006103,10.412611961364746,-9.910975456237793
256.424224853,10.161235809326172,-9.972626686096191
256.623443603,9.958576202392578,-10.127755165100098
256.772857666,9.867670059204102,-10.271940231323242
256.972076416,9.807086944580078,-10.516602516174316
257.121490478,9.809365272521973,-10.721550941467285
257.320709228,9.84885311126709,-10.968749046325684
257.470123291,9.880325317382812,-11.141057968139648
257.636138916,9.912725448608398,-11.340967178344727
257.785552978,9.933967590332031,-11.547835350036621
257.984771728,9.948563575744629,-11.801932334899902
258.134185791,9.953911781311035,-11.977004051208496
258.283599853,9.955338478088379,-12.180889129638672
258.482818603,9.949749946594238,-12.440818786621094
258.682037353,9.936537742614746,-12.699104309082031
258.831451416,9.92642593383789,-12.873969078063965
259.030670166,9.915339469909668,-13.128243446350098
259.180084228,9.911360740661621,-13.336204528808594
259.329498291,9.908309936523438,-13.51817798614502
259.545318603,9.90527057647705,-13.798680305480957
259.694732666,9.905664443969727,-13.980680465698242
259.893951416,9.906227111816406,-14.240680694580078
260.043365478,9.906668663024902,-14.444575309753418
260.242584228,9.907219886779785,-14.699101448059082
260.391998291,9.907613754272461,-14.881101608276367
260.591217041,9.90817642211914,-15.141101837158203
260.740631103,9.908615112304688,-15.3436279296875
260.890045166,9.908997535705566,-15.520153999328613
261.105865478,9.909613609313965,-15.80478572845459
261.255279541,9.909998893737793,-15.982680320739746
261.404693603,9.91043758392334,-16.185203552246094
261.603912353,9.910985946655273,-16.438356399536133
261.753326416,9.91137981414795,-16.620349884033203
261.902740478,9.911829948425293,-16.82834243774414
262.101959228,9.912378311157227,-17.08149528503418
262.251373291,9.912755012512207,-17.25528335571289
262.450592041,9.913311958312988,-17.51253890991211
262.600006103,9.912531852722168,-17.720529556274414
262.766021728,9.90674877166748,-17.92844581604004
262.965240478,9.892609596252441,-18.179828643798828
263.114654541,9.878746032714844,-18.361295700073242
263.313873291,9.860542297363281,-18.620651245117188
263.463287353,9.851702690124512,-18.82297706604004
263.662506103,9.847825050354004,-19.077463150024414
263.811920166,9.847644805908203,-19.259456634521484
263.961334228,9.84743881225586,-19.467449188232422
264.160552978,9.847192764282227,-19.719234466552734
264.309967041,9.84702205657959,-19.894390106201172
264.475982666,9.84682559967041,-20.095544815063477
264.675201416,9.846680641174316,-20.242040634155273
264.824615478,9.846680641174316,-20.242040634155273
264.974029541,9.846680641174316,-20.242040634155273
265.173248291,9.846680641174316,-20.242040634155273
265.322662353,9.846680641174316,-20.242040634155273
265.521881103,9.846619606018066,-20.304174423217773
265.671295166,9.84644889831543,-20.47933006286621
265.870513916,9.846206665039062,-20.72838020324707
266.019927978,9.84603214263916,-20.90627098083496
266.185943603,9.845808029174805,-21.13479232788086
266.335357666,9.845627784729004,-21.31678581237793
266.534576416,9.845383644104004,-21.567203521728516
266.683990478,9.845189094543457,-21.766990661621094
266.833404541,9.84501838684082,-21.94214630126953
267.032623291,9.844762802124023,-22.200769424438477
267.182037353,9.84455680847168,-22.408761978149414
267.381256103,9.844308853149414,-22.661914825439453
267.530670166,9.84414005279541,-22.835702896118164
267.729888916,9.843888282775879,-23.091590881347656
267.895904541,9.843682289123535,-23.299583435058594
268.045318603,9.843483924865723,-23.502105712890625
268.244537353,9.843235969543457,-23.755258560180664
268.393951416,9.843063354492188,-23.931781768798828
268.593170166,9.842805862426758,-24.1917724609375
268.742584228,9.84260368347168,-24.397029876708984
268.941802978,9.84235954284668,-24.64744758605957
269.091217041,9.842185020446777,-24.82533836364746
269.290435791,9.841927528381348,-25.085329055786133
269.456451416,9.84172534942627,-25.290586471557617
269.605865478,9.841523170471191,-25.4958438873291
269.755279541,9.841350555419922,-25.672367095947266
269.954498291,9.841093063354492,-25.932357788085938
270.103912353,9.840890884399414,-26.137615203857422
270.303131103,9.84065055847168,-26.385297775268555
270.452545166,9.840479850769043,-26.560453414916992
270.601959228,9.842488288879395,-26.768436431884766
270.801177978,9.847151756286621,-27.02838897705078
270.950592041,9.850391387939453,-27.208988189697266
271.149810791,9.854955673217773,-27.463470458984375
271.315826416,9.858661651611328,-27.67006492614746
271.415435791,9.860747337341309,-27.800046920776367
271.564849853,9.860713958740234,-27.999834060668945
271.714263916,9.85998821258545,-28.174989700317383
271.913482666,9.858927726745605,-28.430877685546875
272.062896728,9.858065605163574,-28.638870239257812
272.262115478,9.857010841369629,-28.893390655517578
272.411529541,9.856279373168945,-29.069913864135742
272.610748291,9.855236053466797,-29.321699142456055
272.760162353,9.854379653930664,-29.528324127197266
272.909576416,9.853625297546387,-29.710317611694336
273.125396728,9.852439880371094,-29.996307373046875
273.274810791,9.851685523986816,-30.178300857543945
273.424224853,9.850823402404785,-30.386293411254883
273.573638916,9.85009765625,-30.56144905090332
273.772857666,9.853132247924805,-30.813188552856445
273.922271728,9.870574951171875,-31.01766586303711
274.121490478,9.899296760559082,-31.273313522338867
274.270904541,9.918941497802734,-31.452863693237305
274.420318603,9.961688995361328,-31.656129837036133
274.586334228,10.044258117675781,-31.84502601623535
274.735748291,10.155674934387207,-31.986616134643555
274.885162353,10.3212890625,-32.106361389160156
275.084381103,10.55656909942627,-32.17483139038086
275.233795166,10.724653244018555,-32.177490234375
275.383209228,10.923196792602539,-32.15577697753906
275.532623291,11.102912902832031,-32.12704849243164
275.731842041,11.36036491394043,-32.090824127197266
275.881256103,11.560269355773926,-32.06845474243164
276.030670166,11.733553886413574,-32.055580139160156
276.180084228,11.936004638671875,-32.05027389526367
276.346099853,12.144000053405762,-32.05007553100586
276.495513916,12.323213577270508,-32.05413055419922
276.694732666,12.569300651550293,-32.06468963623047
276.844146728,12.774359703063965,-32.073875427246094
276.993560791,12.953447341918945,-32.081817626953125
277.142974853,13.161364555358887,-32.0875244140625
277.292388916,13.3419828414917,-32.089908599853516
277.441802978,13.539019584655762,-32.09250259399414
277.591217041,13.715533256530762,-32.09475326538086
277.740631103,13.919426918029785,-32.09470748901367
277.956451416,14.179427146911621,-32.094058990478516
278.105865478,14.383321762084961,-32.09354019165039
278.255279541,14.559847831726074,-32.09308624267578
278.404693603,14.765110969543457,-32.092567443847656
278.554107666,14.94710922241211,-32.09292984008789
278.703521728,15.15367603302002,-32.097930908203125
278.852935791,15.327261924743652,-32.10624694824219
279.052154541,15.57710075378418,-32.12330627441406
279.201568603,15.780512809753418,-32.1373291015625
279.350982666,15.962271690368652,-32.1466178894043
279.500396728,16.170188903808594,-32.15232467651367
279.649810791,16.3453426361084,-32.15378952026367
279.815826416,16.54648208618164,-32.156402587890625
280.015045166,16.806262969970703,-32.16680908203125
280.164459228,17.00971031188965,-32.18025588989258
280.313873291,17.187166213989258,-32.19270706176758
280.463287353,17.386640548706055,-32.20382308959961
280.662506103,17.639692306518555,-32.21076202392578
280.811920166,17.821685791015625,-32.211700439453125
280.961334228,18.029678344726562,-32.212493896484375
281.110748291,18.207569122314453,-32.213165283203125
281.260162353,18.408723831176758,-32.21392059326172
281.426177978,18.61534881591797,-32.21470642089844
281.575592041,18.79734230041504,-32.21540069580078
281.725006103,18.997095108032227,-32.218997955322266
281.874420166,19.169361114501953,-32.226173400878906
282.023834228,19.372833251953125,-32.23924255371094
282.223052978,19.629518508911133,-32.25642395019531
282.372467041,19.81133270263672,-32.26456832885742
282.521881103,20.016544342041016,-32.269004821777344
282.671295166,20.142059326171875,-32.270660400390625
282.870513916,20.142059326171875,-32.270660400390625
282.970123291,20.142059326171875,-32.270660400390625
283.185943603,20.145938873291016,-32.28254318237305
283.335357666,20.156091690063477,-32.44495391845703
283.534576416,20.050941467285156,-32.671173095703125
283.733795166,19.831832885742188,-32.80430603027344
283.933013916,19.574872970581055,-32.818763732910156
284.132232666,19.318944931030273,-32.793025970458984
284.331451416,19.062732696533203,-32.808815002441406
284.530670166,18.81797218322754,-32.885826110839844
284.680084228,18.634748458862305,-32.98398971557617
284.895904541,18.425708770751953,-33.12669372558594
285.095123291,18.21515655517578,-33.27922439575195
285.294342041,18.003026962280273,-33.42955780029297
285.493560791,17.793962478637695,-33.577110290527344
285.692779541,17.579273223876953,-33.72127914428711
285.842193603,17.40751075744629,-33.82858657836914
286.041412353,17.18419647216797,-33.96173095703125
286.240631103,16.9627685546875,-34.089996337890625
286.390045166,16.808704376220703,-34.181640625
286.605865478,16.56281852722168,-34.32501983642578
286.805084228,16.338502883911133,-34.45647430419922
287.004302978,16.1156063079834,-34.590335845947266
287.203521728,15.892081260681152,-34.72313690185547
287.402740478,15.670487403869629,-34.853816986083984
287.601959228,15.454679489135742,-34.983516693115234
287.801177978,15.235586166381836,-35.1103515625
288.000396728,15.013468742370605,-35.23741912841797
288.149810791,14.856986999511719,-35.32765579223633
288.365631103,14.61279010772705,-35.47119903564453
288.564849853,14.391575813293457,-35.60251998901367
288.764068603,14.164652824401855,-35.72941589355469
288.963287353,14.092817306518555,-35.768959045410156
289.162506103,14.092817306518555,-35.768959045410156
289.361724853,14.092817306518555,-35.768959045410156
289.560943603,14.092817306518555,-35.768959045410156
289.760162353,14.092817306518555,-35.768959045410156
289.975982666,14.092817306518555,-35.768959045410156
290.175201416,14.092817306518555,-35.768959045410156
290.374420166,14.037896156311035,-35.79878616333008
290.573638916,13.808627128601074,-35.91707992553711
290.723052978,13.622638702392578,-36.010215759277344
290.922271728,13.393500328063965,-36.132991790771484
291.121490478,13.170565605163574,-36.26677322387695
291.320709228,12.94839096069336,-36.40182876586914
291.420318603,12.838471412658691,-36.46864318847656
291.636138916,12.617496490478516,-36.60564041137695
291.835357666,12.39401912689209,-36.73850631713867
292.034576416,12.169368743896484,-36.8693962097168
292.233795166,11.950458526611328,-36.99653625488281
292.433013916,11.723213195800781,-37.12285614013672
292.632232666,11.496208190917969,-37.24961471557617
292.831451416,11.27049446105957,-37.378662109375
293.030670166,11.04498291015625,-37.508056640625
293.229888916,10.826668739318848,-37.627906799316406
293.445709228,10.586502075195312,-37.759132385253906
293.644927978,10.361367225646973,-37.886390686035156
293.844146728,10.147613525390625,-38.0317497253418
294.043365478,9.974831581115723,-38.204410552978516
294.192779541,9.883841514587402,-38.36152648925781
294.391998291,9.814417839050293,-38.61142349243164
294.541412353,9.802108764648438,-38.818782806396484
294.740631103,9.807072639465332,-39.07872772216797
294.890045166,9.815174102783203,-39.26054763793945
295.105865478,9.820088386535645,-39.54102325439453
295.255279541,9.815633773803711,-39.72294616699219
295.404693603,9.796976089477539,-39.93008041381836
295.603912353,9.76500415802002,-40.178436279296875
295.753326416,9.736899375915527,-40.354095458984375
295.952545166,9.694947242736816,-40.603763580322266
296.101959228,9.65921401977539,-40.807281494140625
296.301177978,9.615805625915527,-41.06363296508789
296.450592041,9.586299896240234,-41.243228912353516
296.649810791,9.546282768249512,-41.49042892456055
296.815826416,9.515740394592285,-41.68925476074219
297.015045166,9.48116683959961,-41.94694137573242
297.164459228,9.45329761505127,-42.1530647277832
297.363677978,9.418703079223633,-42.39970779418945
297.513092041,9.397364616394043,-42.57080078125
297.712310791,9.3682279586792,-42.82227325439453
297.911529541,9.336179733276367,-43.080291748046875
298.060943603,9.308798789978027,-43.28647994995117
298.260162353,9.276437759399414,-43.536170959472656
298.426177978,9.250597953796387,-43.737037658691406
298.575592041,9.22671127319336,-43.91608428955078
298.774810791,9.193523406982422,-44.17395782470703
298.924224853,9.16592788696289,-44.37736129760742
299.123443603,9.134978294372559,-44.62586212158203
299.272857666,9.113771438598633,-44.79974365234375
299.472076416,9.083273887634277,-45.055198669433594
299.671295166,9.048784255981445,-45.31290817260742
299.820709228,9.02392578125,-45.5194091796875
299.970123291,9.00485897064209,-45.69765090942383
300.185943603,8.976873397827148,-45.96989440917969
300.335357666,8.958096504211426,-46.150917053222656
300.534576416,8.929364204406738,-46.40657043457031
300.683990478,8.907622337341309,-46.60792922973633
300.883209228,8.879205703735352,-46.863616943359375
301.032623291,8.859452247619629,-47.04452896118164
301.231842041,8.829033851623535,-47.302738189697266
301.381256103,8.803956985473633,-47.50370788574219
301.580474853,8.772059440612793,-47.75345993041992
301.729888916,8.747425079345703,-47.929649353027344
301.945709228,8.714726448059082,-48.212379455566406
302.095123291,8.698260307312012,-48.38813018798828
302.294342041,8.677571296691895,-48.63906478881836
302.493560791,8.656893730163574,-48.89274978637695
302.642974853,8.636847496032715,-49.09977340698242
302.842193603,8.608777046203613,-49.35686111450195
302.991607666,8.587494850158691,-49.53209686279297
303.190826416,8.555721282958984,-49.78462600708008
303.390045166,8.520256996154785,-50.04219436645508
303.556060791,8.492560386657715,-50.2469596862793
303.755279541,8.471986770629883,-50.49512481689453
303.904693603,8.45541763305664,-50.69971466064453
304.103912353,8.433238983154297,-50.958763122558594
304.253326416,8.417567253112793,-51.14008331298828
304.452545166,8.391161918640137,-51.38909912109375
304.601959228,8.371681213378906,-51.5920524597168
304.801177978,8.347500801086426,-51.84679412841797
304.950592041,8.327747344970703,-52.027706146240234
305.149810791,8.300939559936523,-52.282188415527344
305.315826416,8.276737213134766,-52.484649658203125
305.515045166,8.248926162719727,-52.74314498901367
305.664459228,8.230511665344238,-52.950321197509766
305.863677978,8.205009460449219,-53.200809478759766
306.062896728,8.182376861572266,-53.44881820678711
306.212310791,8.166783332824707,-53.62190246582031
306.411529541,8.141011238098145,-53.880615234375
306.610748291,8.12095832824707,-54.139835357666016
306.760162353,8.103245735168457,-54.34020233154297
306.926177978,8.082656860351562,-54.53892517089844
307.125396728,8.058326721191406,-54.7963981628418
307.324615478,8.029448509216309,-55.05341339111328
307.474029541,8.010502815246582,-55.2275390625
307.673248291,7.986917018890381,-55.47684097290039
307.822662353,7.9658026695251465,-55.67826461791992
308.021881103,7.942072868347168,-55.937164306640625
308.171295166,7.929835796356201,-56.11875534057617
308.370513916,7.909255504608154,-56.36970520019531
308.536529541,7.891843795776367,-56.57011032104492
308.735748291,7.872727394104004,-56.82254409790039
308.785552978,7.865975856781006,-56.90024948120117
308.984771728,7.841231822967529,-57.157684326171875
309.134185791,7.829201698303223,-57.287757873535156
309.333404541,7.82911491394043,-57.288753509521484
309.482818603,7.82911491394043,-57.288753509521484
309.632232666,7.82911491394043,-57.288753509521484
309.831451416,7.859220027923584,-57.29759979248047
309.980865478,7.942413806915283,-57.28477478027344
310.130279541,8.068680763244629,-57.20480728149414
310.296295166,8.174748420715332,-57.03447341918945
310.495513916,8.196852684020996,-56.78608703613281
310.694732666,8.118109703063965,-56.53899002075195
310.893951416,8.018488883972168,-56.30033493041992
311.093170166,7.947056293487549,-56.060691833496094
311.242584228,7.926970481872559,-55.85942459106445
311.441802978,7.945141315460205,-55.607181549072266
311.641021728,7.996758460998535,-55.352413177490234
311.840240478,8.057432174682617,-55.101009368896484
312.006256103,8.10368824005127,-54.899627685546875
312.205474853,8.156909942626953,-54.64793014526367
312.404693603,8.198123931884766,-54.391239166259766
312.554107666,8.223525047302246,-54.213783264160156
312.753326416,8.258157730102539,-53.964385986328125
312.952545166,8.296205520629883,-53.70994567871094
313.151763916,8.328978538513184,-53.452022552490234
313.301177978,8.354131698608398,-53.24830627441406
313.500396728,8.384434700012207,-52.998348236083984
313.716217041,8.416504859924316,-52.747230529785156
313.915435791,8.446621894836426,-52.49449920654297
314.064849853,8.473411560058594,-52.28822326660156
314.264068603,8.506057739257812,-52.039939880371094
314.463287353,8.539033889770508,-51.79583740234375
314.662506103,8.57343864440918,-51.54779052734375
314.811920166,8.599512100219727,-51.3718147277832
315.011138916,8.630414962768555,-51.11366271972656
315.210357666,8.660116195678711,-50.860870361328125
315.359771728,8.678561210632324,-50.68393325805664
315.575592041,8.710572242736816,-50.41075134277344
315.774810791,8.739602088928223,-50.152381896972656
315.924224853,8.765229225158691,-49.94872283935547
316.123443603,8.793266296386719,-49.70125198364258
316.322662353,8.82339096069336,-49.4567756652832
316.521881103,8.853775978088379,-49.20820236206055
316.671295166,8.872373580932617,-49.032657623291016
316.870513916,8.898547172546387,-48.77397537231445
317.036529541,8.918540954589844,-48.5696907043457
317.235748291,8.947978019714355,-48.31549072265625
317.434967041,8.976679801940918,-48.057090759277344
317.584381103,9.00078296661377,-47.85049057006836
317.783599853,9.029767990112305,-47.597618103027344
317.982818603,9.059219360351562,-47.34617614746094
318.132232666,9.081003189086914,-47.16823959350586
318.331451416,9.110602378845215,-46.90993881225586
318.530670166,9.142794609069824,-46.65470504760742
318.680084228,9.164043426513672,-46.45467758178711
318.895904541,9.189729690551758,-46.2055778503418
319.095123291,9.21533203125,-45.94685363769531
319.244537353,9.234370231628418,-45.74385452270508
319.443756103,9.25947380065918,-45.49882125854492
319.642974853,9.283329963684082,-45.252288818359375
319.792388916,9.303300857543945,-45.07827377319336
319.991607666,9.330537796020508,-44.82109069824219
320.190826416,9.357460975646973,-44.563873291015625
320.390045166,9.384224891662598,-44.31351089477539
320.556060791,9.401764869689941,-44.11312484741211
320.755279541,9.424752235412598,-43.854148864746094
320.954498291,9.4483060836792,-43.59796905517578
321.103912353,9.466368675231934,-43.3962516784668
321.303131103,9.49343490600586,-43.1431770324707
321.502349853,9.517647743225098,-42.88431930541992
321.701568603,9.541044235229492,-42.62538528442383
321.900787353,9.566102027893066,-42.37484359741211
322.100006103,9.58484935760498,-42.12512969970703
322.249420166,9.599960327148438,-41.943756103515625
322.465240478,9.62674617767334,-41.66039276123047
322.664459228,9.646354675292969,-41.40800094604492
322.813873291,9.66322135925293,-41.2281608581543
323.013092041,9.685802459716797,-40.96914291381836
323.212310791,9.707082748413086,-40.7127685546875
323.411529541,9.735077857971191,-40.457027435302734
323.610748291,9.762415885925293,-40.202606201171875
323.809967041,9.790304183959961,-39.94411087036133
323.975982666,9.811614990234375,-39.7413330078125
324.175201416,9.831685066223145,-39.48486328125
324.374420166,9.853449821472168,-39.22578048706055
324.573638916,9.871742248535156,-38.98015594482422
324.772857666,9.886934280395508,-38.73430633544922
324.972076416,9.917168617248535,-38.48167419433594
325.171295166,9.986634254455566,-38.23159408569336
325.320709228,10.08667278289795,-38.049922943115234
325.536529541,10.272454261779785,-37.8695068359375
325.685943603,10.447813987731934,-37.76047897338867
325.835357666,10.611376762390137,-37.68403625488281
326.034576416,10.84493350982666,-37.59372329711914
326.183990478,11.035172462463379,-37.5203742980957
326.333404541,11.204117774963379,-37.452701568603516
326.532623291,11.443594932556152,-37.351470947265625
326.682037353,11.627720832824707,-37.26393508911133
326.831451416,11.787785530090332,-37.1832160949707
326.980865478,11.970218658447266,-37.08914566040039
327.180084228,12.1986665725708,-36.9679069519043
327.296295166,12.314497947692871,-36.90888595581055
327.495513916,12.546235084533691,-36.79098892211914
327.644927978,12.730051040649414,-36.69964599609375
327.794342041,12.891373634338379,-36.62469482421875
327.993560791,13.131815910339355,-36.529502868652344
328.142974853,13.323874473571777,-36.46107864379883
328.292388916,13.498551368713379,-36.41006851196289
328.441802978,13.700794219970703,-36.36162567138672
328.591217041,13.88024616241455,-36.33147048950195
328.690826416,14.00809383392334,-36.31739044189453
328.840240478,14.207605361938477,-36.30768585205078
328.989654541,14.318245887756348,-36.3056640625
329.155670166,14.318245887756348,-36.3056640625
329.305084228,14.318245887756348,-36.3056640625
329.504302978,14.318245887756348,-36.3056640625
329.653717041,14.318245887756348,-36.3056640625
329.803131103,14.330743789672852,-36.30543518066406
329.952545166,14.496394157409668,-36.2904167175293
330.101959228,14.696685791015625,-36.235618591308594
330.251373291,14.86036491394043,-36.15641403198242
330.450592041,15.074114799499512,-36.01597595214844
330.600006103,15.229596138000488,-35.8994255065918
330.815826416,15.431987762451172,-35.7519645690918
330.965240478,15.605149269104004,-35.636756896972656
331.114654541,15.755378723144531,-35.546756744384766
331.313873291,15.984057426452637,-35.42899703979492
331.463287353,16.172969818115234,-35.34196853637695
331.612701416,16.338481903076172,-35.26628494262695
331.762115478,16.528743743896484,-35.182247161865234
331.961334228,16.767147064208984,-35.078514099121094
332.110748291,16.93553352355957,-35.00944900512695
332.260162353,17.125350952148438,-34.93501663208008
332.426177978,17.31629753112793,-34.86353302001953
332.625396728,17.560564041137695,-34.7828483581543
332.774810791,17.729684829711914,-34.732269287109375
332.924224853,17.921117782592773,-34.685733795166016
333.073638916,18.095144271850586,-34.656307220458984
333.272857666,18.349987030029297,-34.634178161621094
333.422271728,18.557926177978516,-34.629276275634766
333.571685791,18.739803314208984,-34.622589111328125
333.721099853,18.94214630126953,-34.61399459838867
333.920318603,19.193998336791992,-34.58897399902344
334.036529541,19.322431564331055,-34.56892013549805
334.235748291,19.578163146972656,-34.52202224731445
334.385162353,19.775333404541016,-34.489803314208984
334.534576416,19.948270797729492,-34.462005615234375
334.683990478,20.152143478393555,-34.42087936401367
334.883209228,20.406030654907227,-34.37176513671875
335.032623291,20.585939407348633,-34.344261169433594
335.182037353,20.79206085205078,-34.31639862060547
335.331451416,20.96613883972168,-34.29702377319336
335.480865478,21.16516876220703,-34.27967834472656
335.630279541,21.341333389282227,-34.2684211730957
335.829498291,21.59817886352539,-34.25381851196289
335.995513916,21.8035945892334,-34.23189163208008
336.144927978,22.00274085998535,-34.203548431396484
336.294342041,22.1766300201416,-34.18252182006836
336.443756103,22.376676559448242,-34.16142272949219
336.642974853,22.63233184814453,-34.122642517089844
336.792388916,22.811004638671875,-34.08805847167969
336.941802978,23.014211654663086,-34.04365539550781
337.141021728,23.264205932617188,-33.98902130126953
337.290435791,23.434154510498047,-33.9466438293457
337.489654541,23.682666778564453,-33.87030792236328
337.655670166,23.877220153808594,-33.80488967895508
337.805084228,24.070512771606445,-33.73582077026367
338.004302978,24.314937591552734,-33.647178649902344
338.153717041,24.48859405517578,-33.592811584472656
338.303131103,24.690956115722656,-33.54491424560547
338.502349853,24.942434310913086,-33.5059928894043
338.651763916,25.12136459350586,-33.4813117980957
338.801177978,25.326087951660156,-33.44464874267578
338.950592041,25.498979568481445,-33.4028434753418
339.149810791,25.74734878540039,-33.33579635620117
339.315826416,25.94594383239746,-33.28974151611328
339.465240478,26.140432357788086,-33.2504768371582
339.614654541,26.31170654296875,-33.21378707885742
339.764068603,26.507753372192383,-33.17535400390625
339.963287353,26.758310317993164,-33.13929748535156
340.112701416,26.939125061035156,-33.11857604980469
340.262115478,27.146228790283203,-33.09929656982422
340.411529541,27.320552825927734,-33.08218002319336
340.560943603,27.523818969726562,-33.05388641357422
340.760162353,27.777786254882812,-33.01284408569336
340.926177978,27.978347778320312,-32.976234436035156
341.075592041,28.155075073242188,-32.93284225463867
341.225006103,28.356069564819336,-32.88505554199219
341.424224853,28.603561401367188,-32.84750747680664
341.573638916,28.780765533447266,-32.83186721801758
341.723052978,28.985374450683594,-32.81551742553711
341.872467041,29.167072296142578,-32.80508804321289
342.071685791,29.42010498046875,-32.797340393066406
342.221099853,29.62125587463379,-32.79666519165039
342.370513916,29.7950439453125,-32.797122955322266
342.519927978,29.97293472290039,-32.79759216308594
342.685943603,30.20145606994629,-32.79794692993164
342.835357666,30.383241653442383,-32.78981399536133
343.034576416,30.63433837890625,-32.75831985473633
343.183990478,30.83612823486328,-32.720699310302734
343.333404541,31.009662628173828,-32.68833541870117
343.482818603,31.20955467224121,-32.64818572998047
343.632232666,31.37486457824707,-32.60440444946289
343.831451416,31.605045318603516,-32.503883361816406
343.980865478,31.761516571044922,-32.37846374511719
344.180084228,31.90548324584961,-32.168128967285156
344.346099853,31.98140525817871,-31.98199462890625
344.545318603,32.046104431152344,-31.74019432067871
344.694732666,32.079307556152344,-31.561267852783203
344.893951416,32.12190246582031,-31.30478858947754
345.093170166,32.16424560546875,-31.048269271850586
345.292388916,32.20897674560547,-30.794944763183594
345.491607666,32.269248962402344,-30.542057037353516
345.690826416,32.33525466918945,-30.29058265686035
345.840240478,32.39027786254883,-30.089990615844727
346.056060791,32.45795440673828,-29.838958740234375
346.205474853,32.5130729675293,-29.64550018310547
346.404693603,32.580806732177734,-29.402999877929688
346.603912353,32.64569091796875,-29.158302307128906
346.803131103,32.71339416503906,-28.912960052490234
346.952545166,32.76215362548828,-28.741880416870117
347.151763916,32.830535888671875,-28.491046905517578
347.350982666,32.873477935791016,-28.325014114379883
347.550201416,32.873477935791016,-28.325014114379883
347.716217041,32.873477935791016,-28.325014114379883
347.915435791,32.873477935791016,-28.325014114379883
348.064849853,32.873477935791016,-28.325014114379883
348.264068603,32.873477935791016,-28.325014114379883
348.463287353,32.917911529541016,-28.138744354248047
348.612701416,32.95263671875,-27.960121154785156
348.712310791,32.97260665893555,-27.831661224365234
348.911529541,33.015445709228516,-27.575225830078125
349.110748291,33.06542205810547,-27.324268341064453
349.260162353,33.10902786254883,-27.129301071166992
349.475982666,33.1659049987793,-26.8896427154541
349.675201416,33.22788619995117,-26.644201278686523
349.824615478,33.282569885253906,-26.44636344909668
350.023834228,33.358821868896484,-26.19780921936035
350.223052978,33.437782287597656,-25.951528549194336
350.422271728,33.51309585571289,-25.702680587768555
350.571685791,33.562442779541016,-25.52892303466797
350.770904541,33.60772705078125,-25.365310668945312
350.970123291,33.66481399536133,-25.15167999267578
351.136138916,33.71591567993164,-24.955711364746094
351.335357666,33.77979278564453,-24.710750579833984
351.534576416,33.84599685668945,-24.460742950439453
351.683990478,33.89893341064453,-24.261011123657227
351.883209228,33.96974182128906,-24.01369857788086
352.082427978,34.04716491699219,-23.769804000854492
352.231842041,34.10258483886719,-23.600765228271484
352.431060791,34.17617416381836,-23.362836837768555
352.630279541,34.24742889404297,-23.12276840209961
352.796295166,34.30461883544922,-22.928485870361328
352.995513916,34.37164306640625,-22.68862533569336
353.194732666,34.43415451049805,-22.47489356994629
353.344146728,34.4917106628418,-22.2750186920166
353.543365478,34.55834197998047,-22.030799865722656
353.742584228,34.622535705566406,-21.78168296813965
353.891998291,34.67111587524414,-21.610551834106445
354.091217041,34.744300842285156,-21.366779327392578
354.290435791,34.821189880371094,-21.127029418945312
354.456451416,34.88500213623047,-20.93482208251953
354.655670166,34.958438873291016,-20.692562103271484
354.805084228,35.0145263671875,-20.495113372802734
355.004302978,35.08723449707031,-20.245498657226562
355.203521728,35.15892791748047,-19.995586395263672
355.402740478,35.21549987792969,-19.806371688842773
355.552154541,35.21549987792969,-19.806371688842773
355.751373291,35.21549987792969,-19.806371688842773
355.950592041,35.21549987792969,-19.806371688842773
356.149810791,35.21549987792969,-19.806371688842773
356.365631103,35.21549987792969,-19.806371688842773
356.564849853,35.21549987792969,-19.806371688842773
356.714263916,35.248592376708984,-19.68379020690918
356.913482666,35.295310974121094,-19.42807388305664
357.112701416,35.3304557800293,-19.174604415893555
357.311920166,35.36862564086914,-18.92573356628418
357.461334228,35.404720306396484,-18.729236602783203
357.660552978,35.46745300292969,-18.481231689453125
357.859771728,35.53293991088867,-18.2608642578125
358.025787353,35.601844787597656,-18.04441261291504
358.225006103,35.68114471435547,-17.801115036010742
358.424224853,35.75835418701172,-17.5528507232666
358.623443603,35.833683013916016,-17.30400848388672
358.772857666,35.88619613647461,-17.129751205444336
358.972076416,35.96312713623047,-16.884262084960938
359.171295166,36.0406608581543,-16.643274307250977
359.370513916,36.120243072509766,-16.401506423950195
359.536529541,36.18558883666992,-16.20836639404297
359.735748291,36.265174865722656,-15.966606140136719
359.934967041,36.342384338378906,-15.726943969726562
360.134185791,36.420013427734375,-15.485979080200195
360.333404541,36.49344253540039,-15.248004913330078
360.532623291,36.5695915222168,-15.005148887634277
360.731842041,36.65066909790039,-14.762435913085938
360.931060791,36.72820281982422,-14.518576622009277
361.130279541,36.80549240112305,-14.270336151123047
361.296295166,36.86685562133789,-14.07876968383789
361.495513916,36.94453430175781,-13.834954261779785
361.694732666,37.0126838684082,-13.626029968261719
361.844146728,37.01332473754883,-13.624135971069336
362.043365478,37.01332473754883,-13.624135971069336
362.242584228,37.01332473754883,-13.624135971069336
362.441802978,37.01332473754883,-13.624135971069336
362.591217041,37.01332473754883,-13.624135971069336
362.790435791,37.01332473754883,-13.624135971069336
363.006256103,37.01332473754883,-13.624135971069336
363.155670166,37.01332473754883,-13.624135971069336
363.354888916,37.050533294677734,-13.503769874572754
363.554107666,37.11208724975586,-13.25119686126709
363.753326416,37.166927337646484,-12.997051239013672
363.952545166,37.22620391845703,-12.752348899841309
364.151763916,37.29880905151367,-12.505563735961914
364.350982666,37.379180908203125,-12.262628555297852
364.550201416,37.47132110595703,-12.020976066589355
364.749420166,37.566951751708984,-11.786576271057129
364.915435791,37.64771270751953,-11.59489917755127
365.114654541,37.748504638671875,-11.36117935180664
365.313873291,37.84480285644531,-11.127083778381348
365.513092041,37.91618347167969,-10.885785102844238
365.712310791,37.96474075317383,-10.637378692626953
365.911529541,38.014869689941406,-10.389320373535156
366.110748291,38.108612060546875,-10.1519775390625
366.309967041,38.270503997802734,-9.95037841796875
366.475982666,38.44352340698242,-9.84115982055664
366.625396728,38.638153076171875,-9.782076835632324
366.774810791,38.81818771362305,-9.755971908569336
366.974029541,39.077632904052734,-9.739323616027832
367.123443603,39.17706298828125,-9.735095024108887
367.272857666,39.17706298828125,-9.735095024108887
367.472076416,39.17706298828125,-9.735095024108887
367.621490478,39.17706298828125,-9.735095024108887
367.820709228,39.17706298828125,-9.735095024108887
367.970123291,39.17706298828125,-9.735095024108887
368.136138916,39.17706298828125,-9.735095024108887
368.335357666,39.17706298828125,-9.735095024108887
368.484771728,39.17706298828125,-9.735095024108887
368.584381103,39.17706298828125,-9.735095024108887
368.733795166,39.29050064086914,-9.7314453125
368.933013916,39.55039596557617,-9.724712371826172
369.082427978,39.75543212890625,-9.715824127197266
369.281646728,40.00261688232422,-9.677309036254883
369.431060791,40.17442321777344,-9.631271362304688
369.630279541,40.41865158081055,-9.559606552124023
369.779693603,40.587581634521484,-9.518851280212402
369.945709228,40.81292724609375,-9.473557472229004
370.144927978,41.06983184814453,-9.444549560546875
370.294342041,41.24753189086914,-9.436387062072754
370.493560791,41.50200271606445,-9.43177604675293
370.642974853,41.7086181640625,-9.43393611907959
370.792388916,41.890541076660156,-9.439064979553223
370.941802978,42.095584869384766,-9.44838809967041
371.091217041,42.271915435791016,-9.45661735534668
371.290435791,42.52349853515625,-9.466689109802246
371.456451416,42.730106353759766,-9.469470024108887
371.605865478,42.93537521362305,-9.46998119354248
371.755279541,43.11190414428711,-9.470419883728027
371.954498291,43.36643600463867,-9.471053123474121
372.103912353,43.57307434082031,-9.47156810760498
372.253326416,43.75508117675781,-9.47202205657959
372.452545166,44.006874084472656,-9.472647666931152
372.601959228,44.20529556274414,-9.473139762878418
372.751373291,44.380455017089844,-9.4735746383667
372.900787353,44.588462829589844,-9.474093437194824
373.100006103,44.848472595214844,-9.47474193572998
373.266021728,45.055110931396484,-9.47525691986084
373.415435791,45.233009338378906,-9.475699424743652
373.614654541,45.493019104003906,-9.476347923278809
373.764068603,45.69691848754883,-9.476855278015137
373.913482666,45.86933898925781,-9.477282524108887
374.112701416,46.123870849609375,-9.47791576385498
374.262115478,46.330509185791016,-9.47843074798584
374.411529541,46.512516021728516,-9.47888469696045
374.610748291,46.76567840576172,-9.478104591369629
374.760162353,46.96546936035156,-9.476712226867676
374.909576416,47.139259338378906,-9.47550106048584
375.075592041,47.34041976928711,-9.474099159240723
375.225006103,47.54842758178711,-9.472649574279785
375.424224853,47.80432891845703,-9.470866203308105
375.573638916,47.979488372802734,-9.469645500183105
375.772857666,48.239498138427734,-9.467833518981934
375.922271728,48.447505950927734,-9.466383934020996
376.071685791,48.628143310546875,-9.46512508392334
376.270904541,48.877197265625,-9.46338939666748
376.420318603,49.0783576965332,-9.461987495422363
376.569732666,49.2603645324707,-9.460719108581543
376.735748291,49.4683723449707,-9.459269523620605
376.934967041,49.71742630004883,-9.457533836364746
377.084381103,49.92132568359375,-9.456600189208984
377.233795166,50.10333251953125,-9.45762825012207
377.433013916,50.35786437988281,-9.459066390991211
377.582427978,50.56450271606445,-9.460233688354492
377.731842041,50.739662170410156,-9.461223602294922
377.931060791,50.99693298339844,-9.462677001953125
378.080474853,51.20494079589844,-9.463851928710938
378.229888916,51.38557815551758,-9.464872360229492
378.445709228,51.66337203979492,-9.466442108154297
378.595123291,51.84537887573242,-9.467470169067383
378.744537353,52.05201721191406,-9.468637466430664
378.943756103,52.305179595947266,-9.470067977905273
379.093170166,52.48033905029297,-9.471057891845703
379.242584228,52.68834686279297,-9.472232818603516
379.441802978,52.94835662841797,-9.473701477050781
379.591217041,53.12899398803711,-9.474721908569336
379.740631103,53.32878494262695,-9.475851058959961
379.956451416,53.584686279296875,-9.477296829223633
380.105865478,53.792694091796875,-9.47797966003418
380.255279541,53.96921157836914,-9.476268768310547
380.454498291,54.22372055053711,-9.473690032958984
380.603912353,54.398502349853516,-9.471918106079102
380.803131103,54.6489143371582,-9.469379425048828
380.952545166,54.82679748535156,-9.46757698059082
381.151763916,55.086769104003906,-9.464944839477539
381.301177978,55.292015075683594,-9.462865829467773
381.500396728,55.54106140136719,-9.46034049987793
381.649810791,55.714847564697266,-9.458578109741211
381.865631103,55.99263000488281,-9.45803451538086
382.015045166,56.17461013793945,-9.460210800170898
382.214263916,56.42502212524414,-9.46320629119873
382.363677978,56.62617111206055,-9.465612411499023
382.562896728,56.87521743774414,-9.468591690063477
382.712310791,57.05719757080078,-9.470767974853516
382.911529541,57.317169189453125,-9.473876953125
383.110748291,57.57168197631836,-9.475741386413574
383.260162353,57.7714729309082,-9.474976539611816
383.409576416,57.950740814208984,-9.474291801452637
383.575592041,58.157379150390625,-9.473503112792969
383.774810791,58.40506362915039,-9.472554206848145
383.924224853,58.604854583740234,-9.471789360046387
384.123443603,58.85390853881836,-9.47083568572998
384.272857666,59.03591537475586,-9.470141410827637
384.472076416,59.29592514038086,-9.469149589538574
384.621490478,59.49708557128906,-9.468379974365234
384.820709228,59.74477005004883,-9.46743106842041
384.970123291,59.91856002807617,-9.466765403747559
385.136138916,60.12519836425781,-9.46597671508789
385.335357666,60.382469177246094,-9.464994430541992
385.484771728,60.58226013183594,-9.464229583740234
385.683990478,60.83542251586914,-9.463261604309082
385.833404541,61.01742935180664,-9.462567329406738
385.982818603,61.22543716430664,-9.461773872375488
386.082427978,61.3499641418457,-9.461297035217285
386.231842041,61.50149154663086,-9.46071720123291
386.431060791,61.50149154663086,-9.46071720123291
386.580474853,61.50149154663086,-9.46071720123291
386.796295166,61.50149154663086,-9.46071720123291
386.945709228,61.50149154663086,-9.46071720123291
387.144927978,61.50149154663086,-9.46071720123291
387.294342041,61.64099884033203,-9.460185050964355
387.443756103,61.84763717651367,-9.459396362304688
387.642974853,62.10490798950195,-9.458414077758789
387.792388916,62.28691482543945,-9.457719802856445
387.941802978,62.493553161621094,-9.456931114196777
388.141021728,62.74260711669922,-9.455977439880371
388.340240478,62.9930305480957,-9.456679344177246
388.506256103,63.196929931640625,-9.457831382751465
388.655670166,63.378936767578125,-9.45885944366455
388.854888916,63.62936019897461,-9.460274696350098
389.004302978,63.83325958251953,-9.461426734924316
389.203521728,64.08641815185547,-9.462857246398926
389.352935791,64.26842498779297,-9.463885307312012
389.552154541,64.52706146240234,-9.465346336364746
389.701568603,64.72957611083984,-9.466490745544434
389.900787353,64.98271942138672,-9.467921257019043
390.050201416,65.16472625732422,-9.468949317932129
390.266021728,65.44661712646484,-9.470541954040527
390.415435791,65.62313079833984,-9.471539497375488
390.614654541,65.87902069091797,-9.47298526763916
390.764068603,66.08702850341797,-9.474160194396973
390.963287353,66.3429183959961,-9.475605964660645
391.112701416,66.52080535888672,-9.476611137390137
391.311920166,66.77806854248047,-9.477818489074707
391.461334228,66.9860610961914,-9.475630760192871
391.660552978,67.24092864990234,-9.455641746520996
391.809967041,67.4184799194336,-9.415993690490723
391.975982666,67.61690521240234,-9.353675842285156
392.125396728,67.8121566772461,-9.290327072143555
392.324615478,68.06288146972656,-9.221848487854004
392.523834228,68.3134994506836,-9.177997589111328
392.673248291,68.49088287353516,-9.16562557220459
392.872467041,68.73982238769531,-9.170166015625
393.021881103,68.94469451904297,-9.18291187286377
393.221099853,69.20384216308594,-9.204038619995117
393.370513916,69.32295227050781,-9.213733673095703
393.536529541,69.38594055175781,-9.218116760253906
393.735748291,69.63469696044922,-9.230096817016602
393.885162353,69.8108139038086,-9.233885765075684
394.084381103,70.05420684814453,-9.234667778015137
394.283599853,70.30602264404297,-9.234501838684082
394.433013916,70.48529815673828,-9.234383583068848
394.632232666,70.7412109375,-9.234214782714844
394.781646728,70.94921875,-9.234077453613281
394.980865478,71.209228515625,-9.233905792236328
395.180084228,71.46514129638672,-9.233736991882324
395.346099853,71.67314910888672,-9.233599662780762
395.545318603,71.92633056640625,-9.23343276977539
395.694732666,72.10697174072266,-9.23331356048584
395.844146728,72.31224822998047,-9.23317813873291
396.043365478,72.57089233398438,-9.233007431030273
396.192779541,72.72242736816406,-9.232906341552734
396.342193603,72.83592987060547,-9.232829093933105
396.541412353,73.09593963623047,-9.232657432556152
396.690826416,73.27794647216797,-9.232537269592285
396.890045166,73.52839660644531,-9.232372283935547
397.056060791,73.72821044921875,-9.232240676879883
397.255279541,73.98822021484375,-9.23206901550293
397.404693603,74.19349670410156,-9.23193359375
397.603912353,74.4466781616211,-9.231766700744629
397.753326416,74.62322235107422,-9.231650352478027
397.952545166,74.88323211669922,-9.231478691101074
398.101959228,75.09123992919922,-9.231341361999512
398.301177978,75.34578704833984,-9.231173515319824
398.450592041,75.52096557617188,-9.231058120727539
398.649810791,75.78097534179688,-9.230886459350586
398.815826416,75.98898315429688,-9.230749130249023
398.965240478,76.19425964355469,-9.230613708496094
399.164459228,76.40992736816406,-9.230469703674316
399.313873291,76.58647155761719,-9.230353355407715
399.513092041,76.83419036865234,-9.23019027709961
399.662506103,77.03673553466797,-9.230056762695312
399.861724853,77.06672668457031,-9.230034828186035
400.011138916,77.06672668457031,-9.230034828186035
400.210357666,77.06672668457031,-9.230034828186035
400.376373291,77.24226379394531,-9.229918479919434
400.575592041,77.49681091308594,-9.229750633239746
400.725006103,77.69935607910156,-9.22961711883545
400.924224853,77.95936584472656,-9.229445457458496
401.073638916,78.14137268066406,-9.229325294494629
401.272857666,78.28881072998047,-9.229227066040039
401.422271728,78.28881072998047,-9.229227066040039
401.621490478,78.48030853271484,-9.229098320007324
401.770904541,78.6373062133789,-9.22899341583252
401.970123291,78.64030456542969,-9.22899055480957
402.136138916,78.81757354736328,-9.228872299194336
402.335357666,79.07621765136719,-9.2287015914917
402.484771728,79.28422546386719,-9.228564262390137
402.683990478,79.53604125976562,-9.228398323059082
402.833404541,79.70848846435547,-9.22828483581543
403.032623291,79.96576690673828,-9.22811508178711
403.182037353,80.1710433959961,-9.22797966003418
403.381256103,80.4310531616211,-9.227807998657227
403.530670166,80.60486602783203,-9.227693557739258
403.729888916,80.85531616210938,-9.22752857208252
403.895904541,81.0564956665039,-9.227396011352539
404.095123291,81.31513977050781,-9.227225303649902
404.244537353,81.51631927490234,-9.227092742919922
404.443756103,81.77086639404297,-9.226924896240234
404.593170166,81.95150756835938,-9.226805686950684
404.792388916,82.21151733398438,-9.22663402557373
404.941802978,82.35700988769531,-9.22653579711914
405.141021728,82.5754165649414,-9.226390838623047
405.290435791,82.7574234008789,-9.22627067565918
405.489654541,83.00650787353516,-9.226106643676758
405.655670166,83.2063217163086,-9.225975036621094
405.854888916,83.4663314819336,-9.22580337524414
405.954498291,83.59496307373047,-9.226197242736816
406.103912353,83.79743194580078,-9.230854034423828
406.303131103,84.04347229003906,-9.24218463897705
406.452545166,84.22100830078125,-9.253767013549805
406.651763916,84.4788589477539,-9.273823738098145
406.801177978,84.68209075927734,-9.302325248718262
407.000396728,84.93154907226562,-9.358948707580566
407.149810791,85.10797119140625,-9.403639793395996
407.365631103,85.34346771240234,-9.45789623260498
407.515045166,85.52185821533203,-9.493868827819824
407.714263916,85.76852416992188,-9.528170585632324
407.863677978,85.96932983398438,-9.554564476013184
408.062896728,86.22501373291016,-9.59326171875
408.212310791,86.4027099609375,-9.632441520690918
408.411529541,86.65233612060547,-9.705100059509277
408.560943603,86.85118103027344,-9.766139030456543
408.760162353,87.09373474121094,-9.833442687988281
408.926177978,87.29645538330078,-9.873318672180176
409.075592041,87.47364807128906,-9.908317565917969
409.274810791,87.71382141113281,-9.973480224609375
409.424224853,87.89466094970703,-10.057792663574219
409.573638916,88.03782653808594,-10.158411979675293
409.723052978,88.18817901611328,-10.301894187927246
409.872467041,88.30551147460938,-10.4373779296875
410.071685791,88.45699310302734,-10.648569107055664
410.221099853,88.5654525756836,-10.821220397949219
410.370513916,88.6592788696289,-10.972355842590332
410.569732666,88.79550170898438,-11.188980102539062
410.735748291,88.90998077392578,-11.362628936767578
410.885162353,89.03398132324219,-11.529590606689453
411.034576416,89.14410400390625,-11.674495697021484
411.233795166,89.29837799072266,-11.878661155700684
411.383209228,89.42064666748047,-12.043536186218262
411.532623291,89.53276824951172,-12.186866760253906
411.682037353,89.66680145263672,-12.345932960510254
411.881256103,89.8304443359375,-12.544438362121582
412.030670166,89.94356536865234,-12.687005996704102
412.180084228,90.06597900390625,-12.848352432250977
412.346099853,90.18524169921875,-13.012031555175781
412.495513916,90.28987884521484,-13.160932540893555
412.644927978,90.40914154052734,-13.331344604492188
412.844146728,90.55606842041016,-13.5391845703125
412.993560791,90.66265869140625,-13.684993743896484
413.142974853,90.79100799560547,-13.848668098449707
413.292388916,90.9012222290039,-13.993501663208008
413.441802978,91.02803039550781,-14.158387184143066
413.591217041,91.13289642333984,-14.29697322845459
413.740631103,91.25641632080078,-14.464325904846191
413.890045166,91.36485290527344,-14.610491752624512
414.056060791,91.48565673828125,-14.778135299682617
414.255279541,91.63567352294922,-14.99049186706543
414.404693603,91.75712585449219,-15.159343719482422
414.554107666,91.8663558959961,-15.304909706115723
414.703521728,91.99263763427734,-15.470192909240723
414.902740478,92.14965057373047,-15.677416801452637
415.052154541,92.25909423828125,-15.821111679077148
415.201568603,92.38078308105469,-15.982999801635742
415.400787353,92.53880310058594,-16.18947410583496
415.550201416,92.64688873291016,-16.33419418334961
415.716217041,92.77025604248047,-16.499950408935547
415.865631103,92.88905334472656,-16.667339324951172
416.064849853,93.03590393066406,-16.878578186035156
416.214263916,93.14474487304688,-17.024446487426758
416.363677978,93.26779174804688,-17.192134857177734
416.513092041,93.37318420410156,-17.340511322021484
416.712310791,93.52239990234375,-17.551748275756836
416.861724853,93.6410140991211,-17.720945358276367
417.011138916,93.75418853759766,-17.863433837890625
417.160552978,93.89817810058594,-18.013357162475586
417.309967041,94.0386962890625,-18.128902435302734
417.525787353,94.27459716796875,-18.29042625427246
417.675201416,94.42794036865234,-18.383275985717773
417.824615478,94.52125549316406,-18.43766975402832
417.974029541,94.52125549316406,-18.43766975402832
418.173248291,94.52125549316406,-18.43766975402832
418.372467041,94.52125549316406,-18.43766975402832
418.521881103,94.52125549316406,-18.43766975402832
418.671295166,94.52125549316406,-18.43766975402832
418.870513916,94.68531799316406,-18.53834342956543
419.036529541,94.85856628417969,-18.648448944091797
419.185943603,95.03236389160156,-18.762720108032227
419.385162353,95.24593353271484,-18.910995483398438
419.534576416,95.3882064819336,-19.01078224182129
419.733795166,95.59608459472656,-19.157655715942383
419.883209228,95.76287078857422,-19.274917602539062
420.082427978,95.96922302246094,-19.4191837310791
420.231842041,96.11531829833984,-19.52067756652832
420.431060791,96.15953063964844,-19.55168342590332
420.580474853,96.31847381591797,-19.660301208496094
420.779693603,96.51181030273438,-19.79216194152832
420.945709228,96.5777359008789,-19.837474822998047
421.095123291,96.71468353271484,-19.930408477783203
421.294342041,96.92848205566406,-20.078350067138672
421.443756103,97.07876586914062,-20.18274688720703
421.642974853,97.2826919555664,-20.322994232177734
421.792388916,97.43193054199219,-20.42715835571289
421.991607666,97.64492797851562,-20.57624053955078
422.141021728,97.81470489501953,-20.69161605834961
422.290435791,97.96751403808594,-20.79047203063965
422.456451416,98.14292907714844,-20.902273178100586
422.655670166,98.36063385009766,-21.041906356811523
422.805084228,98.5351791381836,-21.155012130737305
423.004302978,98.75196075439453,-21.29355812072754
423.153717041,98.90563201904297,-21.39109992980957
423.352935791,99.12032318115234,-21.530330657958984
423.402740478,99.18428802490234,-21.57253646850586
423.601959228,99.39833068847656,-21.72013282775879
423.751373291,99.54373168945312,-21.822614669799805
423.950592041,99.75416564941406,-21.970598220825195
424.100006103,99.92176055908203,-22.086727142333984
424.315826416,100.13155364990234,-22.23089599609375
424.465240478,100.30284118652344,-22.348909378051758
424.664459228,100.51852416992188,-22.494140625
424.813873291,100.66770935058594,-22.591033935546875
425.013092041,100.89263153076172,-22.72126579284668
425.162506103,101.08074951171875,-22.809926986694336
425.361724853,101.32048797607422,-22.910547256469727
425.511138916,101.48153686523438,-22.972097396850586
425.710357666,101.72447204589844,-23.05680274963379
425.876373291,101.91996765136719,-23.123769760131836
426.075592041,102.16154479980469,-23.219478607177734
426.225006103,102.3394775390625,-23.315948486328125
426.374420166,102.48341369628906,-23.42254066467285
426.573638916,102.6656723022461,-23.607587814331055
426.723052978,102.79045104980469,-23.773893356323242
426.872467041,102.88833618164062,-23.927288055419922
427.021881103,102.9898910522461,-24.105674743652344
427.221099853,103.09002685546875,-24.282867431640625
427.370513916,103.14554595947266,-24.383005142211914
427.569732666,103.271240234375,-24.610599517822266
427.735748291,103.37602233886719,-24.787067413330078
427.885162353,103.48621368408203,-24.960233688354492
428.084381103,103.629150390625,-25.17739486694336
428.233795166,103.73271179199219,-25.32703971862793
428.383209228,103.850830078125,-25.49825096130371
428.582427978,103.9984359741211,-25.712297439575195
428.731842041,104.09752655029297,-25.860029220581055
428.931060791,104.23539733886719,-26.07232666015625
429.080474853,104.34713745117188,-26.247751235961914
429.229888916,104.45015716552734,-26.39775848388672
429.395904541,104.56956481933594,-26.56808090209961
429.595123291,104.7122573852539,-26.77883529663086
429.744537353,104.8287124633789,-26.949522018432617
429.943756103,104.9730224609375,-27.165771484375
430.093170166,105.06957244873047,-27.313549041748047
430.242584228,105.13127136230469,-27.40673828125
430.391998291,105.2312240600586,-27.55881690979004
430.591217041,105.38249969482422,-27.770261764526367
430.740631103,105.50425720214844,-27.935508728027344
430.890045166,105.60931396484375,-28.084121704101562
431.105865478,105.77088165283203,-28.318466186523438
431.255279541,105.87178039550781,-28.468280792236328
431.404693603,105.9871597290039,-28.64133071899414
431.603912353,106.12872314453125,-28.859392166137695
431.753326416,106.22833251953125,-29.011703491210938
431.952545166,106.36969757080078,-29.228261947631836
432.101959228,106.47769927978516,-29.396339416503906
432.301177978,106.61709594726562,-29.60929298400879
432.450592041,106.71489715576172,-29.75459861755371
432.649810791,106.85699462890625,-29.960777282714844
432.815826416,106.97892761230469,-30.127588272094727
432.965240478,107.10414123535156,-30.29366683959961
433.164459228,107.24589538574219,-30.481098175048828
433.313873291,107.35372924804688,-30.62601089477539
433.513092041,107.50177764892578,-30.82965660095215
433.662506103,107.6066665649414,-30.979610443115234
433.811920166,107.7048568725586,-31.126296997070312
434.011138916,107.8448715209961,-31.342105865478516
434.160552978,107.9474105834961,-31.507164001464844
434.309967041,108.04132080078125,-31.659854888916016
434.525787353,108.21430969238281,-31.88700294494629
434.675201416,108.35063934326172,-32.00064468383789
434.824615478,108.52166748046875,-32.07925033569336
435.023834228,108.77806854248047,-32.11735153198242
435.223052978,109.01811218261719,-32.10085678100586
435.422271728,109.2607192993164,-32.05843734741211
435.621490478,109.5172348022461,-32.01628112792969
435.770904541,109.698486328125,-32.00014877319336
435.970123291,109.94872283935547,-31.990951538085938
436.136138916,110.14985656738281,-31.989269256591797
436.335357666,110.40979766845703,-31.99448585510254
436.534576416,110.66258239746094,-32.00823211669922
436.733795166,110.7972640991211,-32.01625442504883
436.933013916,110.7972640991211,-32.01625442504883
437.082427978,110.7972640991211,-32.01625442504883
437.281646728,110.7972640991211,-32.01625442504883
437.480865478,110.7972640991211,-32.01625442504883
437.680084228,110.80973815917969,-32.016998291015625
437.846099853,111.00898742675781,-32.03171157836914
438.045318603,111.26661682128906,-32.05466842651367
438.244537353,111.5217514038086,-32.074241638183594
438.393951416,111.69662475585938,-32.084102630615234
438.593170166,111.9537582397461,-32.09170913696289
438.792388916,112.2137680053711,-32.09292221069336
438.991607666,112.4682846069336,-32.093631744384766
439.190826416,112.72142791748047,-32.094337463378906
439.340240478,112.92806243896484,-32.094913482666016
439.556060791,113.18807220458984,-32.095638275146484
439.705474853,113.39058685302734,-32.0962028503418
439.904693603,113.64373016357422,-32.09690856933594
440.103912353,113.90373992919922,-32.097633361816406
440.303131103,114.15962982177734,-32.09834671020508
440.502349853,114.40865325927734,-32.09904098510742
440.651763916,114.58517456054688,-32.098087310791016
440.850982666,114.84381103515625,-32.096343994140625
441.050201416,115.10107421875,-32.09461212158203
441.216217041,115.30630493164062,-32.091758728027344
441.415435791,115.55528259277344,-32.057777404785156
441.614654541,115.79859161376953,-31.967222213745117
441.813873291,116.01141357421875,-31.819562911987305
442.013092041,116.17042541503906,-31.625181198120117
442.212310791,116.2958984375,-31.40384864807129
442.361724853,116.38710021972656,-31.21690559387207
442.560943603,116.50321197509766,-30.984270095825195
442.760162353,116.62128448486328,-30.755701065063477
442.975982666,116.74874877929688,-30.529132843017578
443.175201416,116.88873291015625,-30.310087203979492
443.274810791,116.96366882324219,-30.203859329223633
443.424224853,117.0832290649414,-30.033660888671875
443.623443603,117.22824096679688,-29.8211727142334
443.822662353,117.37548065185547,-29.606889724731445
444.021881103,117.5222396850586,-29.39228057861328
444.171295166,117.62567138671875,-29.242528915405273
444.370513916,117.77236938476562,-29.0345401763916
444.536529541,117.88967895507812,-28.866106033325195
444.735748291,118.034423828125,-28.650123596191406
444.934967041,118.1735610961914,-28.435352325439453
445.134185791,118.31259155273438,-28.21887969970703
445.283599853,118.42613220214844,-28.044586181640625
445.482818603,118.56095886230469,-27.828706741333008
445.682037353,118.69998168945312,-27.609004974365234
445.881256103,118.83451080322266,-27.394556045532227
446.030670166,118.93255615234375,-27.241226196289062
446.229888916,119.0743637084961,-27.026561737060547
446.445709228,119.2359848022461,-26.790611267089844
446.595123291,119.33846282958984,-26.640209197998047
446.794342041,119.48426055908203,-26.424951553344727
446.993560791,119.63298797607422,-26.2133731842041
447.192779541,119.78054809570312,-26.005996704101562
447.342193603,119.90071868896484,-25.839582443237305
447.541412353,120.05158233642578,-25.631200790405273
447.740631103,120.21269226074219,-25.4289493560791
447.890045166,120.33004760742188,-25.289854049682617
448.105865478,120.51607513427734,-25.0726261138916
448.305084228,120.69062042236328,-24.883689880371094
448.454498291,120.81363677978516,-24.757095336914062
448.653717041,120.98854064941406,-24.57979965209961
448.803131103,121.12931060791016,-24.438039779663086
449.002349853,121.31226348876953,-24.257160186767578
449.201568603,121.49004364013672,-24.0827693939209
449.400787353,121.67464447021484,-23.89967155456543
449.600006103,121.85907745361328,-23.718358993530273
449.766021728,122.00540924072266,-23.570547103881836
449.965240478,122.19103240966797,-23.388504028320312
450.164459228,122.37528228759766,-23.20505714416504
450.313873291,122.46808624267578,-23.111194610595703
450.513092041,122.56536865234375,-23.013662338256836
450.712310791,122.7488021850586,-22.829404830932617
450.911529541,122.86292266845703,-22.717266082763672
451.110748291,122.94364166259766,-22.639436721801758
451.309967041,123.12699127197266,-22.462923049926758
451.475982666,123.20661926269531,-22.384639739990234
451.675201416,123.224365234375,-22.367033004760742
451.874420166,123.40335845947266,-22.186086654663086
452.073638916,123.52495574951172,-22.063751220703125
452.272857666,123.56008911132812,-22.02817726135254
452.472076416,123.74297332763672,-21.848155975341797
452.621490478,123.82839965820312,-21.76512336730957
452.820709228,123.82839965820312,-21.76512336730957
453.036529541,123.99433898925781,-21.60786247253418
453.185943603,124.14250183105469,-21.465805053710938
453.385162353,124.32222747802734,-21.29142189025879
453.584381103,124.50395965576172,-21.113208770751953
453.783599853,124.67230987548828,-20.948726654052734
453.933013916,124.80131530761719,-20.824260711669922
454.132232666,124.98907470703125,-20.646398544311523
454.331451416,125.17766571044922,-20.467424392700195
454.530670166,125.36614227294922,-20.288331985473633
454.729888916,125.55584716796875,-20.11055564880371
454.895904541,125.7083740234375,-19.97318458557129
455.095123291,125.90215301513672,-19.8039608001709
455.294342041,126.09715270996094,-19.632003784179688
455.493560791,126.28245544433594,-19.45553970336914
455.692779541,126.4583969116211,-19.275432586669922
455.891998291,126.62841033935547,-19.08974266052246
456.041412353,126.7641830444336,-18.93581199645996
456.240631103,126.93285369873047,-18.741567611694336
456.439849853,127.0824966430664,-18.565250396728516
456.655670166,127.24934387207031,-18.36253547668457
456.805084228,127.26455688476562,-18.343629837036133
457.004302978,127.26455688476562,-18.343629837036133
457.203521728,127.26455688476562,-18.343629837036133
457.402740478,127.26455688476562,-18.343629837036133
457.601959228,127.26455688476562,-18.343629837036133
457.801177978,127.29786682128906,-18.33619499206543
458.000396728,127.50283813476562,-18.38543128967285
458.149810791,127.63941192626953,-18.501741409301758
458.315826416,127.72525787353516,-18.689329147338867
458.465240478,127.74122619628906,-18.896114349365234
458.664459228,127.69985961914062,-19.152416229248047
458.813873291,127.65530395507812,-19.328876495361328
458.963287353,127.61849975585938,-19.53346824645996
459.112701416,127.6074447631836,-19.715042114257812
459.311920166,127.62699890136719,-19.968523025512695
459.461334228,127.67314910888672,-20.17117691040039
459.610748291,127.73163604736328,-20.343488693237305
459.809967041,127.82769012451172,-20.585102081298828
459.975982666,127.90714263916016,-20.777328491210938
460.175201416,128.00729370117188,-21.01727294921875
460.324615478,128.07481384277344,-21.18440818786621
460.523834228,128.16395568847656,-21.416948318481445
460.673248291,128.22308349609375,-21.581817626953125
460.872467041,128.30564880371094,-21.819698333740234
461.021881103,128.3728790283203,-22.01364517211914
461.221099853,128.45669555664062,-22.25543212890625
461.370513916,128.51516723632812,-22.426345825195312
461.586334228,128.60890197753906,-22.695100784301758
461.735748291,128.6687774658203,-22.861154556274414
461.885162353,128.7386932373047,-23.05267333984375
462.084381103,128.82521057128906,-23.294946670532227
462.233795166,128.84617614746094,-23.352245330810547
462.433013916,128.84617614746094,-23.352245330810547
462.582427978,128.84617614746094,-23.352245330810547
462.731842041,128.84617614746094,-23.352245330810547
462.931060791,128.84617614746094,-23.352245330810547
463.130279541,128.84617614746094,-23.352245330810547
463.229888916,128.84617614746094,-23.352245330810547
463.395904541,128.85873413085938,-23.385732650756836
463.545318603,128.9463653564453,-23.555522918701172
463.744537353,129.1411895751953,-23.722076416015625
463.943756103,129.38522338867188,-23.810266494750977
464.142974853,129.63607788085938,-23.87858772277832
464.342193603,129.8834228515625,-23.958358764648438
464.541412353,130.1208953857422,-24.06055450439453
464.690826416,130.2816162109375,-24.145864486694336
464.890045166,130.48594665527344,-24.27590560913086
465.105865478,130.52658081054688,-24.303091049194336
465.305084228,130.52658081054688,-24.303091049194336
465.454498291,130.52658081054688,-24.303091049194336
465.653717041,130.52658081054688,-24.303091049194336
465.852935791,130.52658081054688,-24.303091049194336
466.052154541,130.52658081054688,-24.303091049194336
466.251373291,130.52658081054688,-24.303091049194336
466.450592041,130.52658081054688,-24.303091049194336
466.649810791,130.52658081054688,-24.303091049194336
466.865631103,130.52658081054688,-24.303091049194336
467.015045166,130.52658081054688,-24.303091049194336
467.214263916,130.52658081054688,-24.303091049194336
467.413482666,130.55416870117188,-24.318105697631836
467.612701416,130.5999298095703,-24.321935653686523
467.811920166,130.66421508789062,-24.287561416625977
468.011138916,130.7732696533203,-24.083784103393555
468.210357666,130.77365112304688,-23.83098602294922
468.376373291,130.729736328125,-23.62774085998535
468.575592041,130.65943908691406,-23.3774356842041
468.774810791,130.624267578125,-23.247098922729492
468.974029541,130.5876007080078,-22.99303436279297
469.173248291,130.59756469726562,-22.73611831665039
469.372467041,130.6085205078125,-22.628677368164062
469.571685791,130.64170837402344,-22.412769317626953
469.770904541,130.68856811523438,-22.163982391357422
469.970123291,130.72544860839844,-21.91358184814453
470.136138916,130.75038146972656,-21.70984649658203
470.335357666,130.77877807617188,-21.454166412353516
470.534576416,130.79931640625,-21.20185089111328
470.733795166,130.8212432861328,-20.951021194458008
470.933013916,130.84300231933594,-20.691936492919922
471.132232666,130.8490447998047,-20.597631454467773
471.331451416,130.8490447998047,-20.597631454467773
471.530670166,130.8490447998047,-20.597631454467773
471.680084228,130.8490447998047,-20.597631454467773
471.895904541,130.8490447998047,-20.597631454467773
472.045318603,130.8490447998047,-20.597631454467773
472.244537353,130.8497772216797,-20.585153579711914
472.443756103,130.85894775390625,-20.3553466796875
472.642974853,130.86138916015625,-20.1063175201416
472.842193603,130.86302185058594,-19.846332550048828
472.991607666,130.86854553222656,-19.664419174194336
473.190826416,130.88377380371094,-19.411741256713867
473.390045166,130.91311645507812,-19.160324096679688
473.605865478,130.9519805908203,-18.879737854003906
473.805084228,130.9775848388672,-18.67131233215332
474.004302978,130.998779296875,-18.474960327148438
474.203521728,131.01937866210938,-18.21578598022461
474.352935791,131.03111267089844,-18.035537719726562
474.552154541,131.03614807128906,-17.96822738647461
474.751373291,131.0538330078125,-17.731229782104492
474.950592041,131.06956481933594,-17.520263671875
475.149810791,131.06956481933594,-17.520263671875
475.315826416,131.0790252685547,-17.39361572265625
475.515045166,131.1009979248047,-17.137298583984375
475.714263916,131.10452270507812,-17.101072311401367
475.913482666,131.11439514160156,-16.988004684448242
476.112701416,131.1354522705078,-16.728853225708008
476.311920166,131.15823364257812,-16.475351333618164
476.461334228,131.1800994873047,-16.275386810302734
476.610748291,131.1971435546875,-16.099689483642578
476.809967041,131.21673583984375,-15.844547271728516
477.025787353,131.23704528808594,-15.621975898742676
477.225006103,131.2371368408203,-15.620980262756348
477.424224853,131.2371368408203,-15.620980262756348
477.623443603,131.2371368408203,-15.620980262756348
477.772857666,131.2371368408203,-15.620980262756348
477.972076416,131.2371368408203,-15.620980262756348
478.171295166,131.24407958984375,-15.46922779083252
478.370513916,131.20213317871094,-15.273059844970703
478.536529541,131.0847930908203,-15.153708457946777
478.735748291,130.8596649169922,-15.087323188781738
478.885162353,130.6602020263672,-15.12457275390625
479.084381103,130.4779510498047,-15.200504302978516
479.233795166,130.47703552246094,-15.200907707214355
479.383209228,130.47703552246094,-15.200907707214355
479.582427978,130.47703552246094,-15.200907707214355
479.731842041,130.47703552246094,-15.200907707214355
479.881256103,130.47703552246094,-15.200907707214355
480.080474853,130.47703552246094,-15.200907707214355
480.229888916,130.47703552246094,-15.200907707214355
480.395904541,130.47703552246094,-15.200907707214355
480.545318603,130.47703552246094,-15.200907707214355
480.644927978,130.47703552246094,-15.200907707214355
480.794342041,130.47703552246094,-15.200907707214355
480.943756103,130.47703552246094,-15.200907707214355
481.093170166,130.47703552246094,-15.200907707214355
481.242584228,130.47703552246094,-15.200907707214355
481.391998291,130.47703552246094,-15.200907707214355
481.541412353,130.47703552246094,-15.200907707214355
481.690826416,130.47703552246094,-15.200907707214355
481.890045166,130.47703552246094,-15.200907707214355
482.056060791,130.47703552246094,-15.200907707214355
482.205474853,130.47703552246094,-15.200907707214355
482.354888916,130.47703552246094,-15.200907707214355
482.504302978,130.47703552246094,-15.200907707214355
482.653717041,130.47703552246094,-15.200907707214355
482.852935791,130.47703552246094,-15.200907707214355
483.002349853,130.47703552246094,-15.200907707214355
483.151763916,130.47703552246094,-15.200907707214355
483.350982666,130.47703552246094,-15.200907707214355
483.500396728,130.47703552246094,-15.200907707214355
483.649810791,130.47703552246094,-15.200907707214355
483.815826416,130.47703552246094,-15.200907707214355
484.015045166,130.47703552246094,-15.200907707214355
484.164459228,130.47703552246094,-15.200907707214355
484.313873291,130.47703552246094,-15.200907707214355
484.463287353,130.47703552246094,-15.200907707214355
484.662506103,130.47703552246094,-15.200907707214355
484.811920166,130.47703552246094,-15.200907707214355
484.961334228,130.47703552246094,-15.200907707214355
485.110748291,130.47703552246094,-15.200907707214355
485.260162353,130.47703552246094,-15.200907707214355
485.426177978,130.47703552246094,-15.200907707214355
485.625396728,130.47703552246094,-15.200907707214355
485.774810791,130.47703552246094,-15.200907707214355
485.924224853,130.47703552246094,-15.200907707214355
486.123443603,130.47703552246094,-15.200907707214355
486.272857666,130.47703552246094,-15.200907707214355
486.422271728,130.47703552246094,-15.200907707214355
486.621490478,130.47703552246094,-15.200907707214355
486.770904541,130.47703552246094,-15.200907707214355
486.920318603,130.47703552246094,-15.200907707214355
487.086334228,130.47703552246094,-15.200907707214355
487.235748291,130.47703552246094,-15.200907707214355
487.434967041,130.47703552246094,-15.200907707214355
487.584381103,130.47703552246094,-15.200907707214355
487.733795166,130.47703552246094,-15.200907707214355
487.883209228,130.47703552246094,-15.200907707214355
488.032623291,130.47703552246094,-15.200907707214355
488.231842041,130.47703552246094,-15.200907707214355
488.381256103,130.47703552246094,-15.200907707214355
488.530670166,130.47703552246094,-15.200907707214355
488.680084228,130.47703552246094,-15.200907707214355
488.846099853,130.47703552246094,-15.200907707214355
488.995513916,130.47703552246094,-15.200907707214355
489.144927978,130.47703552246094,-15.200907707214355
489.294342041,130.47703552246094,-15.200907707214355
489.493560791,130.47703552246094,-15.200907707214355
489.642974853,130.47703552246094,-15.200907707214355
489.792388916,130.47703552246094,-15.200907707214355
489.941802978,130.47703552246094,-15.200907707214355
490.141021728,130.47703552246094,-15.200907707214355
490.290435791,130.47703552246094,-15.200907707214355
490.456451416,130.47703552246094,-15.200907707214355
490.605865478,130.47703552246094,-15.200907707214355
490.755279541,130.47703552246094,-15.200907707214355
490.904693603,130.47703552246094,-15.200907707214355
491.103912353,130.47703552246094,-15.200907707214355
491.253326416,130.47703552246094,-15.200907707214355
491.402740478,130.47703552246094,-15.200907707214355
491.552154541,130.47703552246094,-15.200907707214355
491.701568603,130.47703552246094,-15.200907707214355
491.900787353,130.47703552246094,-15.200907707214355
492.050201416,130.47703552246094,-15.200907707214355
492.199615478,130.47703552246094,-15.200907707214355
492.365631103,130.47703552246094,-15.200907707214355
492.515045166,130.47703552246094,-15.200907707214355
492.664459228,130.47703552246094,-15.200907707214355
492.813873291,130.47703552246094,-15.200907707214355
492.963287353,130.47703552246094,-15.200907707214355
493.112701416,130.47703552246094,-15.200907707214355
493.311920166,130.47703552246094,-15.200907707214355
493.461334228,130.47703552246094,-15.200907707214355
493.610748291,130.47703552246094,-15.200907707214355
493.809967041,130.47703552246094,-15.200907707214355
493.975982666,130.47703552246094,-15.200907707214355
494.125396728,130.47703552246094,-15.200907707214355
494.274810791,130.47703552246094,-15.200907707214355
494.424224853,130.47703552246094,-15.200907707214355
494.573638916,130.47703552246094,-15.200907707214355
494.772857666,130.47703552246094,-15.200907707214355
494.922271728,130.47703552246094,-15.200907707214355
495.071685791,130.47703552246094,-15.200907707214355
495.221099853,130.47703552246094,-15.200907707214355
495.420318603,130.47703552246094,-15.200907707214355
495.586334228,130.47703552246094,-15.200907707214355
495.735748291,130.47703552246094,-15.200907707214355
495.885162353,130.47703552246094,-15.200907707214355
496.034576416,130.47703552246094,-15.200907707214355
496.233795166,130.47703552246094,-15.200907707214355
496.383209228,130.47703552246094,-15.200907707214355
496.532623291,130.47703552246094,-15.200907707214355
496.682037353,130.47703552246094,-15.200907707214355
496.831451416,130.47703552246094,-15.200907707214355
497.030670166,130.47703552246094,-15.200907707214355
497.130279541,130.47703552246094,-15.200907707214355
497.296295166,130.47703552246094,-15.200907707214355
497.445709228,130.47703552246094,-15.200907707214355
497.644927978,130.47703552246094,-15.200907707214355
497.794342041,130.47703552246094,-15.200907707214355
497.943756103,130.47703552246094,-15.200907707214355
498.093170166,130.47703552246094,-15.200907707214355
498.292388916,130.47703552246094,-15.200907707214355
498.441802978,130.47703552246094,-15.200907707214355
498.591217041,130.47703552246094,-15.200907707214355
498.790435791,130.47703552246094,-15.200907707214355
498.939849853,130.47703552246094,-15.200907707214355
499.105865478,130.47703552246094,-15.200907707214355
499.255279541,130.47703552246094,-15.200907707214355
499.404693603,130.47703552246094,-15.200907707214355
499.603912353,130.47703552246094,-15.200907707214355
499.753326416,130.47703552246094,-15.200907707214355
499.952545166,130.47703552246094,-15.200907707214355
500.101959228,130.47703552246094,-15.200907707214355
500.251373291,130.47703552246094,-15.200907707214355
500.450592041,130.47703552246094,-15.200907707214355
500.550201416,130.47703552246094,-15.200907707214355
500.649810791,130.47703552246094,-15.200907707214355
500.865631103,130.47703552246094,-15.200907707214355
501.015045166,130.47703552246094,-15.200907707214355
501.164459228,130.47703552246094,-15.200907707214355
501.313873291,130.47703552246094,-15.200907707214355
501.463287353,130.47703552246094,-15.200907707214355
501.612701416,130.47703552246094,-15.200907707214355
501.811920166,130.47703552246094,-15.200907707214355
501.961334228,130.47703552246094,-15.200907707214355
502.110748291,130.47703552246094,-15.200907707214355
502.260162353,130.47703552246094,-15.200907707214355
502.426177978,130.47703552246094,-15.200907707214355
502.575592041,130.47703552246094,-15.200907707214355
502.725006103,130.47703552246094,-15.200907707214355
502.924224853,130.47703552246094,-15.200907707214355
503.073638916,130.47703552246094,-15.200907707214355
503.223052978,130.47703552246094,-15.200907707214355
503.422271728,130.47703552246094,-15.200907707214355
503.571685791,130.47703552246094,-15.200907707214355
503.721099853,130.47703552246094,-15.200907707214355
503.870513916,130.47703552246094,-15.200907707214355
504.036529541,130.47703552246094,-15.200907707214355
504.185943603,130.47703552246094,-15.200907707214355
504.335357666,130.47703552246094,-15.200907707214355
504.534576416,130.47703552246094,-15.200907707214355
504.683990478,130.47703552246094,-15.200907707214355
504.833404541,130.47703552246094,-15.200907707214355
504.982818603,130.47703552246094,-15.200907707214355
505.132232666,130.47703552246094,-15.200907707214355
505.281646728,130.47703552246094,-15.200907707214355
505.431060791,130.47703552246094,-15.200907707214355
505.580474853,130.47703552246094,-15.200907707214355
505.729888916,130.47703552246094,-15.200907707214355
505.895904541,130.47703552246094,-15.200907707214355
506.095123291,130.46896362304688,-15.202383041381836
506.244537353,130.43258666992188,-15.198122024536133
506.443756103,130.33151245117188,-15.104013442993164
506.642974853,130.24319458007812,-14.863200187683105
506.842193603,130.28382873535156,-14.608089447021484
507.041412353,130.37353515625,-14.365543365478516
507.190826416,130.42225646972656,-14.194538116455078
507.390045166,130.44651794433594,-14.063158988952637
507.556060791,130.4630126953125,-13.858695983886719
507.755279541,130.4432373046875,-13.59976863861084
507.954498291,130.42620849609375,-13.494131088256836
508.153717041,130.39247131347656,-13.266996383666992
508.303131103,130.35971069335938,-13.062981605529785
508.502349853,130.34225463867188,-12.956402778625488
508.701568603,130.31838989257812,-12.793007850646973
508.900787353,130.28497314453125,-12.548962593078613
509.100006103,130.2549591064453,-12.296224594116211
509.266021728,130.23573303222656,-12.089115142822266
509.465240478,130.20993041992188,-11.834527015686035
509.614654541,130.19400024414062,-11.661470413208008
509.813873291,130.1727752685547,-11.405088424682617
510.013092041,130.14646911621094,-11.146425247192383
510.162506103,130.13145446777344,-10.964045524597168
510.361724853,130.10545349121094,-10.705399513244629
510.560943603,130.0620574951172,-10.460193634033203
510.760162353,130.0023651123047,-10.225762367248535
510.926177978,129.93411254882812,-10.04707145690918
511.125396728,129.8182830810547,-9.815898895263672
511.324615478,129.6972198486328,-9.606364250183105
511.474029541,129.68191528320312,-9.581719398498535
511.673248291,129.553955078125,-9.37907600402832
511.872467041,129.50209045410156,-9.29888916015625
512.071655273,129.50209045410156,-9.29888916015625
512.270874023,129.50209045410156,-9.29888916015625
512.470092773,129.50209045410156,-9.29888916015625
512.636108398,129.50209045410156,-9.29888916015625
512.835327148,129.50209045410156,-9.29888916015625
513.034545898,129.50209045410156,-9.29888916015625
513.233764648,129.50209045410156,-9.29888916015625
513.432983398,129.50209045410156,-9.29888916015625
513.632202148,129.50209045410156,-9.29888916015625
513.831420898,129.50209045410156,-9.29888916015625
513.980834960,129.50209045410156,-9.29888916015625
514.180053710,129.50209045410156,-9.29888916015625
514.329467773,129.50209045410156,-9.29888916015625
514.545288085,129.50209045410156,-9.29888916015625
514.744506835,129.50209045410156,-9.29888916015625
514.943725585,129.50209045410156,-9.29888916015625
515.142944335,129.50209045410156,-9.29888916015625
515.342163085,129.50209045410156,-9.29888916015625
515.541381835,129.50209045410156,-9.29888916015625
515.740600585,129.50209045410156,-9.29888916015625
515.890014648,129.50209045410156,-9.29888916015625
516.105834960,129.50209045410156,-9.29888916015625
516.305053710,129.50209045410156,-9.29888916015625
516.504272460,129.50209045410156,-9.29888916015625
516.703491210,129.50209045410156,-9.29888916015625
516.902709960,129.50209045410156,-9.29888916015625
517.101928710,129.50209045410156,-9.29888916015625
517.301147460,129.50209045410156,-9.29888916015625
517.500366210,129.50209045410156,-9.29888916015625
517.716186523,129.50209045410156,-9.29888916015625
517.915405273,129.50209045410156,-9.29888916015625
518.015014648,129.50209045410156,-9.29888916015625
518.214233398,129.50209045410156,-9.29888916015625
518.413452148,129.50209045410156,-9.29888916015625
518.562866210,129.50209045410156,-9.29888916015625
518.762084960,129.50209045410156,-9.29888916015625
518.961303710,129.50209045410156,-9.29888916015625
519.160522460,129.50209045410156,-9.29888916015625
519.309936523,129.50209045410156,-9.29888916015625
519.525756835,129.50209045410156,-9.29888916015625
519.724975585,129.50209045410156,-9.29888916015625
519.924194335,129.50209045410156,-9.29888916015625
520.123413085,129.49530029296875,-9.288393020629883
520.322631835,129.3847198486328,-9.074667930603027
520.521850585,129.31663513183594,-8.834043502807617
520.671264648,129.28990173339844,-8.660966873168945
520.870483398,129.2650604248047,-8.407659530639648
521.069702148,129.23643493652344,-8.1492919921875
521.285522460,129.179443359375,-7.873340129852295
521.434936523,129.1282958984375,-7.7015604972839355
521.634155273,129.03988647460938,-7.45706033706665
521.833374023,128.94863891601562,-7.217989444732666
522.032592773,128.8623046875,-6.978550910949707
522.231811523,128.7807159423828,-6.736016750335693
522.431030273,128.70425415039062,-6.490383625030518
522.630249023,128.6311492919922,-6.253730297088623
522.796264648,128.56785583496094,-6.057028770446777
522.995483398,128.48439025878906,-5.81080961227417
523.194702148,128.39886474609375,-5.5696187019348145
523.393920898,128.31304931640625,-5.3241729736328125
523.593139648,128.26438903808594,-5.182125091552734
523.792358398,128.26438903808594,-5.182125091552734
523.941772460,128.26438903808594,-5.182125091552734
524.140991210,128.17921447753906,-4.968576431274414
524.340209960,128.0620880126953,-4.747335433959961
524.556030273,128.0471954345703,-4.722437858581543
524.755249023,128.0471954345703,-4.722437858581543
524.954467773,128.0471954345703,-4.722437858581543
525.153686523,128.0471954345703,-4.722437858581543
525.352905273,128.0471954345703,-4.722437858581543
525.552124023,128.0471954345703,-4.722437858581543
525.751342773,128.0471954345703,-4.722437858581543
525.950561523,128.0471954345703,-4.722437858581543
526.166381835,128.0471954345703,-4.722437858581543
526.315795898,128.0471954345703,-4.722437858581543
526.564819335,128.0471954345703,-4.722437858581543
526.714233398,128.0471954345703,-4.722437858581543
526.913452148,128.0471954345703,-4.722437858581543
527.112670898,128.0471954345703,-4.722437858581543
527.361694335,128.0471954345703,-4.722437858581543
527.511108398,128.0471954345703,-4.722437858581543
527.710327148,128.0471954345703,-4.722437858581543
