timestamp_sec,x,y
2.075000762,77.0999984741211,-6.199999809265137
2.224399805,77.0999984741211,-6.199999809265137
2.473398208,77.0999984741211,-6.199999809265137
2.622797250,77.0999984741211,-6.199999809265137
2.821995973,77.0999984741211,-6.199999809265137
3.021194696,77.0999984741211,-6.199999809265137
3.220393419,77.0999984741211,-6.199999809265137
3.386392354,77.0999984741211,-6.199999809265137
3.585591077,77.0999984741211,-6.199999809265137
3.784789800,77.0999984741211,-6.199999809265137
3.934188842,77.0999984741211,-6.199999809265137
4.133389472,77.0999984741211,-6.199999809265137
4.332591056,77.0999984741211,-6.199999809265137
4.481992244,77.0999984741211,-6.199999809265137
4.681193828,77.0999984741211,-6.199999809265137
4.830595016,77.0999984741211,-6.199999809265137
5.046396732,77.0999984741211,-6.199999809265137
5.195797920,77.0999984741211,-6.199999809265137
5.394999504,77.0999984741211,-6.199999809265137
5.544400691,77.0999984741211,-6.199999809265137
5.743602275,77.0999984741211,-6.199999809265137
5.893003463,77.0999984741211,-6.199999809265137
6.092205047,77.0999984741211,-6.199999809265137
6.291406631,77.0999984741211,-6.199999809265137
6.440807819,77.0999984741211,-6.199999809265137
6.640009403,77.0999984741211,-6.199999809265137
6.806010723,77.0999984741211,-6.199999809265137
7.005212306,77.0999984741211,-6.199999809265137
7.154613494,77.0999984741211,-6.199999809265137
7.353815078,77.0999984741211,-6.199999809265137
7.453415870,77.0999984741211,-6.199999809265137
7.652617454,77.0999984741211,-6.199999809265137
7.802018642,77.0999984741211,-6.199999809265137
8.001219749,77.0999984741211,-6.199999809265137
8.150616645,77.0999984741211,-6.199999809265137
8.300013542,77.0999984741211,-6.199999809265137
8.466010093,77.0999984741211,-6.199999809265137
8.615406990,77.0999984741211,-6.199999809265137
8.814602851,77.0999984741211,-6.199999809265137
8.963999748,77.0999984741211,-6.199999809265137
9.113396644,77.0999984741211,-6.199999809265137
9.312592506,77.0999984741211,-6.199999809265137
9.461989402,77.0999984741211,-6.199999809265137
9.661185264,77.0999984741211,-6.199999809265137
9.810582160,77.0999984741211,-6.199999809265137
9.976578712,77.0999984741211,-6.199999809265137
10.125975608,77.0999984741211,-6.199999809265137
10.325171470,77.0999984741211,-6.199999809265137
10.474568367,77.0999984741211,-6.199999809265137
10.673764228,77.0999984741211,-6.199999809265137
10.823161125,77.0999984741211,-6.199999809265137
11.022356986,77.0999984741211,-6.199999809265137
11.171753883,77.0999984741211,-6.199999809265137
11.321150779,77.0999984741211,-6.199999809265137
11.520346641,77.0999984741211,-6.199999809265137
11.669743537,77.0999984741211,-6.199999809265137
11.835740089,77.0999984741211,-6.199999809265137
11.985136985,77.0999984741211,-6.199999809265137
12.184332847,77.0999984741211,-6.199999809265137
12.333729743,77.0999984741211,-6.199999809265137
12.532925605,77.0999984741211,-6.199999809265137
12.682322502,77.0999984741211,-6.199999809265137
12.831719398,77.0999984741211,-6.199999809265137
12.981116294,77.0999984741211,-6.199999809265137
13.130513191,77.0999984741211,-6.199999809265137
13.346308708,77.0999984741211,-6.199999809265137
13.495705604,77.0999984741211,-6.199999809265137
13.645102500,77.0999984741211,-6.199999809265137
13.794499397,77.0999984741211,-6.199999809265137
13.894097328,77.0999984741211,-6.199999809265137
14.043494224,77.0999984741211,-6.199999809265137
14.192891120,77.0999984741211,-6.199999809265137
14.342288017,77.0999984741211,-6.199999809265137
14.491684913,77.0999984741211,-6.199999809265137
14.641081809,77.0999984741211,-6.199999809265137
14.840277671,77.0999984741211,-6.199999809265137
15.006274223,77.0999984741211,-6.199999809265137
15.155671119,77.0999984741211,-6.199999809265137
15.305068016,77.0999984741211,-6.199999809265137
15.504263877,77.0999984741211,-6.199999809265137
15.653660774,77.0999984741211,-6.199999809265137
15.803057670,77.0999984741211,-6.199999809265137
16.002254486,77.0999984741211,-6.199999809265137
16.151651382,77.0999984741211,-6.199999809265137
16.350847244,77.0999984741211,-6.199999809265137
16.500244140,77.0999984741211,-6.199999809265137
16.666240692,77.0999984741211,-6.199999809265137
16.815637588,77.0999984741211,-6.199999809265137
16.965034484,77.0999984741211,-6.199999809265137
17.164230346,77.0999984741211,-6.199999809265137
17.313627243,77.0999984741211,-6.199999809265137
17.413225173,77.0999984741211,-6.199999809265137
17.562622070,77.0999984741211,-6.199999809265137
17.761817932,77.0999984741211,-6.199999809265137
17.911214828,77.0999984741211,-6.199999809265137
18.060611724,77.0999984741211,-6.199999809265137
18.210008621,77.0999984741211,-6.199999809265137
18.376005172,77.0999984741211,-6.199999809265137
18.575201034,77.0999984741211,-6.199999809265137
18.724597930,77.0999984741211,-6.199999809265137
18.873994827,77.0999984741211,-6.199999809265137
19.023391723,77.0999984741211,-6.199999809265137
19.222587585,77.0999984741211,-6.199999809265137
19.371984481,77.0999984741211,-6.199999809265137
19.521381378,77.0999984741211,-6.199999809265137
19.720577239,77.0999984741211,-6.199999809265137
19.869974136,77.0999984741211,-6.199999809265137
20.035970687,77.0999984741211,-6.199999809265137
20.185367584,77.0999984741211,-6.199999809265137
20.384563446,77.0999984741211,-6.199999809265137
20.533960342,77.0999984741211,-6.199999809265137
20.683357238,77.0999984741211,-6.199999809265137
20.882553100,77.0999984741211,-6.199999809265137
21.031949996,77.0999984741211,-6.199999809265137
21.181346893,77.0999984741211,-6.199999809265137
21.330743789,77.0999984741211,-6.199999809265137
21.529939651,77.0999984741211,-6.199999809265137
21.695936203,77.0999984741211,-6.199999809265137
21.845333099,77.0999984741211,-6.199999809265137
21.994729995,77.0999984741211,-6.199999809265137
22.193925857,77.0999984741211,-6.199999809265137
22.343322753,77.0999984741211,-6.199999809265137
22.492719650,77.0999984741211,-6.199999809265137
22.691915512,77.0999984741211,-6.199999809265137
22.841312408,77.0999984741211,-6.199999809265137
22.990709304,77.0999984741211,-6.199999809265137
23.189905166,77.0999984741211,-6.199999809265137
23.289503097,77.0999984741211,-6.199999809265137
23.505298614,77.0999984741211,-6.199999809265137
23.654695510,77.0999984741211,-6.199999809265137
23.804092407,77.0999984741211,-6.199999809265137
24.003288269,77.0999984741211,-6.199999809265137
24.152685165,77.0999984741211,-6.199999809265137
24.302082061,77.0999984741211,-6.199999809265137
24.501277923,77.0999984741211,-6.199999809265137
24.650674819,77.0999984741211,-6.199999809265137
24.800071716,77.0999984741211,-6.199999809265137
24.966068267,77.0999984741211,-6.199999809265137
25.115465164,77.0999984741211,-6.199999809265137
25.264862060,77.0999984741211,-6.199999809265137
25.464057922,77.0999984741211,-6.199999809265137
25.613454818,77.0999984741211,-6.199999809265137
25.762851715,77.0999984741211,-6.199999809265137
25.962047576,77.0999984741211,-6.199999809265137
26.111444473,77.0999984741211,-6.199999809265137
26.260841369,77.0999984741211,-6.199999809265137
26.410238265,77.0999984741211,-6.199999809265137
26.576234817,77.0999984741211,-6.199999809265137
26.775430679,77.0999984741211,-6.199999809265137
26.924827575,77.0999984741211,-6.199999809265137
27.074224472,77.0999984741211,-6.199999809265137
27.273420333,77.0999984741211,-6.199999809265137
27.422817230,77.0999984741211,-6.199999809265137
27.572214126,77.0999984741211,-6.199999809265137
27.771409988,77.0999984741211,-6.199999809265137
27.920806884,77.0999984741211,-6.199999809265137
28.070203781,77.0999984741211,-6.199999809265137
28.236200332,77.0999984741211,-6.199999809265137
28.385597229,77.0999984741211,-6.199999809265137
28.584793090,77.0999984741211,-6.199999809265137
28.734189987,77.0999984741211,-6.199999809265137
28.883586883,77.0999984741211,-6.199999809265137
29.082782745,77.0999984741211,-6.199999809265137
29.232179641,77.0999984741211,-6.199999809265137
29.381576538,77.0999984741211,-6.199999809265137
29.580772399,77.0999984741211,-6.199999809265137
29.730169296,77.0999984741211,-6.199999809265137
29.896165847,77.0999984741211,-6.199999809265137
30.045562744,77.0999984741211,-6.199999809265137
30.194959640,77.0999984741211,-6.199999809265137
30.394155502,77.0999984741211,-6.199999809265137
30.543552398,77.0999984741211,-6.199999809265137
30.742748260,77.0999984741211,-6.199999809265137
30.892145156,77.0999984741211,-6.199999809265137
31.041542053,77.0999984741211,-6.199999809265137
31.190938949,77.0999984741211,-6.199999809265137
31.390134811,77.0999984741211,-6.199999809265137
31.556131362,77.0999984741211,-6.199999809265137
31.705528259,77.0999984741211,-6.199999809265137
31.854925155,77.0999984741211,-6.199999809265137
32.054126739,77.0999984741211,-6.199999809265137
32.203540802,77.0999984741211,-6.199999809265137
32.352954864,77.0999984741211,-6.199999809265137
32.552173614,77.0999984741211,-6.199999809265137
32.701587677,77.0999984741211,-6.199999809265137
32.851001739,77.0999984741211,-6.199999809265137
33.000415802,77.0999984741211,-6.199999809265137
33.149829864,77.0999984741211,-6.199999809265137
33.365650177,77.0999984741211,-6.199999809265137
33.515064239,77.0999984741211,-6.199999809265137
33.664478302,77.0999984741211,-6.199999809265137
33.813892364,77.0999984741211,-6.199999809265137
34.013111114,77.0999984741211,-6.199999809265137
34.162525177,77.0999984741211,-6.199999809265137
34.311939239,77.0999984741211,-6.199999809265137
34.461353302,77.0999984741211,-6.199999809265137
34.660572052,77.0999984741211,-6.199999809265137
34.809986114,77.0999984741211,-6.199999809265137
34.876392364,77.0999984741211,-6.199999809265137
35.075611114,77.0999984741211,-6.199999809265137
35.225025177,77.0999984741211,-6.199999809265137
35.374439239,77.0999984741211,-6.199999809265137
35.523853302,77.0999984741211,-6.199999809265137
35.723072052,77.0999984741211,-6.199999809265137
35.872486114,77.0999984741211,-6.199999809265137
36.021900177,77.0999984741211,-6.199999809265137
36.171314239,77.0999984741211,-6.199999809265137
36.370532989,77.0999984741211,-6.199999809265137
36.536548614,77.0999984741211,-6.199999809265137
36.685962677,77.0999984741211,-6.199999809265137
36.835376739,77.0999984741211,-6.199999809265137
36.984790802,77.0999984741211,-6.199999809265137
37.184009552,77.0999984741211,-6.199999809265137
37.333423614,77.0999984741211,-6.199999809265137
37.482837677,77.0999984741211,-6.199999809265137
37.682056427,77.0999984741211,-6.199999809265137
37.831470489,77.0999984741211,-6.199999809265137
37.980884552,77.0999984741211,-6.199999809265137
38.180103302,77.0999984741211,-6.199999809265137
38.296314239,77.0999984741211,-6.199999809265137
38.495532989,77.0999984741211,-6.199999809265137
38.644947052,77.0999984741211,-6.199999809265137
38.794361114,77.0999984741211,-6.199999809265137
38.943775177,77.0999984741211,-6.199999809265137
39.142993927,77.0999984741211,-6.199999809265137
39.292407989,77.0999984741211,-6.199999809265137
39.441822052,77.0999984741211,-6.199999809265137
39.641040802,77.0999984741211,-6.199999809265137
39.790454864,77.0999984741211,-6.199999809265137
39.956470489,77.0999984741211,-6.199999809265137
40.105884552,77.0999984741211,-6.199999809265137
40.305103302,77.0999984741211,-6.199999809265137
40.454517364,77.0999984741211,-6.199999809265137
40.603931427,77.0999984741211,-6.199999809265137
40.753345489,77.0999984741211,-6.199999809265137
40.902759552,77.0999984741211,-6.199999809265137
41.101978302,77.0999984741211,-6.199999809265137
41.251392364,77.0999984741211,-6.199999809265137
41.400806427,77.0999984741211,-6.199999809265137
41.600025177,77.0999984741211,-6.199999809265137
41.766040802,77.0999984741211,-6.199999809265137
41.915454864,77.0999984741211,-6.199999809265137
42.064868927,77.0999984741211,-6.199999809265137
42.214282989,77.0999984741211,-6.199999809265137
42.363697052,77.0999984741211,-6.199999809265137
42.562915802,77.0999984741211,-6.199999809265137
42.712329864,77.0999984741211,-6.199999809265137
42.861743927,77.0999984741211,-6.199999809265137
43.011157989,77.0999984741211,-6.199999809265137
43.210376739,77.0999984741211,-6.199999809265137
43.376392364,77.0999984741211,-6.199999809265137
43.525806427,77.0999984741211,-6.199999809265137
43.675220489,77.0999984741211,-6.199999809265137
43.874439239,77.0999984741211,-6.199999809265137
44.023853302,77.0999984741211,-6.199999809265137
44.173267364,77.0999984741211,-6.199999809265137
44.322681427,77.0999984741211,-6.199999809265137
44.472095489,77.0999984741211,-6.199999809265137
44.671314239,77.0999984741211,-6.199999809265137
44.820728302,77.0999984741211,-6.199999809265137
44.970142364,77.0999984741211,-6.199999809265137
45.136157989,77.0999984741211,-6.199999809265137
45.285572052,77.0999984741211,-6.199999809265137
45.484790802,77.0999984741211,-6.199999809265137
45.634204864,77.0999984741211,-6.199999809265137
45.783618927,77.0999984741211,-6.199999809265137
45.933032989,77.0999984741211,-6.199999809265137
46.132251739,77.0999984741211,-6.199999809265137
46.281665802,77.0999984741211,-6.199999809265137
46.431079864,77.0999984741211,-6.199999809265137
46.630298614,77.0999984741211,-6.199999809265137
46.779712677,77.0999984741211,-6.199999809265137
46.945728302,77.0999984741211,-6.199999809265137
47.095142364,77.0999984741211,-6.199999809265137
47.244556427,77.0999984741211,-6.199999809265137
47.443775177,77.0999984741211,-6.199999809265137
47.593189239,77.0999984741211,-6.199999809265137
47.742603302,77.0999984741211,-6.199999809265137
47.892017364,77.0999984741211,-6.199999809265137
48.041431427,77.0999984741211,-6.199999809265137
48.240650177,77.0999984741211,-6.199999809265137
48.390064239,77.0999984741211,-6.199999809265137
48.556079864,77.0999984741211,-6.199999809265137
48.705493927,77.0999984741211,-6.199999809265137
48.854907989,77.0999984741211,-6.199999809265137
49.054126739,77.0999984741211,-6.199999809265137
49.203540802,77.0999984741211,-6.199999809265137
49.352954864,77.0999984741211,-6.199999809265137
49.502368927,77.0999984741211,-6.199999809265137
49.701587677,77.0999984741211,-6.199999809265137
49.851001739,77.0999984741211,-6.199999809265137
50.000415802,77.0999984741211,-6.199999809265137
50.149829864,77.0999984741211,-6.199999809265137
50.315845489,77.0999984741211,-6.199999809265137
50.465259552,77.0999984741211,-6.199999809265137
50.664478302,77.0999984741211,-6.199999809265137
50.813892364,77.09171295166016,-6.352663993835449
50.963306427,77.02947235107422,-6.546972751617432
51.162525177,76.86280822753906,-6.739002227783203
51.311939239,76.71243286132812,-6.841280937194824
51.461353302,76.53343200683594,-6.941646575927734
51.660572052,76.30819702148438,-7.063101768493652
51.809986114,76.15664672851562,-7.1535539627075195
51.976001739,75.98846435546875,-7.271145343780518
52.175220489,75.79305267333984,-7.434074878692627
52.274829864,75.70197296142578,-7.520980358123779
52.424243927,75.5871810913086,-7.638644218444824
52.623462677,75.41995239257812,-7.834055423736572
52.772876739,75.31002044677734,-7.972177028656006
52.972095489,75.15341186523438,-8.17629623413086
53.121509552,75.03034973144531,-8.33887004852295
53.320728302,74.87639617919922,-8.532827377319336
53.470142364,74.7598648071289,-8.672625541687012
53.685962677,74.59220123291016,-8.878446578979492
53.835376739,74.54631805419922,-8.934134483337402
54.034595489,74.54631805419922,-8.934134483337402
54.184009552,74.44925689697266,-9.068760871887207
54.383228302,74.3757095336914,-9.310932159423828
54.532642364,74.39219665527344,-9.491791725158691
54.682056427,74.44912719726562,-9.685861587524414
54.831470489,74.52095794677734,-9.85305404663086
55.030689239,74.62686157226562,-10.090509414672852
55.180103302,74.70236206054688,-10.2843017578125
55.346118927,74.76642608642578,-10.48214054107666
55.495532989,74.80848693847656,-10.652140617370605
55.644947052,74.8438949584961,-10.854290962219238
55.844165802,74.87825775146484,-11.110620498657227
55.993579864,74.89866638183594,-11.291472434997559
56.142993927,74.9249267578125,-11.49780559539795
56.292407989,74.9516830444336,-11.677825927734375
56.491626739,74.9908218383789,-11.926553726196289
56.641040802,75.02488708496094,-12.130354881286621
56.790454864,75.0576171875,-12.309374809265137
56.956470489,75.09796905517578,-12.513419151306152
57.155689239,75.1464614868164,-12.767468452453613
57.305103302,75.1862564086914,-12.971626281738281
57.454517364,75.22077178955078,-13.150322914123535
57.603931427,75.25910186767578,-13.35476016998291
57.803150177,75.30817413330078,-13.607295989990234
57.952564239,75.34286499023438,-13.783169746398926
58.101978302,75.38211822509766,-13.984643936157227
58.301197052,75.42729187011719,-14.24068546295166
58.450611114,75.45832824707031,-14.420015335083008
58.600025177,75.49138641357422,-14.619823455810547
58.766040802,75.52595520019531,-14.817989349365234
58.915454864,75.55851745605469,-14.994267463684082
59.114673614,75.6030502319336,-15.25041675567627
59.264087677,75.63616180419922,-15.450220108032227
59.413501739,75.66434478759766,-15.627251625061035
59.562915802,75.69688415527344,-15.827144622802734
59.762134552,75.74071502685547,-16.07646942138672
59.911548614,75.77238464355469,-16.25013542175293
60.060962677,75.8093490600586,-16.454830169677734
60.260181427,75.85379028320312,-16.71100425720215
60.426197052,75.89205169677734,-16.915456771850586
60.575611114,75.92658996582031,-17.087177276611328
60.725025177,75.96353149414062,-17.28908920288086
60.874439239,75.99586486816406,-17.46819305419922
61.073657989,76.03009033203125,-17.675384521484375
61.223072052,76.03009033203125,-17.675384521484375
61.372486114,76.03009033203125,-17.675384521484375
61.571704864,76.0521240234375,-17.849485397338867
61.721118927,76.0645980834961,-18.05023956298828
61.870532989,76.0719985961914,-18.232084274291992
62.086353302,76.08349609375,-18.51784324645996
62.235767364,76.09549713134766,-18.692556381225586
62.385181427,76.11891174316406,-18.897855758666992
62.534595489,76.13996887207031,-19.075876235961914
62.733814239,76.17831420898438,-19.333032608032227
62.883228302,76.20990753173828,-19.53861427307129
63.032642364,76.23921203613281,-19.712690353393555
63.231861114,76.27734375,-19.962955474853516
63.381275177,76.30699157714844,-20.168825149536133
63.530689239,76.32965087890625,-20.349409103393555
63.729907989,76.36483001708984,-20.605634689331055
63.895923614,76.38957977294922,-20.806640625
64.045333862,76.41578674316406,-21.00885009765625
64.194747924,76.43795013427734,-21.18949317932129
64.393966674,76.47013854980469,-21.447481155395508
64.543380737,76.49581146240234,-21.64836883544922
64.692794799,76.51643371582031,-21.82368278503418
64.892013549,76.54960632324219,-22.081565856933594
65.041427612,76.57339477539062,-22.288196563720703
65.190841674,76.59601593017578,-22.464649200439453
65.340255737,76.62100982666016,-22.667003631591797
65.556076049,76.65245056152344,-22.919570922851562
65.705490112,76.6781997680664,-23.125965118408203
65.854904174,76.69889831542969,-23.306779861450195
66.054122924,76.72989654541016,-23.55389404296875
66.203536987,76.75255584716797,-23.759275436401367
66.352951049,76.77440643310547,-23.938579559326172
66.502365112,76.7981185913086,-24.14521598815918
66.651779174,76.81922149658203,-24.32598304748535
66.850997924,76.85065460205078,-24.57028579711914
67.000411987,76.87251281738281,-24.771621704101562
67.149826049,76.89009857177734,-24.95276641845703
67.315841674,76.91217041015625,-25.159591674804688
67.515060424,76.93445587158203,-25.411760330200195
67.664474487,76.95447540283203,-25.616037368774414
67.813888549,76.97262573242188,-25.79300308227539
68.013107299,76.99681854248047,-26.051870346069336
68.162521362,77.01995849609375,-26.254446029663086
68.361740112,77.04566955566406,-26.500789642333984
68.511154174,77.06511688232422,-26.672107696533203
68.660568237,77.09074401855469,-26.873004913330078
68.859786987,77.11477661132812,-27.104381561279297
69.025802612,77.13922119140625,-27.337095260620117
69.175216674,77.15727996826172,-27.51131820678711
69.324630737,77.17401885986328,-27.714521408081055
69.523849487,77.1994857788086,-27.971885681152344
69.673263549,77.21773529052734,-28.152963638305664
69.772872924,77.2283706665039,-28.28115463256836
69.922286987,77.2474594116211,-28.480026245117188
70.121505737,77.27397155761719,-28.7276611328125
70.270919799,77.28900146484375,-28.904918670654297
70.420333862,77.31002807617188,-29.111839294433594
70.569747924,77.32950592041016,-29.29279136657715
70.735763549,77.34732055664062,-29.49864959716797
70.934982299,77.3692398071289,-29.752220153808594
71.084396362,77.39106750488281,-29.959070205688477
71.233810424,77.40199279785156,-30.078067779541016
71.433029174,77.42648315429688,-30.24480628967285
71.632247924,77.53975677490234,-30.46343231201172
71.781661987,77.70674896240234,-30.580644607543945
71.980880737,77.951904296875,-30.661775588989258
72.180099487,78.20479583740234,-30.72214698791504
72.329513549,78.37117004394531,-30.772125244140625
72.545333862,78.621826171875,-30.8878231048584
72.744552612,78.84016418457031,-31.028743743896484
72.893966674,78.97838592529297,-31.131813049316406
73.093185424,79.17913818359375,-31.288288116455078
73.242599487,79.34261322021484,-31.41465187072754
73.441818237,79.54793548583984,-31.574155807495117
73.641036987,79.75518798828125,-31.731124877929688
73.790451049,79.8973617553711,-31.840280532836914
73.956466674,80.06815338134766,-31.95892333984375
74.155685424,80.2995834350586,-32.07636642456055
74.354904174,80.55095672607422,-32.140724182128906
74.554122924,80.80207061767578,-32.155235290527344
74.703536987,80.94745635986328,-32.14934539794922
74.852951049,80.94845581054688,-32.14929962158203
75.052169799,81.09725189208984,-32.14389419555664
75.251388549,81.35175323486328,-32.14069366455078
75.450607299,81.61176300048828,-32.139129638671875
75.600021362,81.8156509399414,-32.137901306152344
75.815841674,82.0646743774414,-32.13639831542969
76.015060424,82.3246841430664,-32.137691497802734
76.164474487,82.5271987915039,-32.1396598815918
76.363693237,82.78034210205078,-32.142120361328125
76.513107299,82.95685577392578,-32.143836975097656
76.712326049,83.15625762939453,-32.14577865600586
76.911544799,83.33425903320312,-32.14751052856445
77.110763549,83.59426879882812,-32.150028228759766
77.260177612,83.79266357421875,-32.15196228027344
77.475997924,84.0389404296875,-32.15436553955078
77.625411987,84.2469482421875,-32.15589141845703
77.824630737,84.5069580078125,-32.1544075012207
78.023849487,84.76010131835938,-32.15288162231445
78.173263549,84.93661499023438,-32.151817321777344
78.372482299,85.18975830078125,-32.150291442871094
78.571701049,85.44976806640625,-32.14872741699219
78.770919799,85.70565795898438,-32.147186279296875
78.920333862,85.90542602539062,-32.14598083496094
79.136154174,86.15994262695312,-32.144447326660156
79.335372924,86.41995239257812,-32.14288330078125
79.484786987,86.61834716796875,-32.141685485839844
79.684005737,86.86874389648438,-32.140174865722656
79.883224487,87.12600708007812,-32.13862609863281
80.082443237,87.38601684570312,-32.137062072753906
80.231857299,87.56527709960938,-32.13679504394531
80.431076049,87.81703186035156,-32.14057159423828
80.630294799,88.07423400878906,-32.144683837890625
80.796310424,88.28218078613281,-32.14801025390625
80.995529174,88.53801727294922,-32.152099609375
81.194747924,88.7966079711914,-32.15336990356445
81.344161987,88.90422058105469,-32.14466857910156
81.543380737,88.90422058105469,-32.14466857910156
81.742599487,88.91181945800781,-32.14767074584961
81.941818237,89.00467681884766,-32.27888870239258
82.091232299,89.04881286621094,-32.452980041503906
82.240646362,89.03228759765625,-32.65554428100586
82.456466674,88.96710968017578,-32.90719985961914
82.605880737,88.91683197021484,-33.1033821105957
82.755294799,88.87682342529297,-33.27109146118164
82.954513549,88.83108520507812,-33.5241584777832
83.103927612,88.81088256835938,-33.731143951416016
83.303146362,88.7877426147461,-33.990116119384766
83.452560424,88.77214813232422,-34.167327880859375
83.601974487,88.75902557373047,-34.3680534362793
83.801193237,88.74349212646484,-34.62757873535156
83.950607299,88.72893524169922,-34.808990478515625
84.100021362,88.71336364746094,-35.012290954589844
84.249435424,88.70161437988281,-35.187049865722656
84.465255737,88.68502807617188,-35.465702056884766
84.614669799,88.66988372802734,-35.64707565307617
84.764083862,88.65259552001953,-35.85024642944336
84.963302612,88.63668823242188,-36.10289764404297
85.112716674,88.62496185302734,-36.27765655517578
85.262130737,88.60757446289062,-36.48218536376953
85.461349487,88.58605194091797,-36.74129867553711
85.610763549,88.57501220703125,-36.92295837402344
85.809982299,88.56137084960938,-37.168888092041016
85.975997924,88.54671478271484,-37.3695068359375
86.125411987,88.53097534179688,-37.576900482177734
86.274826049,88.51993560791016,-37.75856018066406
86.474044799,88.50961303710938,-38.00739288330078
86.623458862,88.49897766113281,-38.20826721191406
86.772872924,88.48626708984375,-38.384334564208984
86.922286987,88.47100830078125,-38.59176254272461
87.121505737,88.45319366455078,-38.85114288330078
87.171310424,88.448974609375,-38.90296936035156
87.370529174,88.42863464355469,-39.14982604980469
87.536544799,88.41278839111328,-39.35447311401367
87.685958862,88.40141296386719,-39.558048248291016
87.835372924,88.3985595703125,-39.62649154663086
88.034591674,88.3985595703125,-39.62649154663086
88.184005737,88.3985595703125,-39.62649154663086
88.383224487,88.3985595703125,-39.62649154663086
88.582443237,88.3985595703125,-39.62649154663086
88.731857299,88.35055541992188,-39.63044357299805
88.931076049,88.14522552490234,-39.55958557128906
89.130294799,87.99769592285156,-39.36803436279297
89.279708862,87.95467376708984,-39.191890716552734
89.495529174,87.96501922607422,-38.90682601928711
89.694747924,88.02299499511719,-38.6549186706543
89.893966674,88.0822525024414,-38.40607833862305
90.093185424,88.09058380126953,-38.15397262573242
90.242599487,88.03568267822266,-37.95549774169922
90.441818237,87.88805389404297,-37.74311065673828
90.641036987,87.69327545166016,-37.57771301269531
90.840255737,87.4743423461914,-37.43766403198242
91.006271362,87.30122375488281,-37.340675354003906
91.205490112,87.08124542236328,-37.20735549926758
91.404708862,86.87296295166016,-37.065853118896484
91.554122924,86.73052215576172,-36.963951110839844
91.753341674,86.53148651123047,-36.80100631713867
91.952560424,86.34126281738281,-36.63811492919922
92.151779174,86.14644622802734,-36.47008514404297
92.350997924,85.9514389038086,-36.30023956298828
92.500411987,85.79627227783203,-36.17224884033203
92.699630737,85.61808776855469,-36.03137969970703
92.865646362,85.42997741699219,-35.892215728759766
93.064865112,85.21831512451172,-35.74125289916992
93.264083862,85.00970458984375,-35.586124420166016
93.463302612,84.80450439453125,-35.42646789550781
93.612716674,84.66790771484375,-35.314659118652344
93.811935424,84.46575927734375,-35.153350830078125
94.011154174,84.26205444335938,-34.993953704833984
94.160568237,84.10348510742188,-34.87016677856445
94.376388549,83.90283203125,-34.71355438232422
94.575607299,83.697265625,-34.55662155151367
94.725021362,83.53036499023438,-34.43248748779297
94.924240112,83.32081604003906,-34.2785530090332
95.123458862,83.11158752441406,-34.124210357666016
95.322677612,82.90336608886719,-33.973121643066406
95.472091674,82.75811767578125,-33.863468170166016
95.671310424,82.55482482910156,-33.70805740356445
95.870529174,82.34846496582031,-33.549903869628906
96.036544799,82.18385314941406,-33.427268981933594
96.235763549,81.97671508789062,-33.2701530456543
96.434982299,81.76730346679688,-33.11607360839844
96.584396362,81.60041809082031,-32.991943359375
96.783615112,81.39456176757812,-32.83995819091797
96.982833862,81.1883316040039,-32.68619155883789
97.132247924,81.04279327392578,-32.57693862915039
97.331466674,80.83836364746094,-32.41851806640625
97.530685424,80.63388061523438,-32.26241683959961
97.680099487,80.46817016601562,-32.13670349121094
97.895919799,80.27035522460938,-31.98539161682129
98.045333862,80.12358856201172,-31.8644962310791
98.244552612,79.95722961425781,-31.665929794311523
98.443771362,79.86471557617188,-31.42704200744629
98.593185424,79.84226989746094,-31.246673583984375
98.792404174,79.85175323486328,-30.989776611328125
98.991622924,79.88178253173828,-30.737041473388672
99.190841674,79.91316986083984,-30.48174285888672
99.390060424,79.92269897460938,-30.22201156616211
99.556076049,79.9198226928711,-30.022249221801758
99.755294799,79.91333770751953,-29.767805099487305
99.954513549,79.90670013427734,-29.507890701293945
100.153732299,79.90135955810547,-29.252058029174805
100.352951049,79.90105438232422,-29.00164031982422
100.552169799,79.9009780883789,-28.741649627685547
100.751388549,79.9009017944336,-28.481658935546875
100.950607299,79.90082550048828,-28.23534393310547
101.149826049,79.90074920654297,-27.98219108581543
101.315841674,79.90068817138672,-27.7796688079834
101.515060424,79.9006118774414,-27.519678115844727
101.714279174,79.9005355834961,-27.27336311340332
101.863693237,79.90047454833984,-27.076311111450195
102.062911987,79.90039825439453,-26.824525833129883
102.262130737,79.90032196044922,-26.56453514099121
102.461349487,79.9002456665039,-26.305912017822266
102.660568237,79.9001693725586,-26.052759170532227
102.809982299,79.90011596679688,-25.87760353088379
103.025802612,79.90003204345703,-25.592981338500977
103.225021362,79.89995574951172,-25.337093353271484
103.424240112,79.8998794555664,-25.0866756439209
103.623458862,79.8998031616211,-24.826684951782227
103.822677612,79.89972686767578,-24.56806182861328
104.021896362,79.89965057373047,-24.31627655029297
104.221115112,79.89957427978516,-24.06312370300293
104.420333862,79.89949798583984,-23.803133010864258
104.586349487,79.8994369506836,-23.59514045715332
104.735763549,79.89938354492188,-23.415882110595703
104.934982299,79.89930725097656,-23.15999412536621
105.134201049,79.89923095703125,-22.90000343322754
105.283615112,79.899169921875,-22.694746017456055
105.482833862,79.89909362792969,-22.44432830810547
105.682052612,79.89901733398438,-22.184337615966797
105.881271362,79.90015411376953,-21.92572021484375
106.080490112,79.91138458251953,-21.67556381225586
106.296310424,79.9306640625,-21.42589569091797
106.495529174,79.95142364501953,-21.166732788085938
106.694747924,79.96379089355469,-20.91388702392578
106.844161987,79.96778869628906,-20.716880798339844
107.093185424,79.96965026855469,-20.41583251953125
107.292404174,79.97125244140625,-20.155841827392578
107.491622924,79.97283935546875,-19.89858627319336
107.690841674,79.974365234375,-19.652271270751953
107.840255737,79.97559356689453,-19.4538516998291
108.056076049,79.97602081298828,-19.385353088378906
108.255294799,79.97602081298828,-19.385353088378906
108.454513549,79.97602081298828,-19.385353088378906
108.653732299,79.97602081298828,-19.385353088378906
108.902755737,79.97602081298828,-19.385353088378906
109.101974487,79.97602081298828,-19.385353088378906
109.301193237,79.97602081298828,-19.385353088378906
109.500411987,79.97602081298828,-19.385353088378906
109.649826049,79.94927978515625,-19.37997055053711
109.865646362,79.81121826171875,-19.424829483032227
110.015060424,79.68455505371094,-19.55396270751953
110.214279174,79.6007080078125,-19.796974182128906
110.363693237,79.61805725097656,-19.996723175048828
110.562911987,79.68324279785156,-20.248353958129883
110.712326049,79.73255920410156,-20.423542022705078
110.861740112,79.77826690673828,-20.619373321533203
111.060958862,79.80303192138672,-20.875141143798828
111.210372924,79.79155731201172,-21.056673049926758
111.359786987,79.76600646972656,-21.23130989074707
111.509201049,79.7222671508789,-21.434633255004883
111.675216674,79.6729507446289,-21.635292053222656
111.824630737,79.6235580444336,-21.83028793334961
112.023849487,79.55953216552734,-22.076623916625977
112.173263549,79.51766967773438,-22.25092887878418
112.322677612,79.47674560546875,-22.45485496520996
112.472091674,79.44352722167969,-22.633804321289062
112.671310424,79.39444732666016,-22.886341094970703
112.820724487,79.35519409179688,-23.0864200592041
113.019943237,79.31035614013672,-23.304912567138672
113.185958862,79.26441955566406,-23.52876853942871
113.335372924,79.22918701171875,-23.704532623291016
113.484786987,79.18970489501953,-23.908754348754883
113.634201049,79.15501403808594,-24.084627151489258
113.833419799,79.10684967041016,-24.330371856689453
113.982833862,79.06824493408203,-24.526395797729492
114.182052612,79.01900482177734,-24.771923065185547
114.331466674,78.98656463623047,-24.945444107055664
114.480880737,78.94860076904297,-25.14995765686035
114.630294799,78.9144287109375,-25.328723907470703
114.796310424,78.87646484375,-25.53323745727539
114.995529174,78.82903289794922,-25.78748893737793
115.144943237,78.78884887695312,-25.990171432495117
115.294357299,78.7526626586914,-26.168535232543945
115.493576049,78.70015716552734,-26.423173904418945
115.642990112,78.65798950195312,-26.622663497924805
115.792404174,78.6227798461914,-26.794240951538086
115.941818237,78.58259582519531,-26.99413299560547
116.141036987,78.53605651855469,-27.24019432067871
116.290451049,78.50086975097656,-27.415973663330078
116.456466674,78.46018981933594,-27.61995506286621
116.605880737,78.41852569580078,-27.8237361907959
116.755294799,78.3858871459961,-28.002782821655273
116.904708862,78.35160827636719,-28.20377540588379
117.103927612,78.30651092529297,-28.4598331451416
117.253341674,78.27387237548828,-28.638879776000977
117.402755737,78.2347640991211,-28.840383529663086
117.601974487,78.18504333496094,-29.092796325683594
117.751388549,78.14981842041016,-29.267175674438477
117.900802612,78.10893249511719,-29.46833038330078
118.100021362,78.0557861328125,-29.72283935546875
118.266036987,78.0155029296875,-29.926898956298828
118.415451049,77.98253631591797,-30.104501724243164
118.564865112,77.94365692138672,-30.30605125427246
118.764083862,77.89532470703125,-30.561525344848633
118.913497924,77.86131286621094,-30.740320205688477
119.062911987,77.82219696044922,-30.941823959350586
119.262130737,77.77191162109375,-31.191329956054688
119.411544799,77.73645782470703,-31.36565589904785
119.560958862,77.69483184814453,-31.56525421142578
119.760177612,77.6402359008789,-31.819459915161133
119.876388549,77.61507415771484,-31.947002410888672
120.075607299,77.56745910644531,-32.197025299072266
120.225021362,77.53318786621094,-32.395233154296875
120.374435424,77.50270080566406,-32.570491790771484
120.573654174,77.45684814453125,-32.826419830322266
120.723068237,77.41889953613281,-33.03091812133789
120.872482299,77.38721466064453,-33.207359313964844
121.021896362,77.35004425048828,-33.40087127685547
121.221115112,77.30126953125,-33.646484375
121.420333862,77.25172424316406,-33.893348693847656
121.536544799,77.2259750366211,-34.02077865600586
121.735763549,77.17333984375,-34.268402099609375
121.885177612,77.13232421875,-34.47231674194336
122.034591674,77.0976333618164,-34.64818572998047
122.184005737,77.06043243408203,-34.84308624267578
122.333419799,77.02981567382812,-35.01276779174805
122.482833862,76.99544525146484,-35.20957946777344
122.682052612,76.94954681396484,-35.459922790527344
122.831466674,76.91520690917969,-35.63864517211914
122.980880737,76.87564849853516,-35.842838287353516
123.180099487,76.83042907714844,-36.09331512451172
123.329513549,76.79891967773438,-36.2725715637207
123.495529174,76.76362609863281,-36.470611572265625
123.644943237,76.72671508789062,-36.67530822753906
123.794357299,76.69384002685547,-36.854305267333984
123.993576049,76.64221954345703,-37.10633087158203
124.142990112,76.60256958007812,-37.30632781982422
124.292404174,76.57032775878906,-37.47710037231445
124.491622924,76.52190399169922,-37.72835922241211
124.641036987,76.4825210571289,-37.93258285522461
124.790451049,76.45034790039062,-38.111717224121094
124.989669799,76.40522766113281,-38.364994049072266
125.155685424,76.37034606933594,-38.567256927490234
125.305099487,76.33304595947266,-38.76909255981445
125.504318237,76.28229522705078,-39.02408981323242
125.653732299,76.24433135986328,-39.202083587646484
125.852951049,76.19087219238281,-39.4537239074707
126.002365112,76.15331268310547,-39.65134048461914
126.151779174,76.12089538574219,-39.82347106933594
126.350997924,76.07109069824219,-40.07585906982422
126.500411987,76.06299591064453,-40.11656188964844
126.649826049,76.06299591064453,-40.11656188964844
126.865646362,76.06299591064453,-40.11656188964844
127.015060424,76.06299591064453,-40.11656188964844
127.214279174,76.06299591064453,-40.11656188964844
127.363693237,76.06299591064453,-40.11656188964844
127.513107299,76.06299591064453,-40.11656188964844
127.712326049,76.06299591064453,-40.11656188964844
127.861740112,76.06299591064453,-40.11656188964844
128.060958862,76.16021728515625,-40.12112045288086
128.210372924,76.33010864257812,-40.068050384521484
128.426193237,76.51484680175781,-39.864837646484375
128.625411987,76.57494354248047,-39.613189697265625
128.774826049,76.5797348022461,-39.43133544921875
128.974044799,76.57000732421875,-39.17157745361328
129.173263549,76.55506896972656,-38.91476058959961
129.322677612,76.55731201171875,-38.706817626953125
129.521896362,76.59114837646484,-38.449302673339844
129.721115112,76.6672134399414,-38.20094299316406
129.920333862,76.76638793945312,-37.96809387207031
130.086349487,76.85089874267578,-37.790103912353516
130.285568237,76.96573638916016,-37.55836868286133
130.434982299,77.04483795166016,-37.39750671386719
130.634201049,77.15489959716797,-37.16649627685547
130.833419799,77.26240539550781,-36.93428039550781
130.982833862,77.34708404541016,-36.74429702758789
131.182052612,77.45697021484375,-36.50864791870117
131.381271362,77.56192016601562,-36.270774841308594
131.530685424,77.63314819335938,-36.10329818725586
131.729904174,77.73126220703125,-35.86249923706055
131.895919799,77.8104476928711,-35.67015838623047
132.095138549,77.90874481201172,-35.44133758544922
132.294357299,78.01386260986328,-35.203529357910156
132.493576049,78.118896484375,-34.96568298339844
132.642990112,78.20477294921875,-34.7762336730957
132.842208862,78.30535125732422,-34.54094314575195
133.041427612,78.40796661376953,-34.30205535888672
133.240646362,78.50814056396484,-34.07404327392578
133.390060424,78.58031463623047,-33.90995788574219
133.605880737,78.70057678222656,-33.653480529785156
133.755294799,78.7749252319336,-33.49488830566406
133.954513549,78.88435363769531,-33.259033203125
134.153732299,78.98973846435547,-33.02284240722656
134.303146362,79.06995391845703,-32.83242416381836
134.502365112,79.16590881347656,-32.5966796875
134.701583862,79.26614379882812,-32.36124801635742
134.900802612,79.3734130859375,-32.12440872192383
135.100021362,79.48320007324219,-31.888729095458984
135.249435424,79.56228637695312,-31.724811553955078
135.465255737,79.68641662597656,-31.471712112426758
135.664474487,79.78977966308594,-31.236228942871094
135.813888549,79.84342956542969,-31.06241226196289
136.013107299,79.8857192993164,-30.810298919677734
136.212326049,79.88819885253906,-30.564226150512695
136.411544799,79.86687469482422,-30.311983108520508
136.610763549,79.84672546386719,-30.052778244018555
136.809982299,79.83494567871094,-29.797164916992188
136.975997924,79.83147430419922,-29.600147247314453
137.175216674,79.83404541015625,-29.342906951904297
137.374435424,79.83916473388672,-29.08296012878418
137.573654174,79.84961700439453,-28.83413314819336
137.772872924,79.86624145507812,-28.588390350341797
137.972091674,79.88890075683594,-28.343116760253906
138.121505737,79.90458679199219,-28.139833450317383
138.320724487,79.91722106933594,-27.88015365600586
138.536544799,79.92164611816406,-27.622940063476562
138.735763549,79.91807556152344,-27.36981964111328
138.885177612,79.91276550292969,-27.161888122558594
139.084396362,79.90616607666016,-26.90334129333496
139.283615112,79.90050506591797,-26.650249481201172
139.433029174,79.90023040771484,-26.47235870361328
139.582443237,79.90084075927734,-26.264366149902344
139.781661987,79.90160369873047,-26.004375457763672
139.980880737,79.9023208618164,-25.75259017944336
140.180099487,79.90306091308594,-25.496702194213867
140.395919799,79.90382385253906,-25.236711502075195
140.545333862,79.90440368652344,-25.034189224243164
140.744552612,79.90512084960938,-24.78240394592285
140.943771362,79.9058837890625,-24.52241325378418
141.142990112,79.90663146972656,-24.26515769958496
141.342208862,79.90735626220703,-24.012004852294922
141.541427612,79.90809631347656,-23.75611686706543
141.740646362,79.90885925292969,-23.496126174926758
141.890060424,79.90937805175781,-23.31686782836914
142.105880737,79.91017150878906,-23.03908348083496
142.305099487,79.91093444824219,-22.77909278869629
142.504318237,79.91168212890625,-22.52183723449707
142.703536987,79.91239929199219,-22.270051956176758
142.902755737,79.91314697265625,-22.01279640197754
143.052169799,79.91368103027344,-21.83080291748047
143.251388549,79.9144287109375,-21.57354736328125
143.450607299,79.91514587402344,-21.321762084960938
143.600021362,79.9157485961914,-21.115137100219727
143.815841674,79.91651153564453,-20.855146408081055
144.015060424,79.91722869873047,-20.603361129760742
144.214279174,79.91795349121094,-20.350208282470703
144.413497924,79.91871643066406,-20.09021759033203
144.612716674,79.91703796386719,-19.832969665527344
144.811935424,79.91377258300781,-19.58120346069336
145.011154174,79.91041564941406,-19.321231842041016
145.160568237,79.90773010253906,-19.11325454711914
145.359786987,79.90472412109375,-18.880647659301758
145.575607299,79.90113830566406,-18.604251861572266
145.774826049,79.89827728271484,-18.344274520874023
145.974044799,79.89820098876953,-18.091121673583984
146.123458862,79.89813995361328,-17.88996696472168
146.322677612,79.89806365966797,-17.635446548461914
146.521896362,79.89798736572266,-17.375455856323242
146.721115112,79.89791107177734,-17.11956787109375
146.870529174,79.89785766601562,-16.944412231445312
147.086349487,79.89784240722656,-16.862415313720703
147.285568237,79.89784240722656,-16.862415313720703
147.484786987,79.89784240722656,-16.862415313720703
147.684005737,79.89784240722656,-16.862415313720703
147.833419799,79.89784240722656,-16.862415313720703
148.032638549,79.89784240722656,-16.862415313720703
148.231857299,79.89784240722656,-16.862415313720703
148.431076049,79.89784240722656,-16.862415313720703
148.630294799,79.89784240722656,-16.862415313720703
148.846115112,79.89784240722656,-16.862415313720703
149.045333862,79.89784240722656,-16.862415313720703
149.244552612,79.89784240722656,-16.862415313720703
149.443771362,79.89784240722656,-16.862415313720703
149.642990112,79.89784240722656,-16.862415313720703
149.842208862,79.89784240722656,-16.862415313720703
150.041427612,79.89781188964844,-16.73641586303711
150.240646362,79.89773559570312,-16.476425170898438
150.456466674,79.89765930175781,-16.217802047729492
150.605880737,79.89759826660156,-16.01527976989746
150.805099487,79.89752197265625,-15.755279541015625
151.004318237,79.89744567871094,-15.499384880065918
151.203536987,79.89736938476562,-15.24759578704834
151.402755737,79.89729309082031,-14.99033260345459
151.601974487,79.897216796875,-14.730332374572754
151.751388549,79.89716339111328,-14.551069259643555
151.950607299,79.89708709716797,-14.299280166625977
152.149826049,79.89701080322266,-14.042016983032227
152.365646362,79.89692687988281,-13.756016731262207
152.564865112,79.8968505859375,-13.5097017288208
152.764083862,79.89677429199219,-13.25243854522705
152.913497924,79.89672088623047,-13.070438385009766
153.112716674,79.89664459228516,-12.813175201416016
153.311935424,79.89656829833984,-12.561386108398438
153.511154174,79.89649200439453,-12.304122924804688
153.710372924,79.89641571044922,-12.044122695922852
153.909591674,79.8963394165039,-11.79096508026123
154.075607299,79.89627838134766,-11.59117603302002
154.274826049,79.89620208740234,-11.331175804138184
154.474044799,79.89612579345703,-11.073912620544434
154.673263549,79.89653778076172,-10.820756912231445
154.872482299,79.90926361083984,-10.566645622253418
155.071701049,79.96621704101562,-10.319367408752441
155.270919799,80.09305572509766,-10.096857070922852
155.420333862,80.24217224121094,-9.965237617492676
155.636154174,80.48455810546875,-9.881485939025879
155.835372924,80.7372817993164,-9.877562522888184
155.984786987,80.93830108642578,-9.901886940002441
156.184005737,81.19131469726562,-9.948419570922852
156.333419799,81.37061309814453,-9.97967529296875
156.532638549,81.62633514404297,-10.006851196289062
156.682052612,81.82320404052734,-10.015237808227539
156.881271362,82.07357788085938,-10.018758773803711
156.980880737,82.20220947265625,-10.018024444580078
157.130294799,82.38421630859375,-10.016876220703125
157.296310424,82.59222412109375,-10.01556396484375
157.495529174,82.84622955322266,-10.000798225402832
157.694747924,83.10135650634766,-9.967738151550293
157.893966674,83.35299682617188,-9.940184593200684
158.043380737,83.55350494384766,-9.924036979675293
158.242599487,83.8062973022461,-9.91086483001709
158.392013549,83.9786605834961,-9.906511306762695
158.591232299,84.23591613769531,-9.906950950622559
158.790451049,84.49575805664062,-9.915558815002441
158.956466674,84.70069122314453,-9.927361488342285
159.105880737,84.90150451660156,-9.939410209655762
159.305099487,85.16122436523438,-9.951294898986816
159.454513549,85.34318542480469,-9.954575538635254
159.653732299,85.5945816040039,-9.942193031311035
159.852951049,85.84862518310547,-9.911530494689941
160.052169799,86.10726165771484,-9.884918212890625
160.251388549,86.35972595214844,-9.866133689880371
160.400802612,86.56584930419922,-9.851473808288574
160.600021362,86.81568908691406,-9.834503173828125
160.766036987,87.02349853515625,-9.825645446777344
160.965255737,87.27798461914062,-9.821992874145508
161.164474487,87.52433013916016,-9.821992874145508
161.313888549,87.70360565185547,-9.82223892211914
161.513107299,87.96246337890625,-9.842554092407227
161.662521362,88.15143585205078,-9.912866592407227
161.811935424,88.28709411621094,-10.022540092468262
162.011154174,88.4088134765625,-10.239058494567871
162.160568237,88.44674682617188,-10.437564849853516
162.309982299,88.45326232910156,-10.619407653808594
162.475997924,88.44813537597656,-10.827332496643066
162.625411987,88.44551086425781,-11.032559394836426
162.774826049,88.454345703125,-11.208831787109375
162.924240112,88.4788818359375,-11.409818649291992
163.123458862,88.53071594238281,-11.664538383483887
163.272872924,88.57667541503906,-11.840635299682617
163.422286987,88.63179779052734,-12.036932945251465
163.571701049,88.67855072021484,-12.209993362426758
163.770919799,88.74117279052734,-12.459517478942871
163.920333862,88.78877258300781,-12.659183502197266
164.086349487,88.83401489257812,-12.853781700134277
164.235763549,88.876953125,-13.03064250946045
164.385177612,88.92182922363281,-13.228116989135742
164.534591674,88.95655059814453,-13.403985023498535
164.684005737,88.99490356445312,-13.60004997253418
164.833419799,89.01795196533203,-13.773653030395508
164.982833862,89.03026580810547,-13.974385261535645
165.132247924,89.0299301147461,-14.156378746032715
165.331466674,89.02007293701172,-14.410663604736328
165.480880737,88.99954986572266,-14.608012199401855
165.630294799,88.98896026611328,-14.784187316894531
165.729904174,88.9862060546875,-14.908681869506836
165.895919799,88.98590087890625,-15.107098579406738
166.045333862,88.98785400390625,-15.315091133117676
166.244552612,88.99028015136719,-15.572344779968262
166.393966674,88.99195861816406,-15.74886417388916
166.543380737,88.99388885498047,-15.952751159667969
166.692794799,88.99556732177734,-16.129268646240234
166.842208862,88.99752044677734,-16.337261199951172
166.991622924,88.9935073852539,-16.519182205200195
167.141036987,88.98041534423828,-16.721281051635742
167.290451049,88.96605682373047,-16.89585304260254
167.439865112,88.94880676269531,-17.071529388427734
167.605880737,88.91735076904297,-17.29920768737793
167.755294799,88.87857818603516,-17.46852684020996
167.954513549,88.83708190917969,-17.58401870727539
168.103927612,88.83708190917969,-17.58401870727539
168.253341674,88.83708190917969,-17.58401870727539
168.452560424,88.83708190917969,-17.58401870727539
168.601974487,88.83573150634766,-17.584260940551758
168.801193237,88.78839111328125,-17.57258415222168
168.950607299,88.69491577148438,-17.492626190185547
169.149826049,88.59272766113281,-17.25724220275879
169.365646362,88.61766815185547,-16.98122787475586
169.515060424,88.6719741821289,-16.807538986206055
169.714279174,88.74420928955078,-16.557842254638672
169.913497924,88.79316711425781,-16.302614212036133
170.112716674,88.80168151855469,-16.045928955078125
170.311935424,88.77070617675781,-15.793411254882812
170.511154174,88.7169418334961,-15.539066314697266
170.710372924,88.66566467285156,-15.284211158752441
170.926193237,88.62218475341797,-15.004319190979004
171.125411987,88.59136199951172,-14.750297546386719
171.274826049,88.57256317138672,-14.5692720413208
171.474044799,88.54956817626953,-14.31304931640625
171.673263549,88.53443145751953,-14.060349464416504
171.872482299,88.51602935791016,-13.807869911193848
172.071701049,88.49815368652344,-13.573558807373047
172.270919799,88.4979476928711,-13.570566177368164
172.470138549,88.4979476928711,-13.570566177368164
172.636154174,88.4979476928711,-13.570566177368164
172.835372924,88.4979476928711,-13.570566177368164
173.034591674,88.4979476928711,-13.570566177368164
173.233810424,88.4979476928711,-13.570566177368164
173.433029174,88.4979476928711,-13.570566177368164
173.582443237,88.4979476928711,-13.570566177368164
173.731857299,88.49390411376953,-13.57127857208252
173.931076049,88.4254379272461,-13.620075225830078
174.080490112,88.32695007324219,-13.793493270874023
174.229904174,88.30116271972656,-13.967577934265137
174.329513549,88.30660247802734,-14.097393035888672
174.445724487,88.32972717285156,-14.251612663269043
174.595138549,88.37205505371094,-14.428597450256348
174.794357299,88.43394470214844,-14.678292274475098
174.943771362,88.46994018554688,-14.878935813903809
175.093185424,88.48921966552734,-15.059876441955566
175.242599487,88.4965591430664,-15.267698287963867
175.392013549,88.49468994140625,-15.446949005126953
175.541427612,88.48776245117188,-15.649351119995117
175.690841674,88.47771453857422,-15.826959609985352
175.890060424,88.46209716796875,-16.086488723754883
176.006271362,88.4552993774414,-16.242338180541992
176.205490112,88.45018005371094,-16.495439529418945
176.305099487,88.44842529296875,-16.625425338745117
176.504318237,88.44491577148438,-16.88539695739746
176.653732299,88.4447250366211,-17.066022872924805
176.803146362,88.4435806274414,-17.265804290771484
176.952560424,88.43840026855469,-17.44225311279297
177.151779174,88.42398834228516,-17.69910430908203
177.301193237,88.41041564941406,-17.906661987304688
177.450607299,88.39972686767578,-18.085603713989258
177.600021362,88.38905334472656,-18.289216995239258
177.766036987,88.37361145019531,-18.495267868041992
177.915451049,88.3584976196289,-18.676647186279297
178.064865112,88.34923553466797,-18.7896671295166
178.214279174,88.34923553466797,-18.7896671295166
178.413497924,88.34923553466797,-18.7896671295166
178.562911987,88.34923553466797,-18.7896671295166
178.712326049,88.35247802734375,-18.80573844909668
178.911544799,88.3922119140625,-18.853837966918945
179.060958862,88.55587768554688,-18.929431915283203
179.260177612,88.80755615234375,-18.907672882080078
179.426193237,88.98909759521484,-18.807708740234375
179.625411987,89.18415069580078,-18.642162322998047
179.824630737,89.38485717773438,-18.490524291992188
180.023849487,89.61266326904297,-18.37772560119629
180.173263549,89.7822036743164,-18.31965446472168
180.372482299,90.02972412109375,-18.254852294921875
180.521896362,90.2286605834961,-18.217193603515625
180.721115112,90.4844970703125,-18.191017150878906
180.920333862,90.74420166015625,-18.177989959716797
181.086349487,90.94786834716797,-18.168254852294922
181.235763549,91.12705993652344,-18.163244247436523
181.434982299,91.3870620727539,-18.161699295043945
181.634201049,91.64295196533203,-18.160985946655273
181.783615112,91.83997344970703,-18.160436630249023
181.982833862,92.09037017822266,-18.159738540649414
182.132247924,92.26688385009766,-18.15924644470215
182.331466674,92.52689361572266,-18.15852165222168
182.480880737,92.73352813720703,-18.15794563293457
182.680099487,92.9866714477539,-18.15723991394043
182.846115112,93.1836929321289,-18.15669059753418
182.995529174,93.3656997680664,-18.15618324279785
183.194747924,93.62158966064453,-18.15546989440918
183.344161987,93.81999206542969,-18.15608024597168
183.543380737,94.07038879394531,-18.15774917602539
183.742599487,94.32627868652344,-18.159456253051758
183.892013549,94.50828552246094,-18.16067123413086
184.091232299,94.76554870605469,-18.16238784790039
184.290451049,95.01731872558594,-18.164066314697266
184.456466674,95.21846008300781,-18.165407180786133
184.655685424,95.47846984863281,-18.167142868041992
184.854904174,95.72886657714844,-18.168811798095703
185.004318237,95.92863464355469,-18.169445037841797
185.203536987,95.94076538085938,-18.16918182373047
185.402755737,95.94076538085938,-18.16918182373047
185.601974487,95.94076538085938,-18.16918182373047
185.801193237,96.08999633789062,-18.16594123840332
185.950607299,96.2678451538086,-18.161834716796875
186.149826049,96.52415466308594,-18.140588760375977
186.365646362,96.6814193725586,-18.117338180541992
186.564865112,96.6814193725586,-18.117338180541992
186.714279174,96.6814193725586,-18.117338180541992
186.913497924,96.6814193725586,-18.117338180541992
187.112716674,96.6814193725586,-18.117338180541992
187.311935424,96.6814193725586,-18.117338180541992
187.511154174,96.6814193725586,-18.117338180541992
187.710372924,96.6814193725586,-18.117338180541992
187.859786987,96.6814193725586,-18.117338180541992
188.075607299,96.6814193725586,-18.117338180541992
188.274826049,96.6814193725586,-18.117338180541992
188.474044799,96.6814193725586,-18.117338180541992
188.623458862,96.6814193725586,-18.117338180541992
188.822677612,96.92063903808594,-18.07996368408203
189.021896362,96.98101806640625,-18.071048736572266
189.221115112,96.98101806640625,-18.071048736572266
189.420333862,96.98101806640625,-18.071048736572266
189.586349487,96.98101806640625,-18.071048736572266
189.785568237,96.98101806640625,-18.071048736572266
189.984786987,96.98101806640625,-18.071048736572266
190.134201049,96.98101806640625,-18.071048736572266
190.333419799,96.98101806640625,-18.071048736572266
190.532638549,97.1036376953125,-18.056198120117188
190.731857299,97.35230255126953,-18.04409408569336
190.931076049,97.61204528808594,-18.054439544677734
191.080490112,97.8194351196289,-18.070247650146484
191.296310424,98.07713317871094,-18.091873168945312
191.445724487,98.27926635742188,-18.104429244995117
191.644943237,98.53910064697266,-18.113136291503906
191.744552612,98.66909790039062,-18.11441421508789
191.943771362,98.92361450195312,-18.113786697387695
192.093185424,99.0987548828125,-18.113298416137695
192.292404174,99.35601806640625,-18.112581253051758
192.491622924,99.61602783203125,-18.11185646057129
192.641036987,99.81716918945312,-18.111295700073242
192.840255737,100.06893920898438,-18.110593795776367
193.006271362,100.2728271484375,-18.11002540588379
193.205490112,100.53146362304688,-18.109304428100586
193.404708862,100.78048706054688,-18.108610153198242
193.603927612,101.02676391601562,-18.10792350769043
193.753341674,101.20602416992188,-18.107423782348633
193.952560424,101.46603393554688,-18.106698989868164
194.101974487,101.67404174804688,-18.10611915588379
194.301193237,101.76753234863281,-18.104814529418945
194.500411987,101.76753234863281,-18.104814529418945
194.716232299,101.76753234863281,-18.104814529418945
194.865646362,101.76753234863281,-18.104814529418945
195.064865112,101.76753234863281,-18.104814529418945
195.264083862,101.76753234863281,-18.104814529418945
195.463302612,101.76753234863281,-18.104814529418945
195.662521362,101.76753234863281,-18.104814529418945
195.811935424,101.76753234863281,-18.104814529418945
196.011154174,101.76753234863281,-18.104814529418945
196.210372924,101.76753234863281,-18.104814529418945
196.376388549,101.76753234863281,-18.104814529418945
196.575607299,101.76753234863281,-18.104814529418945
196.774826049,101.76753234863281,-18.104814529418945
196.924240112,101.76753234863281,-18.104814529418945
197.123458862,101.76753234863281,-18.104814529418945
197.322677612,101.76753234863281,-18.104814529418945
197.521896362,101.76753234863281,-18.104814529418945
197.721115112,101.76753234863281,-18.104814529418945
197.920333862,101.92930603027344,-18.11087417602539
198.086349487,102.07635498046875,-18.150697708129883
198.235763549,102.18576049804688,-18.24427604675293
198.434982299,102.2708511352539,-18.482990264892578
198.584396362,102.24823760986328,-18.6864013671875
198.733810424,102.20101165771484,-18.862119674682617
198.883224487,102.13994598388672,-19.06094741821289
199.032638549,102.0910415649414,-19.23052978515625
199.182052612,102.0600814819336,-19.4304141998291
199.381271362,102.06999969482422,-19.689804077148438
199.530685424,102.1039047241211,-19.862951278686523
199.680099487,102.16539001464844,-20.061586380004883
199.846115112,102.239501953125,-20.251508712768555
200.045333862,102.3350830078125,-20.49331283569336
200.194747924,102.39844512939453,-20.658071517944336
200.344161987,102.47057342529297,-20.853153228759766
200.543380737,102.55427551269531,-21.099300384521484
200.692794799,102.60712432861328,-21.26485824584961
200.842208862,102.66720581054688,-21.4639835357666
200.991622924,102.71793365478516,-21.63734245300293
201.190841674,102.7923355102539,-21.88075065612793
201.340255737,102.85415649414062,-22.075044631958008
201.506271362,102.9181900024414,-22.271499633789062
201.655685424,102.97306060791016,-22.440719604492188
201.805099487,103.0372085571289,-22.638580322265625
202.004318237,103.11936950683594,-22.8852596282959
202.203536987,103.20243835449219,-23.131624221801758
202.352951049,103.25920104980469,-23.304542541503906
202.502365112,103.3231201171875,-23.502477645874023
202.701583862,103.40463256835938,-23.74359130859375
202.850997924,103.46318054199219,-23.915918350219727
203.050216674,103.54570007324219,-24.15959358215332
203.199630737,103.603759765625,-24.327747344970703
203.365646362,103.68011474609375,-24.548933029174805
203.515060424,103.73736572265625,-24.715919494628906
203.714279174,103.81937408447266,-24.958324432373047
203.863693237,103.88327026367188,-25.15482521057129
204.062911987,103.96261596679688,-25.402423858642578
204.212326049,104.01702880859375,-25.576095581054688
204.361740112,104.08110046386719,-25.773975372314453
204.560958862,104.1607437133789,-26.015714645385742
204.710372924,104.2178955078125,-26.188505172729492
204.876388549,104.2395248413086,-26.25244903564453
205.075607299,104.2395248413086,-26.25244903564453
205.225021362,104.2395248413086,-26.25244903564453
205.374435424,104.2618637084961,-26.323266983032227
205.573654174,104.28595733642578,-26.573274612426758
205.723068237,104.21240234375,-26.75114631652832
205.872482299,104.07998657226562,-26.87460708618164
206.071701049,103.8370361328125,-26.962648391723633
206.221115112,103.79623413085938,-26.970239639282227
206.420333862,103.79623413085938,-26.970239639282227
206.586349487,103.79623413085938,-26.970239639282227
206.735763549,103.79623413085938,-26.970239639282227
206.885177612,103.79623413085938,-26.970239639282227
207.034591674,103.79623413085938,-26.970239639282227
207.233810424,103.79623413085938,-26.970239639282227
207.383224487,103.79623413085938,-26.970239639282227
207.582443237,103.79623413085938,-26.970239639282227
207.731857299,103.79623413085938,-26.970239639282227
207.881271362,103.69824981689453,-26.990129470825195
208.080490112,103.4509048461914,-27.069448471069336
208.229904174,103.29590606689453,-27.141693115234375
208.395919799,103.1202621459961,-27.239627838134766
208.545333862,102.9471435546875,-27.34990882873535
208.694747924,102.79325866699219,-27.447113037109375
208.893966674,102.57445526123047,-27.587549209594727
209.043380737,102.39817810058594,-27.697959899902344
209.192794799,102.32852935791016,-27.73931312561035
209.292404174,102.32852935791016,-27.73931312561035
209.441818237,102.32852935791016,-27.73931312561035
209.591232299,102.32852935791016,-27.73931312561035
209.790451049,102.32852935791016,-27.73931312561035
209.956466674,102.32852935791016,-27.73931312561035
210.105880737,102.32852935791016,-27.73931312561035
210.305099487,102.32852935791016,-27.73931312561035
210.454513549,102.32852935791016,-27.73931312561035
210.653732299,102.32852935791016,-27.73931312561035
210.803146362,102.32852935791016,-27.73931312561035
210.952560424,102.32852935791016,-27.73931312561035
211.151779174,102.32852935791016,-27.73931312561035
211.301193237,102.32852935791016,-27.73931312561035
211.450607299,102.32852935791016,-27.73931312561035
211.649826049,102.32852935791016,-27.73931312561035
211.815841674,102.32852935791016,-27.73931312561035
211.965255737,102.23489379882812,-27.798913955688477
212.114669799,102.1089859008789,-27.915740966796875
212.313888549,102.01779174804688,-28.155479431152344
212.463302612,102.0466537475586,-28.354248046875
212.662521362,102.18418884277344,-28.570463180541992
212.811935424,102.2936019897461,-28.70545196533203
212.961349487,102.389892578125,-28.879798889160156
213.160568237,102.43585205078125,-29.12752914428711
213.309982299,102.42886352539062,-29.301036834716797
213.475997924,102.3995132446289,-29.494455337524414
213.625411987,102.36141204833984,-29.694751739501953
213.774826049,102.33306121826172,-29.874494552612305
213.924240112,102.3148193359375,-30.08165740966797
214.123458862,102.30266571044922,-30.335880279541016
214.272872924,102.29900360107422,-30.510997772216797
214.422286987,102.29960632324219,-30.714885711669922
214.621505737,102.30393981933594,-30.969379425048828
214.770919799,102.30703735351562,-31.15135955810547
214.920333862,102.31055450439453,-31.357967376708984
215.069747924,102.31349182128906,-31.53036117553711
215.235763549,102.3169174194336,-31.731491088867188
215.434982299,102.31432342529297,-31.985950469970703
215.584396362,102.30189514160156,-32.19219970703125
215.733810424,102.28872680664062,-32.36686706542969
215.883224487,102.27325439453125,-32.566062927246094
216.082443237,102.26290893554688,-32.70370101928711
216.231857299,102.26290893554688,-32.70370101928711
216.431076049,102.26290893554688,-32.70370101928711
216.580490112,102.26290893554688,-32.70370101928711
216.729904174,102.26290893554688,-32.70370101928711
216.895919799,102.25912475585938,-32.8025016784668
217.045333862,102.29048919677734,-33.00434875488281
217.244552612,102.4381103515625,-33.208072662353516
217.393966674,102.58404541015625,-33.306861877441406
217.593185424,102.81523895263672,-33.412960052490234
217.742599487,103.00141906738281,-33.489078521728516
217.941818237,103.22828674316406,-33.597877502441406
218.091232299,103.36575317382812,-33.687538146972656
218.290451049,103.56475067138672,-33.85464859008789
218.456466674,103.71012878417969,-33.99562072753906
218.655685424,103.89334106445312,-34.17622375488281
218.805099487,104.04166412353516,-34.32204055786133
218.954513549,104.16964721679688,-34.44560241699219
219.153732299,104.35628509521484,-34.626609802246094
219.303146362,104.50838470458984,-34.76848602294922
219.452560424,104.6397476196289,-34.88435745239258
219.651779174,104.8301773071289,-35.04486083984375
219.801193237,104.99112701416016,-35.176612854003906
220.000411987,105.18728637695312,-35.33879089355469
220.149826049,105.3188247680664,-35.452369689941406
220.365646362,105.53031158447266,-35.64081573486328
220.515060424,105.66362762451172,-35.75651931762695
220.714279174,105.86088562011719,-35.9259147644043
220.913497924,106.05448913574219,-36.09116744995117
221.062911987,106.20722961425781,-36.21780776977539
221.262130737,106.4037094116211,-36.381736755371094
221.411544799,106.54063415527344,-36.497459411621094
221.610763549,106.7405776977539,-36.663658142089844
221.760177612,106.90028381347656,-36.79692077636719
221.926193237,107.05755615234375,-36.93305969238281
222.075607299,107.1944580078125,-37.048797607421875
222.274826049,107.39379119873047,-37.211429595947266
222.474044799,107.45692443847656,-37.26375961303711
222.623458862,107.45692443847656,-37.26375961303711
222.822677612,107.45692443847656,-37.26375961303711
223.021896362,107.51800537109375,-37.31059265136719
223.171310424,107.59770965576172,-37.34065628051758
223.370529174,107.83451080322266,-37.32640075683594
223.536544799,108.00315856933594,-37.21278762817383
223.735763549,108.14045715332031,-36.99332809448242
223.934982299,108.21954345703125,-36.74730682373047
224.084396362,108.2826919555664,-36.55064010620117
224.283615112,108.39929962158203,-36.320281982421875
224.482833862,108.55679321289062,-36.11383819580078
224.682052612,108.73938751220703,-35.93281555175781
224.831466674,108.87864685058594,-35.8156623840332
225.030685424,109.07563018798828,-35.661033630371094
225.229904174,109.27739715576172,-35.501434326171875
225.395919799,109.43736267089844,-35.3750114440918
225.595138549,109.62722778320312,-35.20555114746094
225.794357299,109.81021118164062,-35.024742126464844
225.943771362,109.95257568359375,-34.88069152832031
226.142990112,110.07923126220703,-34.757354736328125
226.342208862,110.07923126220703,-34.757354736328125
226.541427612,110.07923126220703,-34.757354736328125
226.641036987,110.11495208740234,-34.722373962402344
226.790451049,110.22315979003906,-34.576995849609375
227.006271362,110.27099609375,-34.30980682373047
227.205490112,110.1963119506836,-34.0707893371582
227.354904174,110.11129760742188,-33.913021087646484
227.554122924,109.98309326171875,-33.6868896484375
227.753341674,109.8837890625,-33.454185485839844
227.902755737,109.82707214355469,-33.26129913330078
228.101974487,109.7807388305664,-33.02659225463867
228.301193237,109.77786254882812,-33.010345458984375
228.500411987,109.76103973388672,-32.877010345458984
228.649826049,109.77725219726562,-32.69651794433594
228.865646362,109.93377685546875,-32.46646499633789
229.064865112,110.172607421875,-32.370849609375
229.264083862,110.43195343017578,-32.374385833740234
229.413497924,110.61222839355469,-32.399131774902344
229.612716674,110.865966796875,-32.44145202636719
229.811935424,111.12494659423828,-32.461936950683594
230.011154174,111.38097381591797,-32.44000244140625
230.210372924,111.63398742675781,-32.38053512573242
230.376388549,111.8321533203125,-32.32195281982422
230.575607299,112.06905364990234,-32.245147705078125
230.774826049,112.2964859008789,-32.17079544067383
230.974044799,112.30806732177734,-32.16717529296875
231.123458862,112.30806732177734,-32.16717529296875
231.322677612,112.30806732177734,-32.16717529296875
231.521896362,112.30806732177734,-32.16717529296875
231.671310424,112.30806732177734,-32.16717529296875
231.870529174,112.30806732177734,-32.16717529296875
232.086349487,112.30806732177734,-32.16717529296875
232.285568237,112.30806732177734,-32.16717529296875
232.434982299,112.30806732177734,-32.16717529296875
232.634201049,112.30806732177734,-32.16717529296875
232.833419799,112.30806732177734,-32.16717529296875
233.032638549,112.30806732177734,-32.16717529296875
233.182052612,112.4052505493164,-32.13973617553711
233.381271362,112.65325927734375,-32.097679138183594
233.580490112,112.9032974243164,-32.08556365966797
233.729904174,113.07976531982422,-32.089595794677734
233.945724487,113.36396789550781,-32.104942321777344
234.144943237,113.61639404296875,-32.12406921386719
234.344161987,113.86893463134766,-32.14158248901367
234.543380737,114.12188720703125,-32.15159225463867
234.692794799,114.30387115478516,-32.153934478759766
234.892013549,114.5611343383789,-32.15262985229492
235.091232299,114.81290435791016,-32.1511116027832
235.240646362,115.01541900634766,-32.1498908996582
235.439865112,115.24491119384766,-32.137550354003906
235.655685424,115.52719116210938,-32.092987060546875
235.805099487,115.72591400146484,-32.03197479248047
236.004318237,115.949462890625,-31.928911209106445
236.203536987,116.1718521118164,-31.802377700805664
236.402755737,116.39761352539062,-31.673410415649414
236.552169799,116.55701446533203,-31.5855770111084
236.751388549,116.78363800048828,-31.463781356811523
236.950607299,117.01600646972656,-31.34718132019043
237.149826049,117.25296783447266,-31.240201950073242
237.315841674,117.4457015991211,-31.162006378173828
237.515060424,117.6203384399414,-31.09938621520996
237.714279174,117.6203384399414,-31.09938621520996
237.913497924,117.76200103759766,-31.0445556640625
238.062911987,117.93408203125,-30.929275512695312
238.262130737,118.0930404663086,-30.731386184692383
238.461349487,118.2192611694336,-30.504182815551758
238.660568237,118.33677673339844,-30.276872634887695
238.809982299,118.41787719726562,-30.12473487854004
239.025802612,118.56558227539062,-29.892810821533203
239.225021362,118.69747161865234,-29.713666915893555
239.374435424,118.69869232177734,-29.71208381652832
239.573654174,118.69869232177734,-29.71208381652832
239.772872924,118.69869232177734,-29.71208381652832
239.922286987,118.69869232177734,-29.71208381652832
240.121505737,118.69869232177734,-29.71208381652832
240.320724487,118.69869232177734,-29.71208381652832
240.519943237,118.69869232177734,-29.71208381652832
240.685958862,118.69869232177734,-29.71208381652832
240.885177612,118.69869232177734,-29.71208381652832
241.084396362,118.69869232177734,-29.71208381652832
241.283615112,118.69869232177734,-29.71208381652832
241.482833862,118.69869232177734,-29.71208381652832
241.632247924,118.69869232177734,-29.71208381652832
241.831466674,118.69869232177734,-29.71208381652832
242.030685424,118.69869232177734,-29.71208381652832
242.229904174,118.69869232177734,-29.71208381652832
242.395919799,118.69869232177734,-29.71208381652832
242.595138549,118.7696762084961,-29.62626838684082
242.794357299,118.9614028930664,-29.466333389282227
242.993576049,119.1856918334961,-29.343517303466797
243.142990112,119.3774642944336,-29.26305389404297
243.342208862,119.62090301513672,-29.171720504760742
243.541427612,119.86297607421875,-29.076955795288086
243.740646362,120.0965347290039,-28.96282386779785
243.890060424,120.25531768798828,-28.879638671875
244.056076049,120.43017578125,-28.785839080810547
244.205490112,120.61431121826172,-28.689117431640625
244.354904174,120.7765121459961,-28.60655403137207
244.554122924,121.00017547607422,-28.490921020507812
244.753341674,121.22818756103516,-28.36886215209961
244.902755737,121.41197967529297,-28.271488189697266
245.101974487,121.64058685302734,-28.156522750854492
245.301193237,121.73987579345703,-28.107681274414062
245.450607299,121.73987579345703,-28.107681274414062
245.649826049,121.73987579345703,-28.107681274414062
245.815841674,121.73987579345703,-28.107681274414062
246.015060424,121.73987579345703,-28.107681274414062
246.214279174,121.73987579345703,-28.107681274414062
246.413497924,121.73987579345703,-28.107681274414062
246.612716674,121.73987579345703,-28.107681274414062
246.811935424,121.73987579345703,-28.107681274414062
246.961349487,121.73987579345703,-28.107681274414062
247.160568237,121.73987579345703,-28.107681274414062
247.309982299,121.73987579345703,-28.107681274414062
247.525802612,121.73987579345703,-28.107681274414062
247.725021362,121.73987579345703,-28.107681274414062
247.924240112,121.73987579345703,-28.107681274414062
248.123458862,121.73987579345703,-28.107681274414062
248.322677612,121.73987579345703,-28.107681274414062
248.472091674,121.73987579345703,-28.107681274414062
248.671310424,121.73987579345703,-28.107681274414062
248.870529174,121.73987579345703,-28.107681274414062
249.036544799,121.73987579345703,-28.107681274414062
249.235763549,121.73987579345703,-28.107681274414062
249.434982299,121.73987579345703,-28.107681274414062
249.634201049,121.73987579345703,-28.107681274414062
249.783615112,121.73987579345703,-28.107681274414062
249.982833862,121.73987579345703,-28.107681274414062
250.132247924,121.73987579345703,-28.107681274414062
250.331466674,121.73987579345703,-28.107681274414062
250.530685424,121.73987579345703,-28.107681274414062
250.729904174,121.73987579345703,-28.107681274414062
250.945724487,121.73987579345703,-28.107681274414062
251.095138549,121.73987579345703,-28.107681274414062
251.294357299,121.73987579345703,-28.107681274414062
251.493576049,121.73987579345703,-28.107681274414062
251.642990112,121.73987579345703,-28.107681274414062
251.842208862,121.73987579345703,-28.107681274414062
252.041427612,121.73987579345703,-28.107681274414062
252.240646362,121.73987579345703,-28.107681274414062
252.456466674,121.73987579345703,-28.107681274414062
252.605880737,121.73987579345703,-28.107681274414062
252.805099487,121.7713394165039,-28.091096878051758
253.004318237,121.8053207397461,-28.056171417236328
253.203536987,121.84252166748047,-27.871435165405273
253.352951049,121.80007934570312,-27.70424461364746
253.552169799,121.62698364257812,-27.52056884765625
253.701583862,121.43762969970703,-27.435453414916992
253.900802612,121.19631958007812,-27.35050392150879
254.050216674,121.03180694580078,-27.27288246154785
254.216232299,120.8630599975586,-27.158897399902344
254.415451049,120.67816925048828,-26.982316970825195
254.614669799,120.51273345947266,-26.785385131835938
254.764083862,120.38729858398438,-26.622905731201172
254.963302612,120.23392486572266,-26.416364669799805
255.162521362,120.07379150390625,-26.211593627929688
255.311935424,119.96588897705078,-26.078872680664062
255.511154174,119.7986068725586,-25.879854202270508
255.710372924,119.63644409179688,-25.69083023071289
255.876388549,119.49948120117188,-25.5343074798584
256.025787353,119.3625717163086,-25.377735137939453
256.225006103,119.19847106933594,-25.188579559326172
256.424224853,119.02645874023438,-24.993629455566406
256.573638916,118.90467834472656,-24.85835838317871
256.772857666,118.73139190673828,-24.668214797973633
256.922271728,118.5938720703125,-24.512178421020508
257.121490478,118.42284393310547,-24.316368103027344
257.320709228,118.25341796875,-24.119163513183594
257.470123291,118.13717651367188,-23.98270034790039
257.685943603,117.95938873291016,-23.76749610900879
257.885162353,117.79309844970703,-23.567659378051758
258.034576416,117.67963409423828,-23.432430267333984
258.233795166,117.51264953613281,-23.23314666748047
258.383209228,117.37528991699219,-23.076961517333984
258.582427978,117.20639038085938,-22.884733200073242
258.731842041,117.09003448486328,-22.75016975402832
258.931060791,116.92951965332031,-22.55796241760254
259.080474853,116.7986831665039,-22.396270751953125
259.279693603,116.73822021484375,-22.324949264526367
259.495513916,116.73822021484375,-22.324949264526367
259.644927978,116.73822021484375,-22.324949264526367
259.844146728,116.73822021484375,-22.324949264526367
260.043365478,116.73822021484375,-22.324949264526367
260.242584228,116.73822021484375,-22.324949264526367
260.391998291,116.74191284179688,-22.307607650756836
260.591217041,116.8222885131836,-22.216402053833008
260.790435791,117.05575561523438,-22.135644912719727
260.956451416,117.25677490234375,-22.154563903808594
261.155670166,117.50228881835938,-22.216190338134766
261.354888916,117.75081634521484,-22.27692222595215
261.454498291,117.87611389160156,-22.29918098449707
261.653717041,118.1305160522461,-22.325855255126953
261.803131103,118.33843994140625,-22.329875946044922
262.002349853,118.59288024902344,-22.3232364654541
262.201568603,118.845947265625,-22.316551208496094
262.350982666,119.02240753173828,-22.3118896484375
262.550201416,119.28234100341797,-22.305023193359375
262.699615478,119.46430206298828,-22.301036834716797
262.915435791,119.7461929321289,-22.299570083618164
263.114654541,120.0062026977539,-22.298444747924805
263.264068603,120.21009063720703,-22.297561645507812
263.463287353,120.46048736572266,-22.296476364135742
263.612701416,120.63563537597656,-22.295795440673828
263.811920166,120.8888168334961,-22.296300888061523
264.011138916,121.1488265991211,-22.296815872192383
264.210357666,121.4061050415039,-22.297327041625977
264.376373291,121.60591888427734,-22.297727584838867
264.575592041,121.86046600341797,-22.298234939575195
264.774810791,122.12047576904297,-22.298749923706055
264.924224853,122.3216552734375,-22.299152374267578
265.123443603,122.5802993774414,-22.299665451049805
265.322662353,122.8403091430664,-22.300180435180664
265.521881103,123.09895324707031,-22.30069351196289
265.721099853,123.35684204101562,-22.284271240234375
265.920318603,123.61246490478516,-22.237079620361328
266.086334228,123.74237823486328,-22.208602905273438
266.285552978,123.74335479736328,-22.208383560180664
266.434967041,123.74335479736328,-22.208383560180664
266.634185791,123.74335479736328,-22.208383560180664
266.833404541,123.74335479736328,-22.208383560180664
267.032623291,123.74335479736328,-22.208383560180664
267.231842041,123.74335479736328,-22.208383560180664
267.431060791,123.74335479736328,-22.208383560180664
267.630279541,123.74335479736328,-22.208383560180664
267.779693603,123.74335479736328,-22.208383560180664
267.995513916,123.74335479736328,-22.208383560180664
268.194732666,123.74335479736328,-22.208383560180664
268.344146728,123.74335479736328,-22.208383560180664
268.543365478,123.74335479736328,-22.208383560180664
268.742584228,123.74335479736328,-22.208383560180664
268.941802978,123.74335479736328,-22.208383560180664
269.141021728,123.74335479736328,-22.208383560180664
269.290435791,123.74335479736328,-22.208383560180664
269.489654541,123.74335479736328,-22.208383560180664
269.705474853,123.74335479736328,-22.208383560180664
269.904693603,123.74335479736328,-22.208383560180664
270.054107666,123.74335479736328,-22.208383560180664
270.253326416,123.74335479736328,-22.208383560180664
270.452545166,123.74335479736328,-22.208383560180664
270.651763916,123.74335479736328,-22.208383560180664
270.850982666,123.74335479736328,-22.208383560180664
271.050201416,123.74335479736328,-22.208383560180664
271.216217041,123.74335479736328,-22.208383560180664
271.415435791,123.74335479736328,-22.208383560180664
271.614654541,123.74335479736328,-22.208383560180664
271.813873291,123.74335479736328,-22.208383560180664
272.013092041,123.74335479736328,-22.208383560180664
272.162506103,123.74335479736328,-22.208383560180664
272.361724853,123.74335479736328,-22.208383560180664
272.560943603,123.74335479736328,-22.208383560180664
272.760162353,123.74335479736328,-22.208383560180664
272.975982666,123.74335479736328,-22.208383560180664
273.175201416,123.74335479736328,-22.208383560180664
273.374420166,123.74335479736328,-22.208383560180664
273.573638916,123.74335479736328,-22.208383560180664
273.723052978,123.74335479736328,-22.208383560180664
273.922271728,123.74335479736328,-22.208383560180664
274.121490478,123.80418395996094,-22.195749282836914
274.320709228,124.05484008789062,-22.186359405517578
274.519927978,124.28189849853516,-22.235227584838867
274.685943603,124.49695587158203,-22.319883346557617
274.885162353,124.72334289550781,-22.433107376098633
275.084381103,124.94982147216797,-22.546161651611328
275.233795166,125.11615753173828,-22.62003517150879
275.433013916,125.35687255859375,-22.71816062927246
275.632232666,125.60394287109375,-22.79888343811035
275.831451416,125.85112762451172,-22.86505126953125
276.030670166,126.0928955078125,-22.9248046875
276.229888916,126.33306121826172,-22.979516983032227
276.395904541,126.53190612792969,-23.024621963500977
276.595123291,126.7689208984375,-23.080726623535156
276.794342041,127.01244354248047,-23.144681930541992
276.993560791,127.25676727294922,-23.216054916381836
277.192779541,127.50090026855469,-23.292749404907227
277.391998291,127.75012969970703,-23.36683464050293
277.541412353,127.9514389038086,-23.41913604736328
277.740631103,128.19918823242188,-23.477500915527344
277.956451416,128.44456481933594,-23.5340576171875
278.155670166,128.69189453125,-23.599550247192383
278.305084228,128.88772583007812,-23.66532325744629
278.504302978,128.9516143798828,-23.690046310424805
278.703521728,128.9516143798828,-23.690046310424805
278.902740478,128.9516143798828,-23.690046310424805
279.002349853,128.9516143798828,-23.690046310424805
279.201568603,128.9516143798828,-23.690046310424805
279.400787353,128.9516143798828,-23.690046310424805
279.600006103,128.9516143798828,-23.690046310424805
279.766021728,129.07049560546875,-23.73174476623535
279.965240478,129.323974609375,-23.788331985473633
280.164459228,129.58302307128906,-23.807836532592773
280.363677978,129.83982849121094,-23.794116973876953
280.562896728,130.09889221191406,-23.7723388671875
280.762115478,130.2588653564453,-23.76938247680664
280.911529541,130.2588653564453,-23.76938247680664
281.110748291,130.2588653564453,-23.76938247680664
281.309967041,130.2588653564453,-23.76938247680664
281.525787353,130.2588653564453,-23.76938247680664
281.675201416,130.2588653564453,-23.76938247680664
281.874420166,130.2588653564453,-23.76938247680664
282.073638916,130.2588653564453,-23.76938247680664
282.272857666,130.2588653564453,-23.76938247680664
282.472076416,130.2588653564453,-23.76938247680664
282.621490478,130.2588653564453,-23.76938247680664
282.820709228,130.2588653564453,-23.76938247680664
283.069732666,130.2588653564453,-23.76938247680664
283.235748291,130.2588653564453,-23.76938247680664
283.434967041,130.2588653564453,-23.76938247680664
283.634185791,130.2588653564453,-23.76938247680664
283.833404541,130.2588653564453,-23.76938247680664
284.032623291,130.2588653564453,-23.76938247680664
284.231842041,130.2588653564453,-23.76938247680664
284.431060791,130.2588653564453,-23.76938247680664
284.630279541,130.2588653564453,-23.76938247680664
284.846099853,130.2588653564453,-23.76938247680664
285.045318603,130.2588653564453,-23.76938247680664
285.244537353,130.2588653564453,-23.76938247680664
285.443756103,130.2588653564453,-23.76938247680664
285.642974853,130.40921020507812,-23.78135871887207
285.842193603,130.6499786376953,-23.86691665649414
285.991607666,130.79188537597656,-23.980224609375
286.190826416,130.95281982421875,-24.180465698242188
286.390045166,131.10049438476562,-24.38939666748047
286.556060791,131.22821044921875,-24.551782608032227
286.705474853,131.36215209960938,-24.69617462158203
286.904693603,131.55856323242188,-24.86638069152832
287.054107666,131.6025848388672,-24.90100860595703
287.303131103,131.6025848388672,-24.90100860595703
287.452545166,131.6025848388672,-24.90100860595703
287.651763916,131.6025848388672,-24.90100860595703
287.850982666,131.6025848388672,-24.90100860595703
288.050201416,131.6025848388672,-24.90100860595703
288.216217041,131.6025848388672,-24.90100860595703
288.415435791,131.6025848388672,-24.90100860595703
288.614654541,131.6025848388672,-24.90100860595703
288.813873291,131.6025848388672,-24.90100860595703
288.963287353,131.6025848388672,-24.90100860595703
289.162506103,131.6025848388672,-24.90100860595703
289.361724853,131.6025848388672,-24.90100860595703
289.560943603,131.6025848388672,-24.90100860595703
289.710357666,131.6025848388672,-24.90100860595703
289.926177978,131.6025848388672,-24.90100860595703
290.125396728,131.6025848388672,-24.90100860595703
290.274810791,131.6025848388672,-24.90100860595703
290.474029541,131.6025848388672,-24.90100860595703
290.673248291,131.6025848388672,-24.90100860595703
290.872467041,131.6025848388672,-24.90100860595703
291.021881103,131.6025848388672,-24.90100860595703
291.221099853,131.6025848388672,-24.90100860595703
291.420318603,131.6025848388672,-24.90100860595703
291.586334228,131.6025848388672,-24.90100860595703
291.785552978,131.6025848388672,-24.90100860595703
291.934967041,131.6025848388672,-24.90100860595703
292.134185791,131.6025848388672,-24.90100860595703
292.333404541,131.6025848388672,-24.90100860595703
292.532623291,131.6025848388672,-24.90100860595703
292.682037353,131.6025848388672,-24.90100860595703
292.881256103,131.6025848388672,-24.90100860595703
293.080474853,131.6025848388672,-24.90100860595703
293.229888916,131.6025848388672,-24.90100860595703
293.445709228,131.6025848388672,-24.90100860595703
293.644927978,131.6025848388672,-24.90100860595703
293.794342041,131.6025848388672,-24.90100860595703
293.993560791,131.6025848388672,-24.90100860595703
294.192779541,131.6025848388672,-24.90100860595703
294.391998291,131.6025848388672,-24.90100860595703
294.591217041,131.6025848388672,-24.90100860595703
294.740631103,131.6025848388672,-24.90100860595703
294.956451416,131.6025848388672,-24.90100860595703
295.155670166,131.6025848388672,-24.90100860595703
295.354888916,131.6025848388672,-24.90100860595703
295.554107666,131.6025848388672,-24.90100860595703
295.753326416,131.6025848388672,-24.90100860595703
295.902740478,131.6025848388672,-24.90100860595703
296.101959228,131.6025848388672,-24.90100860595703
296.301177978,131.6025848388672,-24.90100860595703
296.400787353,131.6025848388672,-24.90100860595703
296.600006103,131.6025848388672,-24.90100860595703
296.766021728,131.6025848388672,-24.90100860595703
296.915435791,131.6025848388672,-24.90100860595703
297.114654541,131.637451171875,-25.103281021118164
297.264068603,131.57240295410156,-25.284427642822266
297.413482666,131.4480743408203,-25.406002044677734
297.562896728,131.37603759765625,-25.442712783813477
297.762115478,131.37603759765625,-25.442712783813477
297.911529541,131.37603759765625,-25.442712783813477
298.060943603,131.37603759765625,-25.442712783813477
298.210357666,131.37603759765625,-25.442712783813477
298.409576416,131.37603759765625,-25.442712783813477
298.525787353,131.37603759765625,-25.442712783813477
298.725006103,131.37603759765625,-25.442712783813477
298.874420166,131.37603759765625,-25.442712783813477
299.023834228,131.37603759765625,-25.442712783813477
299.173248291,131.37603759765625,-25.442712783813477
299.372467041,131.37603759765625,-25.442712783813477
299.521881103,131.37603759765625,-25.442712783813477
299.671295166,131.37603759765625,-25.442712783813477
299.870513916,131.37603759765625,-25.442712783813477
300.036529541,131.37603759765625,-25.442712783813477
300.185943603,131.37603759765625,-25.442712783813477
300.335357666,131.37603759765625,-25.442712783813477
300.534576416,131.37603759765625,-25.442712783813477
300.683990478,131.37603759765625,-25.442712783813477
300.833404541,131.37603759765625,-25.442712783813477
300.982818603,131.37603759765625,-25.442712783813477
301.132232666,131.37603759765625,-25.442712783813477
301.331451416,131.37603759765625,-25.442712783813477
301.480865478,131.37603759765625,-25.442712783813477
301.630279541,131.37603759765625,-25.442712783813477
301.796295166,131.37603759765625,-25.442712783813477
301.945709228,131.37603759765625,-25.442712783813477
302.095123291,131.34678649902344,-25.511638641357422
302.244537353,131.33059692382812,-25.71183204650879
302.443756103,131.43443298339844,-25.933176040649414
302.593170166,131.57443237304688,-26.041471481323242
302.792388916,131.81298828125,-26.140769958496094
302.991607666,132.05003356933594,-26.2470760345459
303.190826416,132.26451110839844,-26.393247604370117
303.390045166,132.44407653808594,-26.575225830078125
303.556060791,132.57481384277344,-26.736942291259766
303.705474853,132.69615173339844,-26.902488708496094
303.904693603,132.84889221191406,-27.1129150390625
304.103912353,133.00375366210938,-27.31489372253418
304.253326416,133.1158905029297,-27.458242416381836
304.452545166,133.27978515625,-27.656511306762695
304.651763916,133.44229125976562,-27.848806381225586
304.801177978,133.575439453125,-28.006807327270508
305.000396728,133.738037109375,-28.200836181640625
305.149810791,133.8550262451172,-28.340251922607422
305.365631103,134.0390167236328,-28.555631637573242
305.515045166,134.1562957763672,-28.69478988647461
305.714263916,134.32298278808594,-28.89071273803711
305.863677978,134.4565887451172,-29.05012321472168
306.062896728,134.61952209472656,-29.243850708007812
306.212310791,134.7368621826172,-29.382957458496094
306.411529541,134.90048217773438,-29.581472396850586
306.560943603,135.00701904296875,-29.714595794677734
306.760162353,135.0076446533203,-29.715377807617188
306.926177978,135.0705108642578,-29.800134658813477
307.125396728,135.16458129882812,-30.02704620361328
307.274810791,135.157958984375,-30.207773208618164
307.424224853,135.0848388671875,-30.401920318603516
307.573638916,134.99560546875,-30.5573787689209
307.723052978,134.89694213867188,-30.73731803894043
307.872467041,134.82278442382812,-30.9034366607666
308.071685791,134.74273681640625,-31.150680541992188
308.221099853,134.70030212402344,-31.35425567626953
308.370513916,134.67550659179688,-31.530399322509766
308.536529541,134.64755249023438,-31.732364654541016
308.685943603,134.61868286132812,-31.932819366455078
308.885162353,134.58062744140625,-32.18586349487305
309.034576416,134.55288696289062,-32.3657341003418
309.233795166,134.50823974609375,-32.61212921142578
309.383209228,134.46881103515625,-32.80937957763672
309.532623291,134.43153381347656,-32.986114501953125
309.682037353,134.3859405517578,-33.18484115600586
309.831451416,134.34483337402344,-33.36214065551758
309.980865478,134.2967987060547,-33.564517974853516
310.180084228,134.238525390625,-33.816497802734375
310.346099853,134.19200134277344,-34.016422271728516
310.495513916,134.1544647216797,-34.1875
310.644927978,134.11521911621094,-34.3903923034668
310.794342041,134.08181762695312,-34.569313049316406
310.993560791,134.03201293945312,-34.824493408203125
311.142974853,133.992919921875,-35.020416259765625
311.292388916,133.96043395996094,-35.18258285522461
311.441802978,133.95799255371094,-35.19446563720703
311.591217041,133.95799255371094,-35.19446563720703
311.790435791,133.9402313232422,-35.291744232177734
311.939849853,133.91737365722656,-35.47088623046875
312.105865478,133.90541076660156,-35.700401306152344
312.305084228,133.9130859375,-35.960243225097656
312.454498291,133.93006896972656,-36.14141845703125
312.603912353,133.93841552734375,-36.201873779296875
312.803131103,133.93841552734375,-36.201873779296875
312.952545166,133.93841552734375,-36.201873779296875
313.151763916,133.93841552734375,-36.201873779296875
313.301177978,133.93841552734375,-36.201873779296875
313.500396728,133.93841552734375,-36.201873779296875
313.649810791,133.93841552734375,-36.201873779296875
313.766021728,133.93841552734375,-36.201873779296875
313.915435791,133.93841552734375,-36.201873779296875
314.064849853,133.93841552734375,-36.201873779296875
314.264068603,133.93841552734375,-36.201873779296875
314.413482666,133.93841552734375,-36.201873779296875
314.612701416,133.93841552734375,-36.201873779296875
314.762115478,133.93841552734375,-36.201873779296875
314.961334228,133.93841552734375,-36.201873779296875
315.160552978,133.93841552734375,-36.201873779296875
315.309967041,133.93841552734375,-36.201873779296875
315.475982666,133.93841552734375,-36.201873779296875
315.675201416,133.93841552734375,-36.201873779296875
315.824615478,133.93841552734375,-36.201873779296875
316.023834228,133.93841552734375,-36.201873779296875
316.173248291,133.93841552734375,-36.201873779296875
316.372467041,133.93841552734375,-36.201873779296875
316.521881103,133.93841552734375,-36.201873779296875
316.721099853,133.93841552734375,-36.201873779296875
316.870513916,133.9503173828125,-36.302162170410156
317.036529541,133.96336364746094,-36.50971221923828
317.185943603,133.9686737060547,-36.716270446777344
317.385162353,133.9679718017578,-36.97626495361328
317.534576416,133.9635009765625,-37.158203125
317.683990478,133.9548797607422,-37.359169006347656
317.833404541,133.94696044921875,-37.534141540527344
318.032623291,133.93582153320312,-37.79116439819336
318.182037353,133.9313201904297,-37.999107360839844
318.331451416,133.9293975830078,-38.181087493896484
318.530670166,133.92677307128906,-38.43013381958008
318.680084228,133.92465209960938,-38.631282806396484
318.846099853,133.92393493652344,-38.83517837524414
319.045318603,133.9243927001953,-39.09244918823242
319.194732666,133.92471313476562,-39.267608642578125
319.344146728,133.92507934570312,-39.47013854980469
319.543365478,133.925537109375,-39.72330093383789
319.692779541,133.9310760498047,-39.905181884765625
319.891998291,133.9505615234375,-40.09947967529297
320.041412353,133.9505615234375,-40.09947967529297
320.240631103,133.9505615234375,-40.09947967529297
320.390045166,133.9505615234375,-40.09947967529297
320.605865478,133.9505615234375,-40.09947967529297
320.755279541,133.9505615234375,-40.09947967529297
320.954498291,133.9505615234375,-40.09947967529297
321.103912353,133.9505615234375,-40.09947967529297
321.253326416,133.9505615234375,-40.09947967529297
321.452545166,133.9505615234375,-40.09947967529297
321.651763916,133.9505615234375,-40.09947967529297
321.801177978,133.9505615234375,-40.09947967529297
321.950592041,133.96017456054688,-40.173858642578125
322.149810791,133.98724365234375,-40.4241828918457
322.315826416,134.0094757080078,-40.62961196899414
322.465240478,134.04090881347656,-40.825496673583984
322.664459228,134.09716796875,-41.069435119628906
322.813873291,134.1455078125,-41.24489974975586
323.013092041,134.2172393798828,-41.49480056762695
323.212310791,134.29197692871094,-41.740966796875
323.361724853,134.3502655029297,-41.92919921875
323.560943603,134.42352294921875,-42.17295455932617
323.710357666,134.47396850585938,-42.34497833251953
323.876373291,134.52914428710938,-42.53700256347656
324.075592041,134.60061645507812,-42.78413391113281
324.225006103,134.6585235595703,-42.979637145996094
324.424224853,134.72850036621094,-43.22435760498047
324.623443603,134.79971313476562,-43.47013854980469
324.772857666,134.8490753173828,-43.645320892333984
324.972076416,134.9178466796875,-43.89323043823242
325.121490478,134.97462463378906,-44.09333038330078
325.270904541,135.02500915527344,-44.26108169555664
325.470123291,135.10232543945312,-44.506439208984375
325.636138916,135.16476440429688,-44.70053482055664
325.835357666,135.23626708984375,-44.92438888549805
325.984771728,135.2371368408203,-44.927249908447266
326.183990478,135.2371368408203,-44.927249908447266
326.333404541,135.2371368408203,-44.927249908447266
326.532623291,135.2371368408203,-44.927249908447266
326.682037353,135.2371368408203,-44.927249908447266
326.881256103,135.2371368408203,-44.927249908447266
327.080474853,135.2371368408203,-44.927249908447266
327.229888916,135.263671875,-45.022491455078125
327.395904541,135.29273986816406,-45.222652435302734
327.595123291,135.26856994628906,-45.468177795410156
327.744537353,135.2100067138672,-45.66481399536133
327.893951416,135.14962768554688,-45.8306884765625
328.093170166,135.0626678466797,-46.06406021118164
328.242584228,134.99847412109375,-46.25035858154297
328.391998291,134.94667053222656,-46.417667388916016
328.591217041,134.8777618408203,-46.658424377441406
328.740631103,134.8242950439453,-46.85943603515625
328.890045166,134.77969360351562,-47.02881622314453
329.105865478,134.70956420898438,-47.30466079711914
329.255279541,134.66604614257812,-47.48137283325195
329.404693603,134.61375427246094,-47.68269729614258
329.554107666,134.5673065185547,-47.8558349609375
329.753326416,134.49911499023438,-48.10105514526367
329.902740478,134.44390869140625,-48.29023742675781
330.052154541,134.39271545410156,-48.4620361328125
330.251373291,134.32046508789062,-48.708953857421875
330.400787353,134.2637481689453,-48.90339660644531
330.550201416,134.2361602783203,-48.9990348815918
330.716217041,134.2361602783203,-48.9990348815918
330.915435791,134.2361602783203,-48.9990348815918
331.064849853,134.2361602783203,-48.9990348815918
331.214263916,134.2361602783203,-48.9990348815918
331.313873291,134.2361602783203,-48.9990348815918
331.463287353,134.2361602783203,-48.9990348815918
331.662506103,134.2361602783203,-48.9990348815918
331.811920166,134.2361602783203,-48.9990348815918
331.961334228,134.2361602783203,-48.9990348815918
332.160552978,134.196044921875,-49.11948013305664
332.260162353,134.13644409179688,-49.2347297668457
332.475982666,133.94903564453125,-49.38446044921875
332.575592041,133.82862854003906,-49.41505432128906
332.774810791,133.5706329345703,-49.397216796875
332.924224853,133.3711395263672,-49.33863067626953
333.073638916,133.197998046875,-49.28260040283203
333.223052978,132.99632263183594,-49.23197555541992
333.372467041,132.81614685058594,-49.20718002319336
333.521881103,132.61102294921875,-49.20781326293945
333.671295166,132.4333038330078,-49.23053741455078
333.820709228,132.2370147705078,-49.2799072265625
333.970123291,132.06764221191406,-49.338565826416016
334.136138916,131.88258361816406,-49.41733169555664
334.285552978,131.7001190185547,-49.498748779296875
334.434967041,131.53610229492188,-49.56760025024414
334.584381103,131.3446044921875,-49.63325119018555
334.783599853,131.12655639648438,-49.6847038269043
334.933013916,131.12655639648438,-49.6847038269043
335.082427978,131.12655639648438,-49.6847038269043
335.231842041,131.12655639648438,-49.6847038269043
335.381256103,131.12655639648438,-49.6847038269043
335.580474853,131.12655639648438,-49.6847038269043
335.729888916,131.12655639648438,-49.6847038269043
335.895904541,131.12655639648438,-49.6847038269043
336.045318603,131.02713012695312,-49.70231628417969
336.194732666,130.85128784179688,-49.702457427978516
336.344146728,130.66094970703125,-49.622562408447266
336.543365478,130.4695281982422,-49.45159149169922
336.692779541,130.3534393310547,-49.32044982910156
336.891998291,130.18551635742188,-49.13101577758789
337.091217041,130.00436401367188,-48.95237350463867
337.240631103,129.84535217285156,-48.82706069946289
337.390045166,129.69459533691406,-48.72513198852539
337.605865478,129.4557342529297,-48.572914123535156
337.755279541,129.30044555664062,-48.4780158996582
337.954498291,129.08404541015625,-48.34664535522461
338.103912353,128.90719604492188,-48.237178802490234
338.253326416,128.75718688964844,-48.14411163330078
338.452545166,128.54298400878906,-48.00667953491211
338.601959228,128.38441467285156,-47.90451431274414
338.751373291,128.37416076660156,-47.898040771484375
338.950592041,128.37416076660156,-47.898040771484375
339.100006103,128.37416076660156,-47.898040771484375
339.315826416,128.37416076660156,-47.898040771484375
339.465240478,128.37416076660156,-47.898040771484375
339.614654541,128.37416076660156,-47.898040771484375
339.813873291,128.37416076660156,-47.898040771484375
340.013092041,128.37416076660156,-47.898040771484375
340.162506103,128.37416076660156,-47.898040771484375
340.361724853,128.27774047851562,-47.843101501464844
340.511138916,128.117919921875,-47.792816162109375
340.660552978,127.92424774169922,-47.817237854003906
340.809967041,127.77436065673828,-47.90873718261719
340.975982666,127.64337921142578,-48.06053161621094
341.175201416,127.5626220703125,-48.24502182006836
341.324615478,127.5626220703125,-48.24502182006836
341.523834228,127.5626220703125,-48.24502182006836
341.673248291,127.5626220703125,-48.24502182006836
341.822662353,127.5626220703125,-48.24502182006836
342.021881103,127.56058502197266,-48.252967834472656
342.171295166,127.5555191040039,-48.262603759765625
342.320709228,127.51605987548828,-48.29148864746094
342.470123291,127.3692855834961,-48.32240676879883
342.636138916,127.18107604980469,-48.28213882446289
342.835357666,126.98711395263672,-48.116477966308594
342.984771728,126.87013244628906,-47.9445686340332
343.183990478,126.73217010498047,-47.73562240600586
343.333404541,126.6196517944336,-47.59442901611328
343.532623291,126.43603515625,-47.41649627685547
343.682037353,126.27393341064453,-47.29520034790039
343.831451416,126.12150573730469,-47.19576644897461
344.030670166,125.90321350097656,-47.05454635620117
344.180084228,125.73088073730469,-46.93809127807617
344.346099853,125.568359375,-46.81723403930664
344.545318603,125.36255645751953,-46.662845611572266
344.694732666,125.21543884277344,-46.55570602416992
344.844146728,125.0501937866211,-46.436256408691406
345.043365478,124.84226989746094,-46.289451599121094
345.192779541,124.69940948486328,-46.19290542602539
345.391998291,124.58565521240234,-46.11537551879883
345.541412353,124.58565521240234,-46.11537551879883
345.740631103,124.58565521240234,-46.11537551879883
345.890045166,124.58565521240234,-46.11537551879883
346.105865478,124.58565521240234,-46.11537551879883
346.255279541,124.50121307373047,-46.06001281738281
346.404693603,124.3133773803711,-45.98331069946289
346.554107666,124.1380844116211,-45.98493576049805
346.753326416,123.90625,-46.08993148803711
346.902740478,123.7370376586914,-46.210838317871094
347.052154541,123.59021759033203,-46.31605529785156
347.201568603,123.42086029052734,-46.42450714111328
347.350982666,123.26106262207031,-46.511539459228516
347.500396728,123.07559967041016,-46.59614562988281
347.649810791,122.90766143798828,-46.65874481201172
347.849029541,122.66300964355469,-46.728694915771484
347.965240478,122.51663970947266,-46.763797760009766
348.164459228,122.26309967041016,-46.82154846191406
348.313873291,122.085205078125,-46.86002731323242
348.463287353,122.04460906982422,-46.86861038208008
348.612701416,122.04460906982422,-46.86861038208008
348.712310791,122.04460906982422,-46.86861038208008
348.861724853,122.04460906982422,-46.86861038208008
349.060943603,122.04460906982422,-46.86861038208008
349.210357666,122.04460906982422,-46.86861038208008
349.376373291,122.04460906982422,-46.86861038208008
349.525787353,122.04460906982422,-46.86861038208008
349.725006103,122.04460906982422,-46.86861038208008
349.874420166,122.04460906982422,-46.86861038208008
350.023834228,122.04460906982422,-46.86861038208008
350.173248291,122.04460906982422,-46.86861038208008
350.322662353,122.04460906982422,-46.86861038208008
350.521881103,122.04460906982422,-46.86861038208008
350.671295166,122.04460906982422,-46.86861038208008
350.820709228,122.04460906982422,-46.86861038208008
350.970123291,122.0003890991211,-46.87860870361328
351.136138916,121.85926055908203,-46.93643569946289
351.285552978,121.72869110107422,-47.07427215576172
351.484771728,121.66374969482422,-47.31697082519531
351.634185791,121.69464874267578,-47.49575424194336
351.833404541,121.78153228759766,-47.74075698852539
352.032623291,121.8582763671875,-47.983341217041016
352.182037353,121.8917007446289,-48.18282699584961
352.331451416,121.89624786376953,-48.364681243896484
352.530670166,121.86406707763672,-48.622371673583984
352.680084228,121.8184585571289,-48.82528305053711
352.846099853,121.76972961425781,-49.020442962646484
352.995513916,121.72764587402344,-49.19469451904297
353.194732666,121.67023468017578,-49.44826126098633
353.344146728,121.62799835205078,-49.651920318603516
353.493560791,121.59383392333984,-49.82790756225586
353.692779541,121.54817962646484,-50.07271957397461
353.842193603,121.51744079589844,-50.2742805480957
353.991607666,121.49190521240234,-50.45033645629883
354.190826416,121.45319366455078,-50.70743179321289
354.340240478,121.41966247558594,-50.9127082824707
354.489654541,121.38844299316406,-51.09061813354492
354.655670166,121.35296630859375,-51.292789459228516
354.854888916,121.31067657470703,-51.54931640625
355.004302978,121.277099609375,-51.750423431396484
355.153717041,121.24832916259766,-51.92735290527344
355.352935791,121.2069091796875,-52.17293167114258
355.502349853,121.17300415039062,-52.36843490600586
355.651763916,121.14311981201172,-52.539634704589844
355.850982666,121.09754180908203,-52.78865051269531
356.000396728,121.05955505371094,-52.9931640625
356.149810791,121.05427551269531,-53.02168273925781
356.365631103,121.05427551269531,-53.02168273925781
356.515045166,121.05427551269531,-53.02168273925781
356.664459228,121.05427551269531,-53.02168273925781
356.863677978,121.02595520019531,-53.14543151855469
357.013092041,120.95613098144531,-53.31156921386719
357.162506103,120.83112335205078,-53.477210998535156
357.311920166,120.69950866699219,-53.6027946472168
357.511138916,120.49955749511719,-53.76457977294922
357.660552978,120.33911895751953,-53.88591766357422
357.809967041,120.19602966308594,-53.99834060668945
357.975982666,120.11528778076172,-54.06855010986328
358.125396728,120.11528778076172,-54.06855010986328
358.274810791,120.11528778076172,-54.06855010986328
358.474029541,120.11528778076172,-54.06855010986328
358.623443603,120.11528778076172,-54.06855010986328
358.772857666,120.11528778076172,-54.06855010986328
358.922271728,120.11528778076172,-54.06855010986328
359.071685791,120.11528778076172,-54.06855010986328
359.270904541,120.11528778076172,-54.06855010986328
359.420318603,120.11528778076172,-54.06855010986328
359.569732666,120.11528778076172,-54.06855010986328
359.735748291,120.11528778076172,-54.06855010986328
359.885162353,120.11528778076172,-54.06855010986328
360.084381103,120.11528778076172,-54.06855010986328
360.233795166,120.11528778076172,-54.06855010986328
360.383209228,120.11528778076172,-54.06855010986328
360.582427978,120.11528778076172,-54.06855010986328
360.731842041,120.11528778076172,-54.06855010986328
360.881256103,120.11528778076172,-54.06855010986328
361.080474853,120.1038589477539,-54.09023666381836
361.229888916,120.0900650024414,-54.24773025512695
361.379302978,120.14356231689453,-54.40754699707031
361.595123291,120.33478546142578,-54.607505798339844
361.744537353,120.514892578125,-54.71135711669922
361.943756103,120.73975372314453,-54.82468795776367
362.142974853,120.92842102050781,-54.93213653564453
362.292388916,120.92842102050781,-54.93213653564453
362.491607666,120.92842102050781,-54.93213653564453
362.690826416,120.92842102050781,-54.93213653564453
362.840240478,120.92842102050781,-54.93213653564453
363.056060791,120.92842102050781,-54.93213653564453
363.255279541,120.92842102050781,-54.93213653564453
363.404693603,120.92842102050781,-54.93213653564453
363.603912353,120.92842102050781,-54.93213653564453
363.803131103,120.92842102050781,-54.93213653564453
364.002349853,120.92842102050781,-54.93213653564453
364.201568603,120.92842102050781,-54.93213653564453
364.350982666,120.92842102050781,-54.93213653564453
364.550201416,120.92842102050781,-54.93213653564453
364.749420166,120.92842102050781,-54.93213653564453
364.915435791,120.92842102050781,-54.93213653564453
365.114654541,120.92842102050781,-54.93213653564453
365.313873291,120.92842102050781,-54.93213653564453
365.463287353,120.92842102050781,-54.93213653564453
365.662506103,120.92842102050781,-54.93213653564453
365.861724853,120.92842102050781,-54.93213653564453
366.060943603,120.92842102050781,-54.93213653564453
366.160552978,120.92842102050781,-54.93213653564453
366.309967041,120.92842102050781,-54.93213653564453
366.525787353,120.92842102050781,-54.93213653564453
366.725006103,120.92842102050781,-54.93213653564453
366.924224853,120.92842102050781,-54.93213653564453
367.073638916,120.92842102050781,-54.93213653564453
367.272857666,121.01974487304688,-54.997154235839844
367.422271728,121.16036987304688,-55.14537048339844
367.621490478,121.24871063232422,-55.38762664794922
367.770904541,121.26244354248047,-55.56902313232422
367.970123291,121.2625732421875,-55.82758331298828
368.136138916,121.2619400024414,-56.02460479736328
368.285552978,121.27808380126953,-56.23051071166992
368.484771728,121.33101654052734,-56.477867126464844
368.634185791,121.38491821289062,-56.64879608154297
368.833404541,121.47980499267578,-56.89082717895508
368.982818603,121.55802154541016,-57.077640533447266
369.182037353,121.65642547607422,-57.318294525146484
369.331451416,121.72147369384766,-57.48680877685547
369.530670166,121.81346130371094,-57.7241096496582
369.680084228,121.8307113647461,-57.7618522644043
369.829498291,121.8307113647461,-57.7618522644043
370.045318603,121.8307113647461,-57.7618522644043
370.194732666,121.8307113647461,-57.7618522644043
370.393951416,121.8307113647461,-57.7618522644043
370.593170166,121.8307113647461,-57.7618522644043
370.742584228,121.8307113647461,-57.7618522644043
370.941802978,121.8307113647461,-57.7618522644043
371.091217041,121.8307113647461,-57.7618522644043
371.290435791,121.8307113647461,-57.7618522644043
371.456451416,121.8307113647461,-57.7618522644043
371.655670166,121.8307113647461,-57.7618522644043
371.805084228,121.8307113647461,-57.7618522644043
372.004302978,121.8307113647461,-57.7618522644043
372.153717041,121.8307113647461,-57.7618522644043
372.352935791,121.8307113647461,-57.7618522644043
372.502349853,121.87460327148438,-57.863800048828125
372.651763916,121.92527770996094,-58.036991119384766
372.850982666,121.95195007324219,-58.28834915161133
373.050201416,121.94076538085938,-58.53705596923828
373.216217041,121.9222183227539,-58.738731384277344
373.415435791,121.89601135253906,-58.997413635253906
373.564849853,121.88154602050781,-59.200767517089844
373.764068603,121.8886947631836,-59.4577751159668
373.913482666,121.90531921386719,-59.63900375366211
374.112701416,121.93994903564453,-59.89383316040039
374.311920166,121.99800109863281,-60.14154815673828
374.461334228,122.05693054199219,-60.33673095703125
374.660552978,122.13838195800781,-60.58363723754883
374.809967041,122.19733428955078,-60.7529182434082
375.025787353,122.29566955566406,-61.0185546875
375.175201416,122.35726165771484,-61.18398666381836
375.374420166,122.44548797607422,-61.422725677490234
375.573638916,122.53092193603516,-61.661033630371094
375.723052978,122.60144805908203,-61.856719970703125
375.922271728,122.6913070678711,-62.09485626220703
376.121490478,122.72891235351562,-62.195030212402344
376.270904541,122.72891235351562,-62.195030212402344
376.470123291,122.72891235351562,-62.195030212402344
376.636138916,122.72891235351562,-62.195030212402344
376.785552978,122.72891235351562,-62.195030212402344
376.984771728,122.72891235351562,-62.195030212402344
377.183990478,122.72891235351562,-62.195030212402344
377.333404541,122.72891235351562,-62.195030212402344
377.532623291,122.72891235351562,-62.195030212402344
377.731842041,122.72891235351562,-62.195030212402344
377.881256103,122.7339859008789,-62.20773696899414
378.080474853,122.7376480102539,-62.21508026123047
378.229888916,122.7735366821289,-62.232505798339844
378.445709228,123.03023529052734,-62.23710250854492
378.595123291,123.1241683959961,-62.192626953125
378.794342041,123.1241683959961,-62.192626953125
378.993560791,123.1241683959961,-62.192626953125
379.192779541,123.1241683959961,-62.192626953125
379.391998291,123.1241683959961,-62.192626953125
379.591217041,123.1241683959961,-62.192626953125
379.740631103,123.1241683959961,-62.192626953125
379.956451416,123.1241683959961,-62.192626953125
380.155670166,123.1241683959961,-62.192626953125
380.305084228,123.1241683959961,-62.192626953125
380.504302978,123.1241683959961,-62.192626953125
380.703521728,123.1241683959961,-62.192626953125
380.902740478,123.1241683959961,-62.192626953125
381.052154541,123.1241683959961,-62.192626953125
381.251373291,123.1241683959961,-62.192626953125
381.450592041,123.1241683959961,-62.192626953125
381.649810791,123.1241683959961,-62.192626953125
381.865631103,123.1241683959961,-62.192626953125
382.064849853,123.1241683959961,-62.192626953125
382.214263916,123.1241683959961,-62.192626953125
382.413482666,123.1241683959961,-62.192626953125
382.612701416,123.1241683959961,-62.192626953125
382.811920166,123.1241683959961,-62.192626953125
383.011138916,123.1241683959961,-62.192626953125
383.160552978,123.1241683959961,-62.192626953125
383.359771728,123.1241683959961,-62.192626953125
383.475982666,123.1241683959961,-62.192626953125
383.675201416,123.1241683959961,-62.192626953125
383.874420166,123.1241683959961,-62.192626953125
384.073638916,123.1241683959961,-62.192626953125
384.223052978,123.1241683959961,-62.192626953125
384.422271728,123.1241683959961,-62.192626953125
384.621490478,123.1241683959961,-62.192626953125
384.820709228,123.1241683959961,-62.192626953125
384.970123291,123.1241683959961,-62.192626953125
385.185943603,123.1241683959961,-62.192626953125
385.385162353,123.1241683959961,-62.192626953125
385.534576416,123.1241683959961,-62.192626953125
385.733795166,123.1241683959961,-62.192626953125
385.933013916,123.1241683959961,-62.192626953125
386.082427978,123.1241683959961,-62.192626953125
386.281646728,123.1241683959961,-62.192626953125
386.480865478,123.1241683959961,-62.192626953125
386.680084228,123.1241683959961,-62.192626953125
386.895904541,123.1241683959961,-62.192626953125
387.095123291,123.1241683959961,-62.192626953125
387.294342041,123.1241683959961,-62.192626953125
387.493560791,123.1241683959961,-62.192626953125
387.692779541,123.1241683959961,-62.192626953125
387.891998291,123.1241683959961,-62.192626953125
388.041412353,123.1241683959961,-62.192626953125
388.240631103,123.1241683959961,-62.192626953125
388.456451416,123.1241683959961,-62.192626953125
388.655670166,123.1241683959961,-62.192626953125
388.854888916,123.1241683959961,-62.192626953125
389.004302978,123.1241683959961,-62.192626953125
389.203521728,123.1241683959961,-62.192626953125
389.402740478,123.1241683959961,-62.192626953125
389.601959228,123.1241683959961,-62.192626953125
389.801177978,123.1241683959961,-62.192626953125
390.000396728,123.1241683959961,-62.192626953125
390.149810791,123.17196655273438,-62.13484573364258
390.365631103,123.29839324951172,-61.8942985534668
390.564849853,123.29776763916016,-61.645652770996094
390.714263916,123.2559814453125,-61.468605041503906
390.913482666,123.17901611328125,-61.243499755859375
391.062896728,123.17501831054688,-61.2320442199707
391.262115478,123.17501831054688,-61.2320442199707
391.411529541,123.17501831054688,-61.2320442199707
391.610748291,123.17501831054688,-61.2320442199707
391.760162353,123.17501831054688,-61.2320442199707
391.975982666,123.17501831054688,-61.2320442199707
392.125396728,123.17501831054688,-61.2320442199707
392.324615478,123.17501831054688,-61.2320442199707
392.523834228,123.17501831054688,-61.2320442199707
392.673248291,123.17501831054688,-61.2320442199707
392.822662353,123.17501831054688,-61.2320442199707
393.021881103,123.17501831054688,-61.2320442199707
393.171295166,123.17501831054688,-61.2320442199707
393.370513916,123.17501831054688,-61.2320442199707
393.536529541,123.17501831054688,-61.2320442199707
393.735748291,123.17501831054688,-61.2320442199707
393.885162353,123.17501831054688,-61.2320442199707
394.084381103,123.17501831054688,-61.2320442199707
394.233795166,123.17501831054688,-61.2320442199707
394.433013916,123.17501831054688,-61.2320442199707
394.632232666,123.17501831054688,-61.2320442199707
394.781646728,123.17501831054688,-61.2320442199707
394.931060791,123.17501831054688,-61.2320442199707
395.130279541,123.17501831054688,-61.2320442199707
395.296295166,123.17501831054688,-61.2320442199707
395.445709228,123.17330169677734,-61.226844787597656
395.644927978,123.17176818847656,-61.21879959106445
395.844146728,123.17752838134766,-61.208091735839844
395.993560791,123.18538665771484,-61.202735900878906
396.192779541,123.41080474853516,-61.18825912475586
396.342193603,123.59489440917969,-61.27781677246094
396.541412353,123.74422454833984,-61.4828987121582
396.740631103,123.83821105957031,-61.72523498535156
396.956451416,123.93292236328125,-61.96730422973633
397.105865478,124.02967071533203,-62.15119552612305
397.305084228,124.17810821533203,-62.35099411010742
397.504302978,124.35086059570312,-62.54523468017578
397.703521728,124.52474212646484,-62.721336364746094
397.902740478,124.5363998413086,-62.73302459716797
398.101959228,124.5363998413086,-62.73302459716797
398.301177978,124.5363998413086,-62.73302459716797
398.500396728,124.5363998413086,-62.73302459716797
398.699615478,124.5363998413086,-62.73302459716797
398.915435791,124.5363998413086,-62.73302459716797
399.114654541,124.5363998413086,-62.73302459716797
399.313873291,124.5363998413086,-62.73302459716797
399.463287353,124.5363998413086,-62.73302459716797
399.662506103,124.5363998413086,-62.73302459716797
399.861724853,124.5363998413086,-62.73302459716797
400.060943603,124.5363998413086,-62.73302459716797
400.210357666,124.5363998413086,-62.73302459716797
400.426177978,124.5363998413086,-62.73302459716797
400.575592041,124.5363998413086,-62.73302459716797
400.774810791,124.5363998413086,-62.73302459716797
400.924224853,124.5363998413086,-62.73302459716797
401.073638916,124.63104248046875,-62.820491790771484
401.223052978,124.80496978759766,-62.922183990478516
401.422271728,125.04073333740234,-62.92693328857422
401.621490478,125.26091766357422,-62.79404067993164
401.820709228,125.42138671875,-62.59004211425781
401.970123291,125.5176773071289,-62.43561935424805
402.185943603,125.6832275390625,-62.20285415649414
402.385162353,125.87350463867188,-62.03489685058594
402.584381103,126.09786224365234,-61.912742614746094
402.733795166,126.26637268066406,-61.851783752441406
402.933013916,126.517578125,-61.78504943847656
403.132232666,126.76334381103516,-61.73026657104492
403.331451416,127.01112365722656,-61.6784553527832
403.480865478,127.21598052978516,-61.64249801635742
403.680084228,127.46910095214844,-61.60490036010742
403.895904541,127.71971130371094,-61.581356048583984
404.045318603,127.927490234375,-61.57212448120117
404.244537353,128.1873321533203,-61.562129974365234
404.443756103,128.4416961669922,-61.55233383178711
404.642974853,128.69143676757812,-61.53462219238281
404.792388916,128.86962890625,-61.515235900878906
404.991607666,129.11959838867188,-61.485416412353516
405.190826416,129.36590576171875,-61.43367004394531
405.390045166,129.61407470703125,-61.356475830078125
405.556060791,129.81094360351562,-61.28943634033203
405.755279541,130.05426025390625,-61.22492218017578
405.904693603,130.25558471679688,-61.18517303466797
406.103912353,130.3233642578125,-61.17517852783203
406.303131103,130.3233642578125,-61.17517852783203
406.452545166,130.3233642578125,-61.17517852783203
406.651763916,130.3233642578125,-61.17517852783203
406.850982666,130.3233642578125,-61.17517852783203
407.050201416,130.3233642578125,-61.17517852783203
407.216217041,130.3233642578125,-61.17517852783203
407.415435791,130.3233642578125,-61.17517852783203
407.614654541,130.44752502441406,-61.153804779052734
407.813873291,130.69741821289062,-61.08294677734375
408.013092041,130.9330291748047,-60.986820220947266
408.162506103,131.1205291748047,-60.90325927734375
408.361724853,131.35580444335938,-60.79266357421875
408.560943603,131.59164428710938,-60.683258056640625
408.710357666,131.75877380371094,-60.61122512817383
408.909576416,131.79733276367188,-60.595863342285156
409.125396728,131.79733276367188,-60.595863342285156
409.324615478,131.79733276367188,-60.595863342285156
409.523834228,131.79733276367188,-60.595863342285156
409.673248291,131.79733276367188,-60.595863342285156
409.872467041,131.79733276367188,-60.595863342285156
410.071685791,131.79733276367188,-60.595863342285156
410.270904541,131.79733276367188,-60.595863342285156
410.470123291,131.79733276367188,-60.595863342285156
410.685943603,131.79733276367188,-60.595863342285156
410.885162353,131.79733276367188,-60.595863342285156
411.084381103,131.79733276367188,-60.595863342285156
411.283599853,131.79733276367188,-60.595863342285156
411.482818603,131.79733276367188,-60.595863342285156
411.682037353,131.79733276367188,-60.595863342285156
411.881256103,131.79733276367188,-60.595863342285156
412.080474853,131.79733276367188,-60.595863342285156
412.279693603,131.79733276367188,-60.595863342285156
412.495513916,131.79733276367188,-60.595863342285156
412.694732666,131.79733276367188,-60.595863342285156
412.893951416,131.79733276367188,-60.595863342285156
413.093170166,131.79733276367188,-60.595863342285156
413.292388916,131.79733276367188,-60.595863342285156
413.491607666,131.806396484375,-60.59276580810547
413.641021728,131.806396484375,-60.59276580810547
413.840240478,131.82061767578125,-60.60372543334961
414.006256103,131.9305877685547,-60.76222610473633
414.205474853,131.96279907226562,-61.01718521118164
414.354888916,131.91732788085938,-61.19306945800781
414.504302978,131.84674072265625,-61.38726043701172
414.703521728,131.77806091308594,-61.63782501220703
414.902740478,131.7366180419922,-61.89163589477539
415.052154541,131.72080993652344,-62.066070556640625
415.251373291,131.70477294921875,-62.31597900390625
415.400787353,131.68934631347656,-62.520652770996094
415.600006103,131.6682891845703,-62.77978515625
415.766021728,131.6543731689453,-62.9873161315918
415.965240478,131.63885498046875,-63.239990234375
416.114654541,131.62344360351562,-63.42134094238281
416.313873291,131.60302734375,-63.68053436279297
416.463287353,131.5913543701172,-63.87861251831055
416.662506103,131.57078552246094,-64.12680053710938
416.811920166,131.55445861816406,-64.30118560791016
417.011138916,131.53543090820312,-64.56048583984375
417.210357666,131.520751953125,-64.82008361816406
417.376373291,131.505615234375,-65.0193099975586
417.575592041,131.48699951171875,-65.27316284179688
417.725006103,131.47702026367188,-65.48092651367188
417.924224853,131.46853637695312,-65.73941040039062
418.073638916,131.4604034423828,-65.91437530517578
418.272857666,131.4437255859375,-66.1669692993164
418.372467041,131.4340362548828,-66.29659271240234
418.521881103,131.4197998046875,-66.50410461425781
418.721099853,131.39988708496094,-66.75374603271484
418.870513916,131.38404846191406,-66.92817687988281
419.069732666,131.36471557617188,-67.18058776855469
419.235748291,131.35690307617188,-67.33428192138672
419.434967041,131.3568572998047,-67.33528137207031
419.584381103,131.346435546875,-67.46080017089844
419.783599853,131.26441955566406,-67.69937133789062
419.933013916,131.1350860595703,-67.82572937011719
420.082427978,130.94049072265625,-67.89432525634766
420.281646728,130.6810760498047,-67.89363861083984
420.431060791,130.65225219726562,-67.890380859375
420.580474853,130.65225219726562,-67.890380859375
420.729888916,130.65225219726562,-67.890380859375
420.945709228,130.65225219726562,-67.890380859375
421.095123291,130.65225219726562,-67.890380859375
421.244537353,130.65225219726562,-67.890380859375
421.443756103,130.65225219726562,-67.890380859375
421.593170166,130.65225219726562,-67.890380859375
421.742584228,130.65225219726562,-67.890380859375
421.891998291,130.65225219726562,-67.890380859375
422.091217041,130.65225219726562,-67.890380859375
422.240631103,130.65225219726562,-67.890380859375
422.390045166,130.65225219726562,-67.890380859375
422.556060791,130.65225219726562,-67.890380859375
422.705474853,130.65225219726562,-67.890380859375
422.904693603,130.65225219726562,-67.890380859375
423.054107666,130.65225219726562,-67.890380859375
423.203521728,130.65225219726562,-67.890380859375
423.352935791,130.65225219726562,-67.890380859375
423.552154541,130.65225219726562,-67.890380859375
423.701568603,130.65225219726562,-67.890380859375
423.850982666,130.65225219726562,-67.890380859375
424.050201416,130.65225219726562,-67.890380859375
424.216217041,130.65225219726562,-67.890380859375
424.365631103,130.65225219726562,-67.890380859375
424.515045166,130.58651733398438,-67.88409423828125
424.664459228,130.498291015625,-67.89141082763672
424.813873291,130.46299743652344,-67.90901947021484
425.013092041,130.33152770996094,-68.10075378417969
425.162506103,130.30654907226562,-68.30044555664062
425.361724853,130.37049865722656,-68.55146026611328
425.560943603,130.46197509765625,-68.79190826416016
425.710357666,130.50875854492188,-68.96764373779297
425.926177978,130.53045654296875,-69.25228118896484
426.075592041,130.5138702392578,-69.43341064453125
426.274810791,130.46054077148438,-69.6835708618164
426.424224853,130.4084930419922,-69.88072204589844
426.623443603,130.34597778320312,-70.12602996826172
426.772857666,130.30606079101562,-70.2979736328125
426.972076416,130.25320434570312,-70.54412841796875
427.121490478,130.21566772460938,-70.74868774414062
427.320709228,130.17333984375,-71.00521850585938
427.470123291,130.14419555664062,-71.17218780517578
427.636138916,130.14154052734375,-71.18745422363281
427.835357666,130.14154052734375,-71.18745422363281
427.984771728,130.14154052734375,-71.18745422363281
428.183990478,130.14154052734375,-71.18745422363281
428.383209228,130.14154052734375,-71.18745422363281
428.532623291,130.14154052734375,-71.18745422363281
428.731842041,130.14154052734375,-71.18745422363281
428.881256103,130.14154052734375,-71.18745422363281
429.080474853,130.14154052734375,-71.18745422363281
429.296295166,130.14154052734375,-71.18745422363281
429.445709228,130.14154052734375,-71.18745422363281
429.644927978,130.14154052734375,-71.18745422363281
429.794342041,130.12692260742188,-71.2873764038086
429.993560791,130.11390686035156,-71.5428466796875
430.192779541,130.10780334472656,-71.79595184326172
430.342193603,130.1029510498047,-71.9970703125
430.541412353,130.09669494628906,-72.25700378417969
430.740631103,130.0904998779297,-72.51420593261719
430.890045166,130.0871124267578,-72.6893310546875
431.056060791,130.08226013183594,-72.89179229736328
431.255279541,130.07142639160156,-73.15158081054688
431.404693603,130.05531311035156,-73.35619354248047
431.603912353,130.02320861816406,-73.61414337158203
431.753326416,129.98666381835938,-73.79237365722656
431.952545166,129.9135284423828,-74.03606414794922
432.101959228,129.83407592773438,-74.22820281982422
432.301177978,129.72219848632812,-74.44889831542969
432.450592041,129.72073364257812,-74.45153045654297
432.649810791,129.72073364257812,-74.45153045654297
432.815826416,129.72073364257812,-74.45153045654297
433.015045166,129.72073364257812,-74.45153045654297
433.164459228,129.72073364257812,-74.45153045654297
433.363677978,129.72073364257812,-74.45153045654297
433.513092041,129.72073364257812,-74.45153045654297
433.662506103,129.72073364257812,-74.45153045654297
433.861724853,129.72073364257812,-74.45153045654297
434.011138916,129.72073364257812,-74.45153045654297
434.210357666,129.72073364257812,-74.45153045654297
434.359771728,129.72073364257812,-74.45153045654297
434.575592041,129.72073364257812,-74.45153045654297
434.725006103,129.72073364257812,-74.45153045654297
434.874420166,129.72073364257812,-74.45153045654297
435.073638916,129.72073364257812,-74.45153045654297
435.223052978,129.72073364257812,-74.45153045654297
435.422271728,129.72073364257812,-74.45153045654297
435.571685791,129.72073364257812,-74.45153045654297
435.770904541,129.72073364257812,-74.45153045654297
435.870513916,129.69717407226562,-74.49478912353516
436.036529541,129.61473083496094,-74.67964172363281
436.185943603,129.55450439453125,-74.87294006347656
436.335357666,129.5126495361328,-75.04441833496094
436.534576416,129.45835876464844,-75.2958755493164
436.733795166,129.39825439453125,-75.54739379882812
436.883209228,129.34307861328125,-75.74794006347656
437.082427978,129.266845703125,-75.98646545410156
437.231842041,129.20462036132812,-76.1574935913086
437.431060791,129.111328125,-76.39725494384766
437.580474853,129.03314208984375,-76.59000396728516
437.729888916,128.96347045898438,-76.7581558227539
437.945709228,128.8597412109375,-77.0246810913086
438.095123291,128.79739379882812,-77.19570922851562
438.244537353,128.7253875732422,-77.390869140625
438.443756103,128.63490295410156,-77.63462829589844
438.593170166,128.57400512695312,-77.7988510131836
438.792388916,128.48123168945312,-78.04175567626953
438.941802978,128.40823364257812,-78.23362731933594
439.091217041,128.36569213867188,-78.3453140258789
439.290435791,128.36569213867188,-78.3453140258789
439.456451416,128.36569213867188,-78.3453140258789
439.655670166,128.36569213867188,-78.3453140258789
439.805084228,128.36569213867188,-78.3453140258789
440.004302978,128.36569213867188,-78.3453140258789
440.153717041,128.36569213867188,-78.3453140258789
440.352935791,128.36569213867188,-78.3453140258789
440.502349853,128.36569213867188,-78.3453140258789
440.701568603,128.36569213867188,-78.3453140258789
440.900787353,128.36569213867188,-78.3453140258789
441.100006103,128.36569213867188,-78.3453140258789
441.249420166,128.36569213867188,-78.3453140258789
441.415435791,128.36569213867188,-78.3453140258789
441.614654541,128.36569213867188,-78.3453140258789
441.764068603,128.36569213867188,-78.3453140258789
441.963287353,128.36569213867188,-78.3453140258789
442.162506103,128.36569213867188,-78.3453140258789
442.311920166,128.36569213867188,-78.3453140258789
442.511138916,128.36569213867188,-78.3453140258789
442.660552978,128.36569213867188,-78.3453140258789
442.876373291,128.36569213867188,-78.3453140258789
443.025787353,128.36569213867188,-78.3453140258789
443.225006103,128.36569213867188,-78.3453140258789
443.424224853,128.36569213867188,-78.3453140258789
443.573638916,128.36569213867188,-78.3453140258789
443.772857666,128.36569213867188,-78.3453140258789
443.922271728,128.36569213867188,-78.3453140258789
444.121490478,128.36569213867188,-78.3453140258789
444.320709228,128.36569213867188,-78.3453140258789
444.470123291,128.36569213867188,-78.3453140258789
444.685943603,128.36569213867188,-78.3453140258789
444.835357666,128.36569213867188,-78.3453140258789
444.984771728,128.36569213867188,-78.3453140258789
445.183990478,128.36569213867188,-78.3453140258789
445.333404541,128.36569213867188,-78.3453140258789
445.532623291,128.36569213867188,-78.3453140258789
445.682037353,128.36569213867188,-78.3453140258789
445.881256103,128.36569213867188,-78.3453140258789
446.080474853,128.36569213867188,-78.3453140258789
446.229888916,128.36569213867188,-78.3453140258789
446.445709228,128.36569213867188,-78.3453140258789
446.644927978,128.36569213867188,-78.3453140258789
446.794342041,128.36569213867188,-78.3453140258789
446.993560791,128.36569213867188,-78.3453140258789
447.142974853,128.36569213867188,-78.3453140258789
447.342193603,128.36569213867188,-78.3453140258789
447.491607666,128.36569213867188,-78.3453140258789
447.690826416,128.36569213867188,-78.3453140258789
447.890045166,128.36569213867188,-78.3453140258789
448.056060791,128.36569213867188,-78.3453140258789
448.255279541,128.36569213867188,-78.3453140258789
448.404693603,128.36569213867188,-78.3453140258789
448.554107666,128.36126708984375,-78.34854125976562
448.753326416,128.2350616455078,-78.36946868896484
448.902740478,128.05125427246094,-78.31698608398438
449.052154541,127.91650390625,-78.20639038085938
449.201568603,127.798583984375,-78.03547668457031
449.350982666,127.70973205566406,-77.87664031982422
449.550201416,127.59375762939453,-77.6624526977539
449.716217041,127.48631286621094,-77.4941177368164
449.865631103,127.35520935058594,-77.33457946777344
450.015045166,127.22798919677734,-77.20639038085938
450.214263916,127.03571319580078,-77.0354995727539
450.363677978,126.87677764892578,-76.90132141113281
450.513092041,126.73877716064453,-76.78266143798828
450.662506103,126.58788299560547,-76.65172576904297
450.861724853,126.39425659179688,-76.47821807861328
451.011138916,126.26017761230469,-76.35516357421875
451.160552978,126.10743713378906,-76.2139892578125
451.309967041,125.97492218017578,-76.08924102783203
451.525787353,125.77522277832031,-75.89613342285156
451.675201416,125.64470672607422,-75.77325439453125
451.824615478,125.49230194091797,-75.6317138671875
452.023834228,125.30207824707031,-75.45448303222656
452.173248291,125.17109680175781,-75.33207702636719
452.322662353,125.02435302734375,-75.19648742675781
452.472076416,124.88910675048828,-75.07471466064453
452.671295166,124.69879913330078,-74.9016342163086
452.820709228,124.55196380615234,-74.7661361694336
452.970123291,124.4256820678711,-74.65077209472656
453.136138916,124.27277374267578,-74.50978088378906
453.235748291,124.21330261230469,-74.45629119873047
453.385162353,124.21330261230469,-74.45629119873047
453.534576416,124.21330261230469,-74.45629119873047
453.683990478,124.21330261230469,-74.45629119873047
453.833404541,124.21330261230469,-74.45629119873047
454.032623291,124.21330261230469,-74.45629119873047
454.182037353,124.21330261230469,-74.45629119873047
454.331451416,124.21330261230469,-74.45629119873047
454.530670166,124.21330261230469,-74.45629119873047
454.680084228,124.21330261230469,-74.45629119873047
454.846099853,124.20333862304688,-74.45181274414062
454.995513916,124.19256591796875,-74.45049285888672
455.194732666,124.15216827392578,-74.46940612792969
455.344146728,124.04473876953125,-74.60918426513672
455.543365478,123.99095153808594,-74.86170959472656
455.692779541,124.00174713134766,-75.03633117675781
455.891998291,124.056396484375,-75.27908325195312
456.091217041,124.12377166748047,-75.52025604248047
456.240631103,124.16435241699219,-75.71722412109375
456.439849853,124.1928939819336,-75.94940185546875
456.589263916,124.20159149169922,-76.15718078613281
456.805084228,124.19384765625,-76.4403076171875
456.954498291,124.1842041015625,-76.62205505371094
457.103912353,124.17658996582031,-76.82988739013672
457.303131103,124.18699645996094,-77.08277893066406
457.452545166,124.19882202148438,-77.25617218017578
457.651763916,124.21113586425781,-77.51176452636719
457.801177978,124.21548461914062,-77.7197036743164
458.000396728,124.22297668457031,-77.97407531738281
458.216217041,124.2484130859375,-78.22042083740234
458.365631103,124.26908874511719,-78.42326354980469
458.564849853,124.28814697265625,-78.68255615234375
458.714263916,124.29825592041016,-78.8642807006836
458.913482666,124.31670379638672,-79.10991668701172
459.112701416,124.33097076416016,-79.3389892578125
459.262115478,124.33113098144531,-79.34198760986328
459.461334228,124.33113098144531,-79.34198760986328
459.660552978,124.33113098144531,-79.34198760986328
459.809967041,124.33113098144531,-79.34198760986328
460.025787353,124.33113098144531,-79.34198760986328
460.225006103,124.33113098144531,-79.34198760986328
460.374420166,124.33113098144531,-79.34198760986328
460.573638916,124.33113098144531,-79.34198760986328
460.772857666,124.33113098144531,-79.34198760986328
460.922271728,124.33280181884766,-79.44749450683594
461.121490478,124.27557373046875,-79.684814453125
461.270904541,124.16595458984375,-79.81644439697266
461.420318603,123.98220825195312,-79.90440368652344
461.586334228,123.77545928955078,-79.92048645019531
461.785552978,123.518310546875,-79.88358306884766
461.934967041,123.33942413330078,-79.85018157958984
462.084381103,123.14241027832031,-79.82746124267578
462.233795166,122.96050262451172,-79.82725524902344
462.383209228,122.75540924072266,-79.851318359375
462.532623291,122.58147430419922,-79.88851165771484
462.731842041,122.34512329101562,-79.96624755859375
462.881256103,122.1655044555664,-80.0562973022461
463.030670166,122.02039337158203,-80.1612548828125
463.229888916,121.84636688232422,-80.34630584716797
463.395904541,121.73368835449219,-80.51776885986328
463.545318603,121.6334457397461,-80.69998931884766
463.744537353,121.5491714477539,-80.8631362915039
463.893951416,121.5491714477539,-80.8631362915039
464.093170166,121.5491714477539,-80.8631362915039
464.242584228,121.5491714477539,-80.8631362915039
464.441802978,121.5491714477539,-80.8631362915039
464.641021728,121.5491714477539,-80.8631362915039
464.790435791,121.5491714477539,-80.8631362915039
464.956451416,121.5491714477539,-80.8631362915039
465.155670166,121.5491714477539,-80.8631362915039
465.305084228,121.5491714477539,-80.8631362915039
465.504302978,121.5491714477539,-80.8631362915039
465.703521728,121.5491714477539,-80.8631362915039
465.852935791,121.5491714477539,-80.8631362915039
466.052154541,121.5491714477539,-80.8631362915039
466.201568603,121.5491714477539,-80.8631362915039
466.400787353,121.5491714477539,-80.8631362915039
466.600006103,121.5491714477539,-80.8631362915039
466.766021728,121.5491714477539,-80.8631362915039
466.965240478,121.5491714477539,-80.8631362915039
467.164459228,121.5491714477539,-80.8631362915039
467.313873291,121.5491714477539,-80.8631362915039
467.513092041,121.5491714477539,-80.8631362915039
467.662506103,121.5491714477539,-80.8631362915039
467.861724853,121.50276947021484,-80.96265411376953
468.011138916,121.49330139160156,-80.98920440673828
468.210357666,121.49330139160156,-80.98920440673828
468.376373291,121.49330139160156,-80.98920440673828
468.575592041,121.49330139160156,-80.98920440673828
468.774810791,121.49330139160156,-80.98920440673828
468.924224853,121.49330139160156,-80.98920440673828
469.123443603,121.49330139160156,-80.98920440673828
469.322662353,121.49330139160156,-80.98920440673828
469.472076416,121.49330139160156,-80.98920440673828
469.671295166,121.49330139160156,-80.98920440673828
469.870513916,121.49330139160156,-80.98920440673828
470.036529541,121.49330139160156,-80.98920440673828
470.185943603,121.49330139160156,-80.98920440673828
470.385162353,121.49330139160156,-80.98920440673828
470.584381103,121.49330139160156,-80.98920440673828
470.683990478,121.49330139160156,-80.98920440673828
470.833404541,121.49330139160156,-80.98920440673828
471.032623291,121.49330139160156,-80.98920440673828
471.231842041,121.49330139160156,-80.98920440673828
471.381256103,121.49330139160156,-80.98920440673828
471.580474853,121.49330139160156,-80.98920440673828
471.729888916,121.49330139160156,-80.98920440673828
471.945709228,121.49330139160156,-80.98920440673828
472.144927978,121.49330139160156,-80.98920440673828
472.294342041,121.49330139160156,-80.98920440673828
472.493560791,121.49330139160156,-80.98920440673828
472.642974853,121.49330139160156,-80.98920440673828
472.842193603,121.49330139160156,-80.98920440673828
473.041412353,121.49330139160156,-80.98920440673828
473.190826416,121.49330139160156,-80.98920440673828
473.390045166,121.49330139160156,-80.98920440673828
473.556060791,121.49330139160156,-80.98920440673828
473.755279541,121.49330139160156,-80.98920440673828
473.904693603,121.49330139160156,-80.98920440673828
474.103912353,121.49330139160156,-80.98920440673828
474.253326416,121.47898864746094,-81.00921630859375
474.402740478,121.35582733154297,-81.08882141113281
474.601959228,121.1126480102539,-81.1087646484375
474.751373291,120.94416809082031,-81.04154968261719
474.900787353,120.77434539794922,-80.92659759521484
475.050201416,120.62950897216797,-80.8163833618164
475.216217041,120.45777130126953,-80.69925689697266
475.415435791,120.22403717041016,-80.58586120605469
475.564849853,120.02892303466797,-80.513916015625
475.714263916,119.8568344116211,-80.46382141113281
475.863677978,119.65908813476562,-80.41413116455078
476.062896728,119.41455841064453,-80.3674087524414
476.212310791,119.24047088623047,-80.34838104248047
476.361724853,119.03678131103516,-80.3402328491211
476.511138916,118.85477447509766,-80.33938598632812
476.660552978,118.6495132446289,-80.34207916259766
476.859771728,118.42511749267578,-80.34528350830078
477.009185791,118.22534942626953,-80.34813690185547
477.175201416,118.02420806884766,-80.35101318359375
477.324615478,117.81620025634766,-80.35400390625
477.523834228,117.5644302368164,-80.35336303710938
477.673248291,117.38668823242188,-80.34645080566406
477.822662353,117.18932342529297,-80.32646179199219
478.021881103,116.94060516357422,-80.27970886230469
478.171295166,116.76995086669922,-80.24021911621094
478.320709228,116.56871032714844,-80.19329071044922
478.470123291,116.39128112792969,-80.1527328491211
478.636138916,116.19190216064453,-80.10397338867188
478.785552978,115.99867248535156,-80.05325317382812
478.984771728,115.76295471191406,-79.9919204711914
479.134185791,115.5941162109375,-79.95709991455078
479.283599853,115.39884185791016,-79.93107604980469
479.433013916,115.22405242919922,-79.92033386230469
479.632232666,114.96955108642578,-79.91796112060547
479.781646728,114.76154327392578,-79.92070007324219
479.931060791,114.57953643798828,-79.9233169555664
480.130279541,114.32227325439453,-79.92700958251953
480.229888916,114.19501495361328,-79.9288330078125
480.445709228,113.90900421142578,-79.93294525146484
480.595123291,113.7338638305664,-79.9354476928711
480.744537353,113.53409576416016,-79.93830108642578
480.943756103,113.27820587158203,-79.94147491455078
481.093170166,113.09619903564453,-79.94087219238281
481.242584228,112.8923110961914,-79.9399185180664
481.441802978,112.63642120361328,-79.938720703125
481.591217041,112.45990753173828,-79.93789672851562
481.790435791,112.20264434814453,-79.93669128417969
481.890045166,112.07263946533203,-79.93608093261719
482.105865478,111.78662872314453,-79.93473815917969
482.255279541,111.60599517822266,-79.93389129638672
482.404693603,111.39798736572266,-79.93291473388672
482.554107666,111.22284698486328,-79.93209838867188
482.753326416,110.97107696533203,-79.93092346191406
482.902740478,110.76856231689453,-79.92997741699219
483.052154541,110.58930206298828,-79.92913818359375
483.201568603,110.39225006103516,-79.92822265625
483.400787353,110.13224029541016,-79.927001953125
483.550201416,109.96118927001953,-79.92620849609375
483.699615478,109.78740692138672,-79.92681121826172
483.849029541,109.5836181640625,-79.9335708618164
484.064849853,109.30586242675781,-79.93749237060547
484.214263916,109.12659454345703,-79.93722534179688
484.363677978,108.9240493774414,-79.93692016601562
484.562896728,108.67366027832031,-79.93368530273438
484.712310791,108.4986343383789,-79.92679595947266
484.861724853,108.29241943359375,-79.91375732421875
485.060943603,108.03312683105469,-79.89442443847656
485.210357666,107.8555908203125,-79.8831787109375
485.359771728,107.6792221069336,-79.87568664550781
485.509185791,107.48085021972656,-79.8717041015625
485.675201416,107.27558898925781,-79.86880493164062
485.874420166,107.01832580566406,-79.86517333984375
486.023834228,106.86448669433594,-79.86819458007812
486.173248291,106.86348724365234,-79.86824035644531
486.372467041,106.75005340576172,-79.87200927734375
486.521881103,106.54212951660156,-79.86874389648438
486.671295166,106.36332702636719,-79.85615539550781
486.870513916,106.11058807373047,-79.81719970703125
487.019927978,105.9381103515625,-79.77373504638672
487.185943603,105.71697998046875,-79.71084594726562
487.335357666,105.54116821289062,-79.66378784179688
487.534576416,105.28734588623047,-79.60782623291016
487.683990478,105.08287811279297,-79.5781021118164
487.833404541,104.90670776367188,-79.5533676147461
488.032623291,104.7183837890625,-79.52375030517578
488.132232666,104.7183837890625,-79.52375030517578
488.281646728,104.7183837890625,-79.52375030517578
488.431060791,104.7183837890625,-79.52375030517578
488.580474853,104.7183837890625,-79.52375030517578
488.729888916,104.7183837890625,-79.52375030517578
488.945709228,104.7183837890625,-79.52375030517578
489.095123291,104.7183837890625,-79.52375030517578
489.294342041,104.7183837890625,-79.52375030517578
489.443756103,104.7183837890625,-79.52375030517578
489.593170166,104.7183837890625,-79.52375030517578
489.792388916,104.7183837890625,-79.52375030517578
489.941802978,104.7183837890625,-79.52375030517578
490.141021728,104.7183837890625,-79.52375030517578
490.290435791,104.7183837890625,-79.52375030517578
490.456451416,104.7183837890625,-79.52375030517578
490.655670166,104.7183837890625,-79.52375030517578
490.805084228,104.7183837890625,-79.52375030517578
490.954498291,104.7183837890625,-79.52375030517578
491.153717041,104.7183837890625,-79.52375030517578
491.303131103,104.7183837890625,-79.52375030517578
491.452545166,104.7183837890625,-79.52375030517578
491.651763916,104.7183837890625,-79.52375030517578
491.801177978,104.7183837890625,-79.52375030517578
492.000396728,104.7183837890625,-79.52375030517578
492.149810791,104.70226287841797,-79.52056884765625
492.315826416,104.669189453125,-79.5079116821289
492.515045166,104.57960510253906,-79.38337707519531
492.664459228,104.54643249511719,-79.18965911865234
492.863677978,104.6261978149414,-78.94760131835938
493.013092041,104.72704315185547,-78.79618835449219
493.212310791,104.87627410888672,-78.58663940429688
493.361724853,104.98028564453125,-78.41297149658203
493.560943603,105.08527374267578,-78.18431854248047
493.710357666,105.14263916015625,-78.01740264892578
493.926177978,105.21920013427734,-77.74896240234375
494.075592041,105.26754760742188,-77.57350158691406
494.274810791,105.33796691894531,-77.32318115234375
494.424224853,105.39869689941406,-77.12425994873047
494.623443603,105.48436737060547,-76.87879180908203
494.772857666,105.54483795166016,-76.70713806152344
494.922271728,105.61390686035156,-76.51530456542969
495.121490478,105.70042419433594,-76.2701187133789
495.270904541,105.76226806640625,-76.09895324707031
495.470123291,105.84968566894531,-75.85700988769531
495.636138916,105.92011260986328,-75.6656723022461
495.785552978,105.99341583251953,-75.47248840332031
495.934967041,106.0555419921875,-75.30870819091797
496.134185791,106.1417007446289,-75.07066345214844
496.283599853,106.2099380493164,-74.87996673583984
496.482818603,106.2957763671875,-74.6374282836914
496.632232666,106.35684204101562,-74.46888732910156
496.831451416,106.44691467285156,-74.23374938964844
496.980865478,106.51880645751953,-74.04295349121094
497.180084228,106.60315704345703,-73.80572509765625
497.346099853,106.67193603515625,-73.61087036132812
497.545318603,106.75936889648438,-73.37330627441406
497.694732666,106.82086181640625,-73.20638275146484
497.893951416,106.86495971679688,-73.08381652832031
498.043365478,106.86495971679688,-73.08381652832031
498.242584228,106.91151428222656,-72.95347595214844
498.391998291,106.97085571289062,-72.7843017578125
498.591217041,107.0588150024414,-72.54254913330078
498.740631103,107.07340240478516,-72.50370788574219
498.939849853,107.07340240478516,-72.50370788574219
499.105865478,107.07340240478516,-72.50370788574219
499.255279541,107.07340240478516,-72.50370788574219
499.454498291,107.07340240478516,-72.50370788574219
499.603912353,107.07340240478516,-72.50370788574219
499.803131103,107.07340240478516,-72.50370788574219
499.952545166,107.07340240478516,-72.50370788574219
500.151763916,107.07340240478516,-72.50370788574219
500.301177978,107.07340240478516,-72.50370788574219
500.500396728,107.07340240478516,-72.50370788574219
500.649810791,107.07340240478516,-72.50370788574219
500.865631103,107.07340240478516,-72.50370788574219
501.015045166,107.07340240478516,-72.50370788574219
501.214263916,107.07340240478516,-72.50370788574219
501.363677978,107.07340240478516,-72.50370788574219
501.562896728,107.07340240478516,-72.50370788574219
501.762115478,107.07340240478516,-72.50370788574219
501.911529541,107.07340240478516,-72.50370788574219
502.110748291,107.07340240478516,-72.50370788574219
502.309967041,107.07340240478516,-72.50370788574219
502.459381103,107.07340240478516,-72.50370788574219
502.675201416,107.07340240478516,-72.50370788574219
502.824615478,107.07340240478516,-72.50370788574219
503.023834228,107.07340240478516,-72.50370788574219
503.123443603,107.07340240478516,-72.50370788574219
503.322662353,107.07340240478516,-72.50370788574219
503.472076416,107.07340240478516,-72.50370788574219
503.671295166,107.07340240478516,-72.50370788574219
503.820709228,107.07340240478516,-72.50370788574219
504.036529541,107.07340240478516,-72.50370788574219
504.185943603,107.07340240478516,-72.50370788574219
504.385162353,107.07340240478516,-72.50370788574219
504.534576416,107.07340240478516,-72.50370788574219
504.733795166,107.07340240478516,-72.50370788574219
504.883209228,107.07340240478516,-72.50370788574219
505.082427978,107.07340240478516,-72.50370788574219
505.231842041,107.07340240478516,-72.50370788574219
505.431060791,107.07340240478516,-72.50370788574219
505.580474853,107.07340240478516,-72.50370788574219
505.779693603,107.07340240478516,-72.50370788574219
505.945709228,107.07340240478516,-72.50370788574219
506.144927978,107.07340240478516,-72.50370788574219
506.294342041,107.07340240478516,-72.50370788574219
506.493560791,107.07340240478516,-72.50370788574219
506.692779541,107.07340240478516,-72.50370788574219
506.842193603,107.07340240478516,-72.50370788574219
507.041412353,107.07340240478516,-72.50370788574219
507.190826416,107.07340240478516,-72.50370788574219
507.390045166,107.08208465576172,-72.48026275634766
507.556060791,107.13397216796875,-72.28129577636719
507.705474853,107.13711547851562,-72.07789611816406
507.904693603,107.08690643310547,-71.82601928710938
508.054107666,107.02694702148438,-71.65423583984375
508.203521728,106.95073699951172,-71.46808624267578
508.352935791,106.8881607055664,-71.3031005859375
508.552154541,106.82379150390625,-71.05836486816406
508.701568603,106.7893295288086,-70.85330200195312
508.850982666,106.766845703125,-70.67268371582031
509.000396728,106.7353515625,-70.47127532958984
509.149810791,106.69818878173828,-70.29594421386719
509.365631103,106.62165832519531,-70.02322387695312
509.515045166,106.57046508789062,-69.85856628417969
509.714263916,106.49241638183594,-69.61629486083984
509.863677978,106.42698669433594,-69.42029571533203
510.013092041,106.36949920654297,-69.25338745117188
510.162506103,106.30589294433594,-69.05967712402344
510.361724853,106.22746276855469,-68.81755065917969
510.511138916,106.17140197753906,-68.64729309082031
510.660552978,106.10780334472656,-68.45503234863281
510.809967041,106.05012512207031,-68.2853012084961
511.025787353,105.95992279052734,-68.02255249023438
511.175201416,105.90330505371094,-67.8495864868164
511.374420166,105.82647705078125,-67.60120391845703
511.523834228,105.76252746582031,-67.40472412109375
511.673248291,105.70467376708984,-67.23649597167969
511.822662353,105.64057159423828,-67.04150390625
512.021850585,105.55899810791016,-66.79753112792969
512.171264648,105.49958038330078,-66.62696075439453
512.320678710,105.43274688720703,-66.43144226074219
512.519897460,105.35736846923828,-66.21136474609375
512.685913085,105.28047180175781,-65.99037170410156
512.835327148,105.22388458251953,-65.82462310791016
513.034545898,105.13894653320312,-65.58323669433594
513.183959960,105.0742416381836,-65.39277648925781
513.383178710,104.99585723876953,-65.15208435058594
513.532592773,104.93751525878906,-64.98114013671875
513.682006835,104.86937713623047,-64.78751373291016
513.881225585,104.78242492675781,-64.5439453125
514.030639648,104.7245101928711,-64.37429809570312
514.229858398,104.64290618896484,-64.13031005859375
514.395874023,104.5757827758789,-63.933441162109375
514.545288085,104.50718688964844,-63.74434280395508
514.694702148,104.4460678100586,-63.57291793823242
514.893920898,104.36410522460938,-63.329071044921875
515.043334960,104.29917907714844,-63.13434982299805
515.242553710,104.21574401855469,-62.89244842529297
515.391967773,104.15641021728516,-62.720401763916016
515.591186523,104.06907653808594,-62.47550964355469
515.740600585,103.99736022949219,-62.28318786621094
515.956420898,103.9078598022461,-62.04346466064453
516.105834960,103.83895111083984,-61.853023529052734
516.255249023,103.7776870727539,-61.68455505371094
516.454467773,103.69189453125,-61.44057846069336
516.603881835,103.6278305053711,-61.24990463256836
516.753295898,103.57133483886719,-61.082672119140625
516.952514648,103.48916625976562,-60.843223571777344
517.101928710,103.42185974121094,-60.64931869506836
517.301147460,103.33564758300781,-60.40404510498047
517.450561523,103.2761459350586,-60.23495101928711
517.616577148,103.20877838134766,-60.03961944580078
517.815795898,103.1250991821289,-59.799251556396484
517.965209960,103.055419921875,-59.607635498046875
518.064819335,103.01164245605469,-59.4866828918457
518.264038085,102.92657470703125,-59.2439079284668
518.413452148,102.86651611328125,-59.07500076293945
518.612670898,102.77931213378906,-58.830047607421875
518.762084960,102.70701599121094,-58.6350212097168
518.961303710,102.62176513671875,-58.39232635498047
519.110717773,102.57041931152344,-58.2248649597168
519.309936523,102.50692749023438,-57.98406219482422
519.475952148,102.47016906738281,-57.787750244140625
519.625366210,102.44825744628906,-57.586448669433594
519.824584960,102.42977905273438,-57.329856872558594
520.023803710,102.41376495361328,-57.078575134277344
520.173217773,102.39564514160156,-56.907142639160156
520.322631835,102.3668212890625,-56.70391082763672
520.521850585,102.32122802734375,-56.447998046875
520.671264648,102.2789077758789,-56.27098846435547
520.820678710,102.22811126708984,-56.072105407714844
520.970092773,102.18555450439453,-55.89514923095703
521.185913085,102.12422180175781,-55.62141036987305
521.385131835,102.08047485351562,-55.416664123535156
521.534545898,102.06941223144531,-55.36305618286133
521.683959960,102.06361389160156,-55.33491134643555
521.883178710,102.05985260009766,-55.31612777709961
522.082397460,102.05913543701172,-55.31208801269531
522.231811523,102.05913543701172,-55.31208801269531
522.431030273,102.05913543701172,-55.31208801269531
522.580444335,102.05903625488281,-55.31072235107422
522.796264648,102.05823516845703,-55.29706573486328
522.945678710,102.05785369873047,-55.29023742675781
523.144897460,102.05785369873047,-55.29023742675781
523.344116210,102.05785369873047,-55.29023742675781
523.493530273,102.05785369873047,-55.29023742675781
523.692749023,102.05785369873047,-55.29023742675781
523.842163085,102.05785369873047,-55.29023742675781
524.041381835,102.05785369873047,-55.29023742675781
524.240600585,102.05785369873047,-55.29023742675781
524.390014648,102.05785369873047,-55.29023742675781
524.556030273,102.05785369873047,-55.29023742675781
