timestamp_sec,x,y
4.930195808,77.0999984741211,-6.199999809265137
5.145997524,77.0999984741211,-6.199999809265137
5.345199108,77.0999984741211,-6.199999809265137
5.544400691,77.0999984741211,-6.199999809265137
5.743602275,77.0999984741211,-6.199999809265137
5.942803859,77.0999984741211,-6.199999809265137
6.142005443,77.0999984741211,-6.199999809265137
6.341207027,77.0999984741211,-6.199999809265137
6.540408611,77.0999984741211,-6.199999809265137
6.756210327,77.0999984741211,-6.199999809265137
6.905611515,77.0999984741211,-6.199999809265137
7.104813098,77.0999984741211,-6.199999809265137
7.304014682,77.0999984741211,-6.199999809265137
7.453415870,77.0999984741211,-6.199999809265137
7.602817058,77.0999984741211,-6.199999809265137
7.802018642,77.0999984741211,-6.199999809265137
8.001219749,77.0999984741211,-6.199999809265137
8.150616645,77.0999984741211,-6.199999809265137
8.349812507,77.0999984741211,-6.199999809265137
8.515809059,77.0999984741211,-6.199999809265137
8.665205955,77.0999984741211,-6.199999809265137
8.864401817,77.0999984741211,-6.199999809265137
9.063597679,77.0999984741211,-6.199999809265137
9.212994575,77.0999984741211,-6.199999809265137
9.412190437,77.0999984741211,-6.199999809265137
9.561587333,77.0999984741211,-6.199999809265137
9.760783195,77.0999984741211,-6.199999809265137
9.910180091,77.0999984741211,-6.199999809265137
10.076176643,77.0999984741211,-6.199999809265137
10.275372505,77.0999984741211,-6.199999809265137
10.424769401,77.0999984741211,-6.199999809265137
10.623965263,77.0999984741211,-6.199999809265137
10.773362159,77.0999984741211,-6.199999809265137
10.972558021,77.0999984741211,-6.199999809265137
11.121954917,77.0999984741211,-6.199999809265137
11.321150779,77.0999984741211,-6.199999809265137
11.470547676,77.0999984741211,-6.199999809265137
11.636544227,77.0999984741211,-6.199999809265137
11.835740089,77.0999984741211,-6.199999809265137
11.985136985,77.0999984741211,-6.199999809265137
12.134533882,77.0999984741211,-6.199999809265137
12.333729743,77.0999984741211,-6.199999809265137
12.433327674,77.0999984741211,-6.199999809265137
12.582724571,77.0999984741211,-6.199999809265137
12.781920433,77.0999984741211,-6.199999809265137
12.931317329,77.0999984741211,-6.199999809265137
13.130513191,77.0999984741211,-6.199999809265137
13.230111122,77.0999984741211,-6.199999809265137
13.445906639,77.0999984741211,-6.199999809265137
13.595303535,77.0999984741211,-6.199999809265137
13.794499397,77.0999984741211,-6.199999809265137
13.943896293,77.0999984741211,-6.199999809265137
14.093293190,77.0999984741211,-6.199999809265137
14.292489051,77.0999984741211,-6.199999809265137
14.441885948,77.0999984741211,-6.199999809265137
14.641081809,77.0999984741211,-6.199999809265137
14.790478706,77.0999984741211,-6.199999809265137
14.956475257,77.0999984741211,-6.199999809265137
15.155671119,77.0999984741211,-6.199999809265137
15.305068016,77.0999984741211,-6.199999809265137
15.454464912,77.0999984741211,-6.199999809265137
15.653660774,77.0999984741211,-6.199999809265137
15.803057670,77.0999984741211,-6.199999809265137
15.952454566,77.0999984741211,-6.199999809265137
16.151651382,77.0999984741211,-6.199999809265137
16.301048278,77.0999984741211,-6.199999809265137
16.450445175,77.0999984741211,-6.199999809265137
16.616441726,77.0999984741211,-6.199999809265137
16.765838623,77.0999984741211,-6.199999809265137
16.965034484,77.0999984741211,-6.199999809265137
17.114431381,77.0999984741211,-6.199999809265137
17.263828277,77.0999984741211,-6.199999809265137
17.463024139,77.0999984741211,-6.199999809265137
17.612421035,77.0999984741211,-6.199999809265137
17.761817932,77.0999984741211,-6.199999809265137
17.961013793,77.0999984741211,-6.199999809265137
18.110410690,77.0999984741211,-6.199999809265137
18.276407241,77.0999984741211,-6.199999809265137
18.425804138,77.0999984741211,-6.199999809265137
18.625000000,77.0999984741211,-6.199999809265137
18.774396896,77.0999984741211,-6.199999809265137
18.923793792,77.0999984741211,-6.199999809265137
19.122989654,77.0999984741211,-6.199999809265137
19.272386550,77.0999984741211,-6.199999809265137
19.421783447,77.0999984741211,-6.199999809265137
19.571180343,77.0999984741211,-6.199999809265137
19.770376205,77.0999984741211,-6.199999809265137
19.936372756,77.0999984741211,-6.199999809265137
20.085769653,77.0999984741211,-6.199999809265137
20.235166549,77.0999984741211,-6.199999809265137
20.384563446,77.0999984741211,-6.199999809265137
20.583759307,77.0999984741211,-6.199999809265137
20.733156204,77.0999984741211,-6.199999809265137
20.882553100,77.0999984741211,-6.199999809265137
21.031949996,77.0999984741211,-6.199999809265137
21.181346893,77.0999984741211,-6.199999809265137
21.380542755,77.0999984741211,-6.199999809265137
21.529939651,77.0999984741211,-6.199999809265137
21.695936203,77.0999984741211,-6.199999809265137
21.845333099,77.0999984741211,-6.199999809265137
22.044528961,77.0999984741211,-6.199999809265137
22.193925857,77.0999984741211,-6.199999809265137
22.343322753,77.0999984741211,-6.199999809265137
22.542518615,77.0999984741211,-6.199999809265137
22.691915512,77.0999984741211,-6.199999809265137
22.841312408,77.0999984741211,-6.199999809265137
23.040508270,77.0999984741211,-6.199999809265137
23.189905166,77.0999984741211,-6.199999809265137
23.355901718,77.0999984741211,-6.199999809265137
23.555097579,77.0999984741211,-6.199999809265137
23.704494476,77.0999984741211,-6.199999809265137
23.853891372,77.0999984741211,-6.199999809265137
24.053087234,77.0999984741211,-6.199999809265137
24.202484130,77.0999984741211,-6.199999809265137
24.351881027,77.0999984741211,-6.199999809265137
24.501277923,77.0999984741211,-6.199999809265137
24.700473785,77.0999984741211,-6.199999809265137
24.849870681,77.0999984741211,-6.199999809265137
24.966068267,77.0999984741211,-6.199999809265137
25.115465164,77.0999984741211,-6.199999809265137
25.264862060,77.0999984741211,-6.199999809265137
25.464057922,77.0999984741211,-6.199999809265137
25.613454818,77.0999984741211,-6.199999809265137
25.812650680,77.0999984741211,-6.199999809265137
25.962047576,77.0999984741211,-6.199999809265137
26.111444473,77.0999984741211,-6.199999809265137
26.310640335,77.0999984741211,-6.199999809265137
26.460037231,77.0999984741211,-6.199999809265137
26.626033782,77.0999984741211,-6.199999809265137
26.825229644,77.0999984741211,-6.199999809265137
26.974626541,77.0999984741211,-6.199999809265137
27.124023437,77.0999984741211,-6.199999809265137
27.273420333,77.0999984741211,-6.199999809265137
27.472616195,77.0999984741211,-6.199999809265137
27.622013092,77.0999984741211,-6.199999809265137
27.771409988,77.0999984741211,-6.199999809265137
27.970605850,77.0999984741211,-6.199999809265137
28.120002746,77.0999984741211,-6.199999809265137
28.285999298,77.0999984741211,-6.199999809265137
28.435396194,77.0999984741211,-6.199999809265137
28.584793090,77.0999984741211,-6.199999809265137
28.783988952,77.0999984741211,-6.199999809265137
28.933385848,77.0999984741211,-6.199999809265137
29.082782745,77.0999984741211,-6.199999809265137
29.281978607,77.0999984741211,-6.199999809265137
29.431375503,77.0999984741211,-6.199999809265137
29.580772399,77.0999984741211,-6.199999809265137
29.796567916,77.0999984741211,-6.199999809265137
29.945964813,77.0999984741211,-6.199999809265137
30.095361709,77.0999984741211,-6.199999809265137
30.244758605,77.0999984741211,-6.199999809265137
30.443954467,77.0999984741211,-6.199999809265137
30.593351364,77.0999984741211,-6.199999809265137
30.792547225,77.0999984741211,-6.199999809265137
30.941944122,77.0999984741211,-6.199999809265137
31.091341018,77.0999984741211,-6.199999809265137
31.290536880,77.0999984741211,-6.199999809265137
31.456533432,77.0999984741211,-6.199999809265137
31.605930328,77.0999984741211,-6.199999809265137
31.755327224,77.0999984741211,-6.199999809265137
31.954523086,77.0999984741211,-6.199999809265137
32.103931427,77.0999984741211,-6.199999809265137
32.303150177,77.0999984741211,-6.199999809265137
32.452564239,77.0999984741211,-6.199999809265137
32.601978302,77.0999984741211,-6.199999809265137
32.751392364,77.0999984741211,-6.199999809265137
32.950611114,77.0999984741211,-6.199999809265137
33.100025177,77.0999984741211,-6.199999809265137
33.249439239,77.0999984741211,-6.199999809265137
33.415454864,77.0999984741211,-6.199999809265137
33.614673614,77.0999984741211,-6.199999809265137
33.764087677,77.0999984741211,-6.199999809265137
33.963306427,77.0999984741211,-6.199999809265137
34.112720489,77.0999984741211,-6.199999809265137
34.262134552,77.0999984741211,-6.199999809265137
34.461353302,77.0999984741211,-6.199999809265137
34.610767364,77.0999984741211,-6.199999809265137
34.760181427,77.0999984741211,-6.199999809265137
34.926197052,77.0999984741211,-6.199999809265137
35.125415802,77.0999984741211,-6.199999809265137
35.274829864,77.0999984741211,-6.199999809265137
35.424243927,77.0999984741211,-6.199999809265137
35.623462677,77.0999984741211,-6.199999809265137
35.772876739,77.0999984741211,-6.199999809265137
35.922290802,77.0999984741211,-6.199999809265137
36.121509552,77.0999984741211,-6.199999809265137
36.270923614,77.0999984741211,-6.199999809265137
36.470142364,77.0999984741211,-6.199999809265137
36.636157989,77.0999984741211,-6.199999809265137
36.785572052,77.0999984741211,-6.199999809265137
36.934986114,77.0999984741211,-6.199999809265137
37.134204864,77.0999984741211,-6.199999809265137
37.283618927,77.0999984741211,-6.199999809265137
37.433032989,77.0999984741211,-6.199999809265137
37.582447052,77.0999984741211,-6.199999809265137
37.781665802,77.0999984741211,-6.199999809265137
37.931079864,77.0999984741211,-6.199999809265137
38.130298614,77.0999984741211,-6.199999809265137
38.296314239,77.0999984741211,-6.199999809265137
38.445728302,77.0999984741211,-6.199999809265137
38.595142364,77.0999984741211,-6.199999809265137
38.794361114,77.0999984741211,-6.199999809265137
38.943775177,77.0999984741211,-6.199999809265137
39.093189239,77.0999984741211,-6.199999809265137
39.242603302,77.0999984741211,-6.199999809265137
39.441822052,77.0999984741211,-6.199999809265137
39.591236114,77.0999984741211,-6.199999809265137
39.740650177,77.0999984741211,-6.199999809265137
39.939868927,77.0999984741211,-6.199999809265137
40.105884552,77.0999984741211,-6.199999809265137
40.255298614,77.0999984741211,-6.199999809265137
40.454517364,77.0999984741211,-6.199999809265137
40.603931427,77.0999984741211,-6.199999809265137
40.753345489,77.0999984741211,-6.199999809265137
40.902759552,77.0999984741211,-6.199999809265137
41.052173614,77.0999984741211,-6.199999809265137
41.251392364,77.0999984741211,-6.199999809265137
41.400806427,77.0999984741211,-6.199999809265137
41.550220489,77.0999984741211,-6.199999809265137
41.716236114,77.0999984741211,-6.199999809265137
41.915454864,77.0999984741211,-6.199999809265137
42.064868927,77.0999984741211,-6.199999809265137
42.214282989,77.0999984741211,-6.199999809265137
42.413501739,77.0999984741211,-6.199999809265137
42.562915802,77.0999984741211,-6.199999809265137
42.762134552,77.0999984741211,-6.199999809265137
42.911548614,77.0999984741211,-6.199999809265137
43.060962677,77.0999984741211,-6.199999809265137
43.260181427,77.0999984741211,-6.199999809265137
43.426197052,77.0999984741211,-6.199999809265137
43.575611114,77.0999984741211,-6.199999809265137
43.725025177,77.0999984741211,-6.199999809265137
43.924243927,77.0999984741211,-6.199999809265137
44.073657989,77.0999984741211,-6.199999809265137
44.223072052,77.0999984741211,-6.199999809265137
44.422290802,77.0999984741211,-6.199999809265137
44.571704864,77.0999984741211,-6.199999809265137
44.770923614,77.0999984741211,-6.199999809265137
44.870532989,77.0999984741211,-6.199999809265137
44.970142364,77.0999984741211,-6.199999809265137
45.185962677,77.0999984741211,-6.199999809265137
45.335376739,77.0999984741211,-6.199999809265137
45.484790802,77.0999984741211,-6.199999809265137
45.634204864,77.0999984741211,-6.199999809265137
45.833423614,77.0999984741211,-6.199999809265137
45.982837677,77.0999984741211,-6.199999809265137
46.132251739,77.0999984741211,-6.199999809265137
46.281665802,77.0999984741211,-6.199999809265137
46.480884552,77.0999984741211,-6.199999809265137
46.630298614,77.0999984741211,-6.199999809265137
46.796314239,77.0999984741211,-6.199999809265137
46.995532989,77.0999984741211,-6.199999809265137
47.144947052,77.0999984741211,-6.199999809265137
47.294361114,77.0999984741211,-6.199999809265137
47.443775177,77.0999984741211,-6.199999809265137
47.642993927,77.0999984741211,-6.199999809265137
47.792407989,77.0999984741211,-6.199999809265137
47.941822052,77.0999984741211,-6.199999809265137
48.141040802,77.0999984741211,-6.199999809265137
48.290454864,77.0999984741211,-6.199999809265137
48.456470489,77.0999984741211,-6.199999809265137
48.605884552,77.0999984741211,-6.199999809265137
48.755298614,77.0999984741211,-6.199999809265137
48.954517364,77.0999984741211,-6.199999809265137
49.103931427,77.0999984741211,-6.199999809265137
49.253345489,77.0999984741211,-6.199999809265137
49.402759552,77.0999984741211,-6.199999809265137
49.601978302,77.0999984741211,-6.199999809265137
49.751392364,77.0999984741211,-6.199999809265137
49.900806427,77.0999984741211,-6.199999809265137
50.050220489,77.0999984741211,-6.199999809265137
50.216236114,77.0999984741211,-6.199999809265137
50.415454864,77.0999984741211,-6.199999809265137
50.564868927,77.0999984741211,-6.199999809265137
50.714282989,77.0999984741211,-6.199999809265137
50.913501739,77.0999984741211,-6.199999809265137
51.062915802,77.0999984741211,-6.199999809265137
51.212329864,77.0999984741211,-6.199999809265137
51.411548614,77.0999984741211,-6.199999809265137
51.560962677,77.0999984741211,-6.199999809265137
51.710376739,77.0999984741211,-6.199999809265137
51.876392364,77.0999984741211,-6.199999809265137
52.075611114,77.0999984741211,-6.199999809265137
52.225025177,77.0999984741211,-6.199999809265137
52.374439239,77.0999984741211,-6.199999809265137
52.573657989,77.0999984741211,-6.199999809265137
52.723072052,77.0999984741211,-6.199999809265137
52.922290802,77.0999984741211,-6.199999809265137
53.071704864,77.0999984741211,-6.199999809265137
53.221118927,77.0999984741211,-6.199999809265137
53.420337677,77.0999984741211,-6.199999809265137
53.536548614,77.0999984741211,-6.199999809265137
53.735767364,77.0999984741211,-6.199999809265137
53.885181427,77.0999984741211,-6.199999809265137
54.034595489,77.0999984741211,-6.199999809265137
54.184009552,77.0999984741211,-6.199999809265137
54.333423614,77.0999984741211,-6.199999809265137
54.532642364,77.0999984741211,-6.199999809265137
54.682056427,77.0999984741211,-6.199999809265137
54.831470489,77.0999984741211,-6.199999809265137
55.030689239,77.0999984741211,-6.199999809265137
55.180103302,77.0999984741211,-6.199999809265137
55.329517364,77.0999984741211,-6.199999809265137
55.545337677,76.99085998535156,-6.206308841705322
55.744556427,76.75659942626953,-6.11073637008667
55.943775177,76.57396697998047,-5.927161693572998
56.142993927,76.43639373779297,-5.706686019897461
56.342212677,76.3141098022461,-5.477252006530762
56.541431427,76.18974304199219,-5.258448600769043
56.740650177,76.06621551513672,-5.086871147155762
56.890064239,76.06621551513672,-5.086871147155762
57.105884552,76.06621551513672,-5.086871147155762
57.354907989,76.06621551513672,-5.086871147155762
57.554126739,76.06621551513672,-5.086871147155762
57.753345489,76.06621551513672,-5.086871147155762
57.952564239,76.06621551513672,-5.086871147155762
58.151782989,75.98558044433594,-5.0643391609191895
58.351001739,75.74063873291016,-5.104091167449951
58.500415802,75.5821762084961,-5.235795497894287
58.649829864,75.49590301513672,-5.390904426574707
58.815845489,75.42794036865234,-5.584516525268555
59.015064239,75.34363555908203,-5.82896614074707
59.164478302,75.25567626953125,-6.015800476074219
59.363697052,75.12364959716797,-6.216943740844727
59.513111114,75.00908660888672,-6.3547282218933105
59.712329864,74.83161926269531,-6.533266067504883
59.861743927,74.68588256835938,-6.6719255447387695
60.060962677,74.50315856933594,-6.847137928009033
60.210376739,74.38069915771484,-6.970458030700684
60.376392364,74.2398681640625,-7.115992546081543
60.575611114,74.0695571899414,-7.3106160163879395
60.725025177,73.93993377685547,-7.464439392089844
60.924243927,73.77161407470703,-7.6625823974609375
61.073657989,73.65638732910156,-7.7999067306518555
61.272876739,73.49278259277344,-7.993083477020264
61.422290802,73.36231994628906,-8.149781227111816
61.621509552,73.19903564453125,-8.345016479492188
61.820728302,73.03632354736328,-8.537160873413086
61.970142364,72.91879272460938,-8.674321174621582
62.136157989,72.78650665283203,-8.827672004699707
62.235767364,72.70121002197266,-8.92578125
62.434986114,72.53143310546875,-9.122692108154297
62.584400177,72.39054107666016,-9.271944999694824
62.783618927,72.20880126953125,-9.446176528930664
62.933032989,72.0793685913086,-9.574082374572754
63.132251739,71.95165252685547,-9.707925796508789
63.281665802,71.95165252685547,-9.707925796508789
63.480884552,71.95165252685547,-9.707925796508789
63.680103302,71.95165252685547,-9.707925796508789
63.846118927,71.95165252685547,-9.707925796508789
63.995532989,71.95165252685547,-9.707925796508789
64.194747924,71.95165252685547,-9.707925796508789
64.393966674,71.9294204711914,-9.701279640197754
64.593185424,71.87857818603516,-9.655082702636719
64.792404174,71.8516845703125,-9.548033714294434
64.991622924,71.89659881591797,-9.405187606811523
65.190841674,72.076171875,-9.27508544921875
65.390060424,72.3110580444336,-9.243556022644043
65.556076049,72.51073455810547,-9.283782005310059
65.755294799,72.7513656616211,-9.353111267089844
65.954513549,72.99620819091797,-9.405254364013672
66.153732299,73.2459945678711,-9.446453094482422
66.303146362,73.44927215576172,-9.490330696105957
66.502365112,73.68506622314453,-9.580465316772461
66.651779174,73.83070373535156,-9.688737869262695
66.850997924,73.98047637939453,-9.8997163772583
67.000411987,74.05328369140625,-10.094297409057617
67.149826049,74.0947265625,-10.271442413330078
67.315841674,74.12799835205078,-10.47536563873291
67.515060424,74.16376495361328,-10.721834182739258
67.664474487,74.20221710205078,-10.92062759399414
67.813888549,74.24654388427734,-11.091487884521484
68.013107299,74.32779693603516,-11.33840274810791
68.162521362,74.39998626708984,-11.533466339111328
68.311935424,74.4644775390625,-11.703652381896973
68.461349487,74.53474426269531,-11.896512985229492
68.660568237,74.62520599365234,-12.137332916259766
68.809982299,74.68783569335938,-12.305290222167969
68.975997924,74.75755310058594,-12.4983491897583
69.175216674,74.84513854980469,-12.743156433105469
69.324630737,74.91388702392578,-12.936559677124023
69.474044799,74.97212219238281,-13.101749420166016
69.623458862,75.04286193847656,-13.297351837158203
69.822677612,75.13261413574219,-13.538443565368652
69.972091674,75.1974868774414,-13.708481788635254
70.171310424,75.28787994384766,-13.946407318115234
70.320724487,75.36182403564453,-14.140810012817383
70.470138549,75.42692565917969,-14.310760498046875
70.685958862,75.525146484375,-14.572061538696289
70.835372924,75.5898208618164,-14.739242553710938
70.984786987,75.66803741455078,-14.931968688964844
71.134201049,75.7362060546875,-15.099237442016602
71.333419799,75.83287048339844,-15.340587615966797
71.482833862,75.9062728881836,-15.530805587768555
71.632247924,75.96781158447266,-15.697713851928711
71.831466674,76.0608139038086,-15.940497398376465
71.980880737,76.13347625732422,-16.132465362548828
72.180099487,76.22277069091797,-16.372278213500977
72.346115112,76.29334259033203,-16.56502342224121
72.495529174,76.35377502441406,-16.733797073364258
72.694747924,76.44224548339844,-16.970985412597656
72.844161987,76.51924133300781,-17.164203643798828
73.043380737,76.61640167236328,-17.40239906311035
73.192794799,76.68345642089844,-17.567161560058594
73.392013549,76.78103637695312,-17.808143615722656
73.541427612,76.85848999023438,-18.001182556152344
73.740646362,76.95654296875,-18.239011764526367
73.890060424,77.02530670166016,-18.407508850097656
74.105880737,77.1301498413086,-18.66769027709961
74.255294799,77.193603515625,-18.832414627075195
74.454513549,77.28219604492188,-19.071022033691406
74.603927612,77.35420227050781,-19.263240814208984
74.753341674,77.40802764892578,-19.40488052368164
74.952560424,77.40802764892578,-19.40488052368164
75.101974487,77.40802764892578,-19.40488052368164
75.301193237,77.46733093261719,-19.60087776184082
75.450607299,77.4912109375,-19.781124114990234
75.600021362,77.48417663574219,-19.988737106323242
75.749435424,77.4535903930664,-20.168092727661133
75.915451049,77.41010284423828,-20.371492385864258
76.064865112,77.36526489257812,-20.564781188964844
76.214279174,77.32958221435547,-20.73764991760254
76.413497924,77.28462982177734,-20.98817253112793
76.562911987,77.25244903564453,-21.193641662597656
76.712326049,77.22996520996094,-21.37424659729004
76.911544799,77.19898223876953,-21.62687873840332
77.060958862,77.17823028564453,-21.825584411621094
77.210372924,77.15941619873047,-22.00110626220703
77.376388549,77.13734436035156,-22.205183029174805
77.575607299,77.10610961914062,-22.463294982910156
77.725021362,77.08230590820312,-22.65890121459961
77.874435424,77.0653305053711,-22.830480575561523
78.023849487,77.04530334472656,-23.032011032104492
78.173263549,77.02610778808594,-23.20886993408203
78.372482299,77.00125122070312,-23.467668533325195
78.521896362,76.97930145263672,-23.673124313354492
78.671310424,76.95922088623047,-23.847126007080078
78.870529174,76.93213653564453,-24.094696044921875
79.036544799,76.90836334228516,-24.295822143554688
79.185958862,76.88690948486328,-24.502704620361328
79.335372924,76.86785125732422,-24.683698654174805
79.534591674,76.84011840820312,-24.92844581604004
79.684005737,76.82225036621094,-25.130176544189453
79.733810424,76.81770324707031,-25.181976318359375
79.883224487,76.79698944091797,-25.388938903808594
80.082443237,76.77227783203125,-25.647754669189453
80.231857299,76.7549057006836,-25.82341766357422
80.381271362,76.73204040527344,-26.020517349243164
80.580490112,76.70453643798828,-26.270795822143555
80.729904174,76.68761444091797,-26.44925308227539
80.895919799,76.66716766357422,-26.656238555908203
81.045333862,76.64803314208984,-26.857851028442383
81.194747924,76.63494110107422,-27.03388786315918
81.344161987,76.61778259277344,-27.23979949951172
81.543380737,76.59546661376953,-27.49883460998535
81.692794799,76.5832748413086,-27.680423736572266
81.842208862,76.57211303710938,-27.881269454956055
81.991622924,76.55883026123047,-28.05454444885254
82.190841674,76.5361557006836,-28.30942726135254
82.340255737,76.51960754394531,-28.516767501831055
82.489669799,76.50194549560547,-28.69790267944336
82.655685424,76.48287200927734,-28.902271270751953
82.854904174,76.46292114257812,-29.1614990234375
83.004318237,76.44620513916016,-29.36882781982422
83.153732299,76.43004608154297,-29.545984268188477
83.303146362,76.41149139404297,-29.7490291595459
83.502365112,76.39274597167969,-29.998743057250977
83.651779174,76.37760925292969,-30.180110931396484
83.801193237,76.36174011230469,-30.387508392333984
83.950607299,76.34803009033203,-30.5676212310791
84.149826049,76.33604431152344,-30.739253997802734
84.315841674,76.33604431152344,-30.739253997802734
84.465255737,76.33604431152344,-30.739253997802734
84.614669799,76.33604431152344,-30.739253997802734
84.813888549,76.33604431152344,-30.739253997802734
84.963302612,76.3331298828125,-30.901857376098633
85.112716674,76.37220001220703,-31.07021713256836
85.311935424,76.541748046875,-31.262487411499023
85.511154174,76.78372955322266,-31.35308074951172
85.660568237,76.9903564453125,-31.376110076904297
85.809982299,77.1717300415039,-31.391448974609375
86.025802612,77.45099639892578,-31.436967849731445
86.175216674,77.61940002441406,-31.48958969116211
86.374435424,77.85428619384766,-31.594226837158203
86.523849487,78.02857208251953,-31.69176483154297
86.723068237,78.23829650878906,-31.826087951660156
86.872482299,78.3870849609375,-31.923593521118164
87.071701049,78.5965347290039,-32.068145751953125
87.221115112,78.7641372680664,-32.191314697265625
87.420333862,78.97579956054688,-32.34227752685547
87.586349487,79.14604949951172,-32.456905364990234
87.735763549,79.29621887207031,-32.5522346496582
87.934982299,79.51962280273438,-32.68521499633789
88.084396362,79.69686126708984,-32.7860107421875
88.283615112,79.91889953613281,-32.90758514404297
88.433029174,80.07849884033203,-32.99502944946289
88.632247924,80.30432891845703,-33.12383270263672
88.781661987,80.4847183227539,-33.22735595703125
88.980880737,80.71025085449219,-33.356719970703125
89.130294799,80.869140625,-33.445472717285156
89.296310424,81.04733276367188,-33.54737091064453
89.495529174,81.27137756347656,-33.67929458618164
89.694747924,81.4916000366211,-33.80963897705078
89.844161987,81.66940307617188,-33.909427642822266
90.043380737,81.896728515625,-34.03559112548828
90.192794799,82.0235366821289,-34.10487365722656
90.392013549,82.0252914428711,-34.10582733154297
90.541427612,82.0252914428711,-34.10582733154297
90.740646362,82.0252914428711,-34.10582733154297
90.890060424,82.0252914428711,-34.10582733154297
91.105880737,82.2065200805664,-34.185020446777344
91.255294799,82.38106536865234,-34.20288848876953
91.454513549,82.61509704589844,-34.110652923583984
91.653732299,82.79169464111328,-33.92145538330078
91.852951049,82.94304656982422,-33.71010971069336
92.002365112,83.07916259765625,-33.5584716796875
92.201583862,83.27423858642578,-33.397640228271484
92.400802612,83.4936294555664,-33.26617431640625
92.600021362,83.7295150756836,-33.15705490112305
92.766036987,83.91973114013672,-33.079917907714844
92.915451049,84.08992767333984,-33.01544952392578
93.114669799,84.32980346679688,-32.92250061035156
93.313888549,84.57022094726562,-32.82349395751953
93.513107299,84.80931854248047,-32.721378326416016
93.712326049,85.04666137695312,-32.622154235839844
93.861740112,85.23753356933594,-32.54664993286133
94.060958862,85.48025512695312,-32.457374572753906
94.260177612,85.72378540039062,-32.374488830566406
94.426193237,85.91776275634766,-32.321353912353516
94.625411987,86.1722412109375,-32.26848602294922
94.824630737,86.43046569824219,-32.238670349121094
95.023849487,86.68128204345703,-32.21666717529297
95.173263549,86.8593978881836,-32.19649887084961
95.372482299,87.11198425292969,-32.16524887084961
95.571701049,87.3705825805664,-32.13820266723633
95.721115112,87.41284942626953,-32.133697509765625
95.920333862,87.41284942626953,-32.133697509765625
96.136154174,87.41284942626953,-32.133697509765625
96.335372924,87.41284942626953,-32.133697509765625
96.484786987,87.41284942626953,-32.133697509765625
96.684005737,87.54585266113281,-32.12773132324219
96.833419799,87.61328887939453,-32.14402389526367
97.032638549,87.75080871582031,-32.28757095336914
97.132247924,87.79817199707031,-32.408199310302734
97.281661987,87.81221771240234,-32.61506271362305
97.480880737,87.77404022216797,-32.871917724609375
97.630294799,87.73013305664062,-33.04853439331055
97.796310424,87.67874145507812,-33.25008010864258
97.945724487,87.64139556884766,-33.4546012878418
98.144943237,87.63345336914062,-33.71002960205078
98.294357299,87.65335845947266,-33.89085006713867
98.443771362,87.69699096679688,-34.09416961669922
98.642990112,87.76188659667969,-34.340274810791016
98.792404174,87.80888366699219,-34.51611328125
98.991622924,87.87425231933594,-34.76775360107422
99.141036987,87.92228698730469,-34.96027374267578
99.290451049,87.96330261230469,-35.13337326049805
99.456466674,88.00898742675781,-35.33068084716797
99.655685424,88.06448364257812,-35.581878662109375
99.805099487,88.1064224243164,-35.78560256958008
100.004318237,88.15471649169922,-36.034114837646484
100.153732299,88.19004821777344,-36.209861755371094
100.352951049,88.2416000366211,-36.456329345703125
100.502365112,88.28424835205078,-36.65431594848633
100.651779174,88.3215560913086,-36.82965850830078
100.850997924,88.37635803222656,-37.07821273803711
101.000411987,88.42127990722656,-37.281307220458984
101.149826049,88.46099853515625,-37.458919525146484
101.315841674,88.50662994384766,-37.66044235229492
101.515060424,88.56315612792969,-37.9072151184082
101.664474487,88.60787963867188,-38.1075439453125
101.863693237,88.66447448730469,-38.36131286621094
102.013107299,88.70259857177734,-38.53927993774414
102.212326049,88.75643157958984,-38.79084777832031
102.361740112,88.79879760742188,-38.98749542236328
102.560958862,88.85165405273438,-39.24066162109375
102.710372924,88.88856506347656,-39.41328811645508
102.876388549,88.93427276611328,-39.61620330810547
103.075607299,88.98883819580078,-39.87040328979492
103.225021362,89.032470703125,-40.065364837646484
103.424240112,89.08655548095703,-40.30706787109375
103.573654174,89.0916976928711,-40.330780029296875
103.772872924,89.0916976928711,-40.330780029296875
103.922286987,89.0916976928711,-40.330780029296875
104.121505737,89.0916976928711,-40.330780029296875
104.270919799,89.11038208007812,-40.43001937866211
104.470138549,89.12081146240234,-40.68381118774414
104.636154174,89.09280395507812,-40.8897819519043
104.785568237,89.04191589355469,-41.08573913574219
104.984786987,88.95997619628906,-41.33247756958008
105.134201049,88.90043640136719,-41.5001220703125
105.333419799,88.81317901611328,-41.74068069458008
105.482833862,88.74726104736328,-41.93073272705078
105.632247924,88.69085693359375,-42.10089111328125
105.781661987,88.63136291503906,-42.28874969482422
105.980880737,88.55818939208984,-42.52680206298828
106.130294799,88.50726318359375,-42.69724655151367
106.296310424,88.4503173828125,-42.8916130065918
106.495529174,88.37881469726562,-43.13017654418945
106.644943237,88.31696319580078,-43.32445526123047
106.844161987,88.24044036865234,-43.565773010253906
106.993576049,88.18734741210938,-43.735557556152344
107.142990112,88.12566375732422,-43.92845916748047
107.342208862,88.08614349365234,-44.04121780395508
107.491622924,88.08614349365234,-44.04121780395508
107.690841674,88.08287811279297,-44.04874801635742
107.840255737,88.07640075683594,-44.05748748779297
108.056076049,88.07534790039062,-44.05836486816406
108.205490112,88.06343078613281,-44.05541229248047
108.404708862,88.01192474365234,-44.00736618041992
108.603927612,87.93788146972656,-43.78645706176758
108.753341674,87.94059753417969,-43.60752868652344
108.952560424,87.98393249511719,-43.36238098144531
109.151779174,88.03360748291016,-43.11275100708008
109.301193237,88.06034851074219,-42.91618728637695
109.500411987,88.07457733154297,-42.663482666015625
109.649826049,88.07818603515625,-42.48152542114258
109.865646362,88.0762710571289,-42.19827651977539
110.064865112,88.07251739501953,-41.9465217590332
110.214279174,88.06979370117188,-41.76454162597656
110.413497924,88.06590270996094,-41.50457000732422
110.562911987,88.06283569335938,-41.29933166503906
110.762130737,88.05958557128906,-41.04893493652344
110.961349487,88.0614242553711,-40.79305648803711
111.160568237,88.06409454345703,-40.533084869384766
111.309982299,88.06594848632812,-40.35383605957031
111.525802612,88.06884765625,-40.0746955871582
111.725021362,88.07151794433594,-39.81472396850586
111.924240112,88.07417297363281,-39.5574836730957
112.073654174,88.07599639892578,-39.383697509765625
112.272872924,88.07543182373047,-39.13053512573242
112.472091674,88.0727310180664,-38.87602615356445
112.671310424,88.05089569091797,-38.62527084350586
112.820724487,88.01573944091797,-38.42170333862305
113.036544799,87.93984985351562,-38.17341232299805
113.185958862,87.8409194946289,-37.99074172973633
113.385177612,87.67131805419922,-37.79450988769531
113.584396362,87.47111511230469,-37.63322830200195
113.733810424,87.32425689697266,-37.53533172607422
113.933029174,87.10363006591797,-37.39778137207031
114.132247924,86.8941421508789,-37.253334045410156
114.281661987,86.7284927368164,-37.127567291259766
114.480880737,86.52959442138672,-36.96013259887695
114.580490112,86.43531036376953,-36.8787841796875
114.729904174,86.29938507080078,-36.761924743652344
114.945724487,86.08895111083984,-36.58059310913086
115.095138549,85.95281219482422,-36.46398162841797
115.294357299,85.75912475585938,-36.29884719848633
115.493576049,85.56810760498047,-36.139041900634766
115.642990112,85.40900421142578,-36.005062103271484
115.842208862,85.21116638183594,-35.84712219238281
116.041427612,85.0179214477539,-35.69440460205078
116.190841674,84.87950897216797,-35.5848503112793
116.390060424,84.67835998535156,-35.42445755004883
116.556076049,84.51949310302734,-35.30107116699219
116.755294799,84.31927490234375,-35.1417121887207
116.904708862,84.1570816040039,-35.01148223876953
117.103927612,83.95680236816406,-34.84789276123047
117.303146362,83.75700378417969,-34.68153381347656
117.452560424,83.61734771728516,-34.56482696533203
117.651779174,83.41929626464844,-34.40496063232422
117.850997924,83.2193603515625,-34.247459411621094
118.000411987,83.0615005493164,-34.12279510498047
118.199630737,82.87774658203125,-33.98235321044922
118.415451049,82.65190124511719,-33.809146881103516
118.564865112,82.49114227294922,-33.677162170410156
118.764083862,82.28788757324219,-33.515052795410156
118.913497924,82.14363861083984,-33.404083251953125
119.112716674,81.94117736816406,-33.24539566040039
119.262130737,81.77809143066406,-33.11629867553711
119.461349487,81.57801055908203,-32.958984375
119.660568237,81.37286376953125,-32.79926300048828
119.809982299,81.23143768310547,-32.69136428833008
120.025802612,81.00642395019531,-32.51932144165039
120.175216674,80.86153411865234,-32.40919876098633
120.374435424,80.65603637695312,-32.24993133544922
120.573654174,80.44830322265625,-32.093589782714844
120.723068237,80.28363037109375,-31.973358154296875
120.922286987,80.0826187133789,-31.80874252319336
121.121505737,79.91776275634766,-31.608606338500977
121.320724487,79.81868743896484,-31.378219604492188
121.470138549,79.79402160644531,-31.200958251953125
121.685958862,79.8115463256836,-30.915891647338867
121.835372924,79.8397216796875,-30.743024826049805
122.034591674,79.88047790527344,-30.493181228637695
122.233810424,79.90553283691406,-30.234487533569336
122.433029174,79.91497039794922,-29.977405548095703
122.632247924,79.91626739501953,-29.724262237548828
122.831466674,79.91315460205078,-29.472496032714844
122.980880737,79.91059112548828,-29.26451873779297
123.180099487,79.90741729736328,-29.007282257080078
123.346115112,79.90494537353516,-28.807510375976562
123.545333862,79.9017562866211,-28.548906326293945
123.744552612,79.89855194091797,-28.2889347076416
123.943771362,79.89933013916016,-28.0344181060791
124.142990112,79.90184783935547,-27.77442741394043
124.342208862,79.90436553955078,-27.514436721801758
124.541427612,79.90686798095703,-27.257184982299805
124.740646362,79.9093246459961,-27.008150100708008
124.890060424,79.91106414794922,-26.830265045166016
125.105880737,79.91382598876953,-26.545644760131836
125.305099487,79.91629791259766,-26.29387092590332
125.504318237,79.91560363769531,-26.042085647583008
125.703536987,79.91407775878906,-25.782094955444336
125.902755737,79.91255950927734,-25.52347183227539
126.101974487,79.91107940673828,-25.271686553955078
126.301193237,79.90959930419922,-25.019901275634766
126.500411987,79.90807342529297,-24.759910583496094
126.716232299,79.90656280517578,-24.502655029296875
126.865646362,79.90540313720703,-24.30560302734375
127.064865112,79.9049072265625,-24.2246036529541
127.264083862,79.9049072265625,-24.2246036529541
127.463302612,79.9049072265625,-24.2246036529541
127.662521362,79.9049072265625,-24.2246036529541
127.861740112,79.9049072265625,-24.2246036529541
128.060958862,79.9049072265625,-24.2246036529541
128.260177612,79.9049072265625,-24.2246036529541
128.426193237,79.9049072265625,-24.2246036529541
128.625411987,79.9049072265625,-24.2246036529541
128.824630737,79.9049072265625,-24.2246036529541
129.023849487,79.9049072265625,-24.2246036529541
129.223068237,79.9049072265625,-24.2246036529541
129.422286987,79.9049072265625,-24.2246036529541
129.621505737,79.9049072265625,-24.2246036529541
129.820724487,79.9049072265625,-24.2246036529541
130.019943237,79.9049072265625,-24.2246036529541
130.185958862,79.9049072265625,-24.2246036529541
130.385177612,79.9049072265625,-24.2246036529541
130.584396362,79.9049072265625,-24.2246036529541
130.783615112,79.9049072265625,-24.2246036529541
130.982833862,79.9049072265625,-24.2246036529541
131.182052612,79.9049072265625,-24.2246036529541
131.381271362,79.9049072265625,-24.2246036529541
131.530685424,79.9049072265625,-24.2246036529541
131.729904174,79.9049072265625,-24.2246036529541
131.945724487,79.9049072265625,-24.2246036529541
132.144943237,79.9049072265625,-24.2246036529541
132.344161987,79.9049072265625,-24.2246036529541
132.543380737,79.9049072265625,-24.2246036529541
132.742599487,79.9049072265625,-24.2246036529541
132.941818237,79.9049072265625,-24.2246036529541
133.141036987,79.9049072265625,-24.2246036529541
133.340255737,79.9049072265625,-24.2246036529541
133.506271362,79.9049072265625,-24.2246036529541
133.705490112,79.9049072265625,-24.2246036529541
133.904708862,79.9049072265625,-24.2246036529541
134.103927612,79.9049072265625,-24.2246036529541
134.303146362,79.9049072265625,-24.2246036529541
134.452560424,79.9049072265625,-24.2246036529541
134.601974487,79.9049072265625,-24.2246036529541
134.801193237,79.9049072265625,-24.2246036529541
135.000411987,79.9049072265625,-24.2246036529541
135.216232299,79.9049072265625,-24.2246036529541
135.365646362,79.9049072265625,-24.2246036529541
135.564865112,79.9049072265625,-24.2246036529541
135.764083862,79.9049072265625,-24.2246036529541
135.963302612,79.9049072265625,-24.2246036529541
136.162521362,79.9049072265625,-24.2246036529541
136.361740112,79.9049072265625,-24.2246036529541
136.560958862,79.9049072265625,-24.2246036529541
136.760177612,79.9049072265625,-24.2246036529541
136.926193237,79.9049072265625,-24.2246036529541
137.125411987,79.9049072265625,-24.2246036529541
137.324630737,79.9049072265625,-24.2246036529541
137.523849487,79.9049072265625,-24.2246036529541
137.723068237,79.9049072265625,-24.2246036529541
137.922286987,79.9049072265625,-24.2246036529541
138.121505737,79.9049072265625,-24.2246036529541
138.320724487,79.9049072265625,-24.2246036529541
138.470138549,79.9049072265625,-24.2246036529541
138.685958862,79.8908462524414,-24.100784301757812
138.885177612,79.87784576416016,-23.843887329101562
139.084396362,79.87461853027344,-23.59212875366211
139.283615112,79.87895965576172,-23.336275100708008
139.482833862,79.88908386230469,-23.076480865478516
139.682052612,79.90072631835938,-22.82085418701172
139.881271362,79.90927124023438,-22.570589065551758
140.080490112,79.9117202758789,-22.31334114074707
140.296310424,79.91370391845703,-22.0533504486084
140.495529174,79.91566467285156,-21.797462463378906
140.694747924,79.91754913330078,-21.541574478149414
140.893966674,79.91504669189453,-21.281593322753906
141.093185424,79.9113998413086,-21.02709197998047
141.292404174,79.90779876708984,-20.775325775146484
141.491622924,79.90406036376953,-20.51535415649414
141.690841674,79.9003677368164,-20.25811767578125
141.840255737,79.89825439453125,-20.055604934692383
142.056076049,79.89935302734375,-19.802452087402344
142.255294799,79.90057373046875,-19.542461395263672
142.454513549,79.90174102783203,-19.292043685913086
142.653732299,79.90291595458984,-19.040258407592773
142.852951049,79.90411376953125,-18.78437042236328
143.052169799,79.90533447265625,-18.52437973022461
143.251388549,79.90652465820312,-18.269859313964844
143.400802612,79.90745544433594,-18.070072174072266
143.600021362,79.90865325927734,-17.814184188842773
143.815841674,79.90987396240234,-17.5541934967041
144.015060424,79.91105651855469,-17.301040649414062
144.214279174,79.9122543334961,-17.04515266418457
144.413497924,79.9134750366211,-16.7851619720459
144.612716674,79.91466522216797,-16.530641555786133
144.811935424,79.91584014892578,-16.27885627746582
145.011154174,79.91703796386719,-16.022968292236328
145.210372924,79.91825866699219,-15.762968063354492
145.376388549,79.91696166992188,-15.559082984924316
145.575607299,79.91250610351562,-15.304594993591309
145.774826049,79.90792846679688,-15.044632911682129
145.974044799,79.90350341796875,-14.791513442993164
146.173263549,79.89934539794922,-14.539759635925293
146.372482299,79.89974975585938,-14.28249740600586
146.571701049,79.90097045898438,-14.022497177124023
146.770919799,79.90215301513672,-13.769339561462402
146.970138549,79.90332794189453,-13.517550468444824
147.185958862,79.90465545654297,-13.23428726196289
147.385177612,79.90583801269531,-12.98112964630127
147.584396362,79.90702056884766,-12.727972030639648
147.783615112,79.90823364257812,-12.469340324401855
147.982833862,79.90945434570312,-12.20934009552002
148.132247924,79.91029357910156,-12.03007698059082
148.331466674,79.91146850585938,-11.778287887573242
148.530685424,79.91268157958984,-11.51965618133545
148.729904174,79.91390228271484,-11.259655952453613
148.945724487,79.91520690917969,-10.980498313903809
149.144943237,79.918701171875,-10.72053050994873
149.344161987,79.93891143798828,-10.464221954345703
149.543380737,80.0098648071289,-10.219439506530762
149.692794799,80.11019897460938,-10.073248863220215
149.892013549,80.30415344238281,-9.933287620544434
150.091232299,80.5506362915039,-9.874168395996094
150.290451049,80.79782104492188,-9.880305290222168
150.456466674,80.9769515991211,-9.912120819091797
150.605880737,81.16964721679688,-9.953333854675293
150.805099487,81.42300415039062,-9.99772834777832
151.004318237,81.68196105957031,-10.019871711730957
151.153732299,81.86119842529297,-10.020960807800293
151.352951049,82.11834716796875,-10.013776779174805
151.552169799,82.37547302246094,-10.006103515625
151.751388549,82.63542175292969,-10.00129508972168
151.900802612,82.84068298339844,-10.002445220947266
152.100021362,83.09107971191406,-10.004450798034668
152.249435424,83.27033996582031,-10.005885124206543
152.465255737,83.55360412597656,-10.008151054382324
152.614669799,83.73011779785156,-10.009564399719238
152.813888549,83.98326110839844,-10.011590957641602
152.963302612,84.18989562988281,-10.013243675231934
153.162521362,84.44990539550781,-10.0153226852417
153.361740112,84.70304870605469,-10.017349243164062
153.511154174,84.87957763671875,-10.01709270477295
153.710372924,85.1368408203125,-10.014281272888184
153.876388549,85.3448486328125,-10.012007713317871
154.075607299,85.60073852539062,-10.009211540222168
154.274826049,85.859375,-10.00638484954834
154.374435424,85.9893798828125,-10.004963874816895
154.573654174,86.24252319335938,-10.002198219299316
154.772872924,86.49566650390625,-9.999432563781738
154.922286987,86.69680786132812,-9.99771499633789
155.121505737,86.95681762695312,-9.998891830444336
155.320724487,87.21682739257812,-10.000396728515625
155.470138549,87.39323425292969,-10.006173133850098
155.685958862,87.66986846923828,-10.048852920532227
155.835372924,87.83271789550781,-10.122428894042969
155.984786987,87.98342895507812,-10.256387710571289
156.184005737,88.09712219238281,-10.485148429870605
156.333419799,88.12641143798828,-10.663110733032227
156.482833862,88.1318588256836,-10.869590759277344
156.632247924,88.12752532958984,-11.051535606384277
156.781661987,88.12366485595703,-11.258099555969238
156.931076049,88.1323471069336,-11.435750007629395
157.080490112,88.1571044921875,-11.64084529876709
157.229904174,88.191650390625,-11.819503784179688
157.395919799,88.24154663085938,-12.021415710449219
157.545333862,88.2947769165039,-12.222488403320312
157.694747924,88.33956909179688,-12.394649505615234
157.893966674,88.40154266357422,-12.64151382446289
158.043380737,88.4455795288086,-12.8391752243042
158.192794799,88.4509048461914,-12.867682456970215
158.342208862,88.4509048461914,-12.867682456970215
158.541427612,88.4509048461914,-12.867682456970215
158.690841674,88.4509048461914,-12.867682456970215
158.840255737,88.4509048461914,-12.867682456970215
159.006271362,88.46790313720703,-12.97987174987793
159.155685424,88.47305297851562,-13.161609649658203
159.305099487,88.4465560913086,-13.363615036010742
159.454513549,88.4056625366211,-13.535286903381348
159.653732299,88.32659149169922,-13.775694847106934
159.803146362,88.25386810302734,-13.969107627868652
159.952560424,88.19042205810547,-14.138235092163086
160.151779174,88.10693359375,-14.354971885681152
160.301193237,88.10618591308594,-14.356827735900879
160.450607299,88.10618591308594,-14.356827735900879
160.600021362,88.10618591308594,-14.356827735900879
160.766036987,88.10618591308594,-14.356827735900879
160.915451049,88.10618591308594,-14.356827735900879
161.114669799,88.10618591308594,-14.356827735900879
161.264083862,88.10618591308594,-14.356827735900879
161.463302612,88.20097351074219,-14.354955673217773
161.662521362,88.3764419555664,-14.251569747924805
161.861740112,88.38668823242188,-14.239214897155762
162.060958862,88.38668823242188,-14.239214897155762
162.260177612,88.38668823242188,-14.239214897155762
162.426193237,88.38668823242188,-14.239214897155762
162.675216674,88.38668823242188,-14.239214897155762
162.874435424,88.38668823242188,-14.239214897155762
163.073654174,88.38668823242188,-14.239214897155762
163.272872924,88.38668823242188,-14.239214897155762
163.472091674,88.38668823242188,-14.239214897155762
163.671310424,88.38668823242188,-14.239214897155762
163.870529174,88.38668823242188,-14.239214897155762
164.086349487,88.38668823242188,-14.239214897155762
164.285568237,88.38668823242188,-14.239214897155762
164.484786987,88.38668823242188,-14.239214897155762
164.684005737,88.38668823242188,-14.239214897155762
164.883224487,88.38668823242188,-14.239214897155762
165.082443237,88.38668823242188,-14.239214897155762
165.281661987,88.38668823242188,-14.239214897155762
165.480880737,88.38668823242188,-14.239214897155762
165.680099487,88.38668823242188,-14.239214897155762
165.829513549,88.38668823242188,-14.239214897155762
166.045333862,88.38668823242188,-14.239214897155762
166.244552612,88.38668823242188,-14.239214897155762
166.443771362,88.38668823242188,-14.239214897155762
166.642990112,88.38668823242188,-14.239214897155762
166.842208862,88.38668823242188,-14.239214897155762
167.041427612,88.38668823242188,-14.239214897155762
167.240646362,88.38668823242188,-14.239214897155762
167.456466674,88.38668823242188,-14.239214897155762
167.655685424,88.38668823242188,-14.239214897155762
167.854904174,88.38668823242188,-14.239214897155762
168.054122924,88.38668823242188,-14.239214897155762
168.253341674,88.38668823242188,-14.239214897155762
168.452560424,88.38668823242188,-14.239214897155762
168.651779174,88.38668823242188,-14.239214897155762
168.850997924,88.38668823242188,-14.239214897155762
169.000411987,88.39987182617188,-14.242240905761719
169.149826049,88.45501708984375,-14.28868579864502
169.365646362,88.55763244628906,-14.530983924865723
169.515060424,88.56461334228516,-14.712517738342285
169.664474487,88.53382873535156,-14.917956352233887
169.863693237,88.45806884765625,-15.163727760314941
170.013107299,88.40927124023438,-15.33332633972168
170.162521362,88.37625885009766,-15.520352363586426
170.311935424,88.37493896484375,-15.532411575317383
170.511154174,88.37493896484375,-15.532411575317383
170.660568237,88.37493896484375,-15.532411575317383
170.809982299,88.37493896484375,-15.532411575317383
170.975997924,88.3673324584961,-15.633110046386719
171.125411987,88.37120056152344,-15.838202476501465
171.324630737,88.41261291503906,-16.093231201171875
171.474044799,88.42977905273438,-16.1595458984375
171.623458862,88.42977905273438,-16.1595458984375
171.772872924,88.44756317138672,-16.232402801513672
171.872482299,88.47339630126953,-16.359798431396484
172.021896362,88.5016098022461,-16.56168556213379
172.171310424,88.5138931274414,-16.743236541748047
172.320724487,88.5123062133789,-16.9456787109375
172.519943237,88.48561096191406,-17.16842269897461
172.685958862,88.44595336914062,-17.394866943359375
172.835372924,88.41605377197266,-17.570220947265625
172.984786987,88.39373016357422,-17.776973724365234
173.134201049,88.38462829589844,-17.958742141723633
173.283615112,88.37939453125,-18.16393280029297
173.482833862,88.37773895263672,-18.415714263916016
173.632247924,88.372802734375,-18.59764289855957
173.781661987,88.36225891113281,-18.805370330810547
173.980880737,88.36117553710938,-18.821834564208984
174.080490112,88.35820770263672,-18.883893966674805
174.296310424,88.39729309082031,-19.12494468688965
174.445724487,88.52203369140625,-19.285551071166992
174.644943237,88.75765991210938,-19.388477325439453
174.794357299,88.93920135498047,-19.396217346191406
174.993576049,89.19774627685547,-19.371118545532227
175.142990112,89.39827728271484,-19.327377319335938
175.342208862,89.65409088134766,-19.281625747680664
175.541427612,89.90673828125,-19.281726837158203
175.740646362,90.16073608398438,-19.335725784301758
175.890060424,90.33053588867188,-19.39313507080078
176.105880737,90.59867858886719,-19.492565155029297
176.255294799,90.76407623291016,-19.554224014282227
176.454513549,91.0015640258789,-19.633398056030273
176.603927612,91.19530487060547,-19.682109832763672
176.803146362,91.43861389160156,-19.7413272857666
176.952560424,91.60919189453125,-19.786766052246094
177.151779174,91.85380554199219,-19.85708236694336
177.301193237,92.04771423339844,-19.915489196777344
177.500411987,92.29670715332031,-19.99028778076172
177.649826049,92.47237396240234,-20.03784942626953
177.865646362,92.75186920166016,-20.098417282104492
178.015060424,92.92534637451172,-20.131135940551758
178.214279174,93.17108917236328,-20.185718536376953
178.413497924,93.41410827636719,-20.261262893676758
178.562911987,93.61064910888672,-20.32935905456543
178.712326049,93.78175354003906,-20.391387939453125
178.911544799,94.02030944824219,-20.480131149291992
179.110763549,94.06631469726562,-20.496702194213867
179.260177612,94.06631469726562,-20.496702194213867
179.409591674,94.16236114501953,-20.527883529663086
179.625411987,94.43270874023438,-20.544702529907227
179.774826049,94.59794616699219,-20.471473693847656
179.974044799,94.7794189453125,-20.292125701904297
180.173263549,94.94278717041016,-20.096975326538086
180.372482299,95.12476348876953,-19.91542625427246
180.571701049,95.33143615722656,-19.762548446655273
180.770919799,95.55780029296875,-19.63493537902832
180.920333862,95.74497985839844,-19.55081558227539
181.136154174,95.98190307617188,-19.45781707763672
181.335372924,96.21946716308594,-19.36642074584961
181.534591674,96.45729064941406,-19.27195167541504
181.733810424,96.69630432128906,-19.16963768005371
181.883224487,96.88277435302734,-19.087182998657227
182.082443237,97.00543975830078,-19.036727905273438
182.281661987,97.11908721923828,-18.98567008972168
182.480880737,97.32778930664062,-18.855337142944336
182.680099487,97.5295181274414,-18.69147491455078
182.895919799,97.72212219238281,-18.520936965942383
183.095138549,97.91099548339844,-18.358591079711914
183.244552612,98.02296447753906,-18.26569175720215
183.443771362,98.02373504638672,-18.265058517456055
183.642990112,98.02373504638672,-18.265058517456055
183.842208862,98.02373504638672,-18.265058517456055
184.041427612,98.02373504638672,-18.265058517456055
184.240646362,98.15755462646484,-18.16790771484375
184.390060424,98.32158660888672,-18.097454071044922
184.605880737,98.5987319946289,-18.108455657958984
184.805099487,98.8410415649414,-18.20199203491211
184.954513549,99.00640869140625,-18.278011322021484
185.153732299,99.25220489501953,-18.361509323120117
185.352951049,99.50701904296875,-18.39498519897461
185.552169799,99.7590560913086,-18.41880226135254
185.701583862,99.95581817626953,-18.44418716430664
185.900802612,100.2042236328125,-18.485214233398438
186.100021362,100.45956420898438,-18.53411865234375
186.266036987,100.6645736694336,-18.56913948059082
186.465255737,100.78736114501953,-18.587556838989258
186.664474487,100.78736114501953,-18.587556838989258
186.813888549,100.78736114501953,-18.587556838989258
187.013107299,100.89696502685547,-18.607295989990234
187.212326049,101.12086486816406,-18.704927444458008
187.361740112,101.242919921875,-18.864164352416992
187.560958862,101.28668975830078,-19.11840057373047
187.710372924,101.27165222167969,-19.299663543701172
187.876388549,101.22789764404297,-19.502912521362305
188.025802612,101.17926025390625,-19.70513153076172
188.175216674,101.14744567871094,-19.88426399230957
188.374435424,101.13699340820312,-20.142353057861328
188.523849487,101.16474914550781,-20.34416961669922
188.673263549,101.20993041992188,-20.51472282409668
188.872482299,101.3033447265625,-20.752864837646484
189.021896362,101.3867416381836,-20.94341468811035
189.221115112,101.48649597167969,-21.182025909423828
189.320724487,101.53278350830078,-21.300573348999023
189.470138549,101.59437561035156,-21.46746253967285
189.636154174,101.6590576171875,-21.65648651123047
189.835372924,101.73622131347656,-21.904762268066406
189.984786987,101.79378509521484,-22.104637145996094
190.134201049,101.84366607666016,-22.279661178588867
190.333419799,101.91419982910156,-22.525644302368164
190.482833862,101.97200012207031,-22.725446701049805
190.682052612,102.04876708984375,-22.973846435546875
190.831466674,102.10633850097656,-23.146503448486328
191.030685424,102.19185638427734,-23.389137268066406
191.180099487,102.25965881347656,-23.585769653320312
191.329513549,102.31741333007812,-23.75546646118164
191.545333862,102.40646362304688,-24.01713752746582
191.694747924,102.46426391601562,-24.18971824645996
191.893966674,102.54438781738281,-24.437063217163086
192.043380737,102.60848236083984,-24.634950637817383
192.192794799,102.66340637207031,-24.808467864990234
192.392013549,102.6885986328125,-24.886499404907227
192.541427612,102.6885986328125,-24.886499404907227
192.740646362,102.6885986328125,-24.886499404907227
192.890060424,102.7134017944336,-24.970401763916016
193.056076049,102.75325012207031,-25.17439079284668
193.255294799,102.77020263671875,-25.429603576660156
193.404708862,102.77190399169922,-25.575092315673828
193.603927612,102.77191162109375,-25.576091766357422
193.753341674,102.77191162109375,-25.576091766357422
193.902755737,102.77191162109375,-25.576091766357422
194.101974487,102.77191162109375,-25.576091766357422
194.251388549,102.77191162109375,-25.576091766357422
194.450607299,102.77191162109375,-25.576091766357422
194.600021362,102.76946258544922,-25.677040100097656
194.749435424,102.73503875732422,-25.853731155395508
194.965255737,102.55780029296875,-26.071929931640625
195.114669799,102.49801635742188,-26.105257034301758
195.264083862,102.49801635742188,-26.105257034301758
195.463302612,102.49801635742188,-26.105257034301758
195.662521362,102.49801635742188,-26.105257034301758
195.811935424,102.49801635742188,-26.105257034301758
196.011154174,102.49801635742188,-26.105257034301758
196.160568237,102.49801635742188,-26.105257034301758
196.309982299,102.42803192138672,-26.13220977783203
196.475997924,102.24983215332031,-26.235301971435547
196.675216674,102.11080932617188,-26.37507438659668
196.824630737,102.11018371582031,-26.3758544921875
196.974044799,102.11018371582031,-26.3758544921875
197.173263549,102.11018371582031,-26.3758544921875
197.322677612,102.11018371582031,-26.3758544921875
197.472091674,102.11018371582031,-26.3758544921875
197.671310424,102.11018371582031,-26.3758544921875
197.820724487,102.11018371582031,-26.3758544921875
197.970138549,102.07205200195312,-26.42536735534668
198.185958862,101.95824432373047,-26.667293548583984
198.335372924,101.95439910888672,-26.8486385345459
198.534591674,102.00765991210938,-27.10008430480957
198.684005737,102.05762481689453,-27.293514251708984
198.833419799,102.09127807617188,-27.466766357421875
199.032638549,102.12025451660156,-27.725053787231445
199.182052612,102.12576293945312,-27.93292808532715
199.381271362,102.11676025390625,-28.18454360961914
199.530685424,102.1054916381836,-28.362077713012695
199.680099487,102.0904541015625,-28.568157196044922
199.846115112,102.07825469970703,-28.775793075561523
199.995529174,102.07194519042969,-28.954944610595703
200.194747924,102.0687026977539,-29.206708908081055
200.344161987,102.06668853759766,-29.414701461791992
200.493576049,102.06492614746094,-29.596694946289062
200.642990112,102.06372833251953,-29.80331802368164
200.842208862,102.06401062011719,-30.046890258789062
200.991622924,102.06269073486328,-30.127880096435547
201.141036987,102.06269073486328,-30.127880096435547
201.290451049,102.06080627441406,-30.202856063842773
201.489669799,102.04974365234375,-30.458507537841797
201.655685424,102.03623962402344,-30.663320541381836
201.854904174,102.01900482177734,-30.922744750976562
202.004318237,102.00901794433594,-31.125019073486328
202.153732299,102.00450897216797,-31.301485061645508
202.352951049,102.00460815429688,-31.55873680114746
202.502365112,102.00650024414062,-31.7667293548584
202.701583862,102.00885009765625,-32.025352478027344
202.850997924,102.01042938232422,-32.200504302978516
203.050216674,102.01277923583984,-32.459110260009766
203.216232299,102.01455688476562,-32.65459060668945
203.365646362,102.01457977294922,-32.657588958740234
203.515060424,102.01457977294922,-32.657588958740234
203.714279174,102.01457977294922,-32.657588958740234
203.863693237,102.01481628417969,-32.6644287109375
204.062911987,102.02416229248047,-32.689903259277344
204.212326049,102.09420776367188,-32.75296401977539
204.411544799,102.33329010009766,-32.83254623413086
204.610763549,102.58272552490234,-32.821434020996094
204.760177612,102.78311157226562,-32.77738571166992
204.975997924,103.03081512451172,-32.71314239501953
205.125411987,103.2330551147461,-32.670982360839844
205.324630737,103.48565673828125,-32.64049530029297
205.523849487,103.73453521728516,-32.634124755859375
205.723068237,103.99430847167969,-32.64472198486328
205.872482299,104.17589569091797,-32.656768798828125
206.071701049,104.42839050292969,-32.674659729003906
206.270919799,104.6784439086914,-32.688011169433594
206.470138549,104.93427276611328,-32.69355773925781
206.636154174,105.14228057861328,-32.69343566894531
206.735763549,105.26953887939453,-32.69440460205078
206.934982299,105.52666473388672,-32.70246124267578
207.134201049,105.78614044189453,-32.718788146972656
207.333419799,106.04268646240234,-32.738128662109375
207.482833862,106.24467468261719,-32.752906799316406
207.682052612,106.5002670288086,-32.78142547607422
207.881271362,106.7522201538086,-32.825965881347656
208.080490112,107.00608825683594,-32.881980895996094
208.229904174,107.18370056152344,-32.921688079833984
208.445724487,107.45787048339844,-32.97391891479492
208.644943237,107.71607208251953,-33.00445556640625
208.844161987,107.97378540039062,-33.03873825073242
208.993576049,108.15181732177734,-33.069252014160156
209.192794799,108.39633178710938,-33.12898254394531
209.392013549,108.6401138305664,-33.21104049682617
209.591232299,108.87964630126953,-33.2928352355957
209.740646362,109.07445526123047,-33.342735290527344
209.956466674,109.32746887207031,-33.38920974731445
210.105880737,109.53253173828125,-33.42399215698242
210.305099487,109.66425323486328,-33.4486083984375
210.504318237,109.66425323486328,-33.4486083984375
210.703536987,109.66425323486328,-33.4486083984375
210.902755737,109.66425323486328,-33.4486083984375
211.101974487,109.66425323486328,-33.4486083984375
211.251388549,109.75055694580078,-33.46296691894531
211.450607299,110.0059585571289,-33.45376205444336
211.649826049,110.23870086669922,-33.34104919433594
211.865646362,110.45590209960938,-33.17683410644531
212.064865112,110.66490173339844,-33.026947021484375
212.264083862,110.88300323486328,-32.90420913696289
212.463302612,111.12437438964844,-32.81202697753906
212.662521362,111.3763427734375,-32.748268127441406
212.811935424,111.5551986694336,-32.71455383300781
213.011154174,111.80924224853516,-32.67414474487305
213.210372924,112.0488510131836,-32.65206527709961
213.426193237,112.07776641845703,-32.64986801147461
213.625411987,112.07776641845703,-32.64986801147461
213.824630737,112.07776641845703,-32.64986801147461
214.023849487,112.07776641845703,-32.64986801147461
214.173263549,112.16407012939453,-32.641048431396484
214.372482299,112.40812683105469,-32.581016540527344
214.571701049,112.64306640625,-32.470542907714844
214.770919799,112.8604736328125,-32.328067779541016
214.970138549,113.07622528076172,-32.18817138671875
215.185958862,113.3368911743164,-32.082550048828125
215.335372924,113.49939727783203,-32.045387268066406
215.534591674,113.52791595458984,-32.04010009765625
215.733810424,113.52791595458984,-32.04010009765625
215.933029174,113.52791595458984,-32.04010009765625
216.132247924,113.66596221923828,-32.02032470703125
216.331466674,113.90377044677734,-32.01508712768555
216.480880737,114.10429382324219,-32.03096389770508
216.680099487,114.353271484375,-32.05777359008789
216.895919799,114.6080551147461,-32.081504821777344
217.095138549,114.8661880493164,-32.09740447998047
217.294357299,115.11784362792969,-32.104949951171875
217.493576049,115.3696060180664,-32.10454177856445
217.692794799,115.62606811523438,-32.08701705932617
217.892013549,115.8790283203125,-32.04071044921875
218.091232299,116.12384796142578,-31.971431732177734
218.290451049,116.37090301513672,-31.890438079833984
218.456466674,116.48462677001953,-31.853715896606445
218.655685424,116.48462677001953,-31.853715896606445
218.854904174,116.48462677001953,-31.853715896606445
219.054122924,116.60340118408203,-31.811704635620117
219.203536987,116.79551696777344,-31.732011795043945
219.402755737,117.03369140625,-31.627727508544922
219.601974487,117.26214599609375,-31.521886825561523
219.801193237,117.49559020996094,-31.407413482666016
220.000411987,117.73111724853516,-31.304025650024414
220.149826049,117.90161895751953,-31.24043083190918
220.365646362,117.99159240722656,-31.2115421295166
220.564865112,117.99159240722656,-31.2115421295166
220.764083862,117.99159240722656,-31.2115421295166
220.963302612,117.99159240722656,-31.2115421295166
221.162521362,117.99159240722656,-31.2115421295166
221.361740112,117.99159240722656,-31.2115421295166
221.560958862,117.99159240722656,-31.2115421295166
221.760177612,117.99159240722656,-31.2115421295166
221.975997924,118.11076354980469,-31.170656204223633
222.175216674,118.3440170288086,-31.065706253051758
222.324630737,118.52466583251953,-30.968320846557617
222.523849487,118.74479675292969,-30.837852478027344
222.723068237,118.96416473388672,-30.698284149169922
222.922286987,119.18177795410156,-30.561077117919922
223.121505737,119.39385223388672,-30.433517456054688
223.320724487,119.39643859863281,-30.4320068359375
223.536544799,119.39643859863281,-30.4320068359375
223.735763549,119.39643859863281,-30.4320068359375
223.885177612,119.39643859863281,-30.4320068359375
224.084396362,119.39643859863281,-30.4320068359375
224.283615112,119.39643859863281,-30.4320068359375
224.482833862,119.39643859863281,-30.4320068359375
224.632247924,119.40422821044922,-30.533390045166016
224.781661987,119.3464126586914,-30.725488662719727
224.980880737,119.15786743164062,-30.899070739746094
225.130294799,118.98571014404297,-30.95688819885254
225.296310424,118.7794418334961,-30.981359481811523
225.495529174,118.5252685546875,-30.994539260864258
225.644943237,118.32254028320312,-31.01558494567871
225.794357299,118.14519500732422,-31.0495548248291
225.993576049,117.89896392822266,-31.128116607666016
226.142990112,117.70956420898438,-31.207168579101562
226.292404174,117.54601287841797,-31.28384780883789
226.491622924,117.31451416015625,-31.396055221557617
226.591232299,117.19755554199219,-31.45279312133789
226.740646362,117.00892639160156,-31.54043197631836
226.890060424,116.84210968017578,-31.613191604614258
227.056076049,116.65081787109375,-31.69131088256836
227.205490112,116.46529388427734,-31.761648178100586
227.404708862,116.22733306884766,-31.8480224609375
227.554122924,116.05973815917969,-31.90767478942871
227.703536987,115.870849609375,-31.97273063659668
227.852951049,115.70079040527344,-32.02482604980469
228.052169799,115.4483413696289,-32.08053970336914
228.201583862,115.2422103881836,-32.107933044433594
228.350997924,115.06195068359375,-32.11899948120117
228.500411987,114.85946655273438,-32.117000579833984
228.649826049,114.68328094482422,-32.10608673095703
228.865646362,114.40379333496094,-32.08195877075195
229.015060424,114.22382354736328,-32.06646728515625
229.214279174,113.97249603271484,-32.05126190185547
229.363693237,113.76734161376953,-32.044715881347656
229.513107299,113.58808898925781,-32.04323959350586
229.712326049,113.32807922363281,-32.04438400268555
229.861740112,113.12419128417969,-32.0452766418457
230.011154174,112.94905090332031,-32.04603958129883
230.210372924,112.69178771972656,-32.04716873168945
230.359786987,112.50978088378906,-32.047969818115234
230.525802612,112.27714538574219,-32.04899215698242
230.675216674,112.10200500488281,-32.04975509643555
230.874435424,111.84336853027344,-32.0508918762207
231.023849487,111.63536071777344,-32.05180740356445
231.173263549,111.45610046386719,-32.05259323120117
231.372482299,111.20982360839844,-32.05366134643555
231.521896362,111.00593566894531,-32.0545539855957
231.671310424,110.82804870605469,-32.05533218383789
231.870529174,110.56803894042969,-32.05647659301758
232.036544799,110.36415100097656,-32.057369232177734
232.185958862,110.16163635253906,-32.05825424194336
232.335372924,109.97962951660156,-32.05905532836914
232.534591674,109.71961975097656,-32.06019973754883
232.684005737,109.51847839355469,-32.06107711791992
232.833419799,109.34196472167969,-32.06184768676758
233.032638549,109.08195495605469,-32.062992095947266
233.182052612,108.87394714355469,-32.063655853271484
233.381271362,108.6182861328125,-32.05412673950195
233.530685424,108.43769836425781,-32.03217697143555
233.729904174,108.18962860107422,-31.956104278564453
233.895919799,108.01063537597656,-31.85616683959961
234.095138549,107.81838989257812,-31.692222595214844
234.244552612,107.68717956542969,-31.538066864013672
234.443771362,107.53802490234375,-31.326868057250977
234.593185424,107.43896484375,-31.174192428588867
234.792404174,107.30022430419922,-30.962446212768555
234.991622924,107.15530395507812,-30.756622314453125
235.141036987,107.03092956542969,-30.59331512451172
235.340255737,106.87361145019531,-30.400279998779297
235.506271362,106.7425537109375,-30.242298126220703
235.705490112,106.57795715332031,-30.04103660583496
235.904708862,106.4134292602539,-29.839725494384766
236.054122924,106.29655456542969,-29.703813552856445
236.253341674,106.13799285888672,-29.51710319519043
236.452560424,105.97454071044922,-29.316686630249023
236.601974487,105.84632873535156,-29.152904510498047
236.801193237,105.68810272216797,-28.94660186767578
236.950607299,105.57395935058594,-28.804841995239258
237.149826049,105.41944885253906,-28.606037139892578
237.315841674,105.29348754882812,-28.442235946655273
237.515060424,105.13999938964844,-28.239194869995117
237.664474487,105.01658630371094,-28.076887130737305
237.863693237,104.85911560058594,-27.87343406677246
238.013107299,104.74658966064453,-27.730392456054688
238.212326049,104.58950805664062,-27.533626556396484
238.411544799,104.426513671875,-27.331073760986328
238.560958862,104.29682922363281,-27.16846466064453
238.760177612,104.1358871459961,-26.964271545410156
238.926193237,104.00753021240234,-26.80059242248535
239.125411987,103.85173034667969,-26.59931755065918
239.324630737,103.69658660888672,-26.394102096557617
239.474044799,103.58592224121094,-26.249603271484375
239.673263549,103.42144775390625,-26.048234939575195
239.872482299,103.25902557373047,-25.845216751098633
240.021896362,103.13003540039062,-25.68204689025879
240.221115112,102.976318359375,-25.48089027404785
240.420333862,102.81874084472656,-25.27408790588379
240.586349487,102.6963882446289,-25.11444091796875
240.785568237,102.53473663330078,-24.910810470581055
240.934982299,102.42208099365234,-24.76786994934082
241.134201049,102.26177978515625,-24.56317138671875
241.283615112,102.13922119140625,-24.400217056274414
241.482833862,101.98112487792969,-24.19731903076172
241.682052612,101.8108901977539,-24.000822067260742
241.831466674,101.68728637695312,-23.870994567871094
241.980880737,101.65718841552734,-23.840972900390625
242.180099487,101.65718841552734,-23.840972900390625
242.346115112,101.65718841552734,-23.840972900390625
242.545333862,101.65718841552734,-23.840972900390625
242.744552612,101.65718841552734,-23.840972900390625
242.893966674,101.65718841552734,-23.840972900390625
243.093185424,101.65718841552734,-23.840972900390625
243.292404174,101.65718841552734,-23.840972900390625
243.491622924,101.65718841552734,-23.840972900390625
243.690841674,101.72764587402344,-23.82953453063965
243.890060424,101.96826934814453,-23.88998794555664
244.056076049,102.12051391601562,-24.0280818939209
244.155685424,102.19171905517578,-24.1367130279541
244.305099487,102.2825698852539,-24.323713302612305
244.454513549,102.3526840209961,-24.488698959350586
244.653732299,102.45980834960938,-24.717985153198242
244.803146362,102.56172943115234,-24.892881393432617
245.002365112,102.71122741699219,-25.09541130065918
245.151779174,102.82646179199219,-25.23624610900879
245.350997924,102.99478149414062,-25.427156448364258
245.500411987,103.1312484741211,-25.57862091064453
245.699630737,103.28368377685547,-25.748859405517578
245.865646362,103.43785858154297,-25.92487144470215
246.015060424,103.5535659790039,-26.063575744628906
246.164474487,103.68315887451172,-26.222749710083008
246.363693237,103.8377456665039,-26.4215030670166
246.513107299,103.94941711425781,-26.565231323242188
246.662521362,104.07559967041016,-26.73058319091797
246.861740112,104.22870635986328,-26.93732452392578
247.011154174,104.33989715576172,-27.08137321472168
247.210372924,104.50318145751953,-27.2766170501709
247.376388549,104.62783813476562,-27.427452087402344
247.575607299,104.78797149658203,-27.627038955688477
247.725021362,104.91436767578125,-27.790508270263672
247.924240112,105.0701904296875,-27.996929168701172
248.073654174,105.17862701416016,-28.139677047729492
248.272872924,105.33776092529297,-28.345298767089844
248.422286987,105.46163177490234,-28.505535125732422
248.571701049,105.57205963134766,-28.650205612182617
248.770919799,105.73458099365234,-28.84962272644043
248.970138549,105.89820098876953,-29.051677703857422
249.136154174,106.0281982421875,-29.214048385620117
249.335372924,106.18744659423828,-29.41956329345703
249.484786987,106.3140869140625,-29.58456802368164
249.684005737,106.46967315673828,-29.787734985351562
249.833419799,106.5837631225586,-29.929529190063477
249.982833862,106.71253967285156,-30.09287452697754
250.182052612,106.8710708618164,-30.2989444732666
250.381271362,107.01917266845703,-30.499176025390625
250.530685424,107.12772369384766,-30.64354705810547
250.680099487,107.2509765625,-30.809383392333984
250.895919799,107.41081237792969,-31.00921630859375
251.095138549,107.5679931640625,-31.212871551513672
251.244552612,107.69391632080078,-31.378421783447266
251.443771362,107.84810638427734,-31.5843448638916
251.593185424,107.95396423339844,-31.730697631835938
251.792404174,108.11791229248047,-31.928699493408203
251.991622924,108.31930541992188,-32.09209442138672
252.141036987,108.49732208251953,-32.17561340332031
252.340255737,108.74822235107422,-32.22206115722656
252.556076049,108.99829864501953,-32.21541976928711
252.755294799,109.25047302246094,-32.18117141723633
252.904708862,109.45637512207031,-32.15177536010742
253.103927612,109.71334075927734,-32.122493743896484
253.303146362,109.96611022949219,-32.10959243774414
253.502365112,110.2178955078125,-32.108070373535156
253.701583862,110.4778060913086,-32.11466979980469
253.850997924,110.65965270996094,-32.122440338134766
254.050216674,110.91260528564453,-32.13325500488281
254.216232299,111.1149673461914,-32.14190673828125
254.415451049,111.37480163574219,-32.15129089355469
254.564865112,111.5745620727539,-32.153465270996094
254.764083862,111.82633209228516,-32.154701232910156
254.963302612,112.0781021118164,-32.15593719482422
255.162521362,112.3381118774414,-32.157196044921875
255.311935424,112.5201187133789,-32.158077239990234
255.511154174,112.77326965332031,-32.155982971191406
255.710372924,113.02637481689453,-32.151634216308594
255.876388549,113.23432159423828,-32.14806365966797
256.075592041,113.49015808105469,-32.14366912841797
256.274810791,113.74464416503906,-32.139774322509766
256.474029541,114.00328063964844,-32.139320373535156
256.673248291,114.26055908203125,-32.138946533203125
256.822662353,114.46583557128906,-32.138648986816406
257.021881103,114.7176513671875,-32.13829040527344
257.221099853,114.9776611328125,-32.137908935546875
257.420318603,115.237548828125,-32.13236999511719
257.586334228,115.43616485595703,-32.11143112182617
257.785552978,115.68745422363281,-32.05146408081055
257.984771728,115.91505432128906,-31.944971084594727
258.183990478,116.1157455444336,-31.789255142211914
258.383209228,116.2846908569336,-31.597366333007812
258.532623291,116.38920593261719,-31.451765060424805
258.731842041,116.53143310546875,-31.23575782775879
258.931060791,116.67333221435547,-31.026126861572266
259.130279541,116.82442474365234,-30.824758529663086
259.296295166,116.95417022705078,-30.663944244384766
259.495513916,117.11666870117188,-30.464527130126953
259.694732666,117.28298950195312,-30.268260955810547
259.844146728,117.41293334960938,-30.109363555908203
260.043365478,117.57352447509766,-29.913665771484375
260.242584228,117.73467254638672,-29.718421936035156
260.441802978,117.90021514892578,-29.5179443359375
260.641021728,118.06513977050781,-29.31694793701172
260.840240478,118.23214721679688,-29.11768341064453
261.006256103,118.35381317138672,-28.962690353393555
261.205474853,118.51058959960938,-28.756975173950195
261.354888916,118.62020874023438,-28.61168670654297
261.504302978,118.74609375,-28.446107864379883
261.653717041,118.85977935791016,-28.30577278137207
261.852935791,118.91309356689453,-28.24346351623535
262.052154541,118.91309356689453,-28.24346351623535
262.251373291,118.91309356689453,-28.24346351623535
262.450592041,118.91309356689453,-28.24346351623535
262.649810791,118.91309356689453,-28.24346351623535
262.815826416,118.98631286621094,-28.15673828125
263.015045166,119.14093780517578,-27.958133697509766
263.214263916,119.28524780273438,-27.750139236450195
263.413482666,119.42630767822266,-27.551570892333984
263.612701416,119.58226776123047,-27.34357452392578
263.811920166,119.74462890625,-27.140493392944336
263.961334228,119.87530517578125,-26.982202529907227
264.160552978,120.04385375976562,-26.78423309326172
264.309967041,120.15267944335938,-26.650487899780273
264.525787353,120.3289566040039,-26.428760528564453
264.725006103,120.48799896240234,-26.223093032836914
264.924224853,120.64996337890625,-26.023250579833984
265.123443603,120.81695556640625,-25.823972702026367
265.272857666,120.93122863769531,-25.682327270507812
265.472076416,121.09295654296875,-25.48052978515625
265.671295166,121.25303649902344,-25.279130935668945
265.870513916,121.40361785888672,-25.075637817382812
266.086334228,121.57283020019531,-24.848478317260742
266.285552978,121.73158264160156,-24.64607048034668
266.484771728,121.89535522460938,-24.44414710998535
266.634185791,122.00562286376953,-24.30280303955078
266.833404541,122.16914367675781,-24.10070037841797
267.032623291,122.34442138671875,-23.91815757751465
267.231842041,122.5340805053711,-23.7485408782959
267.431060791,122.73571014404297,-23.590988159179688
267.630279541,122.93841552734375,-23.439332962036133
267.779693603,123.08597564697266,-23.33279037475586
267.995513916,123.3144760131836,-23.174819946289062
268.194732666,123.5223159790039,-23.020933151245117
268.393951416,123.55592346191406,-22.99492073059082
268.543365478,123.65087890625,-22.91595458984375
268.742584228,123.8285903930664,-22.730234146118164
268.941802978,123.98220825195312,-22.527408599853516
269.141021728,124.12722778320312,-22.31161117553711
269.290435791,124.22860717773438,-22.163766860961914
269.456451416,124.35041046142578,-21.995174407958984
269.655670166,124.51203918457031,-21.7950382232666
269.854888916,124.67707824707031,-21.594125747680664
270.054107666,124.83985900878906,-21.394916534423828
270.253326416,125.0062255859375,-21.195096969604492
270.452545166,125.16980743408203,-20.99654769897461
270.601959228,125.29869842529297,-20.83328628540039
270.801177978,125.45140838623047,-20.63309097290039
271.000396728,125.60897064208984,-20.426280975341797
271.149810791,125.71867370605469,-20.28105926513672
271.365631103,125.88941955566406,-20.06022071838379
271.564849853,126.04529571533203,-19.852115631103516
271.764068603,126.20286560058594,-19.64529800415039
271.913482666,126.31277465820312,-19.50022315979004
272.112701416,126.47290802001953,-19.29714584350586
272.311920166,126.63777160644531,-19.09964942932129
272.511138916,126.79812622070312,-18.900245666503906
272.660552978,126.82418060302734,-18.867938995361328
272.876373291,126.82418060302734,-18.867938995361328
273.075592041,126.82418060302734,-18.867938995361328
273.274810791,126.90705108642578,-18.773088455200195
273.424224853,127.04283905029297,-18.672977447509766
273.623443603,127.09989166259766,-18.651599884033203
273.822662353,127.09989166259766,-18.651599884033203
274.021881103,127.09989166259766,-18.651599884033203
274.221099853,127.09989166259766,-18.651599884033203
274.370513916,127.09989166259766,-18.651599884033203
274.569732666,127.09989166259766,-18.651599884033203
274.785552978,127.09989166259766,-18.651599884033203
274.984771728,127.09989166259766,-18.651599884033203
275.183990478,127.10945129394531,-18.65158462524414
275.383209228,127.1290512084961,-18.65720558166504
275.582427978,127.22346496582031,-18.78721809387207
275.731842041,127.27246856689453,-18.961673736572266
275.931060791,127.26429748535156,-19.22074317932129
276.080474853,127.22423553466797,-19.41219139099121
276.229888916,127.17676544189453,-19.587894439697266
276.395904541,127.1285171508789,-19.781736373901367
276.545318603,127.09355163574219,-19.98533821105957
276.744537353,127.07145690917969,-20.244300842285156
276.893951416,127.07061004638672,-20.426265716552734
277.043365478,127.07738494873047,-20.62594223022461
277.242584228,127.08657836914062,-20.87893295288086
277.391998291,127.09092712402344,-20.998350143432617
277.541412353,127.0909652709961,-20.99934959411621
277.740631103,127.10299682617188,-21.139240264892578
277.890045166,127.15754699707031,-21.312049865722656
278.056060791,127.28248596191406,-21.47710609436035
278.255279541,127.49263763427734,-21.629310607910156
278.404693603,127.67111206054688,-21.730669021606445
278.603912353,127.87926483154297,-21.85441780090332
278.753326416,128.0193328857422,-21.954843521118164
278.952545166,128.1981658935547,-22.12000846862793
279.151763916,128.3633270263672,-22.30270004272461
279.350982666,128.53102111816406,-22.501384735107422
279.500396728,128.66436767578125,-22.6610107421875
279.649810791,128.78012084960938,-22.796085357666016
279.865631103,128.9722442626953,-23.00418472290039
280.064849853,129.14906311035156,-23.187259674072266
280.214263916,129.27047729492188,-23.311609268188477
280.413482666,129.44650268554688,-23.495431900024414
280.562896728,129.58847045898438,-23.6474609375
280.762115478,129.76544189453125,-23.837940216064453
280.911529541,129.88429260253906,-23.968454360961914
281.110748291,130.04966735839844,-24.151016235351562
281.309967041,130.13035583496094,-24.240520477294922
281.409576416,130.13035583496094,-24.240520477294922
281.575592041,130.13035583496094,-24.240520477294922
281.774810791,130.13035583496094,-24.240520477294922
281.924224853,130.13035583496094,-24.240520477294922
282.123443603,130.21656799316406,-24.333772659301758
282.272857666,130.3444061279297,-24.463281631469727
282.472076416,130.53466796875,-24.640487670898438
282.671295166,130.72430419921875,-24.818357467651367
282.820709228,130.87020874023438,-24.954864501953125
282.970123291,130.99961853027344,-25.076950073242188
283.185943603,131.1855926513672,-25.256181716918945
283.335357666,131.18702697753906,-25.257585525512695
283.534576416,131.18702697753906,-25.257585525512695
283.733795166,131.18702697753906,-25.257585525512695
283.883209228,131.2561798095703,-25.32979393005371
284.082427978,131.40626525878906,-25.536590576171875
284.281646728,131.52749633789062,-25.76184844970703
284.431060791,131.60511779785156,-25.92191505432129
284.630279541,131.7166290283203,-26.15679359436035
284.796295166,131.8074493408203,-26.32988166809082
284.945709228,131.81507873535156,-26.343368530273438
285.144927978,131.81507873535156,-26.343368530273438
285.344146728,131.81507873535156,-26.343368530273438
285.493560791,131.81507873535156,-26.343368530273438
285.692779541,131.81507873535156,-26.343368530273438
285.891998291,131.81507873535156,-26.343368530273438
286.041412353,131.81507873535156,-26.343368530273438
286.190826416,131.81507873535156,-26.343368530273438
286.340240478,131.80209350585938,-26.347488403320312
286.506256103,131.7967529296875,-26.346389770507812
286.705474853,131.73593139648438,-26.287458419799805
286.904693603,131.6421661376953,-26.055147171020508
287.054107666,131.63787841796875,-25.877714157104492
287.253326416,131.6818389892578,-25.631444931030273
287.452545166,131.74658203125,-25.382469177246094
287.601959228,131.7871551513672,-25.178512573242188
287.801177978,131.81590270996094,-24.92157554626465
288.000396728,131.821044921875,-24.66990089416504
288.216217041,131.8159637451172,-24.4140567779541
288.415435791,131.81007385253906,-24.156858444213867
288.564849853,131.8054656982422,-23.95574951171875
288.764068603,131.8008575439453,-23.702634811401367
288.963287353,131.8006134033203,-23.442644119262695
289.162506103,131.8004608154297,-23.182653427124023
289.311920166,131.80035400390625,-23.00613021850586
289.511138916,131.80020141601562,-22.75297737121582
289.710357666,131.800048828125,-22.49298667907715
289.926177978,131.7998809814453,-22.212467193603516
290.075592041,131.79977416992188,-22.034576416015625
290.274810791,131.79962158203125,-21.774585723876953
290.474029541,131.79946899414062,-21.515962600708008
290.623443603,131.79934692382812,-21.314807891845703
290.822662353,131.7991943359375,-21.061655044555664
291.021881103,131.79904174804688,-20.801664352416992
291.171295166,131.79893493652344,-20.619670867919922
291.370513916,131.7987823486328,-20.366518020629883
291.536529541,131.7986602783203,-20.166730880737305
291.735748291,131.7985076904297,-19.906740188598633
291.885162353,131.7983856201172,-19.70148277282715
292.084381103,131.79823303222656,-19.44832992553711
292.233795166,131.79812622070312,-19.27043914794922
292.433013916,131.7979736328125,-19.010448455810547
292.632232666,131.79782104492188,-18.7518253326416
292.831451416,131.79766845703125,-18.501407623291016
292.980865478,131.79754638671875,-18.297517776489258
293.180084228,131.79739379882812,-18.037527084350586
293.395904541,131.7972412109375,-17.77890396118164
293.545318603,131.797119140625,-17.575014114379883
293.744537353,131.79696655273438,-17.31502342224121
293.943756103,131.79681396484375,-17.064605712890625
294.142974853,131.79666137695312,-16.81829071044922
294.292388916,131.7965545654297,-16.6390323638916
294.491607666,131.79640197753906,-16.381776809692383
294.690826416,131.79624938964844,-16.12178611755371
294.890045166,131.79617309570312,-16.022262573242188
295.056060791,131.79617309570312,-16.022262573242188
295.255279541,131.79617309570312,-16.022262573242188
295.454498291,131.79617309570312,-16.022262573242188
295.653717041,131.79617309570312,-16.022262573242188
295.852935791,131.79617309570312,-16.022262573242188
296.002349853,131.79617309570312,-16.022262573242188
296.201568603,131.79617309570312,-16.022262573242188
296.350982666,131.79617309570312,-16.022262573242188
296.500396728,131.78797912597656,-16.021730422973633
296.649810791,131.7547149658203,-16.028865814208984
296.815826416,131.6968231201172,-16.073802947998047
296.965240478,131.60044860839844,-16.25140953063965
297.114654541,131.58322143554688,-16.429100036621094
297.313873291,131.6292266845703,-16.684528350830078
297.463287353,131.6805877685547,-16.886079788208008
297.662506103,131.73379516601562,-17.134899139404297
297.811920166,131.7566375732422,-17.30852508544922
297.961334228,131.7686309814453,-17.507905960083008
298.160552978,131.762939453125,-17.760923385620117
298.309967041,131.74525451660156,-17.937902450561523
298.475982666,131.71339416503906,-18.14344024658203
298.625396728,131.6824493408203,-18.342195510864258
298.774810791,131.6592254638672,-18.51856803894043
298.924224853,131.63424682617188,-18.719554901123047
299.123443603,131.60418701171875,-18.977806091308594
299.272857666,131.58831787109375,-19.159101486206055
299.422271728,131.57725524902344,-19.36269187927246
299.571685791,131.56468200683594,-19.537397384643555
299.770904541,131.54620361328125,-19.78850555419922
299.920318603,131.5349884033203,-19.996196746826172
300.086334228,131.5280303955078,-20.204076766967773
300.235748291,131.51934814453125,-20.38038444519043
300.385162353,131.50453186035156,-20.58647918701172
300.534576416,131.4904327392578,-20.767925262451172
300.683990478,131.4772491455078,-20.975502014160156
300.883209228,131.46119689941406,-21.228137969970703
301.032623291,131.44529724121094,-21.406692504882812
301.182037353,131.4276123046875,-21.613935470581055
301.331451416,131.41636657714844,-21.795583724975586
301.530670166,131.4042510986328,-22.047075271606445
301.680084228,131.39231872558594,-22.24650764465332
301.846099853,131.3780975341797,-22.44578742980957
301.995513916,131.36534118652344,-22.625967025756836
302.144927978,131.3541259765625,-22.83365821838379
302.344146728,131.34120178222656,-23.086475372314453
302.493560791,131.32777404785156,-23.26248550415039
302.642974853,131.3111572265625,-23.468442916870117
302.842193603,131.294677734375,-23.727909088134766
302.991607666,131.28564453125,-23.908309936523438
303.141021728,131.2709197998047,-24.110294342041016
303.340240478,131.24972534179688,-24.365314483642578
303.489654541,131.23789978027344,-24.546926498413086
303.655670166,131.22935485839844,-24.753376007080078
303.805084228,131.2228546142578,-24.953054428100586
304.004302978,131.2089080810547,-25.212675094604492
304.153717041,131.19606018066406,-25.39422035217285
304.303131103,131.1822509765625,-25.599016189575195
304.452545166,131.174072265625,-25.776718139648438
304.601959228,131.16754150390625,-25.979137420654297
304.801177978,131.15426635742188,-26.238792419433594
304.950592041,131.1424102783203,-26.420412063598633
305.100006103,131.12913513183594,-26.62388038635254
305.266021728,131.11660766601562,-26.823278427124023
305.465240478,131.10086059570312,-27.0814208984375
305.614654541,131.08511352539062,-27.26273536682129
305.764068603,131.0669403076172,-27.461698532104492
305.963287353,131.05003356933594,-27.71565055847168
306.112701416,131.04298400878906,-27.893400192260742
306.262115478,131.03619384765625,-28.10128402709961
306.411529541,131.02618408203125,-28.283002853393555
306.610748291,131.0106201171875,-28.534303665161133
306.760162353,130.99826049804688,-28.737817764282227
306.926177978,130.9896697998047,-28.945634841918945
307.125396728,130.98069763183594,-29.19862174987793
307.274810791,130.97007751464844,-29.373456954956055
307.424224853,130.95584106445312,-29.574108123779297
307.623443603,130.94027709960938,-29.83363151550293
307.772857666,130.93418884277344,-30.015525817871094
307.922271728,130.9275360107422,-30.22067642211914
308.121490478,130.91403198242188,-30.472095489501953
308.221099853,130.9047393798828,-30.59764289855957
308.420318603,130.8850860595703,-30.856891632080078
308.586334228,130.87387084960938,-31.06458282470703
308.735748291,130.86532592773438,-31.238155364990234
308.885162353,130.8505859375,-31.440139770507812
309.084381103,130.828857421875,-31.69923973083496
309.233795166,130.81646728515625,-31.880813598632812
309.433013916,130.8060302734375,-32.13237380981445
309.582427978,130.80099487304688,-32.3348388671875
309.731842041,130.7941131591797,-32.516700744628906
309.881256103,130.78231811523438,-32.72435760498047
310.080474853,130.7657470703125,-32.97833251953125
310.229888916,130.75587463378906,-33.15594482421875
310.395904541,130.74801635742188,-33.35420608520508
310.545318603,130.73548889160156,-33.56181716918945
310.644927978,130.72637939453125,-33.686012268066406
310.844146728,130.70980834960938,-33.93998718261719
310.993560791,130.6986541748047,-34.114784240722656
311.142974853,130.68971252441406,-34.31573486328125
311.342193603,130.67962646484375,-34.57552719116211
311.491607666,130.6678009033203,-34.757137298583984
311.641021728,130.6525115966797,-34.96183395385742
311.840240478,130.63665771484375,-35.213111877441406
312.006256103,130.62948608398438,-35.41824722290039
312.155670166,130.62496948242188,-35.600189208984375
312.305084228,130.6151885986328,-35.805206298828125
312.504302978,130.5972137451172,-36.05635452270508
312.653717041,130.5839080810547,-36.23786926269531
312.803131103,130.57269287109375,-36.445556640625
312.952545166,130.56861877441406,-36.58998489379883
313.151763916,130.58926391601562,-36.84341049194336
313.301177978,130.6347198486328,-37.044864654541016
313.500396728,130.7092742919922,-37.29108810424805
313.649810791,130.7620849609375,-37.46525573730469
313.865631103,130.8418731689453,-37.73699951171875
314.015045166,130.87469482421875,-37.913143157958984
314.214263916,130.8960723876953,-38.172218322753906
314.363677978,130.9080810546875,-38.37849426269531
314.562896728,130.9277801513672,-38.63082504272461
314.712310791,130.95558166503906,-38.807865142822266
314.861724853,131.013916015625,-39.00729751586914
315.060943603,131.1229705810547,-39.23554611206055
315.260162353,131.25550842285156,-39.443077087402344
315.426177978,131.3787841796875,-39.61060333251953
315.625396728,131.52622985839844,-39.8129768371582
315.774810791,131.5989990234375,-39.96261978149414
315.924224853,131.61216735839844,-40.16167068481445
316.123443603,131.5333251953125,-40.40571975708008
316.272857666,131.46102905273438,-40.57273864746094
316.422271728,131.38987731933594,-40.76803970336914
316.571685791,131.366943359375,-40.93819046020508
316.770904541,131.45425415039062,-41.17071533203125
316.970123291,131.6469268798828,-41.34257125854492
317.136138916,131.83935546875,-41.42024230957031
317.285552978,132.03713989257812,-41.47997283935547
317.484771728,132.2545623779297,-41.608524322509766
317.683990478,132.39199829101562,-41.81610870361328
317.833404541,132.45326232910156,-41.98447036743164
318.032623291,132.53564453125,-42.22518539428711
318.182037353,132.61788940429688,-42.41023254394531
318.381256103,132.69796752929688,-42.63796615600586
318.530670166,132.6925048828125,-42.807743072509766
318.729888916,132.5634765625,-43.028236389160156
318.829498291,132.4613494873047,-43.10820007324219
318.995513916,132.2711639404297,-43.187583923339844
319.194732666,132.02713012695312,-43.268184661865234
319.344146728,131.86453247070312,-43.386348724365234
319.493560791,131.77296447753906,-43.54093933105469
319.642974853,131.72325134277344,-43.73274612426758
319.842193603,131.6781463623047,-43.97899627685547
319.991607666,131.61605834960938,-44.14533996582031
320.141021728,131.5089874267578,-44.31853485107422
320.290435791,131.4017791748047,-44.44822692871094
320.456451416,131.26516723632812,-44.597774505615234
320.605865478,131.13121032714844,-44.747833251953125
320.755279541,131.03187561035156,-44.89482116699219
320.954498291,130.98849487304688,-45.14762496948242
321.103912353,131.05014038085938,-45.34519958496094
321.303131103,131.18873596191406,-45.564876556396484
321.452545166,131.28634643554688,-45.71025848388672
321.651763916,131.370361328125,-45.94534683227539
321.801177978,131.3399200439453,-46.1450080871582
321.950592041,131.24073791503906,-46.29143524169922
322.149810791,131.03060913085938,-46.442481994628906
322.266021728,130.89073181152344,-46.5050163269043
322.465240478,130.6698455810547,-46.61865997314453
322.614654541,130.55210876464844,-46.74510192871094
322.764068603,130.47438049316406,-46.93695068359375
322.963287353,130.4426727294922,-47.194725036621094
323.112701416,130.42601013183594,-47.37457275390625
323.262115478,130.3861083984375,-47.575714111328125
323.411529541,130.3287811279297,-47.74258041381836
323.610748291,130.218017578125,-47.974639892578125
323.760162353,130.1199493408203,-48.158077239990234
323.926177978,130.02398681640625,-48.333290100097656
324.075592041,129.91758728027344,-48.47178649902344
324.225006103,129.74366760253906,-48.571842193603516
324.374420166,129.56350708007812,-48.58769989013672
324.573638916,129.37432861328125,-48.53462600708008
324.723052978,129.36465454101562,-48.52949142456055
324.872467041,129.3415985107422,-48.52100372314453
325.071685791,129.1586151123047,-48.5449104309082
325.221099853,129.00367736816406,-48.65205001831055
325.370513916,128.919921875,-48.79977798461914
325.569732666,128.89500427246094,-49.052982330322266
325.735748291,128.91683959960938,-49.259735107421875
325.934967041,128.96665954589844,-49.514869689941406
326.084381103,129.0093231201172,-49.71843338012695
326.283599853,129.03158569335938,-49.9757080078125
326.433013916,129.01458740234375,-50.15398406982422
326.632232666,128.94012451171875,-50.4011116027832
326.781646728,128.85740661621094,-50.58592987060547
326.931060791,128.77716064453125,-50.74623489379883
327.080474853,128.74072265625,-50.81856918334961
327.296295166,128.74072265625,-50.81856918334961
327.445709228,128.74072265625,-50.81856918334961
327.595123291,128.74072265625,-50.81856918334961
327.744537353,128.74072265625,-50.81856918334961
327.943756103,128.67152404785156,-50.75718688964844
328.093170166,128.59576416015625,-50.60821533203125
328.292388916,128.5784149169922,-50.35576629638672
328.491607666,128.6238250732422,-50.120948791503906
328.641021728,128.67845153808594,-49.925933837890625
328.790435791,128.71986389160156,-49.752960205078125
328.956451416,128.75387573242188,-49.54780960083008
329.105865478,128.77227783203125,-49.340675354003906
329.305084228,128.7732391357422,-49.0889778137207
329.454498291,128.76307678222656,-48.910003662109375
329.653717041,128.74945068359375,-48.650367736816406
329.803131103,128.74154663085938,-48.44253158569336
330.002349853,128.7170867919922,-48.19058609008789
330.201568603,128.69252014160156,-47.94001007080078
330.350982666,128.67959594726562,-47.75847244262695
330.550201416,128.67214965820312,-47.6131706237793
330.716217041,128.6650390625,-47.51866912841797
330.915435791,128.590576171875,-47.28307342529297
331.064849853,128.44789123535156,-47.14398193359375
331.264068603,128.20433044433594,-47.066097259521484
331.413482666,128.0231170654297,-47.05070114135742
331.562896728,127.81795501708984,-47.04495620727539
331.762115478,127.56133270263672,-47.01444625854492
331.911529541,127.38948059082031,-46.96904754638672
332.060943603,127.20638275146484,-46.89640426635742
332.260162353,126.97874450683594,-46.779727935791016
332.426177978,126.80003356933594,-46.6733283996582
332.625396728,126.57941436767578,-46.53578186035156
332.774810791,126.42610168457031,-46.44028091430664
332.974029541,126.21133422851562,-46.314205169677734
333.123443603,126.02850341796875,-46.21509552001953
333.272857666,125.85962677001953,-46.14765930175781
333.472076416,125.60498809814453,-46.097694396972656
333.621490478,125.39994049072266,-46.089900970458984
333.770904541,125.21793365478516,-46.089473724365234
333.920318603,125.1494369506836,-46.08930969238281
334.086334228,125.02259063720703,-46.09431457519531
334.235748291,124.86012268066406,-46.135162353515625
334.385162353,124.70162200927734,-46.26032638549805
334.534576416,124.61870574951172,-46.421363830566406
334.733795166,124.57477569580078,-46.67686462402344
334.883209228,124.57430267333984,-46.884796142578125
335.032623291,124.57777404785156,-47.06675338745117
335.231842041,124.55855560302734,-47.32305145263672
335.381256103,124.5118408203125,-47.524169921875
335.530670166,124.44735717773438,-47.691280364990234
335.729888916,124.33206939697266,-47.91195297241211
335.846099853,124.25614166259766,-48.04192352294922
335.995513916,124.16316223144531,-48.196781158447266
336.194732666,124.02735900878906,-48.41204071044922
336.344146728,123.91831970214844,-48.58269500732422
336.493560791,123.82283020019531,-48.73440170288086
336.692779541,123.69123077392578,-48.955448150634766
336.842193603,123.58822631835938,-49.13614273071289
336.991607666,123.50018310546875,-49.28914260864258
337.190826416,123.3753662109375,-49.514102935791016
337.340240478,123.27989196777344,-49.694271087646484
337.489654541,123.19529724121094,-49.85542297363281
337.655670166,123.09815979003906,-50.03936767578125
337.805084228,123.0016098022461,-50.22361373901367
337.954498291,122.91787719726562,-50.385215759277344
338.103912353,122.8224105834961,-50.56227493286133
338.253326416,122.73593139648438,-50.71772766113281
338.452545166,122.61459350585938,-50.935218811035156
338.601959228,122.51272583007812,-51.116554260253906
338.751373291,122.42488861083984,-51.27594757080078
338.950592041,122.299072265625,-51.50346374511719
339.100006103,122.19588470458984,-51.68090057373047
339.266021728,122.09431457519531,-51.85612106323242
339.415435791,122.00484466552734,-52.01304244995117
339.564849853,121.90247344970703,-52.1941032409668
339.764068603,121.781494140625,-52.419593811035156
339.913482666,121.69940185546875,-52.578948974609375
340.062896728,121.60539245605469,-52.75989532470703
340.212310791,121.52503204345703,-52.91707229614258
340.411529541,121.4430160522461,-53.07143020629883
340.560943603,121.37906646728516,-53.17995071411133
340.710357666,121.26508331298828,-53.3215446472168
340.876373291,121.11119842529297,-53.4570198059082
341.075592041,120.89730072021484,-53.6022834777832
341.225006103,120.72654724121094,-53.7086296081543
341.374420166,120.57484436035156,-53.80412292480469
341.523834228,120.40428924560547,-53.923118591308594
341.673248291,120.26924896240234,-54.030303955078125
341.872467041,120.07305908203125,-54.20088577270508
341.972076416,119.97644805908203,-54.28787612915039
342.171295166,119.79227447509766,-54.45143508911133
342.320709228,119.63585662841797,-54.58852005004883
342.470123291,119.50713348388672,-54.701175689697266
342.636138916,119.35346221923828,-54.839271545410156
342.785552978,119.30916595458984,-54.8812370300293
342.984771728,119.30916595458984,-54.8812370300293
343.134185791,119.30916595458984,-54.8812370300293
343.283599853,119.30916595458984,-54.8812370300293
343.482818603,119.30916595458984,-54.8812370300293
343.682037353,119.4673843383789,-55.00901412963867
343.881256103,119.71527099609375,-55.05131149291992
344.030670166,119.88922882080078,-55.00974655151367
344.229888916,120.12164306640625,-54.90020751953125
344.445709228,120.36581420898438,-54.756629943847656
344.644927978,120.59601593017578,-54.6422233581543
344.794342041,120.7630844116211,-54.581321716308594
344.993560791,120.99988555908203,-54.51361083984375
345.192779541,121.0707778930664,-54.494163513183594
345.391998291,121.0707778930664,-54.494163513183594
345.591217041,121.0707778930664,-54.494163513183594
345.790435791,121.0707778930664,-54.494163513183594
345.956451416,121.0707778930664,-54.494163513183594
346.155670166,121.09326171875,-54.51230239868164
346.354888916,121.20172119140625,-54.70530319213867
346.504302978,121.20225524902344,-54.90639877319336
346.703521728,121.12662506103516,-55.14166259765625
346.852935791,121.04903411865234,-55.3001823425293
347.002349853,120.9536361694336,-55.485015869140625
347.201568603,120.8494644165039,-55.721641540527344
347.350982666,120.7915267944336,-55.88835906982422
347.550201416,120.72371673583984,-56.13786315917969
347.699615478,120.68285369873047,-56.31099319458008
347.865631103,120.63670349121094,-56.536163330078125
348.064849853,120.59037780761719,-56.7919921875
348.214263916,120.55393981933594,-56.97030258178711
348.413482666,120.49942016601562,-57.214717864990234
348.562896728,120.45115661621094,-57.41280746459961
348.662506103,120.41802215576172,-57.53851318359375
348.811920166,120.36969757080078,-57.712554931640625
348.961334228,120.31299591064453,-57.911251068115234
349.160552978,120.24689483642578,-58.16270446777344
349.309967041,120.20429992675781,-58.33823013305664
349.475982666,120.1813735961914,-58.43994140625
349.675201416,120.1813735961914,-58.43994140625
349.824615478,120.1813735961914,-58.43994140625
350.023834228,120.1813735961914,-58.43994140625
350.173248291,120.1813735961914,-58.43994140625
350.322662353,120.1813735961914,-58.43994140625
350.521881103,120.27651977539062,-58.5069465637207
350.721099853,120.51212310791016,-58.5451774597168
350.920318603,120.74561309814453,-58.438602447509766
351.086334228,120.88626098632812,-58.29331970214844
351.285552978,121.04656982421875,-58.09565353393555
351.484771728,121.22080993652344,-57.914100646972656
351.634185791,121.36275482177734,-57.80035400390625
351.833404541,121.58546447753906,-57.66669464111328
352.032623291,121.69524383544922,-57.6170768737793
352.231842041,121.69524383544922,-57.6170768737793
352.431060791,121.69524383544922,-57.6170768737793
352.630279541,121.69524383544922,-57.6170768737793
352.796295166,121.70801544189453,-57.6121711730957
352.995513916,121.75811004638672,-57.608455657958984
353.194732666,121.9070053100586,-57.681983947753906
353.393951416,122.04320526123047,-57.89586639404297
353.543365478,122.0550765991211,-58.102027893066406
353.742584228,121.99030303955078,-58.346378326416016
353.941802978,121.91779327392578,-58.5959587097168
354.091217041,121.88209533691406,-58.770206451416016
354.290435791,121.85106658935547,-59.022743225097656
354.456451416,121.84354400634766,-59.22918701171875
354.655670166,121.86402130126953,-59.48542022705078
354.805084228,121.90081024169922,-59.69009017944336
355.004302978,121.96443176269531,-59.9421501159668
355.153717041,122.01793670654297,-60.1161003112793
355.352935791,122.10234069824219,-60.35909652709961
355.502349853,122.17478942871094,-60.5482177734375
355.701568603,122.26879119873047,-60.786216735839844
355.900787353,122.3658218383789,-61.021514892578125
356.050201416,122.43252563476562,-61.17734909057617
356.216217041,122.44407653808594,-61.20394515991211
356.415435791,122.49199676513672,-61.30447769165039
356.614654541,122.63680267333984,-61.51648712158203
356.813873291,122.82099914550781,-61.69366455078125
356.963287353,122.98243713378906,-61.82481384277344
357.162506103,123.18197631835938,-61.98501968383789
357.361724853,123.37799835205078,-62.15568161010742
357.511138916,123.50969696044922,-62.28130340576172
357.710357666,123.60840606689453,-62.377262115478516
357.876373291,123.60840606689453,-62.377262115478516
358.075592041,123.60840606689453,-62.377262115478516
358.274810791,123.60840606689453,-62.377262115478516
358.424224853,123.60840606689453,-62.377262115478516
358.623443603,123.60840606689453,-62.377262115478516
358.822662353,123.60840606689453,-62.377262115478516
359.021881103,123.60840606689453,-62.377262115478516
359.171295166,123.68305206298828,-62.445255279541016
359.370513916,123.8926010131836,-62.586463928222656
359.536529541,124.07386779785156,-62.67018127441406
359.735748291,124.26708221435547,-62.73713684082031
359.934967041,124.26898956298828,-62.73773193359375
360.084381103,124.26898956298828,-62.73773193359375
360.283599853,124.26898956298828,-62.73773193359375
360.482818603,124.26898956298828,-62.73773193359375
360.682037353,124.26898956298828,-62.73773193359375
360.881256103,124.26898956298828,-62.73773193359375
361.030670166,124.26898956298828,-62.73773193359375
361.229888916,124.26898956298828,-62.73773193359375
361.445709228,124.26898956298828,-62.73773193359375
361.644927978,124.26898956298828,-62.73773193359375
361.794342041,124.26898956298828,-62.73773193359375
361.993560791,124.3658447265625,-62.7642707824707
362.192779541,124.61128234863281,-62.7680549621582
362.391998291,124.82093048095703,-62.64047622680664
362.541412353,124.91802215576172,-62.463218688964844
362.740631103,124.93685150146484,-62.205108642578125
362.956451416,124.90605926513672,-61.94704055786133
363.105865478,124.8773422241211,-61.74518585205078
363.305084228,124.87118530273438,-61.676963806152344
363.504302978,124.87118530273438,-61.676963806152344
363.703521728,124.87118530273438,-61.676963806152344
363.852935791,124.87118530273438,-61.676963806152344
364.052154541,124.87118530273438,-61.676963806152344
364.251373291,124.87118530273438,-61.676963806152344
364.400787353,124.87118530273438,-61.676963806152344
364.600006103,124.87118530273438,-61.676963806152344
364.766021728,124.87118530273438,-61.676963806152344
364.965240478,124.87118530273438,-61.676963806152344
365.164459228,124.87118530273438,-61.676963806152344
365.363677978,124.86927795410156,-61.515708923339844
365.513092041,124.90459442138672,-61.33771896362305
365.712310791,125.0217056274414,-61.10626983642578
365.911529541,125.17436981201172,-60.897647857666016
366.110748291,125.33375549316406,-60.699222564697266
366.309967041,125.48753356933594,-60.49639892578125
366.475982666,125.59443664550781,-60.337791442871094
366.675201416,125.60845184326172,-60.31240463256836
366.874420166,125.60845184326172,-60.31240463256836
367.073638916,125.60845184326172,-60.31240463256836
367.272857666,125.60845184326172,-60.31240463256836
367.422271728,125.60845184326172,-60.31240463256836
367.621490478,125.66088104248047,-60.22061538696289
367.820709228,125.82524871826172,-60.05550003051758
368.019927978,126.04150390625,-60.000511169433594
368.185943603,126.26193237304688,-60.06267547607422
368.385162353,126.46424102783203,-60.21603012084961
368.534576416,126.59318542480469,-60.33045959472656
368.634185791,126.69404602050781,-60.405696868896484
368.833404541,126.92460632324219,-60.52471923828125
369.032623291,127.16165161132812,-60.59566879272461
369.182037353,127.35907745361328,-60.62558364868164
369.381256103,127.61273193359375,-60.646514892578125
369.580474853,127.8681640625,-60.661895751953125
369.729888916,128.04922485351562,-60.67998504638672
369.945709228,128.32676696777344,-60.72880935668945
370.144927978,128.56396484375,-60.79484176635742
370.294342041,128.73597717285156,-60.85433578491211
370.493560791,128.9750518798828,-60.93756866455078
370.692779541,129.2217254638672,-61.00543212890625
370.891998291,129.26943969726562,-61.01614761352539
371.041412353,129.26943969726562,-61.01614761352539
371.240631103,129.39212036132812,-61.03956985473633
371.390045166,129.5684356689453,-61.062896728515625
371.605865478,129.8498992919922,-61.07577133178711
371.805084228,130.1099090576172,-61.07212448120117
372.004302978,130.36305236816406,-61.06777572631836
372.203521728,130.61756896972656,-61.06405258178711
372.402740478,130.7676544189453,-61.068748474121094
372.601959228,130.7676544189453,-61.068748474121094
372.801177978,130.7676544189453,-61.068748474121094
372.950592041,130.7676544189453,-61.068748474121094
373.149810791,130.77581787109375,-61.06943893432617
373.365631103,130.78977966308594,-61.07459259033203
373.515045166,130.84690856933594,-61.15166091918945
373.714263916,130.9064483642578,-61.39939880371094
373.913482666,130.88319396972656,-61.64286422729492
374.062896728,130.84303283691406,-61.825950622558594
374.262115478,130.78659057617188,-62.07548904418945
374.461334228,130.75277709960938,-62.32352066040039
374.610748291,130.74307250976562,-62.5011100769043
374.809967041,130.74501037597656,-62.75835418701172
374.975982666,130.74879455566406,-62.966331481933594
375.175201416,130.7533416748047,-63.21808624267578
375.374420166,130.75804138183594,-63.476688385009766
375.523834228,130.75949096679688,-63.6846809387207
375.723052978,130.75765991210938,-63.940582275390625
375.922271728,130.75582885742188,-64.1923599243164
376.071685791,130.75454711914062,-64.36750030517578
376.270904541,130.75271606445312,-64.62751007080078
376.470123291,130.75088500976562,-64.88202667236328
376.636138916,130.74942016601562,-65.08316802978516
376.835357666,130.74758911132812,-65.34317779541016
376.984771728,130.74612426757812,-65.55118560791016
377.183990478,130.74429321289062,-65.80570220947266
377.333404541,130.74301147460938,-65.98358917236328
377.532623291,130.7428741455078,-66.2394790649414
377.731842041,130.7459259033203,-66.4994888305664
377.881256103,130.748291015625,-66.70063018798828
378.080474853,130.75123596191406,-66.9510269165039
378.229888916,130.75296020507812,-67.09842681884766
378.395904541,130.75296020507812,-67.09842681884766
378.595123291,130.75096130371094,-67.22439575195312
378.744537353,130.7399139404297,-67.42113494873047
378.943756103,130.72274780273438,-67.59504699707031
379.093170166,130.72274780273438,-67.59504699707031
379.292388916,130.72274780273438,-67.59504699707031
379.491607666,130.72274780273438,-67.59504699707031
379.690826416,130.72274780273438,-67.59504699707031
379.840240478,130.72274780273438,-67.59504699707031
380.056060791,130.72274780273438,-67.59504699707031
380.255279541,130.72274780273438,-67.59504699707031
380.404693603,130.72274780273438,-67.59504699707031
380.603912353,130.72274780273438,-67.59504699707031
380.803131103,130.72274780273438,-67.59504699707031
381.002349853,130.72274780273438,-67.59504699707031
381.151763916,130.72274780273438,-67.59504699707031
381.350982666,130.72274780273438,-67.59504699707031
381.550201416,130.72274780273438,-67.59504699707031
381.716217041,130.72274780273438,-67.59504699707031
381.915435791,130.72274780273438,-67.59504699707031
382.064849853,130.72274780273438,-67.59504699707031
382.264068603,130.7057647705078,-67.71878051757812
382.413482666,130.6804962158203,-67.89212036132812
382.612701416,130.6367645263672,-68.14556884765625
382.811920166,130.57257080078125,-68.39464569091797
382.961334228,130.5102081298828,-68.59307098388672
383.160552978,130.42808532714844,-68.83108520507812
383.309967041,130.36878967285156,-68.99443817138672
383.525787353,130.27236938476562,-69.25352478027344
383.675201416,130.20826721191406,-69.42239379882812
383.874420166,130.11788940429688,-69.66324615478516
384.023834228,130.10226440429688,-69.7016830444336
384.223052978,130.10226440429688,-69.7016830444336
384.372467041,130.10226440429688,-69.7016830444336
384.571685791,130.10226440429688,-69.7016830444336
384.770904541,130.10226440429688,-69.7016830444336
384.920318603,130.06649780273438,-69.7961196899414
385.086334228,130.0238800048828,-69.99649810791016
385.285552978,130.0218963623047,-70.24791717529297
385.484771728,130.05101013183594,-70.4952163696289
385.683990478,130.08706665039062,-70.7527084350586
385.833404541,130.10765075683594,-70.93354034423828
386.032623291,130.1275177001953,-71.187255859375
386.182037353,130.134033203125,-71.38556671142578
386.381256103,130.13514709472656,-71.63733673095703
386.580474853,130.12811279296875,-71.89722442626953
386.729888916,130.1189727783203,-72.0776138305664
386.895904541,130.100830078125,-72.27381134033203
387.095123291,130.0727996826172,-72.5240478515625
387.244537353,130.05047607421875,-72.72671508789062
387.393951416,130.0343780517578,-72.90800476074219
387.593170166,130.02391052246094,-73.16087341308594
387.792388916,130.0220489501953,-73.24185180664062
387.941802978,130.0220489501953,-73.24185180664062
388.141021728,130.0220489501953,-73.24185180664062
388.340240478,130.0220489501953,-73.24185180664062
388.456451416,130.02040100097656,-73.29183197021484
388.605865478,130.01040649414062,-73.49346923828125
388.805084228,129.9906463623047,-73.74583435058594
388.954498291,129.97027587890625,-73.92391204833984
389.153717041,129.91360473632812,-74.17739868164062
389.352935791,129.8285369873047,-74.4157485961914
389.502349853,129.7444305419922,-74.60597229003906
389.651763916,129.66864013671875,-74.76996612548828
389.850982666,129.56301879882812,-74.9985580444336
390.000396728,129.5399627685547,-75.0484848022461
390.216217041,129.49168395996094,-75.16482543945312
390.365631103,129.4585418701172,-75.35379791259766
390.564849853,129.52976989746094,-75.5998764038086
390.764068603,129.68603515625,-75.8067398071289
390.963287353,129.86074829101562,-75.98993682861328
391.162506103,130.02334594726562,-76.18917846679688
391.361724853,130.1628875732422,-76.4002456665039
391.560943603,130.2805633544922,-76.62738037109375
391.710357666,130.35430908203125,-76.790771484375
391.926177978,130.4125518798828,-76.9251937866211
392.125396728,130.4125518798828,-76.9251937866211
392.324615478,130.4125518798828,-76.9251937866211
392.474029541,130.4125518798828,-76.9251937866211
392.673248291,130.4125518798828,-76.9251937866211
392.872467041,130.4125518798828,-76.9251937866211
393.071685791,130.46148681640625,-77.0557632446289
393.270904541,130.48355102539062,-77.30149841308594
393.420318603,130.4022674560547,-77.48784637451172
393.636138916,130.2079315185547,-77.65216064453125
393.785552978,130.02801513671875,-77.75373840332031
393.984771728,129.8158721923828,-77.8938980102539
394.134185791,129.6798858642578,-78.01268768310547
394.333404541,129.51231384277344,-78.20393371582031
394.482818603,129.3997802734375,-78.37385559082031
394.682037353,129.27450561523438,-78.59542083740234
394.881256103,129.1461944580078,-78.81682586669922
395.030670166,129.05287170410156,-78.97308349609375
395.229888916,128.9155731201172,-79.1938705444336
395.395904541,128.8708953857422,-79.26142120361328
395.545318603,128.8708953857422,-79.26142120361328
395.744537353,128.8708953857422,-79.26142120361328
395.893951416,128.8708953857422,-79.26142120361328
396.043365478,128.86709594726562,-79.26297760009766
396.192779541,128.8550567626953,-79.2607650756836
396.342193603,128.8048553466797,-79.21907043457031
396.491607666,128.72052001953125,-79.07142639160156
396.690826416,128.7032928466797,-78.82264709472656
396.890045166,128.76824951171875,-78.5740737915039
397.056060791,128.82737731933594,-78.37754821777344
397.205474853,128.87509155273438,-78.18355560302734
397.404693603,128.9227752685547,-77.92805480957031
397.554107666,128.94168090820312,-77.7470703125
397.753326416,128.95181274414062,-77.49276733398438
397.952545166,128.9642791748047,-77.2440414428711
398.101959228,128.9761962890625,-77.04595947265625
398.251373291,128.98536682128906,-76.86418914794922
398.400787353,128.99337768554688,-76.6563491821289
398.600006103,129.0090789794922,-76.40231323242188
398.749420166,129.02294921875,-76.23043823242188
398.915435791,129.0381317138672,-76.03123474121094
399.114654541,129.05377197265625,-75.77171325683594
399.264068603,129.07110595703125,-75.56443786621094
399.463287353,129.08399963378906,-75.43244171142578
399.662506103,129.08399963378906,-75.43244171142578
399.811920166,129.08399963378906,-75.43244171142578
400.011138916,129.09100341796875,-75.3199234008789
400.160552978,129.06326293945312,-75.11903381347656
400.309967041,128.97280883789062,-74.96714782714844
400.525787353,128.72982788085938,-74.82356262207031
400.675201416,128.5497283935547,-74.80023956298828
400.824615478,128.3458709716797,-74.80072021484375
400.974029541,128.16392517089844,-74.80496978759766
401.123443603,127.95624542236328,-74.79551696777344
401.322662353,127.70724487304688,-74.74459838867188
401.472076416,127.54396057128906,-74.68152618408203
401.621490478,127.36774444580078,-74.58758544921875
401.770904541,127.21552276611328,-74.49041748046875
401.920318603,127.04912567138672,-74.37494659423828
402.086334228,126.87757110595703,-74.25730895996094
402.285552978,126.68280792236328,-74.12582397460938
402.434967041,126.62767028808594,-74.09272766113281
402.584381103,126.4747543334961,-74.03948211669922
402.733795166,126.3094711303711,-74.05180358886719
402.933013916,126.0995864868164,-74.18900299072266
403.082427978,125.99786376953125,-74.36923217773438
403.281646728,125.9464340209961,-74.62212371826172
403.480865478,125.91227722167969,-74.8742904663086
403.630279541,125.87232208251953,-75.04473114013672
403.796295166,125.79988098144531,-75.22771453857422
403.995513916,125.6608657836914,-75.44193267822266
404.144927978,125.52262878417969,-75.59162902832031
404.294342041,125.38723754882812,-75.71320343017578
404.443756103,125.22748565673828,-75.84638977050781
404.642974853,125.02642822265625,-76.0112533569336
404.792388916,124.89077758789062,-76.12838745117188
404.941802978,124.74430847167969,-76.27217102050781
405.141021728,124.57247924804688,-76.45800018310547
405.290435791,124.4546127319336,-76.59121704101562
405.489654541,124.28392791748047,-76.78553009033203
405.655670166,124.14768981933594,-76.93721008300781
405.805084228,124.01614379882812,-77.08390808105469
405.954498291,123.89497375488281,-77.21599578857422
406.153717041,123.71846771240234,-77.40501403808594
406.303131103,123.57889556884766,-77.55363464355469
406.502349853,123.40203094482422,-77.74044036865234
406.651763916,123.28141784667969,-77.86555480957031
406.801177978,123.14736938476562,-78.00996398925781
407.000396728,122.97218322753906,-78.2020492553711
407.149810791,122.84838104248047,-78.33544921875
407.315826416,122.70610809326172,-78.48719024658203
407.515045166,122.53944396972656,-78.66854095458984
407.664459228,122.40113830566406,-78.82386016845703
407.863677978,122.22894287109375,-79.01863861083984
408.013092041,122.1091079711914,-79.1556167602539
408.212310791,122.02010345458984,-79.25444030761719
408.361724853,121.95600891113281,-79.32972717285156
408.461334228,121.88115692138672,-79.43429565429688
408.660552978,121.7539291381836,-79.66085052490234
408.809967041,121.68074798583984,-79.82147216796875
408.975982666,121.5971908569336,-80.01194763183594
409.125396728,121.50892639160156,-80.20027160644531
409.324615478,121.39396667480469,-80.4273681640625
409.474029541,121.30941009521484,-80.5854263305664
409.673248291,121.17657470703125,-80.80892181396484
409.822662353,121.06446838378906,-80.98411560058594
410.021881103,120.92182922363281,-81.2015151977539
410.171295166,120.8211441040039,-81.35314178466797
410.370513916,120.7508316040039,-81.45712280273438
410.536529541,120.7508316040039,-81.45712280273438
410.735748291,120.7508316040039,-81.45712280273438
410.885162353,120.7508316040039,-81.45712280273438
411.084381103,120.7508316040039,-81.45712280273438
411.283599853,120.7508316040039,-81.45712280273438
411.433013916,120.7508316040039,-81.45712280273438
411.632232666,120.7508316040039,-81.45712280273438
411.781646728,120.7508316040039,-81.45712280273438
411.980865478,120.7508316040039,-81.45712280273438
412.180084228,120.7508316040039,-81.45712280273438
412.346099853,120.7508316040039,-81.45712280273438
412.495513916,120.7508316040039,-81.45712280273438
412.694732666,120.69088745117188,-81.55347442626953
412.844146728,120.6180648803711,-81.7471923828125
413.043365478,120.65045928955078,-82.00040435791016
413.242584228,120.70658111572266,-82.10686492919922
413.441802978,120.70658111572266,-82.10686492919922
413.591217041,120.70658111572266,-82.10686492919922
413.790435791,120.70658111572266,-82.10686492919922
413.956451416,120.70658111572266,-82.10686492919922
414.155670166,120.70658111572266,-82.10686492919922
414.305084228,120.70658111572266,-82.10686492919922
414.504302978,120.70658111572266,-82.10686492919922
414.703521728,120.70658111572266,-82.10686492919922
414.902740478,120.70658111572266,-82.10686492919922
415.101959228,120.70658111572266,-82.10686492919922
415.301177978,120.70658111572266,-82.10686492919922
415.450592041,120.70658111572266,-82.10686492919922
415.649810791,120.70658111572266,-82.10686492919922
415.865631103,120.70658111572266,-82.10686492919922
416.015045166,120.70658111572266,-82.10686492919922
416.214263916,120.70658111572266,-82.10686492919922
416.413482666,120.70658111572266,-82.10686492919922
416.612701416,120.70658111572266,-82.10686492919922
416.762115478,120.7053451538086,-82.11077117919922
416.961334228,120.6878890991211,-82.12760162353516
417.110748291,120.56350708007812,-82.17510986328125
417.309967041,120.32064819335938,-82.13939666748047
417.426177978,120.19416809082031,-82.05367279052734
417.575592041,120.06625366210938,-81.92432403564453
417.774810791,119.90056610107422,-81.72933959960938
417.924224853,119.76504516601562,-81.57339477539062
418.073638916,119.63694763183594,-81.44808197021484
418.223052978,119.4729995727539,-81.32024383544922
418.422271728,119.25408172607422,-81.18016815185547
418.571685791,119.09477233886719,-81.09219360351562
418.721099853,118.91323852539062,-80.99066162109375
418.870513916,118.75457763671875,-80.90148162841797
419.036529541,118.57459259033203,-80.79723358154297
419.185943603,118.39991760253906,-80.69207000732422
419.385162353,118.18274688720703,-80.55931854248047
419.534576416,118.02758026123047,-80.46686553955078
419.683990478,117.84994506835938,-80.35865783691406
419.833404541,117.6961441040039,-80.26136779785156
420.032623291,117.4803466796875,-80.12640380859375
420.182037353,117.30538177490234,-80.0190658569336
420.331451416,117.15083312988281,-79.92294311523438
420.480865478,116.97750091552734,-79.81556701660156
420.680084228,116.75639343261719,-79.67875671386719
420.829498291,116.60298156738281,-79.58602905273438
420.995513916,116.43195343017578,-79.4827880859375
421.144927978,116.25675201416016,-79.37850189208984
421.294342041,116.0991439819336,-79.2874755859375
421.443756103,115.91922760009766,-79.18309783935547
421.593170166,115.76300811767578,-79.08971405029297
421.792388916,115.54279327392578,-78.95671844482422
421.941802978,115.36691284179688,-78.85356140136719
422.091217041,115.20912170410156,-78.76287078857422
422.240631103,115.03217315673828,-78.65885162353516
422.390045166,114.87687683105469,-78.5639419555664
422.556060791,114.7014389038086,-78.45477294921875
422.755279541,114.4822769165039,-78.32269287109375
422.904693603,114.3055191040039,-78.21835327148438
423.054107666,114.14759826660156,-78.12788391113281
423.203521728,113.97187805175781,-78.02720642089844
423.352935791,113.8155517578125,-77.93671417236328
423.552154541,113.59610748291016,-77.81328582763672
423.701568603,113.41155242919922,-77.71736907958984
423.850982666,113.24784851074219,-77.64105987548828
424.000396728,113.05668640136719,-77.56636810302734
424.149810791,112.88497161865234,-77.50605010986328
424.315826416,112.69306182861328,-77.44134521484375
424.515045166,112.45140075683594,-77.36592102050781
424.664459228,112.26129150390625,-77.30904388427734
424.813873291,112.0906753540039,-77.2586441040039
425.013092041,111.84139251708984,-77.19525909423828
425.162506103,111.63835906982422,-77.15006256103516
425.311920166,111.4612808227539,-77.10800170898438
425.461334228,111.26051330566406,-77.05912780761719
425.610748291,111.08919525146484,-77.02269744873047
425.760162353,110.8890151977539,-76.98397064208984
425.926177978,110.69466400146484,-76.94397735595703
426.075592041,110.52114868164062,-76.90475463867188
426.274810791,110.27189636230469,-76.84109497070312
426.424224853,110.06978607177734,-76.79191589355469
426.573638916,109.8926773071289,-76.74991607666016
426.723052978,109.69599914550781,-76.70772552490234
426.922271728,109.44889831542969,-76.65941619873047
427.071685791,109.27149200439453,-76.62548065185547
427.221099853,109.22360229492188,-76.61561584472656
427.370513916,109.22360229492188,-76.61561584472656
427.569732666,109.22360229492188,-76.61561584472656
427.735748291,109.11175537109375,-76.59648895263672
427.885162353,108.91053009033203,-76.60324096679688
428.034576416,108.74968719482422,-76.68258666992188
428.233795166,108.60003662109375,-76.89151763916016
428.333404541,108.56047821044922,-77.01095581054688
428.482818603,108.50700378417969,-77.20912170410156
428.682037353,108.42908477783203,-77.4455337524414
428.831451416,108.35588073730469,-77.60455322265625
429.030670166,108.21443176269531,-77.81903839111328
429.180084228,108.07562255859375,-77.97376251220703
429.346099853,107.9217529296875,-78.11365509033203
429.545318603,107.72222900390625,-78.27606201171875
429.694732666,107.58985900878906,-78.38864135742188
429.844146728,107.44358825683594,-78.5306396484375
429.993560791,107.32262420654297,-78.66106414794922
430.192779541,107.15389251708984,-78.84796142578125
430.342193603,107.0161361694336,-79.00198364257812
430.491607666,106.89671325683594,-79.1319808959961
430.690826416,106.72454071044922,-79.3119125366211
430.840240478,106.58118438720703,-79.4626235961914
431.006256103,106.52278900146484,-79.52207946777344
431.205474853,106.32408142089844,-79.64722442626953
431.354888916,106.147216796875,-79.66753387451172
431.554107666,105.90106201171875,-79.58866882324219
431.703521728,105.71575927734375,-79.49423217773438
431.852935791,105.54949188232422,-79.4274673461914
432.002349853,105.35140228271484,-79.37423706054688
432.201568603,105.09283447265625,-79.35078430175781
432.350982666,104.91141510009766,-79.3631362915039
432.550201416,104.6622085571289,-79.41424560546875
432.716217041,104.47088623046875,-79.47164154052734
432.865631103,104.27726745605469,-79.53557586669922
433.015045166,104.10616302490234,-79.58899688720703
433.214263916,103.85309600830078,-79.64827728271484
433.363677978,103.64862823486328,-79.68634033203125
433.562896728,103.39507293701172,-79.720458984375
433.712310791,103.21818542480469,-79.73932647705078
433.911529541,102.971923828125,-79.77599334716797
434.060943603,102.89997863769531,-79.7911605834961
434.210357666,102.89997863769531,-79.7911605834961
434.376373291,102.88655853271484,-79.7938232421875
434.575592041,102.86766815185547,-79.79237365722656
434.725006103,102.85040283203125,-79.77926635742188
434.874420166,102.76863861083984,-79.64922332763672
435.023834228,102.74060821533203,-79.4476089477539
435.223052978,102.80841827392578,-79.20333862304688
435.372467041,102.88839721679688,-79.0445556640625
435.571685791,103.0156478881836,-78.81782531738281
435.721099853,103.11033630371094,-78.63268280029297
435.920318603,103.20514678955078,-78.39519500732422
436.086334228,103.26220703125,-78.19523620605469
436.235748291,103.30284118652344,-78.0234603881836
436.434967041,103.3581314086914,-77.77501678466797
436.584381103,103.40534973144531,-77.57667541503906
436.783599853,103.46885681152344,-77.32878875732422
436.933013916,103.51263427734375,-77.15778350830078
437.132232666,103.57906341552734,-76.90642547607422
437.281646728,103.635986328125,-76.70634460449219
437.480865478,103.70999145507812,-76.45706939697266
437.630279541,103.76225280761719,-76.28273010253906
437.846099853,103.84111785888672,-76.01921844482422
437.995513916,103.88915252685547,-75.85220336914062
438.144927978,103.93717193603516,-75.68699645996094
438.344146728,104.00972747802734,-75.43728637695312
438.493560791,104.05937194824219,-75.26644897460938
438.692779541,104.12946319580078,-75.02317810058594
438.842193603,104.18543243408203,-74.8299560546875
439.041412353,104.25834655761719,-74.58464050292969
439.190826416,104.30926513671875,-74.41416931152344
439.390045166,104.38296508789062,-74.1719741821289
439.556060791,104.44064331054688,-73.97640991210938
439.705474853,104.49669647216797,-73.77610778808594
439.904693603,104.5586929321289,-73.5494384765625
440.054107666,104.60694122314453,-73.37396240234375
440.203521728,104.66471862792969,-73.17412567138672
440.402740478,104.74093627929688,-72.92556762695312
440.552154541,104.79327392578125,-72.75125122070312
440.751373291,104.86878204345703,-72.5024642944336
440.900787353,104.92731475830078,-72.31429290771484
441.100006103,105.00410461425781,-72.07305145263672
441.266021728,105.06687927246094,-71.87619018554688
441.465240478,105.13986206054688,-71.63662719726562
441.614654541,105.18781280517578,-71.47404479980469
441.813873291,105.19580841064453,-71.4461669921875
441.963287353,105.19580841064453,-71.4461669921875
442.162506103,105.23933410644531,-71.300537109375
442.311920166,105.29660034179688,-71.12779998779297
442.461334228,105.37268829345703,-70.94164276123047
442.660552978,105.48738861083984,-70.71759033203125
442.809967041,105.58003234863281,-70.56574249267578
442.975982666,105.69109344482422,-70.39311981201172
443.175201416,105.83139038085938,-70.17423248291016
443.324615478,105.94329833984375,-69.99890899658203
443.523834228,106.07960510253906,-69.7807388305664
443.673248291,106.16912841796875,-69.63018798828125
443.872467041,106.29722595214844,-69.40707397460938
444.021881103,106.39787292480469,-69.22660064697266
444.221099853,106.52238464355469,-68.99990844726562
444.420318603,106.65177154541016,-68.77439880371094
444.586334228,106.7578125,-68.59864807128906
444.735748291,106.84859466552734,-68.44564819335938
444.934967041,106.98208618164062,-68.22250366210938
445.134185791,107.10913848876953,-68.00831604003906
445.283599853,107.15095520019531,-67.9377670288086
445.482818603,107.15095520019531,-67.9377670288086
445.632232666,107.19979095458984,-67.8493881225586
445.731842041,107.24935150146484,-67.72932434082031
445.931060791,107.29936218261719,-67.47464752197266
446.080474853,107.3028564453125,-67.266845703125
446.229888916,107.28973388671875,-67.08946228027344
446.445709228,107.26964569091797,-66.80694580078125
446.595123291,107.26750183105469,-66.6304702758789
446.744537353,107.27716064453125,-66.424072265625
446.943756103,107.29850006103516,-66.16910552978516
447.093170166,107.31974792480469,-65.98834991455078
447.292388916,107.32677459716797,-65.93479919433594
447.441802978,107.3542251586914,-65.74501037597656
447.641021728,107.3950424194336,-65.48824310302734
447.840240478,107.42779541015625,-65.28218078613281
448.006256103,107.45881652832031,-65.07926940917969
448.205474853,107.49482727050781,-64.82455444335938
448.404693603,107.52476501464844,-64.57732391357422
448.554107666,107.54499053955078,-64.40057373046875
448.753326416,107.55935668945312,-64.27010345458984
448.902740478,107.55935668945312,-64.27010345458984
449.101959228,107.55935668945312,-64.27010345458984
449.301177978,107.55935668945312,-64.27010345458984
449.450592041,107.55935668945312,-64.27010345458984
449.649810791,107.55935668945312,-64.27010345458984
449.865631103,107.55935668945312,-64.27010345458984
450.015045166,107.56697845458984,-64.18367767333984
450.214263916,107.5355453491211,-63.93727493286133
450.413482666,107.38060760498047,-63.737239837646484
450.562896728,107.20185852050781,-63.631961822509766
450.762115478,106.96878051757812,-63.53313446044922
450.911529541,106.81065368652344,-63.46113586425781
451.110748291,106.59185791015625,-63.33154296875
451.260162353,106.42961120605469,-63.20161819458008
451.426177978,106.2899398803711,-63.05510330200195
451.575592041,106.17658233642578,-62.916255950927734
451.774810791,106.02345275878906,-62.714664459228516
451.924224853,105.89617156982422,-62.55018997192383
452.123443603,105.72952270507812,-62.357810974121094
452.272857666,105.60934448242188,-62.22298049926758
452.472076416,105.433837890625,-62.03117752075195
452.621490478,105.292724609375,-61.87837600708008
452.770904541,105.16871643066406,-61.74516677856445
452.970123291,105.03275299072266,-61.60191345214844
453.136138916,105.03206634521484,-61.6011848449707
453.285552978,105.03206634521484,-61.6011848449707
453.484771728,104.96235656738281,-61.521968841552734
453.634185791,104.95567321777344,-61.51353073120117
453.833404541,104.86420440673828,-61.38040542602539
454.032623291,104.7936019897461,-61.13459777832031
454.231842041,104.84126281738281,-60.887603759765625
454.381256103,104.92863464355469,-60.70349884033203
454.580474853,105.03923797607422,-60.472835540771484
454.729888916,105.09869384765625,-60.300907135009766
454.945709228,105.15274810791016,-60.021812438964844
455.144927978,105.16419982910156,-59.79811096191406
455.294342041,105.16764831542969,-59.61887741088867
455.493560791,105.17216491699219,-59.367122650146484
455.642974853,105.1749496459961,-59.16598129272461
455.792388916,105.17523193359375,-58.98671340942383
455.991607666,105.1819076538086,-58.726810455322266
456.141021728,105.19306182861328,-58.52049255371094
456.340240478,105.21075439453125,-58.27069091796875
456.489654541,105.22048950195312,-58.09580993652344
456.705474853,105.2267074584961,-57.96103286743164
456.854888916,105.2267074584961,-57.96103286743164
457.054107666,105.23087310791016,-57.84761047363281
457.253326416,105.23426818847656,-57.58763885498047
457.402740478,105.23336029052734,-57.38100051879883
457.601959228,105.2322769165039,-57.1319465637207
457.801177978,105.23115539550781,-56.87604522705078
457.950592041,105.23209381103516,-56.69404602050781
458.149810791,105.24031066894531,-56.43692398071289
458.315826416,105.25220489501953,-56.23612594604492
458.515045166,105.2703628540039,-55.97677230834961
458.714263916,105.29586791992188,-55.71803283691406
458.863677978,105.31472778320312,-55.55546951293945
459.062896728,105.32605743408203,-55.4504508972168
459.212310791,105.32605743408203,-55.4504508972168
459.411529541,105.32605743408203,-55.4504508972168
459.610748291,105.32605743408203,-55.4504508972168
459.809967041,105.32605743408203,-55.4504508972168
459.975982666,105.32605743408203,-55.4504508972168
460.125396728,105.32605743408203,-55.4504508972168
460.324615478,105.32605743408203,-55.4504508972168
460.474029541,105.30567932128906,-55.44815444946289
460.623443603,105.1966781616211,-55.47003936767578
460.822662353,105.05592346191406,-55.605953216552734
460.972076416,104.99282836914062,-55.77535629272461
461.171295166,105.00389862060547,-56.0312385559082
461.320709228,105.05012512207031,-56.233985900878906
461.470123291,105.09514617919922,-56.41032791137695
461.636138916,105.13777160644531,-56.60108184814453
461.835357666,105.16971588134766,-56.853355407714844
461.984771728,105.16526794433594,-57.0543327331543
462.183990478,105.12505340576172,-57.30406951904297
462.333404541,105.08113861083984,-57.47925567626953
462.482818603,105.02782440185547,-57.67888641357422
462.632232666,104.98107147216797,-57.85477828979492
462.781646728,104.92914581298828,-58.05618667602539
462.980865478,104.87401580810547,-58.30182647705078
463.130279541,104.84484100341797,-58.47175979614258
463.296295166,104.81266021728516,-58.673099517822266
463.445709228,104.7789535522461,-58.87279510498047
463.644927978,104.73165893554688,-59.128456115722656
463.794342041,104.69603729248047,-59.30693817138672
463.943756103,104.65522003173828,-59.505306243896484
464.142974853,104.60572052001953,-59.750789642333984
464.292388916,104.5716323852539,-59.92399215698242
464.441802978,104.53553009033203,-60.12466049194336
464.591217041,104.5044937133789,-60.303993225097656
464.790435791,104.45693969726562,-60.559608459472656
464.890045166,104.43324279785156,-60.68743133544922
465.105865478,104.38258361816406,-60.9492301940918
465.255279541,104.34976959228516,-61.11134338378906
465.454498291,104.30120849609375,-61.363983154296875
465.603912353,104.26394653320312,-61.560272216796875
465.753326416,104.22894287109375,-61.73887634277344
465.952545166,104.17786407470703,-61.99382019042969
466.101959228,104.13948059082031,-62.19684982299805
466.251373291,104.10660552978516,-62.37306594848633
466.450592041,104.05970764160156,-62.62184143066406
466.600006103,104.02166748046875,-62.82215881347656
466.766021728,103.98284912109375,-63.02650451660156
466.915435791,103.94888305664062,-63.20530700683594
467.064849853,103.91136169433594,-63.40293884277344
467.264068603,103.86485290527344,-63.65177536010742
467.413482666,103.83273315429688,-63.823951721191406
467.562896728,103.79634857177734,-64.01899719238281
467.762115478,103.74755859375,-64.27297973632812
467.911529541,103.71200561523438,-64.45147705078125
468.110748291,103.66214752197266,-64.70664978027344
468.160552978,103.64714813232422,-64.78179931640625
468.309967041,103.6130599975586,-64.95500183105469
468.475982666,103.57698822021484,-65.15428161621094
468.675201416,103.53076171875,-65.41014099121094
468.824615478,103.49261474609375,-65.61460876464844
469.023834228,103.4435043334961,-65.86434936523438
469.173248291,103.4112548828125,-66.04068756103516
469.322662353,103.37638854980469,-66.24019622802734
469.521881103,103.32878112792969,-66.49579620361328
469.671295166,103.29531860351562,-66.67469024658203
469.820709228,103.25869750976562,-66.87665557861328
470.036529541,103.21210479736328,-67.12548065185547
470.185943603,103.17356872558594,-67.32709503173828
470.385162353,103.12377166748047,-67.58228302001953
470.534576416,103.08949279785156,-67.76102447509766
470.733795166,103.03998565673828,-68.0148696899414
470.883209228,103.00064086914062,-68.21074676513672
471.082427978,102.95573425292969,-68.45571899414062
471.231842041,102.92436981201172,-68.63500213623047
471.431060791,102.88069915771484,-68.89130401611328
471.580474853,102.84391784667969,-69.09603118896484
471.779693603,102.80242919921875,-69.31937408447266
471.945709228,102.76289367675781,-69.54306030273438
472.144927978,102.7201919555664,-69.79951477050781
472.294342041,102.68995666503906,-69.9789810180664
472.493560791,102.64405059814453,-70.23212432861328
472.642974853,102.60465240478516,-70.4335708618164
472.792388916,102.56966400146484,-70.60799407958984
472.991607666,102.51932525634766,-70.86307525634766
473.141021728,102.47908782958984,-71.06714630126953
473.290435791,102.44673919677734,-71.24346160888672
473.506256103,102.40033721923828,-71.51596069335938
473.655670166,102.3709716796875,-71.69280242919922
473.854888916,102.32901763916016,-71.94939422607422
474.004302978,102.29415893554688,-72.15444946289062
474.203521728,102.2475814819336,-72.40467834472656
474.352935791,102.2148208618164,-72.57395935058594
474.552154541,102.16602325439453,-72.82376098632812
474.751373291,102.1172103881836,-73.07913208007812
474.900787353,102.0813217163086,-73.2784423828125
475.100006103,102.07019805908203,-73.33844757080078
475.266021728,102.05499267578125,-73.4118881225586
475.465240478,101.97933959960938,-73.65653991699219
475.614654541,101.94905853271484,-73.73165893554688
475.813873291,101.89930725097656,-73.83364868164062
476.013092041,101.74356079101562,-74.0257339477539
476.162506103,101.56646728515625,-74.11549377441406
476.361724853,101.31175231933594,-74.14173126220703
476.511138916,101.13429260253906,-74.11767578125
476.660552978,100.93668365478516,-74.07340240478516
476.859771728,100.7149658203125,-74.02409362792969
476.975982666,100.61173248291016,-74.00701141357422
477.175201416,100.4856948852539,-73.99149322509766
477.324615478,100.2808609008789,-73.97904968261719
477.474029541,100.20734405517578,-73.97843933105469
477.623443603,100.20734405517578,-73.97843933105469
477.822662353,100.20734405517578,-73.97843933105469
477.972076416,100.20734405517578,-73.97843933105469
478.171295166,100.20734405517578,-73.97843933105469
478.320709228,100.20734405517578,-73.97843933105469
478.470123291,100.20734405517578,-73.97843933105469
478.636138916,100.20734405517578,-73.97843933105469
478.835357666,100.20734405517578,-73.97843933105469
478.984771728,100.20734405517578,-73.97843933105469
479.183990478,100.0804214477539,-73.98210906982422
479.333404541,99.90459442138672,-73.99735260009766
479.532623291,99.64641571044922,-74.02810668945312
479.682037353,99.44344329833984,-74.04734802246094
479.881256103,99.1949462890625,-74.06371307373047
480.030670166,99.01856231689453,-74.07061004638672
480.229888916,98.75858306884766,-74.07379150390625
480.346099853,98.69010162353516,-74.07331085205078
480.545318603,98.43289947509766,-74.06818389892578
480.694732666,98.25367736816406,-74.064453125
480.893951416,98.00330352783203,-74.05924987792969
481.043365478,97.79808807373047,-74.05497741699219
481.242584228,97.53815460205078,-74.049560546875
481.391998291,97.36165618896484,-74.0474624633789
481.591217041,97.1098861694336,-74.04621124267578
481.740631103,96.90462493896484,-74.0451889038086
481.890045166,96.72673797607422,-74.04430389404297
482.056060791,96.51873016357422,-74.04326629638672
482.255279541,96.27245330810547,-74.04204559326172
482.454498291,96.02204132080078,-74.04285430908203
482.603912353,95.88439178466797,-74.04389190673828
482.753326416,95.75739288330078,-74.04485321044922
482.952545166,95.49738311767578,-74.04683685302734
483.101959228,95.29898834228516,-74.0483169555664
483.301177978,95.04447174072266,-74.05023956298828
483.450592041,94.86246490478516,-74.05162811279297
483.649810791,94.60382843017578,-74.05359649658203
483.766021728,94.45056915283203,-74.05475616455078
483.965240478,94.19193267822266,-74.05672454833984
484.114654541,94.00992584228516,-74.05811309814453
484.313873291,93.75678253173828,-74.06002044677734
484.463287353,93.55976104736328,-74.06148529052734
484.662506103,93.30387115478516,-74.06267547607422
484.811920166,93.12186431884766,-74.0628890991211
485.011138916,92.86322021484375,-74.06319427490234
485.160552978,92.66340637207031,-74.06343841552734
485.376373291,92.41295623779297,-74.0637435913086
485.525787353,92.27156066894531,-74.06391143798828
485.675201416,92.12842559814453,-74.06407928466797
485.874420166,91.87114715576172,-74.06438446044922
486.023834228,91.66313934326172,-74.06462860107422
486.173248291,91.48113250732422,-74.0648422241211
486.372467041,91.23344421386719,-74.064208984375
486.521881103,91.03367614746094,-74.06254577636719
486.721099853,90.78190612792969,-74.06045532226562
486.870513916,90.59989929199219,-74.0589599609375
487.036529541,90.39189147949219,-74.0572509765625
487.235748291,90.13874816894531,-74.0551528930664
487.385162353,90.06523132324219,-74.05455017089844
487.584381103,89.82721710205078,-74.05258178710938
487.733795166,89.64795684814453,-74.05110168457031
487.933013916,89.48796844482422,-74.04977416992188
488.082427978,89.28270721435547,-74.04808044433594
488.182037353,89.15270233154297,-74.04701232910156
488.331451416,88.97069549560547,-74.04551696777344
488.530670166,88.71617889404297,-74.04341125488281
488.680084228,88.5191421508789,-74.04349517822266
488.846099853,88.31937408447266,-74.04436492919922
489.045318603,88.05965423583984,-74.05435943603516
489.194732666,87.88417053222656,-74.0733871459961
489.393951416,87.63086700439453,-74.09821319580078
489.543365478,87.4274673461914,-74.11228942871094
489.692779541,87.249755859375,-74.1203384399414
489.891998291,86.98980712890625,-74.12516784667969
490.041412353,86.78729248046875,-74.12439727783203
490.190826416,86.61077880859375,-74.12351989746094
490.390045166,86.35763549804688,-74.12226104736328
490.556060791,86.14962768554688,-74.12122344970703
490.705474853,85.94573974609375,-74.12020874023438
490.904693603,85.69122314453125,-74.11894226074219
491.054107666,85.511962890625,-74.11804962158203
491.203521728,85.303955078125,-74.11701202392578
491.402740478,85.04806518554688,-74.11549377441406
491.552154541,84.87297821044922,-74.11084747314453
491.701568603,84.67220306396484,-74.09844207763672
491.900787353,84.47611236572266,-74.09626770019531
492.050201416,84.46361541748047,-74.09628295898438
492.249420166,84.23204040527344,-74.08345794677734
492.415435791,84.02642059326172,-74.05284118652344
492.564849853,83.86686706542969,-74.00142669677734
492.764068603,83.76165771484375,-73.93824768066406
492.913482666,83.72960662841797,-73.90650939941406
493.112701416,83.70947265625,-73.87724304199219
493.262115478,83.70655822753906,-73.87105560302734
493.461334228,83.70512390136719,-73.86721801757812
493.610748291,83.70240020751953,-73.85804748535156
493.809967041,83.70240020751953,-73.85804748535156
493.975982666,83.70240020751953,-73.85804748535156
494.125396728,83.70240020751953,-73.85804748535156
494.324615478,83.70240020751953,-73.85804748535156
494.474029541,83.70240020751953,-73.85804748535156
494.673248291,83.70240020751953,-73.85804748535156
494.822662353,83.70240020751953,-73.85804748535156
495.021881103,83.70240020751953,-73.85804748535156
495.171295166,83.70240020751953,-73.85804748535156
495.370513916,83.70240020751953,-73.85804748535156
495.536529541,83.70240020751953,-73.85804748535156
495.685943603,83.70240020751953,-73.85804748535156
495.885162353,83.70240020751953,-73.85804748535156
496.084381103,83.70240020751953,-73.85804748535156
496.233795166,83.70240020751953,-73.85804748535156
496.383209228,83.70240020751953,-73.85804748535156
496.582427978,83.70240020751953,-73.85804748535156
496.781646728,83.70240020751953,-73.85804748535156
496.931060791,83.70240020751953,-73.85804748535156
497.130279541,83.70240020751953,-73.85804748535156
497.296295166,83.70240020751953,-73.85804748535156
497.495513916,83.70240020751953,-73.85804748535156
497.644927978,83.70240020751953,-73.85804748535156
497.844146728,83.70240020751953,-73.85804748535156
497.993560791,83.70240020751953,-73.85804748535156
498.192779541,83.69776153564453,-73.84819793701172
498.342193603,83.61543273925781,-73.7891616821289
498.541412353,83.36707305908203,-73.73870849609375
498.690826416,83.19188690185547,-73.78571319580078
498.890045166,82.95807647705078,-73.89925384521484
499.056060791,82.7706298828125,-73.98932647705078
499.205474853,82.57942199707031,-74.05976867675781
499.404693603,82.33748626708984,-74.11157989501953
499.554107666,82.16158294677734,-74.12557983398438
499.753326416,81.90579986572266,-74.12295532226562
499.902740478,81.6983642578125,-74.10770416259766
500.052154541,81.51716613769531,-74.09056091308594
500.251373291,81.27051544189453,-74.06820678710938
500.400787353,81.065673828125,-74.05509185791016
500.600006103,80.80747985839844,-74.0400161743164
500.766021728,80.6246337890625,-74.03276062011719
500.915435791,80.44400024414062,-74.03330993652344
501.114654541,80.19499206542969,-74.03821563720703
501.264068603,80.00071716308594,-74.04267120361328
501.463287353,79.74488067626953,-74.04695892333984
501.612701416,79.56288146972656,-74.04833221435547
501.811920166,79.30287170410156,-74.0485610961914
501.961334228,79.10305786132812,-74.04869842529297
502.160552978,78.85130310058594,-74.04541778564453
502.309967041,78.68025970458984,-74.04317474365234
502.475982666,78.47776794433594,-74.03916931152344
502.675201416,78.21807098388672,-74.02665710449219
502.824615478,78.0213851928711,-74.01446533203125
502.974029541,77.85062408447266,-74.00473022460938
503.173248291,77.59769439697266,-73.99413299560547
503.322662353,77.3897476196289,-73.99052429199219
503.521881103,77.12981414794922,-73.98663330078125
503.671295166,77.00430297851562,-73.98552703857422
503.870513916,76.86553955078125,-73.98519134521484
504.036529541,76.65753173828125,-73.98470306396484
504.185943603,76.45225524902344,-73.98421478271484
504.385162353,76.19361114501953,-73.98360443115234
504.534576416,76.08550262451172,-73.98332977294922
504.733795166,76.01297760009766,-73.98314666748047
504.883209228,75.98423767089844,-73.98308563232422
505.082427978,75.965087890625,-73.98336791992188
505.231842041,75.95689392089844,-73.98359680175781
505.431060791,75.95689392089844,-73.98359680175781
505.580474853,75.95689392089844,-73.98359680175781
505.779693603,75.95689392089844,-73.98359680175781
505.945709228,75.95689392089844,-73.98359680175781
506.095123291,75.95689392089844,-73.98359680175781
506.294342041,75.95689392089844,-73.98359680175781
506.493560791,75.95689392089844,-73.98359680175781
506.642974853,75.95689392089844,-73.98359680175781
506.842193603,75.95689392089844,-73.98359680175781
506.991607666,75.95689392089844,-73.98359680175781
507.141021728,75.95689392089844,-73.98359680175781
507.340240478,75.95689392089844,-73.98359680175781
507.506256103,75.95689392089844,-73.98359680175781
507.655670166,75.95689392089844,-73.98359680175781
507.854888916,75.95689392089844,-73.98359680175781
508.004302978,75.95689392089844,-73.98359680175781
508.103912353,75.95689392089844,-73.98359680175781
508.253326416,75.95689392089844,-73.98359680175781
508.402740478,75.95689392089844,-73.98359680175781
508.601959228,75.95689392089844,-73.98359680175781
508.801177978,75.95689392089844,-73.98359680175781
509.000396728,75.95689392089844,-73.98359680175781
509.149810791,75.95689392089844,-73.98359680175781
509.365631103,75.95689392089844,-73.98359680175781
509.515045166,75.95689392089844,-73.98359680175781
509.714263916,75.95689392089844,-73.98359680175781
509.913482666,75.95689392089844,-73.98359680175781
510.112701416,75.95689392089844,-73.98359680175781
510.311920166,75.95689392089844,-73.98359680175781
510.461334228,75.95689392089844,-73.98359680175781
510.660552978,75.95689392089844,-73.98359680175781
510.809967041,75.95689392089844,-73.98359680175781
511.025787353,75.95689392089844,-73.98359680175781
511.225006103,75.95689392089844,-73.98359680175781
511.374420166,75.95689392089844,-73.98359680175781
511.573638916,75.95689392089844,-73.98359680175781
511.723052978,75.95689392089844,-73.98359680175781
511.872467041,75.95689392089844,-73.98359680175781
512.071655273,75.95689392089844,-73.98359680175781
512.270874023,75.95689392089844,-73.98359680175781
512.420288085,75.95689392089844,-73.98359680175781
512.636108398,75.95689392089844,-73.98359680175781
512.785522460,75.95689392089844,-73.98359680175781
512.984741210,75.95689392089844,-73.98359680175781
513.183959960,75.95689392089844,-73.98359680175781
513.333374023,75.95689392089844,-73.98359680175781
513.532592773,75.95689392089844,-73.98359680175781
513.682006835,75.95689392089844,-73.98359680175781
513.881225585,75.95689392089844,-73.98359680175781
514.030639648,75.95689392089844,-73.98359680175781
514.229858398,75.95689392089844,-73.98359680175781
514.395874023,75.95689392089844,-73.98359680175781
514.545288085,75.95689392089844,-73.98359680175781
514.744506835,75.95689392089844,-73.98359680175781
514.943725585,75.95689392089844,-73.98359680175781
515.093139648,75.95689392089844,-73.98359680175781
515.292358398,75.95689392089844,-73.98359680175781
515.441772460,75.95689392089844,-73.98359680175781
515.640991210,75.95689392089844,-73.98359680175781
515.790405273,75.95689392089844,-73.98359680175781
515.956420898,75.95689392089844,-73.98359680175781
516.105834960,75.95359802246094,-73.99544525146484
516.255249023,75.95423126220703,-74.02533721923828
516.454467773,76.00666809082031,-74.10895538330078
516.653686523,76.2197494506836,-74.22410583496094
516.803100585,76.42471313476562,-74.24439239501953
517.002319335,76.67105102539062,-74.20989227294922
517.151733398,76.84317016601562,-74.16500091552734
517.301147460,77.04003143310547,-74.11195373535156
517.500366210,77.29524230957031,-74.06277465820312
517.666381835,77.5020523071289,-74.04093170166016
517.815795898,77.67707061767578,-74.0349349975586
518.015014648,77.93146514892578,-74.04225158691406
518.164428710,78.13919830322266,-74.05268859863281
518.313842773,78.32083892822266,-74.06419372558594
518.513061523,78.57215118408203,-74.07974243164062
518.662475585,78.77587127685547,-74.0879135131836
518.861694335,79.03585052490234,-74.09173583984375
519.011108398,79.21785736083984,-74.09355163574219
519.210327148,79.4696273803711,-74.09605407714844
519.359741210,79.64888763427734,-74.09616088867188
519.525756835,79.78286743164062,-74.09455871582031
519.724975585,80.03738403320312,-74.09149169921875
519.874389648,80.21939086914062,-74.08930206298828
520.073608398,80.47940063476562,-74.08617401123047
520.223022460,80.68191528320312,-74.08373260498047
520.422241210,80.93231201171875,-74.0807113647461
520.571655273,81.10882568359375,-74.07858276367188
520.770874023,81.36883544921875,-74.07772827148438
520.920288085,81.57546997070312,-74.08045196533203
521.086303710,81.776611328125,-74.08356475830078
521.285522460,82.03500366210938,-74.09407043457031
521.434936523,82.2160873413086,-74.11193084716797
521.634155273,82.47185516357422,-74.15813446044922
521.783569335,82.6640396118164,-74.20178985595703
521.982788085,82.90957641601562,-74.25093078613281
522.132202148,83.08200073242188,-74.28180694580078
522.331420898,83.33224487304688,-74.32833862304688
522.480834960,83.53716278076172,-74.36402893066406
522.680053710,83.79381561279297,-74.40583801269531
522.846069335,83.99337005615234,-74.44039916992188
522.995483398,84.05419158935547,-74.451171875
523.194702148,84.30741119384766,-74.50059509277344
523.344116210,84.51203155517578,-74.53788757324219
523.543334960,84.76475524902344,-74.57805633544922
523.692749023,84.94277954101562,-74.61576080322266
523.891967773,85.18742370605469,-74.68585205078125
524.041381835,85.38723754882812,-74.74357604980469
524.240600585,85.64176177978516,-74.79622650146484
524.390014648,85.82234191894531,-74.81865692138672
524.556030273,86.02589416503906,-74.82936096191406
524.705444335,86.23109436035156,-74.82550811767578
524.904663085,86.48898315429688,-74.80686950683594
525.054077148,86.66395568847656,-74.7835464477539
525.253295898,86.91544342041016,-74.75458526611328
525.402709960,87.11994934082031,-74.73688507080078
525.601928710,87.37950897216797,-74.72184753417969
525.751342773,87.56141662597656,-74.71619415283203
525.950561523,87.65290069580078,-74.71491241455078
526.099975585,87.83390808105469,-74.71558380126953
526.315795898,88.11837005615234,-74.72467041015625
526.465209960,88.32477569580078,-74.73429870605469
526.664428710,88.58467102050781,-74.73319244384766
526.813842773,88.76336669921875,-74.7190933227539
527.013061523,89.01558685302734,-74.697265625
527.162475585,89.21772766113281,-74.68490600585938
527.361694335,89.47757720947266,-74.6764144897461
527.511108398,89.65957641601562,-74.67535400390625
527.710327148,89.91409301757812,-74.67819213867188
527.876342773,90.11779022216797,-74.67035675048828
527.975952148,90.2458724975586,-74.65840911865234
528.125366210,90.45173645019531,-74.64058685302734
528.274780273,90.62654876708984,-74.6296157836914
528.473999023,90.87543487548828,-74.62073516845703
528.673217773,91.13131713867188,-74.61918640136719
528.822631835,91.23793029785156,-74.61924743652344
529.021850585,91.4911117553711,-74.61940002441406
