timestamp_sec,x,y
1.925601243,77.0999984741211,-6.199999809265137
2.124800443,77.0999984741211,-6.199999809265137
2.274199485,77.0999984741211,-6.199999809265137
2.473398208,77.0999984741211,-6.199999809265137
2.672596931,77.0999984741211,-6.199999809265137
2.871795654,77.0999984741211,-6.199999809265137
3.021194696,77.0999984741211,-6.199999809265137
3.220393419,77.0999984741211,-6.199999809265137
3.436192035,77.0999984741211,-6.199999809265137
3.585591077,77.0999984741211,-6.199999809265137
3.784789800,77.0999984741211,-6.199999809265137
3.983988523,77.0999984741211,-6.199999809265137
4.183189868,77.0999984741211,-6.199999809265137
4.332591056,77.0999984741211,-6.199999809265137
4.531792640,77.0999984741211,-6.199999809265137
4.730994224,77.0999984741211,-6.199999809265137
4.880395412,77.0999984741211,-6.199999809265137
5.096197128,77.0999984741211,-6.199999809265137
5.245598316,77.0999984741211,-6.199999809265137
5.444799900,77.0999984741211,-6.199999809265137
5.644001483,77.0999984741211,-6.199999809265137
5.843203067,77.0999984741211,-6.199999809265137
6.042404651,77.0999984741211,-6.199999809265137
6.191805839,77.0999984741211,-6.199999809265137
6.391007423,77.0999984741211,-6.199999809265137
6.540408611,77.0999984741211,-6.199999809265137
6.689809799,77.0999984741211,-6.199999809265137
6.905611515,77.0999984741211,-6.199999809265137
7.055012702,77.0999984741211,-6.199999809265137
7.254214286,77.0999984741211,-6.199999809265137
7.453415870,77.0999984741211,-6.199999809265137
7.602817058,77.0999984741211,-6.199999809265137
7.802018642,77.0999984741211,-6.199999809265137
8.001219749,77.0999984741211,-6.199999809265137
8.150616645,77.0999984741211,-6.199999809265137
8.349812507,77.0999984741211,-6.199999809265137
8.515809059,77.0999984741211,-6.199999809265137
8.715004920,77.0999984741211,-6.199999809265137
8.914200782,77.0999984741211,-6.199999809265137
9.063597679,77.0999984741211,-6.199999809265137
9.262793540,77.0999984741211,-6.199999809265137
9.412190437,77.0999984741211,-6.199999809265137
9.611386299,77.0999984741211,-6.199999809265137
9.760783195,77.0999984741211,-6.199999809265137
9.910180091,77.0999984741211,-6.199999809265137
10.125975608,77.0999984741211,-6.199999809265137
10.275372505,77.0999984741211,-6.199999809265137
10.474568367,77.0999984741211,-6.199999809265137
10.673764228,77.0999984741211,-6.199999809265137
10.823161125,77.0999984741211,-6.199999809265137
10.972558021,77.0999984741211,-6.199999809265137
11.171753883,77.0999984741211,-6.199999809265137
11.321150779,77.0999984741211,-6.199999809265137
11.520346641,77.0999984741211,-6.199999809265137
11.686343193,77.0999984741211,-6.199999809265137
11.885539054,77.0999984741211,-6.199999809265137
12.034935951,77.0999984741211,-6.199999809265137
12.234131813,77.0999984741211,-6.199999809265137
12.383528709,77.0999984741211,-6.199999809265137
12.582724571,77.0999984741211,-6.199999809265137
12.732121467,77.0999984741211,-6.199999809265137
12.931317329,77.0999984741211,-6.199999809265137
13.080714225,77.0999984741211,-6.199999809265137
13.230111122,77.0999984741211,-6.199999809265137
13.445906639,77.0999984741211,-6.199999809265137
13.595303535,77.0999984741211,-6.199999809265137
13.794499397,77.0999984741211,-6.199999809265137
13.943896293,77.0999984741211,-6.199999809265137
14.143092155,77.0999984741211,-6.199999809265137
14.292489051,77.0999984741211,-6.199999809265137
14.491684913,77.0999984741211,-6.199999809265137
14.690880775,77.0999984741211,-6.199999809265137
14.840277671,77.0999984741211,-6.199999809265137
15.006274223,77.0999984741211,-6.199999809265137
15.155671119,77.0999984741211,-6.199999809265137
15.305068016,77.0999984741211,-6.199999809265137
15.454464912,77.0999984741211,-6.199999809265137
15.603861808,77.0999984741211,-6.199999809265137
15.803057670,77.0999984741211,-6.199999809265137
15.952454566,77.0999984741211,-6.199999809265137
16.151651382,77.0999984741211,-6.199999809265137
16.301048278,77.0999984741211,-6.199999809265137
16.500244140,77.0999984741211,-6.199999809265137
16.666240692,77.0999984741211,-6.199999809265137
16.815637588,77.0999984741211,-6.199999809265137
17.014833450,77.0999984741211,-6.199999809265137
17.164230346,77.0999984741211,-6.199999809265137
17.363426208,77.0999984741211,-6.199999809265137
17.512823104,77.0999984741211,-6.199999809265137
17.712018966,77.0999984741211,-6.199999809265137
17.861415863,77.0999984741211,-6.199999809265137
18.060611724,77.0999984741211,-6.199999809265137
18.210008621,77.09261322021484,-6.203568935394287
18.425804138,76.85437774658203,-6.212447166442871
18.625000000,76.63789367675781,-6.077069282531738
18.824195861,76.49681854248047,-5.859990119934082
19.073190689,76.38424682617188,-5.569055557250977
19.222587585,76.29888153076172,-5.379485130310059
19.421783447,76.1598129272461,-5.163393020629883
19.670778274,76.10031127929688,-5.089997291564941
19.869974136,76.10031127929688,-5.089997291564941
20.085769653,76.10031127929688,-5.089997291564941
20.284965515,76.10031127929688,-5.089997291564941
20.484161376,75.91357421875,-5.096970558166504
20.683357238,75.70068359375,-5.23464822769165
20.832754135,75.61134338378906,-5.39217472076416
21.031949996,75.57432556152344,-5.648283958435059
21.231145858,75.58692932128906,-5.907872200012207
21.380542755,75.61284637451172,-6.111473083496094
21.529939651,75.6349105834961,-6.29072380065918
21.745735168,75.63848876953125,-6.576358318328857
21.895132064,75.61512756347656,-6.756760120391846
22.094327926,75.54769134521484,-7.0004987716674805
22.293523788,75.4432144165039,-7.238450050354004
22.442920684,75.35340118408203,-7.421504974365234
22.642116546,75.24015808105469,-7.65554666519165
22.841312408,75.13282012939453,-7.889338970184326
22.990709304,75.05882263183594,-8.055624008178711
23.189905166,74.9579849243164,-8.293780326843262
23.405700683,74.85518646240234,-8.557731628417969
23.555097579,74.79693603515625,-8.713990211486816
23.754293441,74.76627349853516,-8.7998046875
23.903690338,74.721923828125,-8.998388290405273
24.102886199,74.73461151123047,-9.254640579223633
24.252283096,74.77335357666016,-9.429583549499512
24.451478958,74.8496322631836,-9.678116798400879
24.650674819,74.9260482788086,-9.923761367797852
24.800071716,74.98162841796875,-10.121349334716797
24.949468612,75.0253677368164,-10.292365074157715
25.165264129,75.08815002441406,-10.567168235778809
25.314661026,75.12374877929688,-10.745649337768555
25.513856887,75.16790771484375,-11.001862525939941
25.713052749,75.20925903320312,-11.25023078918457
25.862449645,75.2419662475586,-11.447318077087402
26.061645507,75.28583526611328,-11.698031425476074
26.211042404,75.31925964355469,-11.876936912536621
26.410238265,75.36956787109375,-12.129225730895996
26.576234817,75.41378784179688,-12.332466125488281
26.775430679,75.46772766113281,-12.57559871673584
26.924827575,75.5096435546875,-12.770936012268066
27.124023437,75.56197357177734,-13.0214204788208
27.273420333,75.59733581542969,-13.199951171875
27.472616195,75.64828491210938,-13.454909324645996
27.622013092,75.68865966796875,-13.654763221740723
27.821208953,75.73554992675781,-13.902146339416504
27.970605850,75.76738739013672,-14.074382781982422
28.169801712,75.8160171508789,-14.318628311157227
28.335798263,75.85962677001953,-14.515000343322754
28.485195159,75.90247344970703,-14.718539237976074
28.684391021,75.95397186279297,-14.973383903503418
28.833787918,75.98820495605469,-15.147951126098633
29.032983779,76.03724670410156,-15.393515586853027
29.182380676,76.07792663574219,-15.589112281799316
29.381576538,76.13125610351562,-15.840785026550293
29.530973434,76.16666412353516,-16.015117645263672
29.730169296,76.21398162841797,-16.270782470703125
29.896165847,76.249755859375,-16.472902297973633
30.045562744,76.28882598876953,-16.677196502685547
30.244758605,76.34297943115234,-16.92729377746582
30.443954467,76.396240234375,-17.181774139404297
30.593351364,76.4315185546875,-17.360326766967773
30.792547225,76.4813003540039,-17.6141300201416
30.941944122,76.51976013183594,-17.81157875061035
31.141139984,76.56704711914062,-18.060274124145508
31.290536880,76.59983825683594,-18.233722686767578
31.456533432,76.60661315917969,-18.269479751586914
31.655729293,76.60661315917969,-18.269479751586914
31.854925155,76.60661315917969,-18.269479751586914
32.004322052,76.60661315917969,-18.269479751586914
32.203540802,76.61857604980469,-18.272207260131836
32.352954864,76.76158142089844,-18.24354362487793
32.552173614,76.95726013183594,-18.088115692138672
32.751392364,77.0586166381836,-17.85051918029785
32.950611114,77.07496643066406,-17.59182357788086
33.149829864,77.05181884765625,-17.3328914642334
33.365650177,77.04378509521484,-17.04732894897461
33.614673614,77.09166717529297,-16.745136260986328
33.813892364,77.17892456054688,-16.510753631591797
34.013111114,77.30021667480469,-16.28082847595215
34.212329864,77.42597961425781,-16.05797576904297
34.411548614,77.55152893066406,-15.841297149658203
34.660572052,77.71221923828125,-15.547061920166016
34.876392364,77.82032775878906,-15.319770812988281
35.075611114,77.9188232421875,-15.079146385192871
35.274829864,78.01860046386719,-14.840531349182129
35.523853302,78.14859771728516,-14.537440299987793
35.723072052,78.25228118896484,-14.299012184143066
35.922290802,78.36187744140625,-14.063251495361328
36.121509552,78.47509765625,-13.829202651977539
36.370532989,78.60734558105469,-13.55721664428711
36.569751739,78.71963500976562,-13.328800201416016
36.785572052,78.84159088134766,-13.074651718139648
36.984790802,78.95496368408203,-12.840678215026855
37.184009552,79.06675720214844,-12.610501289367676
37.383228302,79.17447662353516,-12.373875617980957
37.582447052,79.28189849853516,-12.137112617492676
37.831470489,79.41521453857422,-11.859589576721191
37.980884552,79.5077896118164,-11.673321723937988
38.180103302,79.61713409423828,-11.441977500915527
38.395923614,79.72370147705078,-11.212349891662598
38.644947052,79.85881042480469,-10.90715217590332
38.844165802,79.93501281738281,-10.658650398254395
39.043384552,80.00486755371094,-10.408227920532227
39.242603302,80.10578155517578,-10.175298690795898
39.441822052,80.27442169189453,-9.988755226135254
39.641040802,80.4905014038086,-9.892730712890625
39.840259552,80.73145294189453,-9.881063461303711
40.056079864,80.98126983642578,-9.921195983886719
40.255298614,81.2308578491211,-9.971033096313477
40.454517364,81.4888916015625,-10.002130508422852
40.653736114,81.74447631835938,-10.014444351196289
40.852954864,81.99485778808594,-10.018402099609375
41.052173614,82.2507553100586,-10.015583992004395
41.251392364,82.5107650756836,-10.011902809143066
41.450611114,82.76665496826172,-10.008281707763672
41.649829864,83.01295471191406,-10.004796981811523
41.865650177,83.29072570800781,-10.00086784362793
42.064868927,83.55073547363281,-9.998007774353027
42.214282989,83.72999572753906,-9.999187469482422
42.463306427,84.05290222167969,-10.001751899719238
42.662525177,84.31291198730469,-10.00382137298584
42.861743927,84.57292175292969,-10.005890846252441
43.060962677,84.82331848144531,-10.007880210876465
43.210376739,84.99983215332031,-10.009283065795898
43.426197052,85.28172302246094,-10.01152515411377
43.625415802,85.53215026855469,-10.013516426086426
43.824634552,85.77162170410156,-10.01541805267334
44.023853302,86.02339172363281,-10.01741886138916
44.223072052,86.27517700195312,-10.016322135925293
44.422290802,86.53518676757812,-10.013461112976074
44.621509552,86.79519653320312,-10.010600090026855
44.820728302,87.04696655273438,-10.007830619812012
45.036548614,87.29873657226562,-10.005061149597168
45.235767364,87.55438232421875,-10.013359069824219
45.434986114,87.78861999511719,-10.075723648071289
45.634204864,87.98676300048828,-10.22979736328125
45.783618927,88.09227752685547,-10.408169746398926
45.982837677,88.16192626953125,-10.656829833984375
46.132251739,88.1933822631836,-10.834699630737305
46.331470489,88.23603057861328,-11.084245681762695
46.480884552,88.27588653564453,-11.279999732971191
46.680103302,88.33621215820312,-11.528660774230957
46.846118927,88.39281463623047,-11.723111152648926
47.045337677,88.4748306274414,-11.962536811828613
47.244556427,88.57035064697266,-12.204361915588379
47.393970489,88.63734436035156,-12.373587608337402
47.593189239,88.73321533203125,-12.612323760986328
47.742603302,88.80763244628906,-12.806564331054688
47.941822052,88.89420318603516,-13.051695823669434
48.091236114,88.94291687011719,-13.222773551940918
48.290454864,89.00752258300781,-13.47461223602295
48.456470489,89.05917358398438,-13.676090240478516
48.655689239,89.11456298828125,-13.914684295654297
48.805103302,89.15245056152344,-14.119180679321289
48.954517364,89.17503356933594,-14.299725532531738
49.153736114,89.1745834350586,-14.552582740783691
49.303150177,89.13325500488281,-14.751834869384766
49.502368927,89.0145263671875,-14.98227596282959
49.701587677,88.85086822509766,-15.183943748474121
49.801197052,88.76373291015625,-15.274803161621094
49.950611114,88.63574981689453,-15.40029525756836
50.149829864,88.45259857177734,-15.569052696228027
50.365650177,88.2514877319336,-15.760577201843262
50.515064239,88.13468170166016,-15.891057968139648
50.714282989,88.05029296875,-15.999805450439453
50.913501739,88.05029296875,-15.999805450439453
51.062915802,88.05029296875,-15.999805450439453
51.262134552,88.02095031738281,-16.090673446655273
51.461353302,88.05899810791016,-16.33451271057129
51.610767364,88.16939544677734,-16.47757339477539
51.809986114,88.4010238647461,-16.59022331237793
52.025806427,88.68463134765625,-16.62291145324707
52.225025177,88.94461059570312,-16.62102699279785
52.374439239,89.12642669677734,-16.628170013427734
52.573657989,89.37908935546875,-16.674358367919922
52.772876739,89.61882781982422,-16.763078689575195
52.972095489,89.84226989746094,-16.87895965576172
53.121509552,90.01164245605469,-16.97966194152832
53.320728302,90.2354507446289,-17.111988067626953
53.470142364,90.39205169677734,-17.204708099365234
53.685962677,90.63641357421875,-17.353288650512695
53.885181427,90.86168670654297,-17.483049392700195
54.084400177,91.09058380126953,-17.59743309020996
54.283618927,91.32099914550781,-17.705551147460938
54.433032989,91.48412322998047,-17.7764949798584
54.632251739,91.71658325195312,-17.869590759277344
54.831470489,91.95804595947266,-17.958311080932617
55.030689239,92.20408630371094,-18.042448043823242
55.229907989,92.44719696044922,-18.126628875732422
55.395923614,92.6419906616211,-18.199541091918945
55.595142364,92.88159942626953,-18.289365768432617
55.794361114,93.12236022949219,-18.376039505004883
55.993579864,93.359130859375,-18.465612411499023
56.142993927,93.55288696289062,-18.54128074645996
56.342212677,93.78845977783203,-18.633987426757812
56.541431427,94.02566528320312,-18.722475051879883
56.740650177,94.26178741455078,-18.805864334106445
56.890064239,94.43110656738281,-18.860427856445312
57.105884552,94.70846557617188,-18.929912567138672
57.305103302,94.96147918701172,-18.989797592163086
57.504322052,95.2113265991211,-19.056550979614258
57.703540802,95.45503234863281,-19.129987716674805
57.902759552,95.69758605957031,-19.21151351928711
58.052173614,95.86688232421875,-19.270496368408203
58.251392364,96.10431671142578,-19.35005760192871
58.450611114,96.34721374511719,-19.42130470275879
58.649829864,96.48988342285156,-19.458463668823242
58.865650177,96.48988342285156,-19.458463668823242
59.064868927,96.48988342285156,-19.458463668823242
59.264087677,96.48988342285156,-19.458463668823242
59.463306427,96.48988342285156,-19.458463668823242
59.662525177,96.5738296508789,-19.483110427856445
59.811939239,96.73954010009766,-19.557405471801758
60.011157989,96.93629455566406,-19.71982765197754
60.210376739,97.10040283203125,-19.92125701904297
60.426197052,97.26834106445312,-20.14760971069336
60.575611114,97.3814468383789,-20.286680221557617
60.774829864,97.55339050292969,-20.472394943237305
60.974048614,97.74551391601562,-20.647432327270508
61.173267364,97.94402313232422,-20.80672264099121
61.372486114,98.14314270019531,-20.967437744140625
61.571704864,98.34246826171875,-21.130067825317383
61.770923614,98.54000091552734,-21.296979904174805
61.920337677,98.69436645507812,-21.430198669433594
62.136157989,98.89019012451172,-21.597064971923828
62.335376739,99.08683776855469,-21.76718521118164
62.534595489,99.28145599365234,-21.93546485900879
62.684009552,99.42884063720703,-22.062101364135742
62.883228302,99.62483978271484,-22.232967376708984
63.082447052,99.82206726074219,-22.402324676513672
63.281665802,100.02069854736328,-22.56147003173828
63.480884552,100.21076965332031,-22.71381187438965
63.680103302,100.4128189086914,-22.877456665039062
63.846118927,100.57012939453125,-23.009313583374023
64.045333862,100.7672348022461,-23.17679786682129
64.244552612,100.96343231201172,-23.345340728759766
64.393966674,101.10227966308594,-23.463022232055664
64.593185424,101.29524230957031,-23.629026412963867
64.742599487,101.45362854003906,-23.763877868652344
64.941818237,101.6512222290039,-23.93287467956543
65.091232299,101.7858657836914,-24.055294036865234
65.290451049,101.95892333984375,-24.241718292236328
65.489669799,102.11076354980469,-24.45259666442871
65.655685424,102.21300506591797,-24.632078170776367
65.854904174,102.32150268554688,-24.865297317504883
66.054122924,102.38057708740234,-24.999359130859375
66.203536987,102.39523315429688,-25.033876419067383
66.402755737,102.46687316894531,-25.281177520751953
66.601974487,102.49002075195312,-25.537137985229492
66.751388549,102.49012756347656,-25.68161964416504
66.950607299,102.49008178710938,-25.683618545532227
67.149826049,102.4886474609375,-25.75860595703125
67.315841674,102.48889923095703,-25.958751678466797
67.465255737,102.50204467773438,-26.160804748535156
67.614669799,102.52655792236328,-26.339733123779297
67.813888549,102.54247283935547,-26.424272537231445
67.963302612,102.54247283935547,-26.424272537231445
68.162521362,102.54247283935547,-26.424272537231445
68.361740112,102.54247283935547,-26.424272537231445
68.560958862,102.54247283935547,-26.424272537231445
68.760177612,102.54247283935547,-26.424272537231445
68.926193237,102.55390167236328,-26.48533821105957
69.125411987,102.55812072753906,-26.73716163635254
69.274826049,102.50051879882812,-26.903364181518555
69.474044799,102.35343933105469,-27.108665466308594
69.673263549,102.18274688720703,-27.304771423339844
69.822677612,102.11090850830078,-27.38542938232422
70.021896362,102.11090850830078,-27.38542938232422
70.221115112,102.11090850830078,-27.38542938232422
70.420333862,102.11090850830078,-27.38542938232422
70.586349487,102.11090850830078,-27.38542938232422
70.785568237,102.06220245361328,-27.442455291748047
70.934982299,101.96553802490234,-27.588499069213867
71.084396362,101.92240142822266,-27.78459930419922
71.283615112,101.97064208984375,-28.03757667541504
71.482833862,102.05079650878906,-28.283445358276367
71.632247924,102.09536743164062,-28.45986557006836
71.831466674,102.12754821777344,-28.710708618164062
71.980880737,102.13018798828125,-28.91453742980957
72.180099487,102.1162338256836,-29.171403884887695
72.346115112,102.09867858886719,-29.3786563873291
72.545333862,102.0701904296875,-29.630197525024414
72.744552612,102.05445098876953,-29.753355026245117
72.893966674,102.05445098876953,-29.753355026245117
73.093185424,102.05445098876953,-29.753355026245117
73.242599487,102.05445098876953,-29.753355026245117
73.441818237,102.048828125,-29.80303382873535
73.641036987,102.04188537597656,-30.057674407958984
73.790451049,102.05221557617188,-30.232500076293945
74.006271362,102.0752944946289,-30.51757049560547
74.155685424,102.096435546875,-30.69281005859375
74.354904174,102.12955474853516,-30.941028594970703
74.554122924,102.16252899169922,-31.193408966064453
74.703536987,102.18700408935547,-31.39995765686035
74.902755737,102.2169418334961,-31.656843185424805
75.101974487,102.24713134765625,-31.912322998046875
75.251388549,102.27068328857422,-32.08588790893555
75.450607299,102.30471801757812,-32.34088134765625
75.600021362,102.33219909667969,-32.54705810546875
75.815841674,102.36510467529297,-32.799442291259766
75.965255737,102.3875732421875,-33.002105712890625
76.164474487,102.41437530517578,-33.24816131591797
76.363693237,102.41603088378906,-33.26457977294922
76.513107299,102.41603088378906,-33.26457977294922
76.712326049,102.41603088378906,-33.26457977294922
76.861740112,102.41603088378906,-33.26457977294922
77.060958862,102.42332458496094,-33.32627487182617
77.260177612,102.49249267578125,-33.55839538574219
77.426193237,102.6259536743164,-33.70467758178711
77.625411987,102.86517333984375,-33.79323959350586
77.824630737,103.1243667602539,-33.812255859375
78.023849487,103.37586975097656,-33.839500427246094
78.223068237,103.61963653564453,-33.906700134277344
78.422286987,103.85435485839844,-34.014793395996094
78.621505737,104.06795501708984,-34.14790344238281
78.820724487,104.27447509765625,-34.30126953125
79.019943237,104.45712280273438,-34.44087600708008
79.235763549,104.68901824951172,-34.59624481201172
79.434982299,104.90460968017578,-34.726219177246094
79.634201049,105.1280288696289,-34.84812927246094
79.833419799,105.35636138916016,-34.963626861572266
80.032638549,105.58941650390625,-35.07890319824219
80.182052612,105.77090454101562,-35.17178726196289
80.381271362,105.99822235107422,-35.289283752441406
80.580490112,106.21997833251953,-35.40853500366211
80.796310424,106.44713592529297,-35.52637481689453
80.995529174,106.67607879638672,-35.643714904785156
81.194747924,106.90482330322266,-35.75214385986328
81.393966674,107.14153289794922,-35.849098205566406
81.593185424,107.38185119628906,-35.928531646728516
81.792404174,107.6247787475586,-35.994686126708984
81.991622924,107.87071228027344,-36.0546989440918
82.190841674,108.12406158447266,-36.113182067871094
82.340255737,108.3260498046875,-36.16276168823242
82.506271362,108.52408599853516,-36.216732025146484
82.705490112,108.77168273925781,-36.29144287109375
82.904708862,108.89885711669922,-36.33253479003906
83.103927612,108.89885711669922,-36.33253479003906
83.303146362,108.89885711669922,-36.33253479003906
83.552169799,108.89885711669922,-36.33253479003906
83.751388549,108.89885711669922,-36.33253479003906
83.950607299,108.96723175048828,-36.35350799560547
84.149826049,109.19577026367188,-36.37562561035156
84.315841674,109.38560485839844,-36.30269241333008
84.515060424,109.54638671875,-36.10247802734375
84.764083862,109.62975311279297,-35.77580261230469
84.963302612,109.70238494873047,-35.52978515625
85.162521362,109.86090087890625,-35.327884674072266
85.361740112,110.0749282836914,-35.1857795715332
85.560958862,110.30563354492188,-35.06596755981445
85.760177612,110.53312683105469,-34.948822021484375
85.975997924,110.74713897705078,-34.811283111572266
86.175216674,110.94227600097656,-34.65665817260742
86.324630737,111.09441375732422,-34.52299499511719
86.523849487,111.28228759765625,-34.355369567871094
86.723068237,111.47348022460938,-34.18531036376953
86.922286987,111.66661071777344,-34.019535064697266
87.171310424,111.90852355957031,-33.822540283203125
87.370529174,112.10860443115234,-33.66745376586914
87.586349487,112.33137512207031,-33.49697494506836
87.785568237,112.5398178100586,-33.34159469604492
87.984786987,112.74295806884766,-33.17932891845703
88.184005737,112.93846130371094,-33.02065658569336
88.383224487,113.14119720458984,-32.85787582397461
88.582443237,113.2867431640625,-32.74367904663086
88.781661987,113.28752899169922,-32.743064880371094
89.030685424,113.35783386230469,-32.69098663330078
89.229904174,113.57445526123047,-32.559600830078125
89.445724487,113.82563781738281,-32.441123962402344
89.644943237,114.06157684326172,-32.342063903808594
89.844161987,114.29535675048828,-32.241432189941406
90.093185424,114.57928466796875,-32.138301849365234
90.292404174,114.83206939697266,-32.09188461303711
90.491622924,115.09136962890625,-32.073509216308594
90.690841674,115.3484878540039,-32.06487274169922
90.890060424,115.60061645507812,-32.04363250732422
91.105880737,115.87561798095703,-31.972572326660156
91.305099487,116.10029602050781,-31.862653732299805
91.504318237,116.3095474243164,-31.713346481323242
91.703536987,116.48148345947266,-31.56548500061035
91.902755737,116.48297882080078,-31.564149856567383
92.101974487,116.53915405273438,-31.514455795288086
92.301193237,116.73236846923828,-31.346691131591797
92.500411987,116.92517852783203,-31.1784610748291
92.716232299,117.11576080322266,-31.011842727661133
92.915451049,117.30651092529297,-30.84751319885254
93.114669799,117.42761993408203,-30.74449920654297
93.363693237,117.42761993408203,-30.74449920654297
93.562911987,117.42761993408203,-30.74449920654297
93.762130737,117.42761993408203,-30.74449920654297
93.961349487,117.42761993408203,-30.74449920654297
94.160568237,117.47501373291016,-30.70431900024414
94.409591674,117.70144653320312,-30.510120391845703
94.575607299,117.85499572753906,-30.3780574798584
94.774826049,118.04890441894531,-30.204925537109375
95.023849487,118.28947448730469,-29.967533111572266
95.223068237,118.36528778076172,-29.89063262939453
95.422286987,118.36528778076172,-29.89063262939453
95.621505737,118.36528778076172,-29.89063262939453
95.820724487,118.36528778076172,-29.89063262939453
96.036544799,118.36528778076172,-29.89063262939453
96.235763549,118.36528778076172,-29.89063262939453
96.434982299,118.36528778076172,-29.89063262939453
96.634201049,118.36528778076172,-29.89063262939453
96.833419799,118.36528778076172,-29.89063262939453
97.032638549,118.36528778076172,-29.89063262939453
97.231857299,118.33182525634766,-30.113460540771484
97.381271362,118.20565795898438,-30.276355743408203
97.580490112,117.97086334228516,-30.379291534423828
97.729904174,117.79073333740234,-30.40467071533203
97.945724487,117.50694274902344,-30.426525115966797
98.095138549,117.33091735839844,-30.45159149169922
98.294357299,117.08099365234375,-30.522253036499023
98.443771362,116.89398193359375,-30.603317260742188
98.642990112,116.67267608642578,-30.723255157470703
98.792404174,116.52222442626953,-30.81294822692871
98.991622924,116.5013656616211,-30.825334548950195
99.141036987,116.5013656616211,-30.825334548950195
99.340255737,116.5013656616211,-30.825334548950195
99.556076049,116.5013656616211,-30.825334548950195
99.655685424,116.4912109375,-30.80593490600586
99.854904174,116.45899200439453,-30.581798553466797
100.054122924,116.56683349609375,-30.356863021850586
100.253341674,116.78768920898438,-30.226659774780273
100.452560424,117.04488372802734,-30.216869354248047
100.651779174,117.11791229248047,-30.225421905517578
100.850997924,117.14270782470703,-30.228618621826172
101.100021362,117.47054290771484,-30.205514907836914
101.266036987,117.64253234863281,-30.09559440612793
101.465255737,117.80862426757812,-29.8963623046875
101.664474487,117.9477767944336,-29.676746368408203
101.863693237,118.10092163085938,-29.47039222717285
102.112716674,118.32852172851562,-29.26167869567871
102.311935424,118.54150390625,-29.112699508666992
102.511154174,118.76414489746094,-28.978466033935547
102.710372924,118.98966979980469,-28.849096298217773
102.876388549,119.15741729736328,-28.74867820739746
103.125411987,119.19353485107422,-28.726299285888672
103.324630737,119.19353485107422,-28.726299285888672
103.523849487,119.19353485107422,-28.726299285888672
103.723068237,119.19353485107422,-28.726299285888672
103.922286987,119.23565673828125,-28.699363708496094
104.121505737,119.42782592773438,-28.529478073120117
104.370529174,119.56949615478516,-28.25316619873047
104.536544799,119.62861633300781,-28.05377960205078
104.735763549,119.70362854003906,-27.804882049560547
104.934982299,119.79723358154297,-27.562389373779297
105.184005737,119.94281768798828,-27.27588653564453
105.383224487,120.0816421508789,-27.056100845336914
105.582443237,120.22492980957031,-26.842439651489258
105.781661987,120.36328887939453,-26.630443572998047
105.980880737,120.5003433227539,-26.41272735595703
106.180099487,120.63699340820312,-26.19152069091797
106.395919799,120.77095031738281,-25.968690872192383
106.595138549,120.90088653564453,-25.743488311767578
106.794357299,121.02617645263672,-25.520376205444336
106.993576049,121.1551513671875,-25.299373626708984
107.192794799,121.28595733642578,-25.08102798461914
107.392013549,121.42046356201172,-24.86172866821289
107.591232299,121.558349609375,-24.641298294067383
107.790451049,121.69456481933594,-24.423053741455078
108.006271362,121.84390258789062,-24.179128646850586
108.205490112,121.98240661621094,-23.9591007232666
108.454513549,122.15086364746094,-23.696508407592773
108.653732299,122.28181457519531,-23.48627281188965
108.852951049,122.38771057128906,-23.314071655273438
109.052169799,122.41410827636719,-23.271608352661133
109.251388549,122.5782470703125,-23.075389862060547
109.500411987,122.85465240478516,-22.899965286254883
109.699630737,123.06778717041016,-22.803396224975586
109.915451049,123.31778717041016,-22.68869972229004
110.114669799,123.54365539550781,-22.571609497070312
110.313888549,123.75711059570312,-22.435583114624023
110.513107299,123.96800994873047,-22.293075561523438
110.712326049,124.17430877685547,-22.15114402770996
110.961349487,124.44031524658203,-21.95621681213379
111.160568237,124.65278625488281,-21.80638885498047
111.376388549,124.74211883544922,-21.745689392089844
111.525802612,124.74211883544922,-21.745689392089844
111.774826049,124.74211883544922,-21.745689392089844
111.974044799,124.74211883544922,-21.745689392089844
112.173263549,124.74211883544922,-21.745689392089844
112.372482299,124.74211883544922,-21.745689392089844
112.571701049,124.74211883544922,-21.745689392089844
112.820724487,124.76213836669922,-21.768062591552734
112.970138549,124.80008697509766,-21.89643096923828
113.185958862,124.74168395996094,-22.158973693847656
113.335372924,124.62337493896484,-22.295948028564453
113.534591674,124.4043960571289,-22.43015480041504
113.684005737,124.22518157958984,-22.52446937561035
113.833419799,124.0676040649414,-22.615446090698242
114.032638549,123.86121368408203,-22.768535614013672
114.182052612,123.71414184570312,-22.915481567382812
114.381271362,123.54998016357422,-23.113435745239258
114.530685424,123.44324493408203,-23.260841369628906
114.729904174,123.30097198486328,-23.46526527404785
114.895919799,123.18304443359375,-23.633285522460938
115.045333862,123.06360626220703,-23.80022430419922
115.244552612,123.01594543457031,-23.8657169342041
115.393966674,123.01594543457031,-23.8657169342041
115.593185424,123.01594543457031,-23.8657169342041
115.742599487,123.01594543457031,-23.8657169342041
115.941818237,123.01594543457031,-23.8657169342041
116.091232299,123.01594543457031,-23.8657169342041
116.290451049,123.01594543457031,-23.8657169342041
116.489669799,123.01594543457031,-23.8657169342041
116.705490112,123.13008117675781,-23.877973556518555
116.904708862,123.35758209228516,-23.79360008239746
117.054122924,123.48072814941406,-23.662490844726562
117.253341674,123.61006164550781,-23.44024658203125
117.452560424,123.73975372314453,-23.214950561523438
117.651779174,123.88861083984375,-23.003658294677734
117.850997924,124.05974578857422,-22.811697006225586
118.050216674,124.24246978759766,-22.638574600219727
118.266036987,124.45329284667969,-22.46194076538086
118.465255737,124.65530395507812,-22.298267364501953
118.664474487,124.85533142089844,-22.132190704345703
118.913497924,124.896728515625,-22.095151901245117
119.112716674,124.896728515625,-22.095151901245117
119.311935424,124.896728515625,-22.095151901245117
119.511154174,124.896728515625,-22.095151901245117
119.710372924,124.92488098144531,-22.070383071899414
119.926193237,125.15690612792969,-21.923627853393555
120.125411987,125.40739440917969,-21.913211822509766
120.324630737,125.624755859375,-22.04875946044922
120.523849487,125.75226593017578,-22.273826599121094
120.723068237,125.84318542480469,-22.515893936157227
120.922286987,125.98127746582031,-22.726608276367188
121.071701049,126.11776733398438,-22.84222412109375
121.320724487,126.4107894897461,-22.98211669921875
121.470138549,126.57994079589844,-23.03252410888672
121.735763549,126.90032958984375,-23.116233825683594
121.934982299,127.15003967285156,-23.18844223022461
122.134201049,127.39297485351562,-23.268842697143555
122.333419799,127.63638305664062,-23.352140426635742
122.532638549,127.87764739990234,-23.445087432861328
122.731857299,128.1124267578125,-23.55030059814453
122.980880737,128.42088317871094,-23.681501388549805
123.180099487,128.6638641357422,-23.765933990478516
123.395919799,128.91189575195312,-23.843965530395508
123.595138549,129.15338134765625,-23.91520881652832
123.794357299,129.40460205078125,-23.976587295532227
123.993576049,129.64990234375,-24.0333194732666
124.192794799,129.89117431640625,-24.109437942504883
124.392013549,130.1251220703125,-24.22226905822754
124.591232299,130.33267211914062,-24.356849670410156
124.790451049,130.38682556152344,-24.39476776123047
125.006271362,130.62921142578125,-24.532838821411133
125.205490112,130.85992431640625,-24.63697052001953
125.404708862,131.09645080566406,-24.745006561279297
125.603927612,131.33290100097656,-24.853193283081055
125.803146362,131.56167602539062,-24.95509910583496
126.002365112,131.79747009277344,-25.064620971679688
126.201583862,132.0303955078125,-25.180131912231445
126.400802612,132.26121520996094,-25.299741744995117
126.649826049,132.53912353515625,-25.432104110717773
126.815841674,132.63714599609375,-25.475008010864258
127.064865112,132.63714599609375,-25.475008010864258
127.264083862,132.63714599609375,-25.475008010864258
127.463302612,132.63714599609375,-25.475008010864258
127.712326049,132.63714599609375,-25.475008010864258
127.911544799,132.716796875,-25.509431838989258
128.110763549,132.94955444335938,-25.60899543762207
128.309982299,133.18630981445312,-25.716426849365234
128.525802612,133.25868225097656,-25.75275421142578
128.725021362,133.25868225097656,-25.75275421142578
128.924240112,133.31430053710938,-25.78129768371582
129.123458862,133.54449462890625,-25.900012969970703
129.322677612,133.7695770263672,-26.02177619934082
129.571701049,134.041748046875,-26.171489715576172
129.770919799,134.26776123046875,-26.299964904785156
129.970138549,134.49241638183594,-26.43085289001465
130.185958862,134.73692321777344,-26.576528549194336
130.385177612,134.8721923828125,-26.65676498413086
130.584396362,134.8721923828125,-26.65676498413086
130.783615112,134.8721923828125,-26.65676498413086
130.982833862,134.8721923828125,-26.65676498413086
131.182052612,134.8721923828125,-26.65676498413086
131.381271362,134.8721923828125,-26.65676498413086
131.630294799,134.8721923828125,-26.65676498413086
131.829513549,134.89010620117188,-26.580514907836914
131.995529174,134.8644256591797,-26.39361000061035
132.194747924,134.70545959472656,-26.192758560180664
132.393966674,134.46401977539062,-26.10184669494629
132.593185424,134.2046661376953,-26.09406280517578
132.792404174,133.95330810546875,-26.108253479003906
132.941818237,133.75634765625,-26.113571166992188
133.141036987,133.50625610351562,-26.101560592651367
133.340255737,133.2582550048828,-26.067657470703125
133.506271362,133.05535888671875,-26.022146224975586
133.705490112,132.8075408935547,-25.948261260986328
133.904708862,132.56304931640625,-25.888484954833984
134.054122924,132.39285278320312,-25.86116600036621
134.253341674,132.14541625976562,-25.8330135345459
134.402755737,131.94361877441406,-25.81583023071289
134.502365112,131.851318359375,-25.80928611755371
134.701583862,131.851318359375,-25.80928611755371
134.900802612,131.851318359375,-25.80928611755371
135.050216674,131.851318359375,-25.80928611755371
135.216232299,131.851318359375,-25.80928611755371
135.365646362,131.818359375,-25.94124412536621
135.564865112,131.8728485107422,-26.176366806030273
135.813888549,132.0999755859375,-26.378999710083008
136.013107299,132.33863830566406,-26.47466468811035
136.212326049,132.56756591796875,-26.578786849975586
136.411544799,132.76222229003906,-26.720016479492188
136.610763549,132.9439239501953,-26.903684616088867
136.809982299,133.10491943359375,-27.107807159423828
137.025802612,133.27392578125,-27.333425521850586
137.225021362,133.424560546875,-27.531766891479492
137.424240112,133.58995056152344,-27.732328414916992
137.623458862,133.76695251464844,-27.922739028930664
137.822677612,133.9419403076172,-28.103778839111328
137.972091674,134.06549072265625,-28.233661651611328
138.171310424,134.24346923828125,-28.423198699951172
138.370529174,134.42108154296875,-28.613073348999023
138.569747924,134.59217834472656,-28.79778289794922
138.785568237,134.7819061279297,-29.008087158203125
138.984786987,134.88926696777344,-29.125350952148438
139.184005737,134.88926696777344,-29.125350952148438
139.383224487,134.88926696777344,-29.125350952148438
139.582443237,134.92222595214844,-29.162927627563477
139.781661987,135.05828857421875,-29.378629684448242
139.980880737,135.0775909423828,-29.62917709350586
140.130294799,135.02261352539062,-29.797956466674805
140.296310424,134.92445373535156,-29.98119354248047
140.495529174,134.79779052734375,-30.205026626586914
140.694747924,134.699462890625,-30.442541122436523
140.844161987,134.64630126953125,-30.63930892944336
141.043380737,134.60267639160156,-30.887197494506836
141.192794799,134.58123779296875,-31.062410354614258
141.392013549,134.5508575439453,-31.316490173339844
141.591232299,134.5180206298828,-31.573034286499023
141.740646362,134.49160766601562,-31.773826599121094
141.956466674,134.45370483398438,-32.02688980102539
142.105880737,134.41775512695312,-32.23036575317383
142.305099487,134.3710479736328,-32.48612594604492
142.504318237,134.322509765625,-32.7387580871582
142.653732299,134.2884063720703,-32.911949157714844
142.852951049,134.24038696289062,-33.16328430175781
143.002365112,134.20306396484375,-33.362335205078125
143.201583862,134.15411376953125,-33.61766815185547
143.400802612,134.10540771484375,-33.873046875
143.550216674,134.07070922851562,-34.04751968383789
143.716232299,134.03236389160156,-34.2449836730957
143.915451049,133.9901885986328,-34.49875259399414
144.114669799,133.9492645263672,-34.7555046081543
144.264083862,133.9149169921875,-34.95648193359375
144.413497924,133.8843994140625,-35.130348205566406
144.612716674,133.83946228027344,-35.37254333496094
144.762130737,133.8026885986328,-35.5703125
144.961349487,133.7571563720703,-35.817955017089844
145.110763549,133.72576904296875,-35.99306106567383
145.309982299,133.67953491210938,-36.2489128112793
145.475997924,133.64208984375,-36.4535026550293
145.675216674,133.5968475341797,-36.70258331298828
145.824630737,133.55972290039062,-36.901676177978516
146.023849487,133.51510620117188,-37.15781784057617
146.173263549,133.4837188720703,-37.337093353271484
146.372482299,133.44276428222656,-37.58830642700195
146.571701049,133.4042510986328,-37.82725524902344
146.721115112,133.39793395996094,-37.86725997924805
146.920333862,133.37271118164062,-38.123931884765625
147.086349487,133.3699951171875,-38.33186340332031
147.285568237,133.3916015625,-38.577030181884766
147.484786987,133.43588256835938,-38.830440521240234
147.684005737,133.48463439941406,-39.08583450317383
147.883224487,133.52804565429688,-39.33938980102539
148.082443237,133.56292724609375,-39.584590911865234
148.281661987,133.59237670898438,-39.83603286743164
148.431076049,133.6122589111328,-40.0128173828125
148.630294799,133.63525390625,-40.27178955078125
148.846115112,133.66275024414062,-40.55370330810547
148.995529174,133.6813507080078,-40.73199462890625
149.194747924,133.71678161621094,-40.98952865600586
149.393966674,133.75363159179688,-41.244136810302734
149.593185424,133.79067993164062,-41.49456787109375
149.792404174,133.82115173339844,-41.744503021240234
149.941818237,133.8447265625,-41.94978713989258
150.141036987,133.8691864013672,-42.208621978759766
150.340255737,133.8927001953125,-42.46617126464844
150.556076049,133.91934204101562,-42.71516799926758
150.755294799,133.9486846923828,-42.97349166870117
150.904708862,133.97378540039062,-43.175838470458984
151.103927612,134.00555419921875,-43.42698287963867
151.303146362,134.040283203125,-43.6735954284668
151.502365112,134.07009887695312,-43.9318733215332
151.701583862,134.09738159179688,-44.19043731689453
151.900802612,134.118408203125,-44.44546127319336
152.000411987,134.13031005859375,-44.57353973388672
152.216232299,134.15740966796875,-44.829368591308594
152.415451049,134.1806640625,-45.08419418334961
152.614669799,134.20826721191406,-45.330345153808594
152.764083862,134.22900390625,-45.535926818847656
152.963302612,134.25485229492188,-45.79187774658203
153.162521362,134.25827026367188,-45.82067108154297
153.361740112,134.26455688476562,-45.88285446166992
153.560958862,134.24606323242188,-46.13277816772461
153.710372924,134.16026306152344,-46.285675048828125
153.859786987,134.02532958984375,-46.40061569213867
154.075607299,133.77142333984375,-46.53188705444336
154.225021362,133.5941925048828,-46.617942810058594
154.424240112,133.37232971191406,-46.753116607666016
154.573654174,133.2301788330078,-46.86447525024414
154.723068237,133.08639526367188,-47.00303649902344
154.922286987,132.91729736328125,-47.20051956176758
155.071701049,132.8070831298828,-47.33839416503906
155.270919799,132.64532470703125,-47.540164947509766
155.420333862,132.51791381835938,-47.694053649902344
155.636154174,132.35557556152344,-47.8883056640625
155.785568237,132.22125244140625,-48.04707717895508
155.934982299,132.09747314453125,-48.18050003051758
156.134201049,131.92514038085938,-48.364112854003906
156.283615112,131.785400390625,-48.514469146728516
156.482833862,131.73861694335938,-48.56449890136719
156.632247924,131.73861694335938,-48.56449890136719
156.831466674,131.70489501953125,-48.60142135620117
156.980880737,131.58811950683594,-48.76828384399414
157.180099487,131.51161193847656,-49.015560150146484
157.395919799,131.49557495117188,-49.27076721191406
157.545333862,131.48851013183594,-49.478633880615234
157.744552612,131.46136474609375,-49.73023223876953
157.943771362,131.40957641601562,-49.98352813720703
158.093185424,131.3592071533203,-50.15696334838867
158.292404174,131.27093505859375,-50.39710235595703
158.491622924,131.17642211914062,-50.6363525390625
158.641036987,131.11647033691406,-50.78863525390625
158.840255737,131.11647033691406,-50.78863525390625
159.006271362,131.11647033691406,-50.78863525390625
159.205490112,131.11647033691406,-50.78863525390625
159.354904174,131.11647033691406,-50.78863525390625
159.554122924,131.11495971679688,-50.79245376586914
159.753341674,131.10787963867188,-50.804080963134766
159.902755737,131.08706665039062,-50.814369201660156
160.101974487,130.85751342773438,-50.81753921508789
160.251388549,130.697021484375,-50.734500885009766
160.450607299,130.55419921875,-50.52434158325195
160.649826049,130.49472045898438,-50.27435302734375
160.865646362,130.43153381347656,-49.998451232910156
161.064865112,130.3309326171875,-49.77708053588867
161.214279174,130.2320556640625,-49.62602615356445
161.413497924,130.07691955566406,-49.44197082519531
161.612716674,129.89295959472656,-49.258243560791016
161.811935424,129.7112579345703,-49.08000183105469
162.011154174,129.5308074951172,-48.892818450927734
162.160568237,129.3912811279297,-48.73861312866211
162.376388549,129.22764587402344,-48.536556243896484
162.575607299,129.0687255859375,-48.332523345947266
162.725021362,128.94168090820312,-48.1695671081543
162.924240112,128.7835693359375,-47.96320343017578
163.123458862,128.62522888183594,-47.76216125488281
163.322677612,128.4657440185547,-47.56206512451172
163.472091674,128.3529510498047,-47.422733306884766
163.671310424,128.19064331054688,-47.22669982910156
163.870529174,128.0308074951172,-47.030426025390625
164.036544799,127.90270233154297,-46.870052337646484
164.235763549,127.81856536865234,-46.76109313964844
164.434982299,127.81856536865234,-46.76109313964844
164.634201049,127.81856536865234,-46.76109313964844
164.833419799,127.81856536865234,-46.76109313964844
165.032638549,127.81856536865234,-46.76109313964844
165.231857299,127.78767395019531,-46.72224426269531
165.431076049,127.59732055664062,-46.553611755371094
165.580490112,127.40099334716797,-46.50020980834961
165.796310424,127.1628189086914,-46.553932189941406
165.945724487,126.98225402832031,-46.642539978027344
166.095138549,126.81979370117188,-46.72136688232422
166.294357299,126.57295989990234,-46.801658630371094
166.493576049,126.32177734375,-46.8307991027832
166.642990112,126.11932373046875,-46.828392028808594
166.842208862,125.8685531616211,-46.806068420410156
166.991622924,125.68756103515625,-46.78681564331055
167.190841674,125.4315185546875,-46.761844635009766
167.290451049,125.30733489990234,-46.75257110595703
167.506271362,125.03398895263672,-46.739105224609375
167.655685424,124.8520278930664,-46.73530960083008
167.854904174,124.59614562988281,-46.73680114746094
168.004318237,124.39369201660156,-46.7420768737793
168.203536987,124.140625,-46.74877166748047
168.352951049,123.95867156982422,-46.753578186035156
168.502365112,123.75089263916016,-46.76276779174805
168.701583862,123.49575805664062,-46.79515075683594
168.850997924,123.3176498413086,-46.83242416381836
169.050216674,123.0740966796875,-46.89628601074219
169.249435424,122.8271713256836,-46.9580192565918
169.315841674,122.75355529785156,-46.973655700683594
169.465255737,122.54840850830078,-47.007877349853516
169.664474487,122.29747009277344,-47.04124069213867
169.863693237,122.04708099365234,-47.06778335571289
170.013107299,121.8668212890625,-47.092613220214844
170.212326049,121.61835479736328,-47.147422790527344
170.361740112,121.41907501220703,-47.20686340332031
170.560958862,121.17224884033203,-47.28862762451172
170.710372924,120.99757385253906,-47.339664459228516
170.876388549,120.79741668701172,-47.39091110229492
171.075607299,120.55133819580078,-47.4372673034668
171.225021362,120.37081146240234,-47.46712875366211
171.424240112,120.36884307861328,-47.467464447021484
171.573654174,120.36884307861328,-47.467464447021484
171.772872924,120.36884307861328,-47.467464447021484
171.972091674,120.36884307861328,-47.467464447021484
172.121505737,120.33248138427734,-47.47400665283203
172.320724487,120.24816131591797,-47.50109100341797
172.470138549,120.16756439208984,-47.584495544433594
172.636154174,120.10034942626953,-47.766422271728516
172.835372924,120.13595581054688,-48.02027130126953
173.034591674,120.23670959472656,-48.25987243652344
173.233810424,120.3215103149414,-48.503822326660156
173.433029174,120.35281372070312,-48.760047912597656
173.582443237,120.344482421875,-48.965030670166016
173.781661987,120.30892944335938,-49.22249221801758
173.980880737,120.2557373046875,-49.475589752197266
174.180099487,120.209228515625,-49.72576141357422
174.346115112,120.182373046875,-49.922367095947266
174.545333862,120.15031433105469,-50.17899703979492
174.744552612,120.12955474853516,-50.435367584228516
174.893966674,120.12112426757812,-50.61032485961914
175.093185424,120.10308074951172,-50.86420822143555
175.292404174,120.08396911621094,-51.119388580322266
175.491622924,120.06871795654297,-51.378944396972656
175.641036987,120.05341339111328,-51.57951354980469
175.840255737,120.03255462646484,-51.83318328857422
176.056076049,120.01611328125,-52.08717346191406
176.205490112,120.00407409667969,-52.29344940185547
176.354904174,119.98991394042969,-52.46665954589844
176.554122924,119.9681625366211,-52.71476364135742
176.753341674,119.95175170898438,-52.968753814697266
176.952560424,119.93585205078125,-53.2282600402832
177.101974487,119.92233276367188,-53.43171310424805
177.301193237,119.90644073486328,-53.66343688964844
177.450607299,119.90621185302734,-53.66642379760742
177.649826049,119.90373229980469,-53.70384216308594
177.865646362,119.91362762451172,-53.83143615722656
178.064865112,119.98273468017578,-53.91525650024414
178.264083862,120.21815490722656,-54.0173454284668
178.463302612,120.4754409790039,-53.99250030517578
178.662521362,120.72542572021484,-53.92110824584961
178.861740112,120.9786605834961,-53.86262893676758
179.060958862,121.23644256591797,-53.829978942871094
179.260177612,121.49610900878906,-53.83576583862305
179.475997924,121.72197723388672,-53.86758041381836
179.675216674,121.75550842285156,-53.874359130859375
179.874435424,121.78469848632812,-53.8856201171875
180.073654174,121.89474487304688,-54.04037857055664
180.272872924,121.93360137939453,-54.29020690917969
180.472091674,121.89942932128906,-54.542057037353516
180.621505737,121.85051727294922,-54.73575210571289
180.820724487,121.78924560546875,-54.988407135009766
180.970138549,121.75775146484375,-55.16623306274414
181.185958862,121.73284149169922,-55.442779541015625
181.385177612,121.73478698730469,-55.702693939208984
181.584396362,121.7470932006836,-55.95967102050781
181.783615112,121.75586700439453,-56.21266555786133
181.982833862,121.75748443603516,-56.47266387939453
182.182052612,121.75786590576172,-56.72993469238281
182.381271362,121.75894165039062,-56.98035430908203
182.580490112,121.77742767333984,-57.23685836791992
182.729904174,121.79664611816406,-57.41508865356445
182.945724487,121.8196029663086,-57.70014953613281
183.144943237,121.82695007324219,-57.835235595703125
183.344161987,121.82695007324219,-57.835235595703125
183.543380737,121.82945251464844,-57.897682189941406
183.742599487,121.82847595214844,-58.15522384643555
183.941818237,121.80308532714844,-58.41387939453125
184.091232299,121.77178192138672,-58.587581634521484
184.290451049,121.71275329589844,-58.83937072753906
184.506271362,121.64191436767578,-59.10655975341797
184.705490112,121.57444763183594,-59.356258392333984
184.904708862,121.50669860839844,-59.60302734375
185.054122924,121.45919799804688,-59.77873611450195
185.253341674,121.38809967041016,-60.02882766723633
185.452560424,121.32090759277344,-60.27289962768555
185.651779174,121.25846099853516,-60.51683044433594
185.850997924,121.22710418701172,-60.64710235595703
186.050216674,121.22710418701172,-60.64710235595703
186.216232299,121.22710418701172,-60.64710235595703
186.415451049,121.22147369384766,-60.67145919799805
186.614669799,121.1971664428711,-60.92355728149414
186.764083862,121.25817108154297,-61.109046936035156
186.963302612,121.44819641113281,-61.28190612792969
187.162521362,121.6976547241211,-61.350643157958984
187.361740112,121.95682525634766,-61.36949920654297
187.560958862,122.20994567871094,-61.366172790527344
187.760177612,122.46708679199219,-61.37049102783203
187.926193237,122.67298126220703,-61.39886474609375
188.125411987,122.91980743408203,-61.47049331665039
188.324630737,122.98335266113281,-61.49607849121094
188.523849487,122.98335266113281,-61.49607849121094
188.723068237,122.98335266113281,-61.49607849121094
188.922286987,122.98335266113281,-61.49607849121094
189.121505737,122.98335266113281,-61.49607849121094
189.320724487,123.029052734375,-61.516353607177734
189.519943237,123.2211685180664,-61.636661529541016
189.735763549,123.3690185546875,-61.8768196105957
189.934982299,123.39974975585938,-62.128814697265625
190.134201049,123.41046142578125,-62.38718032836914
190.333419799,123.45258331298828,-62.636474609375
190.532638549,123.5330581665039,-62.86174392700195
190.731857299,123.55168151855469,-62.90247344970703
190.931076049,123.55168151855469,-62.90247344970703
191.130294799,123.55168151855469,-62.90247344970703
191.346115112,123.55168151855469,-62.90247344970703
191.545333862,123.55168151855469,-62.90247344970703
191.694747924,123.55413818359375,-62.9036750793457
191.943771362,123.56341552734375,-62.90242385864258
192.142990112,123.62299346923828,-62.85476303100586
192.342208862,123.71986389160156,-62.62944412231445
192.541427612,123.67955780029297,-62.377891540527344
192.740646362,123.56219482421875,-62.152339935302734
192.890060424,123.4696044921875,-62.00044250488281
193.105880737,123.32418823242188,-61.754249572753906
193.305099487,123.2132797241211,-61.519195556640625
193.504318237,123.1264877319336,-61.27857208251953
193.703536987,123.0595703125,-61.03448486328125
193.902755737,123.00224304199219,-60.78932189941406
194.101974487,122.97725677490234,-60.68152618408203
194.301193237,122.97725677490234,-60.68152618408203
194.500411987,122.97725677490234,-60.68152618408203
194.716232299,122.97725677490234,-60.68152618408203
194.915451049,123.04633331298828,-60.663551330566406
195.114669799,123.29154968261719,-60.70124053955078
195.313888549,123.48094940185547,-60.874210357666016
195.463302612,123.55901336669922,-61.06618881225586
195.662521362,123.57848358154297,-61.158634185791016
195.861740112,123.57848358154297,-61.158634185791016
196.060958862,123.57848358154297,-61.158634185791016
196.260177612,123.58901977539062,-61.220237731933594
196.475997924,123.67010498046875,-61.4519157409668
196.675216674,123.83477020263672,-61.644447326660156
196.874435424,124.04198455810547,-61.80121612548828
197.073654174,124.24786376953125,-61.94133758544922
197.272872924,124.4443130493164,-62.09428405761719
197.472091674,124.63068389892578,-62.26949691772461
197.671310424,124.7993392944336,-62.45457458496094
197.870529174,124.9599838256836,-62.643089294433594
198.086349487,125.14098358154297,-62.864524841308594
198.235763549,125.25227355957031,-62.999778747558594
198.434982299,125.41824340820312,-63.19455337524414
198.684005737,125.63105010986328,-63.442901611328125
198.883224487,125.64681243896484,-63.46134948730469
199.082443237,125.64681243896484,-63.46134948730469
199.281661987,125.71233367919922,-63.53689193725586
199.480880737,125.8853530883789,-63.727237701416016
199.680099487,126.0655517578125,-63.91082000732422
199.846115112,126.20874786376953,-64.05787658691406
200.045333862,126.39315032958984,-64.23326873779297
200.244552612,126.57898712158203,-64.40718841552734
200.443771362,126.7593765258789,-64.58480072021484
200.642990112,126.93953704833984,-64.76653289794922
200.842208862,127.12144470214844,-64.94652557373047
201.041427612,127.29985809326172,-65.12419891357422
201.240646362,127.46714782714844,-65.29745483398438
201.456466674,127.63716888427734,-65.47944641113281
201.655685424,127.804443359375,-65.65460968017578
201.755294799,127.86408233642578,-65.71660614013672
201.954513549,127.86408233642578,-65.71660614013672
202.153732299,127.87557220458984,-65.72834014892578
202.352951049,127.91636657714844,-65.75566864013672
202.552169799,128.1327667236328,-65.77940368652344
202.751388549,128.35911560058594,-65.66771697998047
202.950607299,128.49282836914062,-65.4536361694336
203.149826049,128.5721435546875,-65.21038818359375
203.365646362,128.69439697265625,-64.95608520507812
203.564865112,128.871826171875,-64.7688217163086
203.764083862,129.08233642578125,-64.61902618408203
203.963302612,129.3074188232422,-64.4945297241211
204.162521362,129.53582763671875,-64.37036895751953
204.411544799,129.79110717773438,-64.20586395263672
204.610763549,129.99725341796875,-64.04747009277344
204.809982299,130.19505310058594,-63.87876510620117
205.025802612,130.40829467773438,-63.698604583740234
205.225021362,130.61021423339844,-63.53480529785156
205.424240112,130.8152618408203,-63.37718200683594
205.623458862,131.02244567871094,-63.22470474243164
205.872482299,131.27581787109375,-63.042667388916016
206.071701049,131.4853057861328,-62.89336395263672
206.270919799,131.6975860595703,-62.743228912353516
206.470138549,131.9036407470703,-62.59159851074219
206.636154174,132.06787109375,-62.46398162841797
206.885177612,132.33448791503906,-62.256263732910156
207.084396362,132.5382843017578,-62.09482955932617
207.283615112,132.73965454101562,-61.94142150878906
207.482833862,132.94589233398438,-61.78310012817383
207.682052612,133.14846801757812,-61.62901306152344
207.881271362,133.35693359375,-61.473636627197266
208.080490112,133.56295776367188,-61.32416915893555
208.296310424,133.7730255126953,-61.17097091674805
208.495529174,133.9733123779297,-61.0302848815918
208.744552612,133.99803161621094,-61.0133171081543
208.943771362,133.99803161621094,-61.0133171081543
209.142990112,133.99803161621094,-61.0133171081543
209.342208862,133.99803161621094,-61.0133171081543
209.591232299,134.01121520996094,-61.009761810302734
209.790451049,134.0188751220703,-61.012699127197266
210.006271362,134.1042938232422,-61.1246452331543
210.155685424,134.14808654785156,-61.296051025390625
210.354904174,134.1150665283203,-61.548187255859375
210.554122924,134.0010986328125,-61.781211853027344
210.753341674,133.8737030029297,-62.00775146484375
210.952560424,133.7798614501953,-62.244083404541016
211.101974487,133.7261199951172,-62.437889099121094
211.301193237,133.67587280273438,-62.68180847167969
211.500411987,133.63912963867188,-62.930843353271484
211.649826049,133.61709594726562,-63.10322570800781
211.865646362,133.57666015625,-63.38497543334961
212.064865112,133.52947998046875,-63.640621185302734
212.214279174,133.4916229248047,-63.814430236816406
212.413497924,133.43760681152344,-64.05472564697266
212.612716674,133.3804931640625,-64.30135345458984
212.811935424,133.32040405273438,-64.55152130126953
213.011154174,133.26150512695312,-64.80194091796875
213.210372924,133.2034454345703,-65.05538177490234
213.376388549,133.15965270996094,-65.25872802734375
213.575607299,133.10618591308594,-65.507568359375
213.774826049,133.0530548095703,-65.75927734375
213.974044799,133.00234985351562,-66.01152038574219
214.123458862,132.9605255126953,-66.21527099609375
214.322677612,132.9069061279297,-66.4584732055664
214.521896362,132.85250854492188,-66.7029037475586
214.721115112,132.79286193847656,-66.95174407958984
214.920333862,132.73074340820312,-67.19856262207031
215.086349487,132.68577575683594,-67.39602661132812
215.285568237,132.6311492919922,-67.65023803710938
215.484786987,132.57455444335938,-67.90260314941406
215.684005737,132.51593017578125,-68.15170288085938
215.883224487,132.46730041503906,-68.37320709228516
216.032638549,132.4622344970703,-68.39768981933594
216.231857299,132.44448852539062,-68.64921569824219
216.431076049,132.54249572753906,-68.87873077392578
216.630294799,132.73861694335938,-69.04579162597656
216.846115112,132.989013671875,-69.18084716796875
217.045333862,133.2033233642578,-69.30193328857422
217.244552612,133.40560913085938,-69.46049499511719
217.443771362,133.58766174316406,-69.64591979980469
217.642990112,133.74949645996094,-69.849365234375
217.842208862,133.9041748046875,-70.05830383300781
218.041427612,134.0524444580078,-70.26008605957031
218.240646362,134.20559692382812,-70.46165466308594
218.456466674,134.36050415039062,-70.6618881225586
218.655685424,134.44406127929688,-70.76782989501953
218.854904174,134.44406127929688,-70.76782989501953
219.103927612,134.44406127929688,-70.76782989501953
219.203536987,134.46441650390625,-70.8054428100586
219.402755737,134.48822021484375,-71.01174926757812
219.601974487,134.3756561279297,-71.23583984375
219.751388549,134.2345428466797,-71.33822631835938
219.950607299,133.9918212890625,-71.43050384521484
220.149826049,133.7529754638672,-71.50985717773438
220.315841674,133.5690155029297,-71.59730529785156
220.465255737,133.3987274169922,-71.70918273925781
220.664474487,133.20828247070312,-71.8694839477539
220.863693237,133.02781677246094,-72.04503631591797
221.013107299,132.89950561523438,-72.17411041259766
221.212326049,132.72036743164062,-72.362548828125
221.411544799,132.54901123046875,-72.54327392578125
221.560958862,132.40789794921875,-72.6846694946289
221.760177612,132.225830078125,-72.86253356933594
221.975997924,132.0360870361328,-73.0402603149414
222.125411987,131.89401245117188,-73.16876983642578
222.324630737,131.710205078125,-73.32648468017578
222.523849487,131.5146026611328,-73.49146270751953
222.673263549,131.37733459472656,-73.6109390258789
222.872482299,131.19113159179688,-73.78242492675781
223.071701049,131.00201416015625,-73.9588394165039
223.221115112,130.84780883789062,-74.09842681884766
223.420333862,130.65638732910156,-74.26622772216797
223.636154174,130.47682189941406,-74.42462921142578
223.785568237,130.32318115234375,-74.56482696533203
223.984786987,130.13011169433594,-74.7389144897461
224.184005737,129.9419708251953,-74.9062271118164
224.383224487,129.76611328125,-75.0621109008789
224.582443237,129.6912078857422,-75.13276672363281
224.731857299,129.57778930664062,-75.26948547363281
224.931076049,129.44973754882812,-75.49076843261719
225.130294799,129.34474182128906,-75.72855377197266
225.296310424,129.26742553710938,-75.92015838623047
225.495529174,129.168212890625,-76.15303802490234
225.644943237,129.08074951171875,-76.33717346191406
225.844161987,128.96063232421875,-76.56312561035156
226.043380737,128.839111328125,-76.78363800048828
226.192794799,128.75100708007812,-76.93816375732422
226.392013549,128.6168212890625,-77.16083526611328
226.591232299,128.48072814941406,-77.38237762451172
226.790451049,128.34344482421875,-77.60319519042969
226.989669799,128.2091522216797,-77.82268524169922
227.155685424,128.0997314453125,-77.99957275390625
227.354904174,127.96913146972656,-78.21321868896484
227.504318237,127.86334228515625,-78.39070892333984
227.703536987,127.7544937133789,-78.58161926269531
227.902755737,127.75399780273438,-78.58248901367188
228.101974487,127.75399780273438,-78.58248901367188
228.251388549,127.75399780273438,-78.58248901367188
228.450607299,127.75399780273438,-78.58248901367188
228.649826049,127.74452209472656,-78.58390045166016
228.815841674,127.65584564208984,-78.57176971435547
229.015060424,127.48438262939453,-78.43607330322266
229.164474487,127.41219329833984,-78.24885559082031
229.363693237,127.44453430175781,-78.00137329101562
229.562911987,127.54611206054688,-77.7621841430664
229.762130737,127.63105010986328,-77.52555847167969
229.961349487,127.66411590576172,-77.27232360839844
230.160568237,127.64248657226562,-77.01500701904297
230.309982299,127.60584259033203,-76.84095001220703
230.525802612,127.53533172607422,-76.57369995117188
230.675216674,127.49188995361328,-76.40543365478516
230.874435424,127.43679809570312,-76.16117858886719
231.023849487,127.4003677368164,-75.95918273925781
231.223068237,127.36100006103516,-75.70218658447266
231.422286987,127.34353637695312,-75.58294677734375
231.621505737,127.34353637695312,-75.58294677734375
231.770919799,127.34353637695312,-75.58294677734375
231.970138549,127.34003448486328,-75.55819702148438
232.185958862,127.32682800292969,-75.27896118164062
232.385177612,127.35973358154297,-75.02692413330078
232.584396362,127.42343139648438,-74.77916717529297
232.783615112,127.49964141845703,-74.53202819824219
232.982833862,127.50885772705078,-74.50347137451172
233.182052612,127.50885772705078,-74.50347137451172
233.381271362,127.50885772705078,-74.50347137451172
233.580490112,127.50885772705078,-74.50347137451172
233.779708862,127.50885772705078,-74.50347137451172
233.995529174,127.50885772705078,-74.50347137451172
234.144943237,127.509033203125,-74.49937438964844
234.344161987,127.5023422241211,-74.48020935058594
234.543380737,127.34669494628906,-74.34223175048828
234.692794799,127.1712417602539,-74.29735565185547
234.892013549,126.9194564819336,-74.31434631347656
235.091232299,126.67041015625,-74.37847900390625
235.240646362,126.47239685058594,-74.43247985839844
235.390060424,126.2943115234375,-74.46989440917969
235.556076049,126.08828735351562,-74.49809265136719
235.755294799,125.83145904541016,-74.51168823242188
235.904708862,125.62345886230469,-74.51309204101562
236.103927612,125.36619567871094,-74.51078033447266
236.253341674,125.18976593017578,-74.50501251220703
236.402755737,124.98467254638672,-74.49634552001953
236.552169799,124.8027572631836,-74.49112701416016
236.701583862,124.59495544433594,-74.49909210205078
236.850997924,124.41627502441406,-74.51356506347656
237.050216674,124.17045593261719,-74.5291976928711
237.216232299,123.96805572509766,-74.53631591796875
237.365646362,123.76554107666016,-74.53853607177734
237.564865112,123.50690460205078,-74.53990173339844
237.714279174,123.33039093017578,-74.54107666015625
237.913497924,123.08061981201172,-74.55781555175781
238.062911987,122.88182067871094,-74.58820343017578
238.262130737,122.63401794433594,-74.64617919921875
238.411544799,122.45724487304688,-74.68941497802734
238.610763549,122.2035903930664,-74.7464828491211
238.760177612,122.002685546875,-74.78103637695312
238.926193237,121.80258178710938,-74.80135345458984
239.125411987,121.54362487792969,-74.8246841430664
239.274826049,121.36371612548828,-74.85176086425781
239.474044799,121.12328338623047,-74.91081237792969
239.623458862,120.92726135253906,-74.97167205810547
239.822677612,120.68421173095703,-75.05591583251953
240.021896362,120.43920135498047,-75.12939453125
240.171310424,120.26860809326172,-75.16912078857422
240.370529174,120.0227279663086,-75.21638488769531
240.519943237,119.84649658203125,-75.24918365478516
240.685958862,119.6257095336914,-75.28936767578125
240.885177612,119.37189483642578,-75.34538269042969
241.034591674,119.19619750976562,-75.39291381835938
241.233810424,118.94551086425781,-75.4619140625
241.433029174,118.8663330078125,-75.48332214355469
241.632247924,118.8663330078125,-75.48332214355469
241.781661987,118.8465576171875,-75.48880767822266
241.980880737,118.7891616821289,-75.51712799072266
242.180099487,118.64531707763672,-75.71624755859375
242.346115112,118.62017822265625,-75.9186782836914
242.545333862,118.66732788085938,-76.16838073730469
242.744552612,118.74293518066406,-76.41712188720703
242.943771362,118.81503295898438,-76.66403198242188
243.142990112,118.8562240600586,-76.90668487548828
243.342208862,118.8712387084961,-77.1579360961914
243.491622924,118.8685073852539,-77.33990478515625
243.690841674,118.85712432861328,-77.59965515136719
243.890060424,118.84071350097656,-77.84815979003906
244.105880737,118.82476043701172,-78.1309585571289
244.305099487,118.81297302246094,-78.39067840576172
244.454513549,118.80937194824219,-78.5657958984375
244.653732299,118.80738830566406,-78.81893920898438
244.852951049,118.80532836914062,-79.07894897460938
245.052169799,118.80401611328125,-79.33895874023438
245.251388549,118.81973266601562,-79.59153747558594
245.450607299,118.85279846191406,-79.83700561523438
245.649826049,118.8816146850586,-80.08988189697266
245.815841674,118.89932250976562,-80.297119140625
246.015060424,118.91513061523438,-80.54564666748047
246.214279174,118.92990112304688,-80.79835510253906
246.413497924,118.93800354003906,-81.05548095703125
246.612716674,118.93927001953125,-81.31549072265625
246.762130737,118.94029998779297,-81.51665496826172
246.961349487,118.95671081542969,-81.77609252929688
247.160568237,118.97899627685547,-82.02962493896484
247.309982299,118.99134063720703,-82.21119689941406
247.575607299,119.00346374511719,-82.5434799194336
247.774826049,119.00499725341797,-82.65010070800781
247.924240112,119.00499725341797,-82.65010070800781
248.173263549,119.00499725341797,-82.65010070800781
248.372482299,119.00499725341797,-82.65010070800781
248.571701049,119.00499725341797,-82.65010070800781
248.770919799,119.00499725341797,-82.65010070800781
248.970138549,119.10334014892578,-82.75027465820312
249.136154174,119.28684997558594,-82.82536315917969
249.335372924,119.54005432128906,-82.81804656982422
249.534591674,119.77752685546875,-82.75897979736328
249.783615112,120.0940170288086,-82.6618881225586
249.982833862,120.33138275146484,-82.62220001220703
250.182052612,120.43997192382812,-82.61264038085938
250.381271362,120.43997192382812,-82.61264038085938
250.580490112,120.50199890136719,-82.60909271240234
250.796310424,120.71198272705078,-82.63017272949219
250.995529174,120.8774642944336,-82.75807189941406
251.194747924,120.96826934814453,-82.99694061279297
251.393966674,120.94007873535156,-83.24827575683594
251.593185424,120.853271484375,-83.49324035644531
251.792404174,120.77308654785156,-83.73466491699219
251.991622924,120.74095153808594,-83.98648834228516
252.190841674,120.76569366455078,-84.23661041259766
252.390060424,120.83935546875,-84.47988891601562
252.605880737,120.94859313964844,-84.73677062988281
252.755294799,121.0177001953125,-84.90068054199219
252.954513549,121.11152648925781,-85.13285064697266
253.153732299,121.20258331298828,-85.37344360351562
253.352951049,121.28365325927734,-85.61759948730469
253.552169799,121.35884094238281,-85.8622055053711
253.751388549,121.43151092529297,-86.09880828857422
253.950607299,121.4402084350586,-86.12751770019531
254.100021362,121.4402084350586,-86.12751770019531
254.266036987,121.4402084350586,-86.12751770019531
254.465255737,121.45401000976562,-86.17557525634766
254.664474487,121.49351501464844,-86.42411041259766
254.863693237,121.47725677490234,-86.68327331542969
255.062911987,121.44212341308594,-86.93536376953125
255.262130737,121.40670776367188,-87.19294738769531
255.461349487,121.37001037597656,-87.45036315917969
255.660568237,121.33695220947266,-87.708251953125
255.859786987,121.31181335449219,-87.92989349365234
256.075592041,121.28268432617188,-88.2116470336914
256.274810791,121.2573013305664,-88.4662857055664
256.474029541,121.23003387451172,-88.71659851074219
256.673248291,121.21734619140625,-88.84862518310547
256.872467041,121.21734619140625,-88.84862518310547
257.071685791,121.21734619140625,-88.84862518310547
257.270904541,121.21734619140625,-88.84862518310547
257.470123291,121.21688842773438,-88.85408020019531
257.636138916,121.21897888183594,-88.87305450439453
257.835357666,121.25410461425781,-88.9279556274414
258.084381103,121.55044555664062,-89.06605529785156
258.283599853,121.80940246582031,-89.052490234375
258.482818603,122.06498718261719,-89.00499725341797
258.682037353,122.31553649902344,-88.95293426513672
258.831451416,122.4879379272461,-88.92207336425781
259.030670166,122.53636932373047,-88.91539001464844
259.229888916,122.53636932373047,-88.91539001464844
259.445709228,122.59844970703125,-88.9082260131836
259.644927978,122.84361267089844,-88.91989135742188
259.844146728,123.05854034423828,-89.05169677734375
260.043365478,123.18242645263672,-89.27542114257812
260.242584228,123.26321411132812,-89.51677703857422
260.441802978,123.3668441772461,-89.75496673583984
260.641021728,123.51531219482422,-89.9677734375
260.840240478,123.69037628173828,-90.14249420166016
261.056060791,123.70268249511719,-90.15348815917969
261.255279541,123.70268249511719,-90.15348815917969
261.454498291,123.70268249511719,-90.15348815917969
261.653717041,123.70268249511719,-90.15348815917969
261.902740478,123.70268249511719,-90.15348815917969
262.101959228,123.70268249511719,-90.15348815917969
262.301177978,123.70268249511719,-90.15348815917969
262.500396728,123.70268249511719,-90.15348815917969
262.716217041,123.70268249511719,-90.15348815917969
262.915435791,123.70268249511719,-90.15348815917969
263.114654541,123.71025085449219,-90.14761352539062
263.313873291,123.81827545166016,-89.97747802734375
263.513092041,123.82023620605469,-89.72779846191406
263.662506103,123.72705841064453,-89.5431137084961
263.861724853,123.55635070800781,-89.34908294677734
264.011138916,123.431640625,-89.22223663330078
264.210357666,123.26729583740234,-89.0228271484375
264.376373291,123.15596008300781,-88.85211181640625
264.575592041,123.03794860839844,-88.62669372558594
264.774810791,122.9365234375,-88.39325714111328
264.924224853,122.90396881103516,-88.31362915039062
265.123443603,122.90396881103516,-88.31362915039062
265.322662353,122.90396881103516,-88.31362915039062
265.472076416,122.90396881103516,-88.31362915039062
265.671295166,122.90396881103516,-88.31362915039062
265.870513916,122.90396881103516,-88.31362915039062
266.036529541,122.90396881103516,-88.31362915039062
266.235748291,122.90396881103516,-88.31362915039062
266.434967041,122.90396881103516,-88.31362915039062
266.634185791,122.90396881103516,-88.31362915039062
266.833404541,122.90396881103516,-88.31362915039062
266.982818603,122.90396881103516,-88.31362915039062
267.182037353,122.90396881103516,-88.31362915039062
267.381256103,122.90396881103516,-88.31362915039062
267.580474853,122.90396881103516,-88.31362915039062
267.729888916,122.90396881103516,-88.31362915039062
267.945709228,122.90396881103516,-88.31362915039062
268.144927978,122.90396881103516,-88.31362915039062
268.294342041,122.90396881103516,-88.31362915039062
268.493560791,122.90396881103516,-88.31362915039062
268.692779541,122.90396881103516,-88.31362915039062
268.891998291,122.98104858398438,-88.30142211914062
269.091217041,123.20330810546875,-88.3620376586914
269.290435791,123.36753845214844,-88.55048370361328
269.506256103,123.44938659667969,-88.81385803222656
269.705474853,123.51427459716797,-89.06414794921875
269.904693603,123.60697937011719,-89.29354095458984
270.103912353,123.73480224609375,-89.51026916503906
270.303131103,123.88848114013672,-89.7095947265625
270.502349853,124.0594482421875,-89.89995574951172
270.701568603,124.23717498779297,-90.08404541015625
270.900787353,124.41102600097656,-90.27177429199219
271.100006103,124.5765609741211,-90.47225952148438
271.315826416,124.73088836669922,-90.67633819580078
271.415435791,124.8070068359375,-90.78172302246094
271.614654541,124.95722961425781,-90.99057006835938
271.813873291,125.1038818359375,-91.19691467285156
272.062896728,125.30353546142578,-91.4696273803711
272.262115478,125.46176147460938,-91.67591857910156
272.461334228,125.59920501708984,-91.8597412109375
272.660552978,125.60041046142578,-91.86134338378906
272.876373291,125.60041046142578,-91.86134338378906
273.025787353,125.62321472167969,-91.89111328125
273.274810791,125.8417739868164,-92.1099624633789
273.424224853,126.01065063476562,-92.23125457763672
273.623443603,126.23091125488281,-92.36407470703125
273.822662353,126.45528411865234,-92.49542236328125
274.071685791,126.72056579589844,-92.65953826904297
274.270904541,126.93173217773438,-92.8064956665039
274.470123291,127.14429473876953,-92.95381927490234
274.636138916,127.31309509277344,-93.07536315917969
274.885162353,127.58905029296875,-93.27050018310547
275.034576416,127.71977233886719,-93.3574447631836
275.283599853,127.7222900390625,-93.35909271240234
275.482818603,127.7222900390625,-93.35909271240234
275.682037353,127.7222900390625,-93.35909271240234
275.881256103,127.7222900390625,-93.35909271240234
276.080474853,127.7645263671875,-93.38584899902344
276.296295166,127.97752380371094,-93.47654724121094
276.495513916,128.2205352783203,-93.4535140991211
276.694732666,128.4165496826172,-93.29247283935547
276.893951416,128.5203399658203,-93.05533599853516
277.093170166,128.58993530273438,-92.80484008789062
277.292388916,128.69500732421875,-92.5676040649414
277.441802978,128.81500244140625,-92.39801788330078
277.690826416,129.0388641357422,-92.181396484375
277.840240478,129.20648193359375,-92.05831909179688
278.056060791,129.4259490966797,-91.91895294189453
278.255279541,129.6481170654297,-91.78388977050781
278.454498291,129.85403442382812,-91.64384460449219
278.653717041,130.05792236328125,-91.49149322509766
278.852935791,130.25454711914062,-91.32559967041016
279.052154541,130.4480438232422,-91.15603637695312
279.251373291,130.6443328857422,-90.98551940917969
279.450592041,130.8424530029297,-90.81710052490234
279.649810791,131.04278564453125,-90.65139770507812
279.865631103,131.26426696777344,-90.47044372558594
280.064849853,131.46539306640625,-90.31220245361328
280.264068603,131.67140197753906,-90.15354919433594
280.463287353,131.87371826171875,-89.99017333984375
280.662506103,132.07296752929688,-89.83174896240234
280.861724853,132.2775421142578,-89.67127227783203
281.060943603,132.40090942382812,-89.56939697265625
281.309967041,132.40090942382812,-89.56939697265625
281.525787353,132.40090942382812,-89.56939697265625
281.725006103,132.40090942382812,-89.56939697265625
281.924224853,132.40090942382812,-89.56939697265625
282.123443603,132.40090942382812,-89.56939697265625
282.322662353,132.40090942382812,-89.56939697265625
282.571685791,132.40753173828125,-89.57096862792969
282.721099853,132.48948669433594,-89.64337921142578
282.920318603,132.58480834960938,-89.86569213867188
283.136138916,132.57774353027344,-90.12039947509766
283.335357666,132.51272583007812,-90.36629486083984
283.534576416,132.43421936035156,-90.6141357421875
283.733795166,132.3750762939453,-90.8644027709961
283.933013916,132.3479766845703,-91.11865234375
284.132232666,132.3462677001953,-91.37723541259766
284.331451416,132.35147094726562,-91.63716888427734
284.530670166,132.3487548828125,-91.8889389038086
284.729888916,132.3385009765625,-92.14187622070312
284.895904541,132.32887268066406,-92.34828186035156
285.095123291,132.3167266845703,-92.6038818359375
285.344146728,132.2917022705078,-92.92723083496094
285.493560791,132.2761688232422,-93.10308074951172
285.742584228,132.25277709960938,-93.44024658203125
285.941802978,132.23712158203125,-93.69564819335938
286.091217041,132.22439575195312,-93.86759948730469
286.340240478,132.20321655273438,-94.1994400024414
286.506256103,132.1943817138672,-94.4072494506836
286.705474853,132.1883087158203,-94.66580963134766
286.904693603,132.17616271972656,-94.91455841064453
287.103912353,132.15614318847656,-95.17375946044922
287.303131103,132.1378173828125,-95.43309020996094
287.502349853,132.12742614746094,-95.68467712402344
287.701568603,132.1144256591797,-95.93474578857422
287.900787353,132.10598754882812,-96.05596923828125
288.100006103,132.10598754882812,-96.05596923828125
288.266021728,132.10598754882812,-96.05596923828125
288.465240478,132.10598754882812,-96.05596923828125
288.664459228,131.93319702148438,-96.092041015625
288.813873291,131.76409912109375,-96.05149841308594
288.963287353,131.6001434326172,-95.92561340332031
289.112701416,131.4977264404297,-95.78385162353516
289.311920166,131.37428283691406,-95.55980682373047
289.461334228,131.2819366455078,-95.37650299072266
289.660552978,131.1480255126953,-95.1602554321289
289.809967041,131.03599548339844,-95.01688385009766
289.975982666,130.89649963378906,-94.86259460449219
290.175201416,130.7123260498047,-94.6850357055664
290.324615478,130.5619354248047,-94.5514144897461
290.523834228,130.37001037597656,-94.3780517578125
290.673248291,130.2425079345703,-94.25997161865234
290.872467041,130.06964111328125,-94.10225677490234
291.021881103,129.91432189941406,-93.9638900756836
291.221099853,129.71994018554688,-93.79120635986328
291.370513916,129.58348083496094,-93.67076110839844
291.536529541,129.42825317382812,-93.53645324707031
291.735748291,129.22900390625,-93.36943817138672
291.885162353,129.06874084472656,-93.23687744140625
292.034576416,128.92689514160156,-93.12284851074219
292.233795166,128.7301483154297,-92.96574401855469
292.383209228,128.56863403320312,-92.83910369873047
292.582427978,128.3638153076172,-92.6789779663086
292.731842041,128.22096252441406,-92.56623840332031
292.931060791,128.0216064453125,-92.40804290771484
293.080474853,127.85930633544922,-92.27794647216797
293.229888916,127.71949005126953,-92.1657485961914
293.445709228,127.4977035522461,-91.98516082763672
293.595123291,127.35757446289062,-91.87117004394531
293.794342041,127.15776062011719,-91.7113037109375
293.943756103,126.99783325195312,-91.5870590209961
294.142974853,126.79158782958984,-91.42874908447266
294.292388916,126.64582061767578,-91.31976318359375
294.441802978,126.4804458618164,-91.19361877441406
294.641021728,126.27693939208984,-91.0407485961914
294.790435791,126.1312255859375,-90.93170928955078
294.956451416,125.967041015625,-90.8062744140625
295.155670166,125.7685546875,-90.64479064941406
295.305084228,125.60555267333984,-90.51558685302734
295.504302978,125.40254974365234,-90.35755157470703
295.653717041,125.26262664794922,-90.24994659423828
295.852935791,125.05487823486328,-90.0936279296875
296.002349853,124.88726043701172,-89.97048950195312
296.151763916,124.73994445800781,-89.86360168457031
296.350982666,124.53121185302734,-89.71321868896484
296.500396728,124.36132049560547,-89.59319305419922
296.649810791,124.21597290039062,-89.48367309570312
296.865631103,123.99342346191406,-89.3151626586914
297.015045166,123.84881591796875,-89.20466613769531
297.164459228,123.6833724975586,-89.07862091064453
297.363677978,123.47537994384766,-88.92263793945312
297.513092041,123.32933807373047,-88.81403350830078
297.712310791,123.12165069580078,-88.66221618652344
297.861724853,122.95713806152344,-88.53720092773438
298.060943603,122.75038146972656,-88.3818359375
298.210357666,122.6058120727539,-88.27128601074219
298.376373291,122.44500732421875,-88.14820098876953
298.575592041,122.24163818359375,-87.99064636230469
298.725006103,122.08234405517578,-87.8612060546875
298.924224853,121.89134216308594,-87.6849136352539
299.073638916,121.76628875732422,-87.55651092529297
299.272857666,121.59903717041016,-87.3610610961914
299.472076416,121.4378890991211,-87.16053009033203
299.621490478,121.31094360351562,-86.99748992919922
299.820709228,121.15827178955078,-86.79214477539062
299.970123291,121.0508041381836,-86.64868927001953
300.185943603,120.88288116455078,-86.42398834228516
300.335357666,120.77127838134766,-86.2819595336914
300.484771728,120.64018249511719,-86.1205062866211
300.683990478,120.4730453491211,-85.92134857177734
300.833404541,120.35987854003906,-85.78231811523438
301.032623291,120.1973648071289,-85.5793685913086
301.231842041,120.04190826416016,-85.37957000732422
301.381256103,119.91516876220703,-85.21463775634766
301.530670166,119.8033676147461,-85.0727767944336
301.729888916,119.64810943603516,-84.87110137939453
301.895904541,119.52550506591797,-84.7133560180664
302.095123291,119.36787414550781,-84.51004791259766
302.244537353,119.24403381347656,-84.34635925292969
302.443756103,119.08882141113281,-84.14120483398438
302.593170166,118.98469543457031,-83.9986572265625
302.792388916,118.83206176757812,-83.79156494140625
302.991607666,118.67051696777344,-83.5878677368164
303.141021728,118.5435562133789,-83.43009948730469
303.340240478,118.37837219238281,-83.22931671142578
303.506256103,118.24604797363281,-83.0688247680664
303.705474853,118.07897186279297,-82.8696060180664
303.854888916,117.9639663696289,-82.72855377197266
304.054107666,117.80683898925781,-82.52487182617188
304.203521728,117.68449401855469,-82.3566665649414
304.402740478,117.53368377685547,-82.14485931396484
304.601959228,117.38160705566406,-81.9339599609375
304.751373291,117.2716064453125,-81.7889633178711
304.950592041,117.1223373413086,-81.58619689941406
305.100006103,116.99829864501953,-81.42092895507812
305.266021728,116.87574768066406,-81.25626373291016
305.465240478,116.71688842773438,-81.05045318603516
305.664459228,116.56275939941406,-80.85136413574219
305.813873291,116.45191955566406,-80.7070083618164
306.013092041,116.29380798339844,-80.50061798095703
306.162506103,116.16738891601562,-80.33720397949219
306.311920166,116.0889663696289,-80.23444366455078
306.461334228,116.08836364746094,-80.233642578125
306.660552978,116.08836364746094,-80.233642578125
306.809967041,116.08836364746094,-80.233642578125
307.025787353,116.08836364746094,-80.233642578125
307.175201416,116.07322692871094,-80.21375274658203
307.374420166,115.90892028808594,-80.01795196533203
307.573638916,115.73249053955078,-79.8345947265625
307.723052978,115.58113098144531,-79.69805908203125
307.922271728,115.3853530883789,-79.53973388671875
308.071685791,115.24839782714844,-79.43054962158203
308.270904541,115.0467758178711,-79.2685775756836
308.420318603,114.89371490478516,-79.14665985107422
308.636138916,114.69273376464844,-78.98607635498047
308.785552978,114.53148651123047,-78.85470581054688
308.984771728,114.32796478271484,-78.69291687011719
309.183990478,114.13195037841797,-78.5284423828125
309.333404541,113.99325561523438,-78.41061401367188
309.482818603,113.83570861816406,-78.27482604980469
309.682037353,113.63955688476562,-78.10840606689453
309.881256103,113.44123077392578,-77.94670867919922
310.030670166,113.30024719238281,-77.83158111572266
310.229888916,113.09713745117188,-77.66927337646484
310.395904541,112.93534088134766,-77.5407943725586
310.545318603,112.77093505859375,-77.41790008544922
310.744537353,112.56758880615234,-77.26031494140625
310.893951416,112.42911529541016,-77.15532684326172
311.093170166,112.22399139404297,-76.99779510498047
311.292388916,112.0212173461914,-76.84397888183594
311.441802978,111.85816192626953,-76.71929168701172
311.641021728,111.65645599365234,-76.55967712402344
311.790435791,111.51849365234375,-76.4452133178711
312.006256103,111.2990493774414,-76.26180267333984
312.155670166,111.15824127197266,-76.14649963378906
312.354888916,110.96099853515625,-75.98561096191406
312.554107666,110.75506591796875,-75.82693481445312
312.703521728,110.58915710449219,-75.70149230957031
312.902740478,110.38153076171875,-75.5450210571289
313.052154541,110.2398681640625,-75.43519592285156
313.251373291,110.034423828125,-75.27811431884766
313.400787353,109.8713150024414,-75.14904022216797
313.600006103,109.67684173583984,-74.99568176269531
313.766021728,109.51400756835938,-74.8707275390625
313.915435791,109.36814880371094,-74.76188659667969
314.114654541,109.16105651855469,-74.60694122314453
314.313873291,108.95355987548828,-74.45486450195312
314.463287353,108.78616333007812,-74.33141326904297
314.662506103,108.57952880859375,-74.18280792236328
314.811920166,108.43035888671875,-74.07855987548828
315.011138916,108.22222900390625,-73.92285919189453
315.160552978,108.063720703125,-73.78821563720703
315.376373291,107.8807144165039,-73.60559844970703
315.525787353,107.75007629394531,-73.45088958740234
315.725006103,107.59857177734375,-73.23966217041016
315.874420166,107.49713134765625,-73.08853912353516
316.073638916,107.35328674316406,-72.87523651123047
316.272857666,107.20606994628906,-72.66093444824219
316.422271728,107.08671569824219,-72.49561309814453
316.621490478,107.07254028320312,-72.47591400146484
316.820709228,107.07254028320312,-72.47591400146484
316.970123291,107.06523895263672,-72.46576690673828
317.185943603,106.89778900146484,-72.25432586669922
317.385162353,106.72586822509766,-72.05926513671875
317.584381103,106.56204986572266,-71.88274383544922
317.733795166,106.43987274169922,-71.75532531738281
317.933013916,106.266845703125,-71.57431030273438
318.132232666,106.17681121826172,-71.47879791259766
318.281646728,106.17681121826172,-71.47879791259766
318.480865478,106.17681121826172,-71.47879791259766
318.680084228,106.17681121826172,-71.47879791259766
318.846099853,106.17681121826172,-71.47879791259766
319.045318603,106.17681121826172,-71.47879791259766
319.244537353,106.17681121826172,-71.47879791259766
319.393951416,106.17681121826172,-71.47879791259766
319.593170166,106.17681121826172,-71.47879791259766
319.742584228,106.15985870361328,-71.4604263305664
319.941802978,105.9960708618164,-71.26119995117188
320.141021728,105.98625946044922,-71.24794006347656
320.340240478,105.98625946044922,-71.24794006347656
320.506256103,105.98625946044922,-71.24794006347656
320.705474853,105.98625946044922,-71.24794006347656
320.904693603,105.98625946044922,-71.24794006347656
321.103912353,105.98625946044922,-71.24794006347656
321.253326416,105.98625946044922,-71.24794006347656
321.352935791,105.98625946044922,-71.24794006347656
321.552154541,105.98625946044922,-71.24794006347656
321.751373291,105.98625946044922,-71.24794006347656
321.950592041,105.98625946044922,-71.24794006347656
322.149810791,105.98625946044922,-71.24794006347656
322.315826416,105.98625946044922,-71.24794006347656
322.515045166,105.98625946044922,-71.24794006347656
322.714263916,105.98625946044922,-71.24794006347656
322.913482666,105.98625946044922,-71.24794006347656
323.112701416,105.98625946044922,-71.24794006347656
323.311920166,105.98625946044922,-71.24794006347656
323.461334228,105.98625946044922,-71.24794006347656
323.660552978,105.98625946044922,-71.24794006347656
323.876373291,105.98625946044922,-71.24794006347656
324.025787353,105.98625946044922,-71.24794006347656
324.225006103,105.98625946044922,-71.24794006347656
324.424224853,105.98625946044922,-71.24794006347656
324.623443603,105.98625946044922,-71.24794006347656
324.822662353,105.98625946044922,-71.24794006347656
325.021881103,105.98625946044922,-71.24794006347656
325.171295166,105.98625946044922,-71.24794006347656
325.370513916,105.98625946044922,-71.24794006347656
325.586334228,105.98625946044922,-71.24794006347656
325.785552978,105.98625946044922,-71.24794006347656
325.934967041,105.98625946044922,-71.24794006347656
326.134185791,105.98625946044922,-71.24794006347656
326.333404541,105.98625946044922,-71.24794006347656
326.532623291,105.98625946044922,-71.24794006347656
326.731842041,105.98625946044922,-71.24794006347656
326.931060791,105.98625946044922,-71.24794006347656
327.130279541,105.98625946044922,-71.24794006347656
327.296295166,105.98625946044922,-71.24794006347656
327.495513916,105.98625946044922,-71.24794006347656
327.694732666,105.98625946044922,-71.24794006347656
327.893951416,105.98625946044922,-71.24794006347656
328.093170166,105.98625946044922,-71.24794006347656
328.292388916,105.98625946044922,-71.24794006347656
328.441802978,105.98625946044922,-71.24794006347656
328.641021728,105.98625946044922,-71.24794006347656
328.840240478,105.98625946044922,-71.24794006347656
328.989654541,105.98625946044922,-71.24794006347656
329.205474853,105.98625946044922,-71.24794006347656
329.404693603,105.98625946044922,-71.24794006347656
329.603912353,105.98625946044922,-71.24794006347656
329.803131103,105.98625946044922,-71.24794006347656
330.002349853,105.98625946044922,-71.24794006347656
330.201568603,105.98625946044922,-71.24794006347656
330.350982666,105.98625946044922,-71.24794006347656
330.550201416,105.98625946044922,-71.24794006347656
330.766021728,105.98625946044922,-71.24794006347656
330.965240478,105.98625946044922,-71.24794006347656
331.114654541,105.98625946044922,-71.24794006347656
331.313873291,105.98625946044922,-71.24794006347656
331.513092041,105.98625946044922,-71.24794006347656
331.712310791,105.98625946044922,-71.24794006347656
331.911529541,105.98625946044922,-71.24794006347656
332.110748291,105.96357727050781,-71.21659851074219
332.260162353,105.9452896118164,-71.18010711669922
332.475982666,105.9349136352539,-70.94580078125
332.675201416,106.06703186035156,-70.73109436035156
332.874420166,106.29302215576172,-70.61524963378906
333.073638916,106.54046630859375,-70.55581665039062
333.272857666,106.77977752685547,-70.4826431274414
333.472076416,107.00782012939453,-70.36748504638672
333.671295166,107.2109375,-70.21012115478516
333.820709228,107.28831481933594,-70.13624572753906
334.036529541,107.28831481933594,-70.13624572753906
334.235748291,107.28831481933594,-70.13624572753906
334.434967041,107.28831481933594,-70.13624572753906
334.634185791,107.28831481933594,-70.13624572753906
334.833404541,107.28831481933594,-70.13624572753906
335.032623291,107.28831481933594,-70.13624572753906
335.231842041,107.28831481933594,-70.13624572753906
335.431060791,107.28831481933594,-70.13624572753906
335.630279541,107.28831481933594,-70.13624572753906
335.846099853,107.28831481933594,-70.13624572753906
336.045318603,107.35668182373047,-70.06481170654297
336.194732666,107.45829772949219,-69.92103576660156
336.344146728,107.51072692871094,-69.72415924072266
336.543365478,107.48239135742188,-69.47054290771484
336.692779541,107.44035339355469,-69.29771423339844
336.891998291,107.37638092041016,-69.04570770263672
337.091217041,107.33063507080078,-68.79277801513672
337.290435791,107.32249450683594,-68.54127502441406
337.456451416,107.33125305175781,-68.33757781982422
337.655670166,107.34468841552734,-68.14054107666016
337.854888916,107.34476470947266,-68.13954162597656
338.004302978,107.34476470947266,-68.13954162597656
338.203521728,107.34476470947266,-68.13954162597656
338.402740478,107.34476470947266,-68.13954162597656
338.601959228,107.34476470947266,-68.13954162597656
338.801177978,107.34970092773438,-68.0396728515625
338.950592041,107.3431625366211,-67.86335754394531
339.149810791,107.30372619628906,-67.60926055908203
339.365631103,107.23524475097656,-67.33162689208984
339.515045166,107.18912506103516,-67.16263580322266
339.714263916,107.11808013916016,-66.91682434082031
339.913482666,107.04410552978516,-66.6775894165039
340.112701416,106.97220611572266,-66.43630981445312
340.262115478,106.91670227050781,-66.24295806884766
340.461334228,106.847900390625,-65.99791717529297
340.660552978,106.77957153320312,-65.75273895263672
340.876373291,106.7133560180664,-65.50981903076172
341.025787353,106.65541076660156,-65.31006622314453
341.225006103,106.58146667480469,-65.06510162353516
341.424224853,106.50653076171875,-64.81613159179688
341.623443603,106.43169403076172,-64.56856536865234
341.822662353,106.36006927490234,-64.32719421386719
341.972076416,106.30880737304688,-64.15972137451172
342.171295166,106.23397064208984,-63.92218780517578
342.320709228,106.1758804321289,-63.72959518432617
342.536529541,106.10128021240234,-63.481956481933594
342.735748291,106.0289077758789,-63.23794937133789
342.934967041,105.9569091796875,-62.98813247680664
343.134185791,105.8843994140625,-62.742733001708984
343.283599853,105.826904296875,-62.542842864990234
343.482818603,105.75343322753906,-62.297733306884766
343.682037353,105.67427062988281,-62.05006790161133
343.881256103,105.59881591796875,-61.80552673339844
344.080474853,105.52165985107422,-61.56297302246094
344.229888916,105.51415252685547,-61.53990173339844
344.445709228,105.51415252685547,-61.53990173339844
344.644927978,105.51415252685547,-61.53990173339844
344.844146728,105.51415252685547,-61.53990173339844
345.043365478,105.51415252685547,-61.53990173339844
345.242584228,105.51415252685547,-61.53990173339844
345.441802978,105.49584197998047,-61.48014831542969
345.641021728,105.4636459350586,-61.224609375
345.840240478,105.55561828613281,-60.99130630493164
346.056060791,105.76116943359375,-60.83803939819336
346.255279541,105.99668884277344,-60.74542999267578
346.454498291,106.23118591308594,-60.6340446472168
346.653717041,106.43601989746094,-60.47902297973633
346.852935791,106.61497497558594,-60.292579650878906
347.052154541,106.77107238769531,-60.086483001708984
347.251373291,106.91545104980469,-59.87027359008789
347.450592041,107.05628204345703,-59.6566162109375
347.649810791,107.2027816772461,-59.441837310791016
347.815826416,107.32083892822266,-59.28601837158203
348.015045166,107.34700012207031,-59.25251007080078
348.214263916,107.34700012207031,-59.25251007080078
348.413482666,107.36228942871094,-59.23272705078125
348.662506103,107.5044937133789,-58.950653076171875
348.811920166,107.49903106689453,-58.77821350097656
349.011138916,107.37248229980469,-58.558956146240234
349.210357666,107.1755599975586,-58.400840759277344
349.426177978,106.9375991821289,-58.25755310058594
349.625396728,106.7342529296875,-58.10960388183594
349.774810791,106.60741424560547,-57.97932434082031
349.974029541,106.4618911743164,-57.7724723815918
350.173248291,106.33983612060547,-57.547645568847656
350.372467041,106.22589111328125,-57.31394577026367
350.571685791,106.11787414550781,-57.08196258544922
350.770904541,106.00753021240234,-56.85415267944336
350.970123291,105.88888549804688,-56.6320915222168
351.136138916,105.78234100341797,-56.45344924926758
351.335357666,105.64618682861328,-56.23680114746094
351.534576416,105.50361633300781,-56.01939392089844
351.733795166,105.36408996582031,-55.804901123046875
351.933013916,105.22945404052734,-55.588897705078125
352.082427978,105.12045288085938,-55.411746978759766
352.281646728,104.9946517944336,-55.196807861328125
352.480865478,104.8602523803711,-54.97425079345703
352.680084228,104.72543334960938,-54.7615966796875
352.895904541,104.59785461425781,-54.554325103759766
353.095123291,104.5896987915039,-54.54114532470703
353.244537353,104.57026672363281,-54.50907897949219
353.443756103,104.45094299316406,-54.283912658691406
353.593170166,104.3740463256836,-54.123497009277344
353.742584228,104.28707885742188,-53.934532165527344
353.941802978,104.23036193847656,-53.81312561035156
354.141021728,104.23036193847656,-53.81312561035156
354.340240478,104.23036193847656,-53.81312561035156
354.506256103,104.23036193847656,-53.81312561035156
354.705474853,104.23036193847656,-53.81312561035156
354.954498291,104.23036193847656,-53.81312561035156
355.103912353,104.21479797363281,-53.77901077270508
355.303131103,104.14229583740234,-53.53664779663086
355.502349853,104.148681640625,-53.29124069213867
355.701568603,104.21659088134766,-53.04351806640625
355.900787353,104.30034637451172,-52.80462646484375
356.149810791,104.38201141357422,-52.50361251831055
356.315826416,104.42262268066406,-52.29966354370117
356.515045166,104.4530258178711,-52.04975509643555
356.714263916,104.47999572753906,-51.79804229736328
356.913482666,104.5043716430664,-51.541927337646484
357.112701416,104.53285217285156,-51.283504486083984
357.311920166,104.56334686279297,-51.033573150634766
357.511138916,104.59819793701172,-50.786956787109375
357.710357666,104.63461303710938,-50.535037994384766
357.876373291,104.66374969482422,-50.33184814453125
358.075592041,104.70313262939453,-50.07484817504883
358.274810791,104.74179077148438,-49.8177375793457
358.474029541,104.77942657470703,-49.56462478637695
358.673248291,104.81411743164062,-49.30694580078125
358.872467041,104.8200912475586,-49.264862060546875
359.071685791,104.82349395751953,-49.24009704589844
359.270904541,104.82746887207031,-48.983829498291016
359.470123291,104.77110290527344,-48.74164581298828
359.685943603,104.65904998779297,-48.47871398925781
359.885162353,104.55033874511719,-48.25160598754883
360.084381103,104.44458770751953,-48.01860427856445
360.283599853,104.34576416015625,-47.78108596801758
360.482818603,104.25591278076172,-47.54441833496094
360.682037353,104.17195892333984,-47.30268478393555
360.881256103,104.08684539794922,-47.05699920654297
361.080474853,104.07257843017578,-47.01696014404297
361.229888916,104.07257843017578,-47.01696014404297
361.445709228,104.07257843017578,-47.01696014404297
361.644927978,104.07257843017578,-47.01696014404297
361.844146728,104.07257843017578,-47.01696014404297
362.043365478,104.07257843017578,-47.01696014404297
362.242584228,104.07257843017578,-47.01696014404297
362.441802978,104.07257843017578,-47.01696014404297
362.591217041,104.06438446044922,-47.01648712158203
362.790435791,104.02027130126953,-47.02948760986328
362.956451416,103.92156982421875,-47.13107681274414
363.155670166,103.84642028808594,-47.3738899230957
363.354888916,103.8718032836914,-47.630645751953125
363.504302978,103.91659545898438,-47.83375930786133
363.703521728,103.96813201904297,-48.08857727050781
363.902740478,104.00143432617188,-48.34487533569336
364.052154541,104.00342559814453,-48.52408981323242
364.251373291,103.9850845336914,-48.776485443115234
364.400787353,103.95407104492188,-48.98214340209961
364.600006103,103.90995025634766,-49.23281478881836
364.766021728,103.87430572509766,-49.43079376220703
364.965240478,103.8332290649414,-49.679203033447266
365.114654541,103.80609893798828,-49.85918045043945
365.313873291,103.77098083496094,-50.11679458618164
365.513092041,103.74100494384766,-50.366790771484375
365.662506103,103.71867370605469,-50.56669998168945
365.861724853,103.69530487060547,-50.813270568847656
366.060943603,103.66600799560547,-51.06747817993164
366.210357666,103.64741516113281,-51.24851989746094
366.409576416,103.619384765625,-51.504241943359375
366.575592041,103.59600067138672,-51.70816421508789
366.774810791,103.57262420654297,-51.967098236083984
366.924224853,103.55247497558594,-52.17136001586914
367.123443603,103.52884674072266,-52.423397064208984
367.272857666,103.5123519897461,-52.60051727294922
367.472076416,103.4843521118164,-52.85764694213867
367.671295166,103.46015930175781,-53.11650466918945
367.820709228,103.44039916992188,-53.316680908203125
368.036529541,103.41650390625,-53.5645751953125
368.185943603,103.40109252929688,-53.76651382446289
368.385162353,103.3784408569336,-54.025508880615234
368.534576416,103.36162567138672,-54.199851989746094
368.683990478,103.34256744384766,-54.40009689331055
368.833404541,103.32453155517578,-54.5756950378418
369.032623291,103.29971313476562,-54.83312225341797
369.231842041,103.27763366699219,-55.092166900634766
369.381256103,103.26054382324219,-55.29945373535156
369.580474853,103.2367172241211,-55.55422592163086
369.729888916,103.22269439697266,-55.735679626464844
369.945709228,103.19989013671875,-56.019378662109375
370.095123291,103.18304443359375,-56.195091247558594
370.294342041,103.16342163085938,-56.45433807373047
370.443756103,103.15116882324219,-56.66197204589844
370.642974853,103.13038635253906,-56.915645599365234
370.792388916,103.11640167236328,-57.087501525878906
370.991607666,103.09718322753906,-57.33718490600586
371.190826416,103.07193756103516,-57.589073181152344
371.340240478,103.05109405517578,-57.7960205078125
371.556060791,103.03236389160156,-58.05396270751953
371.705474853,103.0176010131836,-58.25731658935547
371.904693603,102.9950942993164,-58.516334533691406
372.103912353,102.97725677490234,-58.77296829223633
372.253326416,102.96646881103516,-58.949161529541016
372.452545166,102.94715881347656,-59.20294952392578
372.651763916,102.92781066894531,-59.459476470947266
372.850982666,102.91375732421875,-59.71909713745117
373.000396728,102.89993286132812,-59.91840362548828
373.149810791,102.88556671142578,-60.09023666381836
373.365631103,102.8633041381836,-60.37125015258789
373.564849853,102.84432983398438,-60.630550384521484
373.714263916,102.82785034179688,-60.80492401123047
373.913482666,102.80656433105469,-61.050315856933594
374.112701416,102.79165649414062,-61.29890823364258
374.311920166,102.78058624267578,-61.55593490600586
374.461334228,102.76710510253906,-61.76349639892578
374.660552978,102.7494125366211,-62.01329803466797
374.809967041,102.73904418945312,-62.19088363647461
375.025787353,102.72518157958984,-62.46968078613281
375.225006103,102.70685577392578,-62.72902297973633
375.374420166,102.69313049316406,-62.9063835144043
375.573638916,102.67692565917969,-63.156272888183594
375.772857666,102.65689849853516,-63.409996032714844
375.972076416,102.6332778930664,-63.668907165527344
376.121490478,102.619140625,-63.87230682373047
376.320709228,102.60877227783203,-64.125244140625
376.470123291,102.60189819335938,-64.30026245117188
376.685943603,102.58346557617188,-64.58427429199219
376.885162353,102.565673828125,-64.83540344238281
377.084381103,102.55199432373047,-65.08818054199219
377.233795166,102.54156494140625,-65.26850891113281
377.433013916,102.5219497680664,-65.52777099609375
377.632232666,102.5031967163086,-65.78160095214844
377.831451416,102.49236297607422,-66.02767181396484
378.030670166,102.48165130615234,-66.2764892578125
378.229888916,102.46368408203125,-66.53038024902344
378.395904541,102.44896697998047,-66.73785400390625
378.595123291,102.43701171875,-66.99071502685547
378.794342041,102.42894744873047,-67.2451171875
378.943756103,102.41724395751953,-67.45140838623047
379.142974853,102.39743041992188,-67.7106704711914
379.342193603,102.37840270996094,-67.96723937988281
379.541412353,102.36033630371094,-68.22522735595703
379.740631103,102.33714294433594,-68.48417663574219
379.890045166,102.32307434082031,-68.65876007080078
380.056060791,102.31170654296875,-68.85958862304688
380.255279541,102.30436706542969,-69.11947631835938
380.454498291,102.29789733886719,-69.37802124023438
380.653717041,102.28388977050781,-69.62529754638672
380.852935791,102.2667236328125,-69.87098693847656
381.002349853,102.25657653808594,-70.07324981689453
381.201568603,102.25093078613281,-70.21790313720703
381.400787353,102.25093078613281,-70.21790313720703
381.600006103,102.25093078613281,-70.21790313720703
381.815826416,102.25093078613281,-70.21790313720703
382.015045166,102.25093078613281,-70.21790313720703
382.164459228,102.24909973144531,-70.25535583496094
382.363677978,102.2312240600586,-70.51272583007812
382.562896728,102.21005249023438,-70.7704849243164
382.762115478,102.19645690917969,-71.0246353149414
382.961334228,102.19100189208984,-71.27497863769531
383.160552978,102.18777465820312,-71.53496551513672
383.309967041,102.18120574951172,-71.71684265136719
383.525787353,102.16358184814453,-71.98994445800781
383.725006103,102.14225769042969,-72.24494171142578
383.924224853,102.11610412597656,-72.50360870361328
384.123443603,102.08794403076172,-72.7579345703125
384.322662353,102.06173706054688,-73.00834655761719
384.472076416,102.04212188720703,-73.1823959350586
384.671295166,102.01294708251953,-73.43798065185547
384.870513916,101.95976257324219,-73.69084930419922
385.036529541,101.87893676757812,-73.8790054321289
385.235748291,101.70576477050781,-74.07051849365234
385.434967041,101.49465942382812,-74.16490936279297
385.634185791,101.2436752319336,-74.1912841796875
385.783599853,101.04484558105469,-74.17303466796875
385.982818603,100.80392456054688,-74.12899780273438
386.082427978,100.67777252197266,-74.10384368896484
386.231842041,100.49810791015625,-74.07491302490234
386.431060791,100.2390365600586,-74.0538558959961
386.580474853,100.03797149658203,-74.04834747314453
386.796295166,99.79056549072266,-74.05921936035156
386.945709228,99.59917449951172,-74.06761932373047
387.144927978,99.34072875976562,-74.07732391357422
387.344146728,99.08760833740234,-74.0812759399414
387.493560791,98.93335723876953,-74.07999420166016
387.692779541,98.67615509033203,-74.07474517822266
387.842193603,98.47368621826172,-74.0790786743164
388.041412353,98.23148345947266,-74.08045196533203
388.240631103,97.97430419921875,-74.07392120361328
388.390045166,97.79240417480469,-74.06724548339844
388.605865478,97.50930786132812,-74.0568618774414
388.755279541,97.33013916015625,-74.05111694335938
388.954498291,97.07014465332031,-74.04815673828125
389.103912353,96.86488342285156,-74.04646301269531
389.303131103,96.61585998535156,-74.04438781738281
389.452545166,96.44070434570312,-74.04341125488281
389.651763916,96.18206787109375,-74.04530334472656
389.850982666,95.92205810546875,-74.04728698730469
390.050201416,95.67166137695312,-74.04916381835938
390.216217041,95.47052001953125,-74.05067443847656
390.365631103,95.26663208007812,-74.05221557617188
390.564849853,95.00799560546875,-74.05418395996094
390.714263916,94.83010864257812,-74.05552673339844
390.913482666,94.57568359375,-74.0625228881836
391.112701416,94.3158950805664,-74.07276153564453
391.262115478,94.10834503173828,-74.08622741699219
391.461334228,93.848876953125,-74.10214233398438
391.660552978,93.5930404663086,-74.09957122802734
391.809967041,93.41120147705078,-74.09184265136719
391.975982666,93.20492553710938,-74.07987976074219
392.175201416,92.94817352294922,-74.06403350830078
392.374420166,92.68840026855469,-74.05329132080078
392.573638916,92.42845916748047,-74.04803466796875
392.772857666,92.20423126220703,-74.0263442993164
392.922271728,92.20423126220703,-74.0263442993164
393.121490478,92.20423126220703,-74.0263442993164
393.320709228,92.19884490966797,-74.02729797363281
393.470123291,92.17768096923828,-74.03660583496094
393.685943603,92.05040740966797,-74.22215270996094
393.885162353,92.04039001464844,-74.44454193115234
394.084381103,92.04459381103516,-74.45945739746094
394.283599853,92.04459381103516,-74.45945739746094
394.433013916,92.04459381103516,-74.45945739746094
394.632232666,92.04459381103516,-74.45945739746094
394.831451416,92.04459381103516,-74.45945739746094
395.030670166,92.04459381103516,-74.45945739746094
395.229888916,92.04459381103516,-74.45945739746094
395.429107666,92.04459381103516,-74.45945739746094
395.595123291,92.04459381103516,-74.45945739746094
395.794342041,92.00100708007812,-74.46371459960938
395.993560791,91.76863098144531,-74.39364624023438
396.192779541,91.71183013916016,-74.34717559814453
396.391998291,91.71183013916016,-74.34717559814453
396.591217041,91.71183013916016,-74.34717559814453
396.740631103,91.71183013916016,-74.34717559814453
396.956451416,91.71183013916016,-74.34717559814453
397.155670166,91.71183013916016,-74.34717559814453
397.354888916,91.71183013916016,-74.34717559814453
397.554107666,91.71183013916016,-74.34717559814453
397.753326416,91.71183013916016,-74.34717559814453
397.952545166,91.71183013916016,-74.34717559814453
398.101959228,91.71183013916016,-74.34717559814453
398.301177978,91.71183013916016,-74.34717559814453
398.500396728,91.71183013916016,-74.34717559814453
398.649810791,91.71183013916016,-74.34717559814453
398.865631103,91.69513702392578,-74.3135986328125
399.064849853,91.58150482177734,-74.15550994873047
399.264068603,91.36433410644531,-74.04933166503906
399.463287353,91.10999298095703,-74.07006072998047
399.612701416,90.93675994873047,-74.12577819824219
399.811920166,90.68954467773438,-74.20631408691406
400.011138916,90.4483871459961,-74.27327728271484
400.160552978,90.24185180664062,-74.29552459716797
400.376373291,89.9894790649414,-74.27932739257812
400.575592041,89.7374038696289,-74.23538208007812
400.725006103,89.53894805908203,-74.20252990722656
400.924224853,89.28868103027344,-74.17559051513672
401.123443603,89.03313446044922,-74.16236114501953
401.322662353,88.77395629882812,-74.14179229736328
401.472076416,88.5929946899414,-74.12236785888672
401.671295166,88.50228881835938,-74.11038970947266
401.870513916,88.24534606933594,-74.07771301269531
402.019927978,88.06840515136719,-74.05944061279297
402.235748291,87.78968048095703,-74.04496002197266
402.385162353,87.58169555664062,-74.0422592163086
402.584381103,87.32168579101562,-74.04399108886719
402.783599853,87.06716918945312,-74.04591369628906
402.982818603,86.80990600585938,-74.04786682128906
403.132232666,86.62789916992188,-74.04925537109375
403.331451416,86.37200927734375,-74.05119323730469
403.431060791,86.24612426757812,-74.05213928222656
403.630279541,85.99710083007812,-74.05400085449219
403.796295166,85.79183959960938,-74.05555725097656
403.995513916,85.533203125,-74.05752563476562
404.194732666,85.28005981445312,-74.05943298339844
404.344146728,85.07205963134766,-74.05970001220703
404.543365478,84.93920135498047,-74.05350494384766
404.742584228,84.93920135498047,-74.05350494384766
404.891998291,84.93920135498047,-74.05350494384766
405.091217041,84.93920135498047,-74.05350494384766
405.290435791,84.88929748535156,-74.05046081542969
405.456451416,84.68933868408203,-74.04156494140625
405.655670166,84.43348693847656,-74.03742980957031
405.854888916,84.17351531982422,-74.04095458984375
406.004302978,83.96829986572266,-74.04510498046875
406.203521728,83.72065734863281,-74.05009460449219
406.402740478,83.47028350830078,-74.05514526367188
406.601959228,83.21442413330078,-74.05948638916016
406.751373291,83.03241729736328,-74.06028747558594
406.950592041,82.77515411376953,-74.06141662597656
407.149810791,82.5234375,-74.05786895751953
407.315826416,82.31996154785156,-74.0449447631836
407.515045166,82.06098175048828,-74.02191925048828
407.664459228,81.86063385009766,-74.0039291381836
407.863677978,81.6107177734375,-73.98808288574219
408.013092041,81.43157196044922,-73.98152923583984
408.212310791,81.18253326416016,-73.97929382324219
408.411529541,80.94207763671875,-73.98881530761719
408.610748291,80.9299545288086,-73.98928833007812
408.760162353,80.9299545288086,-73.98928833007812
408.926177978,80.89250183105469,-73.9911117553711
409.125396728,80.65377044677734,-74.01703643798828
409.324615478,80.40679931640625,-74.0490493774414
409.523834228,80.1521224975586,-74.07391357421875
409.723052978,79.8927001953125,-74.0910415649414
409.872467041,79.71495056152344,-74.09799194335938
410.071685791,79.46182250976562,-74.10111999511719
410.270904541,79.23945617675781,-74.09156036376953
410.470123291,79.228759765625,-74.0903549194336
410.636138916,79.228759765625,-74.0903549194336
410.835357666,79.228759765625,-74.0903549194336
411.034576416,79.228759765625,-74.0903549194336
411.183990478,79.228759765625,-74.0903549194336
411.383209228,79.228759765625,-74.0903549194336
411.582427978,79.228759765625,-74.0903549194336
411.781646728,79.16658020019531,-74.08405303955078
411.980865478,78.92182159423828,-74.10057067871094
412.180084228,78.71160888671875,-74.23994445800781
412.346099853,78.6075210571289,-74.40827178955078
412.545318603,78.50928497314453,-74.64740753173828
412.744537353,78.41646575927734,-74.86016082763672
412.943756103,78.40928649902344,-74.8739013671875
413.142974853,78.40928649902344,-74.8739013671875
413.342193603,78.40928649902344,-74.8739013671875
413.541412353,78.40928649902344,-74.8739013671875
413.740631103,78.40928649902344,-74.8739013671875
413.890045166,78.40928649902344,-74.8739013671875
414.105865478,78.40928649902344,-74.8739013671875
414.305084228,78.40928649902344,-74.8739013671875
414.504302978,78.40928649902344,-74.8739013671875
414.703521728,78.40928649902344,-74.8739013671875
414.902740478,78.40928649902344,-74.8739013671875
415.101959228,78.40928649902344,-74.8739013671875
415.301177978,78.44866943359375,-74.92178344726562
415.500396728,78.6689453125,-75.03934478759766
415.716217041,78.91294860839844,-75.02938079833984
415.915435791,79.14812469482422,-74.94812774658203
416.064849853,79.34327697753906,-74.876220703125
416.264068603,79.59199523925781,-74.81712341308594
416.463287353,79.83734130859375,-74.79765319824219
416.662506103,80.08761596679688,-74.80416107177734
416.861724853,80.34559631347656,-74.8223876953125
417.060943603,80.6043930053711,-74.84757232666016
417.210357666,80.78301239013672,-74.86273956298828
417.426177978,81.05351257324219,-74.87797546386719
417.575592041,81.23133850097656,-74.8829116821289
417.774810791,81.49134063720703,-74.88319396972656
417.974029541,81.74723052978516,-74.87982940673828
418.173248291,81.99762725830078,-74.87655639648438
418.322662353,82.2015151977539,-74.8738784790039
418.521881103,82.4615249633789,-74.87044525146484
418.721099853,82.71741485595703,-74.86708068847656
418.870513916,82.88980865478516,-74.86483764648438
419.086334228,83.1675796508789,-74.86119842529297
419.235748291,83.34821319580078,-74.85881805419922
419.434967041,83.60547637939453,-74.8582763671875
419.634185791,83.85449981689453,-74.85896301269531
419.833404541,84.10489654541016,-74.85964965820312
420.032623291,84.36353302001953,-74.86033630371094
420.182037353,84.56742095947266,-74.86088562011719
420.381256103,84.82193756103516,-74.861572265625
420.580474853,85.08057403564453,-74.86225891113281
420.729888916,85.26258087158203,-74.86273956298828
420.895904541,85.47058868408203,-74.86328887939453
421.095123291,85.72785186767578,-74.86397552490234
421.244537353,85.93585968017578,-74.8645248413086
421.443756103,86.19037628173828,-74.8652114868164
421.642974853,86.43665313720703,-74.86589813232422
421.842193603,86.68567657470703,-74.86658477783203
421.991607666,86.86219024658203,-74.8670654296875
422.190826416,87.12220001220703,-74.86775207519531
422.390045166,87.38220977783203,-74.86843872070312
422.556060791,87.58472442626953,-74.86898803710938
422.755279541,87.84473419189453,-74.86967468261719
422.954498291,88.0978775024414,-74.870361328125
423.103912353,88.30176544189453,-74.87091064453125
423.303131103,88.55628204345703,-74.87159729003906
423.502349853,88.81629180908203,-74.87228393554688
423.701568603,89.0749282836914,-74.87297058105469
423.850982666,89.2514419555664,-74.87345123291016
424.050201416,89.5114517211914,-74.87413787841797
424.249420166,89.7714614868164,-74.87482452392578
424.465240478,90.05472564697266,-74.87557983398438
424.664459228,90.31473541259766,-74.87626647949219
424.813873291,90.49674224853516,-74.87674713134766
425.013092041,90.74576568603516,-74.87743377685547
425.212310791,90.9920425415039,-74.87812042236328
425.411529541,91.23831939697266,-74.8788070678711
425.610748291,91.48872375488281,-74.87826538085938
425.809967041,91.74873352050781,-74.87483215332031
425.975982666,91.95536804199219,-74.87210845947266
426.175201416,92.21400451660156,-74.86869812011719
426.374420166,92.47401428222656,-74.86526489257812
426.573638916,92.72853088378906,-74.86192321777344
426.723052978,92.93241882324219,-74.85924530029297
426.922271728,93.1855697631836,-74.85874938964844
427.121490478,93.4455795288086,-74.85943603515625
427.320709228,93.68347930908203,-74.8600845336914
427.536529541,93.9366226196289,-74.86077117919922
427.685943603,94.13776397705078,-74.86132049560547
427.885162353,94.39777374267578,-74.86200714111328
428.084381103,94.65503692626953,-74.8626937866211
428.283599853,94.9081802368164,-74.8633804321289
428.433013916,95.0901870727539,-74.86386108398438
428.632232666,95.3501968383789,-74.86454772949219
428.831451416,95.6102066040039,-74.865234375
429.030670166,95.86609649658203,-74.86592102050781
429.229888916,96.12610626220703,-74.86660766601562
429.395904541,96.33136749267578,-74.86715698242188
429.595123291,96.59000396728516,-74.86784362792969
429.794342041,96.85001373291016,-74.8685302734375
429.993560791,97.10590362548828,-74.86921691894531
430.192779541,97.33403778076172,-74.86984252929688
430.391998291,97.49127960205078,-74.87026977539062
430.541412353,97.69928741455078,-74.87081909179688
430.740631103,97.9551773071289,-74.87150573730469
430.939849853,98.17957305908203,-74.87212371826172
431.155670166,98.4587173461914,-74.87287902832031
431.305084228,98.6667251586914,-74.87342834472656
431.504302978,98.69671630859375,-74.87350463867188
431.703521728,98.69671630859375,-74.87350463867188
431.902740478,98.69671630859375,-74.87350463867188
432.101959228,98.69671630859375,-74.87350463867188
432.301177978,98.69671630859375,-74.87350463867188
432.500396728,98.69671630859375,-74.87350463867188
432.649810791,98.69671630859375,-74.87350463867188
432.865631103,98.85809326171875,-74.87393951416016
433.064849853,99.1153564453125,-74.87462615966797
433.264068603,99.3753662109375,-74.87531280517578
433.463287353,99.6353759765625,-74.8759994506836
433.662506103,99.84416198730469,-74.87657165527344
433.861724853,99.84416198730469,-74.87657165527344
434.110748291,99.84416198730469,-74.87657165527344
434.309967041,99.84416198730469,-74.87657165527344
434.475982666,99.84416198730469,-74.87657165527344
434.675201416,99.84416198730469,-74.87657165527344
434.874420166,99.94416046142578,-74.87683868408203
435.073638916,100.20417022705078,-74.87752532958984
435.272857666,100.46143341064453,-74.87821197509766
435.472076416,100.71320343017578,-74.87889862060547
435.671295166,100.96772003173828,-74.87755584716797
435.870513916,101.22772979736328,-74.8741226196289
436.086334228,101.5096206665039,-74.87041473388672
436.285552978,101.76688385009766,-74.86702728271484
436.434967041,101.94889068603516,-74.8646240234375
436.683990478,102.2786636352539,-74.86029815673828
436.833404541,102.45518493652344,-74.85877227783203
437.032623291,102.71244812011719,-74.85945892333984
437.231842041,102.97245788574219,-74.86014556884766
437.431060791,103.22560119628906,-74.86083221435547
437.630279541,103.47599792480469,-74.86151885986328
437.846099853,103.75514221191406,-74.86227416992188
438.045318603,104.01377868652344,-74.86296081542969
438.244537353,104.26554870605469,-74.8636474609375
438.344146728,104.39006042480469,-74.8639907836914
438.543365478,104.64320373535156,-74.86467742919922
438.742584228,104.90321350097656,-74.86536407470703
438.941802978,105.15910339355469,-74.86605072021484
439.141021728,105.40675354003906,-74.86673736572266
439.340240478,105.64328002929688,-74.86738586425781
439.556060791,105.89505004882812,-74.86807250976562
439.755279541,106.15505981445312,-74.86875915527344
439.954498291,106.408203125,-74.86944580078125
440.153717041,106.65859985351562,-74.87013244628906
440.352935791,106.91586303710938,-74.87081909179688
440.552154541,107.17587280273438,-74.87150573730469
440.751373291,107.42764282226562,-74.8721923828125
440.950592041,107.67941284179688,-74.87287902832031
441.149810791,107.93667602539062,-74.87356567382812
441.315826416,108.14468383789062,-74.87411499023438
441.515045166,108.39508056640625,-74.87480163574219
441.764068603,108.7303466796875,-74.87569427490234
441.913482666,108.912353515625,-74.87617492675781
442.112701416,109.16549682617188,-74.87686157226562
442.311920166,109.41864013671875,-74.87754821777344
442.511138916,109.67864990234375,-74.87823486328125
442.710357666,109.93865966796875,-74.87892150878906
442.926177978,110.21642303466797,-74.87577056884766
443.125396728,110.47499084472656,-74.87075805664062
443.324615478,110.73219299316406,-74.86576843261719
443.523834228,110.98529815673828,-74.86093139648438
443.723052978,111.23709106445312,-74.85999298095703
443.922271728,111.40958404541016,-74.85989379882812
444.121490478,111.40958404541016,-74.85989379882812
444.320709228,111.40958404541016,-74.85989379882812
444.519927978,111.40958404541016,-74.85989379882812
444.735748291,111.40958404541016,-74.85989379882812
444.934967041,111.40958404541016,-74.85989379882812
445.134185791,111.40958404541016,-74.85989379882812
445.333404541,111.40958404541016,-74.85989379882812
445.482818603,111.40958404541016,-74.85989379882812
445.731842041,111.68476104736328,-74.85972595214844
445.931060791,111.93521118164062,-74.85957336425781
446.080474853,112.13639068603516,-74.85945129394531
446.296295166,112.39640045166016,-74.85929870605469
446.495513916,112.65094757080078,-74.85914611816406
446.694732666,112.9068603515625,-74.85899353027344
446.893951416,113.1668701171875,-74.85884094238281
447.093170166,113.42278289794922,-74.85868835449219
447.292388916,113.67323303222656,-74.85853576660156
447.491607666,113.92914581298828,-74.85838317871094
447.690826416,114.04963684082031,-74.85831451416016
447.890045166,114.24113464355469,-74.85820007324219
448.105865478,114.52714538574219,-74.8580322265625
448.305084228,114.73735046386719,-74.85790252685547
448.454498291,114.91935729980469,-74.85779571533203
448.653717041,115.17253875732422,-74.8576431274414
448.902740478,115.47052001953125,-74.85746002197266
449.101959228,115.7196044921875,-74.85730743408203
449.251373291,115.89614868164062,-74.8572006225586
449.450592041,116.14933013916016,-74.85704803466797
449.649810791,116.40933990478516,-74.85689544677734
449.865631103,116.68988800048828,-74.85672760009766
450.064849853,116.9444351196289,-74.85657501220703
450.264068603,117.2044448852539,-74.8564224243164
450.463287353,117.46172332763672,-74.85626983642578
450.662506103,117.71080780029297,-74.85611724853516
450.861724853,117.96672058105469,-74.85596466064453
451.060943603,118.22673034667969,-74.8558120727539
451.260162353,118.48664855957031,-74.86101531982422
451.475982666,118.74591827392578,-74.88046264648438
451.675201416,119.0009994506836,-74.90103912353516
451.874420166,119.25202178955078,-74.9207534790039
452.073638916,119.50346374511719,-74.9337158203125
452.272857666,119.76203155517578,-74.93379211425781
452.472076416,120.0214614868164,-74.91666412353516
452.671295166,120.27076721191406,-74.89305877685547
452.870513916,120.52442932128906,-74.87266540527344
453.086334228,120.80899047851562,-74.8746566772461
453.285552978,121.06041717529297,-74.88768768310547
453.434967041,121.2364501953125,-74.9007797241211
453.683990478,121.56670379638672,-74.92496490478516
453.883209228,121.82615661621094,-74.94157409667969
454.082427978,122.0799331665039,-74.97406005859375
454.231842041,122.25031280517578,-75.00052642822266
454.480865478,122.57209014892578,-75.04061889648438
454.680084228,122.6700439453125,-75.04664611816406
454.846099853,122.6700439453125,-75.04664611816406
455.045318603,122.6700439453125,-75.04664611816406
455.294342041,122.6700439453125,-75.04664611816406
455.493560791,122.6700439453125,-75.04664611816406
455.692779541,122.6700439453125,-75.04664611816406
455.792388916,122.6700439453125,-75.04664611816406
455.991607666,122.6700439453125,-75.04664611816406
456.190826416,122.6700439453125,-75.04664611816406
456.390045166,122.6700439453125,-75.04664611816406
456.605865478,122.92030334472656,-75.06280517578125
456.805084228,123.16984558105469,-75.08397674560547
457.004302978,123.425048828125,-75.10277557373047
457.203521728,123.68479919433594,-75.11398315429688
457.402740478,123.9403305053711,-75.12724304199219
457.601959228,124.18880462646484,-75.14445495605469
457.801177978,124.43733978271484,-75.16049194335938
458.000396728,124.6971664428711,-75.1698989868164
458.216217041,124.95684051513672,-75.16044616699219
458.365631103,125.1578369140625,-75.1266098022461
458.564849853,125.40521240234375,-75.06146240234375
458.813873291,125.69751739501953,-74.9605484008789
458.963287353,125.89082336425781,-74.89156341552734
459.212310791,126.18671417236328,-74.80206298828125
459.411529541,126.44124603271484,-74.74951171875
459.610748291,126.69142150878906,-74.72180938720703
459.809967041,126.94520568847656,-74.70252227783203
460.025787353,127.22650909423828,-74.68437194824219
460.175201416,127.4072494506836,-74.66316986083984
460.424224853,127.73367309570312,-74.59375762939453
460.623443603,127.98011016845703,-74.52489471435547
460.822662353,128.2224578857422,-74.4565658569336
461.021881103,128.46458435058594,-74.3875503540039
461.221099853,128.70956420898438,-74.31856536865234
461.420318603,128.9627685546875,-74.25959777832031
461.636138916,129.21653747558594,-74.2030258178711
461.835357666,129.46820068359375,-74.13774871826172
462.034576416,129.70249938964844,-74.04996490478516
462.183990478,129.8809814453125,-73.94384765625
462.383209228,130.05413818359375,-73.7625732421875
462.582427978,130.16952514648438,-73.53072357177734
462.781646728,130.20814514160156,-73.29521942138672
462.980865478,130.19178771972656,-73.03871154785156
463.180084228,130.15733337402344,-72.80191802978516
463.346099853,130.15017700195312,-72.7528076171875
463.545318603,130.1189727783203,-72.50434112548828
463.744537353,130.09725952148438,-72.26744079589844
463.943756103,130.09010314941406,-72.12950134277344
464.142974853,130.08311462402344,-71.87234497070312
464.292388916,130.08303833007812,-71.69033813476562
464.491607666,130.08749389648438,-71.4678955078125
464.690826416,130.098876953125,-71.2081527709961
464.890045166,130.11090087890625,-70.95254516601562
465.105865478,130.12091064453125,-70.6735610961914
465.255279541,130.1270294189453,-70.49166107177734
465.454498291,130.1317596435547,-70.23855590820312
465.653717041,130.13534545898438,-69.99227905273438
465.852935791,130.1344451904297,-69.74050903320312
466.002349853,130.1331024169922,-69.53387451171875
466.201568603,130.1314239501953,-69.27386474609375
466.400787353,130.12974548339844,-69.01522827148438
466.600006103,130.12448120117188,-68.7649154663086
466.766021728,130.10911560058594,-68.55748748779297
466.965240478,130.08810424804688,-68.29971313476562
467.164459228,130.08433532714844,-68.04387664794922
467.363677978,130.08827209472656,-67.7839126586914
467.513092041,130.09573364257812,-67.60206604003906
467.712310791,130.109130859375,-67.35336303710938
467.911529541,130.12393188476562,-67.10063934326172
468.110748291,130.14503479003906,-66.84423065185547
468.309967041,130.16708374023438,-66.58513641357422
468.475982666,130.17445373535156,-66.48589324951172
468.675201416,130.1845703125,-66.30818176269531
468.874420166,130.18528747558594,-66.04834747314453
469.073638916,130.16696166992188,-65.90208435058594
469.272857666,130.09580993652344,-65.67853546142578
469.422271728,129.98974609375,-65.50482177734375
469.621490478,129.89218139648438,-65.39814758300781
469.770904541,129.7580108642578,-65.29467010498047
469.970123291,129.53903198242188,-65.15459442138672
470.136138916,129.35980224609375,-65.05176544189453
470.285552978,129.18736267089844,-64.94564056396484
470.434967041,129.03762817382812,-64.84964752197266
470.634185791,128.8314666748047,-64.70755004882812
470.783599853,128.66268920898438,-64.58598327636719
470.982818603,128.4602813720703,-64.4339599609375
471.132232666,128.31829833984375,-64.3267822265625
471.331451416,128.11668395996094,-64.16270446777344
471.480865478,127.9581069946289,-64.0367660522461
471.630279541,127.81655883789062,-63.9335823059082
471.796295166,127.64793395996094,-63.816532135009766
471.995513916,127.43266296386719,-63.673179626464844
472.144927978,127.26519012451172,-63.55931854248047
472.344146728,127.05296325683594,-63.40913391113281
472.493560791,126.9083480834961,-63.30790710449219
472.692779541,126.70280456542969,-63.160118103027344
472.842193603,126.54083251953125,-63.03630447387695
473.041412353,126.33770751953125,-62.88069152832031
473.141021728,126.23678588867188,-62.80543518066406
473.290435791,126.09294891357422,-62.69844055175781
473.506256103,125.8671875,-62.527366638183594
473.655670166,125.72357940673828,-62.41556167602539
473.854888916,125.51678466796875,-62.25798416137695
474.054107666,125.30763244628906,-62.10354232788086
474.203521728,125.14575958251953,-61.98879623413086
474.402740478,124.93534088134766,-61.83607864379883
474.552154541,124.78694152832031,-61.730716705322266
474.751373291,124.57471466064453,-61.58053207397461
474.900787353,124.4109878540039,-61.46367263793945
475.100006103,124.19602966308594,-61.31739807128906
475.249420166,124.04586029052734,-61.21458435058594
475.465240478,123.87586975097656,-61.09431457519531
475.614654541,123.87506866455078,-61.093711853027344
475.813873291,123.87506866455078,-61.093711853027344
475.963287353,123.87506866455078,-61.093711853027344
476.162506103,123.87506866455078,-61.093711853027344
476.361724853,123.87506866455078,-61.093711853027344
476.511138916,123.87506866455078,-61.093711853027344
476.710357666,123.87506866455078,-61.093711853027344
476.876373291,123.87506866455078,-61.093711853027344
477.075592041,123.68748474121094,-60.961299896240234
477.225006103,123.51897430419922,-60.846492767333984
477.424224853,123.30705261230469,-60.700679779052734
477.623443603,123.09192657470703,-60.554656982421875
477.822662353,122.91121673583984,-60.427223205566406
477.972076416,122.8248519897461,-60.36406707763672
478.171295166,122.6229019165039,-60.213661193847656
478.370513916,122.41523742675781,-60.06889343261719
478.536529541,122.28075408935547,-59.975616455078125
478.735748291,122.08680725097656,-59.81541061401367
478.934967041,121.93816375732422,-59.613502502441406
479.084381103,121.92070007324219,-59.574771881103516
479.283599853,121.92070007324219,-59.574771881103516
479.482818603,121.92070007324219,-59.574771881103516
479.682037353,121.92070007324219,-59.574771881103516
479.881256103,121.92070007324219,-59.574771881103516
480.080474853,121.92070007324219,-59.574771881103516
480.229888916,121.92070007324219,-59.574771881103516
480.445709228,121.92070007324219,-59.574771881103516
480.644927978,121.91277313232422,-59.55105972290039
480.844146728,121.86294555664062,-59.31229782104492
481.043365478,121.86602783203125,-59.06083297729492
481.242584228,121.89598083496094,-58.81085968017578
481.441802978,121.93321990966797,-58.56462097167969
481.641021728,121.9649887084961,-58.306640625
481.840240478,121.97484588623047,-58.04825210571289
481.989654541,121.97525024414062,-57.870357513427734
482.255279541,121.97416687011719,-57.63554382324219
482.404693603,121.97416687011719,-57.63554382324219
482.653717041,121.97416687011719,-57.63554382324219
482.803131103,121.97416687011719,-57.63554382324219
483.002349853,121.97416687011719,-57.63554382324219
483.251373291,121.97416687011719,-57.63554382324219
483.450592041,121.97416687011719,-57.63554382324219
483.649810791,121.97406005859375,-57.61054229736328
483.815826416,121.97309875488281,-57.4052734375
484.015045166,121.97193908691406,-57.156219482421875
484.214263916,121.97076416015625,-56.90442657470703
484.413482666,121.96957397460938,-56.64989471435547
484.612701416,121.96835327148438,-56.38988494873047
484.811920166,121.96715545654297,-56.13398361206055
485.011138916,121.96598052978516,-55.8821907043457
485.210357666,121.96478271484375,-55.62628936767578
485.376373291,121.96380615234375,-55.41828155517578
485.575592041,121.96260833740234,-55.16238021850586
485.774810791,121.96142578125,-54.909217834472656
485.974029541,121.960205078125,-54.649208068847656
486.173248291,121.9590072631836,-54.393306732177734
486.372467041,121.95782470703125,-54.14014434814453
486.571685791,121.95661926269531,-53.88287353515625
486.770904541,121.95539855957031,-53.62286376953125
486.970123291,121.9415283203125,-53.36741638183594
487.185943603,121.91534423828125,-53.08812713623047
487.385162353,121.90079498291016,-52.8286018371582
487.584381103,121.91132354736328,-52.56895065307617
487.783599853,121.9607925415039,-52.32257080078125
487.982818603,122.0637435913086,-52.10569763183594
488.182037353,122.22882080078125,-51.91262435913086
488.381256103,122.42754364013672,-51.74522399902344
488.580474853,122.63875579833984,-51.59605026245117
488.796295166,122.8452377319336,-51.459266662597656
488.995513916,123.05352783203125,-51.31310272216797
489.144927978,123.21428680419922,-51.187721252441406
489.393951416,123.44728088378906,-50.99710464477539
489.543365478,123.60197448730469,-50.8642692565918
489.792388916,123.83543395996094,-50.66564178466797
489.991607666,124.02863311767578,-50.50631332397461
490.141021728,124.1871337890625,-50.3780517578125
490.340240478,124.3862533569336,-50.21516418457031
490.556060791,124.5800552368164,-50.05656433105469
490.655670166,124.6804428100586,-49.973976135253906
490.854888916,124.8786392211914,-49.81428909301758
491.054107666,125.080810546875,-49.652976989746094
491.253326416,125.28423309326172,-49.493263244628906
491.452545166,125.48445892333984,-49.331748962402344
491.651763916,125.68289184570312,-49.16587829589844
491.850982666,125.8860092163086,-49.00357437133789
492.050201416,126.08829498291016,-48.846866607666016
492.216217041,126.13688659667969,-48.8099365234375
492.465240478,126.13688659667969,-48.8099365234375
492.664459228,126.13688659667969,-48.8099365234375
492.863677978,126.13688659667969,-48.8099365234375
493.062896728,126.13688659667969,-48.8099365234375
493.262115478,126.13688659667969,-48.8099365234375
493.461334228,126.13688659667969,-48.8099365234375
493.710357666,126.3212661743164,-48.67247772216797
493.876373291,126.48493957519531,-48.5509033203125
494.075592041,126.69444274902344,-48.396934509277344
494.274810791,126.89913940429688,-48.236629486083984
494.474029541,127.09955596923828,-48.071044921875
494.673248291,127.29417419433594,-47.900699615478516
494.872467041,127.49156188964844,-47.73359298706055
495.071685791,127.69203186035156,-47.57236099243164
495.270904541,127.8974838256836,-47.41302490234375
495.420318603,128.05581665039062,-47.2934455871582
495.636138916,128.2591094970703,-47.14493942260742
495.835357666,128.44451904296875,-47.01203155517578
496.034576416,128.6465301513672,-46.854957580566406
496.233795166,128.80540466308594,-46.727745056152344
496.433013916,128.93545532226562,-46.625362396240234
496.632232666,129.13832092285156,-46.462745666503906
496.831451416,129.29965209960938,-46.3348274230957
497.030670166,129.43508911132812,-46.230224609375
497.229888916,129.63905334472656,-46.08030319213867
497.445709228,129.76072692871094,-45.992366790771484
497.644927978,129.8482666015625,-45.92173767089844
497.844146728,130.01219177246094,-45.736995697021484
498.043365478,130.04959106445312,-45.674171447753906
498.242584228,130.12298583984375,-45.498291015625
498.441802978,130.17062377929688,-45.246212005615234
498.641021728,130.16712951660156,-44.99191665649414
498.840240478,130.14341735839844,-44.7440071105957
499.006256103,130.12481689453125,-44.5368537902832
499.255279541,130.10699462890625,-44.229496002197266
499.454498291,130.1009521484375,-43.96957778930664
499.603912353,130.10195922851562,-43.76568603515625
499.852935791,130.11138916015625,-43.46341323852539
500.052154541,130.12045288085938,-43.206295013427734
500.201568603,130.1275177001953,-42.99840545654297
500.400787353,130.13131713867188,-42.739810943603516
500.600006103,130.13375854492188,-42.49349594116211
500.815826416,130.13621520996094,-42.24581527709961
501.015045166,130.135498046875,-41.98580551147461
501.214263916,130.13397216796875,-41.732643127441406
501.413482666,130.1324462890625,-41.478111267089844
501.612701416,130.13092041015625,-41.22084045410156
501.811920166,130.12939453125,-40.96220016479492
502.011138916,130.12786865234375,-40.715885162353516
502.210357666,130.1263427734375,-40.46272277832031
502.426177978,130.12466430664062,-40.17671203613281
502.625396728,130.12313842773438,-39.92081069946289
502.824615478,130.12161254882812,-39.670387268066406
503.023834228,130.12008666992188,-39.414485931396484
503.223052978,130.11856079101562,-39.154476165771484
503.422271728,130.11703491210938,-38.89857482910156
503.621490478,130.1172332763672,-38.64952087402344
503.820709228,130.11814880371094,-38.393619537353516
503.970123291,130.11878967285156,-38.211612701416016
504.185943603,130.1197967529297,-37.93244934082031
504.385162353,130.12071228027344,-37.67791748046875
504.584381103,130.1212615966797,-37.517913818359375
504.783599853,130.1212615966797,-37.517913818359375
504.982818603,130.1212615966797,-37.517913818359375
505.182037353,130.1212615966797,-37.517913818359375
505.381256103,130.1212615966797,-37.517913818359375
505.530670166,130.1216278076172,-37.46791458129883
505.729888916,130.12840270996094,-37.218231201171875
505.895904541,130.139892578125,-37.01192092895508
506.144927978,130.1653289794922,-36.68585205078125
506.294342041,130.17822265625,-36.513912200927734
506.493560791,130.19061279296875,-36.26106643676758
506.742584228,130.1952667236328,-35.92311477661133
506.891998291,130.19537353515625,-35.74110794067383
507.091217041,130.19552612304688,-35.4920539855957
507.340240478,130.1957244873047,-35.15951919555664
507.506256103,130.1958465576172,-34.95151138305664
507.705474853,130.19589233398438,-34.81650924682617
507.954498291,130.19607543945312,-34.50997543334961
508.103912353,130.19619750976562,-34.30196762084961
508.303131103,130.1962432861328,-34.16696548461914
508.552154541,130.19642639160156,-33.864540100097656
508.751373291,130.19650268554688,-33.70088195800781
508.900787353,130.19650268554688,-33.66337966918945
509.100006103,130.1966552734375,-33.40536880493164
509.315826416,130.19680786132812,-33.14535903930664
509.515045166,130.19680786132812,-33.077857971191406
509.764068603,130.19700622558594,-32.74284362792969
509.963287353,130.19705200195312,-32.621341705322266
510.162506103,130.1970672607422,-32.558837890625
510.361724853,130.1972198486328,-32.3056755065918
510.511138916,130.19725036621094,-32.21117401123047
510.760162353,130.19725036621094,-32.17367172241211
510.909576416,130.19735717773438,-31.997772216796875
511.125396728,130.19752502441406,-31.71451759338379
511.324615478,130.1976776123047,-31.455894470214844
511.523834228,130.1978302001953,-31.202741622924805
511.723052978,130.19798278808594,-30.942750930786133
511.922271728,130.19813537597656,-30.684127807617188
512.121459960,130.1982879638672,-30.4337100982666
512.320678710,130.1984405517578,-30.183292388916016
512.536499023,130.19859313964844,-29.923301696777344
512.735717773,130.19874572753906,-29.668781280517578
512.934936523,130.1988983154297,-29.414260864257812
513.134155273,130.1990509033203,-29.15427017211914
513.333374023,130.19920349121094,-28.89838218688965
513.532592773,130.19935607910156,-28.650699615478516
513.731811523,130.1995086669922,-28.39617919921875
513.931030273,130.1996612548828,-28.137556076049805
514.130249023,130.19981384277344,-27.877565383911133
514.346069335,130.19798278808594,-27.60525894165039
514.545288085,130.1940155029297,-27.345287322998047
514.744506835,130.19007873535156,-27.088050842285156
514.943725585,130.18618774414062,-26.834917068481445
515.142944335,130.1823272705078,-26.584518432617188
515.342163085,130.17916870117188,-26.324541091918945
515.491577148,130.1792755126953,-26.142547607421875
515.690795898,130.17942810058594,-25.893497467041016
515.890014648,130.17958068847656,-25.64307975769043
516.105834960,130.17974853515625,-25.363927841186523
516.305053710,130.17990112304688,-25.10393714904785
516.504272460,130.1800537109375,-24.85215187072754
516.703491210,130.18020629882812,-24.597631454467773
516.902709960,130.18035888671875,-24.3376407623291
517.151733398,130.1805419921875,-24.032489776611328
517.350952148,130.18069458007812,-23.780704498291016
517.550170898,130.18084716796875,-23.52208137512207
517.765991210,130.18101501464844,-23.23609161376953
517.965209960,130.18116760253906,-22.98430633544922
518.164428710,130.1813201904297,-22.724315643310547
518.363647460,130.18142700195312,-22.501821517944336
518.612670898,130.18161010742188,-22.18983268737793
518.811889648,130.1817626953125,-21.93257713317871
519.011108398,130.181884765625,-21.709896087646484
519.210327148,130.18203735351562,-21.454008102416992
519.426147460,130.1822052001953,-21.178958892822266
519.625366210,130.18235778808594,-20.918968200683594
519.824584960,130.18251037597656,-20.6630802154541
520.023803710,130.1826629638672,-20.41539764404297
520.223022460,130.1828155517578,-20.160877227783203
520.422241210,130.18296813964844,-19.90088653564453
520.521850585,130.18304443359375,-19.770891189575195
520.721069335,130.18319702148438,-19.51226806640625
520.920288085,130.183349609375,-19.256380081176758
521.136108398,130.18350219726562,-18.996389389038086
521.335327148,130.18411254882812,-18.744606018066406
521.534545898,130.19107055664062,-18.488813400268555
521.733764648,130.20460510253906,-18.229169845581055
521.932983398,130.2206573486328,-17.998830795288086
522.132202148,130.23831176757812,-17.73943519592285
522.331420898,130.24913024902344,-17.487890243530273
522.530639648,130.2529296875,-17.25566291809082
522.729858398,130.25567626953125,-17.009363174438477
522.895874023,130.25111389160156,-16.809661865234375
523.144897460,130.2167205810547,-16.476232528686523
523.344116210,130.19247436523438,-16.224245071411133
523.543334960,130.17623901367188,-15.971619606018066
523.742553710,130.16793823242188,-15.717238426208496
523.891967773,130.1668701171875,-15.535244941711426
524.091186523,130.17169189453125,-15.279400825500488
524.290405273,130.1781768798828,-15.026324272155762
524.506225585,130.1853790283203,-14.745888710021973
524.705444335,130.19155883789062,-14.48733139038086
524.904663085,130.19248962402344,-14.235546112060547
525.103881835,130.19264221191406,-13.982388496398926
525.253295898,130.1927490234375,-13.80038833618164
525.452514648,130.1927947998047,-13.692386627197266
525.701538085,130.1927947998047,-13.692386627197266
525.900756835,130.1927947998047,-13.692386627197266
526.050170898,130.1927947998047,-13.692386627197266
526.265991210,130.19281005859375,-13.629887580871582
526.465209960,130.19296264648438,-13.370887756347656
526.664428710,130.193115234375,-13.11088752746582
526.863647460,130.19326782226562,-12.852255821228027
527.062866210,130.19342041015625,-12.59636116027832
527.262084960,130.19357299804688,-12.336360931396484
527.461303710,130.1937255859375,-12.077729225158691
527.660522460,130.19387817382812,-11.830045700073242
527.876342773,130.19403076171875,-11.575519561767578
528.075561523,130.18963623046875,-11.319730758666992
528.274780273,130.16268920898438,-11.066671371459961
528.473999023,130.13511657714844,-10.812278747558594
528.673217773,130.11415100097656,-10.553128242492676
528.872436523,130.09002685546875,-10.296998977661133
529.071655273,130.0713348388672,-10.066865921020508
529.270874023,130.0557098388672,-9.81145191192627
529.470092773,130.02984619140625,-9.559637069702148
529.685913085,130.00547790527344,-9.323344230651855
529.885131835,129.98049926757812,-9.074172973632812
530.084350585,129.9556121826172,-8.823624610900879
530.283569335,129.934814453125,-8.564459800720215
530.482788085,129.9088897705078,-8.30713939666748
530.682006835,129.88597106933594,-8.05364990234375
530.881225585,129.8590850830078,-7.801931381225586
531.130249023,129.84153747558594,-7.642897605895996
531.329467773,129.83230590820312,-7.569216251373291
531.545288085,129.7406005859375,-7.305110931396484
531.744506835,129.5466766357422,-7.145466327667236
531.893920898,129.3761444091797,-7.0912604331970215
532.093139648,129.32810974121094,-7.082156181335449
532.292358398,129.32810974121094,-7.082156181335449
532.491577148,129.32810974121094,-7.082156181335449
532.640991210,129.32810974121094,-7.082156181335449
532.840209960,129.32810974121094,-7.082156181335449
533.056030273,129.32810974121094,-7.082156181335449
533.255249023,129.3227081298828,-7.0812530517578125
533.454467773,129.31105041503906,-7.07739782333374
533.653686523,129.30560302734375,-7.066146373748779
533.852905273,129.28671264648438,-6.858966827392578
534.052124023,129.39903259277344,-6.640456199645996
534.251342773,129.6027374267578,-6.4848761558532715
534.450561523,129.8273162841797,-6.362246990203857
534.666381835,130.0074005126953,-6.263199806213379
534.865600585,130.0074005126953,-6.263199806213379
535.064819335,130.0074005126953,-6.263199806213379
535.264038085,130.0074005126953,-6.263199806213379
535.463256835,130.0074005126953,-6.263199806213379
535.662475585,130.0074005126953,-6.263199806213379
535.861694335,130.0074005126953,-6.263199806213379
536.060913085,130.0074005126953,-6.263199806213379
536.260131835,130.0074005126953,-6.263199806213379
536.475952148,130.0074005126953,-6.263199806213379
536.675170898,130.0074005126953,-6.263199806213379
536.874389648,130.07305908203125,-6.340316295623779
537.023803710,130.1351318359375,-6.528284072875977
537.223022460,130.0965118408203,-6.781757354736328
537.372436523,130.0162811279297,-6.937223434448242
537.571655273,129.88064575195312,-7.152599811553955
537.721069335,129.771240234375,-7.329505920410156
537.870483398,129.68348693847656,-7.487354278564453
537.970092773,129.6287078857422,-7.600694179534912
538.136108398,129.5511016845703,-7.7877302169799805
538.335327148,129.4676055908203,-8.029586791992188
538.484741210,129.4092254638672,-8.22636604309082
538.634155273,129.3606414794922,-8.398927688598633
538.833374023,129.35252380371094,-8.427810668945312
538.982788085,129.35252380371094,-8.427810668945312
539.132202148,129.35252380371094,-8.427810668945312
539.331420898,129.29498291015625,-8.43091869354248
539.530639648,129.06146240234375,-8.347210884094238
539.729858398,128.91006469726562,-8.148155212402344
539.895874023,128.85797119140625,-7.947236061096191
540.144897460,128.8358154296875,-7.762599945068359
540.344116210,128.8358154296875,-7.762599945068359
540.543334960,128.8358154296875,-7.762599945068359
540.742553710,128.8358154296875,-7.762599945068359
540.991577148,128.8358154296875,-7.762599945068359
541.190795898,128.8358154296875,-7.762599945068359
541.390014648,128.8358154296875,-7.762599945068359
541.605834960,128.8358154296875,-7.762599945068359
541.854858398,128.82725524902344,-7.688096046447754
542.054077148,128.7569122314453,-7.4487199783325195
542.253295898,128.57650756835938,-7.270543098449707
542.452514648,128.32949829101562,-7.204065322875977
542.651733398,128.07286071777344,-7.186558246612549
542.850952148,127.9527587890625,-7.176794052124023
543.000366210,127.91545867919922,-7.172990322113037
543.216186523,127.66993713378906,-7.125088691711426
543.415405273,127.51903533935547,-7.075186252593994
543.614624023,127.50737762451172,-7.070668697357178
543.813842773,127.29947662353516,-6.970384120941162
544.013061523,127.0797348022461,-6.831543922424316
544.212280273,126.86459350585938,-6.687962532043457
544.411499023,126.65055084228516,-6.545213222503662
544.610717773,126.4285659790039,-6.4125776290893555
544.809936523,126.20409393310547,-6.289724826812744
544.975952148,126.02169036865234,-6.189789295196533
545.175170898,125.80736541748047,-6.077355861663818
545.374389648,125.60565948486328,-5.97674560546875
545.573608398,125.37541198730469,-5.865124225616455
545.772827148,125.14195251464844,-5.750759601593018
545.972045898,125.00899505615234,-5.686882972717285
546.171264648,124.77256774902344,-5.578753471374512
546.370483398,124.63621520996094,-5.525176525115967
546.586303710,124.63621520996094,-5.525176525115967
546.735717773,124.61275482177734,-5.516537189483643
546.934936523,124.39065551757812,-5.454137802124023
547.134155273,124.38772583007812,-5.453542709350586
547.333374023,124.23764038085938,-5.429872035980225
547.532592773,123.98760986328125,-5.421664237976074
547.731811523,123.72975158691406,-5.4415998458862305
547.881225585,123.52246856689453,-5.458944320678711
548.080444335,123.45413970947266,-5.463715553283691
548.229858398,123.31560516357422,-5.471652030944824
548.395874023,123.10773468017578,-5.479007720947266
548.595092773,122.89775848388672,-5.481114864349365
548.794311523,122.83326721191406,-5.481055736541748
548.943725585,122.62935638427734,-5.480871677398682
549.142944335,122.43463134765625,-5.483742713928223
549.292358398,122.43463134765625,-5.483742713928223
549.491577148,122.21997833251953,-5.501147747039795
549.640991210,122.01284790039062,-5.52020788192749
549.840209960,121.94452667236328,-5.525409698486328
550.006225585,121.8212661743164,-5.533517360687256
550.205444335,121.5697021484375,-5.54397439956665
550.354858398,121.38909149169922,-5.546652317047119
550.554077148,121.12911224365234,-5.54379415512085
550.753295898,120.87327575683594,-5.538719654083252
550.902709960,120.6722183227539,-5.543250560760498
551.101928710,120.41580963134766,-5.5755438804626465
551.251342773,120.23847961425781,-5.616360664367676
551.450561523,119.98709869384766,-5.682802200317383
551.599975585,119.81051635742188,-5.726895809173584
551.815795898,119.5335922241211,-5.778902530670166
551.965209960,119.32673645019531,-5.800573825836182
552.164428710,119.07059478759766,-5.8245768547058105
552.313842773,118.89044952392578,-5.850159645080566
552.513061523,118.63954162597656,-5.906557083129883
552.662475585,118.44779205322266,-5.967179298400879
552.811889648,118.28054809570312,-6.027824878692627
552.961303710,118.08952331542969,-6.09507417678833
553.160522460,118.06090545654297,-6.104086399078369
553.309936523,118.06090545654297,-6.104086399078369
553.525756835,118.06090545654297,-6.104086399078369
553.675170898,118.06090545654297,-6.104086399078369
553.824584960,118.0252456665039,-6.115688800811768
554.023803710,117.78864288330078,-6.2092814445495605
554.173217773,117.62522888183594,-6.289353847503662
554.372436523,117.39608001708984,-6.4122138023376465
554.521850585,117.21416473388672,-6.513066291809082
554.721069335,116.98773193359375,-6.640815734863281
554.870483398,116.82806396484375,-6.728180885314941
555.036499023,116.64529418945312,-6.82457971572876
555.185913085,116.46119689941406,-6.921390533447266
555.335327148,116.30181121826172,-7.009258270263672
555.484741210,116.12059783935547,-7.111400604248047
555.634155273,115.96562957763672,-7.19875955581665
555.833374023,115.73855590820312,-7.322562217712402
556.032592773,115.51266479492188,-7.439847946166992
556.182006835,115.32582092285156,-7.531244277954102
556.381225585,115.08879089355469,-7.6380615234375
556.530639648,114.92069244384766,-7.707832336425781
556.729858398,114.68309783935547,-7.799066543579102
556.895874023,114.48945617675781,-7.867149829864502
557.045288085,114.2947998046875,-7.932265281677246
557.244506835,114.0506591796875,-8.013404846191406
557.393920898,113.88064575195312,-8.070240020751953
557.593139648,113.857666015625,-8.07803726196289
557.742553710,113.857666015625,-8.07803726196289
557.941772460,113.857666015625,-8.07803726196289
558.091186523,113.8339614868164,-8.085957527160645
558.290405273,113.60780334472656,-8.129483222961426
558.506225585,113.36289978027344,-8.043737411499023
558.705444335,113.21815490722656,-7.841385364532471
558.904663085,113.150146484375,-7.590792655944824
559.103881835,113.08199310302734,-7.34016752243042
559.303100585,112.9613265991211,-7.121575355529785
559.502319335,112.78768920898438,-6.9305419921875
559.701538085,112.58576965332031,-6.771356105804443
559.900756835,112.3747329711914,-6.619490623474121
560.116577148,112.1661376953125,-6.464324951171875
560.315795898,111.96651458740234,-6.297756195068359
560.515014648,111.7774887084961,-6.125280380249023
560.714233398,111.66942596435547,-6.024886608123779
560.913452148,111.48746490478516,-5.857104301452637
561.112670898,111.29964447021484,-5.677322864532471
561.311889648,111.12467956542969,-5.503940582275391
561.511108398,110.94693756103516,-5.3314409255981445
561.710327148,110.75798797607422,-5.152845859527588
561.876342773,110.60501861572266,-5.011901378631592
