timestamp_sec,x,y
1.975401282,77.0999984741211,-6.199999809265137
2.174600124,77.0999984741211,-6.199999809265137
2.373798847,77.0999984741211,-6.199999809265137
2.523197889,77.0999984741211,-6.199999809265137
2.672596931,77.0999984741211,-6.199999809265137
2.871795654,77.0999984741211,-6.199999809265137
3.021194696,77.0999984741211,-6.199999809265137
3.220393419,77.0999984741211,-6.199999809265137
3.386392354,77.0999984741211,-6.199999809265137
3.535791397,77.0999984741211,-6.199999809265137
3.734990119,77.0999984741211,-6.199999809265137
3.934188842,77.0999984741211,-6.199999809265137
4.083589076,77.0999984741211,-6.199999809265137
4.282790660,77.0999984741211,-6.199999809265137
4.432191848,77.0999984741211,-6.199999809265137
4.631393432,77.0999984741211,-6.199999809265137
4.780794620,77.0999984741211,-6.199999809265137
4.996596336,77.0999984741211,-6.199999809265137
5.145997524,77.0999984741211,-6.199999809265137
5.295398712,77.0999984741211,-6.199999809265137
5.494600296,77.0999984741211,-6.199999809265137
5.644001483,77.0999984741211,-6.199999809265137
5.843203067,77.0999984741211,-6.199999809265137
5.992604255,77.0999984741211,-6.199999809265137
6.191805839,77.0999984741211,-6.199999809265137
6.341207027,77.0999984741211,-6.199999809265137
6.540408611,77.0999984741211,-6.199999809265137
6.689809799,77.0999984741211,-6.199999809265137
6.855811119,77.0999984741211,-6.199999809265137
7.005212306,77.0999984741211,-6.199999809265137
7.154613494,77.0999984741211,-6.199999809265137
7.353815078,77.0999984741211,-6.199999809265137
7.453415870,77.0999984741211,-6.199999809265137
7.652617454,77.0999984741211,-6.199999809265137
7.802018642,77.0999984741211,-6.199999809265137
8.001219749,77.0999984741211,-6.199999809265137
8.150616645,77.0999984741211,-6.199999809265137
8.300013542,77.0999984741211,-6.199999809265137
8.466010093,77.0999984741211,-6.199999809265137
8.665205955,77.0999984741211,-6.199999809265137
8.814602851,77.0999984741211,-6.199999809265137
8.963999748,77.0999984741211,-6.199999809265137
9.163195610,77.0999984741211,-6.199999809265137
9.312592506,77.0999984741211,-6.199999809265137
9.461989402,77.0999984741211,-6.199999809265137
9.661185264,77.0999984741211,-6.199999809265137
9.810582160,77.0999984741211,-6.199999809265137
9.976578712,77.0999984741211,-6.199999809265137
10.125975608,77.0999984741211,-6.199999809265137
10.325171470,77.0999984741211,-6.199999809265137
10.474568367,77.0999984741211,-6.199999809265137
10.623965263,77.0999984741211,-6.199999809265137
10.823161125,77.0999984741211,-6.199999809265137
10.972558021,77.0999984741211,-6.199999809265137
11.121954917,77.0999984741211,-6.199999809265137
11.321150779,77.0999984741211,-6.199999809265137
11.470547676,77.0999984741211,-6.199999809265137
11.636544227,77.0999984741211,-6.199999809265137
11.785941123,77.0999984741211,-6.199999809265137
11.935338020,77.0999984741211,-6.199999809265137
12.084734916,77.0999984741211,-6.199999809265137
12.283930778,77.0999984741211,-6.199999809265137
12.383528709,77.0999984741211,-6.199999809265137
12.532925605,77.0999984741211,-6.199999809265137
12.682322502,77.0999984741211,-6.199999809265137
12.881518363,77.0999984741211,-6.199999809265137
13.030915260,77.0999984741211,-6.199999809265137
13.180312156,77.0999984741211,-6.199999809265137
13.346308708,77.0999984741211,-6.199999809265137
13.545504570,77.0999984741211,-6.199999809265137
13.694901466,77.0999984741211,-6.199999809265137
13.844298362,77.0999984741211,-6.199999809265137
13.993695259,77.0999984741211,-6.199999809265137
14.192891120,77.0999984741211,-6.199999809265137
14.342288017,77.0999984741211,-6.199999809265137
14.491684913,77.0999984741211,-6.199999809265137
14.641081809,77.0999984741211,-6.199999809265137
14.840277671,77.0999984741211,-6.199999809265137
15.006274223,77.0999984741211,-6.199999809265137
15.155671119,77.0999984741211,-6.199999809265137
15.305068016,77.0999984741211,-6.199999809265137
15.454464912,77.0999984741211,-6.199999809265137
15.603861808,77.0999984741211,-6.199999809265137
15.803057670,77.0999984741211,-6.199999809265137
15.952454566,77.0999984741211,-6.199999809265137
16.101852416,77.0999984741211,-6.199999809265137
16.301048278,77.0999984741211,-6.199999809265137
16.450445175,77.0999984741211,-6.199999809265137
16.616441726,77.0999984741211,-6.199999809265137
16.765838623,77.0999984741211,-6.199999809265137
16.965034484,77.0999984741211,-6.199999809265137
17.114431381,77.0999984741211,-6.199999809265137
17.263828277,77.0999984741211,-6.199999809265137
17.413225173,77.0999984741211,-6.199999809265137
17.612421035,77.0999984741211,-6.199999809265137
17.761817932,77.0999984741211,-6.199999809265137
17.911214828,77.0999984741211,-6.199999809265137
18.110410690,77.0999984741211,-6.199999809265137
18.210008621,77.0999984741211,-6.199999809265137
18.425804138,77.0999984741211,-6.199999809265137
18.575201034,77.0999984741211,-6.199999809265137
18.724597930,77.0999984741211,-6.199999809265137
18.873994827,77.0999984741211,-6.199999809265137
19.073190689,77.0999984741211,-6.199999809265137
19.172788619,77.0999984741211,-6.199999809265137
19.371984481,77.0999984741211,-6.199999809265137
19.521381378,77.0999984741211,-6.199999809265137
19.670778274,77.0999984741211,-6.199999809265137
19.820175170,77.0999984741211,-6.199999809265137
19.969572067,77.0999984741211,-6.199999809265137
20.135568618,77.0999984741211,-6.199999809265137
20.284965515,77.0999984741211,-6.199999809265137
20.484161376,77.0999984741211,-6.199999809265137
20.633558273,77.0999984741211,-6.199999809265137
20.782955169,77.0999984741211,-6.199999809265137
20.982151031,77.0999984741211,-6.199999809265137
21.131547927,77.0999984741211,-6.199999809265137
21.280944824,77.0999984741211,-6.199999809265137
21.430341720,77.0999984741211,-6.199999809265137
21.596338272,77.0999984741211,-6.199999809265137
21.745735168,77.0999984741211,-6.199999809265137
21.944931030,77.0999984741211,-6.199999809265137
22.094327926,77.0999984741211,-6.199999809265137
22.243724822,77.0999984741211,-6.199999809265137
22.393121719,77.0999984741211,-6.199999809265137
22.592317581,77.0999984741211,-6.199999809265137
22.741714477,77.0999984741211,-6.199999809265137
22.891111373,77.0999984741211,-6.199999809265137
23.040508270,77.0999984741211,-6.199999809265137
23.189905166,77.0999984741211,-6.199999809265137
23.355901718,77.0999984741211,-6.199999809265137
23.505298614,77.0999984741211,-6.199999809265137
23.704494476,77.0999984741211,-6.199999809265137
23.853891372,77.0999984741211,-6.199999809265137
24.003288269,77.0999984741211,-6.199999809265137
24.152685165,77.0999984741211,-6.199999809265137
24.351881027,77.0999984741211,-6.199999809265137
24.501277923,77.0999984741211,-6.199999809265137
24.650674819,77.0999984741211,-6.199999809265137
24.849870681,77.0999984741211,-6.199999809265137
25.015867233,77.0999984741211,-6.199999809265137
25.165264129,77.0999984741211,-6.199999809265137
25.314661026,77.0999984741211,-6.199999809265137
25.513856887,77.0999984741211,-6.199999809265137
25.663253784,77.0999984741211,-6.199999809265137
25.812650680,77.0999984741211,-6.199999809265137
26.011846542,77.0999984741211,-6.199999809265137
26.161243438,77.0999984741211,-6.199999809265137
26.310640335,77.0999984741211,-6.199999809265137
26.460037231,77.0999984741211,-6.199999809265137
26.659233093,77.0999984741211,-6.199999809265137
26.825229644,77.0999984741211,-6.199999809265137
26.974626541,77.0999984741211,-6.199999809265137
27.124023437,77.0999984741211,-6.199999809265137
27.273420333,77.0999984741211,-6.199999809265137
27.422817230,77.0999984741211,-6.199999809265137
27.572214126,77.0999984741211,-6.199999809265137
27.721611022,77.0999984741211,-6.199999809265137
27.871007919,77.0999984741211,-6.199999809265137
28.020404815,77.0999984741211,-6.199999809265137
28.169801712,77.0999984741211,-6.199999809265137
28.335798263,77.0999984741211,-6.199999809265137
28.534994125,77.0999984741211,-6.199999809265137
28.684391021,77.0999984741211,-6.199999809265137
28.833787918,77.0999984741211,-6.199999809265137
28.983184814,77.0999984741211,-6.199999809265137
29.132581710,77.0999984741211,-6.199999809265137
29.331777572,77.0999984741211,-6.199999809265137
29.481174468,77.0999984741211,-6.199999809265137
29.680370330,77.00382232666016,-6.225028991699219
29.829767227,76.82982635498047,-6.203630447387695
30.045562744,76.60816192626953,-6.036194801330566
30.244758605,76.48245239257812,-5.810787200927734
30.443954467,76.3794937133789,-5.572047710418701
30.643150329,76.26078796386719,-5.340953826904297
30.842346191,76.11824798583984,-5.12861967086792
31.041542053,76.06715393066406,-5.065773010253906
31.240737915,76.06715393066406,-5.065773010253906
31.456533432,76.06715393066406,-5.065773010253906
31.655729293,76.06715393066406,-5.065773010253906
31.854925155,76.06715393066406,-5.065773010253906
32.054126739,76.06715393066406,-5.065773010253906
32.203540802,76.06715393066406,-5.065773010253906
32.402759552,75.89156341552734,-5.040182113647461
32.601978302,75.65910339355469,-5.131868839263916
32.751392364,75.54531860351562,-5.265339374542236
32.950611114,75.46515655517578,-5.511162757873535
33.100025177,75.45219421386719,-5.718567848205566
33.266040802,75.45709228515625,-5.925099849700928
33.415454864,75.46475982666016,-6.101446628570557
33.614673614,75.44688415527344,-6.356318950653076
33.764087677,75.39875793457031,-6.551429748535156
33.913501739,75.33125305175781,-6.718876838684082
34.112720489,75.20625305175781,-6.946720123291016
34.262134552,75.09788513183594,-7.124251842498779
34.461353302,74.96111297607422,-7.342148780822754
34.610767364,74.86463928222656,-7.496481418609619
34.809986114,74.72989654541016,-7.715628623962402
34.976001739,74.62383270263672,-7.894554138183594
35.125415802,74.51862335205078,-8.073981285095215
35.324634552,74.39321899414062,-8.297038078308105
35.474048614,74.3073959350586,-8.451294898986816
35.673267364,74.23027038574219,-8.596056938171387
35.822681427,74.23027038574219,-8.596056938171387
36.021900177,74.23027038574219,-8.596056938171387
36.171314239,74.23027038574219,-8.596056938171387
36.370532989,74.22040557861328,-8.61405086517334
36.519947052,74.20519256591797,-8.63330078125
36.685962677,74.08676147460938,-8.683582305908203
36.885181427,73.83503723144531,-8.661845207214355
37.084400177,73.61225128173828,-8.529711723327637
37.283618927,73.41698455810547,-8.362298965454102
37.482837677,73.22286987304688,-8.193533897399902
37.682056427,73.01966857910156,-8.04276180267334
37.881275177,72.79375457763672,-7.914285182952881
38.080493927,72.55882263183594,-7.802934646606445
38.229907989,72.39362335205078,-7.7370195388793945
38.445728302,72.12504577636719,-7.651566982269287
38.644947052,71.87923431396484,-7.58553409576416
38.844165802,71.62545013427734,-7.529311180114746
39.043384552,71.36943817138672,-7.4840216636657715
39.242603302,71.11483001708984,-7.459072113037109
39.392017364,70.9385986328125,-7.448952674865723
39.591236114,70.6801528930664,-7.439415454864502
39.790454864,70.4205093383789,-7.426376819610596
39.956470489,70.21690368652344,-7.415959358215332
40.155689239,69.96137237548828,-7.4028849601745605
40.354907989,69.70169830322266,-7.390420436859131
40.504322052,69.49960327148438,-7.377219200134277
40.703540802,69.24600982666016,-7.355633735656738
40.902759552,68.98804473876953,-7.3371453285217285
41.052173614,68.80623626708984,-7.32899284362793
41.251392364,68.55313873291016,-7.32444429397583
41.450611114,68.305419921875,-7.324285984039307
41.600025177,68.10560607910156,-7.324158191680908
41.815845489,67.84559631347656,-7.323991298675537
42.015064239,67.58968353271484,-7.323827266693115
42.164478302,67.38713836669922,-7.323697566986084
42.313892364,67.209228515625,-7.323583602905273
42.513111114,66.94921875,-7.323416709899902
42.662525177,66.74394226074219,-7.323285102844238
42.861743927,66.49076080322266,-7.323122978210449
43.060962677,66.23348236083984,-7.322957992553711
43.260181427,65.97347259521484,-7.32279109954834
43.426197052,65.77092742919922,-7.322661399841309
43.625415802,65.5136489868164,-7.32249641418457
43.824634552,65.2536392211914,-7.322329521179199
44.023853302,65.00318908691406,-7.322169303894043
44.223072052,64.7554702758789,-7.3220109939575195
44.372486114,64.57756042480469,-7.321897029876709
44.571704864,64.31891632080078,-7.321731090545654
44.770923614,64.05890655517578,-7.321564197540283
44.970142364,63.809844970703125,-7.321404933929443
45.136157989,63.60868453979492,-7.3212761878967285
45.335376739,63.34867477416992,-7.321109294891357
45.534595489,63.09140396118164,-7.320944309234619
45.733814239,62.8396110534668,-7.3207831382751465
45.883228302,62.63435363769531,-7.319421291351318
46.082447052,62.60536193847656,-7.318853855133057
46.281665802,62.60536193847656,-7.318853855133057
46.480884552,62.60536193847656,-7.318853855133057
46.680103302,62.49437713623047,-7.315903663635254
46.895923614,62.24290084838867,-7.303427219390869
47.095142364,61.99025344848633,-7.2873029708862305
47.244556427,61.78260040283203,-7.275282859802246
47.393970489,61.6007194519043,-7.268851280212402
47.593189239,61.351688385009766,-7.265941619873047
47.792407989,61.094417572021484,-7.264153480529785
47.991626739,60.8371467590332,-7.262611389160156
48.141040802,60.6291618347168,-7.264200210571289
48.340259552,60.37465286254883,-7.266446113586426
48.556079864,60.12424087524414,-7.268656253814697
48.705493927,59.916263580322266,-7.270491123199463
48.904712677,59.66312026977539,-7.2727251052856445
49.103931427,59.4127082824707,-7.274935245513916
49.303150177,59.15683364868164,-7.277193069458008
49.502368927,58.8968620300293,-7.279486656188965
49.651782989,58.717613220214844,-7.281068325042725
49.851001739,58.469932556152344,-7.281700134277344
50.050220489,58.21950912475586,-7.279959678649902
50.216236114,58.01424026489258,-7.278532981872559
50.415454864,57.75423049926758,-7.276725769042969
50.564868927,57.550331115722656,-7.275308609008789
50.764087677,57.291690826416016,-7.273510932922363
50.963306427,57.031681060791016,-7.271703720092773
51.112720489,56.852413177490234,-7.270457744598389
51.311939239,56.60062026977539,-7.268707752227783
51.511157989,56.34061050415039,-7.266900539398193
51.710376739,56.08060073852539,-7.2650933265686035
51.909595489,55.82606887817383,-7.26332426071167
52.075611114,55.624908447265625,-7.262733459472656
52.274829864,55.364898681640625,-7.264206886291504
52.424243927,55.16236877441406,-7.265355110168457
52.573657989,54.98994827270508,-7.266333103179932
52.772876739,54.736785888671875,-7.267768383026123
52.972095489,54.476776123046875,-7.269241809844971
53.171314239,54.216766357421875,-7.270715236663818
53.370532989,53.96634292602539,-7.272135257720947
53.536548614,53.76518249511719,-7.273275852203369
53.735767364,53.50521469116211,-7.271386623382568
53.934986114,53.4108772277832,-7.265807628631592
54.134204864,53.29747772216797,-7.261458396911621
54.283618927,53.089481353759766,-7.260340690612793
54.532642364,52.77751541137695,-7.265471458435059
54.682056427,52.57499694824219,-7.265661239624023
54.881275177,52.32058334350586,-7.2586469650268555
55.080493927,52.06093215942383,-7.245034217834473
55.229907989,51.88058853149414,-7.234665393829346
55.445728302,51.60188293457031,-7.218723297119141
55.644947052,51.342071533203125,-7.209125995635986
55.844165802,51.08618927001953,-7.2069244384765625
56.043384552,50.83302688598633,-7.205963611602783
56.242603302,50.578495025634766,-7.204997539520264
56.441822052,50.318485260009766,-7.204010486602783
56.641040802,50.0639533996582,-7.203044414520264
56.840259552,49.810791015625,-7.202083587646484
57.056079864,49.55352020263672,-7.202091217041016
57.255298614,49.2976188659668,-7.2035417556762695
57.454517364,49.05130386352539,-7.204938888549805
57.653736114,48.79814147949219,-7.206374168395996
57.852954864,48.53813171386719,-7.207847595214844
58.052173614,48.27949142456055,-7.20931339263916
58.251392364,48.02906799316406,-7.210733413696289
58.450611114,47.76905822753906,-7.212206840515137
58.649829864,47.50904846191406,-7.213680267333984
58.815845489,47.30241012573242,-7.214851379394531
59.015064239,47.04513931274414,-7.216309547424316
59.214282989,46.78512954711914,-7.217782974243164
59.413501739,46.53196716308594,-7.2192182540893555
59.562915802,46.326759338378906,-7.215802192687988
59.762134552,46.245975494384766,-7.209978103637695
59.961353302,46.12120819091797,-7.1926751136779785
60.160572052,45.87760543823242,-7.111946105957031
60.309986114,45.71976852416992,-7.030008316040039
60.525806427,45.481082916259766,-6.88014030456543
60.725025177,45.26616287231445,-6.738757133483887
60.924243927,45.04602813720703,-6.600418567657471
61.123462677,44.82566452026367,-6.467680931091309
61.322681427,44.60110092163086,-6.3450541496276855
61.521900177,44.36769104003906,-6.2305731773376465
61.721118927,44.130699157714844,-6.123652935028076
61.920337677,43.89500427246094,-6.024013996124268
62.136157989,43.65374755859375,-5.927050590515137
62.335376739,43.41400146484375,-5.833769798278809
62.534595489,43.169315338134766,-5.745851993560791
62.733814239,42.92835998535156,-5.663861274719238
62.933032989,42.69260787963867,-5.592682361602783
63.132251739,42.451534271240234,-5.542587757110596
63.331470489,42.209171295166016,-5.507373809814453
63.530689239,41.95587158203125,-5.482558727264404
63.729907989,41.696533203125,-5.464083194732666
63.945728302,41.41279602050781,-5.4415059089660645
64.095138549,41.237037658691406,-5.425119400024414
64.294357299,40.98020553588867,-5.394705295562744
64.493576049,40.723793029785156,-5.360919952392578
64.692794799,40.47120666503906,-5.3199782371521
64.892013549,40.22626495361328,-5.274867057800293
65.091232299,39.97643280029297,-5.226233959197998
65.240646362,39.77119445800781,-5.192629814147949
65.456466674,39.525089263916016,-5.166449069976807
65.655685424,39.496219635009766,-5.163668155670166
65.854904174,39.39855194091797,-5.1572747230529785
66.054122924,39.15195846557617,-5.198177814483643
66.203536987,38.976444244384766,-5.303143501281738
66.402755737,38.79196548461914,-5.482143402099609
66.601974487,38.61567687988281,-5.673248767852783
66.801193237,38.4310417175293,-5.856225490570068
67.000411987,38.23640823364258,-6.026464939117432
67.149826049,38.094642639160156,-6.133898735046387
67.315841674,37.92601776123047,-6.248497486114502
67.515060424,37.70817184448242,-6.385322570800781
67.664474487,37.52920913696289,-6.4913129806518555
67.863693237,37.30830383300781,-6.620473384857178
68.062911987,37.09164810180664,-6.751436710357666
68.262130737,36.92866134643555,-6.848412990570068
68.461349487,36.92866134643555,-6.848412990570068
68.610763549,36.86478805541992,-6.887707710266113
68.809982299,36.67571258544922,-7.06019401550293
68.975997924,36.59529495239258,-7.243258953094482
69.125411987,36.58563995361328,-7.450276851654053
69.324630737,36.61722183227539,-7.70833158493042
69.474044799,36.64058303833008,-7.884686470031738
69.623458862,36.663150787353516,-8.080437660217285
69.772872924,36.676063537597656,-8.25920295715332
69.922286987,36.6761589050293,-8.463044166564941
70.121505737,36.65108871459961,-8.721735000610352
70.270919799,36.61954116821289,-8.898165702819824
70.470138549,36.56083679199219,-9.150033950805664
70.636154174,36.51167678833008,-9.345090866088867
70.785568237,36.45981216430664,-9.54369068145752
70.984786987,36.39623260498047,-9.794384002685547
71.134201049,36.35382843017578,-9.971372604370117
71.333419799,36.295597076416016,-10.224761009216309
71.482833862,36.25275421142578,-10.424100875854492
71.682052612,36.198760986328125,-10.670028686523438
71.831466674,36.16252517700195,-10.838597297668457
72.030685424,36.111053466796875,-11.086461067199707
72.180099487,36.07063674926758,-11.29049301147461
72.346115112,36.03038024902344,-11.494558334350586
72.545333862,35.997833251953125,-11.655320167541504
72.694747924,35.997833251953125,-11.655320167541504
72.893966674,35.98074722290039,-11.75345516204834
73.043380737,35.982913970947266,-11.949621200561523
73.192794799,36.05276870727539,-12.110321998596191
73.342208862,36.20701599121094,-12.247344970703125
73.541427612,36.45396423339844,-12.324602127075195
73.690841674,36.62806701660156,-12.343338012695312
73.840255737,36.83247375488281,-12.361416816711426
73.989669799,37.007293701171875,-12.39399528503418
74.155685424,37.20064926147461,-12.45382308959961
74.354904174,37.43191909790039,-12.562828063964844
74.504318237,37.602745056152344,-12.666313171386719
74.653732299,37.65934753417969,-12.704890251159668
74.852951049,37.65934753417969,-12.704890251159668
75.002365112,37.65934753417969,-12.704890251159668
75.151779174,37.65934753417969,-12.704890251159668
75.301193237,37.70994567871094,-12.740937232971191
75.500411987,37.885311126708984,-12.923221588134766
75.649826049,37.95405197143555,-13.08510971069336
75.815841674,37.984554290771484,-13.289039611816406
76.015060424,37.974674224853516,-13.544564247131348
76.164474487,37.948707580566406,-13.745391845703125
76.363693237,37.91025924682617,-14.002532005310059
76.513107299,37.8875617980957,-14.183107376098633
76.712326049,37.867855072021484,-14.431341171264648
76.861740112,37.858699798583984,-14.636395454406738
77.011154174,37.854888916015625,-14.818351745605469
77.210372924,37.856388092041016,-15.0769681930542
77.376388549,37.860408782958984,-15.276717185974121
77.525802612,37.86445617675781,-15.47783374786377
77.675216674,37.86811447143555,-15.659793853759766
77.824630737,37.8737678527832,-15.867703437805176
78.023849487,37.87638854980469,-15.91012191772461
78.173263549,37.87638854980469,-15.91012191772461
78.322677612,37.87638854980469,-15.91012191772461
78.521896362,37.87638854980469,-15.91012191772461
78.671310424,37.88002395629883,-15.998534202575684
78.820724487,37.86519241333008,-16.197568893432617
79.036544799,37.80891036987305,-16.44695281982422
79.185958862,37.742496490478516,-16.639677047729492
79.385177612,37.63859558105469,-16.877960205078125
79.584396362,37.52629470825195,-17.109405517578125
79.733810424,37.4478874206543,-17.269084930419922
79.933029174,37.337684631347656,-17.50457191467285
80.082443237,37.25508499145508,-17.6939697265625
80.281661987,37.15999221801758,-17.930055618286133
80.480880737,37.069034576416016,-18.17070770263672
80.630294799,37.00505447387695,-18.34109878540039
80.829513549,36.91374206542969,-18.58454132080078
80.995529174,36.84035873413086,-18.777706146240234
81.194747924,36.74716567993164,-19.016029357910156
81.344161987,36.67221450805664,-19.21005630493164
81.543380737,36.579227447509766,-19.445518493652344
81.692794799,36.509761810302734,-19.613739013671875
81.892013549,36.40967559814453,-19.846275329589844
82.041427612,36.32685089111328,-20.037071228027344
82.190841674,36.253170013427734,-20.203487396240234
82.340255737,36.169830322265625,-20.392562866210938
82.506271362,36.090789794921875,-20.581993103027344
82.705490112,35.9964599609375,-20.815441131591797
82.854904174,35.928192138671875,-20.982681274414062
83.054122924,35.82804489135742,-21.219648361206055
83.203536987,35.748023986816406,-21.40718650817871
83.402755737,35.64866256713867,-21.64151382446289
83.601974487,35.54814529418945,-21.88128662109375
83.751388549,35.47770690917969,-22.049097061157227
83.950607299,35.37469482421875,-22.287818908691406
84.100021362,35.29261779785156,-22.47893714904785
84.266036987,35.213401794433594,-22.66829490661621
84.465255737,35.10858154296875,-22.906225204467773
84.664474487,35.00345230102539,-23.144020080566406
84.813888549,34.93157196044922,-23.306745529174805
85.013107299,34.826900482177734,-23.541748046875
85.212326049,34.726871490478516,-23.774303436279297
85.411544799,34.6259765625,-24.0139217376709
85.560958862,34.54404830932617,-24.205106735229492
85.760177612,34.46723937988281,-24.38705825805664
85.926193237,34.466854095458984,-24.387981414794922
86.125411987,34.466854095458984,-24.387981414794922
86.324630737,34.466854095458984,-24.387981414794922
86.474044799,34.466854095458984,-24.387981414794922
86.673263549,34.42671585083008,-24.494117736816406
86.822677612,34.385372161865234,-24.694734573364258
86.972091674,34.38243103027344,-24.873859405517578
87.171310424,34.405574798583984,-25.128644943237305
87.320724487,34.42894744873047,-25.335330963134766
87.519943237,34.453338623046875,-25.568050384521484
87.685958862,34.4825325012207,-25.80021858215332
87.835372924,34.50226593017578,-25.981142044067383
87.984786987,34.52090072631836,-26.188304901123047
88.184005737,34.546382904052734,-26.438796997070312
88.333419799,34.561832427978516,-26.61052131652832
88.482833862,34.575374603271484,-26.815332412719727
88.682052612,34.58961486816406,-27.072193145751953
88.831466674,34.60371017456055,-27.253646850585938
88.980880737,34.6187744140625,-27.455612182617188
89.180099487,34.63187789916992,-27.70294761657715
89.346115112,34.64784622192383,-27.90483283996582
89.495529174,34.66650390625,-28.085872650146484
89.644943237,34.68444061279297,-28.287595748901367
89.844161987,34.700435638427734,-28.537498474121094
89.993576049,34.714073181152344,-28.71349334716797
90.142990112,34.73204803466797,-28.917966842651367
90.342208862,34.74848937988281,-29.177438735961914
90.491622924,34.75511932373047,-29.35931396484375
90.641036987,34.76555252075195,-29.5615291595459
90.840255737,34.79020309448242,-29.814861297607422
90.956466674,34.800472259521484,-29.941707611083984
91.155685424,34.815284729003906,-30.199905395507812
91.305099487,34.826900482177734,-30.40209197998047
91.454513549,34.84101486206055,-30.579421997070312
91.653732299,34.86100387573242,-30.83727264404297
91.803146362,34.8715934753418,-31.044998168945312
91.952560424,34.877174377441406,-31.222803115844727
92.151779174,34.89802932739258,-31.47641944885254
92.301193237,34.909420013427734,-31.59638023376465
92.450607299,34.913047790527344,-31.633703231811523
92.649826049,34.98143005371094,-31.8789005279541
92.815841674,35.12086868286133,-32.030643463134766
92.965255737,35.30823516845703,-32.119205474853516
93.114669799,35.481101989746094,-32.160865783691406
93.313888549,35.73085021972656,-32.202144622802734
93.463302612,35.93438720703125,-32.244754791259766
93.612716674,36.10251998901367,-32.29368209838867
93.811935424,36.3413200378418,-32.3890495300293
93.961349487,36.526893615722656,-32.4828987121582
94.110763549,36.67948532104492,-32.57691192626953
94.260177612,36.85193634033203,-32.69321823120117
94.426193237,37.02224349975586,-32.8126335144043
94.575607299,37.17106246948242,-32.915000915527344
94.725021362,37.343326568603516,-33.031578063964844
94.924240112,37.55916976928711,-33.171539306640625
95.073654174,37.71214294433594,-33.26499938964844
95.223068237,37.888893127441406,-33.36937713623047
95.372482299,38.04682922363281,-33.459808349609375
95.571701049,38.26858901977539,-33.584747314453125
95.721115112,38.45030212402344,-33.68596267700195
95.870529174,38.58735656738281,-33.76254653930664
96.036544799,38.5899658203125,-33.764034271240234
96.185958862,38.5899658203125,-33.764034271240234
96.385177612,38.5899658203125,-33.764034271240234
96.534591674,38.5899658203125,-33.764034271240234
96.684005737,38.5899658203125,-33.764034271240234
96.883224487,38.5899658203125,-33.764034271240234
97.032638549,38.5899658203125,-33.764034271240234
97.182052612,38.5899658203125,-33.764034271240234
97.381271362,38.592979431152344,-33.72289276123047
97.530685424,38.558719635009766,-33.59119415283203
97.729904174,38.393924713134766,-33.41809844970703
97.945724487,38.121463775634766,-33.35911560058594
98.144943237,37.867942810058594,-33.40851974487305
98.344161987,37.62894058227539,-33.468082427978516
98.543380737,37.381351470947266,-33.513328552246094
98.692794799,37.20284652709961,-33.528873443603516
98.892013549,36.94868469238281,-33.51904296875
99.091232299,36.69585037231445,-33.489845275878906
99.290451049,36.44723129272461,-33.45991134643555
99.456466674,36.24558639526367,-33.44107437133789
99.655685424,35.98887252807617,-33.4244270324707
99.805099487,35.78238296508789,-33.416873931884766
100.054122924,35.481353759765625,-33.41537857055664
100.203536987,35.276153564453125,-33.42036819458008
100.402755737,35.016258239746094,-33.42769241333008
100.601974487,34.76457214355469,-33.43455123901367
100.801193237,34.51418685913086,-33.43899154663086
101.000411987,34.2596549987793,-33.439971923828125
101.216232299,33.9996452331543,-33.44073486328125
101.415451049,33.742374420166016,-33.441490173339844
101.614669799,33.485103607177734,-33.44224548339844
101.813888549,33.226463317871094,-33.4430046081543
102.013107299,32.97467041015625,-33.44374465942383
102.212326049,32.722877502441406,-33.444244384765625
102.411544799,32.464237213134766,-33.4433708190918
102.610763549,32.205596923828125,-33.44249725341797
102.809982299,31.955175399780273,-33.441646575927734
103.025802612,31.681493759155273,-33.44071578979492
103.225021362,31.422870635986328,-33.439842224121094
103.424240112,31.16561508178711,-33.43897247314453
103.573654174,30.99047088623047,-33.43720626831055
103.772872924,30.73522186279297,-33.42095947265625
103.972091674,30.485605239868164,-33.372276306152344
104.171310424,30.26805305480957,-33.3037223815918
104.370529174,30.245161056518555,-33.29568099975586
104.536544799,30.245161056518555,-33.29568099975586
104.735763549,30.245161056518555,-33.29568099975586
104.984786987,30.245161056518555,-33.29568099975586
105.184005737,30.185848236083984,-33.27599334716797
105.383224487,29.933462142944336,-33.219032287597656
105.582443237,29.674266815185547,-33.20228958129883
105.781661987,29.41889762878418,-33.21711730957031
105.980880737,29.168428421020508,-33.242835998535156
106.180099487,28.913249969482422,-33.26179504394531
106.395919799,28.65349769592285,-33.27290344238281
106.595138549,28.401737213134766,-33.27572250366211
106.794357299,28.144521713256836,-33.27119827270508
106.993576049,27.884607315063477,-33.26467514038086
107.192794799,27.630163192749023,-33.2582893371582
107.392013549,27.37571907043457,-33.25190353393555
107.591232299,27.119874954223633,-33.24721145629883
107.790451049,26.85988426208496,-33.2484016418457
108.006271362,26.5779972076416,-33.25022506713867
108.205490112,26.320741653442383,-33.251888275146484
108.404708862,26.06075096130371,-33.25356674194336
108.603927612,25.80352020263672,-33.256710052490234
108.803146362,25.555448532104492,-33.2778434753418
109.002365112,25.29690933227539,-33.30522918701172
109.201583862,25.047191619873047,-33.323856353759766
109.400802612,24.80111312866211,-33.33437728881836
109.550216674,24.62873077392578,-33.33805847167969
109.766036987,24.350372314453125,-33.3571662902832
109.915451049,24.17094612121582,-33.38731002807617
110.114669799,23.919923782348633,-33.45488357543945
110.313888549,23.671566009521484,-33.521942138671875
110.513107299,23.42401695251465,-33.574527740478516
110.712326049,23.174131393432617,-33.605010986328125
110.911544799,23.11937141418457,-33.61012649536133
111.110763549,23.11937141418457,-33.61012649536133
111.309982299,23.116680145263672,-33.60963439941406
111.525802612,23.104068756103516,-33.60192108154297
111.725021362,23.100061416625977,-33.59480285644531
111.874435424,23.1023006439209,-33.58411407470703
112.073654174,23.154680252075195,-33.52768325805664
112.173263549,23.262474060058594,-33.46894454956055
112.372482299,23.51017189025879,-33.43546676635742
112.521896362,23.708120346069336,-33.46138381958008
112.671310424,23.87513542175293,-33.498233795166016
112.870529174,24.129032135009766,-33.55414962768555
112.970138549,24.257280349731445,-33.57534408569336
113.185958862,24.536590576171875,-33.6000862121582
113.335372924,24.718564987182617,-33.60225296020508
113.484786987,24.926536560058594,-33.599246978759766
113.634201049,25.105741500854492,-33.594669342041016
113.783615112,25.3095703125,-33.58946228027344
113.933029174,25.487407684326172,-33.58491897583008
114.082443237,25.695363998413086,-33.58084487915039
114.231857299,25.877357482910156,-33.58054733276367
114.431076049,26.131877899169922,-33.58047103881836
114.580490112,26.334400177001953,-33.58041000366211
114.729904174,26.512290954589844,-33.58035659790039
114.895919799,26.72028350830078,-33.58029556274414
115.045333862,26.92417335510254,-33.58023452758789
115.194747924,27.10206413269043,-33.58018112182617
115.393966674,27.35931968688965,-33.58010482788086
115.543380737,27.567312240600586,-33.58004379272461
115.692794799,27.746570587158203,-33.57999038696289
115.842208862,27.94635772705078,-33.57992935180664
116.041427612,28.19951057434082,-33.57985305786133
116.190841674,28.38150405883789,-33.57979965209961
116.340255737,28.589496612548828,-33.57973861694336
116.506271362,28.79201889038086,-33.57967758178711
116.655685424,28.972644805908203,-33.57962417602539
116.805099487,29.18063735961914,-33.57956314086914
117.004318237,29.439260482788086,-33.57948684692383
117.153732299,29.614416122436523,-33.57943344116211
117.303146362,29.816938400268555,-33.57937240600586
117.452560424,29.998931884765625,-33.57931900024414
117.601974487,30.206924438476562,-33.57925796508789
117.801193237,30.4600772857666,-33.57918167114258
117.950607299,30.637968063354492,-33.57912826538086
118.100021362,30.840490341186523,-33.57906723022461
118.249435424,31.022483825683594,-33.57901382446289
118.415451049,31.23047637939453,-33.57895278930664
118.564865112,31.435733795166016,-33.57889175415039
118.714279174,31.617727279663086,-33.57883834838867
118.863693237,31.825719833374023,-33.57877731323242
119.062911987,32.08024597167969,-33.57870101928711
119.212326049,32.25540542602539,-33.57864761352539
119.361740112,32.45793533325195,-33.57858657836914
119.511154174,32.63994216918945,-33.57853317260742
119.660568237,32.84794998168945,-33.57847213745117
119.809982299,33.025848388671875,-33.57841873168945
119.975997924,33.22700881958008,-33.5783576965332
120.175216674,33.48701858520508,-33.57828140258789
120.324630737,33.69091796875,-33.57822036743164
120.474044799,33.8660774230957,-33.57816696166992
120.623458862,34.06586837768555,-33.57810592651367
120.772872924,34.24239730834961,-33.57805252075195
120.922286987,34.44903564453125,-33.5779914855957
121.121505737,34.70904541015625,-33.57791519165039
121.270919799,34.88831329345703,-33.57786178588867
121.420333862,35.09221267700195,-33.57780075073242
121.586349487,35.296112060546875,-33.57773971557617
121.735763549,35.478118896484375,-33.57768630981445
121.885177612,35.68064880371094,-33.5776252746582
122.034591674,35.85580825805664,-33.577571868896484
122.233810424,36.108970642089844,-33.57749557495117
122.383224487,36.316978454589844,-33.57743453979492
122.532638549,36.498985290527344,-33.5773811340332
122.731857299,36.753517150878906,-33.57730484008789
122.881271362,36.95604705810547,-33.57724380493164
123.030685424,37.13805389404297,-33.57719039916992
123.229904174,37.39806365966797,-33.57711410522461
123.395919799,37.60332107543945,-33.57826614379883
123.545333862,37.808349609375,-33.587806701660156
123.694747924,37.9898681640625,-33.6009521484375
123.893966674,38.24353790283203,-33.621742248535156
124.043380737,38.44541931152344,-33.637794494628906
124.192794799,38.62026596069336,-33.64822769165039
124.392013549,38.87874984741211,-33.656707763671875
124.541427612,39.08674621582031,-33.65813064575195
124.690841674,39.26597213745117,-33.66146469116211
124.890060424,39.518218994140625,-33.681758880615234
125.056076049,39.72197341918945,-33.71578598022461
125.205490112,39.924800872802734,-33.76184844970703
125.354904174,40.10196304321289,-33.803504943847656
125.554122924,40.35041046142578,-33.85858917236328
125.703536987,40.55088806152344,-33.88706588745117
125.852951049,40.72894287109375,-33.907894134521484
126.002365112,40.93544006347656,-33.93287658691406
126.201583862,41.19108581542969,-33.979698181152344
126.350997924,41.361846923828125,-34.02437210083008
126.500411987,41.560115814208984,-34.08252716064453
126.649826049,41.733673095703125,-34.13731384277344
126.865646362,42.002593994140625,-34.21187973022461
127.015060424,42.178043365478516,-34.2486457824707
127.114669799,42.30562973022461,-34.2735595703125
127.264083862,42.50907516479492,-34.31681823730469
127.463302612,42.762428283691406,-34.37521743774414
127.612716674,42.9372444152832,-34.414913177490234
127.811935424,43.179630279541016,-34.47214126586914
127.961349487,43.373722076416016,-34.5195426940918
128.110763549,43.4821891784668,-34.54602813720703
128.309982299,43.4821891784668,-34.54602813720703
128.475997924,43.4821891784668,-34.54602813720703
128.625411987,43.4821891784668,-34.54602813720703
128.774826049,43.4821891784668,-34.54602813720703
128.974044799,43.53053665161133,-34.55723190307617
129.123458862,43.72982406616211,-34.5930290222168
129.322677612,43.984527587890625,-34.616641998291016
129.472091674,44.166473388671875,-34.62053298950195
129.621505737,44.37173080444336,-34.61961364746094
129.820724487,44.626224517822266,-34.6163330078125
129.970138549,44.80683517456055,-34.6140022277832
130.136154174,45.0120735168457,-34.61135482788086
130.285568237,45.21868133544922,-34.60868835449219
130.484786987,45.471824645996094,-34.607662200927734
130.634201049,45.652347564697266,-34.613250732421875
130.783615112,45.856544494628906,-34.63364028930664
130.933029174,46.033172607421875,-34.66404342651367
131.132247924,46.28643798828125,-34.72276306152344
131.281661987,46.484004974365234,-34.77315902709961
131.431076049,46.6545295715332,-34.81315994262695
131.630294799,46.897342681884766,-34.86198043823242
131.796310424,47.092838287353516,-34.89588165283203
131.945724487,47.292545318603516,-34.929542541503906
132.144943237,47.54688262939453,-34.97633361816406
132.294357299,47.71980285644531,-35.01799774169922
132.443771362,47.91983413696289,-35.074947357177734
132.642990112,48.16196823120117,-35.148773193359375
132.792404174,48.33461380004883,-35.1916618347168
132.941818237,48.53376388549805,-35.235355377197266
133.141036987,48.781742095947266,-35.286293029785156
133.290451049,48.95979690551758,-35.323944091796875
133.456466674,49.1630859375,-35.367923736572266
133.655685424,49.416324615478516,-35.42680358886719
133.805099487,49.61513900756836,-35.47785568237305
133.954513549,49.787532806396484,-35.52176284790039
134.103927612,49.98567581176758,-35.5698356628418
134.253341674,50.16325759887695,-35.6097297668457
134.402755737,50.3656005859375,-35.657875061035156
134.552169799,50.5425910949707,-35.700252532958984
134.751388549,50.792415618896484,-35.755619049072266
134.900802612,50.989540100097656,-35.787837982177734
135.100021362,51.243221282958984,-35.80739212036133
135.266036987,51.451171875,-35.81160354614258
135.415451049,51.629058837890625,-35.81338119506836
135.614669799,51.88614273071289,-35.82263946533203
135.764083862,52.0936279296875,-35.83676528930664
135.913497924,52.27384948730469,-35.861812591552734
136.112716674,52.52332305908203,-35.91843795776367
136.262130737,52.719688415527344,-35.97332000732422
136.461349487,52.9618034362793,-36.042415618896484
136.610763549,53.13059997558594,-36.08378601074219
136.760177612,53.32817840576172,-36.12824630737305
136.926193237,53.525840759277344,-36.165550231933594
137.075607299,53.70475769042969,-36.198856353759766
137.274826049,53.960052490234375,-36.2480354309082
137.424240112,54.160057067871094,-36.279815673828125
137.573654174,54.33573532104492,-36.30779266357422
137.772872924,54.57405090332031,-36.35002136230469
137.922286987,54.60260009765625,-36.35511016845703
138.121505737,54.66355895996094,-36.36501693725586
138.270919799,54.840938568115234,-36.372554779052734
138.420333862,55.03459167480469,-36.321903228759766
138.636154174,55.253875732421875,-36.1830940246582
138.785568237,55.4193229675293,-36.05705261230469
138.984786987,55.62732696533203,-35.90813446044922
139.184005737,55.84798049926758,-35.7816276550293
139.333419799,56.01103591918945,-35.710697174072266
139.532638549,56.25018310546875,-35.63674545288086
139.682052612,56.4464111328125,-35.59257507324219
139.881271362,56.69422149658203,-35.54806900024414
140.030685424,56.86806869506836,-35.517459869384766
140.229904174,57.122074127197266,-35.468753814697266
140.395919799,57.325836181640625,-35.426963806152344
140.595138549,57.580326080322266,-35.380897521972656
140.744552612,57.652931213378906,-35.369293212890625
140.943771362,57.652931213378906,-35.369293212890625
141.093185424,57.652931213378906,-35.369293212890625
141.292404174,57.652931213378906,-35.369293212890625
141.441818237,57.652931213378906,-35.369293212890625
141.641036987,57.71482849121094,-35.36067581176758
141.790451049,57.89508056640625,-35.3446044921875
141.956466674,58.103004455566406,-35.3403434753418
142.105880737,58.30413055419922,-35.34366989135742
142.255294799,58.48051071166992,-35.350772857666016
142.454513549,58.73868179321289,-35.366416931152344
142.603927612,58.94631576538086,-35.37889099121094
142.753341674,59.12542724609375,-35.38611602783203
142.952560424,59.378543853759766,-35.39030838012695
143.101974487,59.58378982543945,-35.39274978637695
143.301193237,59.8437614440918,-35.39583969116211
143.450607299,60.02302169799805,-35.39628219604492
143.649826049,60.27892303466797,-35.394474029541016
143.815841674,60.48693084716797,-35.393009185791016
144.015060424,60.74009323120117,-35.39121627807617
144.164474487,60.942623138427734,-35.3897819519043
144.363693237,61.19441604614258,-35.387996673583984
144.513107299,61.37505340576172,-35.386722564697266
144.662521362,61.58305740356445,-35.38648223876953
144.861740112,61.81793212890625,-35.393245697021484
145.011154174,61.83340835571289,-35.39411544799805
145.160568237,61.83340835571289,-35.39411544799805
145.376388549,61.87258529663086,-35.36687088012695
145.575607299,61.99176788330078,-35.16939926147461
145.725021362,62.01215362548828,-34.96873092651367
145.924240112,61.97651290893555,-34.719810485839844
146.123458862,61.905670166015625,-34.47541046142578
146.322677612,61.83849334716797,-34.224334716796875
146.521896362,61.797142028808594,-33.980220794677734
146.671310424,61.78178787231445,-33.80439758300781
146.870529174,61.78020477294922,-33.54997253417969
147.019943237,61.79201126098633,-33.36836242675781
147.185958862,61.81249237060547,-33.13526916503906
147.385177612,61.83317947387695,-32.88022232055664
147.534591674,61.84318542480469,-32.6984977722168
147.733810424,61.85050964355469,-32.4386100769043
147.933029174,61.851348876953125,-32.18682098388672
148.132247924,61.85169219970703,-31.932294845581055
148.331466674,61.85203552246094,-31.672304153442383
148.480880737,61.85231018066406,-31.464311599731445
148.680099487,61.839412689208984,-31.210208892822266
148.895919799,61.82342529296875,-31.076244354248047
149.095138549,61.82342529296875,-31.076244354248047
149.244552612,61.82342529296875,-31.076244354248047
149.443771362,61.82342529296875,-31.076244354248047
149.642990112,61.81763458251953,-31.026582717895508
149.792404174,61.80479049682617,-30.846071243286133
149.991622924,61.80125427246094,-30.611106872558594
150.190841674,61.801231384277344,-30.59560775756836
150.390060424,61.801231384277344,-30.59560775756836
150.556076049,61.8011474609375,-30.570606231689453
150.755294799,61.796268463134766,-30.31639289855957
150.954513549,61.79011917114258,-30.0591983795166
151.103927612,61.7851448059082,-29.85125160217285
151.303146362,61.78411102294922,-29.59541130065918
151.502365112,61.7998161315918,-29.34412384033203
151.651779174,61.808650970458984,-29.237491607666016
151.850997924,61.808650970458984,-29.237491607666016
152.000411987,61.808650970458984,-29.237491607666016
152.216232299,61.808650970458984,-29.237491607666016
152.415451049,61.808650970458984,-29.237491607666016
152.564865112,61.808650970458984,-29.237491607666016
152.764083862,61.808650970458984,-29.237491607666016
152.963302612,61.808650970458984,-29.237491607666016
153.162521362,61.808650970458984,-29.237491607666016
153.311935424,61.8096923828125,-29.225034713745117
153.511154174,61.80364990234375,-29.0559024810791
153.710372924,61.732662200927734,-28.93666648864746
153.876388549,61.563751220703125,-28.835933685302734
154.075607299,61.31059265136719,-28.822351455688477
154.225021362,61.108985900878906,-28.87285804748535
154.424240112,60.8596305847168,-28.946468353271484
154.573654174,60.68809509277344,-28.987916946411133
154.772872924,60.44072341918945,-29.014362335205078
154.972091674,60.25672912597656,-29.00313377380371
155.121505737,60.25672912597656,-29.00313377380371
155.320724487,60.25672912597656,-29.00313377380371
155.536544799,60.25672912597656,-29.00313377380371
155.685958862,60.25672912597656,-29.00313377380371
155.835372924,60.25672912597656,-29.00313377380371
156.034591674,60.24864196777344,-29.0017032623291
156.233810424,60.20988845825195,-28.988746643066406
156.383224487,60.12423324584961,-28.897180557250977
156.582443237,60.04309844970703,-28.652692794799805
156.781661987,60.05683898925781,-28.396512985229492
156.881271362,60.082786560058594,-28.269145965576172
157.080490112,60.14349365234375,-28.019149780273438
157.296310424,60.19682312011719,-27.768917083740234
157.495529174,60.22895431518555,-27.513763427734375
157.644943237,60.23716735839844,-27.31144905090332
157.844161987,60.23625946044922,-27.056934356689453
158.043380737,60.233055114746094,-26.79696273803711
158.192794799,60.23086929321289,-26.61908531188965
158.392013549,60.227779388427734,-26.367319107055664
158.591232299,60.22468948364258,-26.11555290222168
158.790451049,60.217803955078125,-25.855688095092773
158.956466674,60.19854736328125,-25.65134620666504
159.155685424,60.174964904785156,-25.397926330566406
159.354904174,60.159278869628906,-25.141155242919922
159.504318237,60.15230178833008,-24.933279037475586
159.703536987,60.14064407348633,-24.676292419433594
159.902755737,60.122467041015625,-24.42516326904297
160.101974487,60.107398986816406,-24.165613174438477
160.251388549,60.101722717285156,-23.983707427978516
160.450607299,60.09040832519531,-23.730873107910156
160.649826049,60.06314468383789,-23.493144989013672
160.815841674,60.05976486206055,-23.464340209960938
161.015060424,60.05976486206055,-23.464340209960938
161.214279174,60.05976486206055,-23.464340209960938
161.413497924,60.05976486206055,-23.464340209960938
161.562911987,60.056739807128906,-23.439523696899414
161.762130737,60.011478424072266,-23.188400268554688
161.961349487,59.94285583496094,-22.943395614624023
162.160568237,59.8510627746582,-22.704631805419922
162.309982299,59.773956298828125,-22.539777755737305
162.525802612,59.64687728881836,-22.283573150634766
162.725021362,59.579933166503906,-22.153261184692383
162.924240112,59.579933166503906,-22.153261184692383
163.073654174,59.579933166503906,-22.153261184692383
163.272872924,59.579933166503906,-22.153261184692383
163.472091674,59.56850814819336,-22.131025314331055
163.671310424,59.453956604003906,-21.89985466003418
163.820724487,59.36204147338867,-21.713260650634766
164.036544799,59.24292755126953,-21.482181549072266
164.235763549,59.11636734008789,-21.25507926940918
164.434982299,58.988006591796875,-21.03529167175293
164.584396362,58.88188171386719,-20.859603881835938
164.783615112,58.74374008178711,-20.639341354370117
164.982833862,58.60622024536133,-20.42192268371582
165.132247924,58.50787353515625,-20.26878547668457
165.331466674,58.360748291015625,-20.054426193237305
165.530685424,58.269412994384766,-19.924274444580078
165.729904174,58.269412994384766,-19.924274444580078
165.895919799,58.269412994384766,-19.924274444580078
166.095138549,58.269412994384766,-19.924274444580078
166.294357299,58.269412994384766,-19.924274444580078
166.493576049,58.269412994384766,-19.924274444580078
166.642990112,58.269412994384766,-19.924274444580078
166.892013549,58.269412994384766,-19.924274444580078
167.041427612,58.269412994384766,-19.924274444580078
167.240646362,58.269412994384766,-19.924274444580078
167.456466674,58.269412994384766,-19.924274444580078
167.655685424,58.269412994384766,-19.924274444580078
167.854904174,58.269412994384766,-19.924274444580078
168.054122924,58.269412994384766,-19.924274444580078
168.203536987,58.255149841308594,-19.903743743896484
168.402755737,58.13112258911133,-19.70037269592285
168.601974487,58.01258850097656,-19.468982696533203
168.801193237,57.9023323059082,-19.241104125976562
168.950607299,57.821346282958984,-19.081186294555664
169.149826049,57.69435501098633,-18.85433578491211
169.315841674,57.58467102050781,-18.677631378173828
169.515060424,57.48896026611328,-18.53412437438965
169.714279174,57.48896026611328,-18.53412437438965
169.913497924,57.48896026611328,-18.53412437438965
170.062911987,57.48896026611328,-18.53412437438965
170.262130737,57.48896026611328,-18.53412437438965
170.461349487,57.48896026611328,-18.53412437438965
170.660568237,57.48896026611328,-18.53412437438965
170.809982299,57.48896026611328,-18.53412437438965
171.025802612,57.48896026611328,-18.53412437438965
171.225021362,57.48896026611328,-18.53412437438965
171.424240112,57.48896026611328,-18.53412437438965
171.623458862,57.48896026611328,-18.53412437438965
171.822677612,57.48896026611328,-18.53412437438965
171.922286987,57.48896026611328,-18.53412437438965
172.121505737,57.48896026611328,-18.53412437438965
172.270919799,57.476043701171875,-18.529695510864258
172.470138549,57.34463882446289,-18.546335220336914
172.636154174,57.225379943847656,-18.6356258392334
172.835372924,57.12417984008789,-18.862327575683594
172.984786987,57.14173889160156,-19.068477630615234
173.134201049,57.192081451416016,-19.243345260620117
173.283615112,57.25218200683594,-19.442468643188477
173.482833862,57.310577392578125,-19.695594787597656
173.632247924,57.32754135131836,-19.872589111328125
173.781661987,57.3165168762207,-20.080034255981445
173.931076049,57.285362243652344,-20.259307861328125
174.130294799,57.223876953125,-20.510496139526367
174.296310424,57.16984939575195,-20.7056827545166
174.445724487,57.115638732910156,-20.903657913208008
174.595138549,57.068145751953125,-21.0793514251709
174.794357299,57.00558090209961,-21.33029556274414
174.943771362,56.961524963378906,-21.525165557861328
175.142990112,56.91263198852539,-21.770755767822266
175.292404174,56.88099670410156,-21.944421768188477
175.441818237,56.84458923339844,-22.14225196838379
175.641036987,56.79587936401367,-22.397642135620117
175.790451049,56.76060485839844,-22.576190948486328
175.939865112,56.7253303527832,-22.75473976135254
176.105880737,56.67904281616211,-22.982715606689453
176.305099487,56.6253662109375,-23.237112045288086
176.454513549,56.586727142333984,-23.414966583251953
176.603927612,56.5428581237793,-23.616891860961914
176.803146362,56.53269958496094,-23.66472053527832
176.952560424,56.53241729736328,-23.666059494018555
177.151779174,56.525390625,-23.685264587402344
177.301193237,56.471435546875,-23.737163543701172
177.500411987,56.24080276489258,-23.80897331237793
177.649826049,56.06242370605469,-23.7775821685791
177.865646362,55.81578826904297,-23.63501739501953
178.064865112,55.615081787109375,-23.469818115234375
178.264083862,55.405818939208984,-23.316064834594727
178.413497924,55.24327850341797,-23.234474182128906
178.612716674,54.998504638671875,-23.147300720214844
178.762130737,54.79904556274414,-23.099016189575195
178.961349487,54.5529670715332,-23.061237335205078
179.160568237,54.30186462402344,-23.042953491210938
179.309982299,54.12043380737305,-23.028608322143555
179.525802612,53.8366584777832,-23.006610870361328
179.675216674,53.66038513183594,-22.997234344482422
179.874435424,53.401851654052734,-22.990432739257812
180.073654174,53.14188003540039,-22.988086700439453
180.223068237,52.9379997253418,-22.986244201660156
180.422286987,52.68485641479492,-22.98395538330078
180.621505737,52.43169403076172,-22.984493255615234
180.770919799,52.24968719482422,-22.985721588134766
180.970138549,52.193687438964844,-22.98582649230957
181.185958862,52.193687438964844,-22.98582649230957
181.385177612,52.193687438964844,-22.98582649230957
181.584396362,52.188209533691406,-22.985750198364258
181.783615112,52.174869537353516,-22.98311424255371
181.933029174,52.169525146484375,-22.97892951965332
182.132247924,52.16706466674805,-22.975648880004883
182.331466674,52.17396926879883,-22.9521427154541
182.480880737,52.23731994628906,-22.885906219482422
182.680099487,52.467369079589844,-22.795745849609375
182.846115112,52.668434143066406,-22.811716079711914
182.995529174,52.84024429321289,-22.857666015625
183.144943237,53.03798294067383,-22.912708282470703
183.294357299,53.21308517456055,-22.95702362060547
183.493576049,53.46893310546875,-23.002779006958008
183.642990112,53.67600631713867,-23.021839141845703
183.792404174,53.849605560302734,-23.02985191345215
183.991622924,54.10271072387695,-23.034725189208984
184.141036987,54.31071853637695,-23.035778045654297
184.340255737,54.57072830200195,-23.037094116210938
184.506271362,54.773258209228516,-23.038116455078125
184.705490112,55.033267974853516,-23.036972045898438
184.854904174,55.215274810791016,-23.036088943481445
185.054122924,55.47096633911133,-23.04450035095215
185.203536987,55.67713165283203,-23.07154655456543
185.402755737,55.93216323852539,-23.12207794189453
185.552169799,56.11003494262695,-23.16059684753418
185.751388549,56.36384201049805,-23.21698570251465
185.900802612,56.563446044921875,-23.25124740600586
186.050216674,56.73771667480469,-23.279382705688477
186.216232299,56.93778610229492,-23.310779571533203
186.415451049,57.18928146362305,-23.357942581176758
186.564865112,57.390892028808594,-23.408981323242188
186.714279174,57.56167984008789,-23.458728790283203
186.863693237,57.75973892211914,-23.51760482788086
187.013107299,57.929595947265625,-23.565643310546875
187.162521362,58.122859954833984,-23.610530853271484
187.361740112,58.36934280395508,-23.6618595123291
187.511154174,58.54130554199219,-23.69514274597168
187.660568237,58.74248504638672,-23.73589515686035
187.809982299,58.91791915893555,-23.77273941040039
187.975997924,59.12076187133789,-23.818763732910156
188.175216674,59.36929702758789,-23.879655838012695
188.324630737,59.562923431396484,-23.93888282775879
188.474044799,59.719970703125,-24.002809524536133
188.673263549,59.91943359375,-24.149694442749023
188.822677612,60.03895568847656,-24.31912612915039
188.972091674,60.10002899169922,-24.48999786376953
189.121505737,60.12427520751953,-24.696340560913086
189.270919799,60.122291564941406,-24.872766494750977
189.470138549,60.097530364990234,-25.131542205810547
189.636154174,60.07652282714844,-25.33709716796875
189.785568237,60.05731201171875,-25.53595733642578
189.934982299,60.041168212890625,-25.71036148071289
190.134201049,60.03471374511719,-25.966079711914062
190.283615112,60.04470443725586,-26.173828125
190.433029174,60.05589294433594,-26.355487823486328
190.582443237,60.06731033325195,-26.55358123779297
190.731857299,60.073707580566406,-26.72998809814453
190.931076049,60.07688522338867,-26.983123779296875
191.080490112,60.0785026550293,-27.191116333007812
191.229904174,60.079917907714844,-27.373109817504883
191.395919799,60.07830810546875,-27.579713821411133
191.545333862,60.06867599487305,-27.782005310058594
191.694747924,60.05575942993164,-27.963542938232422
191.893966674,60.03341293334961,-28.22120475769043
192.043380737,60.018917083740234,-28.420461654663086
192.192794799,60.01034927368164,-28.59540557861328
192.342208862,60.00511932373047,-28.801963806152344
192.541427612,60.005104064941406,-29.061954498291016
192.690841674,60.005943298339844,-29.241212844848633
192.840255737,60.006874084472656,-29.44099998474121
193.006271362,60.00780487060547,-29.64078712463379
193.205490112,60.00901794433594,-29.899410247802734
193.354904174,60.009864807128906,-30.080036163330078
193.504318237,60.01079559326172,-30.279823303222656
193.703536987,60.01197052001953,-30.53160858154297
193.852951049,60.0128173828125,-30.712234497070312
194.002365112,60.0137939453125,-30.92022705078125
194.151779174,60.0146484375,-31.10222053527832
194.301193237,60.01479721069336,-31.300640106201172
194.500411987,60.003700256347656,-31.547958374023438
194.649826049,59.96808624267578,-31.72618865966797
194.815841674,59.88175964355469,-31.905445098876953
195.015060424,59.6934814453125,-32.08213424682617
195.164474487,59.502220153808594,-32.1619987487793
195.363693237,59.249473571777344,-32.1844596862793
195.513107299,59.06864929199219,-32.16449737548828
195.712326049,58.820465087890625,-32.122032165527344
195.911544799,58.566410064697266,-32.081607818603516
196.060958862,58.3598747253418,-32.05720520019531
196.260177612,58.1043586730957,-32.04375076293945
196.426193237,57.90599060058594,-32.039337158203125
196.625411987,57.64736557006836,-32.04072189331055
196.824630737,57.387393951416016,-32.04438400268555
197.023849487,57.13290023803711,-32.047969818115234
197.173263549,56.95502853393555,-32.05047607421875
197.372482299,56.69642639160156,-32.05411911010742
197.571701049,56.441932678222656,-32.05770492553711
197.721115112,56.24216842651367,-32.06044387817383
197.920333862,55.99174499511719,-32.06049346923828
198.069747924,55.816585540771484,-32.06019973754883
198.285568237,55.5333137512207,-32.05973815917969
198.484786987,55.28289031982422,-32.05931854248047
198.634201049,55.110469818115234,-32.059024810791016
198.833419799,54.85593795776367,-32.0586051940918
199.032638549,54.59592819213867,-32.05818557739258
199.182052612,54.38928985595703,-32.0578498840332
199.381271362,54.237762451171875,-32.05760192871094
199.580490112,54.237762451171875,-32.05760192871094
199.729904174,54.237762451171875,-32.05760192871094
199.945724487,54.237762451171875,-32.05760192871094
200.144943237,54.237762451171875,-32.05760192871094
200.294357299,54.21276092529297,-32.057682037353516
200.493576049,53.96996307373047,-32.07213592529297
200.642990112,53.76850128173828,-32.09284210205078
200.842208862,53.51354217529297,-32.11454772949219
201.041427612,53.25392150878906,-32.12846374511719
201.190841674,53.071990966796875,-32.133331298828125
201.390060424,52.82020568847656,-32.1333122253418
201.605880737,52.53427505493164,-32.12676239013672
201.705490112,52.407047271728516,-32.123741149902344
201.854904174,52.23468017578125,-32.11965560913086
202.054122924,51.98433303833008,-32.11371612548828
202.253341674,51.72712707519531,-32.108428955078125
202.452560424,51.46715545654297,-32.10552978515625
202.601974487,51.26053237915039,-32.104034423828125
202.801193237,51.00736999511719,-32.10521697998047
203.000411987,50.750099182128906,-32.106422424316406
203.149826049,50.568092346191406,-32.107276916503906
203.365646362,50.283451080322266,-32.108612060546875
203.564865112,50.023441314697266,-32.109832763671875
203.714279174,49.841434478759766,-32.110687255859375
203.913497924,49.59101104736328,-32.111854553222656
204.112716674,49.333740234375,-32.113059997558594
204.311935424,49.07373046875,-32.114280700683594
204.461349487,48.86846160888672,-32.11524200439453
204.660568237,48.615299224853516,-32.116424560546875
204.809982299,48.44287872314453,-32.117225646972656
205.025802612,48.16645431518555,-32.11851501464844
205.225021362,47.90644454956055,-32.11973571777344
205.374435424,47.729915618896484,-32.12055969238281
205.573654174,47.47538375854492,-32.12174987792969
205.772872924,47.21537399291992,-32.12297058105469
205.972091674,46.962215423583984,-32.12296676635742
206.121505737,46.7556037902832,-32.120662689208984
206.320724487,46.50246047973633,-32.11783981323242
206.536544799,46.242488861083984,-32.11494064331055
206.685958862,46.0358772277832,-32.11263656616211
206.885177612,45.781368255615234,-32.109798431396484
207.084396362,45.52139663696289,-32.10689926147461
207.283615112,45.264156341552734,-32.10411071777344
207.433029174,45.08899688720703,-32.10444641113281
207.632247924,44.83720397949219,-32.105621337890625
207.831466674,44.57719421386719,-32.106842041015625
208.030685424,44.31855392456055,-32.108055114746094
208.229904174,44.07086944580078,-32.10920715332031
208.395919799,43.86697006225586,-32.11016082763672
208.595138549,43.60696029663086,-32.11138153076172
208.794357299,43.353797912597656,-32.11256408691406
208.993576049,43.10200500488281,-32.113739013671875
209.192794799,42.84199523925781,-32.114959716796875
209.342208862,42.63398742675781,-32.115936279296875
209.541427612,42.37671661376953,-32.11714172363281
209.740646362,42.12081527709961,-32.11833953857422
209.890060424,41.93880844116211,-32.11919403076172
210.105880737,41.65690612792969,-32.120513916015625
210.305099487,41.401004791259766,-32.12171173095703
210.504318237,41.140995025634766,-32.12293243408203
210.653732299,40.958988189697266,-32.12378692626953
210.852951049,40.70856475830078,-32.123294830322266
211.052169799,40.45677185058594,-32.1220817565918
211.251388549,40.1981315612793,-32.12083053588867
211.450607299,39.9381217956543,-32.119571685791016
211.649826049,39.69180679321289,-32.11838912963867
211.865646362,39.41264343261719,-32.117042541503906
212.015060424,39.23063659667969,-32.11616134643555
212.214279174,38.976104736328125,-32.114933013916016
212.413497924,38.72984313964844,-32.110252380371094
212.612716674,38.47092819213867,-32.088829040527344
212.811935424,38.225337982177734,-32.01047897338867
212.961349487,38.05403518676758,-31.89850616455078
213.160568237,37.90385818481445,-31.696884155273438
213.359786987,37.8408088684082,-31.478179931640625
213.525802612,37.837093353271484,-31.24454116821289
213.725021362,37.8704948425293,-30.990951538085938
213.924240112,37.91373062133789,-30.74151039123535
214.073654174,37.941043853759766,-30.568496704101562
214.272872924,37.966819763183594,-30.315372467041016
214.422286987,37.97607421875,-30.10758399963379
214.621505737,37.980247497558594,-29.85173225402832
214.820724487,37.97857666015625,-29.597211837768555
214.970138549,37.97724533081055,-29.42068862915039
215.185958862,37.97511291503906,-29.136066436767578
215.335372924,37.9737663269043,-28.95680809020996
215.534591674,37.97187423706055,-28.706390380859375
215.733810424,37.96994400024414,-28.449134826660156
215.933029174,37.96799850463867,-28.189144134521484
216.132247924,37.966060638427734,-27.93052101135254
216.281661987,37.96452713012695,-27.72663116455078
216.480880737,37.96259689331055,-27.469375610351562
216.630294799,37.96123504638672,-27.287382125854492
216.796310424,37.95970153808594,-27.083492279052734
216.945724487,37.95819091796875,-26.883705139160156
217.144943237,37.95673370361328,-26.623714447021484
217.294357299,37.95708084106445,-26.441720962524414
217.493576049,37.957550048828125,-26.191303253173828
217.692794799,37.95803451538086,-25.935415267944336
217.842208862,37.95842361450195,-25.73015785217285
218.041427612,37.958919525146484,-25.47016716003418
218.240646362,37.95940017700195,-25.215646743774414
218.390060424,37.9597282409668,-25.040491104125977
218.556076049,37.960121154785156,-24.833866119384766
218.755294799,37.960601806640625,-24.579345703125
218.904708862,37.960968017578125,-24.382293701171875
219.103927612,37.96143341064453,-24.133243560791016
219.253341674,37.961761474609375,-23.958087921142578
219.452560424,37.96225357055664,-23.699464797973633
219.651779174,37.96261215209961,-23.51447105407715
219.850997924,37.96261215209961,-23.51447105407715
220.050216674,37.96261215209961,-23.51447105407715
220.216232299,37.96261215209961,-23.51447105407715
220.415451049,37.96261215209961,-23.51447105407715
220.614669799,37.96270751953125,-23.46446990966797
220.813888549,37.963199615478516,-23.20784568786621
221.013107299,37.96367645263672,-22.954692840576172
221.162521362,37.964054107666016,-22.753538131713867
221.361740112,37.96453094482422,-22.500385284423828
221.560958862,37.96502685546875,-22.240394592285156
221.760177612,37.965518951416016,-21.98177146911621
221.975997924,37.965980529785156,-21.734088897705078
222.125411987,37.96637725830078,-21.52609634399414
222.324630737,37.966861724853516,-21.27020835876465
222.523849487,37.96732711791992,-21.02115821838379
222.723068237,37.96779251098633,-20.77210807800293
222.922286987,37.96826171875,-20.521690368652344
223.071701049,37.96860885620117,-20.339696884155273
223.270919799,37.9691047668457,-20.0797061920166
223.470138549,37.96957015991211,-19.830656051635742
223.685958862,37.9701042175293,-19.548768997192383
223.835372924,37.97045135498047,-19.366775512695312
224.034591674,37.97092819213867,-19.113622665405273
224.233810424,37.97140121459961,-18.86183738708496
224.433029174,37.97189712524414,-18.60184669494629
224.582443237,37.972293853759766,-18.39385414123535
224.831466674,37.97286605834961,-18.090070724487305
224.980880737,37.97323989868164,-17.890283584594727
225.180099487,37.97372817993164,-17.633028030395508
225.395919799,37.974220275878906,-17.374404907226562
225.595138549,37.974700927734375,-17.119884490966797
225.744552612,37.97509765625,-16.91189193725586
225.993576049,37.97569274902344,-16.599903106689453
226.142990112,37.97608184814453,-16.39464569091797
226.342208862,37.97655487060547,-16.142860412597656
226.541427612,37.97705078125,-15.882864952087402
226.740646362,37.977535247802734,-15.626970291137695
226.939865112,37.97796630859375,-15.398444175720215
227.105880737,37.97837829589844,-15.17676067352295
227.305099487,37.97887420654297,-14.916760444641113
227.504318237,37.97840881347656,-14.663605690002441
227.703536987,37.976539611816406,-14.4173002243042
227.902755737,37.974639892578125,-14.165520668029785
228.052169799,37.9732780456543,-13.983527183532715
228.301193237,37.97076416015625,-13.648276329040527
228.450607299,37.96944046020508,-13.473125457763672
228.649826049,37.96754837036133,-13.2227144241333
228.865646362,37.965431213378906,-12.94083023071289
229.064865112,37.9635009765625,-12.683576583862305
229.214279174,37.96217727661133,-12.50842571258545
229.413497924,37.96028518676758,-12.258014678955078
229.612716674,37.95834732055664,-11.99939250946045
229.811935424,37.95648193359375,-11.739400863647461
230.011154174,37.95806121826172,-11.490355491638184
230.210372924,37.96018600463867,-11.231733322143555
230.376388549,37.96189498901367,-11.023740768432617
230.575607299,37.963985443115234,-10.769224166870117
230.774826049,37.97947692871094,-10.519450187683105
230.974044799,38.04221725463867,-10.280524253845215
231.173263549,38.18352508544922,-10.06884479522705
231.322677612,38.346275329589844,-9.940380096435547
231.521896362,38.58186721801758,-9.850356101989746
231.621505737,38.70899200439453,-9.823222160339355
231.770919799,38.88883590698242,-9.795506477355957
231.970138549,39.14219284057617,-9.77127742767334
232.136154174,39.338809967041016,-9.758252143859863
232.285568237,39.54389572143555,-9.749883651733398
232.434982299,39.725730895996094,-9.74215316772461
232.584396362,39.92787170410156,-9.729574203491211
232.733810424,40.10678482055664,-9.718252182006836
232.933029174,40.358341217041016,-9.707963943481445
233.082443237,40.56631088256836,-9.70454216003418
233.231857299,40.748291015625,-9.70197868347168
233.381271362,40.950801849365234,-9.699590682983398
233.530685424,41.12596130371094,-9.699333190917969
233.729904174,41.37775421142578,-9.698963165283203
233.895919799,41.5816535949707,-9.698663711547852
234.045333862,41.7896614074707,-9.698358535766602
234.194747924,41.966190338134766,-9.698099136352539
234.344161987,42.16872024536133,-9.69780158996582
234.543380737,42.42599105834961,-9.697423934936523
234.692794799,42.60799789428711,-9.69715690612793
234.842208862,42.81052780151367,-9.696859359741211
235.041427612,43.060951232910156,-9.696491241455078
235.190841674,43.23748016357422,-9.696231842041016
235.390060424,43.49338150024414,-9.695856094360352
235.556076049,43.70001983642578,-9.695552825927734
235.705490112,43.898441314697266,-9.695261001586914
235.854904174,44.07770919799805,-9.694997787475586
236.004318237,44.28297805786133,-9.695913314819336
236.203536987,44.54298782348633,-9.697172164916992
236.352951049,44.72225570678711,-9.698040008544922
236.502365112,44.919307708740234,-9.698993682861328
236.701583862,45.17247009277344,-9.70021915435791
236.850997924,45.35036849975586,-9.701080322265625
237.000411987,45.55837631225586,-9.70208740234375
237.149826049,45.74038314819336,-9.70296859741211
237.315841674,45.94839096069336,-9.703975677490234
237.515060424,46.20840072631836,-9.70523452758789
237.664474487,46.41230010986328,-9.706221580505371
237.813888549,46.586090087890625,-9.707062721252441
238.013107299,46.83925247192383,-9.708288192749023
238.162521362,47.04452133178711,-9.709281921386719
238.311935424,47.22652816772461,-9.710163116455078
238.461349487,47.43042755126953,-9.711150169372559
238.660568237,47.680850982666016,-9.712362289428711
238.809982299,47.85737991333008,-9.713216781616211
238.975997924,48.061279296875,-9.714203834533691
239.175216674,48.31991958618164,-9.715456008911133
239.324630737,48.43057632446289,-9.715991020202637
239.474044799,48.43057632446289,-9.715991020202637
239.673263549,48.43057632446289,-9.715991020202637
239.822677612,48.43057632446289,-9.715991020202637
240.021896362,48.43057632446289,-9.715991020202637
240.171310424,48.43057632446289,-9.715991020202637
240.370529174,48.43057632446289,-9.715991020202637
240.519943237,48.43057632446289,-9.715991020202637
240.685958862,48.43057632446289,-9.715991020202637
240.885177612,48.43057632446289,-9.715991020202637
241.034591674,48.43057632446289,-9.715991020202637
241.184005737,48.43057632446289,-9.715991020202637
241.333419799,48.43057632446289,-9.715991020202637
241.482833862,48.43057632446289,-9.715991020202637
241.632247924,48.43057632446289,-9.715991020202637
241.781661987,48.43057632446289,-9.715991020202637
241.980880737,48.43057632446289,-9.715991020202637
242.130294799,48.43057632446289,-9.715991020202637
242.296310424,48.43057632446289,-9.715991020202637
242.445724487,48.43057632446289,-9.715991020202637
242.644943237,48.43057632446289,-9.715991020202637
242.794357299,48.43057632446289,-9.715991020202637
242.943771362,48.43057632446289,-9.715991020202637
243.142990112,48.43057632446289,-9.715991020202637
243.292404174,48.43057632446289,-9.715991020202637
243.441818237,48.43057632446289,-9.715991020202637
243.591232299,48.43057632446289,-9.715991020202637
243.790451049,48.43057632446289,-9.715991020202637
243.890060424,48.43057632446289,-9.715991020202637
244.056076049,48.43057632446289,-9.715991020202637
244.205490112,48.43057632446289,-9.715991020202637
244.354904174,48.43057632446289,-9.715991020202637
244.554122924,48.43057632446289,-9.715991020202637
244.703536987,48.43057632446289,-9.715991020202637
244.852951049,48.43057632446289,-9.715991020202637
245.002365112,48.43057632446289,-9.715991020202637
245.201583862,48.43057632446289,-9.715991020202637
245.350997924,48.43057632446289,-9.715991020202637
245.500411987,48.43057632446289,-9.715991020202637
245.716232299,48.43057632446289,-9.715991020202637
245.865646362,48.43057632446289,-9.715991020202637
246.015060424,48.43057632446289,-9.715991020202637
246.164474487,48.43057632446289,-9.715991020202637
246.313888549,48.43057632446289,-9.715991020202637
246.513107299,48.43057632446289,-9.715991020202637
246.662521362,48.43057632446289,-9.715991020202637
246.811935424,48.43057632446289,-9.715991020202637
246.961349487,48.43057632446289,-9.715991020202637
247.160568237,48.43057632446289,-9.715991020202637
247.309982299,48.43057632446289,-9.715991020202637
247.475997924,48.43057632446289,-9.715991020202637
247.675216674,48.43057632446289,-9.715991020202637
247.824630737,48.43057632446289,-9.715991020202637
247.974044799,48.43057632446289,-9.715991020202637
248.173263549,48.43057632446289,-9.715991020202637
248.322677612,48.43057632446289,-9.715991020202637
248.472091674,48.43057632446289,-9.715991020202637
248.621505737,48.43057632446289,-9.715991020202637
248.770919799,48.43057632446289,-9.715991020202637
248.920333862,48.43057632446289,-9.715991020202637
249.086349487,48.43057632446289,-9.715991020202637
249.235763549,48.43057632446289,-9.715991020202637
249.385177612,48.43057632446289,-9.715991020202637
249.534591674,48.43057632446289,-9.715991020202637
249.733810424,48.43057632446289,-9.715991020202637
249.883224487,48.43057632446289,-9.715991020202637
250.082443237,48.43057632446289,-9.715991020202637
250.231857299,48.43057632446289,-9.715991020202637
250.431076049,48.43057632446289,-9.715991020202637
250.580490112,48.43057632446289,-9.715991020202637
250.729904174,48.44307327270508,-9.71570873260498
250.895919799,48.61717987060547,-9.711782455444336
251.095138549,48.86752700805664,-9.706137657165527
251.244552612,49.06999588012695,-9.701653480529785
251.393966674,49.246517181396484,-9.700482368469238
251.593185424,49.506526947021484,-9.701178550720215
251.742599487,49.713165283203125,-9.70173168182373
251.941818237,49.96358871459961,-9.702401161193848
252.091232299,50.14148712158203,-9.702877044677734
252.240646362,50.34949493408203,-9.703433990478516
252.390060424,50.53150177001953,-9.7039213180542
252.556076049,50.73814010620117,-9.704474449157715
252.705490112,50.94614791870117,-9.705031394958496
252.904708862,51.20615768432617,-9.705727577209473
253.054122924,51.384056091308594,-9.70620346069336
253.203536987,51.58110809326172,-9.706729888916016
253.402755737,51.8315315246582,-9.707399368286133
253.552169799,52.010799407958984,-9.707879066467285
253.751388549,52.270809173583984,-9.708575248718262
253.900802612,52.474708557128906,-9.709120750427246
254.050216674,52.65260696411133,-9.709596633911133
254.216232299,52.85650634765625,-9.710142135620117
254.415451049,53.11651611328125,-9.710838317871094
254.564865112,53.32041549682617,-9.711383819580078
254.764083862,53.570838928222656,-9.712053298950195
254.913497924,53.74736785888672,-9.712525367736816
255.112716674,54.00737762451172,-9.713221549987793
255.262130737,54.21401596069336,-9.713774681091309
255.461349487,54.46854782104492,-9.714455604553223
255.610763549,54.643707275390625,-9.714923858642578
255.809982299,54.902347564697266,-9.715616226196289
255.975997924,55.110355377197266,-9.71617317199707
256.175201416,55.370365142822266,-9.716869354248047
256.324615478,55.578372955322266,-9.717426300048828
256.523834228,55.837013244628906,-9.718118667602539
256.673248291,56.01217269897461,-9.718586921691895
256.872467041,56.26670455932617,-9.718464851379395
257.021881103,56.471920013427734,-9.714715957641602
257.221099853,56.73048782348633,-9.709697723388672
257.370513916,56.906978607177734,-9.706273078918457
257.536529541,57.10673141479492,-9.702397346496582
257.735748291,57.36125183105469,-9.701042175292969
257.885162353,57.56925964355469,-9.702255249023438
258.084381103,57.82379150390625,-9.703741073608398
258.233795166,58.00032043457031,-9.704771995544434
258.433013916,58.26033020019531,-9.70628833770752
258.582427978,58.46833801269531,-9.707501411437988
258.781646728,58.724239349365234,-9.70899486541748
258.931060791,58.89939880371094,-9.710018157958984
259.030670166,59.02803421020508,-9.710768699645996
259.229888916,59.28804397583008,-9.712285041809082
259.395904541,59.49468231201172,-9.71349048614502
259.545318603,59.69858169555664,-9.714680671691895
259.744537353,59.95859146118164,-9.71619701385498
259.893951416,60.14059829711914,-9.71725845336914
260.093170166,60.389652252197266,-9.717546463012695
260.242584228,60.59080123901367,-9.715545654296875
260.441802978,60.84531021118164,-9.713014602661133
260.591217041,61.02729034423828,-9.71120548248291
260.790435791,61.28453063964844,-9.708647727966309
260.956451416,61.485679626464844,-9.706646919250488
261.105865478,61.688194274902344,-9.704632759094238
261.305084228,61.94816589355469,-9.702048301696777
261.454498291,62.12604904174805,-9.700279235839844
261.653717041,62.37782669067383,-9.697774887084961
261.803131103,62.58171463012695,-9.698420524597168
262.002349853,62.8416862487793,-9.700757026672363
262.151763916,63.02093505859375,-9.702367782592773
262.301177978,63.222084045410156,-9.704174995422363
262.500396728,63.472496032714844,-9.706424713134766
262.649810791,63.654476165771484,-9.708060264587402
262.865631103,63.94044494628906,-9.710630416870117
263.015045166,64.11833190917969,-9.712228775024414
263.214263916,64.37834167480469,-9.71456527709961
263.363677978,64.58634948730469,-9.716188430786133
263.562896728,64.84086608886719,-9.713676452636719
263.712310791,65.01600646972656,-9.711383819580078
263.911529541,65.27326965332031,-9.708015441894531
264.060943603,65.48127746582031,-9.705291748046875
264.260162353,65.73991394042969,-9.701905250549316
264.426177978,65.93830871582031,-9.699308395385742
264.625396728,66.19831848144531,-9.6983642578125
264.774810791,66.37895965576172,-9.698278427124023
264.974029541,66.62940979003906,-9.698161125183105
265.123443603,66.83332061767578,-9.698064804077148
265.322662353,67.0878677368164,-9.697944641113281
265.472076416,67.2698745727539,-9.697857856750488
265.671295166,67.52715301513672,-9.697735786437988
265.820709228,67.72969818115234,-9.697640419006348
265.970123291,67.90897369384766,-9.697555541992188
266.185943603,68.19361877441406,-9.697420120239258
266.335357666,68.3687973022461,-9.697338104248047
266.534576416,68.62471008300781,-9.697216987609863
266.683990478,68.82998657226562,-9.69711971282959
266.883209228,69.08999633789062,-9.696995735168457
267.032623291,69.26654052734375,-9.69691276550293
267.231842041,69.515625,-9.696796417236328
267.381256103,69.71680450439453,-9.696702003479004
267.580474853,69.97681427001953,-9.696578025817871
267.729888916,70.15882110595703,-9.696491241455078
267.895904541,70.36409759521484,-9.696393966674805
268.095123291,70.62274169921875,-9.696270942687988
268.244537353,70.83074951171875,-9.696171760559082
268.443756103,71.08529663085938,-9.696051597595215
268.593170166,71.2604751586914,-9.695969581604004
268.792388916,71.44410705566406,-9.695882797241211
268.991607666,71.44410705566406,-9.695882797241211
269.141021728,71.44410705566406,-9.695882797241211
269.340240478,71.44410705566406,-9.695882797241211
269.489654541,71.44410705566406,-9.695882797241211
269.705474853,71.50659942626953,-9.695854187011719
269.854888916,71.68624114990234,-9.695769309997559
270.054107666,71.7928695678711,-9.695719718933105
270.203521728,71.9039077758789,-9.69566822052002
270.402740478,72.15708923339844,-9.695549011230469
270.601959228,72.4048080444336,-9.695433616638184
270.751373291,72.57860565185547,-9.695425987243652
270.950592041,72.83853149414062,-9.690333366394043
271.100006103,73.04376220703125,-9.689834594726562
271.266021728,73.24642181396484,-9.711136817932129
271.465240478,73.49105072021484,-9.784008979797363
271.614654541,73.64630126953125,-9.873047828674316
271.813873291,73.8363037109375,-10.043692588806152
271.963287353,73.96075439453125,-10.204946517944336
272.112701416,74.04196166992188,-10.353751182556152
272.262115478,74.11177062988281,-10.542269706726074
272.411529541,74.1521987915039,-10.709796905517578
272.610748291,74.1793441772461,-10.958563804626465
272.760162353,74.18009948730469,-11.159634590148926
272.926177978,74.16989135742188,-11.367383003234863
273.075592041,74.1576156616211,-11.544849395751953
273.225006103,74.14198303222656,-11.744026184082031
273.374420166,74.12934112548828,-11.918728828430176
273.523834228,74.1233139038086,-12.12248706817627
273.723052978,74.13729858398438,-12.376533508300781
273.872467041,74.15567779541016,-12.557602882385254
273.922271728,74.1622085571289,-12.631208419799805
274.121490478,74.17941284179688,-12.883772850036621
274.270904541,74.1866226196289,-13.058778762817383
274.420318603,74.19019317626953,-13.264005661010742
274.536529541,74.18816375732422,-13.393978118896484
274.735748291,74.16876983642578,-13.646354675292969
274.885162353,74.1494140625,-13.843830108642578
275.034576416,74.13371276855469,-14.019655227661133
275.183990478,74.11986541748047,-14.224445343017578
275.333404541,74.11186218261719,-14.406267166137695
275.482818603,74.10765075683594,-14.612850189208984
275.632232666,74.1065673828125,-14.788005828857422
275.831451416,74.10499572753906,-15.042526245117188
275.980865478,74.10372924804688,-15.247783660888672
276.130279541,74.10260772705078,-15.429777145385742
276.296295166,74.10353088378906,-15.636402130126953
276.445709228,74.10619354248047,-15.843018531799316
276.595123291,74.1085433959961,-16.025005340576172
276.744537353,74.1112060546875,-16.23161506652832
276.943756103,74.11954498291016,-16.485952377319336
277.093170166,74.13748931884766,-16.661550521850586
277.242584228,74.15816497802734,-16.868513107299805
277.391998291,74.17196655273438,-17.04998207092285
277.541412353,74.18277740478516,-17.256324768066406
277.690826416,74.18775177001953,-17.430042266845703
277.890045166,74.19316864013672,-17.683115005493164
278.056060791,74.20991516113281,-17.88768196105957
278.205474853,74.22828674316406,-18.093490600585938
278.354888916,74.24000549316406,-18.269622802734375
278.454498291,74.24612426757812,-18.398107528686523
278.653717041,74.25225067138672,-18.655288696289062
278.803131103,74.2596664428711,-18.86311912536621
278.952545166,74.27333068847656,-19.041858673095703
279.101959228,74.28794860839844,-19.241111755371094
279.251373291,74.29682159423828,-19.416040420532227
279.400787353,74.3023452758789,-19.619857788085938
279.550201416,74.3056869506836,-19.801815032958984
279.716217041,74.32061767578125,-20.009262084960938
279.865631103,74.33731079101562,-20.211097717285156
280.064849853,74.35403442382812,-20.467809677124023
280.214263916,74.36100769042969,-20.649673461914062
280.363677978,74.36504364013672,-20.857633590698242
280.513092041,74.37570190429688,-21.035179138183594
280.712310791,74.39911651611328,-21.290000915527344
280.861724853,74.4133071899414,-21.49751091003418
281.011138916,74.42143249511719,-21.6793270111084
281.160552978,74.4257583618164,-21.879066467285156
281.309967041,74.43428039550781,-22.058094024658203
281.475982666,74.45088958740234,-22.259937286376953
281.625396728,74.45431518554688,-22.301298141479492
281.824615478,74.45431518554688,-22.301298141479492
281.974029541,74.45431518554688,-22.301298141479492
282.173248291,74.45431518554688,-22.301298141479492
282.322662353,74.45431518554688,-22.301298141479492
282.472076416,74.45431518554688,-22.301298141479492
282.621490478,74.45431518554688,-22.301298141479492
282.770904541,74.45431518554688,-22.301298141479492
282.970123291,74.45431518554688,-22.301298141479492
283.119537353,74.45431518554688,-22.301298141479492
283.285552978,74.4570541381836,-22.338695526123047
283.434967041,74.46167755126953,-22.519603729248047
283.634185791,74.44930267333984,-22.776470184326172
283.783599853,74.42373657226562,-22.978736877441406
283.933013916,74.39608764648438,-23.154460906982422
284.082427978,74.35824584960938,-23.358985900878906
284.281646728,74.31073760986328,-23.61321449279785
284.431060791,74.27940368652344,-23.788328170776367
284.580474853,74.24706268310547,-23.989641189575195
284.729888916,74.2197494506836,-24.165428161621094
284.895904541,74.18952178955078,-24.368453979492188
285.095123291,74.14997863769531,-24.62404441833496
285.244537353,74.118408203125,-24.824092864990234
285.393951416,74.0901107788086,-24.996952056884766
285.543365478,74.06216430664062,-25.182140350341797
285.742584228,74.05459594726562,-25.244176864624023
285.891998291,74.04158782958984,-25.42467498779297
286.041412353,74.039794921875,-25.629907608032227
286.190826416,74.04308319091797,-25.81187629699707
286.340240478,74.0477523803711,-26.018455505371094
286.489654541,74.05177307128906,-26.196306228637695
286.655670166,74.05632019042969,-26.397415161132812
286.854888916,74.05923461914062,-26.657386779785156
287.004302978,74.05868530273438,-26.859909057617188
287.153717041,74.0581283569336,-27.035064697265625
287.303131103,74.05461883544922,-27.216842651367188
287.452545166,74.05461883544922,-27.216842651367188
287.601959228,74.05461883544922,-27.216842651367188
287.801177978,74.05461883544922,-27.216842651367188
287.950592041,74.05461883544922,-27.216842651367188
288.100006103,74.05461883544922,-27.216842651367188
288.266021728,74.05461883544922,-27.216842651367188
288.465240478,74.05461883544922,-27.216842651367188
288.614654541,74.05461883544922,-27.216842651367188
288.764068603,74.05461883544922,-27.216842651367188
288.863677978,74.05461883544922,-27.216842651367188
289.013092041,74.05461883544922,-27.216842651367188
289.162506103,74.05461883544922,-27.216842651367188
289.361724853,74.05461883544922,-27.216842651367188
289.511138916,74.07506561279297,-27.22439956665039
289.710357666,74.27108001708984,-27.188636779785156
289.859771728,74.40656280517578,-27.086130142211914
290.075592041,74.51611328125,-26.8403263092041
290.274810791,74.50395202636719,-26.581369400024414
290.424224853,74.4670181274414,-26.376697540283203
290.623443603,74.41492462158203,-26.126161575317383
290.822662353,74.37586212158203,-25.877559661865234
291.021881103,74.37344360351562,-25.620574951171875
291.171295166,74.39569854736328,-25.442790985107422
291.370513916,74.45713806152344,-25.193096160888672
291.536529541,74.523681640625,-24.997526168823242
291.735748291,74.61785888671875,-24.761058807373047
291.934967041,74.71024322509766,-24.518024444580078
292.134185791,74.79422760009766,-24.27631378173828
292.333404541,74.87179565429688,-24.028165817260742
292.532623291,74.94346618652344,-23.786806106567383
292.731842041,75.01358032226562,-23.550695419311523
292.931060791,75.083740234375,-23.307458877563477
293.130279541,75.15441131591797,-23.06865692138672
293.296295166,75.21163177490234,-22.874385833740234
293.495513916,75.28565216064453,-22.630863189697266
293.694732666,75.36046600341797,-22.384723663330078
293.844146728,75.42377471923828,-22.18659782409668
294.043365478,75.50516510009766,-21.93967056274414
294.242584228,75.58024597167969,-21.69790267944336
294.441802978,75.65695190429688,-21.449474334716797
294.641021728,75.73303985595703,-21.20085906982422
294.840240478,75.80746459960938,-20.954605102539062
295.006256103,75.8685073852539,-20.755765914916992
295.205474853,75.94647216796875,-20.512039184570312
295.354888916,76.0017318725586,-20.342941284179688
295.554107666,76.08047485351562,-20.095157623291016
295.753326416,76.16109466552734,-19.847976684570312
295.952545166,76.24342346191406,-19.60135841369629
296.151763916,76.32294464111328,-19.35813331604004
296.350982666,76.39971923828125,-19.112594604492188
296.550201416,76.47845458984375,-18.864810943603516
296.716217041,76.54173278808594,-18.668107986450195
296.915435791,76.62216186523438,-18.426626205444336
297.114654541,76.70304870605469,-18.1852970123291
297.313873291,76.7831802368164,-17.940839767456055
297.513092041,76.86222076416016,-17.69315528869629
297.712310791,76.94056701660156,-17.452428817749023
297.911529541,77.01498413085938,-17.204744338989258
298.110748291,77.08743286132812,-16.96076011657715
298.309967041,77.16571044921875,-16.712831497192383
298.475982666,77.2288818359375,-16.520402908325195
298.675201416,77.30613708496094,-16.285070419311523
298.874420166,77.39034271240234,-16.039081573486328
299.023834228,77.4581069946289,-15.848227500915527
299.223052978,77.54264068603516,-15.609601974487305
299.422271728,77.62855529785156,-15.36856460571289
299.621490478,77.71194458007812,-15.123745918273926
299.820709228,77.78925323486328,-14.881245613098145
299.970123291,77.84270477294922,-14.713006973266602
300.185943603,77.92817687988281,-14.445822715759277
300.385162353,78.00454711914062,-14.197295188903809
300.584381103,78.08406829833984,-13.949756622314453
300.733795166,78.14236450195312,-13.777350425720215
300.933013916,78.22720336914062,-13.531573295593262
301.132232666,78.31130981445312,-13.285555839538574
301.331451416,78.39501190185547,-13.04373836517334
301.530670166,78.4784927368164,-12.801840782165527
301.729888916,78.5623550415039,-12.560073852539062
301.895904541,78.62809753417969,-12.36996078491211
302.095123291,78.70780944824219,-12.129681587219238
302.294342041,78.78643035888672,-11.887601852416992
302.493560791,78.8630142211914,-11.646306037902832
302.692779541,78.94310760498047,-11.401826858520508
302.891998291,79.02497100830078,-11.155044555664062
303.091217041,79.1068344116211,-10.908262252807617
303.290435791,79.18604278564453,-10.66062068939209
303.439849853,79.24163055419922,-10.487317085266113
303.655670166,79.33035278320312,-10.225528717041016
303.805084228,79.39767456054688,-10.028736114501953
303.954498291,79.45525360107422,-9.860424995422363
304.153717041,79.5361557006836,-9.621994018554688
304.352935791,79.6217041015625,-9.383781433105469
304.502349853,79.71640014648438,-9.203497886657715
304.701568603,79.88777923583984,-9.009526252746582
304.900787353,80.11064910888672,-8.880449295043945
305.050201416,80.28223419189453,-8.840805053710938
305.266021728,80.5634765625,-8.847082138061523
305.415435791,80.7322769165039,-8.874521255493164
305.564849853,80.9345474243164,-8.91676139831543
305.764068603,81.1877212524414,-8.962140083312988
305.913482666,81.36865997314453,-8.981487274169922
306.112701416,81.6256103515625,-8.99405574798584
306.311920166,81.87592315673828,-9.001547813415527
306.461334228,82.07951354980469,-9.0126314163208
306.660552978,82.3389892578125,-9.029654502868652
306.809967041,82.52069091796875,-9.0400972366333
307.025787353,82.80205535888672,-9.057283401489258
307.175201416,82.98338317871094,-9.072961807250977
307.374420166,83.24241638183594,-9.095464706420898
307.573638916,83.49024200439453,-9.119974136352539
307.723052978,83.69416809082031,-9.143331527709961
307.872467041,83.8700180053711,-9.169957160949707
308.071685791,84.12303161621094,-9.223496437072754
308.221099853,84.32585144042969,-9.269547462463379
308.420318603,84.47281646728516,-9.300286293029785
308.586334228,84.47281646728516,-9.300286293029785
308.785552978,84.47281646728516,-9.300286293029785
308.934967041,84.47281646728516,-9.300286293029785
309.134185791,84.47281646728516,-9.300286293029785
309.283599853,84.47281646728516,-9.300286293029785
309.482818603,84.47281646728516,-9.300286293029785
309.632232666,84.47281646728516,-9.300286293029785
309.831451416,84.47281646728516,-9.300286293029785
310.030670166,84.47346496582031,-9.290729522705078
310.180084228,84.45323181152344,-9.200794219970703
310.395904541,84.2910385131836,-9.030881881713867
310.545318603,84.09416198730469,-8.968585968017578
310.744537353,83.83464813232422,-8.974597930908203
310.893951416,83.65557861328125,-8.998151779174805
311.093170166,83.39995574951172,-9.03748893737793
311.242584228,83.19345092773438,-9.062195777893066
311.441802978,82.9391860961914,-9.071525573730469
311.591217041,82.76412200927734,-9.066150665283203
311.790435791,82.5086669921875,-9.051228523254395
311.956451416,82.3013687133789,-9.034430503845215
312.105865478,82.09658813476562,-9.020492553710938
312.305084228,81.84910583496094,-9.010746002197266
312.454498291,81.66985321044922,-9.008496284484863
312.653717041,81.40984344482422,-9.007676124572754
312.803131103,81.2059555053711,-9.00679874420166
312.952545166,81.03081512451172,-9.00458812713623
313.151763916,80.77644348144531,-8.996549606323242
313.301177978,80.57354736328125,-8.976576805114746
313.500396728,80.3145523071289,-8.954543113708496
313.649810791,80.13263702392578,-8.956674575805664
313.815826416,79.9334945678711,-8.991113662719727
313.965240478,79.75151062011719,-9.075104713439941
314.114654541,79.627685546875,-9.192060470581055
314.313873291,79.52608489990234,-9.420600891113281
314.463287353,79.50418090820312,-9.621455192565918
314.612701416,79.51774597167969,-9.798701286315918
314.762115478,79.5557632446289,-10.000360488891602
314.911529541,79.59339141845703,-10.172828674316406
315.060943603,79.63072204589844,-10.367684364318848
315.210357666,79.65261840820312,-10.540058135986328
315.376373291,79.66413879394531,-10.747690200805664
315.525787353,79.66584014892578,-10.952940940856934
315.675201416,79.6631088256836,-11.13081169128418
315.824615478,79.6555404663086,-11.335932731628418
316.023834228,79.6450424194336,-11.59298038482666
316.173248291,79.63761901855469,-11.774827003479004
316.322662353,79.63053894042969,-11.977226257324219
316.472076416,79.62841033935547,-12.14963150024414
316.621490478,79.62781524658203,-12.354894638061523
316.770904541,79.6272964477539,-12.534157752990723
316.970123291,79.62653350830078,-12.794157981872559
317.086334228,79.6260757446289,-12.95015811920166
317.235748291,79.62555694580078,-13.12942123413086
317.385162353,79.62494659423828,-13.337421417236328
317.534576416,79.6244125366211,-13.519421577453613
317.733795166,79.62370300292969,-13.769842147827148
317.883209228,79.62313842773438,-13.96963119506836
318.032623291,79.62261962890625,-14.148894309997559
318.182037353,79.62200927734375,-14.356894493103027
318.331451416,79.62147521972656,-14.538894653320312
318.480865478,79.6216812133789,-14.738682746887207
318.630279541,79.62395477294922,-14.913826942443848
318.729888916,79.62560272216797,-15.041080474853516
318.895904541,79.62824249267578,-15.244959831237793
319.045318603,79.63089752197266,-15.450207710266113
319.194732666,79.6332015991211,-15.62808895111084
319.344146728,79.63581085205078,-15.829231262207031
319.493560791,79.63813018798828,-16.008480072021484
319.692779541,79.64148712158203,-16.268451690673828
319.842193603,79.64293670654297,-16.472335815429688
319.991607666,79.641845703125,-16.64885902404785
320.141021728,79.64059448242188,-16.851381301879883
320.290435791,79.63949584960938,-17.029272079467773
320.456451416,79.63821411132812,-17.23726463317871
320.605865478,79.63694763183594,-17.442522048950195
320.755279541,79.6358642578125,-17.617677688598633
320.904693603,79.6346206665039,-17.818832397460938
321.054107666,79.63349914550781,-18.000825881958008
321.253326416,79.63189697265625,-18.26081657409668
321.402740478,79.63063049316406,-18.466073989868164
321.552154541,79.62953186035156,-18.643964767456055
321.701568603,79.62826538085938,-18.84922218322754
321.850982666,79.62714385986328,-19.03121566772461
322.000396728,79.6258773803711,-19.236473083496094
322.149810791,79.62478637695312,-19.412996292114258
322.315826416,79.62351989746094,-19.618253707885742
322.465240478,79.62232208251953,-19.82624626159668
322.614654541,79.62381744384766,-20.0054988861084
322.813873291,79.6270980834961,-20.25863265991211
322.963287353,79.62975311279297,-20.46387481689453
323.112701416,79.6321029663086,-20.645854949951172
323.262115478,79.63477325439453,-20.85246467590332
323.461334228,79.63802337646484,-21.102863311767578
323.610748291,79.64034271240234,-21.282108306884766
323.760162353,79.64176177978516,-21.48736000061035
323.876373291,79.64065551757812,-21.617355346679688
324.075592041,79.6383285522461,-21.870498657226562
324.225006103,79.63646697998047,-22.073013305664062
324.374420166,79.63484191894531,-22.249528884887695
324.523834228,79.63294982910156,-22.457521438598633
324.723052978,79.6305923461914,-22.716142654418945
324.872467041,79.62897491455078,-22.89128875732422
325.021881103,79.62710571289062,-23.095172882080078
325.171295166,79.62545013427734,-23.27716636657715
325.320709228,79.62403869628906,-23.485158920288086
325.470123291,79.6246566772461,-23.663049697875977
325.636138916,79.6253662109375,-23.866939544677734
325.785552978,79.62606811523438,-24.069461822509766
325.934967041,79.626708984375,-24.251455307006836
326.084381103,79.62721252441406,-24.39695167541504
326.233795166,79.62721252441406,-24.397951126098633
326.433013916,79.62721252441406,-24.397951126098633
326.582427978,79.62721252441406,-24.397951126098633
326.731842041,79.62721252441406,-24.397951126098633
326.881256103,79.62725830078125,-24.410451889038086
327.030670166,79.6278305053711,-24.574844360351562
327.229888916,79.62873077392578,-24.83209991455078
327.346099853,79.62928009033203,-24.988094329833984
327.545318603,79.63017272949219,-25.243982315063477
327.694732666,79.63078308105469,-25.42050552368164
327.844146728,79.63151550292969,-25.628498077392578
327.993560791,79.63288879394531,-25.810483932495117
328.192779541,79.65056610107422,-26.0698299407959
328.342193603,79.6706771850586,-26.272729873657227
328.491607666,79.6851577758789,-26.44865608215332
328.641021728,79.69734191894531,-26.656291961669922
328.840240478,79.71977996826172,-26.913896560668945
328.956451416,79.73306274414062,-27.037710189819336
329.155670166,79.75421142578125,-27.28997039794922
329.305084228,79.76573944091797,-27.497644424438477
329.454498291,79.77611541748047,-27.679344177246094
329.603912353,79.79194641113281,-27.881244659423828
329.753326416,79.8046646118164,-28.05593490600586
329.902740478,79.81473541259766,-28.26094627380371
330.101959228,79.82012939453125,-28.5208797454834
330.251373291,79.82717895507812,-28.70271110534668
330.400787353,79.84379577636719,-28.897686004638672
330.550201416,79.85404968261719,-29.075252532958984
330.716217041,79.85511016845703,-29.279138565063477
330.915435791,79.85974884033203,-29.539093017578125
331.064849853,79.86429595947266,-29.740201950073242
331.214263916,79.8682861328125,-29.916685104370117
331.363677978,79.87289428710938,-30.120529174804688
331.562896728,79.87876892089844,-30.380462646484375
331.712310791,79.88057708740234,-30.562448501586914
331.861724853,79.8800277709961,-30.75950050354004
332.011138916,79.87954711914062,-30.934656143188477
332.210357666,79.87886047363281,-31.189176559448242
332.376373291,79.88729858398438,-31.394214630126953
332.525787353,79.91373443603516,-31.60043716430664
332.675201416,79.95862579345703,-31.762483596801758
332.874420166,80.07488250732422,-31.980247497558594
333.023834228,80.21151733398438,-32.13119888305664
333.173248291,80.35285186767578,-32.243438720703125
333.322662353,80.52324676513672,-32.34756088256836
333.521881103,80.74691009521484,-32.46003341674805
333.671295166,80.9127426147461,-32.5350227355957
333.770904541,81.02984619140625,-32.591461181640625
333.920318603,81.21476745605469,-32.68669891357422
334.086334228,81.39582061767578,-32.783416748046875
334.285552978,81.62207794189453,-32.911476135253906
334.434967041,81.77864837646484,-33.00428009033203
334.634185791,81.91653442382812,-33.08342361450195
334.783599853,81.91653442382812,-33.08342361450195
334.982818603,81.91653442382812,-33.08342361450195
335.132232666,81.91653442382812,-33.08342361450195
335.331451416,81.91653442382812,-33.08342361450195
335.530670166,81.91653442382812,-33.08342361450195
335.680084228,81.91653442382812,-33.08342361450195
335.846099853,81.91653442382812,-33.08342361450195
336.045318603,81.91653442382812,-33.08342361450195
336.194732666,81.91653442382812,-33.08342361450195
336.344146728,81.91653442382812,-33.08342361450195
336.543365478,81.91653442382812,-33.08342361450195
336.742584228,81.91653442382812,-33.08342361450195
336.891998291,81.91653442382812,-33.08342361450195
337.041412353,81.91653442382812,-33.08342361450195
337.240631103,81.91653442382812,-33.08342361450195
337.390045166,81.91653442382812,-33.08342361450195
337.556060791,81.91653442382812,-33.08342361450195
337.705474853,81.91653442382812,-33.08342361450195
337.904693603,81.91653442382812,-33.08342361450195
338.103912353,81.91653442382812,-33.08342361450195
338.253326416,81.91653442382812,-33.08342361450195
338.452545166,81.91653442382812,-33.08342361450195
338.601959228,81.91653442382812,-33.08342361450195
338.801177978,81.91653442382812,-33.08342361450195
338.950592041,81.91653442382812,-33.08342361450195
339.149810791,81.91653442382812,-33.08342361450195
339.315826416,81.91653442382812,-33.08342361450195
339.515045166,81.91653442382812,-33.08342361450195
339.664459228,81.92186737060547,-33.08220291137695
339.863677978,81.93434143066406,-33.07666778564453
340.062896728,81.97382354736328,-32.96235275268555
340.262115478,81.93860626220703,-32.72862243652344
340.411529541,81.93152618408203,-32.71483612060547
340.610748291,81.93152618408203,-32.71483612060547
340.809967041,81.93152618408203,-32.71483612060547
340.975982666,81.93152618408203,-32.71483612060547
341.175201416,81.93152618408203,-32.71483612060547
341.374420166,81.93152618408203,-32.71483612060547
341.523834228,81.93152618408203,-32.71483612060547
341.723052978,81.93152618408203,-32.71483612060547
341.922271728,81.93152618408203,-32.71483612060547
342.071685791,81.93152618408203,-32.71483612060547
342.270904541,81.93152618408203,-32.71483612060547
342.470123291,81.93152618408203,-32.71483612060547
342.636138916,81.93152618408203,-32.71483612060547
342.835357666,81.93152618408203,-32.71483612060547
342.984771728,81.93152618408203,-32.71483612060547
343.183990478,81.93152618408203,-32.71483612060547
343.383209228,81.93152618408203,-32.71483612060547
343.582427978,81.93152618408203,-32.71483612060547
343.781646728,81.93152618408203,-32.71483612060547
343.931060791,81.93152618408203,-32.71483612060547
344.130279541,81.93152618408203,-32.71483612060547
344.346099853,81.93152618408203,-32.71483612060547
344.495513916,81.93152618408203,-32.71483612060547
344.694732666,81.93152618408203,-32.71483612060547
344.893951416,81.93152618408203,-32.71483612060547
345.093170166,81.93152618408203,-32.71483612060547
345.242584228,81.93152618408203,-32.71483612060547
345.441802978,81.93152618408203,-32.71483612060547
345.641021728,81.93152618408203,-32.71483612060547
345.840240478,81.93152618408203,-32.71483612060547
346.006256103,81.93152618408203,-32.71483612060547
346.155670166,81.93152618408203,-32.71483612060547
346.354888916,81.94844818115234,-32.67062759399414
346.554107666,82.0965576171875,-32.57068634033203
346.703521728,82.30066680908203,-32.537227630615234
346.902740478,82.55067443847656,-32.57297134399414
347.052154541,82.59803009033203,-32.585140228271484
347.251373291,82.59803009033203,-32.585140228271484
347.400787353,82.59803009033203,-32.585140228271484
347.600006103,82.59803009033203,-32.585140228271484
347.766021728,82.59803009033203,-32.585140228271484
347.965240478,82.59803009033203,-32.585140228271484
348.114654541,82.59803009033203,-32.585140228271484
348.313873291,82.59803009033203,-32.585140228271484
348.463287353,82.59803009033203,-32.585140228271484
348.612701416,82.59803009033203,-32.585140228271484
348.762115478,82.59803009033203,-32.585140228271484
348.961334228,82.59803009033203,-32.585140228271484
349.110748291,82.59803009033203,-32.585140228271484
349.260162353,82.61012268066406,-32.58831024169922
349.426177978,82.80448150634766,-32.653076171875
349.625396728,83.03661346435547,-32.76951217651367
349.774810791,83.1778564453125,-32.86827087402344
349.974029541,83.38053131103516,-33.028907775878906
350.123443603,83.54012298583984,-33.15357971191406
350.322662353,83.74560546875,-33.3128662109375
350.472076416,83.89155578613281,-33.42158889770508
350.671295166,84.10806274414062,-33.56549072265625
350.820709228,84.2833251953125,-33.674957275390625
350.970123291,84.43748474121094,-33.771705627441406
351.136138916,84.61320495605469,-33.88301086425781
351.335357666,84.83545684814453,-34.01792907714844
351.484771728,85.00751495361328,-34.11946487426758
351.683990478,85.22830963134766,-34.25149154663086
351.833404541,85.3771743774414,-34.34380340576172
351.982818603,85.55226135253906,-34.45607376098633
352.182037353,85.76602935791016,-34.59421920776367
352.331451416,85.91816711425781,-34.69407272338867
352.530670166,86.13031768798828,-34.83956527709961
352.680084228,86.22303771972656,-34.90129852294922
352.846099853,86.40381622314453,-35.00197982788086
352.995513916,86.56819915771484,-35.08007049560547
353.194732666,86.80306243896484,-35.188350677490234
353.344146728,86.9861068725586,-35.27500534057617
353.543365478,87.22042846679688,-35.387657165527344
353.692779541,87.3836898803711,-35.46811294555664
353.842193603,87.57027435302734,-35.560062408447266
354.041412353,87.59713745117188,-35.57341766357422
354.190826416,87.59713745117188,-35.57341766357422
354.340240478,87.59713745117188,-35.57341766357422
354.556060791,87.59713745117188,-35.57341766357422
354.705474853,87.59713745117188,-35.57341766357422
354.854888916,87.59713745117188,-35.57341766357422
355.054107666,87.59713745117188,-35.57341766357422
355.203521728,87.59713745117188,-35.57341766357422
355.352935791,87.59713745117188,-35.57341766357422
355.552154541,87.59713745117188,-35.57341766357422
355.701568603,87.59713745117188,-35.57341766357422
355.900787353,87.59713745117188,-35.57341766357422
356.050201416,87.59713745117188,-35.57341766357422
356.249420166,87.59713745117188,-35.57341766357422
356.415435791,87.59713745117188,-35.57341766357422
356.614654541,87.59713745117188,-35.57341766357422
356.764068603,87.59713745117188,-35.57341766357422
356.913482666,87.59713745117188,-35.57341766357422
357.112701416,87.59713745117188,-35.57341766357422
357.311920166,87.59713745117188,-35.57341766357422
357.461334228,87.59713745117188,-35.57341766357422
357.660552978,87.59713745117188,-35.57341766357422
357.809967041,87.59713745117188,-35.57341766357422
357.975982666,87.59713745117188,-35.57341766357422
358.175201416,87.59713745117188,-35.57341766357422
358.374420166,87.59713745117188,-35.57341766357422
358.523834228,87.59713745117188,-35.57341766357422
358.673248291,87.60832977294922,-35.5789794921875
358.872467041,87.80830383300781,-35.71189880371094
359.021881103,87.92139434814453,-35.88454055786133
359.221099853,87.97908020019531,-36.13744354248047
359.370513916,87.99752044677734,-36.31574630737305
359.536529541,88.02159118652344,-36.51953887939453
359.685943603,88.06795501708984,-36.716552734375
359.835357666,88.12847900390625,-36.885223388671875
360.034576416,88.24158477783203,-37.11916732788086
360.183990478,88.34455108642578,-37.29987716674805
360.383209228,88.47370910644531,-37.51917266845703
360.532623291,88.5645980834961,-37.676856994628906
360.682037353,88.66461181640625,-37.85609817504883
360.831451416,88.74903106689453,-38.01113510131836
361.030670166,88.86869049072266,-38.24042510986328
361.180084228,88.96075439453125,-38.419288635253906
361.346099853,89.05659484863281,-38.603904724121094
361.495513916,89.14094543457031,-38.76053237915039
361.694732666,89.2624282836914,-38.984188079833984
361.844146728,89.35029602050781,-39.14471435546875
361.993560791,89.35726928710938,-39.15742874145508
362.192779541,89.44739532470703,-39.370758056640625
362.342193603,89.4913101196289,-39.57245635986328
362.541412353,89.51692199707031,-39.820125579833984
362.690826416,89.5281753540039,-39.99766159057617
362.890045166,89.5509033203125,-40.249732971191406
363.056060791,89.58598327636719,-40.451927185058594
363.205474853,89.6368637084961,-40.65355682373047
363.404693603,89.71537017822266,-40.88823318481445
363.554107666,89.72025299072266,-40.901885986328125
363.653717041,89.72025299072266,-40.901885986328125
363.803131103,89.72025299072266,-40.901885986328125
364.002349853,89.72025299072266,-40.901885986328125
364.151763916,89.72025299072266,-40.901885986328125
364.301177978,89.72025299072266,-40.901885986328125
364.500396728,89.74028778076172,-40.96108627319336
364.649810791,89.79020690917969,-41.13078308105469
364.815826416,89.84020233154297,-41.318359375
364.965240478,89.84734344482422,-41.346466064453125
365.164459228,89.84734344482422,-41.346466064453125
365.313873291,89.84734344482422,-41.346466064453125
365.463287353,89.84734344482422,-41.346466064453125
365.662506103,89.84734344482422,-41.346466064453125
365.811920166,89.84734344482422,-41.346466064453125
366.011138916,89.84734344482422,-41.346466064453125
366.160552978,89.84734344482422,-41.346466064453125
366.309967041,89.84734344482422,-41.346466064453125
366.525787353,89.84734344482422,-41.346466064453125
366.675201416,89.84734344482422,-41.346466064453125
366.874420166,89.84734344482422,-41.346466064453125
367.023834228,89.84734344482422,-41.346466064453125
367.173248291,89.84734344482422,-41.346466064453125
367.372467041,89.84734344482422,-41.346466064453125
367.521881103,89.84734344482422,-41.346466064453125
367.671295166,89.84734344482422,-41.346466064453125
367.820709228,89.85041809082031,-41.35858154296875
367.970123291,89.87825012207031,-41.51881408691406
368.185943603,89.84646606445312,-41.66868591308594
368.335357666,89.74097442626953,-41.77457809448242
368.484771728,89.54814910888672,-41.8478889465332
368.634185791,89.3666763305664,-41.849029541015625
368.833404541,89.11141967773438,-41.801212310791016
368.982818603,88.91216278076172,-41.741615295410156
369.182037353,88.70994567871094,-41.68544006347656
369.331451416,88.70896911621094,-41.68523406982422
369.530670166,88.70896911621094,-41.68523406982422
369.680084228,88.70896911621094,-41.68523406982422
369.895904541,88.70896911621094,-41.68523406982422
370.045318603,88.70896911621094,-41.68523406982422
370.244537353,88.70896911621094,-41.68523406982422
370.393951416,88.70896911621094,-41.68523406982422
370.593170166,88.70896911621094,-41.68523406982422
370.742584228,88.70896911621094,-41.68523406982422
370.941802978,88.70896911621094,-41.68523406982422
371.091217041,88.70896911621094,-41.68523406982422
371.290435791,88.70896911621094,-41.68523406982422
371.456451416,88.70896911621094,-41.68523406982422
371.605865478,88.70397186279297,-41.68742752075195
371.805084228,88.6023941040039,-41.80982971191406
371.954498291,88.55162048339844,-41.98337936401367
372.103912353,88.58029174804688,-42.185035705566406
372.253326416,88.66364288330078,-42.34175109863281
372.402740478,88.78787231445312,-42.508480072021484
372.552154541,88.89925384521484,-42.65238952636719
372.751373291,89.0418930053711,-42.869659423828125
372.900787353,89.1375732421875,-43.04961013793945
373.050201416,89.20941162109375,-43.216793060302734
373.266021728,89.30372619628906,-43.48675537109375
373.415435791,89.3541488647461,-43.65735626220703
373.564849853,89.410888671875,-43.85319519042969
373.764068603,89.48704528808594,-44.0946159362793
373.913482666,89.54316711425781,-44.264869689941406
374.062896728,89.60940551757812,-44.4620361328125
374.262115478,89.63591003417969,-44.538578033447266
374.411529541,89.63591003417969,-44.538578033447266
374.560943603,89.6400375366211,-44.550376892089844
374.760162353,89.69562530517578,-44.801631927490234
374.876373291,89.70143127441406,-44.92597961425781
375.075592041,89.68433380126953,-45.18251419067383
375.225006103,89.6549072265625,-45.385643005371094
375.424224853,89.61726379394531,-45.6401252746582
375.573638916,89.59766387939453,-45.81553268432617
375.723052978,89.58839416503906,-46.017818450927734
375.872467041,89.58576965332031,-46.199798583984375
376.021881103,89.58599090576172,-46.407806396484375
376.221099853,89.58634948730469,-46.6637077331543
376.370513916,89.58657836914062,-46.8388671875
376.536529541,89.58686065673828,-47.04276657104492
376.685943603,89.59403228759766,-47.25059127807617
376.835357666,89.61103057861328,-47.42628479003906
377.034576416,89.63768768310547,-47.678035736083984
377.183990478,89.65433502197266,-47.88124084472656
377.333404541,89.6649169921875,-48.062931060791016
377.532623291,89.67896270751953,-48.322547912597656
377.682037353,89.69444274902344,-48.52585220336914
377.831451416,89.70674896240234,-48.70057678222656
378.030670166,89.71809387207031,-48.95895004272461
378.180084228,89.72132873535156,-49.16691970825195
378.329498291,89.72061157226562,-49.34892272949219
378.495513916,89.72970581054688,-49.55530548095703
378.644927978,89.7462387084961,-49.7236213684082
378.794342041,89.76123809814453,-49.902252197265625
378.943756103,89.77352142333984,-50.107139587402344
379.142974853,89.78927612304688,-50.36662673950195
379.292388916,89.8094711303711,-50.54749298095703
379.441802978,89.84442138671875,-50.75251770019531
379.641021728,89.88854217529297,-50.99901580810547
379.790435791,89.92018127441406,-51.1782341003418
379.956451416,89.95844268798828,-51.382686614990234
380.155670166,90.00686645507812,-51.63535690307617
380.305084228,90.04447174072266,-51.838539123535156
380.454498291,90.07625579833984,-52.01496887207031
380.603912353,90.11192321777344,-52.21988296508789
380.803131103,90.15522003173828,-52.47625732421875
380.952545166,90.16471862792969,-52.53042984008789
381.101959228,90.16471862792969,-52.53042984008789
381.301177978,90.16471862792969,-52.53042984008789
381.450592041,90.16471862792969,-52.53042984008789
381.600006103,90.16471862792969,-52.53042984008789
381.815826416,90.14978790283203,-52.53050231933594
381.965240478,90.04418182373047,-52.49551010131836
382.164459228,89.90800476074219,-52.32612991333008
382.313873291,89.87207794189453,-52.15028762817383
382.513092041,89.9138412475586,-51.90009307861328
382.712310791,89.98567962646484,-51.65021514892578
382.861724853,90.03512573242188,-51.4482307434082
383.060943603,90.0648422241211,-51.1901969909668
383.210357666,90.0578842163086,-51.013938903808594
383.426177978,90.00760650634766,-50.73401641845703
383.575592041,89.9626235961914,-50.5590705871582
383.774810791,89.89908599853516,-50.30836486816406
383.924224853,89.85330200195312,-50.11389923095703
384.123443603,89.80398559570312,-49.868408203125
384.272857666,89.77505493164062,-49.694271087646484
384.472076416,89.73684692382812,-49.437095642089844
384.621490478,89.7076416015625,-49.23115921020508
384.820709228,89.67032623291016,-48.97385787963867
384.970123291,89.64555358886719,-48.80045700073242
385.185943603,89.62972259521484,-48.69602584838867
385.335357666,89.62972259521484,-48.69602584838867
385.534576416,89.62972259521484,-48.69602584838867
385.683990478,89.62972259521484,-48.69602584838867
385.883209228,89.62972259521484,-48.69602584838867
386.082427978,89.62972259521484,-48.69602584838867
386.281646728,89.62972259521484,-48.69602584838867
386.431060791,89.6259765625,-48.67131042480469
386.630279541,89.60249328613281,-48.41933822631836
386.796295166,89.59410858154297,-48.21150207519531
386.995513916,89.5809097290039,-47.95320129394531
387.194732666,89.55485534667969,-47.69734191894531
387.344146728,89.52568054199219,-47.495540618896484
387.543365478,89.48048400878906,-47.24089431762695
387.742584228,89.42886352539062,-46.98887252807617
387.891998291,89.39354705810547,-46.81312942504883
388.091217041,89.34812927246094,-46.5571403503418
388.240631103,89.31462860107422,-46.35184860229492
388.456451416,89.27274322509766,-46.098018646240234
388.655670166,89.2296371459961,-45.84577941894531
388.805084228,89.19613647460938,-45.64048767089844
389.004302978,89.15557098388672,-45.38367462158203
389.153717041,89.1259536743164,-45.20826721191406
389.352935791,89.08391571044922,-44.962791442871094
389.552154541,89.04118347167969,-44.717437744140625
389.701568603,89.00830841064453,-44.518978118896484
389.900787353,88.9664535522461,-44.26237106323242
390.050201416,88.93588256835938,-44.085731506347656
390.266021728,88.89046478271484,-43.81028747558594
390.415435791,88.86156463623047,-43.6347541809082
390.614654541,88.8189697265625,-43.37826919555664
390.813873291,88.77873229980469,-43.12141036987305
390.963287353,88.74516296386719,-42.921688079833984
391.162506103,88.69937896728516,-42.67271041870117
391.361724853,88.65507507324219,-42.42484664916992
391.511138916,88.62620544433594,-42.2479248046875
391.710357666,88.58402252197266,-41.99136734008789
391.876373291,88.5517349243164,-41.785892486572266
392.075592041,88.51042175292969,-41.53474426269531
392.225006103,88.48163604736328,-41.33564758300781
392.424224853,88.44641876220703,-41.078041076660156
392.623443603,88.4096450805664,-40.82206344604492
392.772857666,88.38009643554688,-40.64802932739258
392.972076416,88.33454895019531,-40.39760971069336
393.171295166,88.29190826416016,-40.14529800415039
393.320709228,88.26067352294922,-39.939659118652344
393.470123291,88.23338317871094,-39.75971984863281
393.636138916,88.19979858398438,-39.55583572387695
393.785552978,88.1648178100586,-39.35634231567383
393.984771728,88.1242446899414,-39.09953308105469
394.134185791,88.09693908691406,-38.91959762573242
394.333404541,88.05662536621094,-38.66277313232422
394.482818603,88.00972747802734,-38.46158218383789
394.682037353,87.91929626464844,-38.22121047973633
394.881256103,87.76678466796875,-38.02280044555664
395.030670166,87.6257095336914,-37.92680740356445
395.229888916,87.39136505126953,-37.854774475097656
395.395904541,87.190673828125,-37.846187591552734
395.545318603,86.9974136352539,-37.865543365478516
395.744537353,86.7406234741211,-37.9062385559082
395.893951416,86.56039428710938,-37.931602478027344
396.093170166,86.31415557861328,-37.95792770385742
396.242584228,86.11183166503906,-37.966609954833984
396.441802978,85.86006164550781,-37.9696159362793
396.591217041,85.6780776977539,-37.96692657470703
396.740631103,85.47023010253906,-37.95893096923828
396.956451416,85.22006225585938,-37.94732666015625
397.105865478,85.01766967773438,-37.93986511230469
397.255279541,84.83575439453125,-37.93397903442383
397.454498291,84.58128356933594,-37.9293327331543
397.603912353,84.3774185180664,-37.92615509033203
397.803131103,84.1256103515625,-37.926185607910156
397.952545166,83.943603515625,-37.92637252807617
398.101959228,83.735595703125,-37.92658615112305
398.301177978,83.47968292236328,-37.92685317993164
398.450592041,83.3267822265625,-37.92701721191406
398.600006103,83.1201400756836,-37.92723083496094
398.815826416,82.86968994140625,-37.92749786376953
398.965240478,82.66168212890625,-37.927711486816406
399.164459228,82.40303802490234,-37.927978515625
399.313873291,82.22785949707031,-37.928165435791016
399.513092041,81.9719467163086,-37.92843246459961
399.662506103,81.7639389038086,-37.928646087646484
399.861724853,81.50529479980469,-37.92891311645508
400.011138916,81.33011627197266,-37.929100036621094
400.210357666,81.07283782958984,-37.92936706542969
400.359771728,80.89630889892578,-37.92976760864258
400.525787353,80.67643737792969,-37.9427490234375
400.725006103,80.41967010498047,-37.98260498046875
400.874420166,80.24847412109375,-38.03504180908203
401.073638916,80.02607727050781,-38.16493225097656
401.173248291,79.93802642822266,-38.252769470214844
401.372467041,79.81360626220703,-38.479183197021484
401.521881103,79.77159881591797,-38.68252182006836
401.721099853,79.7679672241211,-38.94219970703125
401.870513916,79.78428649902344,-39.12344741821289
402.036529541,79.80423736572266,-39.330482482910156
402.185943603,79.81901550292969,-39.53520584106445
402.335357666,79.82416534423828,-39.712989807128906
402.484771728,79.81552124023438,-39.92076110839844
402.683990478,79.78868865966797,-40.17933654785156
402.783599853,79.77180480957031,-40.30409622192383
402.982818603,79.7335433959961,-40.554351806640625
403.132232666,79.70629119873047,-40.728763580322266
403.331451416,79.6672592163086,-40.98582077026367
403.480865478,79.63935852050781,-41.19193649291992
403.630279541,79.6155014038086,-41.36822509765625
403.796295166,79.59113311767578,-41.567893981933594
403.945709228,79.56549835205078,-41.7687873840332
404.095123291,79.54204559326172,-41.94926834106445
404.294342041,79.51387023925781,-42.20222091674805
404.443756103,79.4902572631836,-42.401981353759766
404.593170166,79.47645568847656,-42.52398681640625
404.792388916,79.47645568847656,-42.52398681640625
404.941802978,79.47645568847656,-42.52398681640625
405.091217041,79.47645568847656,-42.52398681640625
405.290435791,79.47645568847656,-42.52398681640625
405.390045166,79.47645568847656,-42.52398681640625
405.605865478,79.4540786743164,-42.77450180053711
405.755279541,79.44278717041016,-42.956146240234375
405.904693603,79.43773651123047,-43.16407775878906
406.103912353,79.42725372314453,-43.4156379699707
406.253326416,79.41635131835938,-43.5904655456543
406.402740478,79.40023040771484,-43.7923469543457
406.552154541,79.3818359375,-43.97066116333008
406.701568603,79.35862731933594,-44.177364349365234
406.900787353,79.32396697998047,-44.433658599853516
407.050201416,79.29998016357422,-44.609928131103516
407.216217041,79.271240234375,-44.80902099609375
407.365631103,79.24198913574219,-45.009422302246094
407.564849853,79.21063995361328,-45.267520904541016
407.714263916,79.1910629272461,-45.445709228515625
407.863677978,79.1694107055664,-45.64707565307617
408.062896728,79.14263153076172,-45.900184631347656
408.212310791,79.12125396728516,-46.080936431884766
408.361724853,79.1008071899414,-46.287925720214844
408.461334228,79.08831787109375,-46.417327880859375
408.660552978,79.06292724609375,-46.67059326171875
408.809967041,79.05145263671875,-46.776973724365234
408.975982666,79.05145263671875,-46.776973724365234
409.175201416,79.05145263671875,-46.776973724365234
409.324615478,79.05145263671875,-46.776973724365234
409.474029541,79.05145263671875,-46.776973724365234
409.673248291,79.05145263671875,-46.776973724365234
409.822662353,79.05145263671875,-46.776973724365234
410.021881103,79.05145263671875,-46.776973724365234
410.171295166,79.05145263671875,-46.776973724365234
410.320709228,79.05145263671875,-46.776973724365234
410.470123291,79.05145263671875,-46.776973724365234
410.636138916,79.05145263671875,-46.776973724365234
410.835357666,79.05145263671875,-46.776973724365234
410.984771728,79.05145263671875,-46.776973724365234
411.134185791,79.05145263671875,-46.776973724365234
411.333404541,79.05145263671875,-46.776973724365234
411.482818603,79.05145263671875,-46.776973724365234
411.682037353,79.05145263671875,-46.776973724365234
411.831451416,79.05145263671875,-46.776973724365234
412.030670166,79.0472412109375,-46.81423568725586
412.180084228,79.044677734375,-47.01582336425781
412.346099853,79.08110809326172,-47.217506408691406
412.545318603,79.1717529296875,-47.45502471923828
412.694732666,79.25431823730469,-47.6125373840332
412.893951416,79.38746643066406,-47.8261604309082
413.043365478,79.50128173828125,-47.995338439941406
413.192779541,79.59749603271484,-48.14818572998047
413.391998291,79.7220458984375,-48.37477493286133
413.541412353,79.80439758300781,-48.54298782348633
413.740631103,79.80439758300781,-48.54298782348633
413.890045166,79.80439758300781,-48.54298782348633
414.056060791,79.80439758300781,-48.54298782348633
414.255279541,79.80439758300781,-48.54298782348633
414.404693603,79.80439758300781,-48.54298782348633
414.554107666,79.80439758300781,-48.54298782348633
414.703521728,79.80439758300781,-48.54298782348633
414.902740478,79.80439758300781,-48.54298782348633
415.101959228,79.80439758300781,-48.54298782348633
415.251373291,79.80439758300781,-48.54298782348633
415.400787353,79.80439758300781,-48.54298782348633
415.550201416,79.80439758300781,-48.54298782348633
415.749420166,79.80439758300781,-48.54298782348633
415.915435791,79.80439758300781,-48.54298782348633
416.064849853,79.80439758300781,-48.54298782348633
416.264068603,79.80439758300781,-48.54298782348633
416.413482666,79.80439758300781,-48.54298782348633
416.612701416,79.80811309814453,-48.544734954833984
416.762115478,79.84700775146484,-48.550716400146484
416.961334228,79.94782257080078,-48.512367248535156
417.110748291,80.0184326171875,-48.420475006103516
417.309967041,80.072998046875,-48.18682098388672
417.475982666,80.05284881591797,-47.98016357421875
417.675201416,79.99103546142578,-47.727684020996094
417.874420166,79.92680358886719,-47.47999572753906
418.023834228,79.88895416259766,-47.279693603515625
418.223052978,79.86250305175781,-47.0211296081543
418.372467041,79.85842895507812,-46.83920669555664
418.571685791,79.8628921508789,-46.58883285522461
418.770904541,79.8754653930664,-46.333251953125
418.920318603,79.8880386352539,-46.125640869140625
419.086334228,79.9001235961914,-45.91799545288086
419.235748291,79.90690612792969,-45.741607666015625
419.434967041,79.910400390625,-45.483001708984375
419.584381103,79.911865234375,-45.274993896484375
419.783599853,79.91365051269531,-45.01909255981445
419.982818603,79.91539001464844,-44.76729965209961
420.132232666,79.91664123535156,-44.58803176879883
420.331451416,79.91499328613281,-44.328041076660156
420.480865478,79.911865234375,-44.122802734375
420.680084228,79.90812683105469,-43.87652587890625
420.829498291,79.90546417236328,-43.701393127441406
421.045318603,79.90116882324219,-43.419532775878906
421.244537353,79.89845275878906,-43.162288665771484
421.393951416,79.89955139160156,-42.9898681640625
421.593170166,79.90132141113281,-42.73533630371094
421.742584228,79.90275573730469,-42.530067443847656
421.941802978,79.90458679199219,-42.270057678222656
422.141021728,79.90635681152344,-42.015525817871094
422.290435791,79.90757751464844,-41.83899688720703
422.506256103,79.90959167480469,-41.55298614501953
422.655670166,79.91084289550781,-41.37371826171875
422.854888916,79.91253662109375,-41.126033782958984
423.004302978,79.9139404296875,-40.92350387573242
423.203521728,79.915771484375,-40.66349411010742
423.352935791,79.91705322265625,-40.48148727416992
423.502349853,79.91619873046875,-40.2775993347168
423.651763916,79.91353607177734,-40.10246658325195
423.850982666,79.90963745117188,-39.84660339355469
424.000396728,79.90646362304688,-39.63862609863281
424.149810791,79.90373229980469,-39.45938491821289
424.365631103,79.89954376220703,-39.17889404296875
424.515045166,79.89916229248047,-38.996891021728516
424.714263916,79.90055084228516,-38.73689270019531
424.863677978,79.91264343261719,-38.53478240966797
425.062896728,79.9702377319336,-38.28203201293945
425.212310791,80.05599212646484,-38.12838363647461
425.411529541,80.23211669921875,-37.97475814819336
425.560943603,80.4216079711914,-37.90534973144531
425.760162353,80.68016052246094,-37.8845329284668
425.926177978,80.88746643066406,-37.90043640136719
426.075592041,81.06771850585938,-37.92560958862305
426.274810791,81.32268524169922,-37.95976638793945
426.424224853,81.5233383178711,-37.97346878051758
426.573638916,81.69840240478516,-37.979129791259766
426.772857666,81.95703125,-37.980552673339844
426.922271728,82.16498565673828,-37.97704315185547
427.071685791,82.34147644042969,-37.97385025024414
427.270904541,82.58911895751953,-37.969364166259766
427.420318603,82.79023742675781,-37.96572494506836
427.569732666,82.9694595336914,-37.962486267089844
427.735748291,83.17606353759766,-37.959571838378906
427.934967041,83.42924499511719,-37.959716796875
428.084381103,83.63179016113281,-37.95989990234375
428.233795166,83.81243133544922,-37.960060119628906
428.433013916,84.07244110107422,-37.960289001464844
428.582427978,84.27635192871094,-37.960472106933594
428.781646728,84.5240707397461,-37.96070098876953
428.931060791,84.70061492919922,-37.96086120605469
429.130279541,84.96062469482422,-37.961090087890625
429.296295166,85.16863250732422,-37.961273193359375
429.445709228,85.37254333496094,-37.961456298828125
429.644927978,85.62982177734375,-37.96168518066406
429.794342041,85.81182861328125,-37.96184539794922
429.993560791,86.06501007080078,-37.962074279785156
430.142974853,86.26345825195312,-37.962257385253906
430.342193603,86.51254272460938,-37.962486267089844
430.491607666,86.69454956054688,-37.962646484375
430.690826416,86.95455932617188,-37.96287536621094
430.840240478,87.1515884399414,-37.9652214050293
431.056060791,87.40833282470703,-37.98017501831055
431.205474853,87.60746765136719,-38.01588439941406
431.404693603,87.83760833740234,-38.1217041015625
431.554107666,87.97034454345703,-38.24348068237305
431.753326416,88.09883880615234,-38.46770477294922
431.852935791,88.1291275024414,-38.59255599975586
432.052154541,88.133544921875,-38.85054016113281
432.201568603,88.10567474365234,-39.04829788208008
432.350982666,88.07413482666016,-39.21641159057617
432.500396728,88.04491424560547,-39.4153938293457
432.649810791,88.03144836425781,-39.59686279296875
432.815826416,88.02336120605469,-39.80196762084961
433.015045166,88.00863647460938,-40.04920959472656
433.164459228,88.00131225585938,-40.25156784057617
433.313873291,88.00637817382812,-40.42937088012695
433.463287353,88.01596069335938,-40.63713455200195
433.662506103,88.02787780761719,-40.89547348022461
433.811920166,88.03350830078125,-41.062320709228516
433.961334228,88.03592681884766,-41.259361267089844
434.110748291,88.03739166259766,-41.435890197753906
434.309967041,88.03826904296875,-41.54115295410156
434.475982666,88.03826904296875,-41.54115295410156
434.625396728,88.03826904296875,-41.54115295410156
434.774810791,88.03826904296875,-41.54115295410156
434.974029541,88.03826904296875,-41.54115295410156
435.123443603,88.03848266601562,-41.56615447998047
435.272857666,88.03982543945312,-41.7297248840332
435.472076416,88.04041290283203,-41.98015213012695
435.621490478,88.04084014892578,-42.185420989990234
435.770904541,88.04121398925781,-42.367427825927734
435.920318603,88.04164123535156,-42.574066162109375
436.086334228,88.04206848144531,-42.77385711669922
436.235748291,88.04244232177734,-42.95586395263672
436.434967041,88.04297637939453,-43.21587371826172
436.584381103,88.04340362548828,-43.41703414916992
436.733795166,88.04377746582031,-43.589454650878906
436.883209228,88.04420471191406,-43.79335403442383
437.082427978,88.04473876953125,-44.05336380004883
437.231842041,88.04511260986328,-44.23400115966797
437.381256103,88.04344940185547,-44.435150146484375
437.530670166,88.04157257080078,-44.613033294677734
437.680084228,88.0394058227539,-44.81827926635742
437.846099853,88.0372085571289,-45.0262565612793
438.045318603,88.0345230102539,-45.280765533447266
438.194732666,88.03267669677734,-45.45591735839844
438.294342041,88.03131866455078,-45.584537506103516
438.443756103,88.02916717529297,-45.78841781616211
438.642974853,88.02642059326172,-46.04838943481445
438.792388916,88.02452850341797,-46.227638244628906
438.941802978,88.0246353149414,-46.426055908203125
439.141021728,88.02750396728516,-46.67646789550781
439.290435791,88.02958679199219,-46.85844802856445
439.456451416,88.03196716308594,-47.06642532348633
439.605865478,88.03431701660156,-47.271671295166016
439.805084228,88.0372314453125,-47.526180267333984
439.904693603,88.0387191772461,-47.656166076660156
440.103912353,88.04167938232422,-47.914772033691406
440.253326416,88.04149627685547,-48.08993148803711
440.402740478,88.03934478759766,-48.2938117980957
440.601959228,88.0365982055664,-48.55378341674805
440.751373291,88.03467559814453,-48.73576354980469
440.900787353,88.03255462646484,-48.936912536621094
441.100006103,88.02991485595703,-49.18732452392578
441.266021728,88.02779388427734,-49.38847351074219
441.415435791,88.02588653564453,-49.569087982177734
441.614654541,88.02398681640625,-49.82360076904297
441.764068603,88.02603149414062,-50.02339172363281
441.913482666,88.0280532836914,-50.19990921020508
442.112701416,88.0310287475586,-50.45988082885742
442.262115478,88.03340911865234,-50.6678581237793
442.411529541,88.03546142578125,-50.84710693359375
442.610748291,88.03836059570312,-51.100250244140625
442.760162353,88.04071044921875,-51.30549621582031
442.909576416,88.04254913330078,-51.487483978271484
443.125396728,88.04096984863281,-51.76664733886719
443.274810791,88.03964233398438,-51.94728469848633
443.424224853,88.03811645507812,-52.15529251098633
443.623443603,88.03630065917969,-52.402801513671875
443.772857666,88.03618621826172,-52.41830062866211
443.972076416,88.0359115600586,-52.4557991027832
444.121490478,88.034423828125,-52.657691955566406
444.270904541,88.03369140625,-52.7558479309082
444.420318603,88.03277587890625,-52.88047409057617
444.636138916,88.03087615966797,-53.13911437988281
444.785552978,88.02936553955078,-53.344383239746094
444.934967041,88.02803039550781,-53.526390075683594
445.134185791,88.02613067626953,-53.785030364990234
445.283599853,88.02462768554688,-53.988929748535156
445.433013916,88.02332305908203,-54.16545867919922
445.632232666,88.0235366821289,-54.42546844482422
445.781646728,88.02462768554688,-54.63210678100586
445.980865478,88.02593994140625,-54.881160736083984
446.130279541,88.02686309814453,-55.05632019042969
446.296295166,88.02794647216797,-55.26158905029297
446.495513916,88.0293197631836,-55.52159881591797
446.644927978,88.03038024902344,-55.72275924682617
446.844146728,88.0317153930664,-55.975921630859375
446.993560791,88.03267669677734,-56.157928466796875
447.192779541,88.03404998779297,-56.417938232421875
447.342193603,88.03511047363281,-56.61909866333008
447.541412353,88.03643035888672,-56.86952209472656
447.690826416,88.03738403320312,-57.0501594543457
447.840240478,88.03848266601562,-57.2581672668457
448.056060791,88.03984832763672,-57.516807556152344
448.205474853,88.0409164428711,-57.719337463378906
448.354888916,88.04187774658203,-57.901344299316406
448.504302978,88.04297637939453,-58.109352111816406
448.653717041,88.04252624511719,-58.29135513305664
448.803131103,88.03486633300781,-58.49646759033203
449.002349853,88.01776885986328,-58.755897521972656
449.151763916,88.00215148925781,-58.937217712402344
449.301177978,87.98540496826172,-59.13629913330078
449.450592041,87.97430419921875,-59.30835723876953
449.649810791,87.96040344238281,-59.55975341796875
449.815826416,87.93791961669922,-59.766448974609375
449.965240478,87.8934326171875,-59.96953201293945
450.164459228,87.81685638427734,-60.209293365478516
450.313873291,87.74781799316406,-60.37765121459961
450.513092041,87.63982391357422,-60.60811996459961
450.662506103,87.55018615722656,-60.79277801513672
450.811920166,87.46794128417969,-60.95513153076172
451.011138916,87.3524169921875,-61.175777435302734
451.160552978,87.25349426269531,-61.35874557495117
451.309967041,87.16731262207031,-61.51904296875
451.475982666,87.070556640625,-61.70315933227539
451.675201416,86.94844055175781,-61.9311408996582
451.824615478,86.85689544677734,-62.10871505737305
452.023834228,86.801513671875,-62.218299865722656
452.173248291,86.801513671875,-62.218299865722656
452.322662353,86.801513671875,-62.218299865722656
452.472076416,86.801513671875,-62.218299865722656
452.671295166,86.801513671875,-62.218299865722656
452.820709228,86.801513671875,-62.218299865722656
452.970123291,86.801513671875,-62.218299865722656
453.185943603,86.801513671875,-62.218299865722656
453.235748291,86.801513671875,-62.218299865722656
453.385162353,86.801513671875,-62.218299865722656
453.584381103,86.801513671875,-62.218299865722656
453.783599853,86.801513671875,-62.218299865722656
453.933013916,86.801513671875,-62.218299865722656
454.082427978,86.801513671875,-62.218299865722656
454.281646728,86.801513671875,-62.218299865722656
454.431060791,86.801513671875,-62.218299865722656
454.630279541,86.801513671875,-62.218299865722656
454.796295166,86.801513671875,-62.218299865722656
454.995513916,86.801513671875,-62.218299865722656
455.194732666,86.801513671875,-62.218299865722656
455.344146728,86.801513671875,-62.218299865722656
455.543365478,86.801513671875,-62.218299865722656
455.692779541,86.801513671875,-62.218299865722656
455.891998291,86.801513671875,-62.218299865722656
456.041412353,86.801513671875,-62.218299865722656
456.240631103,86.801513671875,-62.218299865722656
456.439849853,86.801513671875,-62.218299865722656
456.605865478,86.801513671875,-62.218299865722656
456.755279541,86.801513671875,-62.218299865722656
456.954498291,86.801513671875,-62.218299865722656
457.153717041,86.801513671875,-62.218299865722656
457.303131103,86.801513671875,-62.218299865722656
457.502349853,86.801513671875,-62.218299865722656
457.651763916,86.801513671875,-62.218299865722656
457.850982666,86.801513671875,-62.218299865722656
458.050201416,86.801513671875,-62.218299865722656
458.216217041,86.801513671875,-62.218299865722656
458.415435791,86.801513671875,-62.218299865722656
458.564849853,86.801513671875,-62.218299865722656
458.764068603,86.801513671875,-62.218299865722656
458.963287353,86.801513671875,-62.218299865722656
459.112701416,86.801513671875,-62.218299865722656
459.311920166,86.801513671875,-62.218299865722656
459.461334228,86.801513671875,-62.218299865722656
459.660552978,86.801513671875,-62.218299865722656
459.809967041,86.801513671875,-62.218299865722656
460.025787353,86.801513671875,-62.218299865722656
460.175201416,86.801513671875,-62.218299865722656
460.374420166,86.801513671875,-62.218299865722656
460.573638916,86.801513671875,-62.218299865722656
460.723052978,86.801513671875,-62.218299865722656
460.922271728,86.801513671875,-62.218299865722656
461.071685791,86.801513671875,-62.218299865722656
461.221099853,86.801513671875,-62.218299865722656
461.420318603,86.801513671875,-62.218299865722656
461.569732666,86.801513671875,-62.218299865722656
461.785552978,86.801513671875,-62.218299865722656
461.934967041,86.801513671875,-62.218299865722656
462.134185791,86.801513671875,-62.218299865722656
462.283599853,86.801513671875,-62.218299865722656
462.482818603,86.801513671875,-62.218299865722656
462.632232666,86.801513671875,-62.218299865722656
462.831451416,86.801513671875,-62.218299865722656
463.030670166,86.801513671875,-62.218299865722656
463.180084228,86.801513671875,-62.218299865722656
463.395904541,86.801513671875,-62.218299865722656
463.545318603,86.801513671875,-62.218299865722656
463.744537353,86.801513671875,-62.218299865722656
463.893951416,86.801513671875,-62.218299865722656
464.093170166,86.801513671875,-62.218299865722656
464.292388916,86.801513671875,-62.218299865722656
464.441802978,86.801513671875,-62.218299865722656
464.641021728,86.801513671875,-62.218299865722656
464.840240478,86.801513671875,-62.218299865722656
465.006256103,86.801513671875,-62.218299865722656
465.155670166,86.801513671875,-62.218299865722656
465.354888916,86.801513671875,-62.218299865722656
465.554107666,86.801513671875,-62.218299865722656
465.703521728,86.801513671875,-62.218299865722656
465.852935791,86.801513671875,-62.218299865722656
466.002349853,86.801513671875,-62.218299865722656
466.201568603,86.801513671875,-62.218299865722656
466.350982666,86.801513671875,-62.218299865722656
466.550201416,86.801513671875,-62.218299865722656
466.716217041,86.801513671875,-62.218299865722656
466.915435791,86.801513671875,-62.218299865722656
467.064849853,86.801513671875,-62.218299865722656
467.264068603,86.801513671875,-62.218299865722656
467.463287353,86.801513671875,-62.218299865722656
467.612701416,86.801513671875,-62.218299865722656
467.811920166,86.801513671875,-62.218299865722656
467.961334228,86.801513671875,-62.218299865722656
468.160552978,86.801513671875,-62.218299865722656
468.260162353,86.801513671875,-62.218299865722656
468.426177978,86.801513671875,-62.218299865722656
468.625396728,86.801513671875,-62.218299865722656
468.774810791,86.801513671875,-62.218299865722656
468.974029541,86.801513671875,-62.218299865722656
469.173248291,86.77832794189453,-62.26218032836914
469.322662353,86.66240692138672,-62.427581787109375
469.521881103,86.46297454833984,-62.58428955078125
469.671295166,86.30390930175781,-62.669742584228516
469.820709228,86.11473846435547,-62.756202697753906
469.970123291,85.94857025146484,-62.830448150634766
470.185943603,85.69236755371094,-62.957576751708984
470.335357666,85.53231048583984,-63.044185638427734
470.534576416,85.3124771118164,-63.18290710449219
470.683990478,85.1431884765625,-63.30374526977539
470.883209228,84.93577575683594,-63.45126724243164
471.032623291,84.78703308105469,-63.55613708496094
471.182037353,84.61772155761719,-63.67698669433594
471.381256103,84.4068832397461,-63.829105377197266
471.530670166,84.2603988647461,-63.93710708618164
471.729888916,84.0485610961914,-64.08782958984375
471.895904541,83.8800048828125,-64.20497131347656
472.045318603,83.70779418945312,-64.32162475585938
472.244537353,83.4925537109375,-64.46748352050781
472.393951416,83.3412857055664,-64.56871032714844
472.593170166,83.12471771240234,-64.7101058959961
472.742584228,82.95272827148438,-64.82215118408203
472.891998291,82.80359649658203,-64.91657257080078
473.091217041,82.58946228027344,-65.05415344238281
473.240631103,82.41783905029297,-65.16924285888672
473.456451416,82.3464126586914,-65.21717071533203
473.605865478,82.17084503173828,-65.30552673339844
473.755279541,81.99270629882812,-65.34037780761719
473.954498291,81.73352813720703,-65.32642364501953
474.103912353,81.52906799316406,-65.28842163085938
474.303131103,81.274169921875,-65.23710632324219
474.452545166,81.09392547607422,-65.21241760253906
474.601959228,80.8915786743164,-65.2081298828125
474.751373291,80.7132797241211,-65.22573852539062
474.950592041,80.4595718383789,-65.28193664550781
475.100006103,80.26282501220703,-65.34037017822266
475.266021728,80.06282043457031,-65.39736938476562
475.415435791,79.88789367675781,-65.43649291992188
475.614654541,79.63634490966797,-65.48340606689453
475.764068603,79.43768310546875,-65.51499938964844
475.963287353,79.28112030029297,-65.54273986816406
476.112701416,79.1581802368164,-65.57023620605469
476.311920166,78.9128189086914,-65.63772583007812
476.461334228,78.7195816040039,-65.69843292236328
476.660552978,78.47210693359375,-65.76850128173828
476.809967041,78.29479217529297,-65.80947875976562
476.975982666,78.09060668945312,-65.8490982055664
477.175201416,77.9684066772461,-65.87105560302734
477.374420166,77.9684066772461,-65.87105560302734
477.523834228,77.9684066772461,-65.87105560302734
477.723052978,77.9684066772461,-65.87105560302734
477.872467041,77.9684066772461,-65.87105560302734
478.071685791,77.83385467529297,-65.88898468017578
478.270904541,77.69080352783203,-65.86619567871094
478.420318603,77.58794403076172,-65.76960754394531
478.569732666,77.51617431640625,-65.61399841308594
478.785552978,77.52951049804688,-65.33377838134766
478.984771728,77.6166000366211,-65.08890533447266
479.134185791,77.6758804321289,-64.91688537597656
479.333404541,77.72349548339844,-64.67147064208984
479.482818603,77.7197036743164,-64.46383666992188
479.632232666,77.68608093261719,-64.2851333618164
479.831451416,77.60781860351562,-64.0430908203125
479.980865478,77.5318603515625,-63.849464416503906
480.180084228,77.43856048583984,-63.6097297668457
480.346099853,77.42413330078125,-63.5708122253418
480.545318603,77.3392562866211,-63.327186584472656
480.694732666,77.28297424316406,-63.15411376953125
480.893951416,77.21389770507812,-62.92949676513672
481.093170166,77.13768768310547,-62.68092346191406
481.242584228,77.08099365234375,-62.48792266845703
481.441802978,77.01024627685547,-62.24057388305664
481.591217041,76.95797729492188,-62.069095611572266
481.740631103,76.89517211914062,-61.873680114746094
481.956451416,76.81639862060547,-61.62733459472656
482.105865478,76.7549819946289,-61.434349060058594
482.305084228,76.67814636230469,-61.190269470214844
482.454498291,76.62413024902344,-61.020774841308594
482.653717041,76.60906982421875,-60.97425842285156
482.803131103,76.60906982421875,-60.97425842285156
483.002349853,76.6072998046875,-60.969078063964844
483.101959228,76.6063003540039,-60.966529846191406
483.251373291,76.51233673095703,-60.86065673828125
483.400787353,76.3251724243164,-60.77432632446289
483.550201416,76.15249633789062,-60.77534484863281
483.716217041,75.95862579345703,-60.848487854003906
483.865631103,75.78246307373047,-60.958927154541016
484.064849853,75.56531524658203,-61.10188293457031
484.264068603,75.3482437133789,-61.22054672241211
484.413482666,75.33417510986328,-61.227046966552734
484.612701416,75.33417510986328,-61.227046966552734
484.762115478,75.33417510986328,-61.227046966552734
484.961334228,75.33417510986328,-61.227046966552734
485.110748291,75.33417510986328,-61.227046966552734
485.309967041,75.33417510986328,-61.227046966552734
485.475982666,75.33417510986328,-61.227046966552734
485.675201416,75.33417510986328,-61.227046966552734
485.824615478,75.33417510986328,-61.227046966552734
486.023834228,75.33417510986328,-61.227046966552734
486.223052978,75.33417510986328,-61.227046966552734
486.372467041,75.33417510986328,-61.227046966552734
486.571685791,75.33417510986328,-61.227046966552734
486.770904541,75.33417510986328,-61.227046966552734
486.920318603,75.33417510986328,-61.227046966552734
487.086334228,75.33417510986328,-61.227046966552734
487.285552978,75.33417510986328,-61.227046966552734
487.434967041,75.33417510986328,-61.227046966552734
487.634185791,75.33417510986328,-61.227046966552734
487.783599853,75.33417510986328,-61.227046966552734
487.982818603,75.33417510986328,-61.227046966552734
488.182037353,75.33417510986328,-61.227046966552734
488.331451416,75.33417510986328,-61.227046966552734
488.530670166,75.33417510986328,-61.227046966552734
488.680084228,75.33417510986328,-61.227046966552734
488.895904541,75.33417510986328,-61.227046966552734
489.045318603,75.33417510986328,-61.227046966552734
489.244537353,75.33417510986328,-61.227046966552734
489.393951416,75.33417510986328,-61.227046966552734
489.593170166,75.33417510986328,-61.227046966552734
489.792388916,75.33417510986328,-61.227046966552734
489.941802978,75.33417510986328,-61.227046966552734
490.141021728,75.33417510986328,-61.227046966552734
490.290435791,75.33417510986328,-61.227046966552734
490.506256103,75.33417510986328,-61.227046966552734
490.655670166,75.33417510986328,-61.227046966552734
490.854888916,75.33417510986328,-61.227046966552734
491.004302978,75.33417510986328,-61.227046966552734
491.203521728,75.33417510986328,-61.227046966552734
491.402740478,75.33417510986328,-61.227046966552734
491.552154541,75.33417510986328,-61.227046966552734
491.751373291,75.33417510986328,-61.227046966552734
491.900787353,75.33417510986328,-61.227046966552734
492.050201416,75.33417510986328,-61.227046966552734
492.266021728,75.33417510986328,-61.227046966552734
492.415435791,75.33417510986328,-61.227046966552734
492.564849853,75.33417510986328,-61.227046966552734
492.764068603,75.33417510986328,-61.227046966552734
492.913482666,75.33417510986328,-61.227046966552734
493.112701416,75.33417510986328,-61.227046966552734
493.311920166,75.33417510986328,-61.227046966552734
493.461334228,75.33417510986328,-61.227046966552734
493.660552978,75.12451171875,-61.31089401245117
493.809967041,74.95684814453125,-61.36142349243164
493.975982666,74.76510620117188,-61.40681838989258
494.175201416,74.51596069335938,-61.45896530151367
494.324615478,74.31320190429688,-61.50528335571289
494.523834228,74.06212615966797,-61.57269287109375
494.723052978,73.81488037109375,-61.65308380126953
494.922271728,73.57093811035156,-61.73472595214844
495.071685791,73.4026870727539,-61.78813934326172
495.270904541,73.1585693359375,-61.86015319824219
495.470123291,72.91860961914062,-61.92683410644531
495.685943603,72.64824676513672,-61.99634552001953
495.835357666,72.47127532958984,-62.03877639770508
496.034576416,72.22065734863281,-62.10253143310547
496.183990478,72.02033996582031,-62.15856170654297
496.383209228,71.77108001708984,-62.22758865356445
496.532623291,71.60133361816406,-62.27604675292969
496.731842041,71.35968017578125,-62.34164810180664
496.881256103,71.16472625732422,-62.39122009277344
497.080474853,70.91602325439453,-62.44533920288086
497.229888916,70.73680114746094,-62.47684097290039
497.445709228,70.45416259765625,-62.510398864746094
497.595123291,70.28173065185547,-62.53184127807617
497.794342041,70.082275390625,-62.57018280029297
497.943756103,69.95339965820312,-62.602970123291016
498.043365478,69.83291625976562,-62.63943862915039
498.242584228,69.58474731445312,-62.71693801879883
498.391998291,69.40955352783203,-62.76618957519531
498.591217041,69.15788269042969,-62.831539154052734
498.790435791,68.90808868408203,-62.89307403564453
498.956451416,68.70939636230469,-62.93887710571289
499.105865478,68.51609802246094,-62.98368835449219
499.305084228,68.26307678222656,-63.0434684753418
499.504302978,68.0079574584961,-63.09346008300781
499.653717041,67.83113098144531,-63.12290573120117
499.852935791,67.58404541015625,-63.1635856628418
500.002349853,67.38269805908203,-63.20333480834961
500.201568603,67.1611557006836,-63.263221740722656
500.350982666,66.98808288574219,-63.31492614746094
500.500396728,66.78919219970703,-63.375823974609375
500.649810791,66.62211608886719,-63.428375244140625
500.865631103,66.35304260253906,-63.502601623535156
501.015045166,66.17562866210938,-63.54310607910156
501.214263916,65.9198226928711,-63.58955764770508
501.363677978,65.7173843383789,-63.623348236083984
501.513092041,65.5417251586914,-63.651432037353516
501.712310791,65.29208374023438,-63.693424224853516
501.861724853,65.0933837890625,-63.73249435424805
502.060943603,64.84281921386719,-63.8016242980957
502.210357666,64.6693344116211,-63.85660934448242
502.376373291,64.47380828857422,-63.91909408569336
502.575592041,64.22858428955078,-63.981624603271484
502.774810791,63.9825439453125,-64.02816772460938
502.924224853,63.77969741821289,-64.0595703125
503.123443603,63.52667999267578,-64.09782409667969
503.272857666,63.34834289550781,-64.13399505615234
503.472076416,63.098167419433594,-64.20455169677734
503.621490478,62.90031814575195,-64.26873016357422
503.770904541,62.727603912353516,-64.32613372802734
503.970123291,62.48183059692383,-64.40664672851562
504.136138916,62.29042053222656,-64.46388244628906
504.285552978,62.097084045410156,-64.5194320678711
504.484771728,61.85162353515625,-64.58675384521484
504.634185791,61.67634963989258,-64.6357650756836
504.783599853,61.47591018676758,-64.6913070678711
504.982818603,61.23054122924805,-64.76858520507812
505.132232666,61.0570182800293,-64.82349395751953
505.331451416,60.8094596862793,-64.90296173095703
505.480865478,60.610843658447266,-64.9647216796875
505.630279541,60.4411506652832,-65.01333618164062
505.796295166,60.245201110839844,-65.06449127197266
505.945709228,60.07521057128906,-65.10516357421875
506.095123291,59.905517578125,-65.14265441894531
506.294342041,59.65422058105469,-65.20366668701172
506.443756103,59.457820892333984,-65.25843048095703
506.642974853,59.214412689208984,-65.32801055908203
506.792388916,59.04436111450195,-65.38024139404297
506.991607666,58.80574035644531,-65.46057891845703
507.190826416,58.565956115722656,-65.54595184326172
507.340240478,58.37905502319336,-65.61258697509766
507.506256103,58.186500549316406,-65.68367767333984
507.705474853,58.14674758911133,-65.69871520996094
507.854888916,58.14674758911133,-65.69871520996094
508.054107666,58.14674758911133,-65.69871520996094
508.203521728,58.14674758911133,-65.69871520996094
508.402740478,58.178619384765625,-65.81885528564453
508.601959228,58.32399368286133,-65.98411560058594
508.751373291,58.489017486572266,-66.04743957519531
508.900787353,58.68297576904297,-66.04154205322266
509.100006103,58.75929641723633,-65.98603057861328
509.199615478,58.81076431274414,-65.90711212158203
509.365631103,58.84563446044922,-65.72953033447266
509.564849853,58.785850524902344,-65.5604476928711
509.714263916,58.6870002746582,-65.47747802734375
509.913482666,58.456485748291016,-65.42607879638672
510.062896728,58.2579231262207,-65.47403717041016
510.262115478,58.050025939941406,-65.59954833984375
510.411529541,58.01359176635742,-65.6363525390625
510.610748291,57.99579620361328,-65.68871307373047
510.760162353,58.0343017578125,-65.81376647949219
510.926177978,58.15804672241211,-65.9599838256836
511.125396728,58.39103698730469,-66.05577850341797
511.274810791,58.569210052490234,-66.04666900634766
511.474029541,58.7232551574707,-66.00259399414062
511.623443603,58.7376823425293,-65.98991394042969
511.822662353,58.880401611328125,-65.79337310791016
511.972076416,58.97492599487305,-65.63787078857422
512.171264648,59.10356140136719,-65.41508483886719
