timestamp_sec,x,y
0.116199992,77.0999984741211,-6.199999809265137
0.315400034,77.0999984741211,-6.199999809265137
0.514600157,77.0999984741211,-6.199999809265137
0.713800311,77.0999984741211,-6.199999809265137
0.913000464,77.0999984741211,-6.199999809265137
1.112200617,77.0999984741211,-6.199999809265137
1.311400771,77.0999984741211,-6.199999809265137
1.510600924,77.0999984741211,-6.199999809265137
1.709801077,77.0999984741211,-6.199999809265137
1.925601243,77.0999984741211,-6.199999809265137
2.124800443,77.0999984741211,-6.199999809265137
2.323999166,77.0999984741211,-6.199999809265137
2.523197889,77.0999984741211,-6.199999809265137
2.722396612,77.0999984741211,-6.199999809265137
2.871795654,77.0999984741211,-6.199999809265137
3.070994377,77.0999984741211,-6.199999809265137
3.270193099,77.0999984741211,-6.199999809265137
3.436192035,77.0999984741211,-6.199999809265137
3.635390758,77.0999984741211,-6.199999809265137
3.834589481,77.0999984741211,-6.199999809265137
4.033788681,77.0999984741211,-6.199999809265137
4.183189868,77.0999984741211,-6.199999809265137
4.382391452,77.0999984741211,-6.199999809265137
4.531792640,77.0999984741211,-6.199999809265137
4.730994224,77.0999984741211,-6.199999809265137
4.930195808,77.0999984741211,-6.199999809265137
5.096197128,77.0999984741211,-6.199999809265137
5.295398712,77.0999984741211,-6.199999809265137
5.494600296,77.0999984741211,-6.199999809265137
5.644001483,77.0999984741211,-6.199999809265137
5.843203067,77.0999984741211,-6.199999809265137
6.042404651,77.0999984741211,-6.199999809265137
6.191805839,77.0999984741211,-6.199999809265137
6.391007423,77.0999984741211,-6.199999809265137
6.590209007,77.0999984741211,-6.199999809265137
6.756210327,77.0999984741211,-6.199999809265137
6.905611515,77.0999984741211,-6.199999809265137
7.104813098,77.0999984741211,-6.199999809265137
7.254214286,77.0999984741211,-6.199999809265137
7.403615474,77.0999984741211,-6.199999809265137
7.602817058,77.0999984741211,-6.199999809265137
7.752218246,77.0999984741211,-6.199999809265137
7.951419830,77.0999984741211,-6.199999809265137
8.100817680,77.0999984741211,-6.199999809265137
8.300013542,77.0999984741211,-6.199999809265137
8.466010093,77.0999984741211,-6.199999809265137
8.615406990,77.0999984741211,-6.199999809265137
8.764803886,77.0999984741211,-6.199999809265137
8.963999748,77.0999984741211,-6.199999809265137
9.113396644,77.0999984741211,-6.199999809265137
9.262793540,77.0999984741211,-6.199999809265137
9.461989402,77.0999984741211,-6.199999809265137
9.611386299,77.0999984741211,-6.199999809265137
9.760783195,77.0999984741211,-6.199999809265137
9.976578712,77.0999984741211,-6.199999809265137
10.125975608,77.0999984741211,-6.199999809265137
10.275372505,77.0999984741211,-6.199999809265137
10.424769401,77.0999984741211,-6.199999809265137
10.623965263,77.0999984741211,-6.199999809265137
10.773362159,77.0999984741211,-6.199999809265137
10.972558021,77.0999984741211,-6.199999809265137
11.121954917,77.0999984741211,-6.199999809265137
11.321150779,77.0999984741211,-6.199999809265137
11.470547676,77.0999984741211,-6.199999809265137
11.570145606,77.0999984741211,-6.199999809265137
11.736142158,77.0999984741211,-6.199999809265137
11.885539054,77.0999984741211,-6.199999809265137
12.034935951,77.0999984741211,-6.199999809265137
12.234131813,77.0999984741211,-6.199999809265137
12.383528709,77.0999984741211,-6.199999809265137
12.582724571,77.0999984741211,-6.199999809265137
12.732121467,77.0999984741211,-6.199999809265137
12.931317329,77.0999984741211,-6.199999809265137
13.130513191,77.0999984741211,-6.199999809265137
13.296509742,77.0999984741211,-6.199999809265137
13.495705604,77.0999984741211,-6.199999809265137
13.645102500,77.0999984741211,-6.199999809265137
13.844298362,77.0999984741211,-6.199999809265137
13.993695259,77.0999984741211,-6.199999809265137
14.192891120,77.0999984741211,-6.199999809265137
14.342288017,77.0999984741211,-6.199999809265137
14.541483879,77.0999984741211,-6.199999809265137
14.690880775,77.0999984741211,-6.199999809265137
14.890076637,77.0999984741211,-6.199999809265137
15.056073188,77.0999984741211,-6.199999809265137
15.255269050,77.0999984741211,-6.199999809265137
15.404665946,77.0999984741211,-6.199999809265137
15.554062843,77.0999984741211,-6.199999809265137
15.753258705,77.0999984741211,-6.199999809265137
15.902655601,77.0999984741211,-6.199999809265137
16.101852416,77.0999984741211,-6.199999809265137
16.251249313,77.0999984741211,-6.199999809265137
16.400646209,77.0999984741211,-6.199999809265137
16.616441726,77.0999984741211,-6.199999809265137
16.765838623,77.0999984741211,-6.199999809265137
16.915235519,77.0999984741211,-6.199999809265137
17.114431381,77.0999984741211,-6.199999809265137
17.214029312,77.0999984741211,-6.199999809265137
17.313627243,77.0999984741211,-6.199999809265137
17.512823104,77.0999984741211,-6.199999809265137
17.662220001,77.0999984741211,-6.199999809265137
17.861415863,77.0999984741211,-6.199999809265137
18.060611724,77.0999984741211,-6.199999809265137
18.210008621,77.0999984741211,-6.199999809265137
18.425804138,77.0999984741211,-6.199999809265137
18.575201034,77.0999984741211,-6.199999809265137
18.774396896,77.0999984741211,-6.199999809265137
18.973592758,77.0999984741211,-6.199999809265137
19.122989654,77.0999984741211,-6.199999809265137
19.322185516,77.0999984741211,-6.199999809265137
19.471582412,77.0999984741211,-6.199999809265137
19.670778274,77.0999984741211,-6.199999809265137
19.820175170,77.0999984741211,-6.199999809265137
19.936372756,77.0999984741211,-6.199999809265137
20.135568618,77.0999984741211,-6.199999809265137
20.284965515,77.0999984741211,-6.199999809265137
20.484161376,77.0999984741211,-6.199999809265137
20.633558273,77.0999984741211,-6.199999809265137
20.832754135,77.0999984741211,-6.199999809265137
20.982151031,77.0999984741211,-6.199999809265137
21.181346893,77.0999984741211,-6.199999809265137
21.330743789,77.0999984741211,-6.199999809265137
21.529939651,77.0999984741211,-6.199999809265137
21.695936203,77.0999984741211,-6.199999809265137
21.845333099,77.0999984741211,-6.199999809265137
22.044528961,77.0999984741211,-6.199999809265137
22.193925857,77.0999984741211,-6.199999809265137
22.343322753,77.0999984741211,-6.199999809265137
22.542518615,77.0999984741211,-6.199999809265137
22.691915512,77.0999984741211,-6.199999809265137
22.891111373,77.0999984741211,-6.199999809265137
23.040508270,77.0999984741211,-6.199999809265137
23.189905166,77.0999984741211,-6.199999809265137
23.405700683,77.0999984741211,-6.199999809265137
23.555097579,77.0999984741211,-6.199999809265137
23.704494476,77.0999984741211,-6.199999809265137
23.903690338,77.0999984741211,-6.199999809265137
24.053087234,77.0999984741211,-6.199999809265137
24.202484130,77.0999984741211,-6.199999809265137
24.351881027,77.0999984741211,-6.199999809265137
24.501277923,77.0999984741211,-6.199999809265137
24.700473785,77.0999984741211,-6.199999809265137
24.849870681,77.0999984741211,-6.199999809265137
25.015867233,77.0999984741211,-6.199999809265137
25.215063095,77.0999984741211,-6.199999809265137
25.364459991,77.0999984741211,-6.199999809265137
25.513856887,77.0999984741211,-6.199999809265137
25.663253784,77.0999984741211,-6.199999809265137
25.862449645,77.0999984741211,-6.199999809265137
26.011846542,77.0999984741211,-6.199999809265137
26.161243438,77.0999984741211,-6.199999809265137
26.310640335,77.0999984741211,-6.199999809265137
26.509836196,77.0999984741211,-6.199999809265137
26.675832748,77.0999984741211,-6.199999809265137
26.825229644,77.0999984741211,-6.199999809265137
27.024425506,77.0999984741211,-6.199999809265137
27.173822402,77.0999984741211,-6.199999809265137
27.323219299,77.0999984741211,-6.199999809265137
27.522415161,77.0999984741211,-6.199999809265137
27.671812057,77.0999984741211,-6.199999809265137
27.821208953,77.0999984741211,-6.199999809265137
27.970605850,77.0999984741211,-6.199999809265137
28.169801712,77.0999984741211,-6.199999809265137
28.335798263,77.0999984741211,-6.199999809265137
28.485195159,77.0999984741211,-6.199999809265137
28.634592056,77.0999984741211,-6.199999809265137
28.783988952,77.0999984741211,-6.199999809265137
28.983184814,77.0999984741211,-6.199999809265137
29.132581710,77.0999984741211,-6.199999809265137
29.331777572,77.0999984741211,-6.199999809265137
29.481174468,77.0999984741211,-6.199999809265137
29.630571365,77.0999984741211,-6.199999809265137
29.796567916,77.0999984741211,-6.199999809265137
29.995763778,77.0999984741211,-6.199999809265137
30.145160675,77.0999984741211,-6.199999809265137
30.294557571,77.0999984741211,-6.199999809265137
30.493753433,77.0999984741211,-6.199999809265137
30.643150329,77.0999984741211,-6.199999809265137
30.792547225,77.0999984741211,-6.199999809265137
30.991743087,77.0999984741211,-6.199999809265137
31.141139984,77.0999984741211,-6.199999809265137
31.290536880,77.0999984741211,-6.199999809265137
31.456533432,77.0999984741211,-6.199999809265137
31.655729293,77.0999984741211,-6.199999809265137
31.805126190,77.0999984741211,-6.199999809265137
31.954523086,77.0999984741211,-6.199999809265137
32.153736114,77.0999984741211,-6.199999809265137
32.303150177,77.0999984741211,-6.199999809265137
32.502368927,77.0999984741211,-6.199999809265137
32.651782989,77.0999984741211,-6.199999809265137
32.801197052,77.0999984741211,-6.199999809265137
32.950611114,77.0999984741211,-6.199999809265137
33.149829864,77.0999984741211,-6.199999809265137
33.315845489,77.0999984741211,-6.199999809265137
33.465259552,77.0999984741211,-6.199999809265137
33.614673614,77.0999984741211,-6.199999809265137
33.813892364,77.0999984741211,-6.199999809265137
33.963306427,77.0999984741211,-6.199999809265137
34.112720489,77.0999984741211,-6.199999809265137
34.311939239,77.0999984741211,-6.199999809265137
34.461353302,77.0999984741211,-6.199999809265137
34.660572052,77.0999984741211,-6.199999809265137
34.809986114,77.0999984741211,-6.199999809265137
34.976001739,77.0999984741211,-6.199999809265137
35.175220489,77.0999984741211,-6.199999809265137
35.324634552,77.0999984741211,-6.199999809265137
35.474048614,77.0999984741211,-6.199999809265137
35.673267364,77.0999984741211,-6.199999809265137
35.822681427,77.0999984741211,-6.199999809265137
36.021900177,77.0999984741211,-6.199999809265137
36.171314239,77.0999984741211,-6.199999809265137
36.320728302,77.0999984741211,-6.199999809265137
36.470142364,77.0999984741211,-6.199999809265137
36.685962677,77.0999984741211,-6.199999809265137
36.835376739,77.0999984741211,-6.199999809265137
36.984790802,77.0999984741211,-6.199999809265137
37.184009552,77.0999984741211,-6.199999809265137
37.333423614,77.0999984741211,-6.199999809265137
37.433032989,77.0999984741211,-6.199999809265137
37.632251739,77.0999984741211,-6.199999809265137
37.781665802,77.0999984741211,-6.199999809265137
37.931079864,77.0999984741211,-6.199999809265137
38.080493927,77.0999984741211,-6.199999809265137
38.229907989,77.0999984741211,-6.199999809265137
38.445728302,77.0999984741211,-6.199999809265137
38.595142364,77.0999984741211,-6.199999809265137
38.794361114,77.0999984741211,-6.199999809265137
38.943775177,77.0999984741211,-6.199999809265137
39.093189239,77.0999984741211,-6.199999809265137
39.292407989,77.0999984741211,-6.199999809265137
39.441822052,77.0999984741211,-6.199999809265137
39.591236114,77.0999984741211,-6.199999809265137
39.790454864,77.0999984741211,-6.199999809265137
39.956470489,77.0999984741211,-6.199999809265137
40.105884552,77.0999984741211,-6.199999809265137
40.255298614,77.0999984741211,-6.199999809265137
40.454517364,77.0999984741211,-6.199999809265137
40.603931427,77.0999984741211,-6.199999809265137
40.803150177,77.0999984741211,-6.199999809265137
40.952564239,77.0999984741211,-6.199999809265137
41.101978302,77.0999984741211,-6.199999809265137
41.251392364,77.0999984741211,-6.199999809265137
41.400806427,77.0999984741211,-6.199999809265137
41.600025177,77.0999984741211,-6.199999809265137
41.749439239,77.0999984741211,-6.199999809265137
41.915454864,77.0999984741211,-6.199999809265137
42.064868927,77.0999984741211,-6.199999809265137
42.214282989,77.0999984741211,-6.199999809265137
42.413501739,77.0999984741211,-6.199999809265137
42.562915802,77.0999984741211,-6.199999809265137
42.712329864,77.0999984741211,-6.199999809265137
42.911548614,77.0999984741211,-6.199999809265137
43.060962677,77.0999984741211,-6.199999809265137
43.210376739,77.0999984741211,-6.199999809265137
43.376392364,77.0999984741211,-6.199999809265137
43.575611114,77.0999984741211,-6.199999809265137
43.725025177,77.0999984741211,-6.199999809265137
43.874439239,77.0999984741211,-6.199999809265137
44.023853302,77.0999984741211,-6.199999809265137
44.223072052,77.0999984741211,-6.199999809265137
44.372486114,77.0999984741211,-6.199999809265137
44.521900177,77.0999984741211,-6.199999809265137
44.721118927,77.0999984741211,-6.199999809265137
44.870532989,77.0999984741211,-6.199999809265137
45.036548614,77.0999984741211,-6.199999809265137
45.185962677,77.0999984741211,-6.199999809265137
45.335376739,77.0999984741211,-6.199999809265137
45.534595489,77.0999984741211,-6.199999809265137
45.684009552,77.0999984741211,-6.199999809265137
45.833423614,77.0999984741211,-6.199999809265137
45.982837677,77.0999984741211,-6.199999809265137
46.182056427,77.0999984741211,-6.199999809265137
46.331470489,77.0999984741211,-6.199999809265137
46.480884552,77.0999984741211,-6.199999809265137
46.630298614,77.0999984741211,-6.199999809265137
46.796314239,77.0999984741211,-6.199999809265137
46.995532989,77.0999984741211,-6.199999809265137
47.144947052,77.0999984741211,-6.199999809265137
47.294361114,77.0999984741211,-6.199999809265137
47.493579864,77.0999984741211,-6.199999809265137
47.642993927,77.0999984741211,-6.199999809265137
47.792407989,77.0999984741211,-6.199999809265137
47.991626739,77.0999984741211,-6.199999809265137
48.141040802,77.0999984741211,-6.199999809265137
48.290454864,77.0999984741211,-6.199999809265137
48.456470489,77.0999984741211,-6.199999809265137
48.605884552,77.0999984741211,-6.199999809265137
48.805103302,77.0999984741211,-6.199999809265137
48.954517364,77.0999984741211,-6.199999809265137
49.103931427,77.0999984741211,-6.199999809265137
49.253345489,77.0999984741211,-6.199999809265137
49.452564239,77.0999984741211,-6.199999809265137
49.601978302,77.0999984741211,-6.199999809265137
49.751392364,77.0999984741211,-6.199999809265137
49.900806427,77.0999984741211,-6.199999809265137
50.100025177,77.0999984741211,-6.199999809265137
50.266040802,77.0999984741211,-6.199999809265137
50.415454864,77.0999984741211,-6.199999809265137
50.564868927,77.0999984741211,-6.199999809265137
50.714282989,77.0999984741211,-6.199999809265137
50.913501739,77.0999984741211,-6.199999809265137
51.062915802,77.0999984741211,-6.199999809265137
51.212329864,77.0999984741211,-6.199999809265137
51.361743927,77.0999984741211,-6.199999809265137
51.511157989,77.0999984741211,-6.199999809265137
51.710376739,77.0999984741211,-6.199999809265137
51.876392364,77.0999984741211,-6.199999809265137
52.025806427,77.0999984741211,-6.199999809265137
52.175220489,77.0999984741211,-6.199999809265137
52.324634552,77.0999984741211,-6.199999809265137
52.523853302,77.0999984741211,-6.199999809265137
52.673267364,77.0999984741211,-6.199999809265137
52.822681427,77.0999984741211,-6.199999809265137
52.972095489,77.0999984741211,-6.199999809265137
53.171314239,77.0999984741211,-6.199999809265137
53.320728302,76.9615249633789,-6.235808372497559
53.519947052,76.74840545654297,-6.18491268157959
53.735767364,76.56327819824219,-5.982172966003418
53.934986114,76.48934173583984,-5.7421135902404785
54.134204864,76.42841339111328,-5.496580123901367
54.333423614,76.31103515625,-5.268626689910889
54.532642364,76.13982391357422,-5.073539733886719
54.731861114,76.09912872314453,-5.035067081451416
54.831470489,76.07121276855469,-5.008558750152588
55.030689239,75.94515228271484,-4.873239040374756
55.229907989,75.94449615478516,-4.872485160827637
55.445728302,75.94449615478516,-4.872485160827637
55.644947052,75.94449615478516,-4.872485160827637
55.844165802,75.94449615478516,-4.872485160827637
55.993579864,75.94449615478516,-4.872485160827637
56.192798614,75.84651947021484,-4.867032527923584
56.392017364,75.61974334716797,-4.970981121063232
56.591236114,75.48380279541016,-5.1844377517700195
56.740650177,75.4420166015625,-5.387463569641113
56.890064239,75.44453430175781,-5.569339275360107
57.056079864,75.45857238769531,-5.776864051818848
57.205493927,75.46185302734375,-5.982020378112793
57.404712677,75.42595672607422,-6.236270904541016
57.554126739,75.37178039550781,-6.40844202041626
57.703540802,75.28532409667969,-6.597512722015381
57.902759552,75.15657806396484,-6.823320388793945
58.052173614,75.06305694580078,-6.976259708404541
58.251392364,74.92832946777344,-7.1986308097839355
58.400806427,74.82801055908203,-7.372981071472168
58.600025177,74.70841217041016,-7.594540119171143
58.766040802,74.61393737792969,-7.779839038848877
58.915454864,74.53365325927734,-7.943173408508301
59.114673614,74.41707611083984,-8.170965194702148
59.264087677,74.3273696899414,-8.351012229919434
59.463306427,74.21583557128906,-8.581315994262695
59.612720489,74.13599395751953,-8.744864463806152
59.762134552,74.04961395263672,-8.925015449523926
59.961353302,74.0389633178711,-8.946818351745605
60.110767364,74.00746154785156,-9.014878273010254
60.309986114,73.94416809082031,-9.2629976272583
60.476001739,73.94941711425781,-9.466534614562988
60.625415802,73.98867797851562,-9.669231414794922
60.774829864,74.0403060913086,-9.836568832397461
60.924243927,74.10685729980469,-10.027843475341797
61.123462677,74.18597412109375,-10.274062156677246
61.272876739,74.233154296875,-10.4498291015625
61.422290802,74.27931213378906,-10.64840316772461
61.571704864,74.31031799316406,-10.823567390441895
61.770923614,74.34779357910156,-11.073927879333496
61.870532989,74.36515045166016,-11.19723892211914
62.086353302,74.40499877929688,-11.47076416015625
62.235767364,74.43431854248047,-11.65038776397705
62.434986114,74.48040771484375,-11.90626335144043
62.584400177,74.5194091796875,-12.106391906738281
62.783618927,74.57124328613281,-12.351385116577148
62.933032989,74.60868072509766,-12.522493362426758
63.082447052,74.6490707397461,-12.720952033996582
63.281665802,74.69756317138672,-12.976381301879883
63.431079864,74.73092651367188,-13.155298233032227
63.630298614,74.77888488769531,-13.408040046691895
63.796314239,74.81749725341797,-13.608244895935059
63.995532989,74.86693572998047,-13.85792064666748
64.144943237,74.90914916992188,-14.061592102050781
64.344161987,74.95975494384766,-14.313824653625488
64.493576049,74.9938735961914,-14.489809036254883
64.642990112,75.03211975097656,-14.692867279052734
64.842208862,75.07941436767578,-14.945741653442383
64.991622924,75.11138916015625,-15.124906539916992
65.190841674,75.15864562988281,-15.377786636352539
65.340255737,75.19872283935547,-15.576303482055664
65.506271362,75.23792266845703,-15.777788162231445
65.705490112,75.28675842285156,-16.030366897583008
65.854904174,75.32019805908203,-16.209272384643555
66.054122924,75.37016296386719,-16.464433670043945
66.203536987,75.40923309326172,-16.660369873046875
66.352951049,75.4433364868164,-16.83217430114746
66.552169799,75.48896026611328,-17.07421875
66.701583862,75.52763366699219,-17.278594970703125
66.850997924,75.56373596191406,-17.454179763793945
67.050216674,75.61289978027344,-17.70949363708496
67.216232299,75.64978790283203,-17.914196014404297
67.365646362,75.6859359741211,-18.11486053466797
67.515060424,75.71820068359375,-18.288408279418945
67.664474487,75.75401306152344,-18.465076446533203
67.863693237,75.75684356689453,-18.479297637939453
68.062911987,75.75684356689453,-18.479297637939453
68.212326049,75.75684356689453,-18.479297637939453
68.411544799,75.75684356689453,-18.479297637939453
68.560958862,75.77381134033203,-18.578847885131836
68.710372924,75.79070281982422,-18.751781463623047
68.909591674,75.8046875,-19.001800537109375
69.075607299,75.81270599365234,-19.205533981323242
69.225021362,75.82579040527344,-19.41311264038086
69.424240112,75.85926818847656,-19.668102264404297
69.573654174,75.89118957519531,-19.83892250061035
69.723068237,75.9323959350586,-20.037208557128906
69.922286987,75.98564910888672,-20.284696578979492
70.071701049,76.02411651611328,-20.462583541870117
70.221115112,76.06804656982422,-20.6658878326416
70.420333862,76.11897277832031,-20.920839309692383
70.586349487,76.15673828125,-21.117019653320312
70.735763549,76.19097900390625,-21.294368743896484
70.885177612,76.23014831542969,-21.498638153076172
71.084396362,76.2806625366211,-21.753671646118164
71.233810424,76.31446838378906,-21.928319931030273
71.383224487,76.35272216796875,-22.129980087280273
71.582443237,76.40149688720703,-22.3825626373291
71.731857299,76.43608093261719,-22.56123924255371
71.881271362,76.47669982910156,-22.765230178833008
72.030685424,76.51428985595703,-22.94330596923828
72.229904174,76.5635757446289,-23.193008422851562
72.296310424,76.57766723632812,-23.265544891357422
72.445724487,76.61491394042969,-23.461822509765625
72.644943237,76.66423797607422,-23.71708869934082
72.794357299,76.69730377197266,-23.896055221557617
72.943771362,76.73648071289062,-24.100322723388672
73.142990112,76.78804779052734,-24.349565505981445
73.292404174,76.82418823242188,-24.525142669677734
73.441818237,76.86175537109375,-24.722753524780273
73.641036987,76.90979766845703,-24.978269577026367
73.790451049,76.94502258300781,-25.156824111938477
73.956466674,76.98389434814453,-25.361154556274414
74.105880737,77.02169036865234,-25.562902450561523
74.305099487,77.06946563720703,-25.815683364868164
74.454513549,77.1034164428711,-25.994482040405273
74.603927612,77.14398193359375,-26.195690155029297
74.803146362,77.19483184814453,-26.445077896118164
74.952560424,77.2305908203125,-26.616544723510742
75.101974487,77.27208709716797,-26.81756591796875
75.301193237,77.32213592529297,-27.06711196899414
75.450607299,77.35712432861328,-27.245712280273438
75.600021362,77.39429473876953,-27.450363159179688
75.766036987,77.43112182617188,-27.652294158935547
75.915451049,77.462646484375,-27.827367782592773
76.114669799,77.51051330566406,-28.082914352416992
76.264083862,77.54976654052734,-28.287168502807617
76.463302612,77.6029281616211,-28.538869857788086
76.612716674,77.64010620117188,-28.7142333984375
76.762130737,77.68180847167969,-28.9138126373291
76.961349487,77.73316955566406,-29.164493560791016
77.110763549,77.76696014404297,-29.34332275390625
77.260177612,77.78124237060547,-29.423053741455078
77.475997924,77.78124237060547,-29.423053741455078
77.625411987,77.80204772949219,-29.521865844726562
77.824630737,77.90322875976562,-29.752580642700195
77.974044799,78.0151596069336,-29.8958797454834
78.173263549,78.19625854492188,-30.07254981994629
78.372482299,78.3843994140625,-30.2357234954834
78.521896362,78.53752899169922,-30.37442398071289
78.671310424,78.66545104980469,-30.4980411529541
78.870529174,78.8431396484375,-30.684045791625977
79.036544799,78.98007202148438,-30.840587615966797
79.235763549,79.14239501953125,-31.04192352294922
79.385177612,79.26644134521484,-31.20026969909668
79.584396362,79.41800689697266,-31.399614334106445
79.733810424,79.53033447265625,-31.542814254760742
79.933029174,79.69470977783203,-31.744253158569336
80.082443237,79.81966400146484,-31.900150299072266
80.281661987,79.98003387451172,-32.096038818359375
80.431076049,80.09040832519531,-32.230281829833984
80.630294799,80.25196838378906,-32.4197998046875
80.796310424,80.38978576660156,-32.57559585571289
80.945724487,80.52685546875,-32.7283821105957
81.144943237,80.6960220336914,-32.91672134399414
81.344161987,80.86884307861328,-33.11097717285156
81.493576049,80.99016571044922,-33.24664306640625
81.692794799,81.15472412109375,-33.43358612060547
81.842208862,81.29105377197266,-33.5906867980957
82.041427612,81.46246337890625,-33.78619384765625
82.190841674,81.57923889160156,-33.9185791015625
82.390060424,81.75032806396484,-34.11435317993164
82.556076049,81.88653564453125,-34.27156066894531
82.705490112,82.02322387695312,-34.428321838378906
82.904708862,82.20003509521484,-34.61893844604492
83.054122924,82.31571197509766,-34.74863815307617
83.253341674,82.47818756103516,-34.95150375366211
83.402755737,82.56107330322266,-35.07175064086914
83.601974487,82.56107330322266,-35.07175064086914
83.751388549,82.57041931152344,-35.08525085449219
83.950607299,82.65991973876953,-35.159088134765625
84.149826049,82.90154266357422,-35.21672058105469
84.315841674,83.099853515625,-35.15972137451172
84.515060424,83.28271484375,-34.978973388671875
84.714279174,83.39837646484375,-34.74637222290039
84.913497924,83.52017974853516,-34.528160095214844
85.112716674,83.69914245605469,-34.34639358520508
85.262130737,83.87350463867188,-34.236026763916016
85.461349487,84.10619354248047,-34.12974548339844
85.660568237,84.3474349975586,-34.03285217285156
85.876388549,84.5898666381836,-33.938934326171875
86.025802612,84.77702331542969,-33.858116149902344
86.225021362,85.0077896118164,-33.74442672729492
86.424240112,85.23918914794922,-33.62581253051758
86.623458862,85.46932983398438,-33.50480651855469
86.822677612,85.6985855102539,-33.38213348388672
86.972091674,85.85552978515625,-33.2955322265625
87.171310424,86.08210754394531,-33.17083740234375
87.370529174,86.30659484863281,-33.05088806152344
87.536544799,86.48905181884766,-32.95684814453125
87.735763549,86.72642517089844,-32.85441589355469
87.885177612,86.91824340820312,-32.78950119018555
88.084396362,87.166748046875,-32.71308898925781
88.283615112,87.41547393798828,-32.647666931152344
88.482833862,87.66230773925781,-32.59794235229492
88.682052612,87.9143295288086,-32.54648208618164
88.881271362,88.16093444824219,-32.47343444824219
89.030685424,88.33427429199219,-32.41798400878906
89.229904174,88.58143615722656,-32.346641540527344
89.395919799,88.78177642822266,-32.29610824584961
89.595138549,89.02791595458984,-32.23697280883789
89.694747924,89.08074951171875,-32.225807189941406
89.893966674,89.08074951171875,-32.225807189941406
90.093185424,89.08074951171875,-32.225807189941406
90.242599487,89.08074951171875,-32.225807189941406
90.441818237,89.08206176757812,-32.22620391845703
90.591232299,89.10982513427734,-32.246578216552734
90.790451049,89.2281723022461,-32.44645309448242
90.956466674,89.2414321899414,-32.651390075683594
91.105880737,89.19561767578125,-32.845420837402344
91.305099487,89.10105895996094,-33.081695556640625
91.454513549,89.0320816040039,-33.25009536743164
91.653732299,88.95231628417969,-33.497467041015625
91.803146362,88.90670013427734,-33.694740295410156
91.952560424,88.87396240234375,-33.870994567871094
92.101974487,88.84098815917969,-34.06803512573242
92.251388549,88.81755065917969,-34.24437713623047
92.450607299,88.78278350830078,-34.50065612792969
92.600021362,88.75653839111328,-34.70698928833008
92.766036987,88.72859954833984,-34.908958435058594
92.965255737,88.69584655761719,-35.158599853515625
93.114669799,88.6705551147461,-35.338829040527344
93.264083862,88.64177703857422,-35.54482650756836
93.463302612,88.60852813720703,-35.79578399658203
93.612716674,88.58846282958984,-35.96979904174805
93.762130737,88.56282806396484,-36.167930603027344
93.961349487,88.52852630615234,-36.41598892211914
94.110763549,88.50232696533203,-36.596092224121094
94.309982299,88.466552734375,-36.853614807128906
94.475997924,88.4368896484375,-37.059486389160156
94.625411987,88.40870666503906,-37.264183044433594
94.824630737,88.3708724975586,-37.521419525146484
94.974044799,88.34488677978516,-37.70016860961914
95.123458862,88.31458282470703,-37.89765167236328
95.322677612,88.28065490722656,-38.15266036987305
95.472091674,88.258056640625,-38.32911682128906
95.671310424,88.22854614257812,-38.58742904663086
95.820724487,88.20320892333984,-38.79112243652344
95.970138549,88.18165588378906,-38.969085693359375
96.136154174,88.15674591064453,-39.165931701660156
96.335372924,88.12250518798828,-39.42366409301758
96.484786987,88.09723663330078,-39.63011932373047
96.634201049,88.07400512695312,-39.8078727722168
96.833419799,88.04446411132812,-40.05516052246094
96.982833862,88.04153442382812,-40.079246520996094
97.132247924,88.04153442382812,-40.079246520996094
97.331466674,88.04153442382812,-40.079246520996094
97.480880737,88.04153442382812,-40.079246520996094
97.630294799,88.04153442382812,-40.079246520996094
97.829513549,88.04153442382812,-40.079246520996094
97.995529174,88.04153442382812,-40.079246520996094
98.194747924,88.04153442382812,-40.079246520996094
98.344161987,88.04153442382812,-40.079246520996094
98.543380737,88.04153442382812,-40.079246520996094
98.692794799,88.04153442382812,-40.079246520996094
98.892013549,88.04153442382812,-40.079246520996094
99.041427612,88.04153442382812,-40.079246520996094
99.190841674,88.04153442382812,-40.079246520996094
99.340255737,88.04153442382812,-40.079246520996094
99.506271362,88.04153442382812,-40.079246520996094
99.705490112,88.04153442382812,-40.079246520996094
99.854904174,88.04153442382812,-40.079246520996094
100.054122924,88.04153442382812,-40.079246520996094
100.203536987,88.04153442382812,-40.079246520996094
100.352951049,88.04153442382812,-40.079246520996094
100.552169799,88.04153442382812,-40.079246520996094
100.701583862,88.04153442382812,-40.079246520996094
100.850997924,88.04153442382812,-40.079246520996094
101.050216674,88.04153442382812,-40.079246520996094
101.216232299,88.04153442382812,-40.079246520996094
101.365646362,88.04153442382812,-40.079246520996094
101.564865112,88.04153442382812,-40.079246520996094
101.714279174,88.04153442382812,-40.079246520996094
101.863693237,88.04153442382812,-40.079246520996094
102.062911987,88.04153442382812,-40.079246520996094
102.212326049,88.04153442382812,-40.079246520996094
102.411544799,88.04153442382812,-40.079246520996094
102.560958862,88.04153442382812,-40.079246520996094
102.710372924,88.04153442382812,-40.079246520996094
102.876388549,88.04153442382812,-40.079246520996094
103.075607299,88.04153442382812,-40.079246520996094
103.225021362,88.04153442382812,-40.079246520996094
103.424240112,88.04153442382812,-40.079246520996094
103.573654174,88.04153442382812,-40.079246520996094
103.772872924,88.04153442382812,-40.079246520996094
103.922286987,88.04153442382812,-40.079246520996094
104.071701049,88.04153442382812,-40.079246520996094
104.270919799,88.04153442382812,-40.079246520996094
104.420333862,88.04153442382812,-40.079246520996094
104.586349487,88.04153442382812,-40.079246520996094
104.785568237,88.04153442382812,-40.079246520996094
104.934982299,88.04153442382812,-40.079246520996094
105.084396362,88.04153442382812,-40.079246520996094
105.283615112,88.04153442382812,-40.079246520996094
105.433029174,88.04153442382812,-40.079246520996094
105.582443237,88.04153442382812,-40.079246520996094
105.781661987,88.04153442382812,-40.079246520996094
105.931076049,88.04153442382812,-40.079246520996094
106.080490112,88.04153442382812,-40.079246520996094
106.229904174,88.04153442382812,-40.079246520996094
106.445724487,88.04153442382812,-40.079246520996094
106.595138549,88.04153442382812,-40.079246520996094
106.744552612,88.04153442382812,-40.079246520996094
106.943771362,88.04153442382812,-40.079246520996094
107.093185424,88.04153442382812,-40.079246520996094
107.192794799,88.04153442382812,-40.079246520996094
107.342208862,88.04153442382812,-40.079246520996094
107.491622924,88.04153442382812,-40.079246520996094
107.690841674,88.04153442382812,-40.079246520996094
107.840255737,88.04153442382812,-40.079246520996094
108.006271362,88.04153442382812,-40.079246520996094
108.205490112,88.04153442382812,-40.079246520996094
108.354904174,88.04153442382812,-40.079246520996094
108.554122924,88.04153442382812,-40.079246520996094
108.703536987,88.04153442382812,-40.079246520996094
108.852951049,88.04153442382812,-40.079246520996094
109.052169799,88.04153442382812,-40.079246520996094
109.201583862,88.04153442382812,-40.079246520996094
109.400802612,88.04153442382812,-40.079246520996094
109.550216674,88.04153442382812,-40.079246520996094
109.716232299,88.04153442382812,-40.079246520996094
109.865646362,88.04153442382812,-40.079246520996094
110.064865112,88.04153442382812,-40.079246520996094
110.214279174,88.04153442382812,-40.079246520996094
110.413497924,88.04153442382812,-40.079246520996094
110.562911987,88.04153442382812,-40.079246520996094
110.762130737,88.04153442382812,-40.079246520996094
110.961349487,88.04153442382812,-40.079246520996094
111.110763549,88.04153442382812,-40.079246520996094
111.309982299,88.04153442382812,-40.079246520996094
111.475997924,88.04153442382812,-40.079246520996094
111.675216674,88.04153442382812,-40.079246520996094
111.824630737,88.04153442382812,-40.079246520996094
112.023849487,88.04153442382812,-40.079246520996094
112.223068237,88.04153442382812,-40.079246520996094
112.372482299,88.04153442382812,-40.079246520996094
112.571701049,88.04153442382812,-40.079246520996094
112.721115112,88.04153442382812,-40.079246520996094
112.920333862,88.04153442382812,-40.079246520996094
113.086349487,88.04153442382812,-40.079246520996094
113.235763549,88.04153442382812,-40.079246520996094
113.434982299,88.04153442382812,-40.079246520996094
113.584396362,88.04153442382812,-40.079246520996094
113.783615112,88.04153442382812,-40.079246520996094
113.933029174,88.04153442382812,-40.079246520996094
114.132247924,88.04153442382812,-40.079246520996094
114.281661987,88.04153442382812,-40.079246520996094
114.431076049,88.04153442382812,-40.079246520996094
114.630294799,88.04153442382812,-40.079246520996094
114.796310424,87.95118713378906,-40.004695892333984
114.995529174,87.84757995605469,-39.78202819824219
115.194747924,87.86579895019531,-39.532501220703125
115.393966674,87.93907928466797,-39.285972595214844
115.593185424,88.01567840576172,-39.037567138671875
115.792404174,88.06324768066406,-38.787784576416016
115.941818237,88.06903076171875,-38.58420181274414
116.141036987,88.0316162109375,-38.335758209228516
116.340255737,87.93218231201172,-38.10667037963867
116.506271362,87.8167953491211,-37.94559860229492
116.705490112,87.63007354736328,-37.76703643798828
116.904708862,87.42070770263672,-37.613037109375
117.054122924,87.26806640625,-37.513885498046875
117.253341674,87.05684661865234,-37.374412536621094
117.452560424,86.84776306152344,-37.224552154541016
117.601974487,86.68434143066406,-37.09589767456055
117.801193237,86.49139404296875,-36.93843460083008
117.950607299,86.3543472290039,-36.827178955078125
118.149826049,86.15424346923828,-36.66118240356445
118.365646362,85.93807220458984,-36.47392272949219
118.515060424,85.80191802978516,-36.3531608581543
118.714279174,85.61201477050781,-36.18783187866211
118.913497924,85.41492462158203,-36.02033996582031
119.062911987,85.2594985961914,-35.88836669921875
119.262130737,85.0584487915039,-35.725704193115234
119.461349487,84.85273742675781,-35.5689582824707
119.610763549,84.70806121826172,-35.45854568481445
119.809982299,84.5103988647461,-35.30258560180664
119.975997924,84.35118865966797,-35.17741012573242
120.175216674,84.14856719970703,-35.01448059082031
120.374435424,83.94583892822266,-34.85169219970703
120.573654174,83.74295806884766,-34.68909454345703
120.723068237,83.58063507080078,-34.55903625488281
120.922286987,83.3786849975586,-34.3952751159668
121.121505737,83.17864990234375,-34.22917175292969
121.320724487,82.97911834716797,-34.0667610168457
121.470138549,82.83981323242188,-33.95392990112305
121.685958862,82.61945343017578,-33.77593231201172
121.885177612,82.41858673095703,-33.61520004272461
122.034591674,82.27456665039062,-33.50392532348633
122.233810424,82.07295989990234,-33.35082244873047
122.433029174,81.86738586425781,-33.1916389465332
122.582443237,81.70352935791016,-33.06801986694336
122.781661987,81.50115966796875,-32.911399841308594
122.980880737,81.29647064208984,-32.75331115722656
123.180099487,81.092529296875,-32.596500396728516
123.346115112,80.9280776977539,-32.46915817260742
123.545333862,80.72346496582031,-32.30875015258789
123.744552612,80.51709747314453,-32.15060806274414
123.893966674,80.37290954589844,-32.04409408569336
124.093185424,80.1737289428711,-31.89459991455078
124.292404174,79.98196411132812,-31.719682693481445
124.491622924,79.84599304199219,-31.499509811401367
124.591232299,79.80577850341797,-31.375967025756836
124.740646362,79.76612091064453,-31.171873092651367
124.956466674,79.74039459228516,-30.924230575561523
125.155685424,79.72694396972656,-30.674182891845703
125.354904174,79.70851135253906,-30.414888381958008
125.554122924,79.6700439453125,-30.157846450805664
125.703536987,79.62187194824219,-29.955549240112305
125.902755737,79.54515838623047,-29.70857810974121
126.101974487,79.46693420410156,-29.467817306518555
126.301193237,79.3956069946289,-29.229206085205078
126.500411987,79.33009338378906,-28.984678268432617
126.699630737,79.27561950683594,-28.765560150146484
126.865646362,79.22123718261719,-28.54783058166504
127.064865112,79.1591796875,-28.299579620361328
127.214279174,79.11466217041016,-28.127349853515625
127.413497924,79.04064178466797,-27.87810516357422
127.612716674,78.97042846679688,-27.627769470214844
127.762130737,78.91910552978516,-27.434680938720703
127.961349487,78.85273742675781,-27.19038200378418
128.160568237,78.78611755371094,-26.947566986083984
128.376388549,78.7203369140625,-26.70594596862793
128.575607299,78.65486907958984,-26.454330444335938
128.774826049,78.59032440185547,-26.20671272277832
128.924240112,78.53564453125,-26.00603485107422
129.123458862,78.4644775390625,-25.755962371826172
129.322677612,78.39575958251953,-25.50946617126465
129.521896362,78.32661437988281,-25.265933990478516
129.721115112,78.25904846191406,-25.029069900512695
129.920333862,78.19104766845703,-24.788063049316406
130.086349487,78.13816833496094,-24.593982696533203
130.285568237,78.07112121582031,-24.34561538696289
130.484786987,78.0045394897461,-24.09429359436035
130.684005737,77.9367904663086,-23.843286514282227
130.883224487,77.8663330078125,-23.593015670776367
131.082443237,77.79342651367188,-23.349153518676758
131.281661987,77.72105407714844,-23.105133056640625
131.480880737,77.653076171875,-22.86837387084961
131.630294799,77.60567474365234,-22.699752807617188
131.846115112,77.53064727783203,-22.423770904541016
132.045333862,77.46216583251953,-22.17295265197754
132.244552612,77.39368438720703,-21.92214012145996
132.393966674,77.34294128417969,-21.747356414794922
132.593185424,77.27002716064453,-21.502073287963867
132.792404174,77.1959457397461,-21.252859115600586
132.991622924,77.12611389160156,-21.010955810546875
133.190841674,77.05803680419922,-20.7685489654541
133.390060424,76.98644256591797,-20.525728225708008
133.556076049,76.95347595214844,-20.409826278686523
133.755294799,76.95347595214844,-20.409826278686523
133.954513549,76.95347595214844,-20.409826278686523
134.153732299,76.95347595214844,-20.409826278686523
134.352951049,76.95347595214844,-20.409826278686523
134.552169799,76.9371109008789,-20.349510192871094
134.751388549,76.88443756103516,-20.097036361694336
134.950607299,76.84490966796875,-19.84006690979004
135.149826049,76.80914306640625,-19.588064193725586
135.315841674,76.77531433105469,-19.385635375976562
135.515060424,76.71593475341797,-19.135347366333008
135.714279174,76.64790344238281,-18.887250900268555
135.913497924,76.5767822265625,-18.641435623168945
136.112716674,76.50540924072266,-18.398544311523438
136.311935424,76.43510437011719,-18.148231506347656
136.511154174,76.36421966552734,-17.900924682617188
136.710372924,76.29424285888672,-17.6547908782959
136.876388549,76.23857116699219,-17.455801010131836
137.075607299,76.16918182373047,-17.212337493896484
137.274826049,76.09751892089844,-16.966684341430664
137.424240112,76.0376968383789,-16.767473220825195
137.623458862,75.96284484863281,-16.519914627075195
137.822677612,75.88427734375,-16.27206039428711
138.021896362,75.80419158935547,-16.026142120361328
138.221115112,75.72859191894531,-15.791720390319824
138.420333862,75.65404510498047,-15.546923637390137
138.636154174,75.5815200805664,-15.30580997467041
138.835372924,75.50980377197266,-15.057328224182129
138.984786987,75.45329284667969,-14.857151985168457
139.184005737,75.38409423828125,-14.60653305053711
139.383224487,75.3135757446289,-14.356287002563477
139.582443237,75.23697662353516,-14.107833862304688
139.781661987,75.15900421142578,-13.862667083740234
139.980880737,75.0828628540039,-13.625536918640137
140.180099487,75.00910949707031,-13.39052677154541
140.395919799,74.93869018554688,-13.148796081542969
140.595138549,74.86394500732422,-12.905501365661621
140.794357299,74.78644561767578,-12.663068771362305
140.993576049,74.70616912841797,-12.418649673461914
141.192794799,74.62926483154297,-12.17028522491455
141.392013549,74.55659484863281,-11.920652389526367
141.591232299,74.4856948852539,-11.674776077270508
141.740646362,74.42752075195312,-11.475076675415039
141.956466674,74.35397338867188,-11.225693702697754
142.056076049,74.31658935546875,-11.105477333068848
142.255294799,74.23725128173828,-10.8665132522583
142.454513549,74.15830993652344,-10.627424240112305
142.653732299,74.07965087890625,-10.382484436035156
142.803146362,74.01399993896484,-10.188009262084961
143.002365112,73.92668151855469,-9.963662147521973
143.201583862,73.79026794433594,-9.74327278137207
143.400802612,73.60077667236328,-9.572555541992188
143.600021362,73.36897277832031,-9.456055641174316
143.766036987,73.17340087890625,-9.39407730102539
143.965255737,72.92443084716797,-9.33498764038086
144.114669799,72.75077819824219,-9.296310424804688
144.313888549,72.50083923339844,-9.235383987426758
144.513107299,72.25735473632812,-9.171265602111816
144.712326049,72.01533508300781,-9.106955528259277
144.861740112,71.8148193359375,-9.057154655456543
145.060958862,71.55838012695312,-9.014850616455078
145.260177612,71.30183410644531,-8.997054100036621
145.426193237,71.09931945800781,-8.997459411621094
145.625411987,70.8407211303711,-8.99350357055664
145.774826049,70.65894317626953,-8.984871864318848
145.974044799,70.40825653076172,-8.96144962310791
146.173263549,70.15799713134766,-8.93384075164795
146.322677612,69.95260620117188,-8.91127872467041
146.521896362,69.69348907470703,-8.890119552612305
146.671310424,69.51445007324219,-8.88129711151123
146.870529174,69.2613296508789,-8.884187698364258
147.036544799,69.05611419677734,-8.889156341552734
147.235763549,68.79891204833984,-8.895383834838867
147.385177612,68.59915161132812,-8.898575782775879
147.584396362,68.3446044921875,-8.899117469787598
147.733810424,68.16259765625,-8.899504661560059
147.933029174,67.902587890625,-8.900057792663574
148.132247924,67.64940643310547,-8.900596618652344
148.281661987,67.44549560546875,-8.901030540466309
148.480880737,67.18685150146484,-8.901580810546875
148.680099487,66.92957305908203,-8.902128219604492
148.829513549,66.75439453125,-8.902501106262207
149.045333862,66.47794342041016,-8.90308952331543
149.194747924,66.29593658447266,-8.902656555175781
149.393966674,66.03604888916016,-8.895418167114258
149.543380737,65.83384704589844,-8.884034156799316
149.742599487,65.57726287841797,-8.865280151367188
149.941818237,65.31739807128906,-8.864766120910645
150.141036987,65.05968475341797,-8.897603988647461
150.290451049,64.8890151977539,-8.936853408813477
150.456466674,64.6925048828125,-8.99606704711914
150.655685424,64.44634246826172,-9.079750061035156
150.805099487,64.25218963623047,-9.146381378173828
151.004318237,64.00408172607422,-9.2240571975708
151.153732299,63.83097839355469,-9.275659561157227
151.352951049,63.583763122558594,-9.35606575012207
151.502365112,63.38922119140625,-9.429681777954102
151.701583862,63.146610260009766,-9.523157119750977
151.850997924,62.9741096496582,-9.581072807312012
152.050216674,62.72705841064453,-9.641825675964355
152.216232299,62.53694534301758,-9.664466857910156
152.415451049,62.28254318237305,-9.668465614318848
152.614669799,62.022796630859375,-9.657129287719727
152.764083862,61.822105407714844,-9.643449783325195
152.963302612,61.575035095214844,-9.626015663146973
153.162521362,61.322242736816406,-9.612600326538086
153.361740112,61.06231689453125,-9.607002258300781
153.511154174,60.88031005859375,-9.606241226196289
153.710372924,60.62440872192383,-9.605171203613281
153.926193237,60.345245361328125,-9.60400390625
154.075607299,60.264244079589844,-9.603666305541992
154.274826049,60.264244079589844,-9.603666305541992
154.374435424,60.264244079589844,-9.603666305541992
154.573654174,60.264244079589844,-9.603666305541992
154.723068237,60.264244079589844,-9.603666305541992
154.922286987,60.20211410522461,-9.603055953979492
155.121505737,59.94908905029297,-9.595207214355469
155.270919799,59.77286911010742,-9.584981918334961
155.420333862,59.56534957885742,-9.57099723815918
155.636154174,59.305721282958984,-9.55720329284668
155.835372924,59.049903869628906,-9.551441192626953
155.984786987,58.84192657470703,-9.548603057861328
156.184005737,58.58332443237305,-9.545074462890625
156.383224487,58.330162048339844,-9.545527458190918
156.532638549,58.15089416503906,-9.547039985656738
156.731857299,57.89088439941406,-9.549233436584473
156.931076049,57.63361358642578,-9.551403999328613
157.080490112,57.436561584472656,-9.553067207336426
157.296310424,57.182029724121094,-9.555214881896973
157.445724487,56.974021911621094,-9.55696964263916
157.644943237,56.71812057495117,-9.559128761291504
157.844161987,56.46632766723633,-9.561253547668457
157.993576049,56.28705978393555,-9.562766075134277
158.192794799,56.02705383300781,-9.563237190246582
158.392013549,55.77117919921875,-9.560552597045898
158.541427612,55.56866455078125,-9.558427810668945
158.740646362,55.311424255371094,-9.555728912353516
158.890060424,55.12944412231445,-9.55381965637207
159.105880737,54.847572326660156,-9.550862312316895
159.305099487,54.59033203125,-9.548163414001465
159.504318237,54.330360412597656,-9.545435905456543
159.653732299,54.1511116027832,-9.543633460998535
159.852951049,53.89521789550781,-9.545368194580078
160.052169799,53.63524627685547,-9.548381805419922
160.251388549,53.37664031982422,-9.551379203796387
160.450607299,53.123497009277344,-9.554311752319336
160.649826049,52.868988037109375,-9.557260513305664
160.815841674,52.6610107421875,-9.559671401977539
161.015060424,52.407867431640625,-9.562372207641602
161.164474487,52.20261001586914,-9.56102180480957
161.363693237,51.9426383972168,-9.558294296264648
161.562911987,51.68403244018555,-9.555581092834473
161.762130737,51.432254791259766,-9.552939414978027
161.961349487,51.180477142333984,-9.550297737121582
162.160568237,50.92050552368164,-9.54757022857666
162.309982299,50.738525390625,-9.545660972595215
162.525802612,50.463478088378906,-9.543254852294922
162.725021362,50.203495025634766,-9.546268463134766
162.924240112,49.94626235961914,-9.55006217956543
163.123458862,49.69450759887695,-9.553775787353516
163.322677612,49.444122314453125,-9.557469367980957
163.472091674,49.262142181396484,-9.560153007507324
163.671310424,49.00214767456055,-9.561690330505371
163.870529174,48.747615814208984,-9.55982494354248
164.086349487,48.46845245361328,-9.557779312133789
164.235763549,48.28644561767578,-9.55644416809082
164.434982299,48.03054428100586,-9.55456829071045
164.584396362,47.82664489746094,-9.55307388305664
164.783615112,47.570743560791016,-9.55119800567627
164.982833862,47.310733795166016,-9.549290657043457
165.182052612,47.053462982177734,-9.547404289245605
165.381271362,46.80440902709961,-9.545580863952637
165.530685424,46.62240219116211,-9.544245719909668
165.729904174,46.36239242553711,-9.542420387268066
165.945724487,46.083251953125,-9.545332908630371
166.144943237,45.823280334472656,-9.549166679382324
166.344161987,45.56330871582031,-9.553000450134277
166.493576049,45.38680648803711,-9.555603981018066
166.692794799,45.137794494628906,-9.559510231018066
166.892013549,44.885414123535156,-9.578387260437012
167.091232299,44.626651763916016,-9.60367202758789
167.290451049,44.37270736694336,-9.620713233947754
167.456466674,44.17306900024414,-9.6283597946167
167.655685424,43.91856002807617,-9.63085651397705
167.854904174,43.65862274169922,-9.625504493713379
168.054122924,43.406944274902344,-9.618096351623535
168.253341674,43.15121078491211,-9.623944282531738
168.452560424,42.896602630615234,-9.659598350524902
168.651779174,42.64409637451172,-9.72130298614502
168.801193237,42.44358825683594,-9.776599884033203
169.000411987,42.197906494140625,-9.837543487548828
169.216232299,41.95082092285156,-9.877724647521973
169.365646362,41.749168395996094,-9.896484375
169.564865112,41.489707946777344,-9.913021087646484
169.764083862,41.235328674316406,-9.921207427978516
169.963302612,40.98080825805664,-9.92142105102539
170.162521362,40.7208366394043,-9.918693542480469
170.311935424,40.538856506347656,-9.916784286499023
170.511154174,40.2816162109375,-9.914085388183594
170.710372924,40.024375915527344,-9.911386489868164
170.876388549,39.81639862060547,-9.909204483032227
171.075607299,39.560523986816406,-9.906519889831543
171.274826049,39.304649353027344,-9.90383529663086
171.474044799,39.0529899597168,-9.909192085266113
171.673263549,38.79444885253906,-9.936185836791992
171.822677612,38.593902587890625,-9.964391708374023
171.922286987,38.465843200683594,-9.986701965332031
172.121505737,38.22218322753906,-10.049464225769043
172.320724487,37.99082946777344,-10.157235145568848
172.519943237,37.81462097167969,-10.304056167602539
172.685958862,37.665313720703125,-10.482197761535645
172.885177612,37.51632308959961,-10.69526481628418
173.034591674,37.41339874267578,-10.845364570617676
173.233810424,37.26769256591797,-11.055716514587402
173.383224487,37.15353012084961,-11.224655151367188
173.582443237,37.02584457397461,-11.441455841064453
173.731857299,36.955894470214844,-11.604925155639648
173.881271362,36.89875030517578,-11.800481796264648
174.080490112,36.87162780761719,-12.053192138671875
174.229904174,36.87779998779297,-12.234996795654297
174.395919799,36.888973236083984,-12.328819274902344
174.545333862,36.888973236083984,-12.328819274902344
174.694747924,36.888973236083984,-12.328819274902344
174.893966674,36.888973236083984,-12.328819274902344
175.043380737,36.888973236083984,-12.328819274902344
175.192794799,36.901275634765625,-12.4269380569458
175.342208862,36.915283203125,-12.628946304321289
175.541427612,36.92253875732422,-12.880621910095215
175.690841674,36.92288589477539,-13.057144165039062
175.840255737,36.92135238647461,-13.262399673461914
176.006271362,36.926692962646484,-13.470281600952148
176.205490112,36.94825744628906,-13.71976375579834
176.354904174,36.96296691894531,-13.894299507141113
176.504318237,36.978172302246094,-14.097617149353027
176.653732299,36.997371673583984,-14.278604507446289
176.852951049,37.021240234375,-14.537497520446777
177.002365112,37.038230895996094,-14.74341869354248
177.151779174,37.05754852294922,-14.920259475708008
177.350997924,37.08223342895508,-15.179075241088867
177.500411987,37.0971565246582,-15.38653564453125
177.649826049,37.1161994934082,-15.564770698547363
177.849044799,37.142173767089844,-15.812455177307129
177.948654174,37.15235900878906,-15.937935829162598
178.114669799,37.166683197021484,-16.135835647583008
178.313888549,37.19021987915039,-16.39476776123047
178.463302612,37.20479965209961,-16.594018936157227
178.612716674,37.21351623535156,-16.77032470703125
178.762130737,37.2246208190918,-16.972537994384766
178.911544799,37.23970413208008,-17.15253448486328
179.060958862,37.25667190551758,-17.35983657836914
179.260177612,37.271705627441406,-17.619394302368164
179.409591674,37.2844352722168,-17.79818344116211
179.575607299,37.30793762207031,-18.00071907043457
179.725021362,37.328338623046875,-18.207712173461914
179.874435424,37.34148025512695,-18.383745193481445
180.023849487,37.354164123535156,-18.58587074279785
180.173263549,37.36819839477539,-18.761838912963867
180.372482299,37.38470458984375,-19.021305084228516
180.521896362,37.39201354980469,-19.229171752929688
180.671310424,37.3982048034668,-19.409677505493164
180.820724487,37.415992736816406,-19.61003875732422
180.970138549,37.43220138549805,-19.789939880371094
181.136154174,37.44606018066406,-19.997472763061523
181.335372924,37.45640563964844,-20.249042510986328
181.484786987,37.47068786621094,-20.455163955688477
181.634201049,37.487518310546875,-20.635013580322266
181.783615112,37.504051208496094,-20.842350006103516
181.933029174,37.514060974121094,-21.021331787109375
182.082443237,37.5207405090332,-21.223743438720703
182.281661987,37.53752136230469,-21.473520278930664
182.431076049,37.55574035644531,-21.651853561401367
182.580490112,37.57227325439453,-21.859189987182617
182.729904174,37.58237838745117,-22.039535522460938
182.895919799,37.58893585205078,-22.243318557739258
183.095138549,37.59966278076172,-22.49349594116211
183.244552612,37.61260223388672,-22.701091766357422
183.393966674,37.623924255371094,-22.88273811340332
183.593185424,37.63496780395508,-23.12879753112793
183.742599487,37.64101791381836,-23.33395767211914
183.892013549,37.65442657470703,-23.514083862304688
184.091232299,37.67597579956055,-23.773183822631836
184.240646362,37.68769073486328,-23.975366592407227
184.390060424,37.693565368652344,-24.147686004638672
184.556076049,37.6999397277832,-24.355566024780273
184.705490112,37.71775436401367,-24.554548263549805
184.904708862,37.74032211303711,-24.80806541442871
185.054122924,37.75139236450195,-24.984241485595703
185.253341674,37.760231018066406,-25.230388641357422
185.402755737,37.762264251708984,-25.4370059967041
185.552169799,37.76333236694336,-25.618999481201172
185.701583862,37.76340866088867,-25.82699203491211
185.900802612,37.761722564697266,-26.078777313232422
186.050216674,37.760528564453125,-26.256668090820312
186.216232299,37.75917053222656,-26.459190368652344
186.365646362,37.75776672363281,-26.66718292236328
186.564865112,37.757511138916016,-26.913484573364258
186.714279174,37.76750564575195,-27.089704513549805
186.863693237,37.783870697021484,-27.291566848754883
187.013107299,37.79834747314453,-27.471614837646484
187.212326049,37.80357360839844,-27.73150634765625
187.361740112,37.79998779296875,-27.935365676879883
187.511154174,37.793861389160156,-28.107675552368164
187.710372924,37.781253814697266,-28.361886978149414
187.876388549,37.7714958190918,-28.56828498840332
188.025802612,37.774200439453125,-28.776199340820312
188.175216674,37.7929573059082,-28.957183837890625
188.374435424,37.8379020690918,-29.203514099121094
188.523849487,37.88048553466797,-29.404306411743164
188.723068237,37.93844223022461,-29.657732009887695
188.872482299,37.956092834472656,-29.722885131835938
189.021896362,37.97943115234375,-29.818967819213867
189.221115112,37.97798538208008,-30.069595336914062
189.270919799,37.961917877197266,-30.116140365600586
189.470138549,37.79844665527344,-30.31336784362793
189.685958862,37.53013610839844,-30.404163360595703
189.885177612,37.27045822143555,-30.411008834838867
190.034591674,37.09018325805664,-30.400148391723633
190.233810424,36.83087921142578,-30.381738662719727
190.383224487,36.62602615356445,-30.391389846801758
190.582443237,36.37533950805664,-30.44754981994629
190.781661987,36.13871765136719,-30.540891647338867
190.980880737,35.91121292114258,-30.654964447021484
191.130294799,35.74869155883789,-30.736875534057617
191.329513549,35.52113342285156,-30.847797393798828
191.545333862,35.2598876953125,-30.964078903198242
191.694747924,35.090118408203125,-31.029651641845703
191.893966674,34.845706939697266,-31.118331909179688
192.093185424,34.600345611572266,-31.204307556152344
192.292404174,34.35311508178711,-31.284772872924805
192.491622924,34.10445022583008,-31.360700607299805
192.641036987,33.910091400146484,-31.417638778686523
192.840255737,33.66792678833008,-31.486597061157227
193.056076049,33.419715881347656,-31.554203033447266
193.255294799,33.16731643676758,-31.616605758666992
193.454513549,32.91663360595703,-31.674413681030273
193.653732299,32.66639709472656,-31.734081268310547
193.803146362,32.470558166503906,-31.785667419433594
194.002365112,32.224082946777344,-31.854442596435547
194.201583862,31.973539352416992,-31.923830032348633
194.350997924,31.801395416259766,-31.968692779541016
194.550216674,31.659128189086914,-32.00358200073242
194.766036987,31.659128189086914,-32.00358200073242
194.965255737,31.659128189086914,-32.00358200073242
195.114669799,31.659128189086914,-32.00358200073242
195.313888549,31.659128189086914,-32.00358200073242
195.513107299,31.659128189086914,-32.00358200073242
195.712326049,31.659128189086914,-32.00358200073242
195.911544799,31.64666175842285,-32.03093719482422
196.060958862,31.63599395751953,-32.18521499633789
196.210372924,31.692184448242188,-32.339656829833984
196.376388549,31.835580825805664,-32.48005676269531
196.525802612,32.03029251098633,-32.549583435058594
196.725021362,32.289520263671875,-32.56268310546875
196.874435424,32.47136306762695,-32.55569076538086
197.023849487,32.67841720581055,-32.53617477416992
197.223068237,32.9276123046875,-32.500152587890625
197.372482299,33.10345458984375,-32.48530578613281
197.521896362,33.307273864746094,-32.48563766479492
197.671310424,33.4840087890625,-32.50516891479492
197.820724487,33.68806457519531,-32.54523849487305
198.019943237,33.91324996948242,-32.608604431152344
198.136154174,34.06019592285156,-32.660945892333984
198.335372924,34.301822662353516,-32.74513626098633
198.484786987,34.49242401123047,-32.804996490478516
198.634201049,34.65979766845703,-32.85661697387695
198.783615112,34.84840393066406,-32.91366195678711
198.982833862,35.08558654785156,-32.9800910949707
199.082443237,35.20989990234375,-33.01313781738281
199.231857299,35.3772087097168,-33.06013488769531
199.381271362,35.57124710083008,-33.11316680908203
199.580490112,35.81842803955078,-33.17374801635742
199.729904174,35.997249603271484,-33.20756149291992
199.895919799,36.20073318481445,-33.24346160888672
200.045333862,36.397891998291016,-33.275760650634766
200.194747924,36.57320022583008,-33.305965423583984
200.344161987,36.77216720581055,-33.34373092651367
200.543380737,37.01809310913086,-33.397705078125
200.692794799,37.1895751953125,-33.439613342285156
200.842208862,37.38528060913086,-33.491695404052734
200.991622924,37.556209564208984,-33.54097366333008
201.190841674,37.8062858581543,-33.61211395263672
201.340255737,38.00178527832031,-33.66499328613281
201.506271362,38.199588775634766,-33.71981430053711
201.655685424,38.373470306396484,-33.76873779296875
201.805099487,38.565921783447266,-33.82239532470703
201.954513549,38.7349739074707,-33.86824035644531
202.153732299,38.97703170776367,-33.93242645263672
202.303146362,39.1708984375,-33.986080169677734
202.452560424,39.34011459350586,-34.036338806152344
202.601974487,39.534629821777344,-34.092735290527344
202.751388549,39.69607925415039,-34.139652252197266
202.950607299,39.6989631652832,-34.14048767089844
203.100021362,39.6989631652832,-34.14048767089844
203.266036987,39.6989631652832,-34.14048767089844
203.415451049,39.6989631652832,-34.14048767089844
203.564865112,39.704246520996094,-34.141902923583984
203.764083862,39.70558547973633,-34.14218521118164
203.913497924,39.70558547973633,-34.14218521118164
204.062911987,39.70558547973633,-34.14218521118164
204.212326049,39.70558547973633,-34.14218521118164
204.411544799,39.70500183105469,-34.150333404541016
204.560958862,39.67849349975586,-34.1873779296875
204.760177612,39.46826934814453,-34.31382369995117
204.975997924,39.22360610961914,-34.32026290893555
205.175216674,38.983314514160156,-34.25592041015625
205.374435424,38.74012756347656,-34.17207717895508
205.523849487,38.547119140625,-34.12064743041992
205.723068237,38.30449295043945,-34.079036712646484
205.922286987,38.057281494140625,-34.06534194946289
206.121505737,37.802833557128906,-34.07090377807617
206.320724487,37.543087005615234,-34.0822639465332
206.470138549,37.361263275146484,-34.09019088745117
206.685958862,37.078086853027344,-34.096893310546875
206.785568237,36.94810104370117,-34.098934173583984
206.984786987,36.69221878051758,-34.100955963134766
207.184005737,36.440425872802734,-34.10091781616211
207.383224487,36.18589401245117,-34.10087966918945
207.532638549,36.00662612915039,-34.100852966308594
207.731857299,35.74661636352539,-34.10081481933594
207.931076049,35.49208450317383,-34.10077667236328
208.130294799,35.240291595458984,-34.100738525390625
208.296310424,35.033653259277344,-34.1007080078125
208.495529174,34.77775192260742,-34.100669860839844
208.694747924,34.530067443847656,-34.10063171386719
208.893966674,34.27690505981445,-34.10059356689453
209.093185424,34.01963424682617,-34.100555419921875
209.292404174,33.75962448120117,-34.10051727294922
209.491622924,33.50783157348633,-34.10047912597656
209.690841674,33.253299713134766,-34.100440979003906
209.890060424,32.993289947509766,-34.10040283203125
210.056076049,32.788021087646484,-34.100372314453125
210.255294799,32.5307502746582,-34.10033416748047
210.454513549,32.2707405090332,-34.10029602050781
210.653732299,32.01346969604492,-34.100257873535156
210.852951049,31.764570236206055,-34.10676193237305
211.052169799,31.519466400146484,-34.13100814819336
211.251388549,31.263172149658203,-34.153228759765625
211.450607299,31.003578186035156,-34.16753387451172
211.649826049,30.749135971069336,-34.17357635498047
211.815841674,30.54661750793457,-34.17257308959961
212.015060424,30.28665542602539,-34.17213821411133
212.214279174,30.027278900146484,-34.189720153808594
212.363693237,29.82535171508789,-34.21763610839844
212.562911987,29.57801055908203,-34.271392822265625
212.762130737,29.32819938659668,-34.326847076416016
212.961349487,29.073225021362305,-34.37757873535156
213.160568237,28.827402114868164,-34.407447814941406
213.359786987,28.59748077392578,-34.43218994140625
213.575607299,28.31859016418457,-34.4810791015625
213.725021362,28.11735725402832,-34.53362274169922
213.924240112,27.86741828918457,-34.6052360534668
214.123458862,27.62254524230957,-34.68406295776367
214.322677612,27.377962112426758,-34.754215240478516
214.521896362,27.1308536529541,-34.80910873413086
214.721115112,26.882143020629883,-34.8563117980957
214.870529174,26.706310272216797,-34.891204833984375
215.086349487,26.4282283782959,-34.94509506225586
215.285568237,26.175153732299805,-35.00464630126953
215.484786987,25.9327392578125,-35.06743621826172
215.684005737,25.69220733642578,-35.13201904296875
215.883224487,25.449790954589844,-35.19480514526367
216.082443237,25.19992446899414,-35.256019592285156
216.281661987,24.944303512573242,-35.303035736083984
216.431076049,24.763896942138672,-35.32705307006836
216.630294799,24.51351547241211,-35.353553771972656
216.846115112,24.23919677734375,-35.37345886230469
217.045333862,23.980810165405273,-35.384578704833984
217.194747924,23.799039840698242,-35.393653869628906
217.393966674,23.547922134399414,-35.41133499145508
217.593185424,23.295377731323242,-35.4520149230957
217.792404174,23.043140411376953,-35.51490783691406
217.991622924,22.79239845275879,-35.583683013916016
218.190841674,22.539567947387695,-35.644020080566406
218.390060424,22.289934158325195,-35.686038970947266
218.556076049,22.091703414916992,-35.720211029052734
218.755294799,21.841960906982422,-35.769264221191406
218.954513549,21.58846092224121,-35.820472717285156
219.153732299,21.335880279541016,-35.861480712890625
219.352951049,21.087488174438477,-35.91032028198242
219.502365112,20.885629653930664,-35.94747543334961
219.701583862,20.630985260009766,-35.98406219482422
219.900802612,20.37276268005371,-36.01438522338867
220.100021362,20.122495651245117,-36.0421028137207
220.315841674,19.875890731811523,-36.0650634765625
220.515060424,19.6235294342041,-36.085079193115234
220.714279174,19.36618995666504,-36.11086654663086
220.913497924,19.113412857055664,-36.140262603759766
221.112716674,18.86269187927246,-36.191104888916016
221.311935424,18.612390518188477,-36.244178771972656
221.461349487,18.406444549560547,-36.27308654785156
221.660568237,18.151823043823242,-36.29848098754883
221.876388549,17.900623321533203,-36.31553649902344
222.075607299,17.646270751953125,-36.32468795776367
222.225021362,17.43828773498535,-36.327049255371094
222.424240112,17.182859420776367,-36.34172058105469
222.623458862,16.931760787963867,-36.36033630371094
222.822677612,16.678760528564453,-36.38732147216797
223.021896362,16.42623519897461,-36.436248779296875
223.221115112,16.171443939208984,-36.48796081542969
223.420333862,15.919604301452637,-36.5333137512207
223.586349487,15.813509941101074,-36.55351257324219
223.785568237,15.813509941101074,-36.55351257324219
223.984786987,15.813509941101074,-36.55351257324219
224.134201049,15.813509941101074,-36.55351257324219
224.333419799,15.813509941101074,-36.55351257324219
224.532638549,15.676301002502441,-36.57867431640625
224.731857299,15.423225402832031,-36.62476348876953
224.931076049,15.171104431152344,-36.68815231323242
225.130294799,14.922236442565918,-36.763404846191406
225.296310424,14.724166870117188,-36.82689666748047
225.495529174,14.479641914367676,-36.91522216796875
225.744552612,14.169984817504883,-37.02867889404297
225.943771362,13.931280136108398,-37.108760833740234
226.093185424,13.763790130615234,-37.160003662109375
226.292404174,13.523822784423828,-37.22663116455078
226.491622924,13.283530235290527,-37.28664779663086
226.690841674,13.035463333129883,-37.34360122680664
226.840255737,12.835563659667969,-37.39019775390625
227.039474487,12.611690521240234,-37.448177337646484
227.255294799,12.338871955871582,-37.52437973022461
227.454513549,12.087708473205566,-37.59158706665039
227.653732299,11.837355613708496,-37.66171646118164
227.852951049,11.589585304260254,-37.730857849121094
228.052169799,11.335519790649414,-37.7860221862793
228.201583862,11.130315780639648,-37.81970977783203
228.400802612,10.881558418273926,-37.84854507446289
228.600021362,10.627799034118652,-37.88132095336914
228.815841674,10.37385368347168,-37.93645477294922
229.015060424,10.135334014892578,-38.028038024902344
229.214279174,9.925190925598145,-38.16358184814453
229.363693237,9.773534774780273,-38.295589447021484
229.562911987,9.600404739379883,-38.47832489013672
229.762130737,9.438465118408203,-38.663909912109375
229.961349487,9.27419662475586,-38.85833740234375
230.160568237,9.109930038452148,-39.054542541503906
230.309982299,8.99488639831543,-39.192012786865234
230.525802612,8.80555534362793,-39.40630340576172
230.725021362,8.623825073242188,-39.59223175048828
230.874435424,8.514619827270508,-39.7011833190918
231.073654174,8.512499809265137,-39.70330047607422
231.272872924,8.435189247131348,-39.78636169433594
231.472091674,8.336048126220703,-39.92993927001953
231.621505737,8.336048126220703,-39.92993927001953
231.770919799,8.336048126220703,-39.92993927001953
231.970138549,8.336048126220703,-39.92993927001953
232.136154174,8.336048126220703,-39.92993927001953
232.335372924,8.336048126220703,-39.92993927001953
232.534591674,8.336048126220703,-39.92993927001953
232.733810424,8.336048126220703,-39.92993927001953
232.933029174,8.336048126220703,-39.92993927001953
233.132247924,8.336048126220703,-39.92993927001953
233.331466674,8.336048126220703,-39.92993927001953
233.530685424,8.336048126220703,-39.92993927001953
233.680099487,8.336048126220703,-39.92993927001953
233.895919799,8.336048126220703,-39.92993927001953
234.095138549,8.336048126220703,-39.92993927001953
234.294357299,8.336048126220703,-39.92993927001953
234.493576049,8.336048126220703,-39.92993927001953
234.692794799,8.336048126220703,-39.92993927001953
234.892013549,8.336048126220703,-39.92993927001953
235.041427612,8.336048126220703,-39.92993927001953
235.240646362,8.336048126220703,-39.92993927001953
235.439865112,8.336048126220703,-39.92993927001953
235.655685424,8.336048126220703,-39.92993927001953
235.805099487,8.336048126220703,-39.92993927001953
236.004318237,8.336048126220703,-39.92993927001953
236.203536987,8.336048126220703,-39.92993927001953
236.402755737,8.336048126220703,-39.92993927001953
236.552169799,8.336048126220703,-39.92993927001953
236.751388549,8.336048126220703,-39.92993927001953
236.950607299,8.336048126220703,-39.92993927001953
237.149826049,8.336048126220703,-39.92993927001953
237.315841674,8.336048126220703,-39.92993927001953
237.515060424,8.336048126220703,-39.92993927001953
237.714279174,8.336048126220703,-39.92993927001953
237.913497924,8.336048126220703,-39.92993927001953
238.062911987,8.336048126220703,-39.92993927001953
238.262130737,8.336048126220703,-39.92993927001953
238.461349487,8.336048126220703,-39.92993927001953
238.660568237,8.336048126220703,-39.92993927001953
238.809982299,8.336048126220703,-39.92993927001953
239.025802612,8.336048126220703,-39.92993927001953
239.225021362,8.336048126220703,-39.92993927001953
239.424240112,8.336048126220703,-39.92993927001953
239.623458862,8.336048126220703,-39.92993927001953
239.822677612,8.336048126220703,-39.92993927001953
239.972091674,8.336048126220703,-39.92993927001953
240.171310424,8.336048126220703,-39.92993927001953
240.370529174,8.336048126220703,-39.92993927001953
240.536544799,8.336048126220703,-39.92993927001953
240.735763549,8.336048126220703,-39.92993927001953
240.934982299,8.336048126220703,-39.92993927001953
241.134201049,8.336048126220703,-39.92993927001953
241.283615112,8.336048126220703,-39.92993927001953
241.482833862,8.336048126220703,-39.92993927001953
241.582443237,8.330463409423828,-39.941123962402344
241.781661987,8.24792766571045,-40.181114196777344
241.931076049,8.223468780517578,-40.358585357666016
242.130294799,8.21394157409668,-40.617008209228516
242.296310424,8.213064193725586,-40.82500457763672
242.495529174,8.21039867401123,-41.07814407348633
242.644943237,8.197884559631348,-41.28297424316406
242.844161987,8.169689178466797,-41.541439056396484
242.993576049,8.144923210144043,-41.721744537353516
243.192794799,8.098312377929688,-41.97750473022461
243.392013549,8.046731948852539,-42.2253532409668
243.541427612,8.004481315612793,-42.42901611328125
243.740646362,7.9539995193481445,-42.6840705871582
243.890060424,7.947813987731934,-42.71343231201172
244.105880737,7.947813987731934,-42.71343231201172
244.255294799,7.930426120758057,-42.7991828918457
244.454513549,7.8851399421691895,-43.04685592651367
244.653732299,7.838415145874023,-43.2956657409668
244.803146362,7.7988600730896,-43.492897033691406
245.002365112,7.740848541259766,-43.74492263793945
245.201583862,7.675792694091797,-43.99239730834961
245.400802612,7.606168746948242,-44.232940673828125
245.550216674,7.551115036010742,-44.40641403198242
245.716232299,7.486523151397705,-44.6041259765625
245.865646362,7.448109149932861,-44.71833038330078
246.064865112,7.448109149932861,-44.71833038330078
246.264083862,7.448109149932861,-44.71833038330078
246.413497924,7.448109149932861,-44.71833038330078
246.612716674,7.448109149932861,-44.71833038330078
246.811935424,7.448109149932861,-44.71833038330078
247.011154174,7.448109149932861,-44.71833038330078
247.210372924,7.448109149932861,-44.71833038330078
247.376388549,7.448109149932861,-44.71833038330078
247.575607299,7.448109149932861,-44.71833038330078
247.725021362,7.448109149932861,-44.71833038330078
247.924240112,7.448109149932861,-44.71833038330078
248.123458862,7.448109149932861,-44.71833038330078
248.272872924,7.448109149932861,-44.71833038330078
248.472091674,7.448109149932861,-44.71833038330078
248.671310424,7.448109149932861,-44.71833038330078
248.870529174,7.448109149932861,-44.71833038330078
249.036544799,7.448109149932861,-44.71833038330078
249.235763549,7.448109149932861,-44.71833038330078
249.434982299,7.448109149932861,-44.71833038330078
249.634201049,7.378807544708252,-44.630008697509766
249.833419799,7.30887508392334,-44.382118225097656
250.032638549,7.330613613128662,-44.12636947631836
250.231857299,7.384639263153076,-43.8832893371582
250.381271362,7.430792331695557,-43.68610763549805
250.580490112,7.471429824829102,-43.43217086791992
250.779708862,7.4892377853393555,-43.198883056640625
250.995529174,7.499931812286377,-42.91584014892578
251.144943237,7.501526355743408,-42.707847595214844
251.344161987,7.49846887588501,-42.45061111450195
251.543380737,7.49523401260376,-42.198856353759766
251.692794799,7.492966175079346,-42.02235412597656
251.892013549,7.4896626472473145,-41.76512145996094
252.091232299,7.486341953277588,-41.50651931762695
252.290451049,7.483089923858643,-41.253395080566406
252.506271362,7.479607105255127,-40.98249053955078
252.655685424,7.478090763092041,-40.800498962402344
252.854904174,7.478849411010742,-40.5418586730957
253.054122924,7.479578018188477,-40.29280471801758
253.253341674,7.480306625366211,-40.04375076293945
253.452560424,7.481052398681641,-39.78921890258789
253.601974487,7.481662750244141,-39.58121109008789
253.801193237,7.482412815093994,-39.32530975341797
254.000411987,7.483154296875,-39.072147369384766
254.216232299,7.48390007019043,-38.8176155090332
254.365646362,7.48451042175293,-38.6096076965332
254.564865112,7.485239028930664,-38.36055374145508
254.764083862,7.485984802246094,-38.106021881103516
254.963302612,7.486739158630371,-37.848751068115234
255.162521362,7.487502098083496,-37.588741302490234
255.361740112,7.488243579864502,-37.33557891845703
255.560958862,7.488980770111084,-37.08378601074219
255.760177612,7.489743709564209,-36.82377624511719
255.926193237,7.490354061126709,-36.61576843261719
256.125396728,7.491099834442139,-36.361236572265625
256.324615478,7.491862773895264,-36.101226806640625
256.523834228,7.492612838745117,-35.8453254699707
256.723052978,7.493345737457275,-35.59490203857422
256.872467041,7.493862628936768,-35.418373107910156
257.071685791,7.494625568389893,-35.158363342285156
257.270904541,7.495384216308594,-34.899723052978516
257.470123291,7.496117115020752,-34.64929962158203
257.685943603,7.496909141540527,-34.378353118896484
257.885162353,7.4976677894592285,-34.119712829589844
258.034576416,7.498201847076416,-33.937705993652344
258.233795166,7.498688697814941,-33.69139099121094
258.433013916,7.498225688934326,-33.43686294555664
258.632232666,7.505137920379639,-33.176963806152344
258.831451416,7.519753456115723,-32.91738510131836
258.980865478,7.5322184562683105,-32.719364166259766
259.130279541,7.541722297668457,-32.541725158691406
259.346099853,7.5508646965026855,-32.262725830078125
259.495513916,7.5591044425964355,-32.08091735839844
259.694732666,7.575446128845215,-31.83377456665039
259.893951416,7.592757225036621,-31.583953857421875
260.093170166,7.607692241668701,-31.32850456237793
260.292388916,7.62394380569458,-31.069015502929688
260.441802978,7.6387763023376465,-30.864288330078125
260.641021728,7.656675338745117,-30.61725616455078
260.840240478,7.670609951019287,-30.363122940063477
261.006256103,7.677778244018555,-30.155248641967773
261.205474853,7.691928863525391,-29.903858184814453
261.404693603,7.707661151885986,-29.65392303466797
261.603912353,7.722135066986084,-29.397069931030273
261.803131103,7.729293346405029,-29.137178421020508
261.952545166,7.7343034744262695,-28.95935821533203
262.151763916,7.748075008392334,-28.709325790405273
262.350982666,7.76604700088501,-28.4499454498291
262.550201416,7.782299518585205,-28.190458297729492
262.716217041,7.79420804977417,-27.985546112060547
262.915435791,7.815450191497803,-27.726421356201172
263.114654541,7.8362836837768555,-27.46726417541504
263.313873291,7.849519729614258,-27.213090896606445
263.463287353,7.854201793670654,-27.011993408203125
263.662506103,7.855180740356445,-26.757474899291992
263.861724853,7.854467391967773,-26.497493743896484
264.060943603,7.83480978012085,-26.241071701049805
264.210357666,7.81444787979126,-26.067100524902344
264.426177978,7.787629127502441,-25.785125732421875
264.575592041,7.775539398193359,-25.603534698486328
264.774810791,7.765646934509277,-25.35468864440918
264.974029541,7.76364803314209,-25.10839080810547
265.173248291,7.768139362335205,-24.85527801513672
265.372467041,7.757898807525635,-24.596912384033203
265.571685791,7.739792823791504,-24.33754539489746
265.721099853,7.730663776397705,-24.140710830688477
265.920318603,7.7238664627075195,-23.88628387451172
266.136138916,7.701559543609619,-23.632774353027344
266.335357666,7.676231384277344,-23.378145217895508
266.534576416,7.659168243408203,-23.12969207763672
266.733795166,7.648890972137451,-22.87674903869629
266.933013916,7.642910957336426,-22.757768630981445
267.132232666,7.642910957336426,-22.757768630981445
267.281646728,7.642910957336426,-22.757768630981445
267.480865478,7.642910957336426,-22.757768630981445
267.680084228,7.642910957336426,-22.757768630981445
267.895904541,7.6398773193359375,-22.695343017578125
268.095123291,7.63869571685791,-22.43643569946289
268.294342041,7.66152811050415,-22.180280685424805
268.443756103,7.695399761199951,-21.979238510131836
268.642974853,7.746437072753906,-21.72709846496582
268.842193603,7.800583839416504,-21.481199264526367
269.041412353,7.856899261474609,-21.227371215820312
269.240631103,7.913054466247559,-20.9735107421875
269.390045166,7.951369762420654,-20.79558753967285
269.605865478,8.009654998779297,-20.521181106567383
269.805084228,8.062686920166016,-20.269441604614258
270.004302978,8.115474700927734,-20.014860153198242
270.153717041,8.149930953979492,-19.83615493774414
270.352935791,8.193485260009766,-19.586776733398438
270.552154541,8.234297752380371,-19.338315963745117
270.751373291,8.279234886169434,-19.093353271484375
270.950592041,8.327345848083496,-18.839231491088867
271.149810791,8.377087593078613,-18.58682632446289
271.315826416,8.416451454162598,-18.385379791259766
271.515045166,8.465909004211426,-18.13152503967285
271.714263916,8.519505500793457,-17.87990379333496
271.913482666,8.573737144470215,-17.625619888305664
272.062896728,8.616606712341309,-17.422082901000977
272.262115478,8.667709350585938,-17.169950485229492
272.461334228,8.716226577758789,-16.924280166625977
272.660552978,8.764309883117676,-16.677127838134766
272.859771728,8.809565544128418,-16.44754981994629
273.075592041,8.866665840148926,-16.167306900024414
273.274810791,8.917509078979492,-15.922100067138672
273.424224853,8.958102226257324,-15.7222900390625
273.623443603,9.00616455078125,-15.470952033996582
273.822662353,9.056379318237305,-15.215847969055176
274.021881103,9.10272216796875,-14.962797164916992
274.171295166,9.13418960571289,-14.789100646972656
274.370513916,9.181170463562012,-14.541732788085938
274.586334228,9.233268737792969,-14.268872261047363
274.785552978,9.284509658813477,-14.015372276306152
274.984771728,9.33741283416748,-13.762211799621582
275.183990478,9.388711929321289,-13.508724212646484
275.383209228,9.435821533203125,-13.258596420288086
275.582427978,9.485393524169922,-13.003364562988281
275.731842041,9.52009391784668,-12.824702262878418
275.980865478,9.582803726196289,-12.495359420776367
276.130279541,9.616437911987305,-12.326252937316895
276.346099853,9.671855926513672,-12.05823802947998
276.445709228,9.697574615478516,-11.932205200195312
276.644927978,9.74674129486084,-11.676899909973145
276.844146728,9.795642852783203,-11.42293643951416
277.043365478,9.844955444335938,-11.173233985900879
277.242584228,9.895221710205078,-10.926512718200684
277.441802978,9.940587043762207,-10.677469253540039
277.641021728,9.984758377075195,-10.421250343322754
277.790435791,10.026739120483398,-10.247071266174316
278.006256103,10.158696174621582,-9.997077941894531
278.155670166,10.289972305297852,-9.886489868164062
278.354888916,10.528793334960938,-9.802835464477539
278.504302978,10.734810829162598,-9.791962623596191
278.653717041,10.915739059448242,-9.81075382232666
278.803131103,11.111353874206543,-9.85124397277832
278.952545166,11.289098739624023,-9.89035701751709
279.101959228,11.492839813232422,-9.924519538879395
279.251373291,11.66716480255127,-9.941312789916992
279.400787353,11.866606712341309,-9.952997207641602
279.550201416,12.041654586791992,-9.959112167358398
279.716217041,12.248268127441406,-9.96143913269043
279.865631103,12.453508377075195,-9.958688735961914
280.064849853,12.70660400390625,-9.953171730041504
280.214263916,12.884454727172852,-9.949295043945312
280.363677978,13.091033935546875,-9.944792747497559
280.513092041,13.272997856140137,-9.941319465637207
280.662506103,13.478253364562988,-9.939436912536621
280.861724853,13.730035781860352,-9.937614440917969
281.011138916,13.90929889678955,-9.938232421875
281.160552978,14.11729907989502,-9.938949584960938
281.309967041,14.299299240112305,-9.939577102661133
281.475982666,14.499088287353516,-9.940265655517578
281.675201416,14.759088516235352,-9.941162109375
281.824615478,14.96708869934082,-9.941879272460938
281.974029541,15.144983291625977,-9.942492485046387
282.123443603,15.347509384155273,-9.943190574645996
282.272857666,15.522666931152344,-9.943794250488281
282.472076416,15.781298637390137,-9.944685935974121
282.621490478,15.989298820495605,-9.945403099060059
282.770904541,16.16445541381836,-9.946006774902344
282.920318603,16.36287498474121,-9.946690559387207
283.086334228,16.565397262573242,-9.947388648986816
283.235748291,16.746023178100586,-9.94801139831543
283.385162353,16.95128059387207,-9.948719024658203
283.534576416,17.12917137145996,-9.949332237243652
283.683990478,17.33167839050293,-9.951700210571289
283.883209228,17.57851219177246,-9.96975040435791
283.982818603,17.70505714416504,-9.999069213867188
284.182037353,17.93218231201172,-10.116840362548828
284.331451416,18.054006576538086,-10.250956535339355
284.480865478,18.133529663085938,-10.437734603881836
284.630279541,18.15611457824707,-10.616619110107422
284.796295166,18.14508628845215,-10.818668365478516
284.945709228,18.108810424804688,-11.017830848693848
285.144927978,18.053550720214844,-11.270488739013672
285.294342041,18.02491569519043,-11.439095497131348
285.493560791,18.002893447875977,-11.695297241210938
285.642974853,18.00851821899414,-11.903160095214844
285.842193603,18.02267837524414,-12.151802062988281
285.991607666,18.03148651123047,-12.322615623474121
286.141021728,18.047082901000977,-12.520421028137207
286.290435791,18.05503273010254,-12.618255615234375
286.439849853,18.05503273010254,-12.618255615234375
286.605865478,18.05503273010254,-12.618255615234375
286.805084228,18.05503273010254,-12.618255615234375
286.954498291,18.05503273010254,-12.618255615234375
287.103912353,18.062454223632812,-12.71898078918457
287.253326416,18.072614669799805,-12.900693893432617
287.452545166,18.08013916015625,-13.159204483032227
287.601959228,18.0810489654541,-13.358990669250488
287.801177978,18.08161163330078,-13.61214828491211
287.950592041,18.082008361816406,-13.791411399841309
288.100006103,18.08246612548828,-13.999411582946777
288.266021728,18.082923889160156,-14.207411766052246
288.465240478,18.083494186401367,-14.466043472290039
288.614654541,18.084033966064453,-14.635542869567871
288.764068603,18.084163665771484,-14.651042938232422
288.913482666,18.084163665771484,-14.651042938232422
289.112701416,18.084163665771484,-14.651042938232422
289.262115478,18.084163665771484,-14.651042938232422
289.461334228,18.084163665771484,-14.651042938232422
289.610748291,18.084163665771484,-14.651042938232422
289.809967041,18.084163665771484,-14.651042938232422
289.975982666,18.084163665771484,-14.651042938232422
290.175201416,18.084163665771484,-14.651042938232422
290.324615478,18.084163665771484,-14.651042938232422
290.523834228,18.084163665771484,-14.651042938232422
290.673248291,18.084163665771484,-14.651042938232422
290.872467041,18.084163665771484,-14.651042938232422
290.972076416,18.084163665771484,-14.651042938232422
291.171295166,18.084163665771484,-14.651042938232422
291.320709228,18.084163665771484,-14.651042938232422
291.536529541,18.084163665771484,-14.651042938232422
291.685943603,18.084163665771484,-14.651042938232422
291.835357666,18.084163665771484,-14.651042938232422
292.034576416,18.084163665771484,-14.651042938232422
292.183990478,18.084163665771484,-14.651042938232422
292.333404541,18.084163665771484,-14.651042938232422
292.532623291,18.084163665771484,-14.651042938232422
292.682037353,18.084163665771484,-14.651042938232422
292.881256103,18.084163665771484,-14.651042938232422
293.030670166,18.084163665771484,-14.651042938232422
293.229888916,18.084163665771484,-14.651042938232422
293.395904541,18.084163665771484,-14.651042938232422
293.545318603,18.084163665771484,-14.651042938232422
293.744537353,18.084163665771484,-14.651042938232422
293.844146728,18.084163665771484,-14.651042938232422
293.993560791,18.084163665771484,-14.651042938232422
294.192779541,18.084163665771484,-14.651042938232422
294.342193603,18.084163665771484,-14.651042938232422
294.491607666,18.084163665771484,-14.651042938232422
294.690826416,18.084890365600586,-14.671550750732422
294.840240478,18.08586311340332,-14.679702758789062
295.006256103,18.130069732666016,-14.730241775512695
295.155670166,18.282318115234375,-14.822879791259766
295.305084228,18.475189208984375,-14.858774185180664
295.454498291,18.65532684326172,-14.848217010498047
295.653717041,18.91136360168457,-14.803200721740723
295.803131103,19.114744186401367,-14.759613990783691
295.952545166,19.29039764404297,-14.723844528198242
296.151763916,19.53375816345215,-14.686732292175293
296.301177978,19.736133575439453,-14.68132495880127
296.450592041,19.915245056152344,-14.688416481018066
296.600006103,20.119861602783203,-14.704244613647461
296.766021728,20.32544708251953,-14.735504150390625
296.915435791,20.498149871826172,-14.772022247314453
297.064849853,20.697874069213867,-14.819345474243164
297.214263916,20.869436264038086,-14.8609037399292
297.413482666,21.122705459594727,-14.919638633728027
297.562896728,21.32679557800293,-14.959627151489258
297.712310791,21.50309944152832,-14.983268737792969
297.861724853,21.70133399963379,-15.008145332336426
298.011138916,21.881019592285156,-15.036917686462402
298.160552978,22.08476448059082,-15.078679084777832
298.309967041,22.26148223876953,-15.122159957885742
298.475982666,22.461807250976562,-15.178109169006348
298.675201416,22.662569046020508,-15.239702224731445
298.824615478,22.662569046020508,-15.239702224731445
298.974029541,22.662569046020508,-15.239702224731445
299.123443603,22.662569046020508,-15.239702224731445
299.272857666,22.662569046020508,-15.239702224731445
299.422271728,22.662569046020508,-15.239702224731445
299.571685791,22.662569046020508,-15.239702224731445
299.770904541,22.662569046020508,-15.239702224731445
299.920318603,22.662569046020508,-15.239702224731445
300.136138916,22.66712188720703,-15.228060722351074
300.285552978,22.68429183959961,-15.041423797607422
300.484771728,22.58128547668457,-14.809267044067383
300.683990478,22.383453369140625,-14.642184257507324
300.883209228,22.156394958496094,-14.515725135803223
301.082427978,21.92881965637207,-14.395758628845215
301.281646728,21.71900177001953,-14.264386177062988
301.480865478,21.522459030151367,-14.102927207946777
301.680084228,21.352251052856445,-13.919416427612305
301.829498291,21.23944854736328,-13.781869888305664
302.045318603,21.063196182250977,-13.556649208068848
302.244537353,20.900203704833984,-13.357669830322266
302.393951416,20.787960052490234,-13.22860336303711
302.593170166,20.616090774536133,-13.040876388549805
302.792388916,20.438175201416016,-12.851284980773926
302.991607666,20.260379791259766,-12.661581993103027
303.190826416,20.08580207824707,-12.47449016571045
303.390045166,19.90013885498047,-12.292501449584961
303.605865478,19.703771591186523,-12.094104766845703
303.755279541,19.579458236694336,-11.961180686950684
303.954498291,19.407920837402344,-11.771296501159668
304.153717041,19.238895416259766,-11.586530685424805
304.352935791,19.072885513305664,-11.397223472595215
304.552154541,18.90353775024414,-11.19994068145752
304.751373291,18.733060836791992,-11.007326126098633
304.950592041,18.55963706970215,-10.821039199829102
305.149810791,18.390657424926758,-10.62888240814209
305.315826416,18.257083892822266,-10.478477478027344
305.515045166,18.081016540527344,-10.287216186523438
305.714263916,17.903377532958984,-10.11877727508545
305.913482666,17.693405151367188,-9.975624084472656
306.112701416,17.451921463012695,-9.881278038024902
306.311920166,17.202899932861328,-9.847599983215332
306.511138916,16.9459171295166,-9.856246948242188
306.710357666,16.69150161743164,-9.883663177490234
306.876373291,16.484495162963867,-9.903929710388184
307.075592041,16.231956481933594,-9.921487808227539
307.324615478,15.899638175964355,-9.932432174682617
307.523834228,15.639650344848633,-9.931564331054688
307.723052978,15.383858680725098,-9.92434024810791
307.872467041,15.211518287658691,-9.919139862060547
308.071685791,14.957104682922363,-9.91154670715332
308.270904541,14.697135925292969,-9.907808303833008
308.470123291,14.438523292541504,-9.904905319213867
308.636138916,14.240103721618652,-9.904714584350586
308.835357666,13.985577583312988,-9.905069351196289
309.034576416,13.725577354431152,-9.905431747436523
309.233795166,13.471051216125488,-9.905786514282227
309.433013916,13.219709396362305,-9.919150352478027
309.632232666,12.963842391967773,-9.945718765258789
309.781646728,12.756019592285156,-9.953384399414062
309.980865478,12.504242897033691,-9.952568054199219
310.180084228,12.257991790771484,-9.947080612182617
310.395904541,12.010571479797363,-9.935699462890625
310.595123291,11.750885963439941,-9.92293930053711
310.794342041,11.495183944702148,-9.913253784179688
310.993560791,11.248918533325195,-9.908153533935547
311.192779541,10.998594284057617,-9.901299476623535
311.292388916,10.868752479553223,-9.894919395446777
311.491607666,10.611628532409668,-9.890058517456055
311.690826416,10.358758926391602,-9.916069030761719
311.890045166,10.119012832641602,-10.0093412399292
312.056060791,9.970258712768555,-10.151010513305664
312.205474853,9.879568099975586,-10.337308883666992
312.404693603,9.833075523376465,-10.585514068603516
312.554107666,9.834243774414062,-10.756441116333008
312.703521728,9.855024337768555,-10.963356971740723
312.902740478,9.888389587402344,-11.215683937072754
313.052154541,9.907829284667969,-11.39388656616211
313.201568603,9.92551040649414,-11.601128578186035
313.350982666,9.936615943908691,-11.781414985656738
313.500396728,9.944164276123047,-11.981057167053223
313.649810791,9.946671485900879,-12.157562255859375
313.865631103,9.942666053771973,-12.435307502746582
314.015045166,9.935776710510254,-12.615808486938477
314.164459228,9.927886009216309,-12.81544303894043
314.363677978,9.917941093444824,-13.067037582397461
314.513092041,9.91176700592041,-13.243453979492188
314.662506103,9.909045219421387,-13.451431274414062
314.861724853,9.907809257507324,-13.708694458007812
315.011138916,9.906961441040039,-13.885220527648926
315.160552978,9.906002044677734,-14.085009574890137
315.309967041,9.905160903930664,-14.260167121887207
315.525787353,9.903793334960938,-14.544798851013184
315.675201416,9.902932167053223,-14.724061965942383
315.874420166,9.901749610900879,-14.970376968383789
316.023834228,9.902872085571289,-15.177003860473633
316.173248291,9.90429401397705,-15.358997344970703
316.372467041,9.906325340270996,-15.618988037109375
316.521881103,9.90789794921875,-15.820137977600098
316.671295166,9.90926742553711,-15.995288848876953
316.820709228,9.910871505737305,-16.200546264648438
316.970123291,9.912293434143066,-16.382539749145508
317.185943603,9.914527893066406,-16.668529510498047
317.335357666,9.915939331054688,-16.84915542602539
317.484771728,9.917564392089844,-17.057147979736328
317.634185791,9.918986320495605,-17.2391414642334
317.833404541,9.920933723449707,-17.488191604614258
317.982818603,9.922527313232422,-17.692081451416016
318.182037353,9.922087669372559,-17.95070457458496
318.331451416,9.921213150024414,-18.13269805908203
318.480865478,9.920699119567871,-18.239694595336914
318.630279541,9.920699119567871,-18.239694595336914
318.846099853,9.920699119567871,-18.239694595336914
318.995513916,9.920699119567871,-18.239694595336914
319.194732666,9.920699119567871,-18.239694595336914
319.344146728,9.920699119567871,-18.239694595336914
319.543365478,9.920699119567871,-18.239694595336914
319.692779541,9.920699119567871,-18.239694595336914
319.891998291,9.920699119567871,-18.239694595336914
320.091217041,9.920699119567871,-18.239694595336914
320.240631103,9.920699119567871,-18.239694595336914
320.390045166,9.920699119567871,-18.239694595336914
320.605865478,9.920699119567871,-18.239694595336914
320.755279541,9.920699119567871,-18.239694595336914
320.954498291,9.920699119567871,-18.239694595336914
321.103912353,9.920699119567871,-18.239694595336914
321.303131103,9.920699119567871,-18.239694595336914
321.452545166,9.920699119567871,-18.239694595336914
321.651763916,9.920699119567871,-18.239694595336914
321.801177978,9.920699119567871,-18.239694595336914
322.000396728,9.920699119567871,-18.239694595336914
322.149810791,9.920699119567871,-18.239694595336914
322.315826416,9.920699119567871,-18.239694595336914
322.515045166,9.920699119567871,-18.239694595336914
322.664459228,9.920699119567871,-18.239694595336914
322.813873291,9.920699119567871,-18.239694595336914
323.013092041,9.920699119567871,-18.239694595336914
323.162506103,9.920699119567871,-18.239694595336914
323.361724853,9.920699119567871,-18.239694595336914
323.511138916,9.920699119567871,-18.239694595336914
323.710357666,9.920699119567871,-18.239694595336914
323.876373291,9.920699119567871,-18.239694595336914
324.025787353,9.920699119567871,-18.239694595336914
324.225006103,9.920699119567871,-18.239694595336914
324.374420166,9.920699119567871,-18.239694595336914
324.573638916,9.920699119567871,-18.239694595336914
324.723052978,9.920699119567871,-18.239694595336914
324.922271728,9.920699119567871,-18.239694595336914
325.071685791,9.920699119567871,-18.239694595336914
325.270904541,9.920699119567871,-18.239694595336914
325.420318603,9.920699119567871,-18.239694595336914
325.636138916,9.920699119567871,-18.239694595336914
325.785552978,9.920699119567871,-18.239694595336914
325.984771728,9.920699119567871,-18.239694595336914
326.134185791,9.920699119567871,-18.239694595336914
326.233795166,9.920699119567871,-18.239694595336914
326.433013916,9.920699119567871,-18.239694595336914
326.582427978,9.920699119567871,-18.239694595336914
326.781646728,9.920699119567871,-18.239694595336914
326.931060791,9.920699119567871,-18.239694595336914
327.130279541,9.920699119567871,-18.239694595336914
327.296295166,9.920699119567871,-18.239694595336914
327.495513916,9.920699119567871,-18.239694595336914
327.644927978,9.920699119567871,-18.239694595336914
327.844146728,9.920699119567871,-18.239694595336914
327.993560791,9.920699119567871,-18.239694595336914
328.142974853,9.920699119567871,-18.239694595336914
328.342193603,9.920699119567871,-18.239694595336914
328.541412353,9.920699119567871,-18.239694595336914
328.690826416,9.920699119567871,-18.239694595336914
328.840240478,9.920699119567871,-18.239694595336914
329.006256103,9.920699119567871,-18.239694595336914
329.205474853,9.920699119567871,-18.239694595336914
329.354888916,9.920699119567871,-18.239694595336914
329.554107666,9.920699119567871,-18.239694595336914
329.703521728,9.920699119567871,-18.239694595336914
329.902740478,9.920699119567871,-18.239694595336914
330.052154541,9.920699119567871,-18.239694595336914
330.251373291,9.920699119567871,-18.239694595336914
330.400787353,9.920699119567871,-18.239694595336914
330.600006103,9.920699119567871,-18.239694595336914
330.749420166,9.920699119567871,-18.239694595336914
330.915435791,9.920699119567871,-18.239694595336914
331.114654541,9.920699119567871,-18.239694595336914
331.313873291,9.920699119567871,-18.239694595336914
331.463287353,9.920699119567871,-18.239694595336914
331.612701416,9.920699119567871,-18.239694595336914
331.811920166,9.920699119567871,-18.239694595336914
332.011138916,9.920699119567871,-18.239694595336914
332.160552978,9.920699119567871,-18.239694595336914
332.309967041,9.920699119567871,-18.239694595336914
332.475982666,9.920699119567871,-18.239694595336914
332.675201416,9.920699119567871,-18.239694595336914
332.824615478,9.920699119567871,-18.239694595336914
333.023834228,9.920699119567871,-18.239694595336914
333.173248291,9.920699119567871,-18.239694595336914
333.372467041,9.920699119567871,-18.239694595336914
333.521881103,9.920699119567871,-18.239694595336914
333.721099853,9.920699119567871,-18.239694595336914
333.870513916,9.920699119567871,-18.239694595336914
334.036529541,9.920699119567871,-18.239694595336914
334.235748291,9.920699119567871,-18.239694595336914
334.385162353,9.920699119567871,-18.239694595336914
334.584381103,9.920699119567871,-18.239694595336914
334.733795166,9.920699119567871,-18.239694595336914
334.933013916,9.920699119567871,-18.239694595336914
335.082427978,9.920699119567871,-18.239694595336914
335.281646728,9.920699119567871,-18.239694595336914
335.431060791,9.920699119567871,-18.239694595336914
335.630279541,9.920699119567871,-18.239694595336914
335.796295166,9.91990852355957,-18.28795051574707
335.945709228,9.908113479614258,-18.487375259399414
336.144927978,9.885976791381836,-18.746427536010742
336.294342041,9.871227264404297,-18.922338485717773
336.493560791,9.854534149169922,-19.173564910888672
336.642974853,9.846837997436523,-19.375940322875977
336.842193603,9.844276428222656,-19.635915756225586
336.991607666,9.844550132751465,-19.817909240722656
337.141021728,9.844855308532715,-20.020431518554688
337.340240478,9.845232963562012,-20.270849227905273
337.489654541,9.845502853393555,-20.45010757446289
337.655670166,9.84581184387207,-20.655364990234375
337.854888916,9.84619140625,-20.907150268554688
338.004302978,9.846490859985352,-21.10556983947754
338.203521728,9.846870422363281,-21.35735511779785
338.352935791,9.84714412689209,-21.539348602294922
338.502349853,9.847456932067871,-21.74734115600586
338.701568603,9.847844123840332,-22.004596710205078
338.850982666,9.848108291625977,-22.179752349853516
339.000396728,9.848417282104492,-22.385009765625
339.216217041,9.848808288574219,-22.645000457763672
339.365631103,9.849113464355469,-22.847522735595703
339.515045166,9.849383354187012,-23.02678108215332
339.714263916,9.849774360656738,-23.286771774291992
339.863677978,9.850081443786621,-23.49066162109375
340.062896728,9.850464820861816,-23.745182037353516
340.212310791,9.850736618041992,-23.92580795288086
340.361724853,9.851045608520508,-24.131065368652344
340.560943603,9.851436614990234,-24.391056060791016
340.710357666,9.851702690124512,-24.56757926940918
340.876373291,9.852009773254395,-24.771469116210938
341.075592041,9.85239315032959,-25.025989532470703
341.175201416,9.852588653564453,-25.15598487854004
341.324615478,9.852899551391602,-25.36260986328125
341.474029541,9.853163719177246,-25.537765502929688
341.673248291,9.853545188903809,-25.790918350219727
341.822662353,9.85385799407959,-25.998910903930664
342.021881103,9.854247093200684,-26.25753402709961
342.171295166,9.854511260986328,-26.432689666748047
342.370513916,9.854896545410156,-26.68857765197754
342.536529541,9.855209350585938,-26.896570205688477
342.685943603,9.855518341064453,-27.10182762145996
342.885162353,9.855894088745117,-27.35087776184082
343.034576416,9.856165885925293,-27.531503677368164
343.183990478,9.856478691101074,-27.7394962310791
343.383209228,9.856867790222168,-27.998119354248047
343.532623291,9.857131958007812,-28.173274993896484
343.731842041,9.85751724243164,-28.429162979125977
343.881256103,9.857830047607422,-28.637155532836914
344.080474853,9.858217239379883,-28.894411087036133
344.229888916,9.858481407165527,-29.06956672668457
344.395904541,9.858782768249512,-29.26935386657715
344.595123291,9.859173774719238,-29.52934455871582
344.744537353,9.859484672546387,-29.73596954345703
344.893951416,9.859750747680664,-29.912492752075195
345.093170166,9.860136032104492,-30.168380737304688
345.242584228,9.860448837280273,-30.376373291015625
345.441802978,9.862316131591797,-30.636348724365234
345.591217041,9.874110221862793,-30.811077117919922
345.740631103,9.895004272460938,-31.011146545410156
345.890045166,9.910743713378906,-31.184219360351562
346.105865478,9.944576263427734,-31.459848403930664
346.255279541,9.983834266662598,-31.634689331054688
346.404693603,10.060335159301758,-31.82472801208496
346.554107666,10.16627025604248,-31.97218132019043
346.703521728,10.32579231262207,-32.09770965576172
346.852935791,10.495567321777344,-32.161720275878906
347.052154541,10.744317054748535,-32.18260955810547
347.201568603,10.94277286529541,-32.16029357910156
347.350982666,11.122316360473633,-32.1304931640625
347.500396728,11.323866844177246,-32.09969711303711
347.649810791,11.497590065002441,-32.07735061645508
347.815826416,11.699379920959473,-32.060672760009766
347.965240478,11.907248497009277,-32.053409576416016
348.114654541,12.085127830505371,-32.051395416259766
348.264068603,12.283528327941895,-32.05387496948242
348.463287353,12.539201736450195,-32.06422424316406
348.612701416,12.720954895019531,-32.07365036010742
348.762115478,12.928712844848633,-32.0836067199707
348.911529541,13.107908248901367,-32.08837890625
349.060943603,13.311792373657227,-32.09019088745117
349.210357666,13.488311767578125,-32.091548919677734
349.376373291,13.696304321289062,-32.093135833740234
349.525787353,13.901559829711914,-32.09470748901367
349.675201416,14.07671070098877,-32.0960578918457
349.824615478,14.280600547790527,-32.09714126586914
350.023834228,14.540592193603516,-32.095123291015625
350.173248291,14.722585678100586,-32.09365463256836
350.322662353,14.926472663879395,-32.092010498046875
350.472076416,15.100255012512207,-32.09061050415039
350.621490478,15.308247566223145,-32.088932037353516
350.820709228,15.568238258361816,-32.08683395385742
350.970123291,15.744757652282715,-32.085411071777344
351.069732666,15.870647430419922,-32.08439636230469
351.285552978,16.151165008544922,-32.08213424682617
351.434967041,16.333158493041992,-32.080665588378906
351.584381103,16.539783477783203,-32.07899856567383
351.733795166,16.71493911743164,-32.07766342163086
351.883209228,16.920196533203125,-32.07730484008789
352.082427978,17.180187225341797,-32.076847076416016
352.231842041,17.362180709838867,-32.0765266418457
352.381256103,17.559232711791992,-32.07619094848633
352.530670166,17.737123489379883,-32.07588195800781
352.680084228,17.942380905151367,-32.075523376464844
352.829498291,18.124374389648438,-32.07520294189453
352.995513916,18.28236961364746,-32.074928283691406
353.194732666,18.28236961364746,-32.074928283691406
353.344146728,18.28236961364746,-32.074928283691406
353.493560791,18.28236961364746,-32.074928283691406
353.642974853,18.28236961364746,-32.074928283691406
353.792388916,18.28236961364746,-32.074928283691406
353.991607666,18.28236961364746,-32.074928283691406
354.141021728,18.28236961364746,-32.074928283691406
354.290435791,18.286794662475586,-32.08662033081055
354.456451416,18.298137664794922,-32.2548942565918
354.655670166,18.188919067382812,-32.48362350463867
354.854888916,17.970544815063477,-32.62016677856445
355.054107666,17.72435188293457,-32.683902740478516
355.253326416,17.471431732177734,-32.7440071105957
355.452545166,17.228206634521484,-32.83498001098633
355.651763916,17.002120971679688,-32.962947845458984
355.801177978,16.837129592895508,-33.08260726928711
356.000396728,16.642765045166016,-33.24689483642578
356.216217041,16.449628829956055,-33.41891098022461
356.415435791,16.256925582885742,-33.58518600463867
356.564849853,16.09776496887207,-33.71908187866211
356.764068603,15.900162696838379,-33.877315521240234
356.963287353,15.691843032836914,-34.03282165527344
357.162506103,15.482531547546387,-34.17521667480469
357.361724853,15.267653465270996,-34.321598052978516
357.511138916,15.121909141540527,-34.41874694824219
357.710357666,14.909116744995117,-34.56087875366211
357.909576416,14.698554039001465,-34.70866012573242
358.125396728,14.466827392578125,-34.876285552978516
358.274810791,14.322436332702637,-34.98252487182617
358.474029541,14.119582176208496,-35.138519287109375
358.573638916,14.021519660949707,-35.21302795410156
358.723052978,13.857796669006348,-35.33682632446289
358.922271728,13.649398803710938,-35.492279052734375
359.121490478,13.437616348266602,-35.64310836791992
359.320709228,13.226335525512695,-35.78988265991211
359.470123291,13.075451850891113,-35.891658782958984
359.685943603,12.843340873718262,-36.05875015258789
359.885162353,12.631987571716309,-36.21017074584961
360.034576416,12.485112190246582,-36.31764602661133
360.283599853,12.21538257598877,-36.51443862915039
360.482818603,12.002083778381348,-36.66311264038086
360.682037353,11.792623519897461,-36.81010818481445
360.881256103,11.581942558288574,-36.96246337890625
361.080474853,11.370925903320312,-37.11435317993164
361.229888916,11.22280216217041,-37.22010040283203
361.445709228,10.993170738220215,-37.38359069824219
361.644927978,10.782015800476074,-37.52812957763672
361.844146728,10.569445610046387,-37.670589447021484
362.043365478,10.360570907592773,-37.818382263183594
362.242584228,10.169570922851562,-37.978065490722656
362.441802978,10.003393173217773,-38.16306686401367
362.591217041,9.917327880859375,-38.3121452331543
362.790435791,9.846281051635742,-38.55708694458008
362.939849853,9.830830574035645,-38.730125427246094
363.155670166,9.830891609191895,-39.00918197631836
363.305084228,9.834393501281738,-39.21714782714844
363.504302978,9.822376251220703,-39.47677230834961
363.653717041,9.800259590148926,-39.6505012512207
363.852935791,9.749826431274414,-39.90273666381836
364.002349853,9.70256519317627,-40.105289459228516
364.201568603,9.642599105834961,-40.356868743896484
364.350982666,9.604093551635742,-40.530540466308594
364.550201416,9.547440528869629,-40.77727508544922
364.699615478,9.510948181152344,-40.94998550415039
364.915435791,9.456175804138184,-41.223697662353516
365.064849853,9.41903305053711,-41.4283447265625
365.264068603,9.375378608703613,-41.68187713623047
365.413482666,9.346596717834473,-41.85187911987305
365.612701416,9.306103706359863,-42.09762191772461
365.762115478,9.270401000976562,-42.29557800292969
365.961334228,9.224184036254883,-42.540306091308594
366.160552978,9.17432689666748,-42.79547119140625
366.309967041,9.137417793273926,-42.97368621826172
366.475982666,9.096328735351562,-43.177589416503906
366.675201416,9.04822826385498,-43.427520751953125
366.824615478,9.010452270507812,-43.63066101074219
367.023834228,8.964385986328125,-43.88654327392578
367.173248291,8.9323091506958,-44.06569290161133
367.372467041,8.885815620422363,-44.31454086303711
367.571685791,8.83934497833252,-44.560611724853516
367.721099853,8.801762580871582,-44.75961685180664
367.920318603,8.753436088562012,-45.015071868896484
368.086334228,8.712345123291016,-45.21897506713867
368.285552978,8.663789749145508,-45.468814849853516
368.434967041,8.63211441040039,-45.64525604248047
368.634185791,8.586772918701172,-45.89849090576172
368.783599853,8.550517082214355,-46.10329818725586
368.933013916,8.517312049865723,-46.28223419189453
369.132232666,8.470625877380371,-46.53382873535156
369.331451416,8.424689292907715,-46.781394958496094
369.530670166,8.378569602966309,-47.03030776977539
369.680084228,8.338278770446777,-47.23018264770508
369.895904541,8.287699699401855,-47.48521041870117
370.045318603,8.250072479248047,-47.68976593017578
370.244537353,8.208673477172852,-47.9381217956543
370.393951416,8.177634239196777,-48.11189270019531
370.593170166,8.129714012145996,-48.36742401123047
370.792388916,8.082449913024902,-48.620296478271484
370.941802978,8.043124198913574,-48.82035446166992
371.141021728,7.995615482330322,-49.06900405883789
371.340240478,7.951972007751465,-49.31420135498047
371.489654541,7.918645858764648,-49.48894119262695
371.705474853,7.868658542633057,-49.76775360107422
371.854888916,7.83876371383667,-49.947288513183594
372.054107666,7.796029567718506,-50.19264221191406
372.253326416,7.752969264984131,-50.44072341918945
372.402740478,7.7181396484375,-50.63885498046875
372.601959228,7.672396183013916,-50.894798278808594
372.801177978,7.625927448272705,-51.150604248046875
372.950592041,7.600943088531494,-51.291542053222656
373.149810791,7.5707879066467285,-51.54969787597656
373.315826416,7.555712699890137,-51.75578308105469
373.515045166,7.531981945037842,-52.00507354736328
373.664459228,7.507308483123779,-52.206085205078125
373.863677978,7.469744682312012,-52.463356018066406
374.062896728,7.4265851974487305,-52.71697235107422
374.212310791,7.3956379890441895,-52.889373779296875
374.411529541,7.3452677726745605,-53.14164352416992
374.610748291,7.294377326965332,-53.3896369934082
374.760162353,7.254655838012695,-53.59379959106445
374.975982666,7.213778018951416,-53.850486755371094
375.125396728,7.19798469543457,-54.05099105834961
375.324615478,7.1807379722595215,-54.30630111694336
375.474029541,7.165163040161133,-54.487632751464844
375.673248291,7.142224311828613,-54.69636535644531
375.872467041,7.142104148864746,-54.697357177734375
376.021881103,7.142104148864746,-54.697357177734375
376.121490478,7.142104148864746,-54.697357177734375
376.320709228,7.142104148864746,-54.697357177734375
376.470123291,7.142104148864746,-54.697357177734375
376.685943603,7.142104148864746,-54.697357177734375
376.885162353,7.142104148864746,-54.697357177734375
377.084381103,7.142104148864746,-54.697357177734375
377.283599853,7.142104148864746,-54.697357177734375
377.433013916,7.142104148864746,-54.697357177734375
377.632232666,7.142104148864746,-54.697357177734375
377.831451416,7.142104148864746,-54.697357177734375
377.980865478,7.142104148864746,-54.697357177734375
378.180084228,7.142104148864746,-54.697357177734375
378.346099853,7.142104148864746,-54.697357177734375
378.545318603,7.142104148864746,-54.697357177734375
378.744537353,7.142104148864746,-54.697357177734375
378.893951416,7.142104148864746,-54.697357177734375
379.093170166,7.142104148864746,-54.697357177734375
379.292388916,7.142104148864746,-54.697357177734375
379.441802978,7.142104148864746,-54.697357177734375
379.641021728,7.142104148864746,-54.697357177734375
379.840240478,7.142104148864746,-54.697357177734375
380.006256103,7.142104148864746,-54.697357177734375
380.205474853,7.142104148864746,-54.697357177734375
380.354888916,7.142104148864746,-54.697357177734375
380.554107666,7.142104148864746,-54.697357177734375
380.703521728,7.142104148864746,-54.697357177734375
380.852935791,7.181607246398926,-54.70833206176758
381.002349853,7.29949951171875,-54.70402908325195
381.151763916,7.418923854827881,-54.63654327392578
381.350982666,7.553345203399658,-54.426151275634766
381.550201416,7.5555949211120605,-54.1686897277832
381.716217041,7.495939254760742,-53.969566345214844
381.915435791,7.421127796173096,-53.72059631347656
382.114654541,7.354786396026611,-53.47492218017578
382.313873291,7.314298152923584,-53.22523880004883
382.463287353,7.31684684753418,-53.0216178894043
382.662506103,7.3605732917785645,-52.77251434326172
382.811920166,7.408245086669922,-52.59971237182617
383.011138916,7.480103492736816,-52.352699279785156
383.210357666,7.541862487792969,-52.108604431152344
383.376373291,7.580470561981201,-51.913997650146484
383.575592041,7.6239333152771,-51.66043472290039
383.725006103,7.65813684463501,-51.45527267456055
383.924224853,7.704153537750244,-51.200775146484375
384.123443603,7.750463485717773,-50.95188903808594
384.322662353,7.798885345458984,-50.69921112060547
384.472076416,7.833195209503174,-50.52046203613281
384.671295166,7.879949569702148,-50.26470184326172
384.870513916,7.923084735870361,-50.009700775146484
385.036529541,7.957258701324463,-49.81146240234375
385.235748291,7.999950885772705,-49.56053924560547
385.434967041,8.046466827392578,-49.30474853515625
385.584381103,8.08349895477295,-49.10147476196289
385.783599853,8.127594947814941,-48.85080337524414
385.982818603,8.168328285217285,-48.6009521484375
386.132232666,8.200300216674805,-48.42594909667969
386.331451416,8.246248245239258,-48.170047760009766
386.530670166,8.292924880981445,-47.914283752441406
386.680084228,8.331537246704102,-47.712677001953125
386.895904541,8.378744125366211,-47.46674728393555
387.045318603,8.416232109069824,-47.26493835449219
387.244537353,8.460406303405762,-47.008705139160156
387.443756103,8.505294799804688,-46.7581787109375
387.642974853,8.550253868103027,-46.513221740722656
387.792388916,8.581738471984863,-46.33396911621094
387.991607666,8.621781349182129,-46.08122634887695
388.190826416,8.66279411315918,-45.8244743347168
388.390045166,8.704536437988281,-45.5678596496582
388.556060791,8.737076759338379,-45.3707389831543
388.705474853,8.771119117736816,-45.1655387878418
388.904693603,8.816259384155273,-44.90949630737305
389.103912353,8.862184524536133,-44.657752990722656
389.253326416,8.893171310424805,-44.486751556396484
389.452545166,8.934671401977539,-44.2342529296875
389.651763916,8.97390079498291,-43.97722625732422
389.850982666,9.016289710998535,-43.7207145690918
390.000396728,9.052265167236328,-43.52141571044922
390.216217041,9.09739875793457,-43.27093505859375
390.365631103,9.134185791015625,-43.069007873535156
390.564849853,9.18053913116455,-42.81318664550781
390.764068603,9.225041389465332,-42.55979919433594
390.913482666,9.254409790039062,-42.38850402832031
391.112701416,9.299592971801758,-42.14219284057617
391.311920166,9.341625213623047,-41.892555236816406
391.511138916,9.379395484924316,-41.635311126708984
391.660552978,9.41068172454834,-41.42967987060547
391.876373291,9.449772834777832,-41.180938720703125
392.075592041,9.492164611816406,-40.93412780761719
392.225006103,9.529511451721191,-40.73367691040039
392.424224853,9.57432746887207,-40.47757339477539
392.623443603,9.615696907043457,-40.22227096557617
392.822662353,9.65618896484375,-39.973758697509766
393.021881103,9.6968412399292,-39.72389602661133
393.171295166,9.725929260253906,-39.5470085144043
393.370513916,9.76807689666748,-39.29045104980469
393.470123291,9.79016399383545,-39.16233444213867
393.636138916,9.8255033493042,-38.95734786987305
393.835357666,9.869772911071777,-38.70530700683594
394.034576416,9.924827575683594,-38.456878662109375
394.233795166,10.010237693786621,-38.214595794677734
394.383209228,10.118492126464844,-38.03743362426758
394.532623291,10.241392135620117,-37.90922164916992
394.731842041,10.457626342773438,-37.76613235473633
394.881256103,10.649834632873535,-37.68699645996094
395.030670166,10.823101043701172,-37.63134002685547
395.180084228,11.02225112915039,-37.571311950683594
395.346099853,11.220845222473145,-37.50947570800781
395.495513916,11.388692855834961,-37.45479965209961
395.694732666,11.634737968444824,-37.370784759521484
395.844146728,11.822821617126465,-37.303409576416016
395.993560791,11.989906311035156,-37.242340087890625
396.142974853,12.185188293457031,-37.17073059082031
396.292388916,12.352119445800781,-37.11334991455078
396.491607666,12.594518661499023,-37.04039764404297
396.641021728,12.79647445678711,-36.990657806396484
396.790435791,12.973163604736328,-36.94707107543945
396.956451416,13.167513847351074,-36.89012145996094
397.155670166,13.406828880310059,-36.803672790527344
397.305084228,13.600980758666992,-36.72905731201172
397.454498291,13.772361755371094,-36.667808532714844
397.603912353,13.967077255249023,-36.60286331176758
397.803131103,14.214193344116211,-36.522037506103516
397.952545166,14.385587692260742,-36.47450637817383
398.101959228,14.584198951721191,-36.42841720581055
398.251373291,14.762406349182129,-36.39146423339844
398.450592041,15.0149507522583,-36.342430114746094
398.600006103,15.2170991897583,-36.299747467041016
398.766021728,15.295855522155762,-36.28082275390625
398.915435791,15.295855522155762,-36.28082275390625
399.064849853,15.295855522155762,-36.28082275390625
399.264068603,15.295855522155762,-36.28082275390625
399.413482666,15.295855522155762,-36.28082275390625
399.562896728,15.332258224487305,-36.271820068359375
399.762115478,15.574138641357422,-36.192955017089844
399.911529541,15.741935729980469,-36.122562408447266
400.060943603,15.925541877746582,-36.030853271484375
400.210357666,16.085493087768555,-35.94403076171875
400.426177978,16.328109741210938,-35.80321502685547
400.575592041,16.485637664794922,-35.71483612060547
400.725006103,16.666399002075195,-35.611934661865234
400.924224853,16.892240524291992,-35.483116149902344
401.073638916,17.050395965576172,-35.3958625793457
401.272857666,17.279369354248047,-35.28174591064453
401.422271728,17.465721130371094,-35.19902038574219
401.571685791,17.629941940307617,-35.130638122558594
401.721099853,17.81857681274414,-35.05325698852539
401.920318603,18.053417205810547,-34.95509719848633
402.086334228,18.243316650390625,-34.877193450927734
402.235748291,18.409439086914062,-34.81357192993164
402.385162353,18.601524353027344,-34.745208740234375
402.534576416,18.773069381713867,-34.68865203857422
402.733795166,19.02169418334961,-34.617652893066406
402.883209228,19.22562599182129,-34.576969146728516
403.032623291,19.403438568115234,-34.554443359375
403.182037353,19.60834312438965,-34.54308319091797
403.331451416,19.786222457885742,-34.542110443115234
403.530670166,20.044845581054688,-34.54381561279297
403.680084228,20.25271987915039,-34.538291931152344
403.846099853,20.451732635498047,-34.520751953125
403.995513916,20.630231857299805,-34.504180908203125
404.144927978,20.83656120300293,-34.47822952270508
404.294342041,21.015106201171875,-34.44306945800781
404.443756103,21.217344284057617,-34.39453125
404.642974853,21.4626522064209,-34.33199691772461
404.792388916,21.635683059692383,-34.29719161987305
404.941802978,21.835168838500977,-34.27167510986328
405.141021728,22.091781616210938,-34.2535285949707
405.290435791,22.273664474487305,-34.24734115600586
405.456451416,22.4788818359375,-34.24333572387695
405.605865478,22.68353843688965,-34.228031158447266
405.755279541,22.864564895629883,-34.20923614501953
405.954498291,23.120853424072266,-34.18698501586914
406.103912353,23.325172424316406,-34.1676025390625
406.253326416,23.504796981811523,-34.13849639892578
406.452545166,23.757341384887695,-34.07699966430664
406.601959228,23.958513259887695,-34.02416229248047
406.751373291,24.135465621948242,-33.981624603271484
406.950592041,24.382362365722656,-33.91986846923828
407.100006103,24.582368850708008,-33.862754821777344
407.266021728,24.77933692932129,-33.804988861083984
407.415435791,24.947683334350586,-33.75189208984375
407.564849853,25.1341495513916,-33.68819046020508
407.764068603,25.378496170043945,-33.61249923706055
407.913482666,25.5541934967041,-33.57061004638672
408.062896728,25.757953643798828,-33.52895736694336
408.212310791,25.938180923461914,-33.50374221801758
408.361724853,26.13846778869629,-33.47390365600586
408.560943603,26.38592529296875,-33.4146842956543
408.710357666,26.56000518798828,-33.36647415161133
408.909576416,26.80002212524414,-33.30537796020508
409.075592041,26.996505737304688,-33.26228713989258
409.225006103,27.199748992919922,-33.21806716918945
409.374420166,27.376968383789062,-33.17665100097656
409.523834228,27.575847625732422,-33.13176727294922
409.673248291,27.74727439880371,-33.1033935546875
409.872467041,27.994997024536133,-33.07774353027344
410.021881103,28.199440002441406,-33.0594596862793
410.171295166,28.38091468811035,-33.045658111572266
410.320709228,28.587448120117188,-33.02108383178711
410.470123291,28.7677001953125,-32.995948791503906
410.685943603,29.04561996459961,-32.94182205200195
410.835357666,29.221637725830078,-32.895545959472656
410.934967041,29.347280502319336,-32.862159729003906
411.084381103,29.550546646118164,-32.81826400756836
411.233795166,29.723918914794922,-32.79352951049805
411.433013916,29.97224998474121,-32.774959564208984
411.582427978,30.17868995666504,-32.766212463378906
411.731842041,30.360652923583984,-32.762813568115234
411.881256103,30.568641662597656,-32.763851165771484
412.030670166,30.74785614013672,-32.768009185791016
412.180084228,30.949003219604492,-32.768978118896484
412.346099853,31.15558433532715,-32.76477813720703
412.495513916,31.337459564208984,-32.75802230834961
412.644927978,31.544891357421875,-32.743324279785156
412.844146728,31.80158805847168,-32.71173095703125
412.993560791,31.98260498046875,-32.69286346435547
413.142974853,32.189697265625,-32.673583984375
413.342193603,32.44363021850586,-32.632904052734375
413.491607666,32.62052917480469,-32.59021759033203
413.641021728,32.819374084472656,-32.53933334350586
413.790435791,32.99799346923828,-32.50457763671875
413.956451416,33.20365905761719,-32.47357940673828
414.155670166,33.457237243652344,-32.439308166503906
414.305084228,33.65617370605469,-32.40956115722656
414.454498291,33.83665084838867,-32.38613510131836
414.653717041,34.09531784057617,-32.36008071899414
414.803131103,34.29622268676758,-32.35011291503906
414.952545166,34.46858215332031,-32.34580612182617
415.101959228,34.67110061645508,-32.34553909301758
415.301177978,34.928260803222656,-32.352455139160156
415.450592041,35.11015319824219,-32.358543395996094
415.600006103,35.31395721435547,-32.353614807128906
415.766021728,35.51213073730469,-32.34356689453125
415.915435791,35.68980026245117,-32.33456039428711
416.064849853,35.89763259887695,-32.32633590698242
416.264068603,36.15487289428711,-32.32295608520508
416.363677978,36.27939987182617,-32.322147369384766
416.562896728,36.42316436767578,-32.32121276855469
416.712310791,36.42316436767578,-32.32121276855469
416.861724853,36.42316436767578,-32.32121276855469
417.060943603,36.42316436767578,-32.32121276855469
417.210357666,36.42316436767578,-32.32121276855469
417.376373291,36.42316436767578,-32.32121276855469
417.525787353,36.42316436767578,-32.32121276855469
417.675201416,36.42316436767578,-32.32121276855469
417.874420166,36.42316436767578,-32.32121276855469
418.023834228,36.42316436767578,-32.32121276855469
418.173248291,36.44816589355469,-32.32105255126953
418.322662353,36.65005874633789,-32.31974792480469
418.521881103,36.90732955932617,-32.318084716796875
418.671295166,37.08933639526367,-32.31690979003906
418.820709228,37.29460525512695,-32.31605911254883
418.970123291,37.472503662109375,-32.31715774536133
419.185943603,37.75029754638672,-32.31887435913086
419.335357666,37.93230438232422,-32.31999588012695
419.484771728,38.13620376586914,-32.32125473022461
419.634185791,38.308624267578125,-32.322322845458984
419.833404541,38.56041717529297,-32.32387924194336
419.982818603,38.76705551147461,-32.32515335083008
420.132232666,38.94906234741211,-32.32627487182617
420.281646728,39.15433120727539,-32.32754135131836
420.431060791,39.33222961425781,-32.32863998413086
420.630279541,39.588130950927734,-32.33021926879883
420.796295166,39.796138763427734,-32.33150100708008
420.945709228,40.002777099609375,-32.3327751159668
421.095123291,40.17793655395508,-32.333858489990234
421.294342041,40.43520736694336,-32.335445404052734
421.443756103,40.64321517944336,-32.336727142333984
421.593170166,40.82248306274414,-32.33775329589844
421.792388916,41.06877517700195,-32.33539581298828
421.941802978,41.26990509033203,-32.33283615112305
422.091217041,41.44914627075195,-32.33055114746094
422.290435791,41.7091178894043,-32.327232360839844
422.390045166,41.83910369873047,-32.3255729675293
422.605865478,42.11959457397461,-32.321998596191406
422.755279541,42.30157470703125,-32.31967544555664
422.904693603,42.50956726074219,-32.31825637817383
423.054107666,42.68609619140625,-32.3193473815918
423.253326416,42.935150146484375,-32.32088851928711
423.402740478,43.13631057739258,-32.3221321105957
423.552154541,43.31831741333008,-32.3232536315918
423.701568603,43.52632522583008,-32.32453536987305
423.900787353,43.78085708618164,-32.326107025146484
424.050201416,43.95875549316406,-32.327205657958984
424.249420166,44.216026306152344,-32.328792572021484
424.365631103,44.372032165527344,-32.32975387573242
424.515045166,44.549930572509766,-32.33085250854492
424.714263916,44.80309295654297,-32.33241653442383
424.863677978,45.00973129272461,-32.33369064331055
425.013092041,45.19173812866211,-32.33481216430664
425.212310791,45.44763946533203,-32.33639144897461
425.361724853,45.648799896240234,-32.3376350402832
425.511138916,45.828067779541016,-32.33695983886719
425.660552978,46.036075592041016,-32.33561706542969
425.809967041,46.218082427978516,-32.334442138671875
426.025787353,46.49724578857422,-32.33263397216797
426.175201416,46.67925262451172,-32.331459045410156
426.374420166,46.93926239013672,-32.32978057861328
426.523834228,47.14179229736328,-32.328468322753906
426.673248291,47.318321228027344,-32.32732391357422
426.872467041,47.578330993652344,-32.325645446777344
427.021881103,47.786338806152344,-32.324302673339844
427.221099853,48.042240142822266,-32.32264709472656
427.370513916,48.22013854980469,-32.321495056152344
427.536529541,48.42540740966797,-32.320167541503906
427.735748291,48.68267822265625,-32.318504333496094
427.885162353,48.879730224609375,-32.317222595214844
428.034576416,49.05625915527344,-32.31680679321289
428.233795166,49.31216049194336,-32.316768646240234
428.333404541,49.44216537475586,-32.316749572753906
428.482818603,49.65017318725586,-32.31671905517578
428.632232666,49.82670211791992,-32.31669235229492
428.831451416,50.07438659667969,-32.316654205322266
428.980865478,50.27691650390625,-32.31662368774414
429.180084228,50.53692626953125,-32.316585540771484
429.346099853,50.74493408203125,-32.31655502319336
429.495513916,50.92283248901367,-32.3165283203125
429.644927978,51.12810134887695,-32.316497802734375
429.794342041,51.31010818481445,-32.316471099853516
429.993560791,51.567378997802734,-32.31643295288086
430.142974853,51.771278381347656,-32.316402435302734
430.292388916,51.94917678833008,-32.316375732421875
430.491607666,52.20918655395508,-32.31633758544922
430.641021728,52.41719436645508,-32.316307067871094
430.790435791,52.5950927734375,-32.316280364990234
430.989654541,52.85099411010742,-32.31624221801758
431.139068603,53.03163146972656,-32.31621551513672
431.305084228,53.26564025878906,-32.31618118286133
431.504302978,53.517433166503906,-32.31614303588867
431.653717041,53.59843444824219,-32.31613540649414
431.803131103,53.59843444824219,-32.31613540649414
432.002349853,53.59843444824219,-32.31613540649414
432.151763916,53.59843444824219,-32.31613540649414
432.350982666,53.59843444824219,-32.31613540649414
432.500396728,53.59843444824219,-32.31613540649414
432.649810791,53.59843444824219,-32.31613540649414
432.865631103,53.59843444824219,-32.31613540649414
433.015045166,53.59843444824219,-32.31613540649414
433.214263916,53.59843444824219,-32.31613540649414
433.363677978,53.59843444824219,-32.31613540649414
433.562896728,53.59843444824219,-32.31613540649414
433.712310791,53.59843444824219,-32.31613540649414
433.861724853,53.59843444824219,-32.31613540649414
434.060943603,53.59843444824219,-32.31613540649414
434.210357666,53.59843444824219,-32.31613540649414
434.409576416,53.59843444824219,-32.31613540649414
434.575592041,53.59843444824219,-32.31613540649414
434.725006103,53.59843444824219,-32.31613540649414
434.924224853,53.59843444824219,-32.31613540649414
435.073638916,53.59843444824219,-32.31613540649414
435.272857666,53.59843444824219,-32.31613540649414
435.422271728,53.59843444824219,-32.31613540649414
435.571685791,53.59843444824219,-32.31613540649414
435.770904541,53.59843444824219,-32.31613540649414
435.920318603,53.59843444824219,-32.31613540649414
436.086334228,53.59843444824219,-32.31613540649414
436.285552978,53.59843444824219,-32.31613540649414
436.434967041,53.59843444824219,-32.31613540649414
436.584381103,53.59843444824219,-32.31613540649414
436.733795166,53.59843444824219,-32.31613540649414
436.933013916,53.59843444824219,-32.31613540649414
437.082427978,53.59843444824219,-32.31613540649414
437.281646728,53.59843444824219,-32.31613540649414
437.431060791,53.59843444824219,-32.31613540649414
437.580474853,53.59843444824219,-32.31613540649414
437.779693603,53.59843444824219,-32.31613540649414
437.945709228,53.59843444824219,-32.31613540649414
438.095123291,53.59843444824219,-32.31613540649414
438.294342041,53.59843444824219,-32.31613540649414
438.443756103,53.59843444824219,-32.31613540649414
438.593170166,53.59843444824219,-32.31613540649414
438.792388916,53.59843444824219,-32.31613540649414
438.941802978,53.59843444824219,-32.31613540649414
439.091217041,53.59843444824219,-32.31613540649414
439.290435791,53.59843444824219,-32.31613540649414
439.456451416,53.59843444824219,-32.31613540649414
439.605865478,53.59843444824219,-32.31613540649414
439.805084228,53.59843444824219,-32.31613540649414
439.954498291,53.59843444824219,-32.31613540649414
440.153717041,53.59843444824219,-32.31613540649414
440.303131103,53.59843444824219,-32.31613540649414
440.502349853,53.59843444824219,-32.31613540649414
440.651763916,53.59843444824219,-32.31613540649414
440.850982666,53.59843444824219,-32.31613540649414
441.000396728,53.59843444824219,-32.31613540649414
441.149810791,53.59843444824219,-32.31613540649414
441.315826416,53.59843444824219,-32.31613540649414
441.515045166,53.59843444824219,-32.31613540649414
441.664459228,53.59843444824219,-32.31613540649414
441.813873291,53.59843444824219,-32.31613540649414
442.013092041,53.59843444824219,-32.31613540649414
442.162506103,53.59843444824219,-32.31613540649414
442.361724853,53.59843444824219,-32.31613540649414
442.511138916,53.59843444824219,-32.31613540649414
442.710357666,53.59843444824219,-32.31613540649414
442.859771728,53.59843444824219,-32.31613540649414
443.075592041,53.597373962402344,-32.283653259277344
443.274810791,53.530216217041016,-32.1877326965332
443.424224853,53.37255859375,-32.102718353271484
443.623443603,53.11665344238281,-32.074623107910156
443.822662353,52.86405563354492,-32.11349868774414
444.021881103,52.62264633178711,-32.179866790771484
444.171295166,52.44728469848633,-32.22847366333008
444.370513916,52.194820404052734,-32.277313232421875
444.569732666,51.93545150756836,-32.292930603027344
444.735748291,51.730323791503906,-32.28673553466797
444.934967041,51.470890045166016,-32.26957321166992
445.134185791,51.217105865478516,-32.24997329711914
445.283599853,51.01229476928711,-32.236427307128906
445.482818603,50.75248336791992,-32.22664260864258
445.682037353,50.49249267578125,-32.225059509277344
445.731842041,50.44049835205078,-32.22564697265625
445.931060791,50.18598937988281,-32.22852325439453
446.130279541,49.93284606933594,-32.23138427734375
446.296295166,49.72486877441406,-32.233734130859375
446.495513916,49.467628479003906,-32.23664093017578
446.694732666,49.21448516845703,-32.239501953125
446.844146728,49.006507873535156,-32.241851806640625
447.043365478,48.74787902832031,-32.24250030517578
447.242584228,48.49883270263672,-32.23979949951172
447.391998291,48.319583892822266,-32.23785400390625
447.591217041,48.0637092590332,-32.235076904296875
447.790435791,47.80373764038086,-32.23225402832031
447.956451416,47.59849166870117,-32.23002624511719
448.155670166,47.34671401977539,-32.227294921875
448.305084228,47.138736724853516,-32.22503662109375
448.504302978,46.8814811706543,-32.223846435546875
448.653717041,46.706321716308594,-32.22471618652344
448.852935791,46.455909729003906,-32.223812103271484
449.052154541,46.213165283203125,-32.20478057861328
449.251373291,45.964630126953125,-32.16457748413086
449.400787353,45.759342193603516,-32.131141662597656
449.600006103,45.50318145751953,-32.1084098815918
449.766021728,45.30615997314453,-32.10549545288086
449.965240478,45.04751968383789,-32.10670852661133
450.114654541,44.86551284790039,-32.10761642456055
450.313873291,44.60961151123047,-32.108890533447266
450.463287353,44.409820556640625,-32.10988235473633
450.662506103,44.38555908203125,-32.11000442504883
450.861724853,44.38555908203125,-32.11000442504883
451.011138916,44.38555908203125,-32.11000442504883
451.210357666,44.38555908203125,-32.11000442504883
451.426177978,44.38555908203125,-32.11000442504883
451.575592041,44.29805374145508,-32.11043167114258
451.774810791,44.03804397583008,-32.11172866821289
451.974029541,43.77803421020508,-32.1130256652832
452.173248291,43.53034973144531,-32.114253997802734
452.322662353,43.32918930053711,-32.11525344848633
452.521881103,43.07328796386719,-32.11652755737305
452.721099853,42.81327819824219,-32.11782455444336
452.870513916,42.634010314941406,-32.118717193603516
453.086334228,42.35621643066406,-32.12009811401367
453.285552978,42.09757614135742,-32.12138748168945
453.434967041,41.91693878173828,-32.12228775024414
453.634185791,41.66377639770508,-32.1235466003418
453.833404541,41.40924835205078,-32.12358474731445
453.982818603,41.201271057128906,-32.1213264465332
454.182037353,40.942665100097656,-32.1185188293457
454.381256103,40.690887451171875,-32.115787506103516
454.580474853,40.43364715576172,-32.11299514770508
454.729888916,40.25166702270508,-32.111019134521484
454.945709228,40.06568145751953,-32.109004974365234
455.144927978,39.808441162109375,-32.1062126159668
455.344146728,39.55939483642578,-32.10358810424805
455.543365478,39.31172561645508,-32.105525970458984
455.742584228,39.05586242675781,-32.10920715332031
455.891998291,38.87388229370117,-32.11174392700195
456.091217041,38.6139030456543,-32.10966873168945
456.290435791,38.35867691040039,-32.0806884765625
456.456451416,38.16730880737305,-32.00811767578125
456.655670166,37.962623596191406,-31.858360290527344
456.854888916,37.82526397705078,-31.654190063476562
457.004302978,37.775882720947266,-31.454177856445312
457.203521728,37.77989959716797,-31.19893455505371
457.402740478,37.821205139160156,-30.956172943115234
457.601959228,37.86134338378906,-30.69931411743164
457.751373291,37.88620376586914,-30.51902198791504
457.950592041,37.90966796875,-30.267026901245117
458.149810791,37.91536331176758,-30.012582778930664
458.315826416,37.914390563964844,-29.81709098815918
458.515045166,37.9140625,-29.788095474243164
458.714263916,37.9140625,-29.788095474243164
458.863677978,37.9140625,-29.788095474243164
459.062896728,37.9140625,-29.788095474243164
459.262115478,37.9140625,-29.788095474243164
459.461334228,37.9140625,-29.788095474243164
459.660552978,37.9140625,-29.788095474243164
459.859771728,37.91392135620117,-29.775596618652344
460.075592041,37.910888671875,-29.50721549987793
460.225006103,37.90855407714844,-29.30059242248535
460.424224853,37.90570831298828,-29.048818588256836
460.623443603,37.902801513671875,-28.791566848754883
460.822662353,37.900146484375,-28.556577682495117
460.972076416,37.89812088012695,-28.377321243286133
461.171295166,37.89851760864258,-28.122804641723633
461.370513916,37.899662017822266,-27.869651794433594
461.536529541,37.900569915771484,-27.66849708557129
461.735748291,37.90171432495117,-27.41534423828125
461.934967041,37.90288162231445,-27.15808868408203
462.134185791,37.90401840209961,-26.90630340576172
462.333404541,37.90518569946289,-26.6490478515625
462.482818603,37.9058837890625,-26.441055297851562
462.682037353,37.89824295043945,-26.182540893554688
462.881256103,37.895572662353516,-25.93351173400879
463.080474853,37.893489837646484,-25.683103561401367
463.180084228,37.894866943359375,-25.553112030029297
463.346099853,37.8990478515625,-25.345149993896484
463.495513916,37.902584075927734,-25.16866111755371
463.694732666,37.907657623291016,-24.915555953979492
463.893951416,37.912574768066406,-24.65833854675293
464.093170166,37.912864685058594,-24.398347854614258
464.242584228,37.9124641418457,-24.199928283691406
464.441802978,37.911956787109375,-23.94951057434082
464.641021728,37.91143035888672,-23.6922550201416
464.840240478,37.91089630126953,-23.43226432800293
465.006256103,37.91048049926758,-23.228374481201172
465.205474853,37.90995407104492,-22.971118927001953
465.404693603,37.909420013427734,-22.71112823486328
465.554107666,37.9090576171875,-22.53323745727539
465.753326416,37.908546447753906,-22.281452178955078
465.952545166,37.90802001953125,-22.02419662475586
466.151763916,37.90748596191406,-21.764205932617188
466.350982666,37.90557861328125,-21.512439727783203
466.500396728,37.892616271972656,-21.304855346679688
466.716217041,37.86868667602539,-21.0487117767334
466.915435791,37.86151885986328,-20.7916259765625
467.114654541,37.86655807495117,-20.551029205322266
467.313873291,37.87046432495117,-20.460350036621094
467.463287353,37.88301467895508,-20.25684356689453
467.662506103,37.8995361328125,-20.001480102539062
467.861724853,37.90007781982422,-19.74701499938965
468.060943603,37.880550384521484,-19.491905212402344
468.260162353,37.865684509277344,-19.232412338256836
468.426177978,37.864295959472656,-19.02716064453125
468.625396728,37.869850158691406,-18.77133560180664
468.824615478,37.88228225708008,-18.511642456054688
469.023834228,37.898136138916016,-18.257617950439453
469.223052978,37.9039306640625,-18.011432647705078
469.422271728,37.886985778808594,-17.756187438964844
469.621490478,37.86475372314453,-17.497177124023438
469.820709228,37.86124801635742,-17.24270248413086
470.019927978,37.86576461791992,-17.016963958740234
470.185943603,37.87641906738281,-16.7886905670166
470.335357666,37.88744354248047,-16.607025146484375
470.534576416,37.902278900146484,-16.3515625
470.733795166,37.91008377075195,-16.09990119934082
470.933013916,37.91164016723633,-15.844011306762695
471.132232666,37.91274642944336,-15.58401107788086
471.331451416,37.91383361816406,-15.330853462219238
471.530670166,37.914939880371094,-15.070853233337402
471.729888916,37.916046142578125,-14.810853004455566
471.895904541,37.9163932800293,-14.729219436645508
472.095123291,37.917476654052734,-14.47743034362793
472.294342041,37.918331146240234,-14.22016716003418
472.443756103,37.91698455810547,-14.049673080444336
472.642974853,37.91481018066406,-13.789682388305664
472.842193603,37.912635803222656,-13.529691696166992
473.041412353,37.910518646240234,-13.276543617248535
473.240631103,37.90841293334961,-13.024764060974121
473.456451416,37.9062385559082,-12.76477336883545
473.605865478,37.90449905395508,-12.556780815124512
473.805084228,37.90240478515625,-12.30636978149414
474.004302978,37.900230407714844,-12.046379089355469
474.203521728,37.89807891845703,-11.789125442504883
474.402740478,37.895973205566406,-11.537345886230469
474.601959228,37.897193908691406,-11.285566329956055
474.751373291,37.89970397949219,-11.103586196899414
474.950592041,37.903533935546875,-10.843618392944336
475.149810791,37.91360092163086,-10.587940216064453
475.315826416,37.938560485839844,-10.388472557067871
475.515045166,38.01967239379883,-10.143774032592773
475.714263916,38.17669677734375,-9.945590019226074
475.863677978,38.3223876953125,-9.858448028564453
476.062896728,38.57217788696289,-9.799651145935059
476.212310791,38.74665069580078,-9.784509658813477
476.361724853,38.9545783996582,-9.781026840209961
476.560943603,39.211727142333984,-9.788248062133789
476.710357666,39.386619567871094,-9.797857284545898
476.876373291,39.587371826171875,-9.810818672180176
477.025787353,39.79224395751953,-9.823554039001465
477.225006103,40.04931640625,-9.833276748657227
477.374420166,40.22856903076172,-9.83521842956543
477.523834228,40.43109893798828,-9.834304809570312
477.723052978,40.68836975097656,-9.833040237426758
477.872467041,40.87037658691406,-9.832145690917969
478.021881103,41.074275970458984,-9.831143379211426
478.171295166,41.24943542480469,-9.830282211303711
478.320709228,41.45059585571289,-9.829293251037598
478.470123291,41.62712478637695,-9.828425407409668
478.685943603,41.910396575927734,-9.827033042907715
478.835357666,42.088294982910156,-9.82615852355957
478.984771728,42.29082489013672,-9.825162887573242
479.134185791,42.414981842041016,-9.824551582336426
479.333404541,42.414981842041016,-9.824551582336426
479.482818603,42.414981842041016,-9.824551582336426
479.632232666,42.414981842041016,-9.824551582336426
479.781646728,42.414981842041016,-9.824551582336426
479.931060791,42.414981842041016,-9.824551582336426
480.130279541,42.62099075317383,-9.823537826538086
480.296295166,42.82215118408203,-9.822548866271973
480.445709228,43.024681091308594,-9.821553230285645
480.595123291,43.206687927246094,-9.820658683776855
480.694732666,43.336692810058594,-9.820019721984863
480.893951416,43.59221649169922,-9.80800724029541
481.043365478,43.79244613647461,-9.78872299194336
481.192779541,43.9710807800293,-9.77373218536377
481.391998291,44.230648040771484,-9.758926391601562
481.541412353,44.43718719482422,-9.753006935119629
481.690826416,44.61370849609375,-9.75211238861084
481.890045166,44.75918960571289,-9.754249572753906
481.989654541,44.75918960571289,-9.754249572753906
482.205474853,44.97526931762695,-9.758639335632324
482.354888916,45.150394439697266,-9.762199401855469
482.554107666,45.30025863647461,-9.765241622924805
482.703521728,45.50820541381836,-9.769468307495117
482.902740478,45.762691497802734,-9.773452758789062
483.052154541,45.940589904785156,-9.773700714111328
483.251373291,46.19786071777344,-9.774059295654297
483.400787353,46.40586853027344,-9.774349212646484
483.550201416,46.5823974609375,-9.774595260620117
483.716217041,46.7835578918457,-9.77487564086914
483.915435791,47.038089752197266,-9.775230407714844
484.064849853,47.246097564697266,-9.775520324707031
484.214263916,47.385494232177734,-9.775714874267578
484.363677978,47.385494232177734,-9.775714874267578
484.562896728,47.6141357421875,-9.776031494140625
484.712310791,47.7892951965332,-9.776275634765625
484.861724853,47.993194580078125,-9.776559829711914
485.060943603,48.250465393066406,-9.776918411254883
485.210357666,48.432472229003906,-9.777172088623047
485.376373291,48.63911056518555,-9.777460098266602
485.575592041,48.89364242553711,-9.777814865112305
485.725006103,49.10165023803711,-9.778104782104492
485.874420166,49.27954864501953,-9.778352737426758
486.073638916,49.529972076416016,-9.778701782226562
486.223052978,49.73113250732422,-9.778982162475586
486.372467041,49.910400390625,-9.779232025146484
486.521881103,50.118408203125,-9.779521942138672
486.721099853,50.37702178955078,-9.776217460632324
486.870513916,50.552154541015625,-9.77314567565918
487.036529541,50.75602340698242,-9.769570350646973
487.235748291,51.015995025634766,-9.76501178741455
487.385162353,51.217124938964844,-9.761484146118164
487.534576416,51.38953399658203,-9.759624481201172
487.683990478,51.59343338012695,-9.759908676147461
487.883209228,51.85344314575195,-9.760271072387695
488.032623291,52.03544998168945,-9.76052474975586
488.182037353,52.236610412597656,-9.760805130004883
488.381256103,52.4884033203125,-9.76115608215332
488.530670166,52.66630172729492,-9.761404037475586
488.680084228,52.8715705871582,-9.761690139770508
488.846099853,53.0795783996582,-9.761980056762695
489.045318603,53.33000183105469,-9.7623291015625
489.194732666,53.50926971435547,-9.762578964233398
489.393951416,53.76927947998047,-9.762941360473633
489.543365478,53.97591781616211,-9.763229370117188
489.692779541,54.15107727050781,-9.763473510742188
489.891998291,54.406978607177734,-9.763830184936523
490.041412353,54.614986419677734,-9.764120101928711
490.240631103,54.872257232666016,-9.76447868347168
490.390045166,55.04741668701172,-9.76472282409668
490.556060791,55.24720764160156,-9.76500129699707
490.755279541,55.328208923339844,-9.765113830566406
490.904693603,55.441715240478516,-9.765270233154297
491.103912353,55.701725006103516,-9.765632629394531
491.253326416,55.87688446044922,-9.765876770019531
491.402740478,56.08078384399414,-9.76616096496582
491.601959228,56.333946228027344,-9.76651382446289
491.751373291,56.515953063964844,-9.766767501831055
491.950592041,56.775962829589844,-9.767129898071289
492.100006103,56.981231689453125,-9.767416000366211
492.266021728,57.18102264404297,-9.767694473266602
492.465240478,57.43966293334961,-9.768054962158203
492.614654541,57.62166976928711,-9.768308639526367
492.813873291,57.87483215332031,-9.768661499023438
492.963287353,58.080101013183594,-9.76894760131836
493.162506103,58.340110778808594,-9.769309997558594
493.311920166,58.522117614746094,-9.769563674926758
493.511138916,58.7684326171875,-9.769906997680664
493.710357666,59.018856048583984,-9.770256042480469
493.876373291,59.225494384765625,-9.770544052124023
494.075592041,59.482765197753906,-9.770902633666992
494.225006103,59.68529510498047,-9.771184921264648
494.374420166,59.86319351196289,-9.771432876586914
494.573638916,60.12320327758789,-9.771795272827148
494.723052978,60.33121109008789,-9.772085189819336
494.922271728,60.584373474121094,-9.772438049316406
495.071685791,60.763641357421875,-9.772687911987305
495.270904541,61.020912170410156,-9.773046493530273
495.420318603,61.228919982910156,-9.773336410522461
495.569732666,61.4095573425293,-9.773588180541992
495.785552978,61.688720703125,-9.773977279663086
495.934967041,61.8707275390625,-9.77423095703125
496.084381103,62.07736587524414,-9.774518966674805
496.283599853,62.326419830322266,-9.774866104125977
496.433013916,62.50294876098633,-9.77511215209961
496.632232666,62.76295852661133,-9.775474548339844
496.781646728,62.97096633911133,-9.775764465332031
496.980865478,63.197757720947266,-9.776081085205078
497.130279541,63.197757720947266,-9.776081085205078
497.346099853,63.197757720947266,-9.776081085205078
497.495513916,63.197757720947266,-9.776081085205078
497.694732666,63.197757720947266,-9.776081085205078
497.844146728,63.197757720947266,-9.776081085205078
498.043365478,63.197757720947266,-9.776081085205078
498.142974853,63.197757720947266,-9.776081085205078
498.292388916,63.197757720947266,-9.776081085205078
498.491607666,63.197757720947266,-9.776081085205078
498.690826416,63.40176773071289,-9.776363372802734
498.840240478,63.60703659057617,-9.776649475097656
498.989654541,63.78904342651367,-9.77690315246582
499.205474853,64.07231903076172,-9.777297973632812
499.354888916,64.24886322021484,-9.777544021606445
499.554107666,64.39498901367188,-9.77774715423584
499.753326416,64.6481704711914,-9.77810001373291
499.902740478,64.85208129882812,-9.7783842086792
500.101959228,65.10935974121094,-9.778742790222168
500.251373291,65.29136657714844,-9.778996467590332
500.450592041,65.54727935791016,-9.779353141784668
500.600006103,65.74568939208984,-9.777970314025879
500.766021728,65.94680786132812,-9.774442672729492
500.965240478,66.20401000976562,-9.76993179321289
501.164459228,66.45984649658203,-9.7654447555542
501.313873291,66.63497161865234,-9.762372970581055
501.513092041,66.88947296142578,-9.759135246276855
501.662506103,67.09748077392578,-9.76090145111084
501.811920166,67.27948760986328,-9.762877464294434
502.011138916,67.53263092041016,-9.765624046325684
502.210357666,67.78577423095703,-9.768370628356934
502.376373291,67.9271469116211,-9.769905090332031
502.525787353,68.09764862060547,-9.771756172180176
502.725006103,68.35765838623047,-9.774579048156738
502.874420166,68.53966522216797,-9.776473045349121
503.073638916,68.79281616210938,-9.775235176086426
503.223052978,68.99395751953125,-9.773609161376953
503.422271728,69.25396728515625,-9.77151107788086
503.571685791,69.43597412109375,-9.770042419433594
503.721099853,69.63986206054688,-9.76839542388916
503.920318603,69.8902587890625,-9.76637077331543
504.119537353,70.1187744140625,-9.764524459838867
504.285552978,70.35140991210938,-9.762646675109863
504.484771728,70.6072998046875,-9.760580062866211
504.634185791,70.78518676757812,-9.759142875671387
504.783599853,70.99319458007812,-9.757464408874512
504.982818603,71.2518310546875,-9.756179809570312
505.132232666,71.42697143554688,-9.758002281188965
505.331451416,71.67599487304688,-9.760703086853027
505.480865478,71.87576293945312,-9.762869834899902
505.680084228,72.13577270507812,-9.765692710876465
505.846099853,72.34378051757812,-9.767951011657715
505.995513916,72.52166748046875,-9.769881248474121
506.194732666,72.78030395507812,-9.772688865661621
506.344146728,72.98831176757812,-9.774947166442871
506.543365478,73.24694061279297,-9.777918815612793
506.692779541,73.42597198486328,-9.785690307617188
506.891998291,73.66680908203125,-9.844991683959961
507.041412353,73.83785247802734,-9.949789047241211
507.190826416,73.96466064453125,-10.075929641723633
507.340240478,74.0693130493164,-10.242403030395508
507.489654541,74.1313247680664,-10.413201332092285
507.655670166,74.16452026367188,-10.612813949584961
507.805084228,74.17948913574219,-10.82026481628418
507.954498291,74.18885040283203,-11.002023696899414
508.103912353,74.20287322998047,-11.20268726348877
508.253326416,74.22066497802734,-11.378288269042969
508.452545166,74.26426696777344,-11.631757736206055
508.601959228,74.31330108642578,-11.828237533569336
508.751373291,74.3616943359375,-12.003684997558594
508.900787353,74.41793823242188,-12.201089859008789
509.050201416,74.46690368652344,-12.374956130981445
509.199615478,74.51395416259766,-12.55077075958252
509.365631103,74.57160186767578,-12.777551651000977
509.515045166,74.61632537841797,-12.952558517456055
509.664459228,74.66875457763672,-13.148180961608887
509.813873291,74.71793365478516,-13.323410034179688
509.963287353,74.7734146118164,-13.523872375488281
510.112701416,74.82283782958984,-13.69903564453125
510.262115478,74.8783950805664,-13.899476051330566
510.461334228,74.94618225097656,-14.147653579711914
510.610748291,74.99237060546875,-14.320866584777832
510.760162353,75.04430389404297,-14.512368202209473
510.909576416,75.08975219726562,-14.67868709564209
511.075592041,75.14132690429688,-14.870285987854004
511.225006103,75.1922607421875,-15.066300392150879
511.374420166,75.23899841308594,-15.24220085144043
511.523834228,75.2906723022461,-15.44367504119873
511.673248291,75.33788299560547,-15.619444847106934
511.822662353,75.39508819580078,-15.819416046142578
511.972076416,75.4458236694336,-15.994193077087402
512.171264648,75.51858520507812,-16.239521026611328
512.320678710,75.57637786865234,-16.433626174926758
512.470092773,75.62409210205078,-16.602155685424805
512.636108398,75.6772232055664,-16.79474639892578
512.785522460,75.731689453125,-16.9954891204834
512.934936523,75.77865600585938,-17.17131996154785
513.084350585,75.83098602294922,-17.372629165649414
513.233764648,75.87860870361328,-17.546863555908203
513.432983398,75.95267486572266,-17.796079635620117
513.582397460,76.00938415527344,-17.990497589111328
513.731811523,76.0590591430664,-18.16131019592285
513.881225585,76.11729431152344,-18.36098861694336
514.030639648,76.13264465332031,-18.41380500793457
514.180053710,76.13264465332031,-18.41380500793457
514.346069335,76.13264465332031,-18.41380500793457
514.495483398,76.13264465332031,-18.41380500793457
514.694702148,76.13264465332031,-18.41380500793457
514.844116210,76.13264465332031,-18.41380500793457
514.993530273,76.13264465332031,-18.41380500793457
515.142944335,76.13264465332031,-18.41380500793457
515.342163085,76.13668060302734,-18.41748809814453
515.491577148,76.1452865600586,-18.42157554626465
515.591186523,76.23352813720703,-18.43094253540039
515.740600585,76.41962432861328,-18.38164520263672
515.956420898,76.59469604492188,-18.207656860351562
516.155639648,76.65245056152344,-17.958375930786133
516.305053710,76.63096618652344,-17.75167465209961
516.504272460,76.59597778320312,-17.494077682495117
516.703491210,76.5952377319336,-17.237285614013672
516.902709960,76.65110778808594,-16.989513397216797
517.101928710,76.75423431396484,-16.755599975585938
517.251342773,76.8431396484375,-16.59682846069336
517.450561523,76.9811019897461,-16.37645149230957
517.666381835,77.13172149658203,-16.13332176208496
517.865600585,77.2647476196289,-15.914722442626953
518.015014648,77.35527038574219,-15.75999641418457
518.214233398,77.47718048095703,-15.538134574890137
518.413452148,77.59673309326172,-15.310332298278809
518.612670898,77.7117691040039,-15.077179908752441
518.811889648,77.8198471069336,-14.840717315673828
519.011108398,77.92635345458984,-14.603538513183594
519.160522460,78.01312255859375,-14.414509773254395
519.359741210,78.11448669433594,-14.206656455993652
519.575561523,78.1883544921875,-14.063614845275879
519.774780273,78.31034851074219,-13.83400821685791
519.924194335,78.4082260131836,-13.650476455688477
520.123413085,78.50614166259766,-13.464710235595703
520.322631835,78.62623596191406,-13.23410701751709
520.521850585,78.74626922607422,-13.003464698791504
520.671264648,78.81685638427734,-12.866294860839844
520.870483398,78.93346405029297,-12.636971473693848
521.086303710,79.0631332397461,-12.385130882263184
521.235717773,79.13026428222656,-12.250823974609375
521.434936523,79.24638366699219,-12.018213272094727
521.634155273,79.36128234863281,-11.788049697875977
521.833374023,79.42715454101562,-11.656085968017578
521.982788085,79.52066040039062,-11.470287322998047
522.182006835,79.63776397705078,-11.238153457641602
522.381225585,79.74036407470703,-11.04381275177002
522.580444335,79.85298919677734,-10.815580368041992
522.729858398,79.9285888671875,-10.650032043457031
522.945678710,80.04312133789062,-10.387984275817871
523.144897460,80.16584777832031,-10.168427467346191
523.294311523,80.27850341796875,-10.025835037231445
523.493530273,80.48441314697266,-9.881187438964844
523.692749023,80.72834014892578,-9.823840141296387
523.842163085,80.9306411743164,-9.828136444091797
523.991577148,81.1015625,-9.850619316101074
524.190795898,81.35796356201172,-9.893660545349121
524.340209960,81.56356048583984,-9.92514705657959
524.556030273,81.8171157836914,-9.946404457092285
524.705444335,82.01956939697266,-9.951800346374512
524.904663085,82.27957916259766,-9.952143669128418
525.103881835,82.53958892822266,-9.95125675201416
525.253295898,82.71472930908203,-9.95065975189209
525.452514648,82.9678726196289,-9.949796676635742
525.651733398,83.2278823852539,-9.948909759521484
525.801147460,83.4358901977539,-9.948200225830078
526.000366210,83.68766021728516,-9.947341918945312
