timestamp_sec,x,y
1.975401282,77.0999984741211,-6.199999809265137
2.124800443,77.0999984741211,-6.199999809265137
2.323999166,77.0999984741211,-6.199999809265137
2.473398208,77.0999984741211,-6.199999809265137
2.672596931,77.0999984741211,-6.199999809265137
2.871795654,77.0999984741211,-6.199999809265137
3.021194696,77.0999984741211,-6.199999809265137
3.220393419,77.0999984741211,-6.199999809265137
3.386392354,77.0999984741211,-6.199999809265137
3.535791397,77.0999984741211,-6.199999809265137
3.734990119,77.0999984741211,-6.199999809265137
3.884389162,77.0999984741211,-6.199999809265137
4.083589076,77.0999984741211,-6.199999809265137
4.282790660,77.0999984741211,-6.199999809265137
4.432191848,77.0999984741211,-6.199999809265137
4.631393432,77.0999984741211,-6.199999809265137
4.780794620,77.0999984741211,-6.199999809265137
4.930195808,77.0999984741211,-6.199999809265137
5.145997524,77.0999984741211,-6.199999809265137
5.295398712,77.0999984741211,-6.199999809265137
5.494600296,77.0999984741211,-6.199999809265137
5.644001483,77.0999984741211,-6.199999809265137
5.843203067,77.0999984741211,-6.199999809265137
5.992604255,77.0999984741211,-6.199999809265137
6.191805839,77.0999984741211,-6.199999809265137
6.341207027,77.0999984741211,-6.199999809265137
6.540408611,77.0999984741211,-6.199999809265137
6.689809799,77.0999984741211,-6.199999809265137
6.855811119,77.0999984741211,-6.199999809265137
7.005212306,77.0999984741211,-6.199999809265137
7.204413890,77.0999984741211,-6.199999809265137
7.353815078,77.0999984741211,-6.199999809265137
7.503216266,77.0999984741211,-6.199999809265137
7.702417850,77.0999984741211,-6.199999809265137
7.851819038,77.0999984741211,-6.199999809265137
8.001219749,77.0999984741211,-6.199999809265137
8.200415611,77.0999984741211,-6.199999809265137
8.349812507,77.0999984741211,-6.199999809265137
8.515809059,77.0999984741211,-6.199999809265137
8.665205955,77.0999984741211,-6.199999809265137
8.864401817,77.0999984741211,-6.199999809265137
9.013798713,77.0999984741211,-6.199999809265137
9.212994575,77.0999984741211,-6.199999809265137
9.362391471,77.0999984741211,-6.199999809265137
9.561587333,77.0999984741211,-6.199999809265137
9.710984230,77.0999984741211,-6.199999809265137
9.860381126,77.0999984741211,-6.199999809265137
10.076176643,77.0999984741211,-6.199999809265137
10.225573539,77.0999984741211,-6.199999809265137
10.374970436,77.0999984741211,-6.199999809265137
10.574166297,77.0999984741211,-6.199999809265137
10.723563194,77.0999984741211,-6.199999809265137
10.872960090,77.0999984741211,-6.199999809265137
11.072155952,77.0999984741211,-6.199999809265137
11.221552848,77.0999984741211,-6.199999809265137
11.370949745,77.0999984741211,-6.199999809265137
11.520346641,77.0999984741211,-6.199999809265137
11.636544227,77.0999984741211,-6.199999809265137
11.835740089,77.0999984741211,-6.199999809265137
11.985136985,77.0999984741211,-6.199999809265137
12.134533882,77.0999984741211,-6.199999809265137
12.283930778,77.0999984741211,-6.199999809265137
12.483126640,77.0999984741211,-6.199999809265137
12.632523536,77.0999984741211,-6.199999809265137
12.781920433,77.0999984741211,-6.199999809265137
12.931317329,77.0999984741211,-6.199999809265137
13.130513191,77.0999984741211,-6.199999809265137
13.296509742,77.0999984741211,-6.199999809265137
13.445906639,77.0999984741211,-6.199999809265137
13.595303535,77.0999984741211,-6.199999809265137
13.794499397,77.0999984741211,-6.199999809265137
13.943896293,77.0999984741211,-6.199999809265137
14.093293190,77.0999984741211,-6.199999809265137
14.242690086,77.0999984741211,-6.199999809265137
14.441885948,77.0999984741211,-6.199999809265137
14.591282844,77.0999984741211,-6.199999809265137
14.740679740,77.0999984741211,-6.199999809265137
14.890076637,77.0999984741211,-6.199999809265137
15.105872154,77.0999984741211,-6.199999809265137
15.255269050,77.0999984741211,-6.199999809265137
15.404665946,77.0999984741211,-6.199999809265137
15.603861808,77.0999984741211,-6.199999809265137
15.753258705,77.0999984741211,-6.199999809265137
15.902655601,77.0999984741211,-6.199999809265137
16.052053451,77.0999984741211,-6.199999809265137
16.201450347,77.0999984741211,-6.199999809265137
16.400646209,77.0999984741211,-6.199999809265137
16.550043106,77.0999984741211,-6.199999809265137
16.716039657,77.0999984741211,-6.199999809265137
16.865436553,77.0999984741211,-6.199999809265137
17.014833450,77.0999984741211,-6.199999809265137
17.214029312,77.0999984741211,-6.199999809265137
17.363426208,77.0999984741211,-6.199999809265137
17.512823104,77.0999984741211,-6.199999809265137
17.712018966,77.0999984741211,-6.199999809265137
17.861415863,77.0999984741211,-6.199999809265137
18.010812759,77.0999984741211,-6.199999809265137
18.210008621,77.0999984741211,-6.199999809265137
18.376005172,77.0999984741211,-6.199999809265137
18.525402069,77.0999984741211,-6.199999809265137
18.724597930,77.0999984741211,-6.199999809265137
18.873994827,77.0999984741211,-6.199999809265137
19.023391723,77.0999984741211,-6.199999809265137
19.172788619,77.0999984741211,-6.199999809265137
19.371984481,77.0999984741211,-6.199999809265137
19.521381378,77.0999984741211,-6.199999809265137
19.670778274,77.0999984741211,-6.199999809265137
19.869974136,77.0999984741211,-6.199999809265137
20.035970687,77.0999984741211,-6.199999809265137
20.185367584,77.0999984741211,-6.199999809265137
20.334764480,77.0999984741211,-6.199999809265137
20.484161376,77.0999984741211,-6.199999809265137
20.683357238,77.0999984741211,-6.199999809265137
20.832754135,77.0999984741211,-6.199999809265137
20.982151031,77.0999984741211,-6.199999809265137
21.131547927,77.0999984741211,-6.199999809265137
21.330743789,77.0999984741211,-6.199999809265137
21.480140686,77.0999984741211,-6.199999809265137
21.629537582,77.0999984741211,-6.199999809265137
21.795534133,77.0999984741211,-6.199999809265137
21.944931030,77.0999984741211,-6.199999809265137
22.144126892,77.0999984741211,-6.199999809265137
22.293523788,77.0999984741211,-6.199999809265137
22.442920684,77.0999984741211,-6.199999809265137
22.592317581,77.0999984741211,-6.199999809265137
22.791513442,77.0999984741211,-6.199999809265137
22.940910339,77.0999984741211,-6.199999809265137
23.090307235,77.0999984741211,-6.199999809265137
23.256303787,77.0999984741211,-6.199999809265137
23.405700683,77.0999984741211,-6.199999809265137
23.555097579,77.0999984741211,-6.199999809265137
23.754293441,77.0999984741211,-6.199999809265137
23.853891372,77.0999984741211,-6.199999809265137
24.053087234,77.0999984741211,-6.199999809265137
24.202484130,77.0999984741211,-6.199999809265137
24.351881027,77.0999984741211,-6.199999809265137
24.501277923,77.0999984741211,-6.199999809265137
24.650674819,77.0999984741211,-6.199999809265137
24.800071716,77.0999984741211,-6.199999809265137
24.916269302,77.0999984741211,-6.199999809265137
25.115465164,77.0999984741211,-6.199999809265137
25.264862060,77.0999984741211,-6.199999809265137
25.414258956,77.0999984741211,-6.199999809265137
25.613454818,77.0999984741211,-6.199999809265137
25.762851715,77.0999984741211,-6.199999809265137
25.912248611,77.0999984741211,-6.199999809265137
26.061645507,77.0999984741211,-6.199999809265137
26.260841369,77.0999984741211,-6.199999809265137
26.410238265,77.0999984741211,-6.199999809265137
26.559635162,77.0999984741211,-6.199999809265137
26.725631713,77.0999984741211,-6.199999809265137
26.875028610,77.0999984741211,-6.199999809265137
27.074224472,77.0999984741211,-6.199999809265137
27.223621368,77.0999984741211,-6.199999809265137
27.373018264,77.0999984741211,-6.199999809265137
27.522415161,77.0999984741211,-6.199999809265137
27.721611022,77.0999984741211,-6.199999809265137
27.821208953,77.0999984741211,-6.199999809265137
28.020404815,77.0999984741211,-6.199999809265137
28.169801712,77.0999984741211,-6.199999809265137
28.335798263,77.0999984741211,-6.199999809265137
28.485195159,77.0999984741211,-6.199999809265137
28.634592056,77.0999984741211,-6.199999809265137
28.783988952,77.0999984741211,-6.199999809265137
28.983184814,77.0999984741211,-6.199999809265137
29.132581710,77.0999984741211,-6.199999809265137
29.281978607,77.0999984741211,-6.199999809265137
29.431375503,77.0999984741211,-6.199999809265137
29.630571365,77.0999984741211,-6.199999809265137
29.796567916,77.0999984741211,-6.199999809265137
29.945964813,77.08905792236328,-6.20565938949585
30.145160675,76.8924560546875,-6.225796222686768
30.344356536,76.67212677001953,-6.120253086090088
30.543552398,76.51962280273438,-5.913425922393799
30.742748260,76.4233169555664,-5.674973964691162
30.892145156,76.35369110107422,-5.506856441497803
31.091341018,76.23199462890625,-5.28043270111084
31.290536880,76.08035278320312,-5.074534893035889
31.489732742,76.05311584472656,-5.04190731048584
31.705528259,76.05311584472656,-5.04190731048584
31.904724121,76.05311584472656,-5.04190731048584
32.103931427,76.05311584472656,-5.04190731048584
32.303150177,76.05311584472656,-5.04190731048584
32.502368927,76.05311584472656,-5.04190731048584
32.651782989,75.99170684814453,-5.022262096405029
32.851001739,75.75005340576172,-5.043370723724365
33.000415802,75.58708190917969,-5.158665180206299
33.149829864,75.47620391845703,-5.302707672119141
33.365650177,75.33938598632812,-5.553710460662842
33.515064239,75.25711822509766,-5.70988130569458
33.714282989,75.13572692871094,-5.909823417663574
33.863697052,75.0138168334961,-6.076606750488281
34.062915802,74.85627746582031,-6.262247085571289
34.212329864,74.72967529296875,-6.389107704162598
34.411548614,74.53878784179688,-6.557458400726318
34.560962677,74.3797378540039,-6.691526412963867
34.760181427,74.18074798583984,-6.858875274658203
34.926197052,74.02400970458984,-6.995615005493164
35.075611114,73.89350891113281,-7.122451305389404
35.274829864,73.70903015136719,-7.3056559562683105
35.424243927,73.56255340576172,-7.45139217376709
35.573657989,73.4386215209961,-7.575156211853027
35.772876739,73.2610092163086,-7.753622055053711
35.922290802,73.11697387695312,-7.892067909240723
36.121509552,72.93168640136719,-8.066560745239258
36.270923614,72.79913330078125,-8.191272735595703
36.420337677,72.64713287353516,-8.33325481414795
36.636157989,72.45497131347656,-8.508376121520996
36.785572052,72.30072784423828,-8.647869110107422
36.934986114,72.1689224243164,-8.773359298706055
37.134204864,71.98761749267578,-8.948055267333984
37.283618927,71.83796691894531,-9.088536262512207
37.482837677,71.64834594726562,-9.26240062713623
37.632251739,71.51725006103516,-9.382646560668945
37.831470489,71.48638916015625,-9.410394668579102
37.980884552,71.48638916015625,-9.410394668579102
38.180103302,71.48638916015625,-9.410394668579102
38.346118927,71.48638916015625,-9.410394668579102
38.495532989,71.48638916015625,-9.410394668579102
38.694751739,71.4751968383789,-9.45259952545166
38.844165802,71.47891235351562,-9.542086601257324
38.993579864,71.56194305419922,-9.679716110229492
39.192798614,71.77836608886719,-9.807016372680664
39.392017364,72.0284194946289,-9.798819541931152
39.591236114,72.2701644897461,-9.703721046447754
39.740650177,72.46074676513672,-9.627626419067383
39.890064239,72.63015747070312,-9.57857894897461
40.056079864,72.83101654052734,-9.55479907989502
40.255298614,73.08419036865234,-9.57553768157959
40.404712677,73.28312683105469,-9.635322570800781
40.603931427,73.50240325927734,-9.752588272094727
40.753345489,73.64552307128906,-9.855836868286133
40.902759552,73.79708099365234,-9.98990249633789
41.052173614,73.91432189941406,-10.128951072692871
41.201587677,74.02653503417969,-10.303875923156738
41.400806427,74.13005065917969,-10.538991928100586
41.550220489,74.171630859375,-10.710381507873535
41.716236114,74.19803619384766,-10.912479400634766
41.865650177,74.20110321044922,-11.114887237548828
42.015064239,74.18965148925781,-11.296494483947754
42.164478302,74.17361450195312,-11.495633125305176
42.313892364,74.16385650634766,-11.667774200439453
42.513111114,74.15728759765625,-11.919452667236328
42.662525177,74.17240905761719,-12.122660636901855
42.811939239,74.19712829589844,-12.302973747253418
43.011157989,74.2284927368164,-12.559693336486816
43.160572052,74.25588989257812,-12.758974075317383
43.309986114,74.27816009521484,-12.929946899414062
43.476001739,74.30135345458984,-13.136651992797852
43.625415802,74.32447814941406,-13.343363761901855
43.824634552,74.34728240966797,-13.59411334991455
43.974048614,74.36564636230469,-13.769678115844727
44.123462677,74.38822174072266,-13.968185424804688
44.272876739,74.40534973144531,-14.142499923706055
44.472095489,74.4270248413086,-14.398844718933105
44.621509552,74.4466781616211,-14.605914115905762
44.770923614,74.46206665039062,-14.78588581085205
44.920337677,74.47584533691406,-14.98382568359375
45.086353302,74.49765014648438,-15.185160636901855
45.235767364,74.51748657226562,-15.364697456359863
45.434986114,74.53868865966797,-15.616955757141113
45.584400177,74.55549621582031,-15.817405700683594
45.733814239,74.57183837890625,-15.989051818847656
45.883228302,74.58836364746094,-16.193639755249023
46.082447052,74.60379028320312,-16.449060440063477
46.231861114,74.61978149414062,-16.630352020263672
46.381275177,74.63815307617188,-16.8320369720459
46.580493927,74.65455627441406,-17.084651947021484
46.729907989,74.66564178466797,-17.25945472717285
46.895923614,74.68260192871094,-17.45989418029785
47.045337677,74.70048522949219,-17.66712188720703
47.244556427,74.71775817871094,-17.921056747436523
47.393970489,74.73347473144531,-18.095502853393555
47.543384552,74.75411224365234,-18.299726486206055
47.692798614,74.76961517333984,-18.481060028076172
47.892017364,74.7863540649414,-18.73914337158203
48.041431427,74.8031005859375,-18.939599990844727
48.190845489,74.81819152832031,-19.116851806640625
48.390064239,74.83330535888672,-19.375028610229492
48.506275177,74.83848571777344,-19.530941009521484
48.705493927,74.85070037841797,-19.790597915649414
48.854907989,74.85565185546875,-19.851425170898438
49.004322052,74.85565185546875,-19.851425170898438
49.203540802,74.87069702148438,-20.06939697265625
49.352954864,74.8772201538086,-20.24578857421875
49.502368927,74.88109588623047,-20.44691276550293
49.651782989,74.88446807861328,-20.622041702270508
49.801197052,74.88993072509766,-20.82859230041504
50.000415802,74.9139404296875,-21.087434768676758
50.149829864,74.933837890625,-21.266969680786133
50.315845489,74.95906829833984,-21.467914581298828
50.515064239,74.99343872070312,-21.725629806518555
50.664478302,75.01887512207031,-21.93206214904785
50.813892364,75.04243469238281,-22.10838508605957
50.963306427,75.06637573242188,-22.30948829650879
51.162525177,75.09613037109375,-22.560880661010742
51.311939239,75.1168212890625,-22.741697311401367
51.461353302,75.13655853271484,-22.948759078979492
51.660572052,75.16509246826172,-23.201675415039062
51.809986114,75.18362426757812,-23.378599166870117
51.976001739,75.20170593261719,-23.581689834594727
52.125415802,75.22389221191406,-23.788503646850586
52.324634552,75.24858093261719,-24.043197631835938
52.474048614,75.26547241210938,-24.220285415649414
52.623462677,75.28678894042969,-24.4244384765625
52.822681427,75.30859375,-24.68351173400879
52.972095489,75.32504272460938,-24.864749908447266
53.121509552,75.34736633300781,-25.060529708862305
53.270923614,75.36480712890625,-25.237564086914062
53.420337677,75.38473510742188,-25.44322967529297
53.569751739,75.40461730957031,-25.624141693115234
53.735767364,75.42337036132812,-25.83129119873047
53.934986114,75.44384002685547,-26.08772087097168
54.084400177,75.46519470214844,-26.294620513916016
54.233814239,75.48074340820312,-26.4759521484375
54.383228302,75.49402618408203,-26.6752986907959
54.532642364,75.51012420654297,-26.849706649780273
54.731861114,75.53739166259766,-27.102767944335938
54.831470489,75.54890441894531,-27.232255935668945
54.980884552,75.56471252441406,-27.439651489257812
55.130298614,75.5811767578125,-27.620906829833984
55.346118927,75.6043701171875,-27.89634895324707
55.495532989,75.61483764648438,-28.076675415039062
55.644947052,75.63015747070312,-28.284093856811523
55.794361114,75.64661407470703,-28.462602615356445
55.943775177,75.66252136230469,-28.65900993347168
56.142993927,75.67928314208984,-28.906118392944336
56.292407989,75.69731903076172,-29.084468841552734
56.441822052,75.71737670898438,-29.29149627685547
56.591236114,75.73063659667969,-29.473007202148438
56.790454864,75.7485122680664,-29.73238182067871
56.890064239,75.75984191894531,-29.85639190673828
57.105884552,75.78340148925781,-30.13454246520996
57.255298614,75.79373168945312,-30.31487464904785
57.404712677,75.80628967285156,-30.517004013061523
57.554126739,75.8179702758789,-30.691768646240234
57.703540802,75.82684326171875,-30.89820671081543
57.852954864,75.83023071289062,-31.067670822143555
58.052173614,75.83049774169922,-31.095670700073242
58.201587677,75.83049774169922,-31.095670700073242
58.400806427,75.83049774169922,-31.095670700073242
58.550220489,75.83049774169922,-31.095670700073242
58.716236114,75.83049774169922,-31.095670700073242
58.915454864,75.84156036376953,-31.259288787841797
59.064868927,75.9064712524414,-31.446870803833008
59.264087677,76.0953369140625,-31.61205291748047
59.413501739,76.26994323730469,-31.661054611206055
59.612720489,76.52803039550781,-31.675010681152344
59.811939239,76.78234100341797,-31.6844482421875
59.961353302,76.98802947998047,-31.714359283447266
60.160572052,77.23603820800781,-31.790983200073242
60.309986114,77.39872741699219,-31.872344970703125
60.525806427,77.636474609375,-32.01858901977539
60.675220489,77.78614807128906,-32.1147346496582
60.874439239,78.00115966796875,-32.258453369140625
61.023853302,78.17172241210938,-32.37265396118164
61.223072052,78.38829803466797,-32.511497497558594
61.372486114,78.5390396118164,-32.60334777832031
61.571704864,78.76526641845703,-32.72867202758789
61.721118927,78.94409942626953,-32.82076644897461
61.920337677,79.17713928222656,-32.9360237121582
62.086353302,79.36396789550781,-33.0274543762207
62.285572052,79.59781646728516,-33.141090393066406
62.434986114,79.7611083984375,-33.221466064453125
62.634204864,79.99394989013672,-33.337158203125
62.783618927,80.17762756347656,-33.42247009277344
62.982837677,80.41854858398438,-33.51628112792969
63.182056427,80.66650390625,-33.594425201416016
63.331470489,80.84137725830078,-33.644935607910156
63.530689239,81.08881378173828,-33.715431213378906
63.680103302,81.28408813476562,-33.76911163330078
63.895923614,81.53009033203125,-33.83442687988281
64.045333862,81.65565490722656,-33.86907958984375
64.244552612,81.81241607666016,-33.90367889404297
64.393966674,81.98257446289062,-33.899227142333984
64.593185424,82.19318389892578,-33.77863311767578
64.792404174,82.30979919433594,-33.554229736328125
64.991622924,82.32901763916016,-33.29582595825195
65.190841674,82.30152893066406,-33.03734588623047
65.390060424,82.26416015625,-32.78281784057617
65.556076049,82.24695587158203,-32.585243225097656
65.755294799,82.25208282470703,-32.41803741455078
65.954513549,82.25208282470703,-32.41803741455078
66.103927612,82.27084350585938,-32.295997619628906
66.303146362,82.35751342773438,-32.09423065185547
66.502365112,82.54817962646484,-31.974239349365234
66.651779174,82.72441101074219,-31.961181640625
66.850997924,82.96669006347656,-32.02267837524414
67.000411987,83.16498565673828,-32.085472106933594
67.216232299,83.41629791259766,-32.15151596069336
67.365646362,83.62256622314453,-32.17732620239258
67.564865112,83.87776947021484,-32.16771697998047
67.764083862,84.0071792602539,-32.13752746582031
67.913497924,84.12760925292969,-32.100624084472656
68.112716674,84.38174438476562,-32.063140869140625
68.311935424,84.63473510742188,-32.054969787597656
68.461349487,84.83314514160156,-32.05497360229492
68.660568237,85.09303283691406,-32.062374114990234
68.809982299,85.2748794555664,-32.07014465332031
69.025802612,85.55517578125,-32.08211135864258
69.225021362,85.81502532958984,-32.09090805053711
69.374435424,85.99702453613281,-32.09235763549805
69.573654174,86.25157165527344,-32.091976165771484
69.723068237,86.45138549804688,-32.091670989990234
69.872482299,86.61815643310547,-32.09142303466797
70.071701049,86.64714813232422,-32.09138488769531
70.221115112,86.64714813232422,-32.09138488769531
70.420333862,86.64714813232422,-32.09138488769531
70.586349487,86.64714813232422,-32.09138488769531
70.785568237,86.64714813232422,-32.09138488769531
70.934982299,86.64714813232422,-32.09138488769531
71.134201049,86.64773559570312,-32.08871078491211
71.333419799,86.64447021484375,-32.066139221191406
71.482833862,86.56211853027344,-31.961631774902344
71.682052612,86.33671569824219,-31.860868453979492
71.881271362,86.08238220214844,-31.886051177978516
72.030685424,85.91520690917969,-31.938213348388672
72.229904174,85.66779327392578,-32.01805877685547
72.395919799,85.46737670898438,-32.068145751953125
72.545333862,85.2784652709961,-32.09958267211914
72.744552612,85.02838897705078,-32.109405517578125
72.893966674,84.84923553466797,-32.10336685180664
73.093185424,84.58959197998047,-32.08955001831055
73.242599487,84.3847427368164,-32.07663345336914
73.441818237,84.13072967529297,-32.06061935424805
73.641036987,83.87374877929688,-32.04891586303711
73.790451049,83.69178009033203,-32.04550552368164
73.956466674,83.48514556884766,-32.046024322509766
74.155685424,83.2278823852539,-32.04768753051758
74.305099487,83.0198745727539,-32.04903030395508
74.504318237,82.7598648071289,-32.05070877075195
74.653732299,82.58472442626953,-32.05184555053711
74.852951049,82.3288345336914,-32.05350112915039
75.002365112,82.1208267211914,-32.05484390258789
75.201583862,81.86219024658203,-32.056514739990234
75.350997924,81.68704986572266,-32.05765151977539
75.550216674,81.43115997314453,-32.05930709838867
75.699630737,81.24915313720703,-32.060482025146484
75.865646362,81.01514434814453,-32.06199264526367
76.064865112,80.76062774658203,-32.062416076660156
76.214279174,80.58297729492188,-32.053993225097656
76.413497924,80.3333969116211,-32.01400375366211
76.612716674,80.10297393798828,-31.911380767822266
76.762130737,79.95049285888672,-31.771263122558594
76.961349487,79.83258819580078,-31.541051864624023
77.160568237,79.80110168457031,-31.292287826538086
77.309982299,79.81210327148438,-31.110692977905273
77.525802612,79.849609375,-30.83270835876465
77.725021362,79.88885498046875,-30.575687408447266
77.924240112,79.91385650634766,-30.31698989868164
78.123458862,79.91582489013672,-30.07073402404785
78.322677612,79.9110107421875,-29.814884185791016
78.521896362,79.9061279296875,-29.554931640625
78.671310424,79.90275573730469,-29.375699996948242
78.870529174,79.90042114257812,-29.12529754638672
79.086349487,79.89958190917969,-28.83930778503418
79.285568237,79.89881896972656,-28.580684661865234
79.484786987,79.89805603027344,-28.328899383544922
79.634201049,79.89752197265625,-28.149641036987305
79.833419799,79.89675903320312,-27.889650344848633
80.032638549,79.89599609375,-27.632394790649414
80.182052612,79.89617156982422,-27.433977127075195
80.381271362,79.89929962158203,-27.187681198120117
80.580490112,79.90258026123047,-26.927709579467773
80.796310424,79.90584564208984,-26.669105529785156
80.945724487,79.9084243774414,-26.46523094177246
81.144943237,79.91170501708984,-26.205259323120117
81.344161987,79.91497039794922,-25.9466552734375
81.543380737,79.91594696044922,-25.696243286132812
81.742599487,79.91358184814453,-25.443099975585938
81.892013549,79.91187286376953,-25.261106491088867
82.091232299,79.90943145751953,-25.001115798950195
82.290451049,79.90714263916016,-24.754819869995117
82.489669799,79.90482330322266,-24.50578498840332
82.655685424,79.90294647216797,-24.30463981628418
82.854904174,79.90050506591797,-24.044649124145508
83.054122924,79.8981704711914,-23.79424476623535
83.253341674,79.8978042602539,-23.542461395263672
83.402755737,79.89911651611328,-23.33993911743164
83.601974487,79.90079498291016,-23.07994842529297
83.801193237,79.90247344970703,-22.819957733154297
84.000411987,79.90409088134766,-22.570907592773438
84.216232299,79.90573120117188,-22.3177547454834
84.365646362,79.90707397460938,-22.10976219177246
84.564865112,79.9087142944336,-21.856609344482422
84.664474487,79.90953063964844,-21.730716705322266
84.863693237,79.91120147705078,-21.47209358215332
85.062911987,79.91287994384766,-21.21210289001465
85.212326049,79.9140396118164,-21.03284454345703
85.411544799,79.91567993164062,-20.779691696166992
85.610763549,79.9173583984375,-20.51970100402832
85.809982299,79.91730499267578,-20.25971221923828
85.975997924,79.91474914550781,-20.055837631225586
86.175216674,79.91149139404297,-19.79723358154297
86.374435424,79.90821075439453,-19.537261962890625
86.573654174,79.90515899658203,-19.290966033935547
86.772872924,79.9018783569336,-19.030994415283203
86.972091674,79.89859771728516,-18.77102279663086
87.171310424,79.89876556396484,-18.51377296447754
87.370529174,79.90120697021484,-18.260629653930664
87.536544799,79.90319061279297,-18.055376052856445
87.735763549,79.90564727783203,-17.80086326599121
87.934982299,79.90808868408203,-17.547719955444336
88.134201049,79.91053009033203,-17.29457664489746
88.333419799,79.91304779052734,-17.03458595275879
88.532638549,79.91553497314453,-16.777334213256836
88.682052612,79.91667175292969,-16.581655502319336
88.881271362,79.91590881347656,-16.332605361938477
89.080490112,79.92186737060547,-16.082265853881836
89.229904174,79.929931640625,-15.900447845458984
89.395919799,79.92831420898438,-15.692502975463867
89.595138549,79.91478729248047,-15.439706802368164
89.794357299,79.90509033203125,-15.196514129638672
89.993576049,79.90437316894531,-15.167524337768555
90.142990112,79.90437316894531,-15.167524337768555
90.342208862,79.90437316894531,-15.167524337768555
90.541427612,79.90437316894531,-15.167524337768555
90.740646362,79.90437316894531,-15.167524337768555
90.956466674,79.9023666381836,-15.00204086303711
91.155685424,79.90160369873047,-14.742040634155273
91.354904174,79.90084075927734,-14.488883018493652
91.554122924,79.90007781982422,-14.238462448120117
91.753341674,79.8993148803711,-13.981199264526367
91.952560424,79.88500213623047,-13.72169017791748
92.151779174,79.85934448242188,-13.469839096069336
92.350997924,79.84072875976562,-13.218749046325684
92.550216674,79.82524108886719,-12.961958885192871
92.716232299,79.80896759033203,-12.754600524902344
92.915451049,79.79244232177734,-12.499251365661621
93.114669799,79.7837905883789,-12.243511199951172
93.313888549,79.76338958740234,-11.984393119812012
93.513107299,79.73738098144531,-11.729830741882324
93.662521362,79.72247314453125,-11.529231071472168
93.861740112,79.70755767822266,-11.276517868041992
94.060958862,79.68624877929688,-11.017395973205566
94.260177612,79.66888427734375,-10.762102127075195
94.426193237,79.6609878540039,-10.562474250793457
94.625411987,79.65817260742188,-10.305235862731934
94.824630737,79.65533447265625,-10.045305252075195
95.023849487,79.63429260253906,-9.793042182922363
95.223068237,79.62590789794922,-9.53738021850586
95.422286987,79.65348815917969,-9.28895378112793
95.621505737,79.7637939453125,-9.057430267333984
95.820724487,79.962646484375,-8.904587745666504
95.970138549,80.13641357421875,-8.85201644897461
96.185958862,80.42142486572266,-8.843332290649414
96.385177612,80.67152404785156,-8.889439582824707
96.534591674,80.84557342529297,-8.932331085205078
96.733810424,81.08893585205078,-8.977943420410156
96.933029174,81.33960723876953,-9.000617027282715
97.132247924,81.59683227539062,-9.001887321472168
97.281661987,81.80477905273438,-8.997483253479004
97.480880737,82.0551528930664,-8.992159843444824
97.680099487,82.30418395996094,-8.991873741149902
97.829513549,82.48046112060547,-9.000322341918945
98.045333862,82.75811004638672,-9.039623260498047
98.194747924,82.93644714355469,-9.075882911682129
98.393966674,83.1882095336914,-9.128741264343262
98.543380737,83.38775634765625,-9.163419723510742
98.742599487,83.63804626464844,-9.201428413391113
98.892013549,83.81651306152344,-9.22931957244873
99.091232299,84.07103729248047,-9.275238990783691
99.240646362,84.27574157714844,-9.312138557434082
99.456466674,84.52182006835938,-9.358664512634277
99.605880737,84.72160339355469,-9.391777038574219
99.755294799,84.90238952636719,-9.4126558303833
99.904708862,85.10923767089844,-9.43437671661377
100.103927612,85.3639907836914,-9.458229064941406
100.303146362,85.615234375,-9.474773406982422
100.452560424,85.7939224243164,-9.489006996154785
100.651779174,86.05232238769531,-9.517539024353027
100.801193237,86.25733947753906,-9.552411079406738
101.000411987,86.5107192993164,-9.604155540466309
101.149826049,86.68062591552734,-9.640624046325684
101.365646362,86.95435333251953,-9.701987266540527
101.515060424,87.13137817382812,-9.744257926940918
101.664474487,87.32322692871094,-9.79487133026123
101.863693237,87.56623077392578,-9.87878131866455
102.013107299,87.72418212890625,-9.951156616210938
102.212326049,87.93603515625,-10.08885383605957
102.361740112,88.07582092285156,-10.236532211303711
102.511154174,88.1606674194336,-10.389296531677246
102.660568237,88.20889282226562,-10.58535099029541
102.809982299,88.21156311035156,-10.758892059326172
102.975997924,88.18675231933594,-10.963950157165527
103.125411987,88.1517105102539,-11.167587280273438
103.274826049,88.12136840820312,-11.347037315368652
103.424240112,88.0974349975586,-11.552230834960938
103.573654174,88.0886001586914,-11.727151870727539
103.772872924,88.0841293334961,-11.974785804748535
103.922286987,88.09210205078125,-12.178476333618164
104.071701049,88.11070251464844,-12.356759071350098
104.221115112,88.13426971435547,-12.5634183883667
104.370529174,88.15108489990234,-12.741888046264648
104.519943237,88.16356658935547,-12.915225982666016
104.685958862,88.17967224121094,-13.139060974121094
104.835372924,88.19599151611328,-13.31757926940918
104.984786987,88.21123504638672,-13.525014877319336
105.134201049,88.22008514404297,-13.702685356140137
105.333419799,88.22576904296875,-13.950292587280273
105.482833862,88.22466278076172,-14.151442527770996
105.632247924,88.22171783447266,-14.330680847167969
105.781661987,88.21829986572266,-14.538650512695312
105.931076049,88.2153091430664,-14.720623970031738
106.080490112,88.21198272705078,-14.923123359680176
106.229904174,88.2091064453125,-15.098258972167969
106.395919799,88.2057113647461,-15.304861068725586
106.545333862,88.20512390136719,-15.510120391845703
106.694747924,88.20611572265625,-15.68801498413086
106.844161987,88.20724487304688,-15.890541076660156
106.993576049,88.20824432373047,-16.069801330566406
107.142990112,88.20940399169922,-16.277793884277344
107.292404174,88.21041870117188,-16.459787368774414
107.441818237,88.21155548095703,-16.663677215576172
107.591232299,88.2125244140625,-16.837465286254883
107.740646362,88.2136459350586,-17.038619995117188
107.890060424,88.21466064453125,-17.220613479614258
108.056076049,88.2158203125,-17.428606033325195
108.205490112,88.21694946289062,-17.631128311157227
108.354904174,88.21795654296875,-17.81175422668457
108.554122924,88.21940612792969,-18.071744918823242
108.703536987,88.2205581665039,-18.278369903564453
108.852951049,88.2215347290039,-18.45352554321289
109.002365112,88.2219467163086,-18.527050018310547
109.151779174,88.2219467163086,-18.527050018310547
109.350997924,88.2219467163086,-18.527050018310547
109.500411987,88.2219467163086,-18.527050018310547
109.649826049,88.2219467163086,-18.527050018310547
109.815841674,88.22278594970703,-18.551660537719727
109.965255737,88.2292709350586,-18.579526901245117
110.164474487,88.30465698242188,-18.649808883666992
110.313888549,88.4666748046875,-18.709394454956055
110.513107299,88.71910858154297,-18.693124771118164
110.712326049,88.9510498046875,-18.600204467773438
110.861740112,89.12590789794922,-18.500816345214844
111.060958862,89.3519058227539,-18.378007888793945
111.260177612,89.59320068359375,-18.281837463378906
111.426193237,89.79520416259766,-18.232845306396484
111.625411987,90.04554748535156,-18.208398818969727
111.774826049,90.22472381591797,-18.212894439697266
111.974044799,90.4794921875,-18.23665428161621
112.123458862,90.68626403808594,-18.259132385253906
112.322677612,90.942626953125,-18.28068733215332
112.521896362,91.19268798828125,-18.29375648498535
112.671310424,91.37188720703125,-18.298309326171875
112.870529174,91.63188934326172,-18.297956466674805
113.036544799,91.83847045898438,-18.294742584228516
113.235763549,92.0915756225586,-18.290803909301758
113.434982299,92.35150909423828,-18.286760330200195
113.584396362,92.55672454833984,-18.283567428588867
113.783615112,92.8030014038086,-18.279733657836914
113.982833862,93.05613708496094,-18.279386520385742
114.182052612,93.31614685058594,-18.282724380493164
114.331466674,93.49815368652344,-18.28506088256836
114.530685424,93.75267028808594,-18.288097381591797
114.630294799,93.88261413574219,-18.284683227539062
114.846115112,94.16140747070312,-18.24502182006836
115.045333862,94.41394805908203,-18.189220428466797
115.194747924,94.58647918701172,-18.1590633392334
115.393966674,94.72389221191406,-18.137958526611328
115.543380737,94.72389221191406,-18.137958526611328
115.742599487,94.72389221191406,-18.137958526611328
115.941818237,94.72389221191406,-18.137958526611328
116.091232299,94.849609375,-18.119991302490234
116.290451049,95.10779571533203,-18.08936882019043
116.506271362,95.31803131103516,-18.071428298950195
116.705490112,95.31903076171875,-18.07135581970215
116.854904174,95.31903076171875,-18.07135581970215
117.054122924,95.4670639038086,-18.067012786865234
117.253341674,95.71650695800781,-18.087656021118164
117.402755737,95.9183578491211,-18.116443634033203
117.601974487,96.16515350341797,-18.149805068969727
117.801193237,96.41731262207031,-18.171390533447266
118.000411987,96.67727661132812,-18.175378799438477
118.149826049,96.85928344726562,-18.174406051635742
118.365646362,97.138427734375,-18.172786712646484
118.564865112,97.3984375,-18.171279907226562
118.764083862,97.65570068359375,-18.169788360595703
118.913497924,97.83084106445312,-18.168771743774414
119.112716674,98.08261108398438,-18.16731071472168
119.311935424,98.3385009765625,-18.16582679748535
119.511154174,98.5985107421875,-18.16431999206543
119.710372924,98.85302734375,-18.162843704223633
119.876388549,99.05142211914062,-18.161691665649414
120.025802612,99.25668334960938,-18.16050148010254
120.225021362,99.51669311523438,-18.158994674682617
120.424240112,99.76708984375,-18.157541275024414
120.573654174,99.94497680664062,-18.156509399414062
120.772872924,100.19950103759766,-18.15826988220215
120.972091674,100.45951080322266,-18.160863876342773
121.171310424,100.71540069580078,-18.16341781616211
121.370529174,100.96853637695312,-18.16619110107422
121.536544799,101.17633819580078,-18.174331665039062
121.735763549,101.43419647216797,-18.20676612854004
121.934982299,101.6871566772461,-18.26048469543457
122.134201049,101.9366226196289,-18.31744384765625
122.283615112,102.1397705078125,-18.362062454223633
122.482833862,102.39500427246094,-18.403261184692383
122.682052612,102.57057189941406,-18.417274475097656
122.881271362,102.57057189941406,-18.417274475097656
123.030685424,102.57057189941406,-18.417274475097656
123.229904174,102.57057189941406,-18.417274475097656
123.445724487,102.57057189941406,-18.417274475097656
123.644943237,102.58277893066406,-18.41873550415039
123.794357299,102.59152221679688,-18.422494888305664
123.993576049,102.67144775390625,-18.545705795288086
124.142990112,102.70333099365234,-18.734704971313477
124.292404174,102.67884063720703,-18.912025451660156
124.441818237,102.62699127197266,-19.10491371154785
124.591232299,102.57328796386719,-19.27880859375
124.790451049,102.51189422607422,-19.527132034301758
124.956466674,102.4794921875,-19.7283992767334
125.105880737,102.45441436767578,-19.932119369506836
125.255294799,102.43643188476562,-20.11322593688965
125.404708862,102.42539978027344,-20.319515228271484
125.603927612,102.42449951171875,-20.572660446166992
125.753341674,102.42314910888672,-20.751914978027344
125.902755737,102.41667938232422,-20.959810256958008
126.101974487,102.40179443359375,-21.218002319335938
126.251388549,102.38837432861328,-21.392642974853516
126.400802612,102.36817169189453,-21.5927791595459
126.550216674,102.34740447998047,-21.76945686340332
126.749435424,102.32212829589844,-22.028215408325195
126.865646362,102.30924987792969,-22.18368148803711
127.064865112,102.28498077392578,-22.437049865722656
127.214279174,102.26781463623047,-22.61823844909668
127.413497924,102.24908447265625,-22.877552032470703
127.562911987,102.2343978881836,-23.080909729003906
127.712326049,102.21906280517578,-23.25814437866211
127.861740112,102.20292663574219,-23.458650588989258
128.060958862,102.18910217285156,-23.71826934814453
128.210372924,102.1817626953125,-23.900117874145508
128.376388549,102.1690902709961,-24.10224151611328
128.525802612,102.15416717529297,-24.304214477539062
128.675216674,102.1410140991211,-24.485734939575195
128.824630737,102.13001251220703,-24.692068099975586
128.974044799,102.12254333496094,-24.86569595336914
129.173263549,102.10700988769531,-25.112884521484375
129.322677612,102.09228515625,-25.312129974365234
129.472091674,102.07819366455078,-25.48945426940918
129.571701049,102.0635757446289,-25.58074951171875
129.770919799,102.06310272216797,-25.582693099975586
129.920333862,102.06310272216797,-25.582693099975586
130.086349487,102.03934478759766,-25.692689895629883
130.285568237,102.05913543701172,-25.92873191833496
130.434982299,102.15176391601562,-26.07923698425293
130.634201049,102.36128234863281,-26.21790885925293
130.833419799,102.60755920410156,-26.300809860229492
130.982833862,102.78937530517578,-26.36885643005371
131.182052612,102.99296569824219,-26.494020462036133
131.381271362,103.177490234375,-26.660993576049805
131.530685424,103.29806518554688,-26.793581008911133
131.729904174,103.45254516601562,-26.985429763793945
131.895919799,103.57836151123047,-27.145872116088867
132.045333862,103.7023696899414,-27.300771713256836
132.244552612,103.87178802490234,-27.4887638092041
132.443771362,104.05281066894531,-27.66376495361328
132.593185424,104.18103790283203,-27.785076141357422
132.742599487,104.32764434814453,-27.92078971862793
132.941818237,104.5150146484375,-28.101036071777344
133.091232299,104.64203643798828,-28.22945785522461
133.240646362,104.77894592285156,-28.371185302734375
133.439865112,104.92717742919922,-28.524791717529297
133.605880737,105.07648468017578,-28.68865203857422
133.755294799,105.19317626953125,-28.82111358642578
133.954513549,105.35966491699219,-29.0118408203125
134.103927612,105.49369812011719,-29.163681030273438
134.253341674,105.61334228515625,-29.29160499572754
134.452560424,105.7890625,-29.470008850097656
134.601974487,105.9312744140625,-29.61227798461914
134.801193237,106.11141967773438,-29.792068481445312
134.950607299,106.23372650146484,-29.915550231933594
135.149826049,106.416015625,-30.10094451904297
135.315841674,106.55858612060547,-30.25238609313965
135.465255737,106.69823455810547,-30.406558990478516
135.614669799,106.81999969482422,-30.541841506958008
135.813888549,106.9964370727539,-30.730937957763672
136.013107299,107.17276000976562,-30.914512634277344
136.162521362,107.30863952636719,-31.055339813232422
136.361740112,107.48209381103516,-31.237857818603516
136.511154174,107.60684967041016,-31.370361328125
136.710372924,107.78529357910156,-31.5594539642334
136.876388549,107.91875457763672,-31.7099552154541
137.025802612,108.0593032836914,-31.855703353881836
137.175216674,108.19026947021484,-31.96556282043457
137.374435424,108.41637420654297,-32.09247589111328
137.573654174,108.6645278930664,-32.151676177978516
137.772872924,108.92425537109375,-32.157691955566406
137.922286987,109.12887573242188,-32.1422119140625
138.121505737,109.37387084960938,-32.11701202392578
138.320724487,109.63375091552734,-32.110626220703125
138.536544799,109.89361572265625,-32.11735916137695
138.735763549,110.1480712890625,-32.14407730102539
138.885177612,110.34420776367188,-32.17404556274414
139.084396362,110.60013580322266,-32.219913482666016
139.283615112,110.85540771484375,-32.26108932495117
139.482833862,111.10659790039062,-32.27716827392578
139.632247924,111.28312683105469,-32.27647018432617
139.831466674,111.54216766357422,-32.25617599487305
140.030685424,111.7970199584961,-32.20519256591797
140.229904174,112.04993438720703,-32.144805908203125
140.395919799,112.25023651123047,-32.0999870300293
140.595138549,112.50020599365234,-32.060569763183594
140.794357299,112.75959014892578,-32.04436111450195
140.993576049,112.99150085449219,-32.05481719970703
141.142990112,113.19611358642578,-32.07142639160156
141.342208862,113.44879150390625,-32.08687973022461
141.541427612,113.6990966796875,-32.09419631958008
141.690841674,113.881103515625,-32.0947380065918
141.890060424,114.13973999023438,-32.093753814697266
142.056076049,114.34491729736328,-32.089290618896484
142.255294799,114.58849334716797,-32.06428909301758
142.454513549,114.84708404541016,-32.03804397583008
142.603927612,115.05226135253906,-32.034149169921875
142.803146362,115.3012924194336,-32.03499221801758
143.002365112,115.55118560791016,-32.0206298828125
143.201583862,115.800048828125,-31.968921661376953
143.350997924,115.96565246582031,-31.901002883911133
143.550216674,116.17770385742188,-31.756385803222656
143.716232299,116.32112121582031,-31.61549186706543
143.915451049,116.48546600341797,-31.414216995239258
144.114669799,116.62815856933594,-31.19862174987793
144.313888549,116.75643920898438,-30.98354721069336
144.413497924,116.8238296508789,-30.87238121032715
144.562911987,116.93339538574219,-30.695600509643555
144.762130737,117.0758056640625,-30.48299789428711
144.961349487,117.21814727783203,-30.27035903930664
145.160568237,117.35894012451172,-30.051761627197266
145.309982299,117.46007537841797,-29.90045166015625
145.525802612,117.62544250488281,-29.667200088500977
145.725021362,117.79580688476562,-29.470935821533203
145.924240112,117.96858215332031,-29.282222747802734
146.123458862,118.12569427490234,-29.078615188598633
146.272872924,118.22723388671875,-28.93088722229004
146.472091674,118.36875915527344,-28.71769142150879
146.621505737,118.47793579101562,-28.54387664794922
146.820724487,118.61149597167969,-28.32561492919922
146.970138549,118.70664978027344,-28.17047691345215
147.185958862,118.8345947265625,-27.9638671875
147.385177612,118.97164916992188,-27.747770309448242
147.584396362,119.11475372314453,-27.533994674682617
147.783615112,119.26355743408203,-27.32581329345703
147.933029174,119.36595916748047,-27.18540382385254
148.132247924,119.51783752441406,-26.98286247253418
148.331466674,119.67585754394531,-26.78159523010254
148.530685424,119.84465026855469,-26.583906173706055
148.729904174,120.01714324951172,-26.402387619018555
148.895919799,120.15443420410156,-26.25164794921875
149.095138549,120.33060455322266,-26.060447692871094
149.244552612,120.4612808227539,-25.909320831298828
149.443771362,120.62330627441406,-25.718360900878906
149.642990112,120.78926086425781,-25.521759033203125
149.842208862,120.9557113647461,-25.322021484375
149.991622924,121.06852722167969,-25.186256408691406
150.190841674,121.23724365234375,-24.988414764404297
150.390060424,121.40641784667969,-24.794618606567383
150.556076049,121.5404052734375,-24.64275360107422
150.755294799,121.71532440185547,-24.45039176940918
150.904708862,121.85317993164062,-24.29829216003418
151.103927612,122.01825714111328,-24.10817527770996
151.253341674,122.12975311279297,-23.982086181640625
151.452560424,122.30242156982422,-23.796974182128906
151.651779174,122.48086547851562,-23.617416381835938
151.801193237,122.63212585449219,-23.47468376159668
152.000411987,122.82525634765625,-23.31102180480957
152.216232299,123.02947998046875,-23.150148391723633
152.365646362,123.18946075439453,-23.032764434814453
152.564865112,123.39743041992188,-22.88365364074707
152.764083862,123.59378051757812,-22.737260818481445
152.963302612,123.82566833496094,-22.630050659179688
153.162521362,124.0793228149414,-22.654735565185547
153.361740112,124.28791809082031,-22.79366683959961
153.511154174,124.42314910888672,-22.91546058654785
153.710372924,124.50109100341797,-22.975017547607422
153.926193237,124.73766326904297,-22.96714210510254
154.125411987,124.9366683959961,-22.82547950744629
154.274826049,125.01731872558594,-22.665067672729492
154.474044799,125.05443572998047,-22.41523551940918
154.673263549,125.06692504882812,-22.165220260620117
154.872482299,125.14614868164062,-21.932973861694336
155.071701049,125.33976745605469,-21.772571563720703
155.221115112,125.52974700927734,-21.702951431274414
155.420333862,125.76817321777344,-21.622365951538086
155.586349487,125.95416259765625,-21.529739379882812
155.785568237,126.15670013427734,-21.367477416992188
155.984786987,126.32182312011719,-21.18310546875
156.184005737,126.47669219970703,-20.98114585876465
156.333419799,126.57807159423828,-20.851991653442383
156.532638549,126.74909973144531,-20.656219482421875
156.731857299,126.93133544921875,-20.480613708496094
156.931076049,127.133544921875,-20.3172550201416
157.130294799,127.3369140625,-20.164222717285156
157.346115112,127.5619888305664,-19.994544982910156
157.545333862,127.74765014648438,-19.821090698242188
157.694747924,127.8553237915039,-19.676219940185547
157.893966674,127.98436737060547,-19.458486557006836
158.093185424,128.03514099121094,-19.363149642944336
158.292404174,128.03514099121094,-19.363149642944336
158.491622924,128.1278533935547,-19.21268081665039
158.690841674,128.3103790283203,-19.03252410888672
158.890060424,128.5252685546875,-18.88644027709961
159.056076049,128.70681762695312,-18.78496551513672
159.255294799,128.93458557128906,-18.65963363647461
159.404708862,129.1081085205078,-18.550046920776367
159.554122924,129.2599639892578,-18.449758529663086
159.753341674,129.46292114257812,-18.298587799072266
159.952560424,129.64678955078125,-18.132789611816406
160.151779174,129.82273864746094,-17.956523895263672
160.301193237,129.95481872558594,-17.796112060546875
160.500411987,130.07986450195312,-17.571701049804688
160.649826049,130.1439971923828,-17.401456832885742
160.865646362,130.22486877441406,-17.127161026000977
161.064865112,130.2964630126953,-16.877229690551758
161.214279174,130.3491668701172,-16.707326889038086
161.413497924,130.4324188232422,-16.46247100830078
161.612716674,130.51882934570312,-16.22453498840332
161.811935424,130.61972045898438,-15.984971046447754
162.011154174,130.72874450683594,-15.751961708068848
162.160568237,130.80490112304688,-15.58859634399414
162.359786987,130.80618286132812,-15.585872650146484
162.575607299,130.80618286132812,-15.585872650146484
162.774826049,130.80618286132812,-15.585872650146484
162.924240112,130.80618286132812,-15.585872650146484
163.123458862,130.80618286132812,-15.585872650146484
163.322677612,130.80618286132812,-15.585872650146484
163.521896362,130.83741760253906,-15.584671974182129
163.721115112,131.00306701660156,-15.660244941711426
163.920333862,131.1362762451172,-15.869503021240234
164.086349487,131.15708923339844,-16.07557487487793
164.235763549,131.13626098632812,-16.256296157836914
164.385177612,131.10113525390625,-16.461292266845703
164.584396362,131.0511474609375,-16.715045928955078
164.733810424,131.0220184326172,-16.8904972076416
164.933029174,131.01177978515625,-17.14455795288086
165.082443237,131.0322723388672,-17.345916748046875
165.231857299,131.0692901611328,-17.518468856811523
165.431076049,131.14024353027344,-17.768583297729492
165.580490112,131.19903564453125,-17.96809959411621
165.729904174,131.2465362548828,-18.143787384033203
165.945724487,131.3136749267578,-18.41614532470703
166.095138549,131.35317993164062,-18.5924072265625
166.294357299,131.40753173828125,-18.84667205810547
166.443771362,131.44891357421875,-19.05051612854004
166.593185424,131.48414611816406,-19.226280212402344
166.792404174,131.53402709960938,-19.478668212890625
166.941818237,131.57371520996094,-19.675865173339844
167.141036987,131.62539672851562,-19.923681259155273
167.290451049,131.66358947753906,-20.09882926940918
167.456466674,131.71136474609375,-20.30126953125
167.655685424,131.76829528808594,-20.552152633666992
167.805099487,131.8121795654297,-20.752668380737305
167.954513549,131.84906005859375,-20.923891067504883
168.153732299,131.90560913085938,-21.17205047607422
168.303146362,131.9517822265625,-21.374860763549805
168.502365112,132.0056915283203,-21.629207611083984
168.651779174,132.04364013671875,-21.807209014892578
168.801193237,132.0875244140625,-22.00492286682129
168.950607299,132.12657165527344,-22.17848014831543
169.100021362,132.17083740234375,-22.374704360961914
169.266036987,132.214111328125,-22.569747924804688
169.415451049,132.2548065185547,-22.744327545166016
169.614669799,132.31394958496094,-22.99749183654785
169.764083862,132.35958862304688,-23.20042610168457
169.963302612,132.41371154785156,-23.450531005859375
170.112716674,132.44952392578125,-23.62477684020996
170.262130737,132.48704528808594,-23.823793411254883
170.461349487,132.53614807128906,-24.07910919189453
170.610763549,132.57350158691406,-24.257226943969727
170.760177612,132.6200714111328,-24.45993995666504
170.926193237,132.6686553955078,-24.662195205688477
171.125411987,132.7267303466797,-24.911405563354492
171.274826049,132.766845703125,-25.088930130004883
171.424240112,132.8134002685547,-25.291645050048828
171.623458862,132.8253936767578,-25.345319747924805
171.772872924,132.8253936767578,-25.345319747924805
171.972091674,132.8253936767578,-25.345319747924805
172.121505737,132.8253936767578,-25.345319747924805
172.270919799,132.8253936767578,-25.345319747924805
172.470138549,132.8253936767578,-25.345319747924805
172.636154174,132.8253936767578,-25.345319747924805
172.785568237,132.8253936767578,-25.345319747924805
172.934982299,132.819091796875,-25.347984313964844
173.134201049,132.73385620117188,-25.34505844116211
173.233810424,132.66273498535156,-25.3172550201416
173.433029174,132.5204620361328,-25.154342651367188
173.632247924,132.4734344482422,-24.90184783935547
173.781661987,132.50836181640625,-24.69702911376953
173.980880737,132.57998657226562,-24.44712257385254
174.180099487,132.63978576660156,-24.198408126831055
174.296310424,132.65745544433594,-24.071048736572266
174.495529174,132.6540985107422,-23.811403274536133
174.694747924,132.60951232910156,-23.55549430847168
174.893966674,132.5432586669922,-23.30411720275879
175.043380737,132.48744201660156,-23.110870361328125
175.242599487,132.4227752685547,-22.863309860229492
175.441818237,132.3693389892578,-22.622867584228516
175.641036987,132.32373046875,-22.36691665649414
175.840255737,132.28550720214844,-22.109752655029297
175.989669799,132.2582244873047,-21.929807662963867
176.205490112,132.20863342285156,-21.64814567565918
176.404708862,132.15968322753906,-21.395586013793945
176.554122924,132.12619018554688,-21.21668815612793
176.753341674,132.07945251464844,-20.97205352783203
176.952560424,132.0266876220703,-20.72444725036621
177.151779174,131.97775268554688,-20.481645584106445
177.301193237,131.94046020507812,-20.282577514648438
177.500411987,131.89414978027344,-20.030908584594727
177.716232299,131.8482208251953,-19.77499771118164
177.815841674,131.82632446289062,-19.64963150024414
178.015060424,131.7826690673828,-19.40165138244629
178.214279174,131.73948669433594,-19.14804458618164
178.363693237,131.70396423339844,-18.943103790283203
178.562911987,131.6555938720703,-18.687637329101562
178.762130737,131.60813903808594,-18.43617057800293
178.911544799,131.5731964111328,-18.26453399658203
179.110763549,131.5224151611328,-18.009538650512695
179.309982299,131.4736328125,-17.754146575927734
179.475997924,131.4358367919922,-17.54960823059082
179.675216674,131.39157104492188,-17.298959732055664
179.874435424,131.3473663330078,-17.049684524536133
180.023849487,131.310302734375,-16.845012664794922
180.223068237,131.26634216308594,-16.588762283325195
180.422286987,131.2210693359375,-16.334129333496094
180.621505737,131.17205810546875,-16.08017349243164
180.770919799,131.13592529296875,-15.905987739562988
180.970138549,131.08677673339844,-15.65068244934082
181.136154174,131.0496368408203,-15.446030616760254
181.335372924,131.00782775878906,-15.201891899108887
181.534591674,130.96597290039062,-14.953604698181152
181.684005737,130.9306182861328,-14.75002384185791
181.883224487,130.88648986816406,-14.493799209594727
182.032638549,130.85299682617188,-14.314908981323242
182.231857299,130.80654907226562,-14.068828582763672
182.381271362,130.76930236816406,-13.873927116394043
182.580490112,130.72071838378906,-13.625470161437988
182.779708862,130.6800079345703,-13.406160354614258
182.945724487,130.6397705078125,-13.178426742553711
183.095138549,130.61106872558594,-12.998706817626953
183.294357299,130.5717010498047,-12.755549430847168
183.493576049,130.52667236328125,-12.50920581817627
183.692794799,130.4843292236328,-12.266549110412598
183.892013549,130.43896484375,-12.016094207763672
184.041427612,130.4004364013672,-11.813084602355957
184.240646362,130.35496520996094,-11.557099342346191
184.456466674,130.31114196777344,-11.300822257995605
184.605880737,130.2767791748047,-11.098454475402832
184.805099487,130.23123168945312,-10.842470169067383
185.004318237,130.1873321533203,-10.58759593963623
185.203536987,130.1332244873047,-10.334817886352539
185.352951049,130.0710906982422,-10.166942596435547
185.552169799,129.9240264892578,-9.962254524230957
185.751388549,129.7103729248047,-9.816722869873047
185.900802612,129.51483154296875,-9.766688346862793
186.100021362,129.2552947998047,-9.75634479522705
186.266036987,129.0480194091797,-9.773353576660156
186.415451049,128.8671875,-9.793927192687988
186.564865112,128.66281127929688,-9.81286907196045
186.714279174,128.49081420898438,-9.824692726135254
186.863693237,128.2857208251953,-9.83292293548584
187.062911987,128.03009033203125,-9.823349952697754
187.212326049,127.88612365722656,-9.810981750488281
187.361740112,127.88412475585938,-9.81080436706543
187.511154174,127.88412475585938,-9.81080436706543
187.710372924,127.88412475585938,-9.81080436706543
187.876388549,127.88412475585938,-9.81080436706543
188.025802612,127.88412475585938,-9.81080436706543
188.225021362,127.88412475585938,-9.81080436706543
188.374435424,127.88412475585938,-9.81080436706543
188.523849487,127.88412475585938,-9.81080436706543
188.723068237,127.88412475585938,-9.81080436706543
188.872482299,127.88412475585938,-9.81080436706543
189.071701049,127.88412475585938,-9.81080436706543
189.221115112,127.88412475585938,-9.81080436706543
189.370529174,127.88412475585938,-9.81080436706543
189.519943237,127.88412475585938,-9.81080436706543
189.685958862,127.88412475585938,-9.81080436706543
189.885177612,127.88412475585938,-9.81080436706543
190.034591674,127.88412475585938,-9.81080436706543
190.233810424,127.88412475585938,-9.81080436706543
190.383224487,127.88412475585938,-9.81080436706543
190.582443237,127.88412475585938,-9.81080436706543
190.781661987,127.88412475585938,-9.81080436706543
190.931076049,127.88412475585938,-9.81080436706543
191.080490112,127.88412475585938,-9.81080436706543
191.279708862,127.88412475585938,-9.81080436706543
191.429122924,127.88412475585938,-9.81080436706543
191.595138549,127.88412475585938,-9.81080436706543
191.794357299,127.88412475585938,-9.81080436706543
191.943771362,127.88412475585938,-9.81080436706543
192.142990112,127.88412475585938,-9.81080436706543
192.342208862,127.88412475585938,-9.81080436706543
192.491622924,127.88412475585938,-9.81080436706543
192.690841674,127.88412475585938,-9.81080436706543
192.840255737,127.88412475585938,-9.81080436706543
193.056076049,127.88412475585938,-9.81080436706543
193.205490112,127.88412475585938,-9.81080436706543
193.404708862,127.88412475585938,-9.81080436706543
193.603927612,127.88412475585938,-9.81080436706543
193.753341674,127.88412475585938,-9.81080436706543
193.952560424,127.88412475585938,-9.81080436706543
194.151779174,127.88412475585938,-9.81080436706543
194.301193237,127.88412475585938,-9.81080436706543
194.500411987,127.88412475585938,-9.81080436706543
194.649826049,127.88412475585938,-9.81080436706543
194.865646362,127.88412475585938,-9.81080436706543
195.015060424,127.88412475585938,-9.81080436706543
195.214279174,127.88412475585938,-9.81080436706543
195.363693237,127.88412475585938,-9.81080436706543
195.562911987,127.88412475585938,-9.81080436706543
195.712326049,127.88412475585938,-9.81080436706543
195.911544799,127.88412475585938,-9.81080436706543
196.060958862,127.88412475585938,-9.81080436706543
196.260177612,127.88412475585938,-9.81080436706543
196.426193237,127.88412475585938,-9.81080436706543
196.625411987,127.88412475585938,-9.81080436706543
196.774826049,127.88412475585938,-9.81080436706543
196.974044799,127.88412475585938,-9.81080436706543
197.123458862,127.88412475585938,-9.81080436706543
197.322677612,127.88412475585938,-9.81080436706543
197.472091674,127.88412475585938,-9.81080436706543
197.671310424,127.88412475585938,-9.81080436706543
197.820724487,127.88412475585938,-9.81080436706543
198.036544799,127.88412475585938,-9.81080436706543
198.185958862,127.74578857421875,-9.800015449523926
198.335372924,127.5695571899414,-9.789884567260742
198.534591674,127.30970001220703,-9.781892776489258
198.684005737,127.10443878173828,-9.781384468078613
198.883224487,126.85406494140625,-9.78506088256836
199.032638549,126.67755126953125,-9.785490036010742
199.231857299,126.43013000488281,-9.779621124267578
199.381271362,126.41464233398438,-9.779023170471191
199.580490112,126.41464233398438,-9.779023170471191
199.729904174,126.41464233398438,-9.779023170471191
199.895919799,126.41464233398438,-9.779023170471191
200.045333862,126.41464233398438,-9.779023170471191
200.194747924,126.41464233398438,-9.779023170471191
200.393966674,126.41464233398438,-9.779023170471191
200.543380737,126.41464233398438,-9.779023170471191
200.742599487,126.23685455322266,-9.760133743286133
200.892013549,126.06197357177734,-9.710387229919434
201.091232299,125.83907318115234,-9.591863632202148
201.290451049,125.64031219482422,-9.435234069824219
201.506271362,125.42135620117188,-9.25129508972168
201.655685424,125.28015899658203,-9.147698402404785
201.854904174,125.0589370727539,-9.011286735534668
202.054122924,124.83256530761719,-8.898072242736816
202.253341674,124.59737396240234,-8.787273406982422
202.452560424,124.36380004882812,-8.676250457763672
202.651779174,124.1357650756836,-8.566271781921387
202.801193237,123.94969940185547,-8.473297119140625
203.000411987,123.71945190429688,-8.358561515808105
203.199630737,123.50922393798828,-8.255821228027344
203.365646362,123.29714965820312,-8.156928062438965
203.564865112,123.06306457519531,-8.053534507751465
203.714279174,122.89733123779297,-7.9816999435424805
203.913497924,122.66272735595703,-7.883035182952881
204.112716674,122.42041778564453,-7.7887396812438965
204.212326049,122.29996490478516,-7.74360466003418
204.361740112,122.10914611816406,-7.680098533630371
204.560958862,121.85918426513672,-7.619626998901367
204.710372924,121.68047332763672,-7.585165023803711
204.876388549,121.53897094726562,-7.551346302032471
205.075607299,121.53897094726562,-7.551346302032471
205.225021362,121.4051742553711,-7.523289680480957
205.424240112,121.1513442993164,-7.510282039642334
205.573654174,120.97264862060547,-7.524083614349365
205.723068237,120.7661361694336,-7.548995494842529
205.872482299,120.58515930175781,-7.568224906921387
206.071701049,120.33416748046875,-7.588147163391113
206.221115112,120.13741302490234,-7.598977565765381
206.370529174,119.96128845214844,-7.610751628875732
206.536544799,119.75764465332031,-7.635716915130615
206.735763549,119.67932891845703,-7.65201997756958
206.885177612,119.67932891845703,-7.65201997756958
207.034591674,119.67932891845703,-7.65201997756958
207.233810424,119.67932891845703,-7.65201997756958
207.383224487,119.67932891845703,-7.65201997756958
207.582443237,119.67932891845703,-7.65201997756958
207.731857299,119.67932891845703,-7.65201997756958
207.881271362,119.67932891845703,-7.65201997756958
208.080490112,119.67932891845703,-7.65201997756958
208.229904174,119.67932891845703,-7.65201997756958
208.395919799,119.67932891845703,-7.65201997756958
208.595138549,119.54576110839844,-7.687210559844971
208.744552612,119.35240173339844,-7.751755714416504
208.893966674,119.18806457519531,-7.816230773925781
209.093185424,118.94747924804688,-7.914888858795166
209.242599487,118.75564575195312,-7.995240688323975
209.392013549,118.58704376220703,-8.063826560974121
209.591232299,118.3443374633789,-8.157072067260742
209.740646362,118.14923095703125,-8.2291841506958
209.890060424,117.9811019897461,-8.2872896194458
210.056076049,117.79097747802734,-8.348644256591797
210.205490112,117.59628295898438,-8.40913200378418
210.404708862,117.35667419433594,-8.481908798217773
210.554122924,117.18840789794922,-8.535263061523438
210.753341674,116.9422836303711,-8.614696502685547
210.902755737,116.7515640258789,-8.678600311279297
211.052169799,116.58089447021484,-8.733418464660645
211.201583862,116.38140106201172,-8.79229736328125
211.400802612,116.13134765625,-8.863534927368164
211.550216674,115.97248077392578,-8.90954875946045
211.716232299,115.9446029663086,-8.9175386428833
211.865646362,115.82476043701172,-8.947370529174805
212.015060424,115.64759826660156,-8.97412395477295
212.214279174,115.38928985595703,-8.98561954498291
212.363693237,115.18128967285156,-8.986863136291504
212.562911987,114.92132568359375,-8.988581657409668
212.712326049,114.73989868164062,-9.002572059631348
212.861740112,114.54234313964844,-9.032039642333984
213.060958862,114.28885650634766,-9.089699745178223
213.210372924,114.11219024658203,-9.13346004486084
213.359786987,113.93484497070312,-9.174263000488281
213.525802612,113.70504760742188,-9.218335151672363
213.675216674,113.53199768066406,-9.253186225891113
213.874435424,113.28179168701172,-9.312898635864258
214.023849487,113.08142852783203,-9.368732452392578
214.173263549,112.91010284423828,-9.421468734741211
214.322677612,112.71220397949219,-9.485467910766602
214.521896362,112.4621810913086,-9.55662727355957
214.671310424,112.28810119628906,-9.599416732788086
214.820724487,112.25984191894531,-9.605981826782227
214.970138549,112.25984191894531,-9.605981826782227
215.136154174,112.160888671875,-9.626117706298828
215.335372924,111.90628051757812,-9.648523330688477
215.484786987,111.70423126220703,-9.63666820526123
215.684005737,111.45601654052734,-9.581604957580566
215.883224487,111.21459197998047,-9.496964454650879
216.032638549,111.04379272460938,-9.434081077575684
216.231857299,110.79551696777344,-9.357203483581543
216.431076049,110.5473403930664,-9.30083179473877
216.580490112,110.35273742675781,-9.261990547180176
216.779708862,110.13015747070312,-9.2166166305542
216.945724487,109.9090576171875,-9.158897399902344
217.144943237,109.83832550048828,-9.13881778717041
217.294357299,109.83832550048828,-9.13881778717041
217.493576049,109.83832550048828,-9.13881778717041
217.642990112,109.83832550048828,-9.13881778717041
217.842208862,109.68999481201172,-9.101393699645996
218.041427612,109.4447021484375,-9.058825492858887
218.190841674,109.2675552368164,-9.042867660522461
218.390060424,109.00765991210938,-9.040255546569824
218.556076049,108.80132293701172,-9.051196098327637
218.755294799,108.54592895507812,-9.067337989807129
218.904708862,108.338134765625,-9.076400756835938
219.103927612,108.07965850830078,-9.084481239318848
219.203536987,107.95695495605469,-9.094956398010254
219.352951049,107.78267669677734,-9.112589836120605
219.552169799,107.52758026123047,-9.132637023925781
219.701583862,107.31985473632812,-9.143062591552734
219.900802612,107.06129455566406,-9.148707389831543
220.050216674,106.88613891601562,-9.14781665802002
220.216232299,106.68228912353516,-9.144210815429688
220.415451049,106.42235565185547,-9.13961410522461
220.564865112,106.2198715209961,-9.136032104492188
220.764083862,105.96949768066406,-9.13160228729248
220.913497924,105.79303741455078,-9.135163307189941
221.062911987,105.74424743652344,-9.138228416442871
221.262130737,105.59619903564453,-9.14344596862793
221.411544799,105.4142837524414,-9.138669967651367
221.610763549,105.16027069091797,-9.122563362121582
221.760177612,104.95700073242188,-9.106596946716309
221.926193237,104.75785827636719,-9.090476036071777
222.125411987,104.4998550415039,-9.072552680969238
222.324630737,104.24066162109375,-9.052803993225098
222.474044799,104.06072998046875,-9.025577545166016
222.673263549,103.81237030029297,-8.970040321350098
222.822677612,103.68599700927734,-8.938434600830078
223.021896362,103.68599700927734,-8.938434600830078
223.171310424,103.68599700927734,-8.938434600830078
223.370529174,103.68599700927734,-8.938434600830078
223.536544799,103.68170166015625,-8.943732261657715
223.685958862,103.68126678466797,-8.94781494140625
223.835372924,103.6840591430664,-8.972119331359863
224.034591674,103.79139709472656,-9.096541404724121
224.184005737,103.97869873046875,-9.175715446472168
224.383224487,104.23016357421875,-9.164407730102539
224.582443237,104.48106384277344,-9.096705436706543
224.781661987,104.72899627685547,-9.018509864807129
224.980880737,104.97686004638672,-8.961027145385742
225.130294799,105.1392593383789,-8.936918258666992
225.346115112,105.42049407958984,-8.919624328613281
225.495529174,105.6024169921875,-8.923849105834961
225.694747924,105.8617935180664,-8.941762924194336
225.844161987,106.06483459472656,-8.96037483215332
226.043380737,106.31715393066406,-8.980889320373535
226.242599487,106.57682037353516,-8.993891716003418
226.392013549,106.7587661743164,-8.998117446899414
226.591232299,107.01053619384766,-8.997444152832031
226.790451049,107.26093292236328,-8.994565963745117
226.956466674,107.46756744384766,-8.992193222045898
227.155685424,107.7248306274414,-8.989238739013672
227.305099487,107.9273452758789,-8.98691177368164
227.504318237,108.1818618774414,-8.983987808227539
227.703536987,108.4418716430664,-8.981002807617188
227.852951049,108.62250518798828,-8.978928565979004
228.052169799,108.87017059326172,-8.978415489196777
228.251388549,109.12468719482422,-8.979508399963379
228.450607299,109.38195037841797,-8.980612754821777
228.600021362,109.58995819091797,-8.981505393981934
228.815841674,109.83898162841797,-8.982575416564941
228.965255737,110.04561614990234,-8.9834623336792
229.164474487,110.30562591552734,-8.984578132629395
229.363693237,110.5573959350586,-8.9856595993042
229.562911987,110.81053924560547,-8.986746788024902
229.712326049,110.9884262084961,-8.987510681152344
229.911544799,111.2484359741211,-8.988626480102539
230.110763549,111.50707244873047,-8.989736557006836
230.260177612,111.70821380615234,-8.9906005859375
230.475997924,111.96273040771484,-8.991693496704102
230.675216674,112.22274017333984,-8.992809295654297
230.824630737,112.42113494873047,-8.993661880493164
230.974044799,112.59764862060547,-8.994420051574707
231.173263549,112.85491180419922,-8.995524406433105
231.372482299,113.11492156982422,-8.9966402053833
231.521896362,113.31880950927734,-8.997515678405762
231.721115112,113.57195281982422,-8.998356819152832
231.920333862,113.82921600341797,-8.995635986328125
232.086349487,114.03722381591797,-8.993247985839844
232.285568237,114.2876205444336,-8.99036979675293
232.434982299,114.46550750732422,-8.988326072692871
232.634201049,114.72551727294922,-8.98534107208252
232.833419799,114.98552703857422,-8.982356071472168
233.032638549,115.23729705810547,-8.979462623596191
233.182052612,115.43843841552734,-8.977958679199219
233.381271362,115.69844818115234,-8.979074478149414
233.530685424,115.88045501708984,-8.97985553741455
233.729904174,116.13085174560547,-8.980931282043457
233.895919799,116.33199310302734,-8.981795310974121
234.095138549,116.59200286865234,-8.982911109924316
234.194747924,116.72200775146484,-8.983469009399414
234.393966674,116.97515106201172,-8.984556198120117
234.543380737,117.17766571044922,-8.98542594909668
234.742599487,117.43767547607422,-8.986541748046875
234.892013549,117.61968231201172,-8.987322807312012
235.091232299,117.87145233154297,-8.988404273986816
235.240646362,118.07396697998047,-8.989274024963379
235.456466674,118.33397674560547,-8.990389823913574
235.605880737,118.53923797607422,-8.991271018981934
235.805099487,118.7923812866211,-8.992358207702637
236.004318237,119.04964447021484,-8.993462562561035
236.203536987,119.30965423583984,-8.99457836151123
236.352951049,119.48616790771484,-8.995336532592773
236.552169799,119.73656463623047,-8.99641227722168
236.751388549,119.99108123779297,-8.997505187988281
236.950607299,120.25109100341797,-8.998374938964844
237.149826049,120.50972747802734,-8.995651245117188
237.315841674,120.71086883544922,-8.993339538574219
237.515060424,120.97087860107422,-8.990354537963867
237.664474487,121.17613983154297,-8.987997055053711
237.863693237,121.42790985107422,-8.985103607177734
238.062911987,121.68791961669922,-8.982118606567383
238.212326049,121.86992645263672,-8.980029106140137
238.411544799,122.12581634521484,-8.977897644042969
238.610763549,122.37483978271484,-8.978967666625977
238.760177612,122.57735443115234,-8.979837417602539
238.959396362,122.81136322021484,-8.980841636657715
239.125411987,123.04537200927734,-8.98184585571289
239.324630737,123.29988861083984,-8.982938766479492
239.523849487,123.55989837646484,-8.984054565429688
239.673263549,123.74190521240234,-8.984835624694824
239.872482299,123.98955535888672,-8.985899925231934
240.071701049,124.24132537841797,-8.986981391906738
240.221115112,124.44795989990234,-8.987868309020996
240.420333862,124.70796966552734,-8.988984107971191
240.586349487,124.9132308959961,-8.98986530303955
240.785568237,125.1704330444336,-8.99465560913086
240.934982299,125.35224151611328,-9.002897262573242
241.134201049,125.60752868652344,-9.020442008972168
241.283615112,125.80644226074219,-9.039207458496094
241.482833862,126.05523681640625,-9.077503204345703
241.682052612,126.30685424804688,-9.13111400604248
241.881271362,126.5486068725586,-9.184195518493652
242.030685424,126.5515365600586,-9.18482780456543
242.229904174,126.5515365600586,-9.18482780456543
242.395919799,126.5515365600586,-9.18482780456543
242.595138549,126.5515365600586,-9.18482780456543
242.794357299,126.5515365600586,-9.18482780456543
242.943771362,126.5515365600586,-9.18482780456543
243.142990112,126.5515365600586,-9.18482780456543
243.342208862,126.5515365600586,-9.18482780456543
243.541427612,126.5515365600586,-9.18482780456543
243.740646362,126.5515365600586,-9.18482780456543
243.890060424,126.5515365600586,-9.18482780456543
244.105880737,126.5515365600586,-9.18482780456543
244.305099487,126.5515365600586,-9.18482780456543
244.454513549,126.5515365600586,-9.18482780456543
244.653732299,126.5515365600586,-9.18482780456543
244.852951049,126.5515365600586,-9.18482780456543
245.052169799,126.5515365600586,-9.18482780456543
245.251388549,126.5515365600586,-9.18482780456543
245.450607299,126.5515365600586,-9.18482780456543
245.649826049,126.5515365600586,-9.18482780456543
245.815841674,126.5515365600586,-9.18482780456543
246.015060424,126.5515365600586,-9.18482780456543
246.214279174,126.5515365600586,-9.18482780456543
246.413497924,126.5515365600586,-9.18482780456543
246.513107299,126.5515365600586,-9.18482780456543
246.712326049,126.68879699707031,-9.209616661071777
246.911544799,126.9364242553711,-9.23530101776123
247.110763549,127.18897247314453,-9.252758979797363
247.260177612,127.39608001708984,-9.271831512451172
247.475997924,127.65263366699219,-9.313353538513184
247.625411987,127.85040283203125,-9.356986045837402
247.824630737,128.09011840820312,-9.413481712341309
248.023849487,128.34164428710938,-9.47907543182373
248.173263549,128.5106201171875,-9.534645080566406
248.372482299,128.74636840820312,-9.623143196105957
248.521896362,128.93707275390625,-9.695269584655762
248.671310424,129.1072235107422,-9.75592041015625
248.870529174,129.35572814941406,-9.827411651611328
249.036544799,129.55677795410156,-9.875271797180176
249.235763549,129.80007934570312,-9.94959831237793
249.385177612,129.9783172607422,-10.04170036315918
249.584396362,130.1511993408203,-10.227492332458496
249.733810424,130.21456909179688,-10.397345542907715
249.883224487,130.22772216796875,-10.600247383117676
250.032638549,130.20872497558594,-10.77843952178955
250.231857299,130.16531372070312,-11.032000541687012
250.381271362,130.1300811767578,-11.236991882324219
250.530685424,130.10690307617188,-11.417479515075684
250.680099487,130.09292602539062,-11.620882034301758
250.846115112,130.08482360839844,-11.819131851196289
250.995529174,130.08169555664062,-12.001099586486816
251.144943237,130.08294677734375,-12.209091186523438
251.294357299,130.08547973632812,-12.388334274291992
251.493576049,130.08908081054688,-12.642831802368164
251.642990112,130.09197998046875,-12.848072052001953
251.792404174,130.09454345703125,-13.030052185058594
251.991622924,130.09814453125,-13.284549713134766
252.141036987,130.10020446777344,-13.485692977905273
252.290451049,130.09999084472656,-13.6594820022583
252.489669799,130.0996856689453,-13.919482231140137
252.605880737,130.09950256347656,-14.075482368469238
252.755294799,130.0992889404297,-14.250639915466309
252.954513549,130.09898376464844,-14.505166053771973
253.103927612,130.09873962402344,-14.710429191589355
253.253341674,130.09852600097656,-14.89242935180664
253.402755737,130.09828186035156,-15.097692489624023
253.601974487,130.0979766845703,-15.345376014709473
253.751388549,130.09776306152344,-15.523270606994629
253.900802612,130.09751892089844,-15.728533744812012
254.050216674,130.09730529785156,-15.910533905029297
254.266036987,130.0969696044922,-16.18968963623047
254.415451049,130.0967559814453,-16.368947982788086
254.564865112,130.0965118408203,-16.576940536499023
254.764083862,130.09620666503906,-16.83556365966797
254.913497924,130.0959930419922,-17.00935173034668
255.062911987,130.0957489013672,-17.210506439208984
255.212326049,130.0955352783203,-17.38702964782715
255.411544799,130.09523010253906,-17.64702033996582
255.560958862,130.09498596191406,-17.850910186767578
255.710372924,130.0947723388672,-18.027433395385742
255.876388549,130.0945281982422,-18.22722053527832
256.025787353,130.0942840576172,-18.431110382080078
256.225006103,130.09397888183594,-18.69110107421875
256.374420166,130.09376525878906,-18.86899185180664
256.523834228,130.09352111816406,-19.0728816986084
256.673248291,130.0933074951172,-19.249404907226562
256.872467041,130.09300231933594,-19.509395599365234
257.021881103,130.09275817871094,-19.716020584106445
257.171295166,130.09254455566406,-19.89254379272461
257.320709228,130.09230041503906,-20.096433639526367
257.470123291,130.0920867919922,-20.278427124023438
257.685943603,130.0917510986328,-20.560314178466797
257.835357666,130.09153747558594,-20.738204956054688
257.984771728,130.09129333496094,-20.943462371826172
258.134185791,130.09107971191406,-21.125455856323242
258.333404541,130.0907745361328,-21.38271141052246
258.482818603,130.0905303955078,-21.581130981445312
258.632232666,130.09031677246094,-21.75628662109375
258.781646728,130.09007263183594,-21.960176467895508
258.980865478,130.0897674560547,-22.22016716003418
259.130279541,130.0895538330078,-22.40216064453125
259.296295166,130.0893096923828,-22.599212646484375
259.445709228,130.0890655517578,-22.801734924316406
259.644927978,130.08876037597656,-23.061725616455078
259.794342041,130.0885467529297,-23.240983963012695
259.943756103,130.0883026123047,-23.443506240844727
260.093170166,130.0880889892578,-23.618661880493164
260.292388916,130.08778381347656,-23.87728500366211
260.441802978,130.08753967285156,-24.085277557373047
260.591217041,130.0873260498047,-24.264535903930664
260.790435791,130.08702087402344,-24.517688751220703
260.956451416,130.08677673339844,-24.71747589111328
261.105865478,130.08653259277344,-24.92546844482422
261.255279541,130.08631896972656,-25.104726791381836
261.404693603,130.08607482910156,-25.30588150024414
261.454498291,130.0860137939453,-25.35651206970215
261.653717041,130.08570861816406,-25.60829734802246
261.852935791,130.0854034423828,-25.868288040161133
262.002349853,130.0851593017578,-26.073545455932617
262.201568603,130.08485412597656,-26.326698303222656
262.350982666,130.0846405029297,-26.50322151184082
262.500396728,130.0843963623047,-26.708478927612305
262.649810791,130.0841827392578,-26.890472412109375
262.865631103,130.08384704589844,-27.170991897583008
263.015045166,130.08363342285156,-27.3488826751709
263.214263916,130.0833282470703,-27.60887336730957
263.363677978,130.0830841064453,-27.814130783081055
263.513092041,130.08287048339844,-27.99065399169922
263.662506103,130.08262634277344,-28.194543838500977
263.861724853,130.08233642578125,-28.442035675048828
264.011138916,130.08213806152344,-28.611530303955078
264.160552978,130.08189392089844,-28.819522857666016
264.309967041,130.08168029785156,-29.001516342163086
264.525787353,130.0813446044922,-29.28203582763672
264.675201416,130.0811309814453,-29.46402931213379
264.824615478,130.0808868408203,-29.669286727905273
264.974029541,130.08067321777344,-29.845809936523438
265.123443603,130.08090209960938,-30.04422950744629
265.322662353,130.0843963623047,-30.295997619628906
265.472076416,130.0869598388672,-30.477977752685547
265.621490478,130.0898895263672,-30.685955047607422
265.770904541,130.09242248535156,-30.86520004272461
265.970123291,130.09600830078125,-31.11833381652832
266.136138916,130.09890747070312,-31.323575973510742
266.285552978,130.10142517089844,-31.528823852539062
266.434967041,130.1011962890625,-31.70808219909668
266.634185791,130.09837341308594,-31.961225509643555
266.783599853,130.09608459472656,-32.16646957397461
266.933013916,130.09405517578125,-32.34844970703125
267.132232666,130.09121704101562,-32.60295867919922
267.281646728,130.08895874023438,-32.80547332763672
267.480865478,130.08616638183594,-33.055885314941406
267.630279541,130.084228515625,-33.23786926269531
267.829498291,130.0855255126953,-33.49787902832031
267.945709228,130.08680725097656,-33.65388488769531
268.144927978,130.0889129638672,-33.911155700683594
268.294342041,130.0904083251953,-34.093162536621094
268.493560791,130.09249877929688,-34.349063873291016
268.642974853,130.09413146972656,-34.55022430419922
268.792388916,130.0955810546875,-34.72812271118164
268.941802978,130.0987548828125,-34.93609619140625
269.091217041,130.11683654785156,-35.11709976196289
269.290435791,130.17575073242188,-35.36729049682617
269.390045166,130.21568298339844,-35.48810958862305
269.605865478,130.3165740966797,-35.755680084228516
269.755279541,130.38450622558594,-35.92302322387695
269.954498291,130.4601593017578,-36.16731262207031
270.103912353,130.49755859375,-36.36909866333008
270.303131103,130.5416259765625,-36.625335693359375
270.452545166,130.57662963867188,-36.8011360168457
270.651763916,130.64089965820312,-37.044551849365234
270.801177978,130.69235229492188,-37.241844177246094
271.000396728,130.7530059814453,-37.48764419555664
271.149810791,130.79879760742188,-37.66377639770508
271.365631103,130.8799591064453,-37.929412841796875
271.515045166,130.9381103515625,-38.10187911987305
271.714263916,131.00682067871094,-38.35258483886719
271.863677978,131.05271911621094,-38.55543518066406
272.062896728,131.10202026367188,-38.809322357177734
272.212310791,131.13916015625,-38.9832763671875
272.411529541,131.20350646972656,-39.232357025146484
272.610748291,131.2784881591797,-39.48125076293945
272.760162353,131.34986877441406,-39.6722297668457
272.975982666,131.44805908203125,-39.9129638671875
273.125396728,131.5299530029297,-40.10268020629883
273.274810791,131.6009063720703,-40.267303466796875
273.474029541,131.6798858642578,-40.514801025390625
273.623443603,131.72402954101562,-40.71664047241211
273.822662353,131.77098083496094,-40.96678924560547
273.972076416,131.80506896972656,-41.14277267456055
274.171295166,131.86195373535156,-41.39228057861328
274.320709228,131.90586853027344,-41.592796325683594
274.470123291,131.95074462890625,-41.76914596557617
274.685943603,132.0330810546875,-42.038700103759766
274.835357666,132.0977325439453,-42.20734786987305
275.034576416,132.19241333007812,-42.449485778808594
275.183990478,132.26303100585938,-42.6451301574707
275.383209228,132.3451385498047,-42.89181137084961
275.582427978,132.4244384765625,-43.13798522949219
275.731842041,132.48037719726562,-43.30107879638672
275.931060791,132.572021484375,-43.54146194458008
276.080474853,132.64561462402344,-43.73601150512695
276.229888916,132.70887756347656,-43.89933776855469
276.395904541,132.78575134277344,-44.09260559082031
276.545318603,132.86672973632812,-44.284175872802734
276.744537353,132.97447204589844,-44.510196685791016
276.943756103,133.0611572265625,-44.74338912963867
277.093170166,133.103759765625,-44.91325759887695
277.292388916,133.15513610839844,-45.15973663330078
277.441802978,133.19216918945312,-45.357452392578125
277.591217041,133.22792053222656,-45.52891159057617
277.790435791,133.30543518066406,-45.765281677246094
277.956451416,133.39523315429688,-45.9482307434082
278.155670166,133.5255889892578,-46.17317199707031
278.305084228,133.6302490234375,-46.35291290283203
278.504302978,133.7437744140625,-46.55567932128906
278.653717041,133.77505493164062,-46.65856170654297
278.852935791,133.74168395996094,-46.89885330200195
279.002349853,133.61766052246094,-47.054908752441406
279.151763916,133.4588623046875,-47.13915252685547
279.301177978,133.25619506835938,-47.184852600097656
279.450592041,133.0802001953125,-47.21844482421875
279.649810791,132.8482208251953,-47.323997497558594
279.815826416,132.68331909179688,-47.44817352294922
279.965240478,132.53189086914062,-47.58876419067383
280.114654541,132.3992919921875,-47.70730209350586
280.264068603,132.2356719970703,-47.826412200927734
280.413482666,132.0792694091797,-47.91666030883789
280.612701416,131.84750366210938,-48.02819061279297
280.762115478,131.65916442871094,-48.11313247680664
280.911529541,131.49264526367188,-48.18658447265625
281.060943603,131.30418395996094,-48.27455520629883
281.260162353,131.07785034179688,-48.390995025634766
281.376373291,130.96292114257812,-48.45178985595703
281.575592041,130.73968505859375,-48.574073791503906
281.725006103,130.55694580078125,-48.67338943481445
281.874420166,130.39512634277344,-48.756675720214844
282.023834228,130.20838928222656,-48.848350524902344
282.173248291,130.04660034179688,-48.9255485534668
282.322662353,129.86195373535156,-49.01194381713867
282.472076416,129.69720458984375,-49.08920669555664
282.621490478,129.5098419189453,-49.1795539855957
282.770904541,129.3457794189453,-49.25836181640625
282.970123291,129.1116943359375,-49.371551513671875
283.136138916,128.9270477294922,-49.46121597290039
283.285552978,128.74261474609375,-49.55132293701172
283.434967041,128.58010864257812,-49.63322830200195
283.634185791,128.352294921875,-49.75273895263672
283.783599853,128.16883850097656,-49.84781265258789
283.933013916,128.00770568847656,-49.929466247558594
284.082427978,127.82215881347656,-50.02349090576172
284.231842041,127.66102600097656,-50.10514450073242
284.431060791,127.43077087402344,-50.21989440917969
284.580474853,127.24346160888672,-50.31031036376953
284.729888916,127.07998657226562,-50.39030456542969
284.895904541,126.89352416992188,-50.479331970214844
285.045318603,126.71110534667969,-50.56081008911133
285.194732666,126.54972076416016,-50.628883361816406
285.344146728,126.3609848022461,-50.706058502197266
285.493560791,126.19712829589844,-50.771724700927734
285.642974853,126.01055908203125,-50.84315490722656
285.792388916,125.84246063232422,-50.90138626098633
285.941802978,125.6521987915039,-50.96234130859375
286.091217041,125.48070526123047,-51.01454544067383
286.240631103,125.28861236572266,-51.06940460205078
286.390045166,125.11662292480469,-51.114906311035156
286.556060791,124.91856384277344,-51.163291931152344
286.705474853,124.7168197631836,-51.213905334472656
286.854888916,124.54059600830078,-51.25940704345703
287.054107666,124.291259765625,-51.333003997802734
287.203521728,124.09294128417969,-51.395694732666016
287.352935791,123.92050170898438,-51.4494743347168
287.502349853,123.7273941040039,-51.50576400756836
287.701568603,123.48844146728516,-51.57588195800781
287.850982666,123.31820678710938,-51.627540588378906
288.000396728,123.1253890991211,-51.689483642578125
288.149810791,122.95610809326172,-51.744140625
288.315826416,122.75850677490234,-51.80454635620117
288.465240478,122.56137084960938,-51.866432189941406
288.614654541,122.39409637451172,-51.9268684387207
288.813873291,122.16720581054688,-52.044342041015625
288.963287353,122.00672912597656,-52.175899505615234
289.112701416,121.90380859375,-52.325260162353516
289.311920166,121.82673645019531,-52.57274627685547
289.461334228,121.80345916748047,-52.77925491333008
289.610748291,121.80306243896484,-52.911216735839844
289.809967041,121.8031005859375,-52.91221618652344
289.975982666,121.8031005859375,-52.91221618652344
290.125396728,121.8031005859375,-52.91221618652344
290.324615478,121.8031005859375,-52.91221618652344
290.523834228,121.8031005859375,-52.91221618652344
290.673248291,121.8031005859375,-52.91221618652344
290.872467041,121.8031005859375,-52.91221618652344
291.071685791,121.8031005859375,-52.91221618652344
291.221099853,121.8031005859375,-52.91221618652344
291.370513916,121.8071060180664,-53.01313018798828
291.470123291,121.81158447265625,-53.1375732421875
291.685943603,121.81495666503906,-53.41533660888672
291.835357666,121.81527709960938,-53.59734344482422
292.034576416,121.81573486328125,-53.846397399902344
292.183990478,121.81610107421875,-54.04481887817383
292.383209228,121.81655883789062,-54.29661178588867
292.582427978,121.8170166015625,-54.55662155151367
292.731842041,121.81733703613281,-54.73862838745117
292.931060791,121.81779479980469,-54.989051818847656
293.080474853,121.81816101074219,-55.1888427734375
293.229888916,121.8184814453125,-55.36537170410156
293.445709228,121.81898498535156,-55.6500129699707
293.595123291,121.81930541992188,-55.826541900634766
293.794342041,121.81976318359375,-56.07833480834961
293.943756103,121.82012939453125,-56.28360366821289
294.093170166,121.82044982910156,-56.46561050415039
294.292388916,121.82090759277344,-56.72425079345703
294.441802978,121.82127380371094,-56.926780700683594
294.591217041,121.82159423828125,-57.1019401550293
294.790435791,121.82205200195312,-57.35921096801758
294.989654541,121.822509765625,-57.61922073364258
295.155670166,121.8228759765625,-57.82585906982422
295.305084228,121.8232421875,-58.0311279296875
295.504302978,121.82369995117188,-58.2911376953125
295.653717041,121.83078002929688,-58.4702262878418
295.852935791,121.85342407226562,-58.72236633300781
296.052154541,121.87049102783203,-58.97904968261719
296.201568603,121.88351440429688,-59.186614990234375
296.400787353,121.91435241699219,-59.435081481933594
296.550201416,121.95124053955078,-59.60762023925781
296.716217041,122.02293395996094,-59.79084396362305
296.915435791,122.166748046875,-60.006683349609375
297.114654541,122.35016632080078,-60.19063186645508
297.264068603,122.51338195800781,-60.31947326660156
297.463287353,122.72484588623047,-60.470726013183594
297.662506103,122.93675231933594,-60.616615295410156
297.811920166,123.08253479003906,-60.7209358215332
298.011138916,123.28758239746094,-60.88071060180664
298.160552978,123.44076538085938,-61.01109313964844
298.309967041,123.57833099365234,-61.12602996826172
298.525787353,123.79497528076172,-61.30426025390625
298.725006103,123.9960708618164,-61.46906280517578
298.874420166,124.13552856445312,-61.58169174194336
299.073638916,124.33309173583984,-61.742164611816406
299.223052978,124.49339294433594,-61.87255096435547
299.422271728,124.68854522705078,-62.03378677368164
299.571685791,124.82554626464844,-62.149383544921875
299.770904541,125.0216293334961,-62.3159294128418
299.920318603,125.1786880493164,-62.443790435791016
300.136138916,125.38094329833984,-62.60713577270508
300.285552978,125.5403823852539,-62.73639678955078
300.484771728,125.74164581298828,-62.9010009765625
300.683990478,125.9439468383789,-63.059906005859375
300.833404541,126.088134765625,-63.170963287353516
301.032623291,126.29397583007812,-63.32298278808594
301.182037353,126.45820617675781,-63.44381332397461
301.381256103,126.66616821289062,-63.59982681274414
301.580474853,126.86888885498047,-63.7559814453125
301.729888916,127.00773620605469,-63.86717987060547
301.945709228,127.23109436035156,-64.04138946533203
302.095123291,127.37543487548828,-64.1522445678711
302.294342041,127.58028411865234,-64.31238555908203
302.493560791,127.7820053100586,-64.47422790527344
302.642974853,127.94144439697266,-64.60131072998047
302.842193603,128.1421356201172,-64.764404296875
302.991607666,128.28128051757812,-64.8752212524414
303.190826416,128.48023986816406,-65.03177642822266
303.340240478,128.6421661376953,-65.15792083740234
303.506256103,128.80783081054688,-65.28367614746094
303.705474853,129.01780700683594,-65.43699645996094
303.904693603,129.2261505126953,-65.59249114990234
304.054107666,129.3727569580078,-65.70032501220703
304.253326416,129.58059692382812,-65.85653686523438
304.452545166,129.77630615234375,-66.01268768310547
304.601959228,129.9271240234375,-66.1557846069336
304.801177978,130.07440185546875,-66.36090087890625
305.000396728,130.1588592529297,-66.59406280517578
305.149810791,130.176025390625,-66.77508544921875
305.315826416,130.1682891845703,-66.98283386230469
305.515045166,130.14418029785156,-67.23072052001953
305.714263916,130.11483764648438,-67.48078155517578
305.863677978,130.106201171875,-67.68299102783203
306.062896728,130.120361328125,-67.94256591796875
306.212310791,130.1345672607422,-68.12398529052734
306.311920166,130.1437225341797,-68.25091552734375
306.511138916,130.15562438964844,-68.49829864501953
306.660552978,130.15858459472656,-68.70079803466797
306.809967041,130.1539306640625,-68.88273620605469
307.025787353,130.1449432373047,-69.1685791015625
307.175201416,130.14425659179688,-69.34646606445312
307.324615478,130.14535522460938,-69.55447387695312
307.523834228,130.146728515625,-69.8131103515625
307.673248291,130.14768981933594,-69.98825073242188
307.822662353,130.14878845214844,-70.192138671875
308.021881103,130.14654541015625,-70.44804382324219
308.171295166,130.14434814453125,-70.63005065917969
308.370513916,130.14524841308594,-70.88319396972656
308.536529541,130.14634704589844,-71.08433532714844
308.685943603,130.14744567871094,-71.28684997558594
308.885162353,130.14881896972656,-71.54685974121094
309.084381103,130.1490020751953,-71.8027572631836
309.233795166,130.1449432373047,-71.97923278808594
309.433013916,130.13833618164062,-72.23914337158203
309.582427978,130.13038635253906,-72.44698333740234
309.781646728,130.12503051757812,-72.66389465332031
309.980865478,130.13067626953125,-72.92384338378906
310.130279541,130.12881469726562,-73.10581970214844
310.329498291,130.10623168945312,-73.36199188232422
310.495513916,130.07041931152344,-73.56684112548828
310.644927978,130.0112762451172,-73.7602310180664
310.794342041,129.92431640625,-73.91973114013672
310.993560791,129.74632263183594,-74.0915298461914
311.142974853,129.56747436523438,-74.1653823852539
311.292388916,129.3963165283203,-74.18232727050781
311.441802978,129.19578552246094,-74.1675033569336
311.591217041,129.02117919921875,-74.15411376953125
311.740631103,128.82008361816406,-74.15294647216797
311.890045166,128.63818359375,-74.15972137451172
312.056060791,128.4302978515625,-74.16802215576172
312.205474853,128.23194885253906,-74.17375183105469
312.354888916,128.0526885986328,-74.17588806152344
312.554107666,127.79267883300781,-74.17886352539062
312.703521728,127.58741760253906,-74.18113708496094
312.852935791,127.41226959228516,-74.18063354492188
313.002349853,127.20975494384766,-74.17913818359375
313.201568603,126.95386505126953,-74.17725372314453
313.350982666,126.77185821533203,-74.17591857910156
313.500396728,126.56659698486328,-74.17440795898438
313.649810791,126.38871002197266,-74.173095703125
313.815826416,126.18619537353516,-74.17160034179688
313.965240478,125.97838592529297,-74.17908477783203
314.114654541,125.79818725585938,-74.20406341552734
314.313873291,125.5485610961914,-74.27105712890625
314.463287353,125.355224609375,-74.33577728271484
314.612701416,125.18790435791016,-74.3919906616211
314.762115478,124.98927307128906,-74.42852020263672
314.911529541,124.8104248046875,-74.42100524902344
315.110748291,124.56145477294922,-74.37566375732422
315.260162353,124.35789489746094,-74.3329849243164
315.426177978,124.15191650390625,-74.3047866821289
315.575592041,123.97003936767578,-74.29971313476562
315.725006103,123.76206970214844,-74.3030776977539
315.874420166,123.580078125,-74.30472564697266
316.023834228,123.37757873535156,-74.30226135253906
316.173248291,123.20245361328125,-74.2994384765625
316.322662353,123.00270080566406,-74.29621887207031
316.521881103,122.74419403076172,-74.30078887939453
316.671295166,122.56432342529297,-74.31732940673828
316.820709228,122.36276245117188,-74.33714294433594
316.970123291,122.18605041503906,-74.35755920410156
317.136138916,121.98727416992188,-74.37714385986328
317.335357666,121.730224609375,-74.38776397705078
317.484771728,121.52860260009766,-74.40607452392578
317.634185791,121.35284423828125,-74.44096374511719
317.783599853,121.2034683227539,-74.47943878173828
317.982818603,121.1897201538086,-74.48843383789062
318.132232666,121.0926742553711,-74.61298370361328
318.331451416,121.0501937866211,-74.86424255371094
318.480865478,121.12156677246094,-75.0580825805664
318.680084228,121.17362976074219,-75.13304138183594
318.895904541,121.17362976074219,-75.13304138183594
319.045318603,121.17620849609375,-75.14083099365234
319.244537353,121.16278839111328,-75.16464233398438
319.393951416,121.0582275390625,-75.25837707519531
319.543365478,120.8624038696289,-75.32421112060547
319.692779541,120.68647003173828,-75.33719635009766
319.842193603,120.48538970947266,-75.33260345458984
320.041412353,120.22549438476562,-75.32661437988281
320.190826416,120.0440444946289,-75.3394546508789
320.340240478,119.92842864990234,-75.35897827148438
320.506256103,119.9178237915039,-75.36503601074219
320.705474853,119.82982635498047,-75.51614379882812
320.854888916,119.81695556640625,-75.69365692138672
321.054107666,119.91985321044922,-75.92935943603516
321.253326416,120.09502410888672,-76.11930847167969
321.352935791,120.18132019042969,-76.21637725830078
321.502349853,120.26730346679688,-76.40411376953125
321.701568603,120.26129913330078,-76.6618881225586
321.850982666,120.21363067626953,-76.83464813232422
322.050201416,120.13911437988281,-77.08223724365234
322.216217041,120.11901092529297,-77.28439331054688
322.415435791,120.1688461303711,-77.52897644042969
322.614654541,120.26648712158203,-77.76543426513672
322.813873291,120.36456298828125,-78.00177764892578
322.963287353,120.39295196533203,-78.07841491699219
323.162506103,120.39295196533203,-78.07841491699219
323.311920166,120.37702178955078,-78.09717559814453
323.511138916,120.18123626708984,-78.20563507080078
323.660552978,119.9749526977539,-78.2022476196289
323.809967041,119.81181335449219,-78.12419128417969
323.975982666,119.66077423095703,-77.98758697509766
324.125396728,119.50691986083984,-77.84790802001953
324.274810791,119.35282135009766,-77.7666015625
324.474029541,119.09557342529297,-77.7599868774414
324.623443603,118.89730072021484,-77.81767272949219
324.772857666,118.72238159179688,-77.8619613647461
324.972076416,118.46772766113281,-77.84650421142578
325.121490478,118.27934265136719,-77.76587677001953
325.270904541,118.12533569335938,-77.6741943359375
325.420318603,117.95005798339844,-77.57854461669922
325.586334228,117.7497787475586,-77.52738952636719
325.735748291,117.57220458984375,-77.55484771728516
325.934967041,117.34003448486328,-77.66178894042969
326.084381103,117.1573257446289,-77.74903106689453
326.233795166,116.98694610595703,-77.80872344970703
326.433013916,116.73252868652344,-77.84072875976562
326.582427978,116.53084564208984,-77.82410430908203
326.731842041,116.35826110839844,-77.79438018798828
326.881256103,116.162109375,-77.75647735595703
327.080474853,115.90467071533203,-77.72120666503906
327.229888916,115.73371124267578,-77.71904754638672
327.395904541,115.53730010986328,-77.7342529296875
327.545318603,115.33887481689453,-77.7575454711914
327.694732666,115.16456604003906,-77.77471923828125
327.893951416,114.91342163085938,-77.79267120361328
328.043365478,114.70562744140625,-77.80162811279297
328.192779541,114.52366638183594,-77.80516052246094
328.342193603,114.32251739501953,-77.80429077148438
328.491607666,114.14743041992188,-77.79942321777344
328.690826416,113.8945083618164,-77.78843688964844
328.840240478,113.68663787841797,-77.78105926513672
329.006256103,113.47875213623047,-77.77391815185547
329.155670166,113.30229187011719,-77.76907348632812
329.354888916,113.0450210571289,-77.76798248291016
329.504302978,112.91302490234375,-77.7682113647461
329.653717041,112.91302490234375,-77.7682113647461
329.852935791,112.91302490234375,-77.7682113647461
330.002349853,112.91162109375,-77.7720718383789
330.201568603,112.91231536865234,-77.99810791015625
330.400787353,113.04379272460938,-78.20619201660156
330.550201416,113.1886215209961,-78.31588745117188
330.766021728,113.44529724121094,-78.44119262695312
330.915435791,113.6146469116211,-78.5078125
331.114654541,113.85485076904297,-78.6071548461914
331.313873291,113.98697662353516,-78.67042541503906
331.463287353,113.98697662353516,-78.67042541503906
331.662506103,113.98697662353516,-78.67042541503906
331.861724853,113.9925308227539,-78.66645812988281
332.011138916,114.0001449584961,-78.65520477294922
332.210357666,114.02562713623047,-78.45790100097656
332.359771728,113.9664077758789,-78.28994750976562
332.525787353,113.80146026611328,-78.1276626586914
332.675201416,113.63215637207031,-78.06243133544922
332.824615478,113.42890167236328,-78.01835632324219
332.974029541,113.25383758544922,-77.97412109375
333.123443603,113.06807708740234,-77.88250732421875
333.322662353,112.88307189941406,-77.70858001708984
333.472076416,112.77326202392578,-77.56695556640625
333.621490478,112.6556396484375,-77.40209197998047
333.820709228,112.4960708618164,-77.20760345458984
333.970123291,112.36082458496094,-77.0859603881836
334.136138916,112.19222259521484,-76.96427154541016
334.285552978,112.01640319824219,-76.85314178466797
334.434967041,111.86387634277344,-76.75386047363281
334.634185791,111.73160552978516,-76.6656723022461
334.783599853,111.73160552978516,-76.6656723022461
334.933013916,111.73160552978516,-76.6656723022461
335.082427978,111.73160552978516,-76.6656723022461
335.281646728,111.73160552978516,-76.6656723022461
335.431060791,111.72518920898438,-76.6707534790039
335.630279541,111.71510314941406,-76.69291687011719
335.796295166,111.71279907226562,-76.8584976196289
335.995513916,111.8327865600586,-77.08206176757812
336.144927978,112.00425720214844,-77.19792175292969
336.294342041,112.17253875732422,-77.2633056640625
336.443756103,112.3610610961914,-77.3505859375
336.642974853,112.56381225585938,-77.50359344482422
336.792388916,112.68888092041016,-77.62423706054688
336.991607666,112.86854553222656,-77.80834197998047
337.141021728,112.95272064208984,-77.89456176757812
337.340240478,112.95272064208984,-77.89456176757812
337.506256103,112.95272064208984,-77.89456176757812
337.705474853,112.95272064208984,-77.89456176757812
337.904693603,112.95401763916016,-77.89412689208984
338.103912353,112.95890045166016,-77.89167022705078
338.253326416,112.96322631835938,-77.87994384765625
338.452545166,112.96424865722656,-77.67890167236328
338.601959228,112.86724853515625,-77.50485229492188
338.751373291,112.72679901123047,-77.40184020996094
338.950592041,112.4826889038086,-77.31317138671875
339.100006103,112.2933578491211,-77.2383041381836
339.266021728,112.12619018554688,-77.115478515625
339.465240478,111.9527816772461,-76.92935943603516
339.614654541,111.84384155273438,-76.7974853515625
339.764068603,111.71429443359375,-76.63650512695312
339.963287353,111.5340347290039,-76.45919036865234
340.112701416,111.38960266113281,-76.3485107421875
340.311920166,111.172119140625,-76.20610046386719
340.461334228,110.99699401855469,-76.09645080566406
340.610748291,110.90838623046875,-76.03892517089844
340.760162353,110.90838623046875,-76.03892517089844
340.926177978,110.90838623046875,-76.03892517089844
341.075592041,110.90838623046875,-76.03892517089844
341.225006103,110.90838623046875,-76.03892517089844
341.374420166,110.82520294189453,-75.98165893554688
341.573638916,110.6280517578125,-75.8295669555664
341.723052978,110.47431945800781,-75.6998291015625
341.872467041,110.33995819091797,-75.58533477783203
342.071685791,110.14183044433594,-75.41910552978516
342.221099853,109.98302459716797,-75.28907012939453
342.370513916,109.84344482421875,-75.17657470703125
342.536529541,109.68319702148438,-75.05048370361328
342.735748291,109.48210144042969,-74.89444732666016
342.885162353,109.31812286376953,-74.77096557617188
343.034576416,109.17267608642578,-74.66155242919922
343.233795166,108.96543884277344,-74.50910949707031
343.383209228,108.79820251464844,-74.38545227050781
343.532623291,108.65240478515625,-74.2765121459961
343.682037353,108.4884262084961,-74.15078735351562
343.881256103,108.28144073486328,-73.99800872802734
344.030670166,108.13925170898438,-73.88449096679688
344.180084228,107.99533081054688,-73.74024963378906
344.346099853,107.87477111816406,-73.57443237304688
344.495513916,107.79147338867188,-73.4127197265625
344.694732666,107.69654083251953,-73.17813110351562
344.844146728,107.63035583496094,-72.98673248291016
344.993560791,107.57440185546875,-72.81641387939453
345.142974853,107.50471496582031,-72.62918853759766
345.292388916,107.4378890991211,-72.46434020996094
345.491607666,107.33390808105469,-72.23355102539062
345.641021728,107.24127197265625,-72.04730987548828
345.790435791,107.15873718261719,-71.88510131835938
345.956451416,107.0658950805664,-71.70820617675781
346.155670166,106.94322967529297,-71.48052978515625
346.305084228,106.84622955322266,-71.29655456542969
346.454498291,106.7635498046875,-71.1344223022461
346.653717041,106.65059661865234,-70.90632629394531
346.803131103,106.56369018554688,-70.72339630126953
347.002349853,106.45045471191406,-70.4924087524414
347.151763916,106.37069702148438,-70.33493041992188
347.301177978,106.27770233154297,-70.155029296875
347.500396728,106.1576919555664,-69.92439270019531
347.649810791,106.07402801513672,-69.76585388183594
347.815826416,105.97879028320312,-69.58403015136719
348.015045166,105.85887908935547,-69.35335540771484
348.164459228,105.76360321044922,-69.16846466064453
348.313873291,105.68270111083984,-69.00695037841797
348.513092041,105.56661224365234,-68.77584075927734
348.662506103,105.47663116455078,-68.58831024169922
348.811920166,105.39990997314453,-68.42628479003906
349.011138916,105.28914642333984,-68.19561004638672
349.160552978,105.19733428955078,-68.00897216796875
349.309967041,105.1154556274414,-67.84950256347656
349.475982666,105.0186538696289,-67.66541290283203
349.675201416,104.8967056274414,-67.43890380859375
349.824615478,104.80348205566406,-67.25757598876953
349.974029541,104.72569274902344,-67.09608459472656
350.173248291,104.65458679199219,-66.90996551513672
350.322662353,104.65458679199219,-66.90996551513672
350.472076416,104.62974548339844,-66.80281829833984
350.671295166,104.63778686523438,-66.55650329589844
350.820709228,104.73766326904297,-66.39828491210938
350.970123291,104.88810729980469,-66.30316925048828
351.136138916,105.0927963256836,-66.27825164794922
351.285552978,105.29420471191406,-66.32843017578125
351.484771728,105.3697738647461,-66.35755157470703
351.634185791,105.3697738647461,-66.35755157470703
351.833404541,105.3697738647461,-66.35755157470703
351.982818603,105.3697738647461,-66.35755157470703
352.182037353,105.3697738647461,-66.35755157470703
352.381256103,105.3697738647461,-66.35755157470703
352.530670166,105.3697738647461,-66.35755157470703
352.729888916,105.3697738647461,-66.35755157470703
352.895904541,105.3697738647461,-66.35755157470703
353.095123291,105.3697738647461,-66.35755157470703
353.244537353,105.3697738647461,-66.35755157470703
353.443756103,105.3697738647461,-66.35755157470703
353.593170166,105.3697738647461,-66.35755157470703
353.742584228,105.3697738647461,-66.35755157470703
353.891998291,105.37728881835938,-66.3608627319336
354.091217041,105.38084411621094,-66.36290740966797
354.290435791,105.39916229248047,-66.47168731689453
354.439849853,105.3660888671875,-66.64242553710938
354.605865478,105.31279754638672,-66.73489379882812
354.805084228,105.31279754638672,-66.73489379882812
354.954498291,105.31279754638672,-66.73489379882812
355.153717041,105.31279754638672,-66.73489379882812
355.352935791,105.31279754638672,-66.73489379882812
355.502349853,105.31279754638672,-66.73489379882812
355.701568603,105.31279754638672,-66.73489379882812
355.850982666,105.31279754638672,-66.73489379882812
356.050201416,105.31279754638672,-66.73489379882812
356.216217041,105.31279754638672,-66.73489379882812
356.415435791,105.31279754638672,-66.73489379882812
356.564849853,105.31279754638672,-66.73489379882812
356.764068603,105.31279754638672,-66.73489379882812
356.913482666,105.31279754638672,-66.73489379882812
357.062896728,105.28816986083984,-66.71480560302734
357.212310791,105.20813751220703,-66.593505859375
357.411529541,105.18297576904297,-66.34072875976562
357.560943603,105.25431060791016,-66.14929962158203
357.760162353,105.39754486083984,-65.93917083740234
357.926177978,105.51615142822266,-65.77169799804688
358.075592041,105.60697937011719,-65.61405181884766
358.274810791,105.70970916748047,-65.37535858154297
358.424224853,105.77467346191406,-65.18067169189453
358.623443603,105.84708404541016,-64.93523406982422
358.822662353,105.91621398925781,-64.69027709960938
358.972076416,105.96440887451172,-64.51904296875
359.171295166,106.0378646850586,-64.27535247802734
359.320709228,106.09847259521484,-64.08211517333984
359.536529541,106.17762756347656,-63.84598159790039
359.685943603,106.24446105957031,-63.653358459472656
359.885162353,106.32671356201172,-63.41105651855469
360.034576416,106.38667297363281,-63.24067306518555
360.233795166,106.47284698486328,-63.00263595581055
360.433013916,106.55814361572266,-62.76137924194336
360.582427978,106.62696075439453,-62.56800079345703
360.781646728,106.71805572509766,-62.3274040222168
360.931060791,106.77980041503906,-62.16203308105469
361.130279541,106.86625671386719,-61.925567626953125
361.296295166,106.93492126464844,-61.733585357666016
361.495513916,107.02325439453125,-61.49197769165039
361.694732666,107.03751373291016,-61.452999114990234
361.844146728,107.0743637084961,-61.338016510009766
362.043365478,107.08888244628906,-61.088138580322266
362.192779541,107.05091094970703,-60.910369873046875
362.342193603,106.98100280761719,-60.71900177001953
362.541412353,106.86634063720703,-60.49187469482422
362.690826416,106.77558898925781,-60.340476989746094
362.890045166,106.64205169677734,-60.117408752441406
363.056060791,106.54266357421875,-59.9347038269043
363.255279541,106.43443298339844,-59.704444885253906
363.404693603,106.3586654663086,-59.513694763183594
363.603912353,106.27391052246094,-59.2751579284668
363.753326416,106.21729278564453,-59.105064392089844
363.902740478,106.15007781982422,-58.90823745727539
364.101959228,106.06642150878906,-58.66931915283203
364.251373291,106.00465393066406,-58.50541687011719
364.450592041,105.90985870361328,-58.26626968383789
364.600006103,105.8308334350586,-58.07387161254883
364.815826416,105.73639678955078,-57.838985443115234
364.965240478,105.66121673583984,-57.65092468261719
365.164459228,105.56661224365234,-57.41169357299805
365.313873291,105.4977035522461,-57.243247985839844
365.513092041,105.41377258300781,-57.037193298339844
365.662506103,105.41339111328125,-57.03627014160156
365.861724853,105.41339111328125,-57.03627014160156
366.011138916,105.41339111328125,-57.03627014160156
366.060943603,105.41339111328125,-57.03627014160156
366.260162353,105.34956359863281,-56.80741882324219
366.426177978,105.34332275390625,-56.60805130004883
366.575592041,105.36139678955078,-56.432525634765625
366.774810791,105.40354919433594,-56.18568420410156
366.924224853,105.43675994873047,-55.98590850830078
367.123443603,105.46138000488281,-55.732669830322266
367.272857666,105.46904754638672,-55.55083084106445
367.472076416,105.47303009033203,-55.293609619140625
367.621490478,105.47260284423828,-55.09244918823242
367.820709228,105.47566986083984,-54.8406867980957
367.970123291,105.48252868652344,-54.6588134765625
368.185943603,105.4993896484375,-54.374691009521484
368.335357666,105.51116180419922,-54.1999397277832
368.534576416,105.5268325805664,-53.94453048706055
368.683990478,105.5411605834961,-53.737030029296875
368.883209228,105.56257629394531,-53.48204040527344
369.032623291,105.57552337646484,-53.31852722167969
369.231842041,105.576416015625,-53.306427001953125
369.431060791,105.576416015625,-53.306427001953125
369.580474853,105.59271240234375,-53.16794204711914
369.779693603,105.64578247070312,-52.94585037231445
369.945709228,105.72349548339844,-52.73543167114258
370.144927978,105.83447265625,-52.501861572265625
370.344146728,105.9617919921875,-52.27680206298828
370.493560791,106.05589294433594,-52.124229431152344
370.692779541,106.1894302368164,-51.90434646606445
370.842193603,106.29103088378906,-51.72599792480469
371.041412353,106.41199493408203,-51.49895477294922
371.240631103,106.52328491210938,-51.27311325073242
371.390045166,106.58936309814453,-51.135223388671875
371.605865478,106.59563446044922,-51.12214660644531
371.805084228,106.59563446044922,-51.12214660644531
371.954498291,106.59563446044922,-51.12214660644531
372.153717041,106.59563446044922,-51.12214660644531
372.303131103,106.64112091064453,-51.01819610595703
372.502349853,106.69856262207031,-50.76551055908203
372.701568603,106.6888198852539,-50.511600494384766
372.850982666,106.66553497314453,-50.35634994506836
373.050201416,106.62728118896484,-50.11322021484375
373.216217041,106.60074615478516,-49.90968322753906
373.365631103,106.58023834228516,-49.705467224121094
373.564849853,106.57299041748047,-49.455204010009766
373.764068603,106.57609558105469,-49.200706481933594
373.913482666,106.58270263671875,-49.018821716308594
374.112701416,106.59284973144531,-48.759002685546875
374.262115478,106.6008071899414,-48.55525588989258
374.461334228,106.60977172851562,-48.30500030517578
374.610748291,106.61227416992188,-48.12302017211914
374.809967041,106.61190795898438,-47.86301040649414
374.975982666,106.61322021484375,-47.73748779296875
375.125396728,106.61322021484375,-47.73748779296875
375.324615478,106.61322021484375,-47.73748779296875
375.474029541,106.61322021484375,-47.73748779296875
375.673248291,106.61322021484375,-47.73748779296875
375.822662353,106.61322021484375,-47.73748779296875
376.021881103,106.61322021484375,-47.73748779296875
376.171295166,106.61322021484375,-47.73748779296875
376.370513916,106.61322021484375,-47.73748779296875
376.536529541,106.61322021484375,-47.73748779296875
376.735748291,106.61322021484375,-47.73748779296875
376.934967041,106.61322021484375,-47.73748779296875
377.084381103,106.61322021484375,-47.73748779296875
377.283599853,106.61322021484375,-47.73748779296875
377.433013916,106.61322021484375,-47.73748779296875
377.632232666,106.61322021484375,-47.73748779296875
377.831451416,106.61322021484375,-47.73748779296875
377.980865478,106.61322021484375,-47.73748779296875
378.180084228,106.61322021484375,-47.73748779296875
378.346099853,106.61322021484375,-47.73748779296875
378.545318603,106.61322021484375,-47.73748779296875
378.744537353,106.61322021484375,-47.73748779296875
378.893951416,106.61322021484375,-47.73748779296875
379.093170166,106.61322021484375,-47.73748779296875
379.292388916,106.61322021484375,-47.73748779296875
379.441802978,106.61322021484375,-47.73748779296875
379.641021728,106.61322021484375,-47.73748779296875
379.790435791,106.61322021484375,-47.73748779296875
380.006256103,106.61322021484375,-47.73748779296875
380.155670166,106.61322021484375,-47.73748779296875
380.305084228,106.61322021484375,-47.73748779296875
380.504302978,106.61322021484375,-47.73748779296875
380.703521728,106.61322021484375,-47.73748779296875
380.902740478,106.61322021484375,-47.73748779296875
381.002349853,106.61322021484375,-47.73748779296875
381.201568603,106.61322021484375,-47.73748779296875
381.400787353,106.61322021484375,-47.73748779296875
381.600006103,106.61322021484375,-47.73748779296875
381.766021728,106.61322021484375,-47.73748779296875
381.965240478,106.61322021484375,-47.73748779296875
382.114654541,106.61322021484375,-47.73748779296875
382.313873291,106.61322021484375,-47.73748779296875
382.513092041,106.61322021484375,-47.73748779296875
382.662506103,106.61322021484375,-47.73748779296875
382.861724853,106.61322021484375,-47.73748779296875
383.060943603,106.61322021484375,-47.73748779296875
383.210357666,106.61322021484375,-47.73748779296875
383.376373291,106.61322021484375,-47.73748779296875
383.575592041,106.61322021484375,-47.73748779296875
383.774810791,106.61322021484375,-47.73748779296875
383.924224853,106.61322021484375,-47.73748779296875
384.123443603,106.61322021484375,-47.73748779296875
384.322662353,106.61322021484375,-47.73748779296875
384.472076416,106.61322021484375,-47.73748779296875
384.621490478,106.61322021484375,-47.73748779296875
384.820709228,106.61322021484375,-47.73748779296875
384.970123291,106.61322021484375,-47.73748779296875
385.185943603,106.61322021484375,-47.73748779296875
385.385162353,106.61322021484375,-47.73748779296875
385.534576416,106.61322021484375,-47.73748779296875
385.733795166,106.61322021484375,-47.73748779296875
385.883209228,106.61322021484375,-47.73748779296875
386.082427978,106.61322021484375,-47.73748779296875
386.281646728,106.61322021484375,-47.73748779296875
386.431060791,106.61322021484375,-47.73748779296875
386.630279541,106.61322021484375,-47.73748779296875
386.796295166,106.61322021484375,-47.73748779296875
386.995513916,106.61322021484375,-47.73748779296875
387.144927978,106.61322021484375,-47.73748779296875
387.344146728,106.61322021484375,-47.73748779296875
387.493560791,106.61322021484375,-47.73748779296875
387.692779541,106.61322021484375,-47.73748779296875
387.891998291,106.61322021484375,-47.73748779296875
388.041412353,106.61322021484375,-47.73748779296875
388.240631103,106.61322021484375,-47.73748779296875
388.390045166,106.61322021484375,-47.73748779296875
388.605865478,106.61322021484375,-47.73748779296875
388.755279541,106.61322021484375,-47.73748779296875
388.954498291,106.61322021484375,-47.73748779296875
389.103912353,106.61322021484375,-47.73748779296875
389.303131103,106.61322021484375,-47.73748779296875
389.452545166,106.61322021484375,-47.73748779296875
389.651763916,106.61322021484375,-47.73748779296875
389.801177978,106.61322021484375,-47.73748779296875
390.000396728,106.61322021484375,-47.73748779296875
390.149810791,106.61322021484375,-47.73748779296875
390.365631103,106.61322021484375,-47.73748779296875
390.564849853,106.61322021484375,-47.73748779296875
390.764068603,106.61322021484375,-47.73748779296875
390.963287353,106.61322021484375,-47.73748779296875
391.162506103,106.61322021484375,-47.73748779296875
391.311920166,106.61322021484375,-47.73748779296875
391.560943603,106.61322021484375,-47.73748779296875
391.760162353,106.61322021484375,-47.73748779296875
391.926177978,106.61322021484375,-47.73748779296875
392.125396728,106.61322021484375,-47.73748779296875
392.324615478,106.61322021484375,-47.73748779296875
392.523834228,106.61322021484375,-47.73748779296875
392.723052978,106.61322021484375,-47.73748779296875
392.922271728,106.61322021484375,-47.73748779296875
393.121490478,106.61322021484375,-47.73748779296875
393.270904541,106.61322021484375,-47.73748779296875
393.470123291,106.61322021484375,-47.73748779296875
393.685943603,106.61322021484375,-47.73748779296875
393.835357666,106.61322021484375,-47.73748779296875
394.034576416,106.61322021484375,-47.73748779296875
394.233795166,106.61322021484375,-47.73748779296875
394.433013916,106.61322021484375,-47.73748779296875
394.632232666,106.61322021484375,-47.73748779296875
394.781646728,106.61322021484375,-47.73748779296875
394.980865478,106.61322021484375,-47.73748779296875
395.180084228,106.61322021484375,-47.73748779296875
395.346099853,106.61322021484375,-47.73748779296875
395.545318603,106.61322021484375,-47.73748779296875
395.744537353,106.61322021484375,-47.73748779296875
395.893951416,106.61322021484375,-47.73748779296875
395.993560791,106.61322021484375,-47.73748779296875
396.192779541,106.61322021484375,-47.73748779296875
396.391998291,106.61322021484375,-47.73748779296875
396.591217041,106.61322021484375,-47.73748779296875
396.790435791,106.61322021484375,-47.73748779296875
396.939849853,106.61322021484375,-47.73748779296875
397.155670166,106.61322021484375,-47.73748779296875
397.354888916,106.61322021484375,-47.73748779296875
397.504302978,106.61322021484375,-47.73748779296875
397.703521728,106.61322021484375,-47.73748779296875
397.902740478,106.61322021484375,-47.73748779296875
398.052154541,106.61322021484375,-47.73748779296875
398.251373291,106.61322021484375,-47.73748779296875
398.400787353,106.61322021484375,-47.73748779296875
398.600006103,106.61322021484375,-47.73748779296875
398.766021728,106.61322021484375,-47.73748779296875
398.965240478,106.61322021484375,-47.73748779296875
399.114654541,106.61322021484375,-47.73748779296875
399.313873291,106.61322021484375,-47.73748779296875
399.513092041,106.61322021484375,-47.73748779296875
399.662506103,106.61322021484375,-47.73748779296875
399.861724853,106.61322021484375,-47.73748779296875
400.011138916,106.61322021484375,-47.73748779296875
400.210357666,106.61322021484375,-47.73748779296875
400.376373291,106.61322021484375,-47.73748779296875
400.525787353,106.61322021484375,-47.73748779296875
400.725006103,106.61322021484375,-47.73748779296875
400.874420166,106.61322021484375,-47.73748779296875
401.073638916,106.61322021484375,-47.73748779296875
401.223052978,106.61322021484375,-47.73748779296875
401.422271728,106.61322021484375,-47.73748779296875
401.571685791,106.61322021484375,-47.73748779296875
401.770904541,106.61322021484375,-47.73748779296875
401.920318603,106.61322021484375,-47.73748779296875
402.086334228,106.61322021484375,-47.73748779296875
402.235748291,106.61322021484375,-47.73748779296875
402.434967041,106.61322021484375,-47.73748779296875
402.584381103,106.61322021484375,-47.73748779296875
402.783599853,106.61322021484375,-47.73748779296875
402.933013916,106.61322021484375,-47.73748779296875
403.132232666,106.61322021484375,-47.73748779296875
403.281646728,106.61322021484375,-47.73748779296875
403.480865478,106.61322021484375,-47.73748779296875
403.630279541,106.61322021484375,-47.73748779296875
403.796295166,106.61322021484375,-47.73748779296875
403.995513916,106.61322021484375,-47.73748779296875
404.144927978,106.61322021484375,-47.73748779296875
404.344146728,106.61322021484375,-47.73748779296875
404.543365478,106.61322021484375,-47.73748779296875
404.692779541,106.61322021484375,-47.73748779296875
404.891998291,106.61322021484375,-47.73748779296875
405.041412353,106.61322021484375,-47.73748779296875
405.240631103,106.61322021484375,-47.73748779296875
405.390045166,106.61322021484375,-47.73748779296875
405.556060791,106.61322021484375,-47.73748779296875
405.755279541,106.61322021484375,-47.73748779296875
405.954498291,106.61322021484375,-47.73748779296875
406.103912353,106.61322021484375,-47.73748779296875
406.303131103,106.61322021484375,-47.73748779296875
406.452545166,106.61322021484375,-47.73748779296875
406.651763916,106.61322021484375,-47.73748779296875
406.801177978,106.61322021484375,-47.73748779296875
407.000396728,106.61322021484375,-47.73748779296875
407.149810791,106.61322021484375,-47.73748779296875
407.315826416,106.61322021484375,-47.73748779296875
407.465240478,106.61322021484375,-47.73748779296875
407.664459228,106.61322021484375,-47.73748779296875
407.863677978,106.61322021484375,-47.73748779296875
408.013092041,106.61322021484375,-47.73748779296875
408.212310791,106.61322021484375,-47.73748779296875
408.361724853,106.61322021484375,-47.73748779296875
408.560943603,106.61322021484375,-47.73748779296875
408.760162353,106.61322021484375,-47.73748779296875
408.926177978,106.61322021484375,-47.73748779296875
409.075592041,106.61322021484375,-47.73748779296875
409.274810791,106.61322021484375,-47.73748779296875
409.474029541,106.61322021484375,-47.73748779296875
409.623443603,106.61322021484375,-47.73748779296875
409.822662353,106.60386657714844,-47.7318229675293
409.972076416,106.57182312011719,-47.723270416259766
410.121490478,106.57182312011719,-47.723270416259766
410.320709228,106.57182312011719,-47.723270416259766
410.470123291,106.57182312011719,-47.723270416259766
410.636138916,106.57182312011719,-47.723270416259766
410.785552978,106.57182312011719,-47.723270416259766
410.885162353,106.57182312011719,-47.723270416259766
411.034576416,106.57182312011719,-47.723270416259766
411.183990478,106.57182312011719,-47.723270416259766
411.333404541,106.57182312011719,-47.723270416259766
411.482818603,106.57182312011719,-47.723270416259766
411.682037353,106.57182312011719,-47.723270416259766
411.831451416,106.57182312011719,-47.723270416259766
412.030670166,106.57182312011719,-47.723270416259766
412.180084228,106.57182312011719,-47.723270416259766
412.329498291,106.57182312011719,-47.723270416259766
412.495513916,106.57182312011719,-47.723270416259766
412.644927978,106.57182312011719,-47.723270416259766
412.844146728,106.57182312011719,-47.723270416259766
412.993560791,106.57182312011719,-47.723270416259766
413.142974853,106.57182312011719,-47.723270416259766
413.292388916,106.57182312011719,-47.723270416259766
413.491607666,106.57182312011719,-47.723270416259766
413.641021728,106.57182312011719,-47.723270416259766
413.790435791,106.57182312011719,-47.723270416259766
413.890045166,106.57182312011719,-47.723270416259766
413.989654541,106.52316284179688,-47.73081588745117
414.155670166,106.37545776367188,-47.79951858520508
414.305084228,106.26712036132812,-47.936771392822266
414.454498291,106.22410583496094,-48.10686111450195
414.653717041,106.26239013671875,-48.36286926269531
414.803131103,106.31891632080078,-48.56303787231445
414.952545166,106.36182403564453,-48.73849105834961
415.101959228,106.3965835571289,-48.935157775878906
415.251373291,106.40809631347656,-49.11396026611328
415.400787353,106.39950561523438,-49.32169723510742
415.550201416,106.37447357177734,-49.50191879272461
415.716217041,106.33126068115234,-49.705345153808594
415.865631103,106.28202819824219,-49.9032096862793
416.015045166,106.23985290527344,-50.071807861328125
416.164459228,106.19417572021484,-50.266300201416016
416.313873291,106.15819549560547,-50.43771743774414
416.463287353,106.12084197998047,-50.63677215576172
416.612701416,106.08878326416016,-50.81175994873047
416.811920166,106.03905487060547,-51.06695556640625
416.961334228,105.99791717529297,-51.270843505859375
417.110748291,105.96390533447266,-51.44126892089844
417.260162353,105.92839813232422,-51.640663146972656
417.426177978,105.8966293334961,-51.83513641357422
417.625396728,105.85506439208984,-52.08763122558594
417.774810791,105.8241958618164,-52.266990661621094
417.924224853,105.7865982055664,-52.471580505371094
418.073638916,105.75445556640625,-52.64655685424805
418.272857666,105.70914459228516,-52.892852783203125
418.422271728,105.67037963867188,-53.09164047241211
418.571685791,105.63712310791016,-53.263614654541016
418.721099853,105.5968017578125,-53.46765899658203
418.870513916,105.55876159667969,-53.64563751220703
419.069732666,105.50817108154297,-53.900665283203125
419.185943603,105.480224609375,-54.054141998291016
419.335357666,105.4488525390625,-54.23063659667969
419.534576416,105.40557861328125,-54.48700714111328
419.683990478,105.37066650390625,-54.69205856323242
419.833404541,105.34160614013672,-54.86756896972656
419.982818603,105.30606079101562,-55.0655517578125
420.182037353,105.26087951660156,-55.316017150878906
420.331451416,105.22881317138672,-55.49376678466797
420.480865478,105.19236755371094,-55.69853973388672
420.680084228,105.14877319335938,-55.952083587646484
420.846099853,105.11402893066406,-56.15578079223633
420.995513916,105.08257293701172,-56.33365249633789
421.144927978,105.04718017578125,-56.53862380981445
421.344146728,104.99979400634766,-56.794273376464844
421.493560791,104.96456146240234,-56.97003936767578
421.642974853,104.925537109375,-57.16598129272461
421.792388916,104.89279174804688,-57.33944320678711
421.991607666,104.84550476074219,-57.59233474731445
422.141021728,104.8099365234375,-57.79726791381836
422.290435791,104.7788314819336,-57.976593017578125
422.456451416,104.7436752319336,-58.181602478027344
422.605865478,104.71028900146484,-58.38690948486328
422.755279541,104.68014526367188,-58.5663948059082
422.954498291,104.63420867919922,-58.8209114074707
423.103912353,104.59825897216797,-59.020206451416016
423.253326416,104.56692504882812,-59.19391632080078
423.352935791,104.54519653320312,-59.32069778442383
423.452545166,104.5246353149414,-59.44350814819336
423.601959228,104.49047088623047,-59.64312744140625
423.751373291,104.45903778076172,-59.822391510009766
423.950592041,104.41287994384766,-60.078243255615234
424.100006103,104.3759765625,-60.2801513671875
424.266021728,104.34014892578125,-60.47669219970703
424.465240478,104.29429626464844,-60.72983932495117
424.614654541,104.26253509521484,-60.9090461730957
424.764068603,104.2256088256836,-61.11372756958008
424.913482666,104.19451904296875,-61.28609085083008
425.112701416,104.15108489990234,-61.53132247924805
425.262115478,104.11380767822266,-61.730384826660156
425.411529541,104.08140563964844,-61.90251922607422
425.610748291,104.03180694580078,-62.14936447143555
425.760162353,103.99317169189453,-62.353755950927734
425.926177978,103.95606994628906,-62.55841827392578
426.075592041,103.92698669433594,-62.72975540161133
426.274810791,103.8968734741211,-62.924110412597656
426.424224853,103.8769302368164,-63.05055618286133
426.573638916,103.84942626953125,-63.22492980957031
426.723052978,103.8155517578125,-63.430152893066406
426.922271728,103.77374267578125,-63.68677520751953
427.071685791,103.7447509765625,-63.860904693603516
427.221099853,103.71160888671875,-64.05931091308594
427.370513916,103.6805648803711,-64.23448944091797
427.536529541,103.6451187133789,-64.42970275878906
427.735748291,103.59793090820312,-64.68120574951172
427.885162353,103.55891418457031,-64.8855209350586
428.034576416,103.52771759033203,-65.06343078613281
428.233795166,103.48481750488281,-65.30876922607422
428.383209228,103.45098876953125,-65.50288391113281
428.532623291,103.42359161376953,-65.67308807373047
428.731842041,103.38312530517578,-65.92438507080078
428.881256103,103.35004425048828,-66.12976837158203
429.080474853,103.30902862548828,-66.38653564453125
429.229888916,103.2840347290039,-66.53876495361328
429.395904541,103.25218963623047,-66.74432373046875
429.545318603,103.2220458984375,-66.94043731689453
429.744537353,103.18519592285156,-67.1839828491211
429.893951416,103.1576919555664,-67.35834503173828
430.093170166,103.11335754394531,-67.61176300048828
430.242584228,103.07738494873047,-67.81661987304688
430.441802978,103.02986145019531,-68.07225036621094
430.591217041,102.9974365234375,-68.24578857421875
430.790435791,102.98981475830078,-68.28657531738281
430.890045166,102.98981475830078,-68.28657531738281
431.105865478,102.98981475830078,-68.28657531738281
431.305084228,102.98981475830078,-68.28657531738281
431.454498291,102.98981475830078,-68.28657531738281
431.603912353,102.98981475830078,-68.28657531738281
431.753326416,102.98981475830078,-68.28657531738281
431.952545166,102.98981475830078,-68.28657531738281
432.151763916,102.98981475830078,-68.28657531738281
432.350982666,102.98981475830078,-68.28657531738281
432.500396728,102.98526000976562,-68.31114959716797
432.649810791,102.95590209960938,-68.48318481445312
432.865631103,102.9203872680664,-68.75862121582031
433.015045166,102.90432739257812,-68.93991088867188
433.214263916,102.87960815429688,-69.19873046875
433.363677978,102.85824584960938,-69.40287780761719
433.562896728,102.82203674316406,-69.6534194946289
433.712310791,102.79241180419922,-69.82604217529297
433.911529541,102.74430084228516,-70.0815658569336
434.060943603,102.70421600341797,-70.28567504882812
434.260162353,102.64944458007812,-70.53985595703125
434.409576416,102.61255645751953,-70.71249389648438
434.575592041,102.57469940185547,-70.91006469726562
434.774810791,102.52981567382812,-71.16614532470703
434.924224853,102.49401092529297,-71.37104034423828
435.123443603,102.45166778564453,-71.61923217773438
435.272857666,102.42048645019531,-71.79158782958984
435.472076416,102.37333679199219,-72.0417251586914
435.621490478,102.33492279052734,-72.24198150634766
435.770904541,102.29953002929688,-72.42052459716797
435.970123291,102.2477798461914,-72.67533874511719
436.136138916,102.2042236328125,-72.87733459472656
436.285552978,102.16073608398438,-73.07511901855469
436.484771728,102.10149383544922,-73.32405090332031
436.634185791,102.05537414550781,-73.49016571044922
436.783599853,101.99286651611328,-73.67985534667969
436.982818603,101.87174224853516,-73.90901184082031
437.132232666,101.74612426757812,-74.03999328613281
437.331451416,101.51641845703125,-74.1589126586914
437.480865478,101.31779479980469,-74.19597625732422
437.630279541,101.13868713378906,-74.19661712646484
437.796295166,100.9411392211914,-74.1781997680664
437.945709228,100.73987579345703,-74.15555572509766
438.095123291,100.55891418457031,-74.13603210449219
438.294342041,100.30116271972656,-74.1148452758789
438.344146728,100.22467803955078,-74.11015319824219
438.493560791,100.04833221435547,-74.10208892822266
438.692779541,99.79523468017578,-74.09730529785156
438.842193603,99.58997344970703,-74.09919738769531
438.991607666,99.40802001953125,-74.10234832763672
439.190826416,99.15491485595703,-74.10673522949219
439.340240478,98.95652770996094,-74.11017608642578
439.506256103,98.75404357910156,-74.11368560791016
439.655670166,98.57345581054688,-74.11681365966797
439.805084228,98.3709716796875,-74.11986541748047
439.954498291,98.19442749023438,-74.12023162841797
440.103912353,97.99188232421875,-74.12056732177734
440.253326416,97.81670379638672,-74.120849609375
440.452545166,97.56083679199219,-74.11802673339844
440.601959228,97.35608673095703,-74.10369873046875
440.801177978,97.12613677978516,-74.08275604248047
440.950592041,96.94889831542969,-74.06745147705078
441.100006103,96.74404907226562,-74.05450439453125
441.266021728,96.5444107055664,-74.04693603515625
441.415435791,96.40266418457031,-74.04463958740234
441.614654541,96.40066528320312,-74.04462432861328
441.764068603,96.27716064453125,-74.04366302490234
441.963287353,96.08515930175781,-74.04319763183594
442.112701416,96.04803466796875,-74.04338073730469
442.262115478,95.84689331054688,-74.04435729980469
442.461334228,95.59375,-74.04557800292969
442.610748291,95.417236328125,-74.04643249511719
442.760162353,95.21334838867188,-74.04740905761719
442.926177978,95.00534057617188,-74.04838562011719
443.125396728,94.752197265625,-74.04960632324219
443.274810791,94.57156372070312,-74.05046081542969
443.424224853,94.36355590820312,-74.05143737792969
443.623443603,94.10629272460938,-74.05265808105469
443.772857666,93.93252563476562,-74.05351257324219
443.922271728,93.72589111328125,-74.05448913574219
444.071685791,93.546630859375,-74.05534362792969
444.270904541,93.28662109375,-74.05656433105469
444.420318603,93.0841064453125,-74.05754089355469
444.586334228,92.8870849609375,-74.05851745605469
444.785552978,92.62844848632812,-74.05973815917969
444.934967041,92.44644165039062,-74.06059265136719
445.084381103,92.24942016601562,-74.06156921386719
445.283599853,92.00039672851562,-74.06278991699219
445.433013916,91.82525634765625,-74.06364440917969
445.582427978,91.6186294555664,-74.06539916992188
445.781646728,91.36748504638672,-74.08274841308594
445.931060791,91.18607330322266,-74.09735107421875
446.080474853,90.98797607421875,-74.10868835449219
446.229888916,90.81291198730469,-74.11453247070312
446.445709228,90.53514099121094,-74.11882019042969
446.595123291,90.35313415527344,-74.12065887451172
446.744537353,90.15058898925781,-74.12105560302734
446.943756103,89.893310546875,-74.12157440185547
447.093170166,89.71540069580078,-74.1219253540039
447.242584228,89.50739288330078,-74.12235260009766
447.441802978,89.25284576416016,-74.12285614013672
447.591217041,89.07630157470703,-74.12319946289062
447.740631103,88.87112426757812,-74.11836242675781
447.890045166,88.70039367675781,-74.1079330444336
448.056060791,88.49820709228516,-74.0966796875
448.205474853,88.29020690917969,-74.09548950195312
448.354888916,88.11643981933594,-74.0983657836914
448.554107666,87.86878967285156,-74.10201263427734
448.703521728,87.66352844238281,-74.10309600830078
448.852935791,87.48152160644531,-74.10405731201172
449.052154541,87.22151184082031,-74.10543060302734
449.201568603,87.01899719238281,-74.10649871826172
449.400787353,86.77269744873047,-74.10779571533203
449.550201416,86.60713195800781,-74.1086654663086
449.716217041,86.41712188720703,-74.10966491699219
449.865631103,86.38813018798828,-74.10981750488281
450.064849853,86.38813018798828,-74.10981750488281
450.214263916,86.38813018798828,-74.10981750488281
450.363677978,86.38813018798828,-74.10981750488281
450.562896728,86.38813018798828,-74.10981750488281
450.712310791,86.28938293457031,-74.11424255371094
450.861724853,86.19632720947266,-74.1401138305664
451.060943603,86.02832794189453,-74.30825805664062
451.260162353,85.95835876464844,-74.55204010009766
451.426177978,85.9848861694336,-74.75762176513672
451.575592041,86.03631591796875,-74.93218231201172
451.725006103,86.08184814453125,-75.08348846435547
451.924224853,86.13059997558594,-75.2806625366211
452.073638916,86.15899658203125,-75.45205688476562
452.223052978,86.16885375976562,-75.59908294677734
452.422271728,86.16885375976562,-75.59908294677734
452.621490478,86.16885375976562,-75.59908294677734
452.770904541,86.16885375976562,-75.59908294677734
452.970123291,86.16885375976562,-75.59908294677734
453.136138916,86.16885375976562,-75.59908294677734
453.235748291,86.16912078857422,-75.62407684326172
453.434967041,86.12808227539062,-75.87112426757812
453.584381103,86.00521087646484,-76.02653503417969
453.783599853,85.77246856689453,-76.13661193847656
453.933013916,85.5925521850586,-76.16321563720703
454.132232666,85.34255981445312,-76.17758178710938
454.281646728,85.14196014404297,-76.19202423095703
454.431060791,84.96390533447266,-76.22191619873047
454.630279541,84.7223892211914,-76.29693603515625
454.779693603,84.5604019165039,-76.37036895751953
454.945709228,84.3507308959961,-76.47418975830078
455.095123291,84.1867904663086,-76.55323791503906
455.294342041,83.95487213134766,-76.6613998413086
455.443756103,83.7654800415039,-76.74401092529297
455.642974853,83.52748107910156,-76.83795166015625
455.792388916,83.35868835449219,-76.8983154296875
455.941802978,83.16513061523438,-76.96240234375
456.141021728,82.92080688476562,-77.03844451904297
456.290435791,82.74903106689453,-77.0897445678711
456.456451416,82.55583953857422,-77.14585876464844
456.605865478,82.3605728149414,-77.20458984375
456.755279541,82.18585968017578,-77.25556945800781
456.904693603,81.98418426513672,-77.30645751953125
457.103912353,81.77349090576172,-77.35850524902344
457.253326416,81.77252197265625,-77.35874938964844
457.452545166,81.61534881591797,-77.38965606689453
457.601959228,81.42156982421875,-77.37584686279297
457.801177978,81.21227264404297,-77.23536682128906
457.950592041,81.12161254882812,-77.07827758789062
458.149810791,81.03971862792969,-76.8316421508789
458.315826416,80.97039794921875,-76.63560485839844
458.465240478,80.87950897216797,-76.44872283935547
458.614654541,80.77928161621094,-76.30023956298828
458.813873291,80.60831451416016,-76.1120376586914
458.963287353,80.48114013671875,-75.99850463867188
459.162506103,80.28302764892578,-75.8301010131836
459.311920166,80.14691162109375,-75.71556091308594
459.511138916,79.95256042480469,-75.54496002197266
459.660552978,79.80411529541016,-75.40323638916016
459.809967041,79.68125915527344,-75.28034973144531
459.975982666,79.53826904296875,-75.13693237304688
460.175201416,79.35320281982422,-74.95433044433594
460.324615478,79.20670318603516,-74.80670166015625
460.474029541,79.08262634277344,-74.68114471435547
460.673248291,78.90201568603516,-74.49603271484375
460.822662353,78.7588119506836,-74.35479736328125
461.021881103,78.74124908447266,-74.33805847167969
461.171295166,78.74124908447266,-74.33805847167969
461.370513916,78.74124908447266,-74.33805847167969
461.519927978,78.74124908447266,-74.33805847167969
461.685943603,78.64582061767578,-74.25435638427734
461.885162353,78.42717742919922,-74.12821960449219
462.034576416,78.38754272460938,-74.11288452148438
462.183990478,78.38754272460938,-74.11288452148438
462.383209228,78.38754272460938,-74.11288452148438
462.532623291,78.38754272460938,-74.11288452148438
462.731842041,78.38754272460938,-74.11288452148438
462.881256103,78.38754272460938,-74.11288452148438
463.080474853,78.38754272460938,-74.11288452148438
463.229888916,78.38754272460938,-74.11288452148438
463.395904541,78.27957153320312,-74.08271026611328
463.595123291,78.0261001586914,-74.05066680908203
463.744537353,77.8210220336914,-74.05592346191406
463.943756103,77.5652847290039,-74.08383178710938
464.093170166,77.38431549072266,-74.10320281982422
464.242584228,77.18262481689453,-74.12157440185547
464.441802978,76.9295425415039,-74.14873504638672
464.591217041,76.75101470947266,-74.16498565673828
464.790435791,76.49156188964844,-74.18163299560547
464.890045166,76.36166381835938,-74.18688201904297
465.105865478,76.08666229248047,-74.1910400390625
465.255279541,75.9046630859375,-74.18936157226562
465.404693603,75.69671630859375,-74.18423461914062
465.603912353,75.44364929199219,-74.1777114868164
465.753326416,75.27130889892578,-74.17327880859375
465.952545166,75.01956939697266,-74.16845703125
466.101959228,74.81293487548828,-74.16825866699219
466.251373291,74.63092803955078,-74.16732788085938
466.450592041,74.57594299316406,-74.16632080078125
466.600006103,74.57594299316406,-74.16632080078125
466.815826416,74.57594299316406,-74.16632080078125
466.965240478,74.57594299316406,-74.16632080078125
467.114654541,74.57594299316406,-74.16632080078125
467.313873291,74.57594299316406,-74.16632080078125
467.513092041,74.57940673828125,-74.14620208740234
467.662506103,74.66069793701172,-74.04074096679688
467.811920166,74.8112564086914,-73.95342254638672
468.011138916,75.0674057006836,-73.94730377197266
468.160552978,75.25944519042969,-74.02613067626953
468.260162353,75.37531280517578,-74.08506774902344
468.409576416,75.54267120361328,-74.15637969970703
468.575592041,75.73820495605469,-74.21370697021484
468.774810791,75.99254608154297,-74.25056457519531
468.924224853,76.1922378540039,-74.25244140625
469.073638916,76.36973571777344,-74.24109649658203
469.223052978,76.57687377929688,-74.22200012207031
469.422271728,76.83477783203125,-74.20279693603516
469.571685791,77.01110076904297,-74.19439697265625
469.721099853,77.2108383178711,-74.18966674804688
469.920318603,77.46671295166016,-74.19088745117188
470.086334228,77.6746597290039,-74.19605255126953
470.235748291,77.85249328613281,-74.20053100585938
470.434967041,78.06534576416016,-74.20588684082031
470.584381103,78.27055358886719,-74.21098327636719
470.733795166,78.44706726074219,-74.21263885498047
470.933013916,78.69751739501953,-74.21263885498047
471.082427978,78.90006256103516,-74.21263885498047
471.281646728,79.16007232666016,-74.21263885498047
471.431060791,79.34207916259766,-74.21263885498047
471.580474853,79.54462432861328,-74.21263885498047
471.779693603,79.76907348632812,-74.21263885498047
471.895904541,79.92371368408203,-74.21263885498047
472.095123291,80.18099212646484,-74.21263885498047
472.244537353,80.38490295410156,-74.21263885498047
472.443756103,80.6353530883789,-74.21263885498047
472.593170166,80.79235076904297,-74.21263885498047
472.742584228,80.93375396728516,-74.21263885498047
472.891998291,81.11302947998047,-74.21263885498047
473.091217041,81.37303924560547,-74.21263885498047
473.240631103,81.57831573486328,-74.21263885498047
473.390045166,81.7562255859375,-74.21263885498047
473.556060791,81.95603942871094,-74.21263885498047
473.705474853,82.16404724121094,-74.21263885498047
473.854888916,82.25753784179688,-74.21263885498047
474.054107666,82.29503631591797,-74.21263885498047
474.203521728,82.4969482421875,-74.21263885498047
474.402740478,82.71944427490234,-74.21263885498047
474.601959228,82.84744262695312,-74.21263885498047
474.751373291,83.02262115478516,-74.21263885498047
474.950592041,83.27853393554688,-74.21263885498047
475.149810791,83.53854370117188,-74.21263885498047
475.315826416,83.74382019042969,-74.21263885498047
475.465240478,83.9490966796875,-74.21263885498047
475.664459228,84.2091064453125,-74.21263885498047
475.813873291,84.38838195800781,-74.21263885498047
476.013092041,84.63883209228516,-74.21263885498047
476.162506103,84.84410858154297,-74.21263885498047
476.361724853,85.10411834716797,-74.21263885498047
476.560943603,85.3586654663086,-74.21263885498047
476.710357666,85.53384399414062,-74.21263885498047
476.876373291,85.73502349853516,-74.21263885498047
477.075592041,85.99503326416016,-74.21263885498047
477.225006103,86.19894409179688,-74.21263885498047
477.374420166,86.27246856689453,-74.21263885498047
477.573638916,86.51597595214844,-74.21263885498047
477.723052978,86.72398376464844,-74.21263885498047
477.922271728,86.95625305175781,-74.21263885498047
478.071685791,87.13825988769531,-74.21263885498047
478.270904541,87.39553833007812,-74.21263885498047
478.420318603,87.59808349609375,-74.21263885498047
478.586334228,87.80609130859375,-74.21263885498047
478.785552978,88.06063842773438,-74.21263885498047
478.934967041,88.2358169555664,-74.21263885498047
479.134185791,88.48899841308594,-74.21263885498047
479.333404541,88.74900817871094,-74.21263885498047
479.482818603,88.95428466796875,-74.21263885498047
479.632232666,89.12946319580078,-74.21263885498047
479.831451416,89.37991333007812,-74.21263885498047
479.980865478,89.58518981933594,-74.21263885498047
480.180084228,89.84519958496094,-74.21263885498047
480.346099853,90.04637908935547,-74.21263885498047
480.495513916,90.22428894042969,-74.21263885498047
480.694732666,90.4802017211914,-74.21263885498047
480.844146728,90.6882095336914,-74.21263885498047
480.993560791,90.86748504638672,-74.21263885498047
481.192779541,91.11930084228516,-74.21263885498047
481.342193603,91.32457733154297,-74.21263885498047
481.491607666,91.50658416748047,-74.21263885498047
481.690826416,91.76386260986328,-74.21263885498047
481.840240478,91.9677734375,-74.21263885498047
481.989654541,92.14022064208984,-74.21263885498047
482.155670166,92.34276580810547,-74.21263885498047
482.305084228,92.55077362060547,-74.21263885498047
482.504302978,92.80122375488281,-74.21263885498047
482.653717041,92.97776794433594,-74.21263885498047
482.852935791,93.23504638671875,-74.21263885498047
483.002349853,93.44305419921875,-74.21263885498047
483.101959228,93.57169342041016,-74.21263885498047
483.301177978,93.81941223144531,-74.21263885498047
483.450592041,93.99459075927734,-74.21263885498047
483.600006103,94.19440460205078,-74.21263885498047
483.815826416,94.23589324951172,-74.21263885498047
483.965240478,94.3101577758789,-74.21263885498047
484.164459228,94.56743621826172,-74.21263885498047
484.313873291,94.62342834472656,-74.21263885498047
484.513092041,94.62342834472656,-74.21263885498047
484.662506103,94.62342834472656,-74.21263885498047
484.861724853,94.62342834472656,-74.21263885498047
485.060943603,94.62342834472656,-74.21263885498047
485.210357666,94.62342834472656,-74.21263885498047
485.426177978,94.68592071533203,-74.21263885498047
485.575592041,94.86692810058594,-74.21263885498047
485.725006103,95.07220458984375,-74.21263885498047
485.924224853,95.32538604736328,-74.21263885498047
486.073638916,95.5019302368164,-74.21263885498047
486.272857666,95.76057434082031,-74.21263885498047
486.422271728,95.96858215332031,-74.21263885498047
486.621490478,96.22449493408203,-74.21263885498047
486.770904541,96.40240478515625,-74.21263885498047
486.970123291,96.65831756591797,-74.21263885498047
487.136138916,96.86632537841797,-74.21263885498047
487.285552978,97.0688705444336,-74.21263885498047
487.484771728,97.32341766357422,-74.21263885498047
487.634185791,97.50542449951172,-74.21263885498047
487.833404541,97.67791748046875,-74.21263885498047
487.982818603,97.88592529296875,-74.21263885498047
488.182037353,98.14320373535156,-74.21263885498047
488.331451416,98.32247924804688,-74.21263885498047
488.530670166,98.5783920288086,-74.21263885498047
488.680084228,98.7863998413086,-74.21263885498047
488.846099853,98.9916763305664,-74.21263885498047
489.045318603,99.24622344970703,-74.21263885498047
489.244537353,99.50623321533203,-74.21263885498047
489.393951416,99.68277740478516,-74.21263885498047
489.593170166,99.9345932006836,-74.21263885498047
489.742584228,100.13713836669922,-74.21263885498047
489.941802978,100.39714813232422,-74.21263885498047
490.091217041,100.57915496826172,-74.21263885498047
490.290435791,100.83370208740234,-74.21263885498047
490.456451416,101.03488159179688,-74.21263885498047
490.605865478,101.20537567138672,-74.21263885498047
490.805084228,101.40287017822266,-74.21263885498047
490.954498291,101.58487701416016,-74.21263885498047
491.153717041,101.84352111816406,-74.21263885498047
491.303131103,102.04606628417969,-74.21263885498047
491.502349853,102.3033447265625,-74.21263885498047
491.701568603,102.5633544921875,-74.21263885498047
491.850982666,102.73989868164062,-74.21263885498047
492.050201416,102.99444580078125,-74.21263885498047
492.216217041,103.19562530517578,-74.21263885498047
492.365631103,103.40363311767578,-74.21263885498047
492.564849853,103.65681457519531,-74.21263885498047
492.764068603,103.90863037109375,-74.21263885498047
492.913482666,104.08654022216797,-74.21263885498047
493.112701416,104.34654998779297,-74.21263885498047
493.311920166,104.60382843017578,-74.21263885498047
493.461334228,104.8063735961914,-74.21263885498047
493.660552978,105.05818939208984,-74.21263885498047
493.809967041,105.24019622802734,-74.21263885498047
494.025787353,105.52484130859375,-74.21263885498047
494.175201416,105.58623504638672,-74.21263885498047
494.374420166,105.83941650390625,-74.21263885498047
494.523834228,106.04742431640625,-74.21263885498047
494.723052978,106.30333709716797,-74.21263885498047
494.922271728,106.5551528930664,-74.21263885498047
495.071685791,106.7371597290039,-74.21263885498047
495.270904541,106.98466491699219,-74.21263885498047
495.420318603,107.01265716552734,-74.21263885498047
495.636138916,107.01265716552734,-74.21263885498047
495.785552978,107.01265716552734,-74.21263885498047
495.984771728,107.01265716552734,-74.21263885498047
496.183990478,107.01265716552734,-74.21263885498047
496.383209228,107.01265716552734,-74.21263885498047
496.582427978,107.01265716552734,-74.21263885498047
496.731842041,107.01265716552734,-74.21263885498047
496.931060791,107.09941864013672,-74.21263885498047
497.130279541,107.35942840576172,-74.21263885498047
497.279693603,107.53460693359375,-74.21263885498047
497.495513916,107.80696105957031,-74.21263885498047
497.644927978,108.01223754882812,-74.21263885498047
497.844146728,108.27223205566406,-74.21434020996094
498.043365478,108.5224838256836,-74.22334289550781
498.192779541,108.7000732421875,-74.23362731933594
498.342193603,108.90476989746094,-74.2488021850586
498.541412353,109.16442108154297,-74.261474609375
498.690826416,109.34628295898438,-74.25531005859375
498.890045166,109.59707641601562,-74.23284149169922
499.056060791,109.79743194580078,-74.21501159667969
499.255279541,110.05693054199219,-74.1989974975586
499.404693603,110.25659942626953,-74.1923599243164
499.554107666,110.43173217773438,-74.19065856933594
499.753326416,110.68895721435547,-74.19429779052734
499.952545166,110.94889068603516,-74.19918060302734
500.101959228,111.15410614013672,-74.20304107666016
500.301177978,111.40584564208984,-74.2077865600586
500.450592041,111.58233642578125,-74.21111297607422
500.649810791,111.83821105957031,-74.2142105102539
500.815826416,112.04621124267578,-74.21279907226562
501.015045166,112.29448699951172,-74.19438934326172
501.214263916,112.54695129394531,-74.16210174560547
501.363677978,112.75385284423828,-74.14078521728516
501.562896728,113.00902557373047,-74.12175750732422
501.762115478,113.25784301757812,-74.11112976074219
501.911529541,113.43022918701172,-74.10838317871094
502.110748291,113.68609619140625,-74.11117553710938
502.260162353,113.89395141601562,-74.11885070800781
502.475982666,114.1496353149414,-74.1292953491211
502.625396728,114.3492660522461,-74.13745880126953
502.824615478,114.60633087158203,-74.14747619628906
502.974029541,114.78829956054688,-74.1509017944336
503.173248291,115.04144287109375,-74.15326690673828
503.372467041,115.28909301757812,-74.15557098388672
503.521881103,115.49435424804688,-74.15538787841797
503.721099853,115.75436401367188,-74.15454864501953
503.870513916,115.93637084960938,-74.15396118164062
504.069732666,116.18814086914062,-74.15312194824219
504.235748291,116.39340209960938,-74.15245056152344
504.385162353,116.60140991210938,-74.15177917480469
504.584381103,116.8572998046875,-74.15093994140625
504.783599853,117.10357666015625,-74.15010070800781
504.933013916,117.28146362304688,-74.1495132446289
505.132232666,117.54147338867188,-74.14867401123047
505.331451416,117.80010986328125,-74.14783477783203
505.480865478,117.99713134765625,-74.14716339111328
505.680084228,118.24615478515625,-74.14632415771484
505.846099853,118.45004272460938,-74.1456527709961
506.045318603,118.70867919921875,-74.14481353759766
506.244537353,118.96731567382812,-74.14397430419922
506.393951416,119.14382934570312,-74.14338684082031
506.593170166,119.4024658203125,-74.14254760742188
506.792388916,119.66110229492188,-74.14170837402344
506.991607666,119.9114990234375,-74.140869140625
507.141021728,120.114013671875,-74.14019775390625
507.340240478,120.3740234375,-74.13935852050781
507.556060791,120.63128662109375,-74.13851928710938
507.755279541,120.8885498046875,-74.13768005371094
507.904693603,121.0965576171875,-74.13700866699219
508.103912353,121.35244750976562,-74.13616943359375
508.303131103,121.6097183227539,-74.13605499267578
508.452545166,121.7917251586914,-74.13658905029297
508.651763916,122.0517349243164,-74.1373519897461
508.850982666,122.30487823486328,-74.13811492919922
509.000396728,122.50739288330078,-74.13872528076172
509.216217041,122.76053619384766,-74.13948822021484
509.415435791,123.02054595947266,-74.14025115966797
509.564849853,123.21894073486328,-74.14086151123047
509.764068603,123.47345733642578,-74.1416244506836
509.963287353,123.73346710205078,-74.14238739013672
510.112701416,123.91547393798828,-74.1429214477539
510.311920166,124.16449737548828,-74.14368438720703
510.511138916,124.41214752197266,-74.14444732666016
510.660552978,124.61328887939453,-74.14505767822266
510.876373291,124.87329864501953,-74.14582061767578
511.075592041,125.12506866455078,-74.1465835571289
