timestamp_sec,x,y
35.025806427,77.0999984741211,-6.199999809265137
35.274829864,77.0999984741211,-6.199999809265137
35.474048614,77.0999984741211,-6.199999809265137
35.673267364,77.0999984741211,-6.199999809265137
35.872486114,77.0999984741211,-6.199999809265137
36.021900177,77.0999984741211,-6.199999809265137
36.221118927,77.0999984741211,-6.199999809265137
36.420337677,77.0999984741211,-6.199999809265137
36.636157989,77.0999984741211,-6.199999809265137
36.835376739,77.0999984741211,-6.199999809265137
37.034595489,77.0999984741211,-6.199999809265137
37.184009552,77.0999984741211,-6.199999809265137
37.333423614,77.0999984741211,-6.199999809265137
37.532642364,77.0999984741211,-6.199999809265137
37.682056427,77.0999984741211,-6.199999809265137
37.881275177,77.0999984741211,-6.199999809265137
38.080493927,77.0999984741211,-6.199999809265137
38.229907989,77.0999984741211,-6.199999809265137
38.445728302,77.0999984741211,-6.199999809265137
38.644947052,77.0999984741211,-6.199999809265137
38.844165802,77.0999984741211,-6.199999809265137
38.993579864,77.0999984741211,-6.199999809265137
39.192798614,77.0999984741211,-6.199999809265137
39.392017364,77.0999984741211,-6.199999809265137
39.591236114,77.0999984741211,-6.199999809265137
39.740650177,77.0999984741211,-6.199999809265137
39.956470489,77.0999984741211,-6.199999809265137
40.155689239,77.0999984741211,-6.199999809265137
40.305103302,77.0999984741211,-6.199999809265137
40.504322052,77.0999984741211,-6.199999809265137
40.703540802,77.0999984741211,-6.199999809265137
40.852954864,77.0999984741211,-6.199999809265137
41.052173614,77.0999984741211,-6.199999809265137
41.251392364,77.0999984741211,-6.199999809265137
41.400806427,77.0999984741211,-6.199999809265137
41.600025177,77.0999984741211,-6.199999809265137
41.766040802,77.0999984741211,-6.199999809265137
41.965259552,77.0999984741211,-6.199999809265137
42.164478302,77.0999984741211,-6.199999809265137
42.313892364,77.0999984741211,-6.199999809265137
42.463306427,77.0999984741211,-6.199999809265137
42.662525177,77.0999984741211,-6.199999809265137
42.861743927,77.0999984741211,-6.199999809265137
43.011157989,77.0999984741211,-6.199999809265137
43.210376739,77.0999984741211,-6.199999809265137
43.376392364,77.0999984741211,-6.199999809265137
43.575611114,77.0999984741211,-6.199999809265137
43.725025177,77.0999984741211,-6.199999809265137
43.924243927,77.0999984741211,-6.199999809265137
44.123462677,77.0999984741211,-6.199999809265137
44.272876739,77.0999984741211,-6.199999809265137
44.472095489,77.0999984741211,-6.199999809265137
44.621509552,77.0999984741211,-6.199999809265137
44.820728302,77.0999984741211,-6.199999809265137
44.970142364,77.0999984741211,-6.199999809265137
45.136157989,77.0999984741211,-6.199999809265137
45.335376739,77.0999984741211,-6.199999809265137
45.534595489,77.0999984741211,-6.199999809265137
45.684009552,77.0999984741211,-6.199999809265137
45.883228302,77.0999984741211,-6.199999809265137
46.032642364,77.0999984741211,-6.199999809265137
46.231861114,77.0999984741211,-6.199999809265137
46.381275177,77.0999984741211,-6.199999809265137
46.580493927,77.0999984741211,-6.199999809265137
46.729907989,77.0999984741211,-6.199999809265137
46.895923614,77.0999984741211,-6.199999809265137
47.095142364,77.0999984741211,-6.199999809265137
47.244556427,77.0999984741211,-6.199999809265137
47.443775177,77.0999984741211,-6.199999809265137
47.593189239,77.0999984741211,-6.199999809265137
47.792407989,77.0999984741211,-6.199999809265137
47.941822052,77.0999984741211,-6.199999809265137
48.141040802,77.0999984741211,-6.199999809265137
48.290454864,77.0999984741211,-6.199999809265137
48.506275177,77.0999984741211,-6.199999809265137
48.655689239,77.0999984741211,-6.199999809265137
48.854907989,77.0999984741211,-6.199999809265137
49.004322052,77.0999984741211,-6.199999809265137
49.203540802,77.0999984741211,-6.199999809265137
49.352954864,77.0999984741211,-6.199999809265137
49.502368927,77.0999984741211,-6.199999809265137
49.701587677,77.0999984741211,-6.199999809265137
49.801197052,77.0999984741211,-6.199999809265137
50.000415802,77.0999984741211,-6.199999809265137
50.149829864,77.0999984741211,-6.199999809265137
50.299243927,77.0999984741211,-6.199999809265137
50.465259552,77.0999984741211,-6.199999809265137
50.664478302,77.0999984741211,-6.199999809265137
50.863697052,77.0999984741211,-6.199999809265137
51.013111114,77.0999984741211,-6.199999809265137
51.162525177,77.0999984741211,-6.199999809265137
51.311939239,77.0999984741211,-6.199999809265137
51.511157989,77.0999984741211,-6.199999809265137
51.660572052,77.0999984741211,-6.199999809265137
51.876392364,77.0999984741211,-6.199999809265137
52.025806427,77.0999984741211,-6.199999809265137
52.225025177,77.0999984741211,-6.199999809265137
52.374439239,77.0999984741211,-6.199999809265137
52.573657989,77.0999984741211,-6.199999809265137
52.723072052,77.0037841796875,-6.226568698883057
52.972095489,76.71458435058594,-6.151965141296387
53.171314239,76.54598999023438,-5.960155487060547
53.370532989,76.43614196777344,-5.729253768920898
53.586353302,76.32495880126953,-5.468742370605469
53.785572052,76.20417022705078,-5.243363857269287
53.984790802,76.08940124511719,-5.084463119506836
54.184009552,76.088134765625,-5.082915306091309
54.433032989,76.088134765625,-5.082915306091309
54.632251739,76.088134765625,-5.082915306091309
54.831470489,76.088134765625,-5.082915306091309
55.030689239,76.088134765625,-5.082915306091309
55.229907989,76.08368682861328,-5.077714443206787
55.495532989,76.06160736083984,-5.064601898193359
55.694751739,75.86872100830078,-5.0869293212890625
55.893970489,75.6704330444336,-5.240781307220459
56.093189239,75.57853698730469,-5.481079578399658
56.242603302,75.5675048828125,-5.685847282409668
56.441822052,75.58536529541016,-5.942430019378662
56.641040802,75.5905532836914,-6.202141284942627
56.840259552,75.55536651611328,-6.455301284790039
57.056079864,75.47722625732422,-6.698729038238525
57.255298614,75.36682891845703,-6.927889347076416
57.454517364,75.24089813232422,-7.1522135734558105
57.653736114,75.1101303100586,-7.376931190490723
57.803150177,75.00886535644531,-7.5554704666137695
58.002368927,74.89022064208984,-7.777533054351807
58.201587677,74.77410125732422,-8.010152816772461
58.400806427,74.66248321533203,-8.244969367980957
58.600025177,74.55094146728516,-8.47982120513916
58.766040802,74.46588897705078,-8.65908432006836
58.965259552,74.35903930664062,-8.89160442352295
59.164478302,74.2510986328125,-9.125123023986816
59.363697052,74.13822174072266,-9.359334945678711
59.562915802,74.02645111083984,-9.594080924987793
59.762134552,73.92027282714844,-9.817642211914062
59.861743927,73.91941833496094,-9.819448471069336
60.060962677,73.91324615478516,-9.831655502319336
60.260181427,73.84801483154297,-9.902667999267578
60.476001739,73.62931060791016,-9.971895217895508
60.675220489,73.38570404052734,-9.905555725097656
60.874439239,73.20284271240234,-9.730891227722168
61.073657989,73.0583724975586,-9.521373748779297
61.272876739,72.90245056152344,-9.327343940734863
61.472095489,72.71589660644531,-9.156837463378906
61.721118927,72.43194580078125,-8.989861488342285
61.920337677,72.1946792602539,-8.88368034362793
62.136157989,71.95248413085938,-8.789129257202148
62.335376739,71.71475982666016,-8.702066421508789
62.534595489,71.47770690917969,-8.613207817077637
62.733814239,71.2369155883789,-8.518778800964355
62.933032989,71.00031280517578,-8.421358108520508
63.132251739,70.7619400024414,-8.32828140258789
63.381275177,70.45213317871094,-8.21936321258545
63.580493927,70.212890625,-8.15048885345459
63.729907989,70.0399169921875,-8.1154146194458
63.995532989,69.70671844482422,-8.080229759216309
64.194747924,69.4509048461914,-8.080204010009766
64.393966674,69.1977767944336,-8.082558631896973
64.593185424,68.94512939453125,-8.068062782287598
64.792404174,68.68678283691406,-8.038790702819824
64.991622924,68.42941284179688,-8.00195598602295
65.190841674,68.1748046875,-7.949785232543945
65.390060424,67.92701721191406,-7.885923385620117
65.605880737,67.65056610107422,-7.831389904022217
65.805099487,67.4015884399414,-7.8047990798950195
66.004318237,67.15531158447266,-7.778700828552246
66.203536987,66.9045181274414,-7.756438732147217
66.402755737,66.64500427246094,-7.74064826965332
66.601974487,66.38975524902344,-7.722693920135498
66.801193237,66.14129638671875,-7.705756187438965
67.050216674,65.83910369873047,-7.694166660308838
67.216232299,65.63252258300781,-7.689318656921387
67.415451049,65.37934875488281,-7.687637805938721
67.664474487,65.05368041992188,-7.6841912269592285
67.863693237,64.8021469116211,-7.673024654388428
68.062911987,64.54226684570312,-7.668216705322266
68.262130737,64.28376007080078,-7.676333904266357
68.461349487,64.031982421875,-7.677884578704834
68.660568237,63.783023834228516,-7.671532154083252
68.876388549,63.52341842651367,-7.6572160720825195
69.075607299,63.281822204589844,-7.642867088317871
69.274826049,63.145042419433594,-7.634699821472168
69.474044799,62.887943267822266,-7.625722885131836
69.673263549,62.62794494628906,-7.624604225158691
69.822677612,62.4254150390625,-7.625521659851074
70.021896362,62.179100036621094,-7.6266374588012695
70.221115112,61.92593765258789,-7.627784252166748
70.470138549,61.61803436279297,-7.629179000854492
70.636154174,61.41002655029297,-7.630121231079102
70.835372924,61.159603118896484,-7.631255626678467
71.034591674,60.900962829589844,-7.632427215576172
71.233810424,60.640953063964844,-7.633605003356934
71.433029174,60.39052963256836,-7.634739398956299
71.682052612,60.062103271484375,-7.636227130889893
71.881271362,59.802093505859375,-7.637404918670654
72.080490112,59.54756164550781,-7.6385579109191895
72.279708862,59.32587814331055,-7.639562129974365
72.495529174,59.05082321166992,-7.64080810546875
72.694747924,58.79081344604492,-7.641985893249512
72.893966674,58.534912109375,-7.6431450843811035
73.093185424,58.284488677978516,-7.644201755523682
73.292404174,58.02723693847656,-7.641801357269287
73.491622924,57.76726531982422,-7.638878345489502
73.740646362,57.43886184692383,-7.635185241699219
73.890060424,57.26507568359375,-7.633230686187744
74.155685424,56.93394088745117,-7.629507064819336
74.354904174,56.67806625366211,-7.626629829406738
74.554122924,56.43038558959961,-7.624310493469238
74.753341674,56.17585372924805,-7.625385761260986
74.952560424,55.918582916259766,-7.626551151275635
75.151779174,55.658573150634766,-7.6277289390563965
75.350997924,55.40951919555664,-7.628857135772705
75.550216674,55.163204193115234,-7.6299729347229
75.766036987,54.88677978515625,-7.631225109100342
75.965255737,54.62950897216797,-7.63239049911499
76.114669799,54.452980041503906,-7.633190155029297
76.363693237,54.12318420410156,-7.634684085845947
76.562911987,53.86317443847656,-7.635861873626709
76.762130737,53.60453414916992,-7.637033462524414
76.961349487,53.35000228881836,-7.638186454772949
77.160568237,53.08999252319336,-7.639364242553711
77.376388549,52.82998275756836,-7.640542030334473
77.575607299,52.580928802490234,-7.641670227050781
77.774826049,52.32502746582031,-7.642829418182373
77.974044799,52.06501770019531,-7.644007205963135
78.223068237,51.996517181396484,-7.644317626953125
78.422286987,51.872989654541016,-7.643749713897705
78.621505737,51.62257766723633,-7.640933513641357
78.820724487,51.37216567993164,-7.63811731338501
79.019943237,51.143653869628906,-7.635547637939453
79.235763549,50.860416412353516,-7.6323628425598145
79.434982299,50.60317611694336,-7.629470348358154
79.684005737,50.2679443359375,-7.625700950622559
79.883224487,50.00931930541992,-7.624489784240723
80.082443237,49.75889587402344,-7.6264142990112305
80.281661987,49.50984191894531,-7.628328323364258
80.480880737,49.25394058227539,-7.6302947998046875
80.680099487,48.99393081665039,-7.632292747497559
80.895919799,48.743507385253906,-7.634217262268066
81.095138549,48.4903450012207,-7.636162757873535
81.294357299,48.2303352355957,-7.638160705566406
81.493576049,47.97306442260742,-7.640137672424316
81.692794799,47.7240104675293,-7.642051696777344
81.892013549,47.470848083496094,-7.642361164093018
82.141036987,47.132835388183594,-7.639627456665039
82.240646362,47.03057098388672,-7.638800144195557
82.456466674,46.94307327270508,-7.638092517852783
82.655685424,46.689910888671875,-7.636044502258301
82.904708862,46.351898193359375,-7.633310794830322
83.103927612,46.09873580932617,-7.63126277923584
83.303146362,45.84831237792969,-7.629236698150635
83.502365112,45.592411041259766,-7.627166748046875
83.701583862,45.332401275634766,-7.625063896179199
83.900802612,45.08060836791992,-7.623260021209717
84.149826049,44.77956771850586,-7.626057147979736
84.315841674,44.57295608520508,-7.628296852111816
84.564865112,44.2418212890625,-7.6318864822387695
84.764083862,43.988677978515625,-7.6346306800842285
84.963302612,43.73280334472656,-7.637404441833496
85.162521362,43.47283172607422,-7.640222549438477
85.361740112,43.22515106201172,-7.640342712402344
85.560958862,42.97883605957031,-7.638349533081055
85.809982299,42.67641067504883,-7.6359028816223145
85.975997924,42.46977233886719,-7.6342315673828125
86.175216674,42.213871002197266,-7.632161617279053
86.374435424,41.96207809448242,-7.630124568939209
86.623458862,41.85307693481445,-7.629242897033691
86.822677612,41.85307693481445,-7.629242897033691
87.021896362,41.85307693481445,-7.629242897033691
87.221115112,41.85307693481445,-7.629242897033691
87.470138549,41.85307693481445,-7.629242897033691
87.669357299,41.74101257324219,-7.632266044616699
87.885177612,41.477108001708984,-7.7028703689575195
88.084396362,41.263729095458984,-7.84555196762085
88.283615112,41.07149887084961,-8.020515441894531
88.482833862,40.88660430908203,-8.193421363830566
88.682052612,40.69257736206055,-8.360248565673828
88.931076049,40.44698715209961,-8.552532196044922
89.130294799,40.22970962524414,-8.695281982421875
89.296310424,40.05579376220703,-8.801701545715332
89.495529174,39.83148193359375,-8.93317985534668
89.694747924,39.61486053466797,-9.061534881591797
89.893966674,39.39727020263672,-9.190939903259277
90.142990112,39.114112854003906,-9.367820739746094
90.342208862,38.89936447143555,-9.509486198425293
90.541427612,38.683990478515625,-9.647673606872559
90.690841674,38.53130340576172,-9.746722221374512
90.890060424,38.31877899169922,-9.88924503326416
91.105880737,38.09238815307617,-10.057168960571289
91.305099487,37.9007568359375,-10.222498893737793
91.504318237,37.720359802246094,-10.40770149230957
91.703536987,37.5523796081543,-10.606143951416016
91.902755737,37.384464263916016,-10.804642677307129
92.101974487,37.21990966796875,-10.997028350830078
92.350997924,37.204193115234375,-11.015512466430664
92.550216674,37.204193115234375,-11.015512466430664
92.766036987,37.11893081665039,-11.125840187072754
92.915451049,37.03570556640625,-11.287179946899414
93.114669799,36.98027420043945,-11.540520668029785
93.313888549,36.96950912475586,-11.796101570129395
93.513107299,36.965694427490234,-12.047852516174316
93.662521362,36.94821548461914,-12.25367259979248
93.861740112,36.9041748046875,-12.50565242767334
94.060958862,36.836544036865234,-12.755218505859375
94.260177612,36.75742721557617,-13.002876281738281
94.409591674,36.69902801513672,-13.175256729125977
94.625411987,36.608680725097656,-13.446608543395996
94.774826049,36.55084228515625,-13.619169235229492
94.924240112,36.4868049621582,-13.815625190734863
95.123458862,36.41032028198242,-14.059818267822266
95.322677612,36.33818435668945,-14.30817985534668
95.521896362,36.26447296142578,-14.557501792907715
95.671310424,36.20991897583008,-14.731130599975586
95.870529174,36.1300163269043,-14.978545188903809
96.036544799,36.066795349121094,-15.166624069213867
96.235763549,36.003299713134766,-15.376954078674316
96.434982299,35.975345611572266,-15.489020347595215
96.584396362,35.929908752441406,-15.691984176635742
96.783615112,35.879066467285156,-15.938589096069336
96.982833862,35.82636642456055,-16.183391571044922
97.182052612,35.76604461669922,-16.427837371826172
97.331466674,35.71722412109375,-16.60032081604004
97.530685424,35.64329528808594,-16.842439651489258
97.729904174,35.564998626708984,-17.08605194091797
97.895919799,35.49861145019531,-17.281726837158203
98.095138549,35.415069580078125,-17.525043487548828
98.294357299,35.330177307128906,-17.77078628540039
98.493576049,35.24179458618164,-18.01529884338379
98.692794799,35.155582427978516,-18.260581970214844
98.892013549,35.072628021240234,-18.50698471069336
99.091232299,34.988975524902344,-18.75315284729004
99.290451049,34.90486145019531,-18.999162673950195
99.489669799,34.819114685058594,-19.244606018066406
99.705490112,34.720611572265625,-19.508729934692383
99.904708862,34.63239288330078,-19.74601936340332
100.054122924,34.5726432800293,-19.91358184814453
100.253341674,34.48719024658203,-20.154787063598633
100.452560424,34.402565002441406,-20.39483070373535
100.651779174,34.31975555419922,-20.629709243774414
100.850997924,34.23229217529297,-20.871641159057617
101.000411987,34.16318130493164,-21.0605525970459
101.199630737,34.08693313598633,-21.273075103759766
101.415451049,33.99488830566406,-21.535171508789062
101.614669799,33.911346435546875,-21.769798278808594
101.813888549,33.82710647583008,-22.007080078125
102.013107299,33.74317169189453,-22.247358322143555
102.212326049,33.65425109863281,-22.48584747314453
102.411544799,33.56388854980469,-22.723791122436523
102.560958862,33.4874267578125,-22.917226791381836
102.760177612,33.396446228027344,-23.154939651489258
102.975997924,33.305755615234375,-23.394222259521484
103.175216674,33.22005844116211,-23.62514305114746
103.374435424,33.13573455810547,-23.865293502807617
103.573654174,33.069480895996094,-24.048439025878906
103.772872924,33.06914138793945,-24.049379348754883
103.972091674,33.06914138793945,-24.049379348754883
104.171310424,33.03081130981445,-24.17040252685547
104.320724487,33.011077880859375,-24.362730026245117
104.536544799,33.0997428894043,-24.604339599609375
104.636154174,33.17778015136719,-24.708213806152344
104.785568237,33.31652069091797,-24.855669021606445
104.984786987,33.49601364135742,-25.036121368408203
105.134201049,33.622196197509766,-25.16727066040039
105.333419799,33.789669036865234,-25.360658645629883
105.482833862,33.9109001159668,-25.526235580444336
105.682052612,34.042625427246094,-25.742319107055664
105.831466674,34.13041305541992,-25.901744842529297
105.980880737,34.22831726074219,-26.085262298583984
106.180099487,34.351287841796875,-26.309669494628906
106.329513549,34.4405517578125,-26.466703414916992
106.495529174,34.54262161254883,-26.647933959960938
106.694747924,34.66876220703125,-26.870573043823242
106.844161987,34.769683837890625,-27.042997360229492
107.043380737,34.9031867980957,-27.262893676757812
107.192794799,34.998626708984375,-27.417858123779297
107.392013549,35.13468933105469,-27.636192321777344
107.541427612,35.24563980102539,-27.8121337890625
107.740646362,35.383975982666016,-28.032272338867188
107.890060424,35.48192596435547,-28.185672760009766
108.056076049,35.59357452392578,-28.361175537109375
108.255294799,35.7312126159668,-28.581748962402344
108.404708862,35.83964157104492,-28.759239196777344
108.603927612,35.973270416259766,-28.979068756103516
108.753341674,36.06626510620117,-29.13551902770996
108.952560424,36.198516845703125,-29.359373092651367
109.101974487,36.30299377441406,-29.5296630859375
109.301193237,36.440914154052734,-29.750064849853516
109.450607299,36.53712844848633,-29.901323318481445
109.649826049,36.673301696777344,-30.122804641723633
109.815841674,36.77878952026367,-30.302072525024414
109.965255737,36.88011932373047,-30.475847244262695
110.114669799,36.97164535522461,-30.629985809326172
110.313888549,37.103092193603516,-30.847936630249023
110.513107299,37.240657806396484,-31.068561553955078
110.662521362,37.350833892822266,-31.244979858398438
110.861740112,37.48387908935547,-31.46196746826172
111.011154174,37.57792282104492,-31.617786407470703
111.210372924,37.70862579345703,-31.837779998779297
111.376388549,37.81636428833008,-32.01570129394531
111.525802612,37.92544174194336,-32.192813873291016
111.725021362,38.05649185180664,-32.40459060668945
111.874435424,38.15302658081055,-32.55725860595703
112.073654174,38.288639068603516,-32.77101516723633
112.223068237,38.400917053222656,-32.942840576171875
112.422286987,38.54304122924805,-33.15398406982422
112.571701049,38.64421081542969,-33.305274963378906
112.770919799,38.78559112548828,-33.52347183227539
112.920333862,38.89820098876953,-33.69834518432617
113.086349487,39.01252746582031,-33.872100830078125
113.285568237,39.10021209716797,-33.995643615722656
113.484786987,39.10021209716797,-33.995643615722656
113.634201049,39.149986267089844,-34.056400299072266
113.833419799,39.30402755737305,-34.17281723022461
113.982833862,39.498939514160156,-34.207271575927734
114.182052612,39.7393798828125,-34.11878204345703
114.331466674,39.86772155761719,-33.990386962890625
114.530685424,40.01498031616211,-33.77629852294922
114.680099487,40.134464263916016,-33.60615921020508
114.895919799,40.31208801269531,-33.41674041748047
115.095138549,40.51969528198242,-33.260658264160156
115.294357299,40.749237060546875,-33.13912582397461
115.443771362,40.9437370300293,-33.06557846069336
115.642990112,41.192626953125,-32.99043655395508
115.842208862,41.44389343261719,-32.92365264892578
115.991622924,41.61777114868164,-32.880069732666016
116.190841674,41.85772705078125,-32.818729400634766
116.390060424,42.10961151123047,-32.76023864746094
116.556076049,42.31525421142578,-32.72930145263672
116.755294799,42.566429138183594,-32.71298599243164
116.904708862,42.76885223388672,-32.70669937133789
117.103927612,43.025978088378906,-32.69870376586914
117.303146362,43.17235565185547,-32.69293975830078
117.452560424,43.17235565185547,-32.69293975830078
117.651779174,43.17235565185547,-32.69293975830078
117.850997924,43.17235565185547,-32.69293975830078
118.000411987,43.17235565185547,-32.69293975830078
118.216232299,43.272483825683594,-32.68773651123047
118.365646362,43.477630615234375,-32.68101119995117
118.564865112,43.72804641723633,-32.67974853515625
118.764083862,43.982566833496094,-32.67920684814453
118.913497924,44.164188385009766,-32.66798400878906
119.112716674,44.42180633544922,-32.645294189453125
119.262130737,44.622413635253906,-32.63050079345703
119.461349487,44.87530517578125,-32.61907958984375
119.660568237,45.132537841796875,-32.61558532714844
119.809982299,45.31452560424805,-32.61772537231445
120.025802612,45.59364700317383,-32.62226867675781
120.225021362,45.85224914550781,-32.62648010253906
120.374435424,46.03422927856445,-32.62944412231445
120.573654174,46.28461456298828,-32.63344192504883
120.772872924,46.539146423339844,-32.63460922241211
120.922286987,46.747154235839844,-32.635372161865234
121.121505737,47.007164001464844,-32.63632583618164
121.320724487,47.261695861816406,-32.637264251708984
121.470138549,47.43685531616211,-32.63791275024414
121.685958862,47.71601867675781,-32.63844680786133
121.835372924,47.89802551269531,-32.63737869262695
122.034591674,48.14707946777344,-32.63591384887695
122.233810424,48.39887237548828,-32.63443374633789
122.383224487,48.60688018798828,-32.63321304321289
122.582443237,48.86688995361328,-32.63168716430664
122.781661987,49.121421813964844,-32.630191802978516
122.931076049,49.29658126831055,-32.6291618347168
123.130294799,49.55385208129883,-32.62765121459961
123.296310424,49.76185989379883,-32.62643051147461
123.445724487,49.96712875366211,-32.62522506713867
123.644943237,50.13826370239258,-32.62421417236328
123.794357299,50.316162109375,-32.6231689453125
123.993576049,50.57129669189453,-32.60603332519531
124.192794799,50.82394027709961,-32.55160140991211
124.392013549,51.071144104003906,-32.48550033569336
124.541427612,51.27238845825195,-32.432945251464844
124.740646362,51.5217399597168,-32.38236618041992
124.890060424,51.69561767578125,-32.361515045166016
125.105880737,51.97584533691406,-32.35035705566406
125.305099487,52.233097076416016,-32.351661682128906
125.454513549,52.40815734863281,-32.357261657714844
125.653732299,52.66240310668945,-32.36935806274414
125.852951049,52.9221076965332,-32.38179397583008
126.002365112,53.12998580932617,-32.3887825012207
126.201583862,53.378997802734375,-32.392303466796875
126.400802612,53.6293830871582,-32.395591735839844
126.550216674,53.807281494140625,-32.39573287963867
126.766036987,54.093292236328125,-32.3940544128418
126.965255737,54.34782409667969,-32.39255905151367
127.114669799,54.52709197998047,-32.39150619506836
127.313888549,54.78710174560547,-32.38998031616211
127.513107299,55.04163360595703,-32.388484954833984
127.712326049,55.2893180847168,-32.387027740478516
127.861740112,55.49321746826172,-32.38582992553711
128.060958862,55.75048828125,-32.38431930541992
128.260177612,56.010498046875,-32.38279342651367
128.426193237,56.21571350097656,-32.37914276123047
128.625411987,56.47218322753906,-32.35926818847656
128.824630737,56.73135757446289,-32.3387451171875
129.023849487,56.98651123046875,-32.31964111328125
129.223068237,57.23921585083008,-32.27996826171875
129.422286987,57.48969268798828,-32.21591567993164
129.571701049,57.53025817871094,-32.2032585144043
129.770919799,57.53025817871094,-32.2032585144043
129.970138549,57.53025817871094,-32.2032585144043
130.185958862,57.627525329589844,-32.176116943359375
130.385177612,57.874752044677734,-32.151947021484375
130.584396362,58.130924224853516,-32.17380905151367
130.733810424,58.304805755615234,-32.204078674316406
130.933029174,58.5552864074707,-32.26271057128906
131.132247924,58.80373764038086,-32.329429626464844
131.331466674,59.05502700805664,-32.3961296081543
131.480880737,59.25297164916992,-32.44499206542969
131.680099487,59.5001335144043,-32.492977142333984
131.846115112,59.69932556152344,-32.529537200927734
132.045333862,59.840518951416016,-32.55445861816406
132.244552612,60.09908676147461,-32.58076095581055
132.393966674,60.27690887451172,-32.58502960205078
132.593185424,60.532779693603516,-32.581974029541016
132.792404174,60.7927131652832,-32.57594680786133
132.941818237,60.996551513671875,-32.57121658325195
133.141036987,61.24689865112305,-32.56540298461914
133.340255737,61.50139236450195,-32.56150817871094
133.556076049,61.760032653808594,-32.559574127197266
133.755294799,62.00908660888672,-32.55772018432617
133.904708862,62.21298599243164,-32.55668640136719
134.103927612,62.47025680541992,-32.558753967285156
134.303146362,62.73026657104492,-32.56092834472656
134.452560424,62.906795501708984,-32.56240463256836
134.601974487,63.10658645629883,-32.5640754699707
134.801193237,63.36110305786133,-32.5670166015625
135.000411987,63.62089538574219,-32.57697296142578
135.149826049,63.80250549316406,-32.588809967041016
135.365646362,64.03109741210938,-32.60947036743164
135.564865112,64.03109741210938,-32.60947036743164
135.714279174,64.03109741210938,-32.60947036743164
135.913497924,64.03109741210938,-32.60947036743164
136.112716674,64.03109741210938,-32.60947036743164
136.311935424,64.03802490234375,-32.5854606628418
136.511154174,64.0187759399414,-32.35578536987305
136.710372924,63.85978317260742,-32.15834426879883
136.909591674,63.62284851074219,-32.05461883544922
137.125411987,63.339664459228516,-32.01864242553711
137.324630737,63.083980560302734,-32.008583068847656
137.523849487,62.82803726196289,-31.983736038208008
137.723068237,62.58269119262695,-31.92804527282715
137.922286987,62.34162139892578,-31.83867073059082
138.121505737,62.10432815551758,-31.732446670532227
138.320724487,61.8698844909668,-31.62653160095215
138.536544799,61.62989807128906,-31.526567459106445
138.785568237,61.3177604675293,-31.429391860961914
138.984786987,61.141334533691406,-31.383634567260742
139.184005737,61.14036560058594,-31.383392333984375
139.383224487,61.14036560058594,-31.383392333984375
139.582443237,61.14036560058594,-31.383392333984375
139.781661987,61.14036560058594,-31.383392333984375
140.030685424,61.14036560058594,-31.383392333984375
140.229904174,61.12176513671875,-31.313167572021484
140.445724487,61.176025390625,-31.05105209350586
140.644943237,61.35896682739258,-30.874309539794922
140.844161987,61.59651184082031,-30.769596099853516
141.043380737,61.838768005371094,-30.675369262695312
141.242599487,62.07072830200195,-30.558277130126953
141.441818237,62.28111267089844,-30.415281295776367
141.641036987,62.46315002441406,-30.257734298706055
141.840255737,62.65003204345703,-30.076974868774414
142.056076049,62.83490753173828,-29.89415740966797
142.255294799,63.02034378051758,-29.719823837280273
142.404708862,63.17300796508789,-29.58262062072754
142.603927612,63.36785125732422,-29.41046905517578
142.852951049,63.600425720214844,-29.21080207824707
143.052169799,63.798065185546875,-29.0418701171875
143.251388549,63.98472595214844,-28.883256912231445
143.450607299,64.18354034423828,-28.7156982421875
143.649826049,64.339111328125,-28.574649810791016
143.865646362,64.34454345703125,-28.569520950317383
144.064865112,64.36386108398438,-28.53622055053711
144.264083862,64.3910140991211,-28.30963134765625
144.413497924,64.32723999023438,-28.14639663696289
144.612716674,64.14202117919922,-27.97038459777832
144.811935424,63.91581726074219,-27.848371505737305
145.011154174,63.685638427734375,-27.730518341064453
145.210372924,63.475643157958984,-27.59193229675293
145.426193237,63.26396179199219,-27.400136947631836
145.625411987,63.095787048339844,-27.201976776123047
145.824630737,62.941680908203125,-26.999406814575195
146.023849487,62.787925720214844,-26.78973960876465
146.223068237,62.631046295166016,-26.58759117126465
146.422286987,62.460453033447266,-26.39139747619629
146.621505737,62.29273986816406,-26.1981258392334
146.820724487,62.12562942504883,-26.013486862182617
147.036544799,61.95071792602539,-25.82484245300293
147.235763549,61.77716064453125,-25.63125991821289
147.434982299,61.60898208618164,-25.432985305786133
147.634201049,61.45233154296875,-25.24114418029785
147.833419799,61.29120635986328,-25.037105560302734
148.032638549,61.121788024902344,-24.83992576599121
148.231857299,60.956504821777344,-24.649982452392578
148.431076049,60.78595733642578,-24.453739166259766
148.630294799,60.619258880615234,-24.259580612182617
148.846115112,60.4371223449707,-24.04803466796875
149.045333862,60.2741584777832,-23.852527618408203
149.244552612,60.111167907714844,-23.65526008605957
149.443771362,59.94829559326172,-23.452598571777344
149.692794799,59.75597381591797,-23.22100257873535
149.892013549,59.585426330566406,-23.024757385253906
150.091232299,59.42069625854492,-22.832536697387695
150.290451049,59.32619857788086,-22.720598220825195
150.489669799,59.32619857788086,-22.720598220825195
150.705490112,59.32619857788086,-22.720598220825195
150.904708862,59.23291778564453,-22.620668411254883
151.103927612,59.023223876953125,-22.475624084472656
151.303146362,58.80374526977539,-22.396766662597656
151.502365112,58.79985427856445,-22.395854949951172
151.701583862,58.79985427856445,-22.395854949951172
151.900802612,58.67608642578125,-22.372377395629883
152.100021362,58.41706085205078,-22.35183334350586
152.315841674,58.15853500366211,-22.34401512145996
152.515060424,57.90000915527344,-22.336196899414062
152.664474487,57.69208526611328,-22.330402374267578
152.863693237,57.44031524658203,-22.327075958251953
153.062911987,57.22499465942383,-22.316083908081055
153.262130737,57.22300338745117,-22.3159236907959
153.461349487,57.22300338745117,-22.3159236907959
153.660568237,57.22300338745117,-22.3159236907959
153.876388549,57.21617126464844,-22.315515518188477
154.075607299,57.20273971557617,-22.31755828857422
154.274826049,57.19504928588867,-22.323068618774414
154.474044799,57.16291809082031,-22.42784309387207
154.623458862,57.18122863769531,-22.622188568115234
154.822677612,57.32596206665039,-22.823904037475586
154.972091674,57.483970642089844,-22.912940979003906
155.171310424,57.73079299926758,-22.994417190551758
155.370529174,57.96750259399414,-23.08366584777832
155.536544799,58.14939880371094,-23.184118270874023
155.735763549,58.35588455200195,-23.3419189453125
155.885177612,58.505531311035156,-23.478313446044922
156.084396362,58.67195510864258,-23.65238380432129
156.283615112,58.76210021972656,-23.751527786254883
156.433029174,58.76210021972656,-23.751527786254883
156.632247924,58.76210021972656,-23.751527786254883
156.781661987,58.76210021972656,-23.751527786254883
156.931076049,58.76210021972656,-23.751527786254883
157.130294799,58.719051361083984,-23.83268928527832
157.296310424,58.55928039550781,-23.95012855529785
157.495529174,58.31055450439453,-23.98481559753418
157.694747924,58.052738189697266,-23.952594757080078
157.893966674,57.7977409362793,-23.901901245117188
158.142990112,57.490299224853516,-23.843639373779297
158.342208862,57.487335205078125,-23.843210220336914
158.541427612,57.42534255981445,-23.83530044555664
158.740646362,57.16701889038086,-23.81743621826172
158.956466674,56.9077262878418,-23.798643112182617
159.155685424,56.661651611328125,-23.761144638061523
159.354904174,56.41259765625,-23.702526092529297
159.554122924,56.16458511352539,-23.639572143554688
159.753341674,55.90868377685547,-23.59394073486328
159.952560424,55.653926849365234,-23.558216094970703
160.151779174,55.402156829833984,-23.531963348388672
160.350997924,55.14780044555664,-23.52389144897461
160.550216674,54.8878059387207,-23.524934768676758
160.716232299,54.68119430541992,-23.527132034301758
160.965255737,54.350059509277344,-23.530651092529297
161.114669799,54.1680793762207,-23.5325870513916
161.363693237,53.83557891845703,-23.536121368408203
161.562911987,53.58106994628906,-23.53882598876953
161.762130737,53.32109832763672,-23.54159164428711
161.961349487,53.0638313293457,-23.541181564331055
162.160568237,52.81203842163086,-23.539094924926758
162.309982299,52.63414001464844,-23.537620544433594
162.525802612,52.350868225097656,-23.5352725982666
162.725021362,52.094966888427734,-23.533151626586914
162.924240112,51.84454345703125,-23.531076431274414
163.123458862,51.58453369140625,-23.528921127319336
163.322677612,51.32589340209961,-23.526777267456055
163.521896362,51.074100494384766,-23.524690628051758
163.721115112,50.82230758666992,-23.523069381713867
163.920333862,50.56232833862305,-23.525588989257812
164.136154174,50.3023567199707,-23.52835464477539
164.335372924,50.04921340942383,-23.531044006347656
164.534591674,49.81423568725586,-23.53354263305664
164.733810424,49.81123733520508,-23.53357696533203
164.982833862,49.81123733520508,-23.53357696533203
165.182052612,49.81123733520508,-23.53357696533203
165.381271362,49.81123733520508,-23.53357696533203
165.580490112,49.81123733520508,-23.53357696533203
165.779708862,49.81123733520508,-23.53357696533203
165.995529174,49.81123733520508,-23.53357696533203
166.194747924,49.81123733520508,-23.53357696533203
166.344161987,49.81260299682617,-23.54026222229004
166.493576049,49.834720611572266,-23.57470703125
166.692794799,50.04327392578125,-23.702857971191406
166.892013549,50.30036544799805,-23.731719970703125
167.041427612,50.506168365478516,-23.702964782714844
167.240646362,50.75150680541992,-23.640695571899414
167.390060424,50.92102813720703,-23.596668243408203
167.605880737,51.199867248535156,-23.547548294067383
167.755294799,51.3811149597168,-23.531347274780273
167.954513549,51.632816314697266,-23.525808334350586
168.153732299,51.89004898071289,-23.529251098632812
168.303146362,52.097869873046875,-23.537694931030273
168.502365112,52.35620880126953,-23.54972267150879
168.701583862,52.60771942138672,-23.561426162719727
168.850997924,52.782779693603516,-23.56735610961914
169.050216674,53.042747497558594,-23.570919036865234
169.249435424,53.30271911621094,-23.573989868164062
169.365646362,53.45460510253906,-23.575550079345703
169.515060424,53.636600494384766,-23.574501037597656
169.714279174,53.89657211303711,-23.57183074951172
169.913497924,54.1456184387207,-23.56926727294922
170.112716674,54.3946647644043,-23.56670379638672
170.311935424,54.649173736572266,-23.5640869140625
170.461349487,54.85715103149414,-23.56195068359375
170.660568237,55.117122650146484,-23.559280395507812
170.876388549,55.370269775390625,-23.5578670501709
171.025802612,55.57416915893555,-23.558988571166992
171.225021362,55.83417892456055,-23.5604190826416
171.424240112,56.08871078491211,-23.561819076538086
171.573654174,56.26660919189453,-23.56279754638672
171.772872924,56.52661895751953,-23.564228057861328
171.972091674,56.7838249206543,-23.56926918029785
172.121505737,56.98474884033203,-23.578868865966797
172.320724487,57.23454666137695,-23.596403121948242
172.519943237,57.46772766113281,-23.616044998168945
172.685958862,57.70087432861328,-23.635927200317383
172.885177612,57.95408630371094,-23.672534942626953
173.084396362,58.20351791381836,-23.729488372802734
173.283615112,58.45650863647461,-23.789430618286133
173.433029174,58.634803771972656,-23.82585906982422
173.632247924,58.888633728027344,-23.857580184936523
173.831466674,59.1354866027832,-23.87775421142578
174.030685424,59.375911712646484,-23.906742095947266
174.180099487,59.574859619140625,-23.950786590576172
174.346115112,59.76146697998047,-24.02857208251953
174.545333862,59.96110153198242,-24.1777400970459
174.744552612,60.0943603515625,-24.399070739746094
174.893966674,60.138572692871094,-24.573894500732422
175.093185424,60.149478912353516,-24.830455780029297
175.242599487,60.12720489501953,-25.03582000732422
175.441818237,60.088138580322266,-25.292865753173828
175.591232299,60.06032943725586,-25.46857261657715
175.790451049,60.02682876586914,-25.715343475341797
175.956466674,60.01157760620117,-25.91727638244629
176.105880737,60.002132415771484,-26.12505340576172
176.305099487,59.997772216796875,-26.38089942932129
176.454513549,59.999412536621094,-26.556045532226562
176.653732299,60.0035400390625,-26.811908721923828
176.803146362,60.00689697265625,-27.019886016845703
177.002365112,60.011070251464844,-27.278488159179688
177.151779174,60.013893127441406,-27.45362091064453
177.350997924,60.01802062988281,-27.709484100341797
177.500411987,60.02088165283203,-27.917465209960938
177.716232299,60.020408630371094,-28.174720764160156
177.865646362,60.01983642578125,-28.37997817993164
178.064865112,60.01911163330078,-28.639968872070312
178.264083862,60.018394470214844,-28.89722442626953
178.413497924,60.017913818359375,-29.069644927978516
178.612716674,60.01719665527344,-29.326900482177734
178.762130737,60.01661682128906,-29.534893035888672
178.961349487,60.01589584350586,-29.793516159057617
179.110763549,60.015403747558594,-29.97003936767578
179.309982299,60.01469039916992,-30.225927352905273
179.475997924,60.01411056518555,-30.43391990661621
179.675216674,60.01342010498047,-30.681602478027344
179.824630737,60.012855529785156,-30.884124755859375
180.023849487,60.01215362548828,-31.135910034179688
180.173263549,60.01164627075195,-31.317903518676758
180.372482299,60.00135040283203,-31.5748348236084
180.521896362,59.95778274536133,-31.777671813964844
180.721115112,59.822113037109375,-31.988752365112305
180.920333862,59.603302001953125,-32.11715316772461
181.069747924,59.431884765625,-32.15142822265625
181.285568237,59.14783477783203,-32.142791748046875
181.534591674,58.83782958984375,-32.10772705078125
181.733810424,58.58924865722656,-32.07740783691406
181.883224487,58.38494110107422,-32.05774688720703
182.082443237,58.129486083984375,-32.04376983642578
182.281661987,57.86949157714844,-32.042503356933594
182.480880737,57.61906814575195,-32.04412841796875
182.680099487,57.36864471435547,-32.045753479003906
182.846115112,57.16474533081055,-32.04707336425781
183.045333862,56.907474517822266,-32.048736572265625
183.294357299,56.60367965698242,-32.05070495605469
183.493576049,56.3477783203125,-32.05236053466797
183.692794799,56.0877685546875,-32.054039001464844
183.892013549,55.83323669433594,-32.055686950683594
184.091232299,55.58418273925781,-32.05730438232422
184.290451049,55.33102035522461,-32.05894470214844
184.506271362,55.04500961303711,-32.060791015625
184.705490112,54.791847229003906,-32.06243133544922
184.854904174,54.68019104003906,-32.06315994262695
185.103927612,54.68019104003906,-32.06315994262695
185.303146362,54.68019104003906,-32.06315994262695
185.502365112,54.68019104003906,-32.06315994262695
185.701583862,54.68019104003906,-32.06315994262695
185.900802612,54.68019104003906,-32.06315994262695
186.100021362,54.68019104003906,-32.06315994262695
186.315841674,54.68019104003906,-32.06315994262695
186.515060424,54.68019104003906,-32.06315994262695
186.714279174,54.68019104003906,-32.06315994262695
186.913497924,54.655189514160156,-32.06328201293945
187.112716674,54.39820861816406,-32.06047058105469
187.361740112,54.07394027709961,-32.05540466308594
187.560958862,53.82218551635742,-32.051475524902344
187.760177612,53.56221389770508,-32.04743194580078
187.975997924,53.3036003112793,-32.044612884521484
188.175216674,53.047698974609375,-32.04618835449219
188.374435424,52.787689208984375,-32.04786682128906
188.573654174,52.529048919677734,-32.049537658691406
188.772872924,52.269039154052734,-32.05121612548828
188.972091674,52.009029388427734,-32.052894592285156
189.171310424,51.75312805175781,-32.05455017089844
189.370529174,51.50270462036133,-32.056175231933594
189.569747924,51.248172760009766,-32.057823181152344
189.785568237,50.964900970458984,-32.059654235839844
189.984786987,50.71173858642578,-32.06129455566406
190.184005737,50.465423583984375,-32.062896728515625
190.383224487,50.20541763305664,-32.063350677490234
190.582443237,49.9454460144043,-32.06010818481445
190.781661987,49.69093704223633,-32.056941986083984
190.980880737,49.435062408447266,-32.05375671386719
191.180099487,49.17509078979492,-32.050514221191406
191.395919799,48.92058181762695,-32.04734802246094
191.595138549,48.66196823120117,-32.044620513916016
191.794357299,48.40195846557617,-32.045413970947266
191.993576049,48.14879608154297,-32.0462532043457
192.192794799,47.897003173828125,-32.04708480834961
192.392013549,47.639732360839844,-32.04794692993164
192.591232299,47.3810920715332,-32.0488166809082
192.790451049,47.1347770690918,-32.049617767333984
193.006271362,46.85972213745117,-32.05052185058594
193.205490112,46.60245132446289,-32.05138397216797
193.404708862,46.34244155883789,-32.05226135253906
193.603927612,46.08790969848633,-32.05310821533203
193.803146362,45.836116790771484,-32.05393981933594
194.002365112,45.576107025146484,-32.05481719970703
194.251388549,45.273681640625,-32.055816650390625
194.350997924,45.1505241394043,-32.056217193603516
194.550216674,44.897361755371094,-32.05705642700195
194.749435424,44.637351989746094,-32.05793380737305
194.965255737,44.351341247558594,-32.05889892578125
195.164474487,44.09680938720703,-32.05974578857422
195.363693237,43.83679962158203,-32.06062316894531
195.562911987,43.57678985595703,-32.061500549316406
195.762130737,43.329105377197266,-32.06230926513672
195.961349487,43.0745735168457,-32.06315612792969
196.160568237,42.8145637512207,-32.06403350830078
196.376388549,42.55866241455078,-32.0643310546875
196.575607299,42.30413055419922,-32.06358337402344
196.774826049,42.04412078857422,-32.06282043457031
196.974044799,41.790958404541016,-32.062076568603516
197.173263549,41.535057067871094,-32.06132507324219
197.422286987,41.197044372558594,-32.060333251953125
197.621505737,40.94251251220703,-32.05958557128906
197.820724487,40.694828033447266,-32.05885696411133
198.036544799,40.44303512573242,-32.0581169128418
198.235763549,40.18302536010742,-32.05735397338867
198.434982299,39.92986297607422,-32.056610107421875
198.634201049,39.676700592041016,-32.05586624145508
198.833419799,39.416690826416016,-32.05510330200195
199.082443237,39.08552551269531,-32.05413055419922
199.281661987,38.83510208129883,-32.05339431762695
199.480880737,38.58605194091797,-32.05186462402344
199.680099487,38.33214569091797,-32.02396011352539
199.895919799,38.10373306274414,-31.9283390045166
200.095138549,37.92316436767578,-31.745460510253906
200.294357299,37.820743560791016,-31.515249252319336
200.493576049,37.79553985595703,-31.273832321166992
200.692794799,37.81886672973633,-31.026025772094727
200.892013549,37.85779571533203,-30.768959045410156
201.041427612,37.88544845581055,-30.564193725585938
201.240646362,37.908939361572266,-30.31081771850586
201.489669799,37.91722106933594,-30.001684188842773
201.655685424,37.916259765625,-29.7936954498291
201.854904174,37.91149139404297,-29.54058074951172
202.054122924,37.90660858154297,-29.280628204345703
202.253341674,37.90174865722656,-29.022043228149414
202.452560424,37.90061569213867,-28.77573585510254
202.651779174,37.90065383911133,-28.52668571472168
202.900802612,37.90070343017578,-28.19143295288086
203.100021362,37.90074157714844,-27.931442260742188
203.266036987,37.90077209472656,-27.726184844970703
203.465255737,37.90081024169922,-27.468929290771484
203.664474487,37.900848388671875,-27.208938598632812
203.913497924,37.90089416503906,-26.90378761291504
204.062911987,37.90092468261719,-26.701265335083008
204.212326049,37.90095138549805,-26.519271850585938
204.411544799,37.9009895324707,-26.259281158447266
204.610763549,37.90102767944336,-26.01296615600586
204.809982299,37.901065826416016,-25.75981330871582
205.025802612,37.90110778808594,-25.47382354736328
205.225021362,37.901145935058594,-25.21793556213379
205.424240112,37.90118408203125,-24.967517852783203
205.623458862,37.904151916503906,-24.711650848388672
205.822677612,37.915252685546875,-24.4518985748291
205.972091674,37.92770767211914,-24.27170181274414
206.221115112,37.952392578125,-23.94558334350586
206.420333862,37.966495513916016,-23.690088272094727
206.636154174,37.97267532348633,-23.430171966552734
206.835372924,37.973575592041016,-23.178386688232422
207.034591674,37.97441101074219,-22.919763565063477
207.233810424,37.975250244140625,-22.659772872924805
207.433029174,37.97608184814453,-22.402517318725586
207.632247924,37.97692108154297,-22.142526626586914
207.831466674,37.977760314941406,-21.882535934448242
208.080490112,37.97831726074219,-21.710485458374023
208.279708862,37.97831726074219,-21.710485458374023
208.495529174,37.97831726074219,-21.710485458374023
208.694747924,37.97831726074219,-21.710485458374023
208.943771362,37.97831726074219,-21.710485458374023
209.142990112,37.97831726074219,-21.710485458374023
209.342208862,37.97831726074219,-21.710485458374023
209.541427612,37.97831726074219,-21.710485458374023
209.740646362,37.88649368286133,-21.683305740356445
209.956466674,37.63869857788086,-21.72235870361328
210.155685424,37.44939041137695,-21.89560317993164
210.354904174,37.36765670776367,-22.14042091369629
210.504318237,37.35387420654297,-22.347869873046875
210.703536987,37.35219955444336,-22.60375213623047
210.852951049,37.3416862487793,-22.784032821655273
211.002365112,37.3076286315918,-22.989089965820312
211.201583862,37.22770309448242,-23.22600746154785
211.400802612,37.10996627807617,-23.45307731628418
211.600021362,36.98051834106445,-23.66423225402832
211.766036987,36.86703109741211,-23.83686637878418
211.965255737,36.71714782714844,-24.04595375061035
212.164474487,36.565330505371094,-24.257020950317383
212.363693237,36.42151641845703,-24.465349197387695
212.562911987,36.27751541137695,-24.68181610107422
212.762130737,36.14744567871094,-24.902088165283203
212.961349487,36.02863693237305,-25.12872886657715
213.110763549,35.94288635253906,-25.28925895690918
213.309982299,35.819297790527344,-25.513330459594727
213.525802612,35.67575454711914,-25.76069450378418
213.725021362,35.54423141479492,-25.978601455688477
213.924240112,35.40583419799805,-26.197086334228516
214.123458862,35.26959228515625,-26.41692352294922
214.223068237,35.204219818115234,-26.52451515197754
214.422286987,35.06711959838867,-26.745431900024414
214.621505737,34.9368896484375,-26.96251678466797
214.820724487,34.804290771484375,-27.186153411865234
215.019943237,34.688270568847656,-27.384624481201172
215.235763549,34.545814514160156,-27.62946128845215
215.385177612,34.441566467285156,-27.809450149536133
215.584396362,34.31001281738281,-28.030529022216797
215.783615112,34.17634582519531,-28.2535343170166
215.982833862,34.04085159301758,-28.475435256958008
216.182052612,33.90916442871094,-28.694839477539062
216.331466674,33.81669235229492,-28.851593017578125
216.530685424,33.68634033203125,-29.076555252075195
216.729904174,33.55486297607422,-29.30085563659668
216.945724487,33.405277252197266,-29.54461097717285
217.144943237,33.27048110961914,-29.757286071777344
217.294357299,33.173072814941406,-29.909406661987305
217.493576049,33.03703308105469,-30.126134872436523
217.692794799,32.90153884887695,-30.348037719726562
217.892013549,32.764156341552734,-30.568775177001953
218.091232299,32.629878997802734,-30.788209915161133
218.290451049,32.49516677856445,-31.010578155517578
218.456466674,32.38874053955078,-31.18768882751465
218.655685424,32.25546646118164,-31.406139373779297
218.854904174,32.12214660644531,-31.61972999572754
219.054122924,31.975605010986328,-31.826000213623047
219.253341674,31.790822982788086,-32.00209045410156
219.452560424,31.571584701538086,-32.11834716796875
219.651779174,31.323102951049805,-32.162513732910156
219.900802612,30.986125946044922,-32.142879486083984
220.100021362,30.737937927246094,-32.10954666137695
220.266036987,30.539779663085938,-32.084083557128906
220.465255737,30.28249740600586,-32.05783462524414
220.664474487,30.025724411010742,-32.042945861816406
220.913497924,29.724693298339844,-32.04166793823242
221.112716674,29.47018051147461,-32.04427719116211
221.311935424,29.210189819335938,-32.04694747924805
221.511154174,28.952938079833984,-32.04958724975586
221.710372924,28.70116424560547,-32.05216598510742
221.926193237,28.419282913208008,-32.055057525634766
222.125411987,28.164770126342773,-32.05766677856445
222.324630737,27.914365768432617,-32.06023025512695
222.523849487,27.65848159790039,-32.06203842163086
222.772872924,27.346492767333984,-32.060298919677734
222.972091674,27.093339920043945,-32.05888748168945
223.171310424,26.841554641723633,-32.0574836730957
223.370529174,26.584299087524414,-32.05604934692383
223.586349487,26.298309326171875,-32.0544548034668
223.785568237,26.042421340942383,-32.05302810668945
223.984786987,25.78243064880371,-32.051578521728516
224.184005737,25.52654266357422,-32.05015182495117
224.433029174,25.2241268157959,-32.048465728759766
224.632247924,24.969606399536133,-32.04704666137695
224.831466674,24.70961570739746,-32.045597076416016
225.030685424,24.44962501525879,-32.04414749145508
225.229904174,24.19647216796875,-32.0427360534668
225.445724487,23.913217544555664,-32.04362869262695
225.644943237,23.65901756286621,-32.054752349853516
225.844161987,23.42279815673828,-32.0844612121582
226.043380737,23.17669677734375,-32.1123161315918
226.242599487,22.921653747558594,-32.1330451965332
226.441818237,22.661865234375,-32.14136505126953
226.591232299,22.4800968170166,-32.13290023803711
226.790451049,22.22953987121582,-32.108116149902344
227.006271362,21.954822540283203,-32.07746887207031
227.205490112,21.697158813476562,-32.05527877807617
227.404708862,21.445755004882812,-32.041534423828125
227.603927612,21.199512481689453,-32.0359001159668
227.803146362,20.94500160217285,-32.03788757324219
228.052169799,20.635774612426758,-32.04301452636719
228.251388549,20.378541946411133,-32.047279357910156
228.450607299,20.126787185668945,-32.05145263671875
228.649826049,19.8736629486084,-32.05564880371094
228.865646362,19.58906364440918,-32.060367584228516
229.064865112,19.33317756652832,-32.06063461303711
229.264083862,19.07318687438965,-32.05918502807617
229.463302612,18.817298889160156,-32.05751419067383
229.712326049,18.512310028076172,-32.04779815673828
229.911544799,18.400724411010742,-32.04388427734375
230.110763549,18.400724411010742,-32.04388427734375
230.309982299,18.400724411010742,-32.04388427734375
230.525802612,18.400724411010742,-32.04388427734375
230.725021362,18.400724411010742,-32.04388427734375
230.924240112,18.35073471069336,-32.042945861816406
231.123458862,18.092735290527344,-32.06244659423828
231.322677612,17.83637046813965,-32.105735778808594
231.521896362,17.587190628051758,-32.150299072265625
231.770919799,17.27655792236328,-32.17763900756836
231.970138549,17.019412994384766,-32.17366409301758
232.185958862,16.739608764648438,-32.15370178222656
232.385177612,16.480533599853516,-32.13184356689453
232.584396362,16.222490310668945,-32.114566802978516
232.783615112,15.970867156982422,-32.10568618774414
232.982833862,15.716353416442871,-32.10478591918945
233.231857299,15.404387474060059,-32.10904312133789
233.431076049,15.152621269226074,-32.11247634887695
233.630294799,14.90085506439209,-32.115909576416016
233.846115112,14.617621421813965,-32.119773864746094
234.045333862,14.36174201965332,-32.12206268310547
234.244552612,14.112698554992676,-32.12005615234375
234.443771362,13.856816291809082,-32.11766815185547
234.692794799,13.545026779174805,-32.10668182373047
234.892013549,13.2937650680542,-32.090457916259766
235.091232299,13.043882369995117,-32.074058532714844
235.290451049,12.791248321533203,-32.057804107666016
235.506271362,12.50549030303955,-32.04637908935547
235.705490112,12.252348899841309,-32.04461669921875
235.904708862,11.997832298278809,-32.046478271484375
236.103927612,11.737841606140137,-32.04838562011719
236.303146362,11.481956481933594,-32.05025863647461
236.502365112,11.232913970947266,-32.05207443237305
236.701583862,10.977028846740723,-32.05394744873047
236.900802612,10.717034339904785,-32.05503845214844
237.100021362,10.460208892822266,-32.04187774658203
237.315841674,10.219005584716797,-31.98875617980957
237.515060424,10.007462501525879,-31.852554321289062
237.714279174,9.871718406677246,-31.657283782958984
237.963302612,9.821410179138184,-31.334270477294922
238.162521362,9.85329818725586,-31.087398529052734
238.361740112,9.89824390411377,-30.841041564941406
238.560958862,9.938507080078125,-30.584228515625
238.760177612,9.955920219421387,-30.32628059387207
238.975997924,9.957730293273926,-30.07587432861328
239.125411987,9.954558372497559,-29.867895126342773
239.324630737,9.950285911560059,-29.60792350769043
239.523849487,9.946150779724121,-29.356168746948242
239.723068237,9.942038536071777,-29.105783462524414
239.972091674,9.938633918762207,-28.793807983398438
240.171310424,9.940817832946777,-28.53655242919922
240.320724487,9.942591667175293,-28.335397720336914
240.536544799,9.944811820983887,-28.0836124420166
240.735763549,9.947100639343262,-27.82362174987793
240.934982299,9.94934368133545,-27.569101333618164
241.134201049,9.95157527923584,-27.315948486328125
241.333419799,9.953864097595215,-27.055957794189453
241.532638549,9.956130027770996,-26.798702239990234
241.731857299,9.956377983093262,-26.545549392700195
241.931076049,9.95461368560791,-26.292396545410156
242.130294799,9.952801704406738,-26.032405853271484
242.346115112,9.950837135314941,-25.750518798828125
242.545333862,9.949053764343262,-25.494630813598633
242.744552612,9.94724178314209,-25.23464012145996
242.943771362,9.94545841217041,-24.97875213623047
243.142990112,9.943713188171387,-24.728334426879883
243.342208862,9.938385963439941,-24.47663688659668
243.541427612,9.91267204284668,-24.217954635620117
243.740646362,9.885893821716309,-23.959346771240234
243.939865112,9.86949348449707,-23.73553466796875
244.155685424,9.857867240905762,-23.456634521484375
244.354904174,9.855401039123535,-23.199392318725586
244.554122924,9.859599113464355,-22.94628143310547
244.753341674,9.871016502380371,-22.693382263183594
244.952560424,9.883885383605957,-22.433692932128906
245.151779174,9.891460418701172,-22.176551818847656
245.400802612,9.892781257629395,-21.845401763916016
245.600021362,9.893421173095703,-21.589513778686523
245.799240112,9.894004821777344,-21.35552215576172
245.965255737,9.894579887390137,-21.125633239746094
246.164474487,9.895222663879395,-20.868377685546875
246.363693237,9.895868301391602,-20.60975456237793
246.562911987,9.896505355834961,-20.355234146118164
246.762130737,9.897128105163574,-20.10755157470703
246.961349487,9.89777660369873,-19.84756088256836
247.160568237,9.898419380187988,-19.59030532836914
247.409591674,9.898704528808594,-19.290624618530273
247.625411987,9.89437484741211,-19.012868881225586
247.824630737,9.89010238647461,-18.752897262573242
248.023849487,9.88589859008789,-18.497034072875977
248.223068237,9.881786346435547,-18.24664878845215
248.422286987,9.878744125366211,-17.986669540405273
248.621505737,9.880786895751953,-17.7266788482666
248.820724487,9.88296127319336,-17.480363845825195
249.036544799,9.885181427001953,-17.228578567504883
249.285568237,9.887842178344727,-16.89879608154297
249.484786987,9.874893188476562,-16.647428512573242
249.684005737,9.845847129821777,-16.398700714111328
249.883224487,9.822432518005371,-16.149385452270508
250.082443237,9.806467056274414,-15.89262866973877
250.281661987,9.796866416931152,-15.632808685302734
250.480880737,9.782766342163086,-15.380045890808105
250.729904174,9.767383575439453,-15.079398155212402
250.895919799,9.763066291809082,-14.874184608459473
251.095138549,9.760516166687012,-14.61420726776123
251.294357299,9.739585876464844,-14.36475658416748
251.493576049,9.711118698120117,-14.113215446472168
251.742599487,9.685335159301758,-13.776223182678223
251.941818237,9.673365592956543,-13.521979331970215
252.141036987,9.660707473754883,-13.274621963500977
252.340255737,9.64979362487793,-13.05220890045166
252.556076049,9.646023750305176,-12.7991304397583
252.755294799,9.660431861877441,-12.542288780212402
252.954513549,9.681402206420898,-12.283134460449219
253.153732299,9.707530975341797,-12.027212142944336
253.402755737,9.748252868652344,-11.701333045959473
253.601974487,9.78479290008545,-11.443915367126465
253.801193237,9.818567276000977,-11.186121940612793
254.000411987,9.854272842407227,-10.936878204345703
254.149826049,9.878107070922852,-10.761968612670898
254.315841674,9.908411026000977,-10.564496040344238
254.564865112,9.984504699707031,-10.25108528137207
254.764083862,10.10257625579834,-10.023621559143066
254.963302612,10.291190147399902,-9.855326652526855
255.112716674,10.457995414733887,-9.783403396606445
255.311935424,10.695596694946289,-9.732267379760742
255.461349487,10.707640647888184,-9.730813026428223
255.660568237,10.707640647888184,-9.730813026428223
255.809982299,10.707640647888184,-9.730813026428223
256.025787353,10.707640647888184,-9.730813026428223
256.175201416,10.769598960876465,-9.722636222839355
256.374420166,10.924521446228027,-9.687541007995605
256.573638916,10.924521446228027,-9.687541007995605
256.723052978,10.924521446228027,-9.687541007995605
256.922271728,10.924521446228027,-9.687541007995605
257.121490478,10.924521446228027,-9.687541007995605
257.320709228,10.924521446228027,-9.687541007995605
257.470123291,10.924521446228027,-9.687541007995605
257.685943603,10.924521446228027,-9.687541007995605
257.885162353,10.924521446228027,-9.687541007995605
258.034576416,10.924521446228027,-9.687541007995605
258.233795166,10.924521446228027,-9.687541007995605
258.433013916,10.924521446228027,-9.687541007995605
258.632232666,10.924521446228027,-9.687541007995605
258.831451416,10.924521446228027,-9.687541007995605
258.980865478,10.924521446228027,-9.687541007995605
259.180084228,10.924521446228027,-9.687541007995605
259.395904541,10.924521446228027,-9.687541007995605
259.545318603,10.924521446228027,-9.687541007995605
259.744537353,10.924521446228027,-9.687541007995605
259.943756103,10.924521446228027,-9.687541007995605
260.093170166,10.924521446228027,-9.687541007995605
260.292388916,10.924521446228027,-9.687541007995605
260.491607666,10.924521446228027,-9.687541007995605
260.641021728,10.924521446228027,-9.687541007995605
260.840240478,10.924521446228027,-9.687541007995605
261.006256103,10.924521446228027,-9.687541007995605
261.205474853,10.924521446228027,-9.687541007995605
261.354888916,10.924521446228027,-9.687541007995605
261.554107666,10.924521446228027,-9.687541007995605
261.753326416,10.924521446228027,-9.687541007995605
261.902740478,10.924521446228027,-9.687541007995605
262.101959228,10.924521446228027,-9.687541007995605
262.301177978,10.924521446228027,-9.687541007995605
262.450592041,10.924521446228027,-9.687541007995605
262.649810791,10.924521446228027,-9.687541007995605
262.815826416,10.924521446228027,-9.687541007995605
263.015045166,10.924521446228027,-9.687541007995605
263.214263916,10.924521446228027,-9.687541007995605
263.413482666,10.924521446228027,-9.687541007995605
263.562896728,10.924521446228027,-9.687541007995605
263.762115478,10.924521446228027,-9.687541007995605
263.961334228,10.924521446228027,-9.687541007995605
264.060943603,10.924521446228027,-9.687541007995605
264.260162353,10.924521446228027,-9.687541007995605
264.426177978,10.924521446228027,-9.687541007995605
264.625396728,10.924521446228027,-9.687541007995605
264.824615478,10.924521446228027,-9.687541007995605
264.974029541,10.924521446228027,-9.687541007995605
265.173248291,10.924521446228027,-9.687541007995605
265.322662353,10.924521446228027,-9.687541007995605
265.521881103,10.924521446228027,-9.687541007995605
265.721099853,10.924521446228027,-9.687541007995605
265.870513916,10.924521446228027,-9.687541007995605
266.069732666,10.924521446228027,-9.687541007995605
266.235748291,10.924521446228027,-9.687541007995605
266.434967041,10.924521446228027,-9.687541007995605
266.634185791,10.924521446228027,-9.687541007995605
266.783599853,10.924521446228027,-9.687541007995605
266.982818603,10.924521446228027,-9.687541007995605
267.182037353,10.924521446228027,-9.687541007995605
267.331451416,10.924521446228027,-9.687541007995605
267.530670166,10.924521446228027,-9.687541007995605
267.729888916,10.924521446228027,-9.687541007995605
267.945709228,10.924521446228027,-9.687541007995605
268.095123291,10.924521446228027,-9.687541007995605
268.294342041,10.924521446228027,-9.687541007995605
268.493560791,10.924521446228027,-9.687541007995605
268.642974853,10.924521446228027,-9.687541007995605
268.842193603,10.924521446228027,-9.687541007995605
269.041412353,11.032393455505371,-9.657039642333984
269.190826416,11.206600189208984,-9.6293306350708
269.390045166,11.46596908569336,-9.611808776855469
269.556060791,11.672966003417969,-9.591907501220703
269.705474853,11.873334884643555,-9.562437057495117
269.904693603,12.125505447387695,-9.518987655639648
270.054107666,12.304973602294922,-9.488765716552734
270.253326416,12.561253547668457,-9.454249382019043
270.402740478,12.760228157043457,-9.436234474182129
270.552154541,12.934774398803711,-9.421626091003418
270.751373291,13.190230369567871,-9.406822204589844
270.900787353,13.32313346862793,-9.401744842529297
271.100006103,13.32313346862793,-9.401744842529297
271.266021728,13.32313346862793,-9.401744842529297
271.415435791,13.32313346862793,-9.401744842529297
271.515045166,13.360610961914062,-9.400457382202148
271.714263916,13.617162704467773,-9.404255867004395
271.863677978,13.824804306030273,-9.416138648986816
272.013092041,14.001391410827637,-9.437397956848145
272.212310791,14.248015403747559,-9.487676620483398
272.361724853,14.444046974182129,-9.543686866760254
272.511138916,14.615466117858887,-9.5961332321167
272.710357666,14.861495018005371,-9.6713228225708
272.859771728,15.031892776489258,-9.726984024047852
273.025787353,15.250319480895996,-9.802948951721191
273.175201416,15.336133003234863,-9.8341646194458
273.324615478,15.336133003234863,-9.8341646194458
273.523834228,15.336133003234863,-9.8341646194458
273.673248291,15.336133003234863,-9.8341646194458
273.822662353,15.336133003234863,-9.8341646194458
273.972076416,15.336133003234863,-9.8341646194458
274.121490478,15.336133003234863,-9.8341646194458
274.320709228,15.336133003234863,-9.8341646194458
274.470123291,15.336133003234863,-9.8341646194458
274.636138916,15.336133003234863,-9.8341646194458
274.785552978,15.336133003234863,-9.8341646194458
274.984771728,15.336133003234863,-9.8341646194458
275.134185791,15.336133003234863,-9.8341646194458
275.283599853,15.336133003234863,-9.8341646194458
275.482818603,15.336133003234863,-9.8341646194458
275.632232666,15.336133003234863,-9.8341646194458
275.781646728,15.336133003234863,-9.8341646194458
275.980865478,15.336133003234863,-9.8341646194458
276.130279541,15.336133003234863,-9.8341646194458
276.296295166,15.336133003234863,-9.8341646194458
276.445709228,15.336133003234863,-9.8341646194458
276.644927978,15.336133003234863,-9.8341646194458
276.794342041,15.336133003234863,-9.8341646194458
276.943756103,15.336133003234863,-9.8341646194458
277.142974853,15.336133003234863,-9.8341646194458
277.292388916,15.359626770019531,-9.842711448669434
277.441802978,15.554224014282227,-9.898344039916992
277.641021728,15.81151008605957,-9.933907508850098
277.790435791,15.990707397460938,-9.935490608215332
277.956451416,16.191375732421875,-9.92209243774414
278.105865478,16.392980575561523,-9.902830123901367
278.255279541,16.574459075927734,-9.88908576965332
278.454498291,16.828670501708984,-9.876693725585938
278.603912353,17.03251838684082,-9.872542381286621
278.753326416,17.210399627685547,-9.873629570007324
278.902740478,17.418004989624023,-9.886113166809082
279.052154541,17.599327087402344,-9.901782035827637
279.201568603,17.80200958251953,-9.923929214477539
279.400787353,18.055931091308594,-9.955608367919922
279.550201416,18.234188079833984,-9.984600067138672
279.716217041,18.436565399169922,-10.032411575317383
279.865631103,18.635223388671875,-10.093994140625
280.064849853,18.88214683532715,-10.170934677124023
280.214263916,19.0519962310791,-10.219021797180176
280.363677978,19.24738121032715,-10.27232551574707
280.562896728,19.490114212036133,-10.333789825439453
280.712310791,19.663734436035156,-10.372541427612305
280.861724853,19.865415573120117,-10.410571098327637
281.011138916,20.044965744018555,-10.44031810760498
281.210357666,20.30122947692871,-10.484184265136719
281.359771728,20.478412628173828,-10.519296646118164
281.525787353,20.704317092895508,-10.568778038024902
281.725006103,20.95682144165039,-10.624738693237305
281.874420166,21.13441276550293,-10.664546012878418
282.023834228,21.336740493774414,-10.712766647338867
282.223052978,21.582645416259766,-10.772910118103027
282.372467041,21.75675392150879,-10.81557846069336
282.571685791,22.002696990966797,-10.881065368652344
282.721099853,22.049758911132812,-10.894322395324707
282.920318603,22.049758911132812,-10.894322395324707
283.086334228,22.152881622314453,-10.92726993560791
283.235748291,22.30860710144043,-11.009058952331543
283.434967041,22.4617862701416,-11.215269088745117
283.584381103,22.50825309753418,-11.417315483093262
283.783599853,22.50944709777832,-11.676907539367676
283.933013916,22.486661911010742,-11.854696273803711
284.132232666,22.4565372467041,-12.10736083984375
284.331451416,22.45326042175293,-12.188284873962402
284.480865478,22.45326042175293,-12.188284873962402
284.680084228,22.45326042175293,-12.188284873962402
284.846099853,22.45326042175293,-12.188284873962402
285.045318603,22.45326042175293,-12.188284873962402
285.244537353,22.45326042175293,-12.188284873962402
285.393951416,22.45326042175293,-12.188284873962402
285.593170166,22.45326042175293,-12.188284873962402
285.742584228,22.45302391052246,-12.21328353881836
285.941802978,22.484315872192383,-12.464531898498535
286.091217041,22.57270622253418,-12.619119644165039
286.240631103,22.734268188476562,-12.736727714538574
286.390045166,22.894868850708008,-12.802942276000977
286.605865478,23.156009674072266,-12.897671699523926
286.755279541,23.317914962768555,-12.964428901672363
286.904693603,23.470720291137695,-13.043365478515625
287.103912353,23.470720291137695,-13.043365478515625
287.253326416,23.470720291137695,-13.043365478515625
287.402740478,23.470720291137695,-13.043365478515625
287.601959228,23.470720291137695,-13.043365478515625
287.751373291,23.49761962890625,-13.105121612548828
287.900787353,23.49968719482422,-13.28410530090332
288.149810791,23.337987899780273,-13.535460472106934
288.365631103,23.082378387451172,-13.654051780700684
288.564849853,22.833656311035156,-13.724859237670898
288.764068603,22.599876403808594,-13.831196784973145
288.963287353,22.392894744873047,-13.98098373413086
289.162506103,22.21138572692871,-14.163036346435547
289.361724853,22.048152923583984,-14.361828804016113
289.560943603,21.882099151611328,-14.56186294555664
289.760162353,21.70071792602539,-14.748037338256836
289.975982666,21.51112174987793,-14.921895980834961
290.175201416,21.316972732543945,-15.090678215026855
290.374420166,21.12411117553711,-15.250412940979004
290.573638916,20.922542572021484,-15.414627075195312
290.772857666,20.726709365844727,-15.585589408874512
290.972076416,20.54205894470215,-15.7627534866333
291.171295166,20.355968475341797,-15.936399459838867
291.370513916,20.171924591064453,-16.106210708618164
291.536529541,20.01974868774414,-16.239837646484375
291.785552978,19.759740829467773,-16.45577049255371
291.934967041,19.622997283935547,-16.57585906982422
292.183990478,19.373756408691406,-16.793893814086914
292.333404541,19.244504928588867,-16.90593719482422
292.532623291,19.05668067932129,-17.06949234008789
292.731842041,18.862991333007812,-17.242938995361328
292.931060791,18.668811798095703,-17.415836334228516
293.130279541,18.497840881347656,-17.564830780029297
293.296295166,18.486841201782227,-17.574281692504883
293.545318603,18.486841201782227,-17.574281692504883
293.744537353,18.486841201782227,-17.574281692504883
293.943756103,18.39317512512207,-17.484025955200195
294.142974853,18.316190719604492,-17.239242553710938
294.342193603,18.349483489990234,-16.986417770385742
294.591217041,18.43659019470215,-16.688274383544922
294.790435791,18.50162696838379,-16.438045501708984
295.006256103,18.5456600189209,-16.158353805541992
295.205474853,18.559701919555664,-15.90842056274414
295.404693603,18.550796508789062,-15.65274429321289
295.603912353,18.534698486328125,-15.393239974975586
295.803131103,18.522480010986328,-15.137646675109863
296.002349853,18.516429901123047,-14.888673782348633
296.201568603,18.497392654418945,-14.629385948181152
296.400787353,18.47639274597168,-14.37023639678955
296.600006103,18.462736129760742,-14.118825912475586
296.815826416,18.457122802734375,-13.868477821350098
297.015045166,18.458240509033203,-13.611220359802246
297.214263916,18.453296661376953,-13.351340293884277
297.413482666,18.430131912231445,-13.100632667541504
297.612701416,18.408174514770508,-12.844317436218262
297.811920166,18.394126892089844,-12.584707260131836
298.011138916,18.384958267211914,-12.327610969543457
298.260162353,18.36437225341797,-12.002582550048828
298.475982666,18.350324630737305,-11.742972373962402
298.675201416,18.34467315673828,-11.49262523651123
298.874420166,18.33891487121582,-11.23546314239502
299.073638916,18.313127517700195,-10.979545593261719
299.272857666,18.265731811523438,-10.723999977111816
299.472076416,18.190034866333008,-10.475510597229004
299.721099853,18.03178596496582,-10.193704605102539
299.920318603,17.850753784179688,-10.011802673339844
300.136138916,17.62525177001953,-9.884613037109375
300.335357666,17.372529983520508,-9.833406448364258
300.534576416,17.138944625854492,-9.839587211608887
300.733795166,16.88846778869629,-9.87608814239502
300.933013916,16.63788604736328,-9.91204833984375
301.132232666,16.38355827331543,-9.94020938873291
301.331451416,16.12384796142578,-9.95038890838623
301.530670166,15.866625785827637,-9.946544647216797
301.729888916,15.617829322814941,-9.935386657714844
301.995513916,15.28161907196045,-9.91859245300293
302.194732666,15.028552055358887,-9.912118911743164
302.393951416,14.774064064025879,-9.907880783081055
302.593170166,14.514080047607422,-9.905847549438477
302.792388916,14.258185386657715,-9.907236099243164
302.991607666,14.005027770996094,-9.908609390258789
303.240631103,13.673870086669922,-9.910406112670898
303.439849853,13.43986988067627,-9.911676406860352
303.655670166,13.155238151550293,-9.91322135925293
303.854888916,12.897974967956543,-9.914617538452148
304.054107666,12.637974739074707,-9.91602897644043
304.253326416,12.384817123413086,-9.917402267456055
304.452545166,12.133028030395508,-9.918767929077148
304.701568603,11.795027732849121,-9.920602798461914
304.900787353,11.539133071899414,-9.921991348266602
305.100006103,11.288712501525879,-9.923349380493164
305.315826416,11.032817840576172,-9.923027992248535
305.515045166,10.777108192443848,-9.91422176361084
305.714263916,10.525465965270996,-9.907247543334961
305.913482666,10.277098655700684,-9.93513298034668
306.112701416,10.048556327819824,-10.039959907531738
306.311920166,9.889942169189453,-10.223989486694336
306.461334228,9.82338809967041,-10.418819427490234
306.610748291,9.809158325195312,-10.589015007019043
306.809967041,9.831588745117188,-10.840985298156738
306.975982666,9.865379333496094,-11.040664672851562
307.125396728,9.900832176208496,-11.245616912841797
307.324615478,9.9350004196167,-11.49916934967041
307.474029541,9.946649551391602,-11.678038597106934
307.673248291,9.95479965209961,-11.926946640014648
307.822662353,9.955730438232422,-12.134939193725586
308.021881103,9.94965648651123,-12.390750885009766
308.221099853,9.936015129089355,-12.644906044006348
308.420318603,9.92094898223877,-12.894872665405273
308.586334228,9.911385536193848,-13.102646827697754
308.785552978,9.906861305236816,-13.358490943908691
308.934967041,9.907292366027832,-13.533648490905762
309.134185791,9.9080228805542,-13.78543758392334
309.333404541,9.90877628326416,-14.045437812805176
309.532623291,9.90952205657959,-14.302700996398926
309.682037353,9.9100980758667,-14.501121520996094
309.881256103,9.910832405090332,-14.754279136657715
310.030670166,9.911359786987305,-14.936279296875
310.229888916,9.912113189697266,-15.196279525756836
310.395904541,9.912704467773438,-15.400174140930176
310.595123291,9.913454055786133,-15.658805847167969
310.794342041,9.914192199707031,-15.913331985473633
310.943756103,9.914772033691406,-16.113121032714844
311.142974853,9.915494918823242,-16.362171173095703
311.342193603,9.91622543334961,-16.613956451416016
311.491607666,9.916741371154785,-16.791847229003906
311.690826416,9.91584300994873,-17.03131103515625
311.890045166,9.907164573669434,-17.291156768798828
312.056060791,9.894424438476562,-17.49738883972168
312.255279541,9.874276161193848,-17.752492904663086
312.454498291,9.855443000793457,-18.011802673339844
312.653717041,9.844437599182129,-18.267452239990234
312.852935791,9.84160327911377,-18.519214630126953
313.002349853,9.843427658081055,-18.725839614868164
313.201568603,9.845821380615234,-18.985830307006836
313.400787353,9.848177909851074,-19.24171257019043
313.600006103,9.850484848022461,-19.492116928100586
313.766021728,9.852362632751465,-19.696001052856445
313.915435791,9.85380744934082,-19.852996826171875
314.114654541,9.856201171875,-20.112987518310547
314.313873291,9.858570098876953,-20.3702392578125
314.513092041,9.860864639282227,-20.619274139404297
314.712310791,9.862987518310547,-20.87652587890625
314.861724853,9.862360000610352,-21.084518432617188
315.060943603,9.861482620239258,-21.341773986816406
315.260162353,9.860629081726074,-21.592191696166992
315.426177978,9.859933853149414,-21.79608154296875
315.625396728,9.859046936035156,-22.056072235107422
315.824615478,9.858193397521973,-22.306489944458008
315.974029541,9.855276107788086,-22.488462448120117
316.173248291,9.841651916503906,-22.743938446044922
316.322662353,9.812731742858887,-22.94711685180664
316.521881103,9.765764236450195,-23.20282745361328
316.721099853,9.71519660949707,-23.45227813720703
316.920318603,9.67988395690918,-23.702869415283203
317.086334228,9.667863845825195,-23.910486221313477
317.285552978,9.659442901611328,-24.16350555419922
317.484771728,9.64634895324707,-24.413572311401367
317.683990478,9.624966621398926,-24.668561935424805
317.833404541,9.608946800231934,-24.849851608276367
318.032623291,9.595168113708496,-25.106687545776367
318.231842041,9.600763320922852,-25.358386993408203
318.431060791,9.605937957763672,-25.615585327148438
318.630279541,9.60300064086914,-25.87555503845215
318.829498291,9.592278480529785,-26.125736236572266
318.995513916,9.577880859375,-26.327743530273438
319.194732666,9.552021980285645,-26.586442947387695
319.393951416,9.520946502685547,-26.844573974609375
319.543365478,9.494659423828125,-27.04814338684082
319.742584228,9.467967987060547,-27.302553176879883
319.941802978,9.46337604522705,-27.562456130981445
320.141021728,9.47110652923584,-27.820960998535156
320.290435791,9.47949504852295,-27.993181228637695
320.506256103,9.477401733398438,-28.27227210998535
320.655670166,9.469365119934082,-28.454090118408203
320.854888916,9.45300579071045,-28.708093643188477
321.054107666,9.432673454284668,-28.960424423217773
321.253326416,9.40462875366211,-29.216150283813477
321.452545166,9.369956970214844,-29.47381591796875
321.651763916,9.34404182434082,-29.72417449951172
321.850982666,9.341991424560547,-29.979965209960938
322.050201416,9.358579635620117,-30.23668670654297
322.216217041,9.370057106018066,-30.444364547729492
322.415435791,9.376937866210938,-30.700157165527344
322.614654541,9.377403259277344,-30.956043243408203
322.813873291,9.377403259277344,-31.216033935546875
323.013092041,9.384148597717285,-31.47313690185547
323.212310791,9.40847396850586,-31.731983184814453
323.361724853,9.427721977233887,-31.939083099365234
323.560943603,9.437150001525879,-32.19881820678711
323.710357666,9.425938606262207,-32.37626647949219
323.876373291,9.392623901367188,-32.575992584228516
324.075592041,9.34476375579834,-32.83015441894531
324.274810791,9.295036315917969,-33.085357666015625
324.474029541,9.262815475463867,-33.338985443115234
324.673248291,9.256694793701172,-33.59477996826172
324.872467041,9.254083633422852,-33.85475158691406
325.071685791,9.245964050292969,-34.103660583496094
325.221099853,9.231864929199219,-34.30704116821289
325.420318603,9.21159553527832,-34.55931854248047
325.569732666,9.207444190979004,-34.74126434326172
325.785552978,9.20130729675293,-35.027191162109375
325.984771728,9.195935249328613,-35.277565002441406
326.183990478,9.190356254577637,-35.537498474121094
326.383209228,9.180269241333008,-35.79728698730469
326.582427978,9.159783363342285,-36.0440673828125
326.781646728,9.125946998596191,-36.296329498291016
326.931060791,9.098532676696777,-36.473480224609375
327.130279541,9.055264472961426,-36.7298469543457
327.346099853,9.02004337310791,-37.00946044921875
327.545318603,9.008318901062012,-37.26642608642578
327.694732666,9.003101348876953,-37.44834899902344
327.893951416,8.990443229675293,-37.70254898071289
328.093170166,8.960987091064453,-37.96078872680664
328.292388916,8.93040943145752,-38.214786529541016
328.491607666,8.922783851623535,-38.474578857421875
328.690826416,8.934642791748047,-38.72881317138672
328.840240478,8.946181297302246,-38.93101119995117
329.056060791,8.955718040466309,-39.189453125
329.255279541,8.948813438415527,-39.44518280029297
329.454498291,8.929825782775879,-39.6921272277832
329.603912353,8.912524223327637,-39.889793395996094
329.803131103,8.884700775146484,-40.142784118652344
330.002349853,8.85621452331543,-40.40122985839844
330.151763916,8.846165657043457,-40.57191467285156
330.400787353,8.862191200256348,-40.90933609008789
330.600006103,8.887463569641113,-41.16536331176758
330.766021728,8.902999877929688,-41.37277603149414
330.965240478,8.914789199829102,-41.62565231323242
331.214263916,8.918329238891602,-41.92803192138672
331.363677978,8.914194107055664,-42.135982513427734
331.562896728,8.903366088867188,-42.395748138427734
331.762115478,8.89299201965332,-42.64458465576172
331.961334228,8.888873100280762,-42.89086151123047
332.160552978,8.889758110046387,-43.14539337158203
332.376373291,8.890740394592285,-43.40540313720703
332.575592041,8.891708374023438,-43.66130447387695
332.774810791,8.89267635345459,-43.917205810546875
332.974029541,8.893658638000488,-44.177215576171875
333.173248291,8.890237808227539,-44.43034744262695
333.372467041,8.878339767456055,-44.68320083618164
333.571685791,8.847297668457031,-44.9329833984375
333.770904541,8.804837226867676,-45.189483642578125
333.970123291,8.759546279907227,-45.44273376464844
334.185943603,8.729059219360352,-45.71724319458008
334.385162353,8.71845531463623,-45.97565460205078
334.584381103,8.709500312805176,-46.235511779785156
334.783599853,8.697895050048828,-46.489768981933594
334.933013916,8.685219764709473,-46.664466857910156
335.132232666,8.668975830078125,-46.92388916015625
335.331451416,8.67928695678711,-47.183597564697266
335.530670166,8.714093208312988,-47.441162109375
335.729888916,8.760366439819336,-47.69004821777344
335.895904541,8.796164512634277,-47.894935607910156
336.095123291,8.814594268798828,-48.148197174072266
336.294342041,8.765110969543457,-48.40010452270508
336.493560791,8.679129600524902,-48.64250183105469
336.692779541,8.593090057373047,-48.877655029296875
336.891998291,8.517348289489746,-49.12201690673828
337.091217041,8.475500106811523,-49.36986541748047
337.290435791,8.479008674621582,-49.62967300415039
337.506256103,8.489787101745605,-49.91135025024414
337.705474853,8.491016387939453,-50.164493560791016
337.904693603,8.480916023254395,-50.42423629760742
338.054107666,8.468997955322266,-50.60309600830078
338.253326416,8.458327293395996,-50.85464859008789
338.452545166,8.455636978149414,-51.106414794921875
338.651763916,8.460952758789062,-51.36634826660156
338.801177978,8.467523574829102,-51.57286834716797
339.000396728,8.475363731384277,-51.821800231933594
339.149810791,8.478240966796875,-52.001033782958984
339.365631103,8.47946834564209,-52.28153991699219
339.564849853,8.50025749206543,-52.5406379699707
339.714263916,8.524504661560059,-52.720985412597656
339.913482666,8.55813980102539,-52.97304153442383
340.112701416,8.52635669708252,-53.227542877197266
340.311920166,8.451456069946289,-53.47355651855469
340.511138916,8.367616653442383,-53.71965789794922
340.710357666,8.302867889404297,-53.968563079833984
340.909576416,8.269733428955078,-54.22602081298828
341.075592041,8.273241996765137,-54.431182861328125
341.274810791,8.29032039642334,-54.68787384033203
341.474029541,8.300990104675293,-54.94490051269531
341.673248291,8.303503036499023,-55.2021484375
341.872467041,8.289846420288086,-55.461727142333984
342.071685791,8.260786056518555,-55.714508056640625
342.270904541,8.214177131652832,-55.95914077758789
342.470123291,8.164131164550781,-56.21147918701172
342.636138916,8.126051902770996,-56.41597366333008
342.835357666,8.088101387023926,-56.667564392089844
343.034576416,8.076761245727539,-56.92037582397461
343.233795166,8.071737289428711,-57.177581787109375
343.433013916,8.062994003295898,-57.43743133544922
343.632232666,8.049064636230469,-57.68470764160156
343.831451416,8.027219772338867,-57.93278121948242
344.030670166,7.996532440185547,-58.188194274902344
344.229888916,7.957425594329834,-58.44522476196289
344.395904541,7.921761989593506,-58.64875411987305
344.595123291,7.878084182739258,-58.89949417114258
344.794342041,7.8488688468933105,-59.15086364746094
344.993560791,7.843310356140137,-59.410709381103516
345.192779541,7.858613014221191,-59.6674919128418
345.342193603,7.87277364730835,-59.86677932739258
345.541412353,7.884300231933594,-60.12377166748047
345.740631103,7.900129795074463,-60.38322067260742
345.956451416,7.9351043701171875,-60.637996673583984
346.155670166,7.992696285247803,-60.888668060302734
346.255279541,8.024090766906738,-61.011993408203125
346.454498291,8.086058616638184,-61.248779296875
346.653717041,8.093647003173828,-61.276771545410156
346.803131103,8.093647003173828,-61.276771545410156
346.952545166,8.093647003173828,-61.276771545410156
347.151763916,8.10315990447998,-61.27574157714844
347.301177978,8.164916038513184,-61.243080139160156
347.500396728,8.298576354980469,-61.05289840698242
347.716217041,8.329700469970703,-60.79658889770508
347.915435791,8.280167579650879,-60.541751861572266
348.114654541,8.213220596313477,-60.29055404663086
348.313873291,8.168336868286133,-60.03596115112305
348.513092041,8.152329444885254,-59.79029846191406
348.712310791,8.17187786102295,-59.538124084472656
348.911529541,8.21600341796875,-59.28469467163086
349.110748291,8.268841743469238,-59.030128479003906
349.260162353,8.308003425598145,-58.825889587402344
349.475982666,8.332175254821777,-58.57001495361328
349.675201416,8.329052925109863,-58.310035705566406
349.874420166,8.324713706970215,-58.0555419921875
350.073638916,8.32315731048584,-57.80924606323242
350.272857666,8.336365699768066,-57.55644989013672
350.472076416,8.357438087463379,-57.301422119140625
350.721099853,8.384779930114746,-56.96453094482422
350.870513916,8.401663780212402,-56.79018783569336
351.086334228,8.43285846710205,-56.51002502441406
351.285552978,8.466538429260254,-56.25498580932617
351.484771728,8.491877555847168,-55.99764633178711
351.683990478,8.506077766418457,-55.7490119934082
351.883209228,8.51423168182373,-55.49325180053711
352.082427978,8.528000831604004,-55.23362731933594
352.281646728,8.542741775512695,-55.01847839355469
352.480865478,8.542741775512695,-55.01847839355469
352.680084228,8.542741775512695,-55.01847839355469
352.895904541,8.542741775512695,-55.01847839355469
353.095123291,8.542741775512695,-55.01847839355469
353.344146728,8.547887802124023,-54.94365692138672
353.543365478,8.560185432434082,-54.68770217895508
353.742584228,8.569527626037598,-54.434715270996094
353.941802978,8.583834648132324,-54.18471908569336
354.141021728,8.604394912719727,-53.925537109375
354.340240478,8.631327629089355,-53.66831970214844
354.506256103,8.654333114624023,-53.465728759765625
354.705474853,8.687941551208496,-53.20930480957031
354.904693603,8.723830223083496,-52.95180892944336
355.103912353,8.758111000061035,-52.700992584228516
355.303131103,8.790493965148926,-52.45682144165039
355.502349853,8.818487167358398,-52.19832229614258
355.751373291,8.849859237670898,-51.88789749145508
355.900787353,8.870017051696777,-51.68362808227539
356.100006103,8.898149490356445,-51.43342208862305
356.315826416,8.921631813049316,-51.179988861083984
356.515045166,8.94611930847168,-50.923892974853516
356.714263916,8.969491004943848,-50.67181396484375
356.913482666,8.992379188537598,-50.41969299316406
357.112701416,9.020574569702148,-50.16535949707031
357.311920166,9.046282768249512,-49.90663528442383
357.511138916,9.076872825622559,-49.652584075927734
357.710357666,9.103436470031738,-49.402217864990234
357.926177978,9.126479148864746,-49.122650146484375
358.125396728,9.148411750793457,-48.864952087402344
358.324615478,9.164134979248047,-48.612281799316406
358.523834228,9.184188842773438,-48.35855484008789
358.723052978,9.207611083984375,-48.099613189697266
358.922271728,9.230570793151855,-47.842002868652344
359.121490478,9.25712776184082,-47.59160614013672
359.320709228,9.279399871826172,-47.34081268310547
359.470123291,9.294078826904297,-47.15940856933594
359.685943603,9.320745468139648,-46.874656677246094
359.885162353,9.341137886047363,-46.62644577026367
360.084381103,9.357443809509277,-46.36696243286133
360.283599853,9.3795166015625,-46.109275817871094
360.482818603,9.398015975952148,-45.855430603027344
360.682037353,9.413956642150879,-45.606895446777344
360.881256103,9.436314582824707,-45.34785461425781
361.030670166,9.452054977416992,-45.166534423828125
361.229888916,9.47242259979248,-44.91145324707031
361.445709228,9.496371269226074,-44.633323669433594
361.595123291,9.511133193969727,-44.45191955566406
361.794342041,9.525763511657715,-44.19646072387695
362.043365478,9.544710159301758,-43.86859130859375
362.242584228,9.564885139465332,-43.61347961425781
362.441802978,9.582173347473145,-43.354068756103516
362.641021728,9.599884033203125,-43.10017013549805
362.840240478,9.621658325195312,-42.850685119628906
362.989654541,9.635327339172363,-42.6746940612793
363.255279541,9.651538848876953,-42.34258270263672
363.404693603,9.663722038269043,-42.14043045043945
363.603912353,9.683266639709473,-41.88802719116211
363.852935791,9.70366096496582,-41.578086853027344
364.052154541,9.717839241027832,-41.318485260009766
364.201568603,9.733586311340332,-41.117942810058594
364.400787353,9.753783226013184,-40.86833190917969
364.600006103,9.769960403442383,-40.61296463012695
364.815826416,9.785367012023926,-40.353431701660156
365.015045166,9.804010391235352,-40.10233688354492
365.214263916,9.820584297180176,-39.849735260009766
365.413482666,9.830174446105957,-39.58992004394531
365.612701416,9.843205451965332,-39.333003997802734
365.811920166,9.862709045410156,-39.08197021484375
366.011138916,9.882335662841797,-38.82957458496094
366.210357666,9.910728454589844,-38.57120132446289
366.426177978,9.974516868591309,-38.29824447631836
366.625396728,10.084295272827148,-38.06964874267578
366.774810791,10.200021743774414,-37.936859130859375
366.974029541,10.407144546508789,-37.78776168823242
367.123443603,10.594705581665039,-37.70135498046875
367.322662353,10.837337493896484,-37.61184310913086
367.472076416,11.007468223571777,-37.5472412109375
367.671295166,11.242694854736328,-37.4398193359375
367.820709228,11.420024871826172,-37.3508186340332
367.970123291,11.572647094726562,-37.26488494873047
368.185943603,11.817630767822266,-37.12543487548828
368.335357666,11.97563648223877,-37.035118103027344
368.534576416,12.194953918457031,-36.90596389770508
368.683990478,12.374722480773926,-36.80133819580078
368.883209228,12.601166725158691,-36.673587799072266
369.032623291,12.761747360229492,-36.587928771972656
369.231842041,12.984726905822754,-36.47394943237305
369.381256103,13.172454833984375,-36.3844108581543
369.580474853,13.410442352294922,-36.286766052246094
369.729888916,13.580730438232422,-36.2225456237793
369.895904541,13.777026176452637,-36.15377426147461
370.095123291,14.023560523986816,-36.075660705566406
370.244537353,14.220072746276855,-36.02678298950195
370.443756103,14.475664138793945,-35.979469299316406
370.593170166,14.655477523803711,-35.95134735107422
370.792388916,14.904352188110352,-35.89830780029297
370.941802978,15.101892471313477,-35.847801208496094
371.141021728,15.349977493286133,-35.785072326660156
371.290435791,15.520484924316406,-35.73937225341797
371.456451416,15.711674690246582,-35.68630599975586
371.655670166,15.959094047546387,-35.62103271484375
371.805084228,16.16179847717285,-35.574466705322266
372.004302978,16.415821075439453,-35.52592849731445
372.153717041,16.593955993652344,-35.49601364135742
372.303131103,16.793701171875,-35.462581634521484
372.502349853,17.04483413696289,-35.40708541870117
372.651763916,17.22173500061035,-35.36432647705078
372.850982666,17.475557327270508,-35.307987213134766
373.000396728,17.676904678344727,-35.25585174560547
373.149810791,17.80175018310547,-35.22234344482422
373.315826416,17.80368423461914,-35.221832275390625
373.515045166,17.80368423461914,-35.221832275390625
373.614654541,17.80368423461914,-35.221832275390625
373.813873291,17.80368423461914,-35.221832275390625
373.963287353,17.82781410217285,-35.21529769897461
374.162506103,18.064430236816406,-35.130523681640625
374.311920166,18.22956657409668,-35.05409622192383
374.511138916,18.455251693725586,-34.930660247802734
374.710357666,18.673303604125977,-34.80204772949219
374.876373291,18.853044509887695,-34.697383880615234
375.075592041,19.077579498291016,-34.57182312011719
375.225006103,19.260961532592773,-34.47367477416992
375.424224853,19.49036407470703,-34.35724639892578
375.623443603,19.720121383666992,-34.24457931518555
375.772857666,19.88085174560547,-34.16834259033203
375.972076416,20.117961883544922,-34.06168746948242
376.171295166,20.356748580932617,-33.95885467529297
376.320709228,20.549245834350586,-33.88005828857422
376.470123291,20.718904495239258,-33.81418228149414
376.685943603,20.98802375793457,-33.71742630004883
376.885162353,21.23238182067871,-33.636993408203125
377.034576416,21.402029037475586,-33.58821487426758
377.233795166,21.652786254882812,-33.53114700317383
377.383209228,21.858747482299805,-33.502437591552734
377.532623291,22.040300369262695,-33.49016189575195
377.731842041,22.296171188354492,-33.48876190185547
377.881256103,22.497316360473633,-33.486900329589844
378.080474853,22.756975173950195,-33.47468185424805
378.229888916,22.937742233276367,-33.45366668701172
378.395904541,23.141098022460938,-33.42573547363281
378.595123291,23.39140510559082,-33.387962341308594
378.744537353,23.592004776000977,-33.3445930480957
378.943756103,23.84404182434082,-33.280784606933594
379.093170166,24.020751953125,-33.237266540527344
379.292388916,24.26881980895996,-33.19466781616211
379.441802978,24.46921157836914,-33.177677154541016
379.641021728,24.726408004760742,-33.17687225341797
379.790435791,24.908355712890625,-33.181068420410156
379.956451416,25.11625862121582,-33.176536560058594
380.155670166,25.367555618286133,-33.146705627441406
380.305084228,25.573217391967773,-33.11563491821289
380.504302978,25.831045150756836,-33.08210754394531
380.653717041,26.009517669677734,-33.05434036254883
380.852935791,26.25347900390625,-32.99821853637695
381.052154541,26.494510650634766,-32.935546875
381.201568603,26.69062042236328,-32.89082336425781
381.400787353,26.940677642822266,-32.85173034667969
381.550201416,27.12130355834961,-32.82941436767578
381.716217041,27.32798957824707,-32.806068420410156
381.915435791,27.578981399536133,-32.77302932739258
382.064849853,27.782926559448242,-32.74984359741211
382.214263916,27.964195251464844,-32.733558654785156
382.413482666,28.216838836669922,-32.717620849609375
382.562896728,28.419239044189453,-32.710636138916016
382.762115478,28.67101287841797,-32.70912551879883
382.911529541,28.848865509033203,-32.71283721923828
383.110748291,29.108572006225586,-32.72496795654297
383.260162353,29.313512802124023,-32.736351013183594
383.426177978,29.515830993652344,-32.745391845703125
383.625396728,29.775785446166992,-32.750057220458984
383.774810791,29.957778930664062,-32.752113342285156
383.974029541,30.20818328857422,-32.75494384765625
384.123443603,30.410703659057617,-32.75578689575195
384.272857666,30.588594436645508,-32.755558013916016
384.472076416,30.848478317260742,-32.750057220458984
384.621490478,31.055377960205078,-32.729164123535156
384.820709228,31.303964614868164,-32.68190002441406
384.970123291,31.465652465820312,-32.62660217285156
385.185943603,31.706361770629883,-32.4769287109375
385.385162353,31.864389419555664,-32.27737808227539
385.584381103,31.955751419067383,-32.04330825805664
385.783599853,32.02051544189453,-31.800004959106445
385.982818603,32.07189178466797,-31.545183181762695
386.132232666,32.10324478149414,-31.365901947021484
386.281646728,32.13996505737305,-31.161165237426758
386.480865478,32.1881103515625,-30.912630081176758
386.680084228,32.23497009277344,-30.6666316986084
386.895904541,32.29466247558594,-30.419292449951172
387.095123291,32.367618560791016,-30.17259407043457
387.294342041,32.43939208984375,-29.922698974609375
387.493560791,32.50539779663086,-29.67120933532715
387.692779541,32.572505950927734,-29.420019149780273
387.891998291,32.639381408691406,-29.171600341796875
388.141021728,32.72293472290039,-28.84974479675293
388.340240478,32.78767013549805,-28.597936630249023
388.556060791,32.853668212890625,-28.349285125732422
388.755279541,32.91857147216797,-28.10600471496582
388.904693603,32.972633361816406,-27.912250518798828
389.153717041,33.05809783935547,-27.61931037902832
389.352935791,33.12773513793945,-27.38304328918457
389.552154541,33.194053649902344,-27.142990112304688
389.751373291,33.262760162353516,-26.897918701171875
389.900787353,33.31629180908203,-26.704017639160156
390.149810791,33.39619827270508,-26.41234588623047
390.315826416,33.44973373413086,-26.219867706298828
390.515045166,33.52268600463867,-25.97031593322754
390.764068603,33.61237716674805,-25.644447326660156
390.963287353,33.68101119995117,-25.395095825195312
391.162506103,33.75026321411133,-25.150177001953125
391.361724853,33.82136917114258,-24.905780792236328
391.560943603,33.88846969604492,-24.668787002563477
391.760162353,33.955928802490234,-24.427629470825195
391.909576416,34.00538635253906,-24.256750106811523
392.125396728,34.083770751953125,-23.990245819091797
392.324615478,34.155792236328125,-23.74327278137207
392.573638916,34.23855209350586,-23.443880081176758
392.772857666,34.306514739990234,-23.19576072692871
392.972076416,34.375831604003906,-22.945175170898438
393.171295166,34.447628021240234,-22.702411651611328
393.370513916,34.51004409790039,-22.498851776123047
393.586334228,34.564720153808594,-22.218414306640625
393.785552978,34.59379577636719,-21.98503303527832
393.984771728,34.627357482910156,-21.748117446899414
394.183990478,34.673248291015625,-21.496423721313477
394.383209228,34.733280181884766,-21.24486541748047
394.582427978,34.79826354980469,-21.000200271606445
394.781646728,34.87091827392578,-20.75770378112793
394.980865478,34.950077056884766,-20.510051727294922
395.180084228,35.033119201660156,-20.263668060302734
395.395904541,35.112422943115234,-20.016067504882812
395.595123291,35.17851257324219,-19.770368576049805
395.794342041,35.22500991821289,-19.522926330566406
395.993560791,35.2674446105957,-19.274736404418945
396.242584228,35.328556060791016,-18.95066261291504
396.391998291,35.36601257324219,-18.775360107421875
396.591217041,35.42509460449219,-18.522167205810547
396.790435791,35.482818603515625,-18.268659591674805
397.006256103,35.549644470214844,-17.990591049194336
397.205474853,35.61765670776367,-17.74390983581543
397.404693603,35.69304656982422,-17.49508285522461
397.653717041,35.769744873046875,-17.192768096923828
397.852935791,35.82227325439453,-16.957908630371094
398.052154541,35.85322570800781,-16.82442855834961
398.251373291,35.91661834716797,-16.579347610473633
398.450592041,35.98808670043945,-16.335073471069336
398.600006103,36.045433044433594,-16.143695831298828
398.815826416,36.11500549316406,-15.898863792419434
399.015045166,36.18811798095703,-15.649361610412598
399.214263916,36.266639709472656,-15.401505470275879
399.413482666,36.34878921508789,-15.157718658447266
399.662506103,36.44825744628906,-14.836186408996582
399.861724853,36.51704406738281,-14.589712142944336
400.060943603,36.58730697631836,-14.345077514648438
400.260162353,36.66237258911133,-14.100443840026855
400.475982666,36.743412017822266,-13.860617637634277
400.675201416,36.825836181640625,-13.614039421081543
400.874420166,36.90459060668945,-13.366254806518555
401.073638916,36.98701477050781,-13.11967658996582
401.322662353,37.09959030151367,-12.806803703308105
401.521881103,37.195152282714844,-12.566485404968262
401.721099853,37.28385543823242,-12.322114944458008
401.920318603,37.36560821533203,-12.075303077697754
402.086334228,37.43124008178711,-11.882264137268066
402.335357666,37.53936004638672,-11.592536926269531
402.534576416,37.62369155883789,-11.386641502380371
402.733795166,37.72040557861328,-11.151208877563477
402.933013916,37.81658935546875,-10.912603378295898
403.132232666,37.90690994262695,-10.668829917907715
403.331451416,37.99028396606445,-10.422565460205078
403.580474853,38.12807846069336,-10.126708030700684
403.729888916,38.2398681640625,-9.983478546142578
403.945709228,38.463226318359375,-9.812812805175781
404.144927978,38.688961029052734,-9.708283424377441
404.344146728,38.9304084777832,-9.63725757598877
404.543365478,39.17525100708008,-9.578601837158203
404.692779541,39.350311279296875,-9.547102928161621
404.891998291,39.607810974121094,-9.511228561401367
405.091217041,39.8643684387207,-9.47854232788086
405.290435791,40.11018371582031,-9.438563346862793
405.456451416,40.311866760253906,-9.408670425415039
405.605865478,40.514259338378906,-9.384147644042969
405.805084228,40.7739143371582,-9.372361183166504
406.004302978,41.027069091796875,-9.37333869934082
406.153717041,41.20487976074219,-9.378780364990234
406.303131103,41.40990447998047,-9.388474464416504
406.502349853,41.66979217529297,-9.385375022888184
406.701568603,41.924774169921875,-9.363883972167969
406.850982666,42.09941101074219,-9.350483894348145
407.050201416,42.35771560668945,-9.33763313293457
407.249420166,42.61766052246094,-9.332893371582031
407.415435791,42.82427978515625,-9.334977149963379
407.614654541,43.081390380859375,-9.32905387878418
407.764068603,43.28860092163086,-9.311098098754883
407.963287353,43.540924072265625,-9.290679931640625
408.112701416,43.714447021484375,-9.281149864196777
408.311920166,43.75080490112305,-9.279610633850098
408.511138916,43.75080490112305,-9.279610633850098
408.710357666,43.75080490112305,-9.279610633850098
408.876373291,43.75080490112305,-9.279610633850098
409.075592041,43.80076599121094,-9.277693748474121
409.225006103,44.003604888916016,-9.273309707641602
409.424224853,44.25538635253906,-9.274970054626465
409.623443603,44.50849151611328,-9.280243873596191
409.772857666,44.68907928466797,-9.28400707244873
409.972076416,44.94902038574219,-9.284256935119629
410.171295166,45.201168060302734,-9.262588500976562
410.370513916,45.451507568359375,-9.235771179199219
410.536529541,45.652034759521484,-9.21998405456543
410.735748291,45.90896987915039,-9.207103729248047
410.885162353,46.11280822753906,-9.202634811401367
410.984771728,46.235965728759766,-9.202478408813477
411.183990478,46.4836311340332,-9.205698013305664
411.333404541,46.66141891479492,-9.211725234985352
411.532623291,46.92123794555664,-9.221233367919922
411.682037353,47.129112243652344,-9.228347778320312
411.881256103,47.38225173950195,-9.231060028076172
412.030670166,47.557411193847656,-9.231392860412598
412.229888916,47.8092041015625,-9.231871604919434
412.395904541,48.0172119140625,-9.232268333435059
412.595123291,48.267635345458984,-9.232744216918945
412.744537353,48.47016525268555,-9.233129501342773
412.943756103,48.72743606567383,-9.233619689941406
413.142974853,48.98744583129883,-9.234115600585938
413.292388916,49.16260528564453,-9.234448432922363
413.491607666,49.415767669677734,-9.234930038452148
413.641021728,49.6182975769043,-9.235315322875977
413.840240478,49.8783073425293,-9.235811233520508
413.989654541,50.0603141784668,-9.23615837097168
414.205474853,50.3463249206543,-9.236703872680664
414.354888916,50.5283317565918,-9.237051010131836
414.554107666,50.78560256958008,-9.237541198730469
414.703521728,50.98676300048828,-9.237923622131348
414.902740478,51.20944595336914,-9.238346099853516
415.101959228,51.4639778137207,-9.23883056640625
415.251373291,51.63776779174805,-9.239160537719727
415.450592041,51.89500427246094,-9.236252784729004
415.600006103,52.10295104980469,-9.232056617736816
415.815826416,52.36015319824219,-9.2268648147583
415.965240478,52.566734313964844,-9.222695350646973
416.164459228,52.826717376708984,-9.220402717590332
416.363677978,53.082618713378906,-9.222504615783691
416.513092041,53.25777816772461,-9.223942756652832
416.712310791,53.50957107543945,-9.2260103225708
416.911529541,53.76958084106445,-9.22814655303955
417.110748291,54.026851654052734,-9.230259895324707
417.260162353,54.22527313232422,-9.231888771057129
417.475982666,54.47980499267578,-9.233979225158691
417.625396728,54.68781280517578,-9.235688209533691
417.824615478,54.94508361816406,-9.237555503845215
418.023834228,55.194114685058594,-9.234477996826172
418.223052978,55.45408630371094,-9.230052947998047
418.422271728,55.71131896972656,-9.22567367553711
418.571685791,55.887821197509766,-9.222667694091797
418.770904541,56.13821792602539,-9.219192504882812
418.970123291,56.39411926269531,-9.220827102661133
419.136138916,56.60212707519531,-9.222536087036133
419.335357666,56.855289459228516,-9.224615097045898
419.534576416,57.10845184326172,-9.226694107055664
419.733795166,57.36846160888672,-9.228830337524414
419.883209228,57.57236099243164,-9.230504989624023
420.082427978,57.824153900146484,-9.232572555541992
420.231842041,58.00068283081055,-9.23402214050293
420.431060791,58.25932312011719,-9.236146926879883
420.630279541,58.51933288574219,-9.23623275756836
420.796295166,58.72186279296875,-9.234699249267578
420.995513916,58.97502517700195,-9.232782363891602
421.194732666,59.23503494262695,-9.230817794799805
421.393951416,59.488197326660156,-9.228900909423828
421.593170166,59.74272918701172,-9.226974487304688
421.792388916,59.97636795043945,-9.225208282470703
421.941802978,60.1650276184082,-9.22377872467041
422.141021728,60.41408157348633,-9.221890449523926
422.340240478,60.67409133911133,-9.219925880432129
422.489654541,60.85609817504883,-9.218550682067871
422.705474853,61.14073944091797,-9.216399192810059
422.854888916,61.32137680053711,-9.21683406829834
423.054107666,61.58138656616211,-9.21815013885498
423.253326416,61.83317947387695,-9.219420433044434
423.352935791,61.957706451416016,-9.220047950744629
423.552154541,62.20676040649414,-9.22130298614502
423.751373291,62.46677017211914,-9.22261905670166
423.950592041,62.72404098510742,-9.223919868469238
424.149810791,62.975833892822266,-9.225190162658691
424.315826416,63.17562484741211,-9.226197242736816
424.515045166,63.43563461303711,-9.227513313293457
424.714263916,63.68879699707031,-9.228791236877441
424.863677978,63.889957427978516,-9.229805946350098
425.062896728,64.14585876464844,-9.231099128723145
425.262115478,64.40586853027344,-9.232415199279785
425.461334228,64.66175842285156,-9.233708381652832
425.610748291,64.83689880371094,-9.234591484069824
425.809967041,65.09141540527344,-9.23587703704834
426.025787353,65.25102233886719,-9.236680030822754
426.225006103,65.50141906738281,-9.237942695617676
426.424224853,65.7268295288086,-9.237106323242188
426.623443603,65.96610260009766,-9.234541893005371
426.772857666,66.1453628540039,-9.232621192932129
426.972076416,66.39850616455078,-9.229907989501953
427.171295166,66.6543960571289,-9.227166175842285
427.370513916,66.9144058227539,-9.224381446838379
427.536529541,67.11829376220703,-9.222196578979492
427.735748291,67.37006378173828,-9.219497680664062
427.934967041,67.63007354736328,-9.216794967651367
428.134185791,67.88733673095703,-9.218088150024414
428.333404541,67.95582580566406,-9.218650817871094
428.482818603,67.95582580566406,-9.218650817871094
428.682037353,67.95582580566406,-9.218650817871094
428.881256103,67.95582580566406,-9.218650817871094
429.030670166,67.95582580566406,-9.218650817871094
429.229888916,67.98081970214844,-9.218854904174805
429.395904541,68.18333435058594,-9.220518112182617
429.595123291,68.43785095214844,-9.22260856628418
429.744537353,68.64173889160156,-9.224283218383789
429.943756103,68.90174865722656,-9.226419448852539
430.142974853,69.1465072631836,-9.228429794311523
430.342193603,69.29399871826172,-9.229641914367676
430.541412353,69.54988861083984,-9.231825828552246
430.690826416,69.7318344116211,-9.236188888549805
430.890045166,69.98876190185547,-9.249213218688965
431.105865478,70.26871490478516,-9.266782760620117
431.255279541,70.45038604736328,-9.277539253234863
431.454498291,70.70726013183594,-9.291475296020508
431.653717041,70.95689392089844,-9.311193466186523
431.852935791,71.20903015136719,-9.333756446838379
432.052154541,71.4679946899414,-9.35693645477295
432.201568603,71.67456817626953,-9.381223678588867
432.400787353,71.92748260498047,-9.419942855834961
432.600006103,72.17801666259766,-9.472108840942383
432.766021728,72.38175964355469,-9.514042854309082
432.965240478,72.63581848144531,-9.562417030334473
433.164459228,72.88706970214844,-9.593179702758789
433.313873291,73.06382751464844,-9.613116264343262
433.513092041,73.32025909423828,-9.646736145019531
433.712310791,73.5651626586914,-9.703977584838867
433.861724853,73.7457275390625,-9.794413566589355
434.060943603,73.92910766601562,-9.976900100708008
434.210357666,74.01647186279297,-10.129972457885742
434.376373291,74.07953643798828,-10.322131156921387
434.525787353,74.12122344970703,-10.525864601135254
434.675201416,74.15008544921875,-10.70278549194336
434.874420166,74.19279479980469,-10.956464767456055
435.023834228,74.23688507080078,-11.155502319335938
435.173248291,74.2834243774414,-11.328604698181152
435.372467041,74.34750366210938,-11.57910442352295
435.521881103,74.38839721679688,-11.783038139343262
435.671295166,74.41995239257812,-11.962278366088867
435.820709228,74.45072937011719,-12.165215492248535
435.970123291,74.47020721435547,-12.315481185913086
436.136138916,74.47811889648438,-12.379121780395508
436.335357666,74.5091552734375,-12.628990173339844
436.484771728,74.5330581665039,-12.830097198486328
436.634185791,74.55715942382812,-13.002203941345215
436.833404541,74.59234619140625,-13.257041931152344
436.982818603,74.61965942382812,-13.463240623474121
437.182037353,74.64940643310547,-13.717394828796387
437.331451416,74.67227935791016,-13.89242935180664
437.480865478,74.69924926757812,-14.093148231506348
437.680084228,74.73246002197266,-14.341351509094238
437.796295166,74.74972534179688,-14.470198631286621
437.995513916,74.77789306640625,-14.725905418395996
438.144927978,74.79409790039062,-14.925032615661621
438.294342041,74.80440521240234,-15.103995323181152
438.443756103,74.80546569824219,-15.306471824645996
438.593170166,74.79356384277344,-15.488048553466797
438.792388916,74.76220703125,-15.743383407592773
438.941802978,74.73672485351562,-15.941539764404297
439.141021728,74.7122573852539,-16.190736770629883
439.290435791,74.70423889160156,-16.36981201171875
439.456451416,74.69218444824219,-16.577455520629883
439.605865478,74.6772689819336,-16.78354835510254
439.805084228,74.66069030761719,-17.03615379333496
439.954498291,74.65083312988281,-17.21788215637207
440.103912353,74.63484954833984,-17.425264358520508
440.303131103,74.61260986328125,-17.677444458007812
440.452545166,74.59915161132812,-17.85345458984375
440.651763916,74.57615661621094,-18.10968017578125
440.801177978,74.55461120605469,-18.316558837890625
440.950592041,74.53805541992188,-18.497802734375
441.149810791,74.52119445800781,-18.75176429748535
441.266021728,74.51020812988281,-18.9005126953125
441.465240478,74.48783111572266,-19.15817642211914
441.614654541,74.47527313232422,-19.339740753173828
441.813873291,74.46442413330078,-19.5926570892334
441.963287353,74.45458221435547,-19.794937133789062
442.112701416,74.44464111328125,-19.976661682128906
442.311920166,74.43159484863281,-20.236328125
442.461334228,74.42120361328125,-20.43858528137207
442.610748291,74.4100112915039,-20.610641479492188
442.809967041,74.38772583007812,-20.861433029174805
442.975982666,74.36898803710938,-21.06583595275879
443.125396728,74.3551254272461,-21.270626068115234
443.324615478,74.34351348876953,-21.526248931884766
443.474029541,74.33346557617188,-21.702486038208008
443.673248291,74.31553649902344,-21.96186637878418
443.822662353,74.30200958251953,-22.169424057006836
443.972076416,74.29415130615234,-22.348506927490234
444.171295166,74.28246307373047,-22.597278594970703
444.320709228,74.2676010131836,-22.799253463745117
444.470123291,74.25299835205078,-22.980667114257812
444.685943603,74.23693084716797,-23.264827728271484
444.835357666,74.23149108886719,-23.442636489868164
444.984771728,74.2249755859375,-23.64642333984375
445.183990478,74.20990753173828,-23.905973434448242
445.333404541,74.19706726074219,-24.083402633666992
445.532623291,74.18006896972656,-24.329124450683594
445.682037353,74.16858673095703,-24.528579711914062
445.831451416,74.15478515625,-24.7059326171875
446.030670166,74.13510131835938,-24.965192794799805
446.180084228,74.1213150024414,-25.16998863220215
446.346099853,74.11278533935547,-25.37232780456543
446.495513916,74.10614776611328,-25.548723220825195
446.694732666,74.10330200195312,-25.60365104675293
446.844146728,74.10330200195312,-25.60365104675293
446.993560791,74.10330200195312,-25.60365104675293
447.192779541,74.1007308959961,-25.70386505126953
447.342193603,74.11347961425781,-25.911386489868164
447.541412353,74.15836334228516,-26.16313362121582
447.690826416,74.20594787597656,-26.3359317779541
447.890045166,74.29257202148438,-26.581029891967773
448.056060791,74.36129760742188,-26.772994995117188
448.255279541,74.44794464111328,-27.01377296447754
448.354888916,74.49107360839844,-27.136409759521484
448.554107666,74.57495880126953,-27.379610061645508
448.703521728,74.64232635498047,-27.57639503479004
448.902740478,74.72518157958984,-27.82283592224121
449.052154541,74.78091430664062,-27.993213653564453
449.251373291,74.7923355102539,-28.027769088745117
449.400787353,74.7923355102539,-28.027769088745117
449.600006103,74.7923355102539,-28.027769088745117
449.766021728,74.7923355102539,-28.027769088745117
449.915435791,74.7923355102539,-28.027769088745117
450.114654541,74.7923355102539,-28.027769088745117
450.313873291,74.7923355102539,-28.027769088745117
450.463287353,74.7923355102539,-28.027769088745117
450.662506103,74.82376098632812,-28.1353759765625
450.811920166,74.85256958007812,-28.31075096130371
451.011138916,74.85344696044922,-28.56778907775879
451.160552978,74.82197570800781,-28.77321434020996
451.376373291,74.76732635498047,-29.020395278930664
451.525787353,74.72600555419922,-29.221452713012695
451.725006103,74.68209838867188,-29.47764015197754
451.924224853,74.64879608154297,-29.735490798950195
452.073638916,74.62427520751953,-29.910303115844727
452.272857666,74.5907974243164,-30.162614822387695
452.422271728,74.57238006591797,-30.29433250427246
452.621490478,74.57238006591797,-30.29433250427246
452.820709228,74.57238006591797,-30.29433250427246
452.970123291,74.57238006591797,-30.29433250427246
453.185943603,74.57238006591797,-30.29433250427246
453.335357666,74.57238006591797,-30.29433250427246
453.534576416,74.57238006591797,-30.29433250427246
453.683990478,74.57238006591797,-30.29433250427246
453.883209228,74.57238006591797,-30.29433250427246
454.082427978,74.57238006591797,-30.29433250427246
454.231842041,74.56346130371094,-30.368797302246094
454.431060791,74.54752349853516,-30.62554931640625
454.580474853,74.5372085571289,-30.82781219482422
454.796295166,74.52940368652344,-31.08221435546875
454.945709228,74.51994323730469,-31.28999137878418
455.144927978,74.50159454345703,-31.538354873657227
455.294342041,74.48399353027344,-31.712623596191406
455.443756103,74.45887756347656,-31.91358184814453
455.642974853,74.42198181152344,-32.17094421386719
455.792388916,74.39741516113281,-32.35126876831055
455.991607666,74.36181640625,-32.606040954589844
456.141021728,74.333984375,-32.80387496948242
456.340240478,74.2994384765625,-33.05327606201172
456.506256103,74.2705078125,-33.25785827636719
456.705474853,74.23434448242188,-33.50978469848633
456.854888916,74.21025085449219,-33.68603515625
457.054107666,74.17683410644531,-33.930076599121094
457.203521728,74.1490249633789,-34.13067626953125
457.402740478,74.11549377441406,-34.385738372802734
457.552154541,74.09101104736328,-34.56607437133789
457.751373291,74.05933380126953,-34.81861877441406
457.900787353,74.04988861083984,-34.88646697998047
458.100006103,74.04988861083984,-34.88646697998047
458.249420166,74.04988861083984,-34.88646697998047
458.465240478,74.04988861083984,-34.88646697998047
458.614654541,74.04988861083984,-34.88646697998047
458.813873291,74.04988861083984,-34.88646697998047
459.013092041,74.05144500732422,-34.88871765136719
459.162506103,74.08979797363281,-34.91436767578125
459.361724853,74.32806396484375,-34.94355773925781
459.560943603,74.5638656616211,-34.839176177978516
459.760162353,74.75910186767578,-34.66787338256836
459.926177978,74.90367126464844,-34.52409362792969
460.125396728,75.10122680664062,-34.35537338256836
460.324615478,75.22041320800781,-34.275718688964844
460.523834228,75.44903564453125,-34.152198791503906
460.673248291,75.6160659790039,-34.08000564575195
460.822662353,75.67730712890625,-34.056785583496094
461.021881103,75.67730712890625,-34.056785583496094
461.221099853,75.67730712890625,-34.056785583496094
461.420318603,75.67730712890625,-34.056785583496094
461.636138916,75.67730712890625,-34.056785583496094
461.835357666,75.67730712890625,-34.056785583496094
462.034576416,75.67730712890625,-34.056785583496094
462.233795166,75.67730712890625,-34.056785583496094
462.433013916,75.7601318359375,-34.02858352661133
462.632232666,75.99581146240234,-33.95696258544922
462.831451416,76.23580169677734,-33.890377044677734
463.030670166,76.47869873046875,-33.82402801513672
463.229888916,76.7101821899414,-33.758277893066406
463.445709228,76.86858367919922,-33.71675109863281
463.644927978,77.11945343017578,-33.6538200378418
463.844146728,77.33830261230469,-33.594398498535156
463.993560791,77.50133514404297,-33.548091888427734
464.192779541,77.74571228027344,-33.482120513916016
464.391998291,77.99996948242188,-33.43527603149414
464.591217041,78.04110717773438,-33.42988204956055
464.790435791,78.04110717773438,-33.42988204956055
464.989654541,78.04110717773438,-33.42988204956055
465.155670166,78.04110717773438,-33.42988204956055
465.354888916,78.04110717773438,-33.42988204956055
465.554107666,78.07823181152344,-33.424652099609375
465.753326416,78.31500244140625,-33.36121368408203
465.952545166,78.5358657836914,-33.25572204589844
466.151763916,78.7562255859375,-33.12307357788086
466.350982666,78.97732543945312,-32.986289978027344
466.550201416,79.20157623291016,-32.85470199584961
466.766021728,79.45167541503906,-32.71599578857422
466.965240478,79.67961883544922,-32.59672927856445
467.164459228,79.90911865234375,-32.477481842041016
467.363677978,80.1427230834961,-32.363380432128906
467.562896728,80.37952423095703,-32.25602722167969
467.762115478,80.6227798461914,-32.16454315185547
467.961334228,80.86761474609375,-32.10685729980469
468.160552978,81.11567687988281,-32.08657455444336
468.309967041,81.27265167236328,-32.08460235595703
468.525787353,81.27465057373047,-32.08460998535156
468.725006103,81.27465057373047,-32.08460998535156
468.924224853,81.27465057373047,-32.08460998535156
469.123443603,81.27465057373047,-32.08460998535156
469.322662353,81.40088653564453,-32.08636474609375
469.472076416,81.57731628417969,-32.09219741821289
469.671295166,81.8341064453125,-32.10759735107422
469.820709228,82.04156494140625,-32.12297821044922
470.036529541,82.29691314697266,-32.13969802856445
470.235748291,82.38285827636719,-32.143585205078125
470.385162353,82.56178283691406,-32.14839553833008
470.584381103,82.82179260253906,-32.151336669921875
470.783599853,83.0442886352539,-32.153785705566406
470.982818603,83.3042984008789,-32.15582275390625
471.182037353,83.55884552001953,-32.15540313720703
471.381256103,83.8051986694336,-32.15498352050781
471.580474853,84.05428314208984,-32.154563903808594
471.729888916,84.23219299316406,-32.15427017211914
471.945709228,84.51820373535156,-32.15380859375
472.144927978,84.77411651611328,-32.15338897705078
472.344146728,85.0286636352539,-32.15296936035156
472.543365478,85.2886734008789,-32.152549743652344
472.692779541,85.46794891357422,-32.15225601196289
472.891998291,85.71839904785156,-32.15183639526367
473.091217041,85.97840881347656,-32.15141677856445
473.240631103,86.08541107177734,-32.151248931884766
473.390045166,86.08541107177734,-32.151248931884766
473.605865478,86.08541107177734,-32.151248931884766
473.805084228,86.08541107177734,-32.151248931884766
474.004302978,86.18634796142578,-32.15414047241211
474.203521728,86.42189025878906,-32.218135833740234
474.352935791,86.5541763305664,-32.337284088134766
474.552154541,86.66717529296875,-32.56432342529297
474.751373291,86.74676513671875,-32.81180953979492
474.900787353,86.81269073486328,-33.00615310668945
475.100006103,86.92212677001953,-33.23869705200195
475.266021728,87.02845764160156,-33.4110107421875
475.465240478,87.15804290771484,-33.59034729003906
475.664459228,87.32647705078125,-33.78837203979492
475.813873291,87.44709777832031,-33.92466735839844
476.013092041,87.4750747680664,-33.95664596557617
476.212310791,87.4750747680664,-33.95664596557617
476.361724853,87.4750747680664,-33.95664596557617
476.560943603,87.4750747680664,-33.95664596557617
476.710357666,87.49163055419922,-33.975379943847656
476.926177978,87.6562728881836,-34.11851501464844
477.125396728,87.89944458007812,-34.16101837158203
477.274810791,88.06785583496094,-34.10348129272461
477.474029541,88.24026489257812,-33.92183303833008
477.673248291,88.35302734375,-33.687721252441406
477.872467041,88.48038482666016,-33.466400146484375
478.071685791,88.6594009399414,-33.282649993896484
478.270904541,88.87283325195312,-33.144569396972656
478.470123291,89.10826873779297,-33.03786849975586
478.685943603,89.37400817871094,-32.93977737426758
478.885162353,89.61768341064453,-32.84914016723633
479.084381103,89.85163116455078,-32.74898910522461
479.283599853,90.08282470703125,-32.642539978027344
479.482818603,90.31697845458984,-32.52949142456055
479.682037353,90.55231475830078,-32.41897201538086
479.881256103,90.78141784667969,-32.31782913208008
480.030670166,90.86831665039062,-32.28067398071289
480.229888916,90.95053100585938,-32.24795150756836
480.445709228,91.22174835205078,-32.161991119384766
480.644927978,91.35218811035156,-32.13136291503906
480.844146728,91.53919219970703,-32.102046966552734
481.043365478,91.79322052001953,-32.08721923828125
481.242584228,91.90521240234375,-32.0846061706543
481.441802978,91.90521240234375,-32.0846061706543
481.641021728,91.90521240234375,-32.0846061706543
481.840240478,91.9116439819336,-32.08688735961914
482.006256103,91.96605682373047,-32.14030456542969
482.205474853,92.05181884765625,-32.370243072509766
482.354888916,92.02574157714844,-32.547874450683594
482.554107666,91.89532470703125,-32.76820373535156
482.703521728,91.75410461425781,-32.92078399658203
482.902740478,91.57320404052734,-33.10750961303711
483.101959228,91.40845489501953,-33.30672836303711
483.251373291,91.30853271484375,-33.458744049072266
483.450592041,91.1907958984375,-33.69044876098633
483.600006103,91.10857391357422,-33.881500244140625
483.766021728,91.03062438964844,-34.07139587402344
483.965240478,90.93087005615234,-34.311500549316406
484.114654541,90.8624267578125,-34.48015213012695
484.313873291,90.76101684570312,-34.719547271728516
484.463287353,90.67578887939453,-34.909278869628906
484.662506103,90.61289978027344,-35.04159164428711
484.811920166,90.5630874633789,-35.143585205078125
485.011138916,90.44685363769531,-35.37308883666992
485.160552978,90.34933471679688,-35.55680847167969
485.376373291,90.24412536621094,-35.751312255859375
485.525787353,90.15196990966797,-35.931640625
485.675201416,90.0746841430664,-36.09187316894531
485.824615478,89.99154663085938,-36.27354431152344
486.023834228,89.88313293457031,-36.50835037231445
486.173248291,89.80748748779297,-36.669368743896484
486.372467041,89.69390106201172,-36.89866256713867
486.521881103,89.6056900024414,-37.077919006347656
486.721099853,89.4947280883789,-37.31005096435547
486.870513916,89.41691589355469,-37.47002410888672
487.086334228,89.28800964355469,-37.7207145690918
487.235748291,89.2043228149414,-37.88233184814453
487.434967041,89.08869934082031,-38.1106071472168
487.584381103,89.03263854980469,-38.2198371887207
487.783599853,88.93563842773438,-38.40989685058594
487.982818603,88.82245635986328,-38.63939666748047
488.132232666,88.74420928955078,-38.79916000366211
488.281646728,88.69488525390625,-38.897796630859375
488.480865478,88.69488525390625,-38.897796630859375
488.680084228,88.69235229492188,-38.902645111083984
488.846099853,88.6859130859375,-38.91144561767578
489.045318603,88.6617431640625,-38.920291900634766
489.244537353,88.43299102783203,-38.888526916503906
489.443756103,88.2391128540039,-38.729835510253906
489.642974853,88.10913848876953,-38.50517272949219
489.842193603,88.0017318725586,-38.27290725708008
490.041412353,87.87977600097656,-38.0496826171875
490.240631103,87.72763061523438,-37.84247970581055
490.390045166,87.60197448730469,-37.7109375
490.605865478,87.39060974121094,-37.52875900268555
490.805084228,87.18186950683594,-37.3737907409668
491.004302978,86.97039794921875,-37.22252655029297
491.203521728,86.75831604003906,-37.07213592529297
491.402740478,86.5515365600586,-36.92375564575195
491.601959228,86.34761047363281,-36.7647819519043
491.801177978,86.15689086914062,-36.602508544921875
492.000396728,85.96243286132812,-36.43620300292969
492.149810791,85.82551574707031,-36.32051467895508
492.365631103,85.61302947998047,-36.13739776611328
492.564849853,85.41350555419922,-35.970767974853516
492.764068603,85.20867156982422,-35.81062316894531
492.913482666,85.11360931396484,-35.73820877075195
493.112701416,85.04419708251953,-35.68494415283203
493.311920166,84.84544372558594,-35.52814483642578
493.511138916,84.71994018554688,-35.42890930175781
493.710357666,84.63090515136719,-35.358524322509766
493.909576416,84.42705535888672,-35.19715118408203
494.125396728,84.25413513183594,-35.05989456176758
494.274810791,84.15426635742188,-34.97999572753906
494.474029541,83.95214080810547,-34.81863784790039
494.673248291,83.81049346923828,-34.707427978515625
494.872467041,83.68907165527344,-34.61599349975586
495.071685791,83.48080444335938,-34.46033477783203
495.270904541,83.3419418334961,-34.35800552368164
495.470123291,83.21891784667969,-34.268733978271484
495.685943603,82.99258422851562,-34.09616470336914
495.885162353,82.79292297363281,-33.94277572631836
496.084381103,82.59270477294922,-33.7878532409668
496.283599853,82.39301300048828,-33.63224411010742
496.482818603,82.19169616699219,-33.47210693359375
496.682037353,81.99288177490234,-33.30885314941406
496.881256103,81.7914810180664,-33.1510009765625
497.080474853,81.58661651611328,-32.99766159057617
497.229888916,81.44318389892578,-32.89012908935547
497.445709228,81.21880340576172,-32.7218017578125
497.644927978,81.01738739013672,-32.557350158691406
497.844146728,80.81919860839844,-32.39333724975586
498.043365478,80.6192398071289,-32.233734130859375
498.142974853,80.51766204833984,-32.16171646118164
498.342193603,80.30467224121094,-32.01502990722656
498.541412353,80.09484100341797,-31.861677169799805
498.740631103,79.9236068725586,-31.67293930053711
498.956451416,79.8251953125,-31.44672203063965
499.155670166,79.79158020019531,-31.19231414794922
499.354888916,79.80947875976562,-30.945512771606445
499.554107666,79.85122680664062,-30.695833206176758
499.753326416,79.88761138916016,-30.45088768005371
499.952545166,79.90481567382812,-30.199726104736328
500.151763916,79.91266632080078,-29.94259262084961
500.350982666,79.91326904296875,-29.68260383605957
500.550201416,79.91265869140625,-29.432186126708984
500.749420166,79.91204833984375,-29.17766571044922
500.965240478,79.911376953125,-28.894411087036133
501.164459228,79.9107666015625,-28.637155532836914
501.363677978,79.91015625,-28.390840530395508
501.562896728,79.9095458984375,-28.13768768310547
501.811920166,79.9088134765625,-27.825698852539062
502.011138916,79.908203125,-27.57391357421875
502.210357666,79.9075927734375,-27.32486343383789
502.376373291,79.9071044921875,-27.123708724975586
502.575592041,79.906494140625,-26.863718032836914
502.774810791,79.9058837890625,-26.61603546142578
502.974029541,79.9052734375,-26.36425018310547
503.173248291,79.9046630859375,-26.11109733581543
503.372467041,79.904052734375,-25.851106643676758
503.621490478,79.90325927734375,-25.519956588745117
503.820709228,79.90264892578125,-25.268171310424805
503.970123291,79.9022216796875,-25.09164810180664
504.235748291,79.90142822265625,-24.757762908935547
504.434967041,79.90081787109375,-24.510080337524414
504.634185791,79.90020751953125,-24.25555992126465
504.833404541,79.89959716796875,-23.996936798095703
505.032623291,79.89898681640625,-23.73694610595703
505.231842041,79.89837646484375,-23.48516082763672
505.431060791,79.89776611328125,-23.23200798034668
505.630279541,79.89715576171875,-22.972017288208008
505.846099853,79.896484375,-22.6928653717041
506.045318603,79.8958740234375,-22.442447662353516
506.244537353,79.895263671875,-22.182456970214844
506.443756103,79.89488220214844,-21.92656898498535
506.642974853,79.8995132446289,-21.669349670410156
506.891998291,79.90653991699219,-21.36153221130371
507.091217041,79.9119873046875,-21.10158920288086
507.290435791,79.91385650634766,-20.849803924560547
507.506256103,79.91581726074219,-20.573387145996094
507.655670166,79.9170913696289,-20.39276123046875
507.854888916,79.91573333740234,-20.135509490966797
508.054107666,79.91271209716797,-19.88510513305664
508.303131103,79.90867614746094,-19.549856185913086
508.502349853,79.90554809570312,-19.289865493774414
508.701568603,79.90249633789062,-19.03672218322754
508.900787353,79.89949035644531,-18.787687301635742
509.100006103,79.8971939086914,-18.52769660949707
509.315826416,79.89817810058594,-18.269073486328125
509.515045166,79.89873504638672,-18.12531280517578
509.714263916,79.89873504638672,-18.12531280517578
509.913482666,79.89873504638672,-18.12531280517578
510.112701416,79.89873504638672,-18.12531280517578
510.361724853,79.89873504638672,-18.12531280517578
510.511138916,79.8987808227539,-18.112812042236328
510.710357666,79.89971923828125,-17.86631965637207
510.876373291,79.90048217773438,-17.66379737854004
511.125396728,79.9022445678711,-17.329914093017578
511.324615478,79.90531921386719,-17.19594955444336
511.523834228,79.91004180908203,-17.0725154876709
511.723052978,79.92595672607422,-16.817127227783203
511.922271728,79.93305969238281,-16.731765747070312
512.171264648,79.94477844238281,-16.595510482788086
512.370483398,79.9631118774414,-16.349891662597656
512.586303710,79.97466278076172,-16.072355270385742
512.785522460,79.97686004638672,-15.813741683959961
512.984741210,79.97482299804688,-15.637596130371094
513.183959960,79.97314453125,-15.498844146728516
513.383178710,79.97010803222656,-15.247074127197266
513.582397460,79.9677505493164,-15.050955772399902
513.781616210,79.96652221679688,-14.94896125793457
513.980834960,79.96343994140625,-14.693085670471191
514.180053710,79.96061706542969,-14.458102226257324
514.395874023,79.95951843261719,-14.367607116699219
514.644897460,79.96041870117188,-14.041568756103516
514.844116210,79.9611587524414,-13.985573768615723
515.043334960,79.96284484863281,-13.85958480834961
515.242553710,79.96627807617188,-13.599603652954102
515.441772460,79.96717834472656,-13.531108856201172
515.640991210,79.96784973144531,-13.48111343383789
515.840209960,79.97125244140625,-13.223869323730469
516.056030273,79.9738998413086,-13.024463653564453
516.255249023,79.97419738769531,-12.999464988708496
516.454467773,79.9731674194336,-12.745207786560059
516.653686523,79.9709701538086,-12.493428230285645
516.902709960,79.9679946899414,-12.155440330505371
517.101928710,79.96575164794922,-11.899555206298828
517.301147460,79.96467590332031,-11.776034355163574
517.500366210,79.96245574951172,-11.522518157958984
517.716186523,79.96027374267578,-11.27502727508545
517.915405273,79.95978546142578,-11.2200288772583
518.114624023,79.9576416015625,-10.97653865814209
518.313842773,79.96337127685547,-10.729179382324219
518.513061523,79.96614837646484,-10.687772750854492
518.712280273,79.99783325195312,-10.469573020935059
518.911499023,80.07403564453125,-10.250772476196289
519.110717773,80.07545471191406,-10.248125076293945
519.309936523,80.07545471191406,-10.248125076293945
519.575561523,80.07545471191406,-10.248125076293945
519.774780273,80.07545471191406,-10.248125076293945
519.973999023,80.17906951904297,-10.088510513305664
520.173217773,80.3661880493164,-9.923985481262207
520.372436523,80.59297943115234,-9.838759422302246
520.571655273,80.84796905517578,-9.830101013183594
520.770874023,81.10281372070312,-9.864702224731445
520.970092773,81.35639953613281,-9.90803050994873
521.136108398,81.56268310546875,-9.934399604797363
521.335327148,81.81820678710938,-9.947006225585938
521.534545898,81.96566772460938,-9.950288772583008
521.733764648,82.2229232788086,-9.952630996704102
521.932983398,82.42236328125,-9.95266342163086
522.132202148,82.53585815429688,-9.952681541442871
522.331420898,82.7917709350586,-9.952726364135742
522.530639648,83.00177001953125,-9.952763557434082
522.729858398,83.11516571044922,-9.952780723571777
522.895874023,83.31907653808594,-9.952816009521484
522.995483398,83.43247985839844,-9.952834129333496
523.194702148,83.485107421875,-9.952841758728027
523.393920898,83.73692321777344,-9.95288372039795
523.593139648,83.99010467529297,-9.952926635742188
523.792358398,84.22510528564453,-9.95296859741211
523.991577148,84.48511505126953,-9.95301628112793
524.190795898,84.74239349365234,-9.953062057495117
524.390014648,84.99420928955078,-9.953104019165039
524.605834960,85.2747573852539,-9.953152656555176
524.805053710,85.53340148925781,-9.95319938659668
525.004272460,85.78521728515625,-9.953241348266602
525.203491210,86.03976440429688,-9.953285217285156
525.402709960,86.29977416992188,-9.953332901000977
525.601928710,86.55841827392578,-9.95337963104248
525.801147460,86.80886840820312,-9.953420639038086
526.000366210,87.06478118896484,-9.953465461730957
526.166381835,87.27278900146484,-9.953503608703613
526.365600585,87.52996826171875,-9.957938194274902
526.564819335,87.78367614746094,-10.004048347473145
526.714233398,87.93595886230469,-10.080711364746094
526.913452148,88.10247039794922,-10.270166397094727
527.062866210,88.16753387451172,-10.46381664276123
527.262084960,88.17694854736328,-10.720331192016602
527.411499023,88.16058349609375,-10.901585578918457
527.560913085,88.13867950439453,-11.10567569732666
527.710327148,88.1187973022461,-11.286587715148926
527.876342773,88.1034927368164,-11.49398136138916
528.025756835,88.10848999023438,-11.692248344421387
528.224975585,88.13085174560547,-11.949908256530762
528.374389648,88.1537094116211,-12.130435943603516
528.573608398,88.1928482055664,-12.384699821472168
528.723022460,88.21957397460938,-12.586834907531738
528.872436523,88.2418441772461,-12.759187698364258
529.071655273,88.26773834228516,-12.991373062133789
529.221069335,88.28652954101562,-13.198521614074707
529.370483398,88.30360412597656,-13.375591278076172
529.536499023,88.32278442382812,-13.582700729370117
529.735717773,88.32789611816406,-13.650006294250488
529.885131835,88.32789611816406,-13.650006294250488
530.034545898,88.32789611816406,-13.650006294250488
530.233764648,88.32789611816406,-13.650006294250488
530.383178710,88.32789611816406,-13.650006294250488
530.582397460,88.32789611816406,-13.650006294250488
530.731811523,88.33202362060547,-13.737398147583008
530.881225585,88.32058715820312,-13.944849967956543
531.080444335,88.31597900390625,-13.973479270935059
531.229858398,88.31597900390625,-13.973479270935059
531.395874023,88.31597900390625,-13.973479270935059
531.545288085,88.31597900390625,-13.973479270935059
531.744506835,88.31597900390625,-13.973479270935059
531.893920898,88.31597900390625,-13.973479270935059
532.043334960,88.31597900390625,-13.973479270935059
532.242553710,88.31597900390625,-13.973479270935059
532.391967773,88.31597900390625,-13.973479270935059
532.591186523,88.31597900390625,-13.973479270935059
532.740600585,88.31597900390625,-13.973479270935059
532.956420898,88.31597900390625,-13.973479270935059
533.105834960,88.31597900390625,-13.973479270935059
533.305053710,88.31597900390625,-13.973479270935059
533.454467773,88.31597900390625,-13.973479270935059
533.653686523,88.31597900390625,-13.973479270935059
533.803100585,88.31597900390625,-13.973479270935059
534.002319335,88.31597900390625,-13.973479270935059
534.151733398,88.31597900390625,-13.973479270935059
534.350952148,88.31597900390625,-13.973479270935059
534.500366210,88.31597900390625,-13.973479270935059
534.649780273,88.31597900390625,-13.973479270935059
534.815795898,88.31597900390625,-13.973479270935059
535.015014648,88.31597900390625,-13.973479270935059
535.164428710,88.31597900390625,-13.973479270935059
535.363647460,88.31597900390625,-13.973479270935059
535.463256835,88.31597900390625,-13.973479270935059
535.662475585,88.31597900390625,-13.973479270935059
535.811889648,88.31597900390625,-13.973479270935059
535.961303710,88.31597900390625,-13.973479270935059
536.160522460,88.31597900390625,-13.973479270935059
536.309936523,88.31597900390625,-13.973479270935059
536.475952148,88.31597900390625,-13.973479270935059
536.675170898,88.31597900390625,-13.973479270935059
536.824584960,88.31597900390625,-13.973479270935059
537.023803710,88.31597900390625,-13.973479270935059
537.223022460,88.31597900390625,-13.973479270935059
537.372436523,88.31597900390625,-13.973479270935059
537.571655273,88.31597900390625,-13.973479270935059
537.721069335,88.31597900390625,-13.973479270935059
537.920288085,88.31597900390625,-13.973479270935059
538.086303710,88.31597900390625,-13.973479270935059
538.235717773,88.31597900390625,-13.973479270935059
538.434936523,88.31597900390625,-13.973479270935059
538.584350585,88.31597900390625,-13.973479270935059
538.783569335,88.31597900390625,-13.973479270935059
538.932983398,88.31597900390625,-13.973479270935059
539.132202148,88.31597900390625,-13.973479270935059
539.281616210,88.31597900390625,-13.973479270935059
539.431030273,88.31597900390625,-13.973479270935059
539.630249023,88.31597900390625,-13.973479270935059
539.796264648,88.31597900390625,-13.973479270935059
539.945678710,88.31597900390625,-13.973479270935059
540.144897460,88.31597900390625,-13.973479270935059
540.294311523,88.31597900390625,-13.973479270935059
540.443725585,88.31597900390625,-13.973479270935059
540.642944335,88.31597900390625,-13.973479270935059
540.792358398,88.31597900390625,-13.973479270935059
540.991577148,88.31597900390625,-13.973479270935059
541.140991210,88.31597900390625,-13.973479270935059
541.340209960,88.31597900390625,-13.973479270935059
541.506225585,88.31597900390625,-13.973479270935059
541.655639648,88.31597900390625,-13.973479270935059
541.854858398,88.29853057861328,-14.085617065429688
542.004272460,88.27906036376953,-14.292658805847168
542.203491210,88.26654052734375,-14.548236846923828
542.352905273,88.26258850097656,-14.727452278137207
542.552124023,88.26261901855469,-14.979240417480469
542.701538085,88.26329040527344,-15.187240600585938
542.900756835,88.26412963867188,-15.447240829467773
543.050170898,88.26461029052734,-15.598767280578613
543.249389648,88.26496887207031,-15.710897445678711
543.415405273,88.26561737060547,-15.91479206085205
543.564819335,88.2662353515625,-16.113210678100586
543.714233398,88.26677703857422,-16.286998748779297
543.913452148,88.26756286621094,-16.537416458129883
544.062866210,88.2682113647461,-16.74130630493164
544.262084960,88.26905059814453,-17.001296997070312
544.411499023,88.26962280273438,-17.18055534362793
544.560913085,88.2691879272461,-17.310815811157227
544.710327148,88.2691879272461,-17.310815811157227
544.876342773,88.2691879272461,-17.310815811157227
545.075561523,88.2691879272461,-17.310815811157227
545.224975585,88.269775390625,-17.385072708129883
545.424194335,88.2878646850586,-17.64023208618164
545.573608398,88.3145523071289,-17.814697265625
545.723022460,88.35922241210938,-18.01218605041504
545.922241210,88.43592834472656,-18.260570526123047
546.071655273,88.49323272705078,-18.428977966308594
546.270874023,88.5808334350586,-18.66940689086914
546.420288085,88.652099609375,-18.860448837280273
546.586303710,88.7259521484375,-19.054906845092773
546.785522460,88.81639862060547,-19.29136085510254
546.934936523,88.8796157836914,-19.462026596069336
547.134155273,88.96171569824219,-19.68221664428711
547.283569335,89.03488159179688,-19.87693214416504
547.482788085,89.12129974365234,-20.114883422851562
547.632202148,89.15074920654297,-20.19571304321289
547.831420898,89.23324584960938,-20.42441177368164
547.980834960,89.29618835449219,-20.606613159179688
548.130249023,89.29684448242188,-20.608505249023438
548.346069335,89.29684448242188,-20.608505249023438
548.495483398,89.29684448242188,-20.608505249023438
548.694702148,89.2982177734375,-20.61237335205078
548.844116210,89.31210327148438,-20.63587188720703
549.043334960,89.42520141601562,-20.703140258789062
549.192749023,89.60094451904297,-20.732515335083008
549.391967773,89.8468017578125,-20.658037185668945
549.640991210,90.07523345947266,-20.416526794433594
549.840209960,90.21761322021484,-20.205650329589844
550.006225585,90.35458374023438,-20.049325942993164
550.205444335,90.55205535888672,-19.891538619995117
550.404663085,90.77336120605469,-19.766157150268555
550.603881835,91.00697326660156,-19.66533088684082
550.803100585,91.2503662109375,-19.573902130126953
551.002319335,91.49462127685547,-19.484777450561523
551.201538085,91.72919464111328,-19.38970375061035
551.400756835,91.96409606933594,-19.278270721435547
551.616577148,92.1999740600586,-19.168916702270508
551.815795898,92.43992614746094,-19.06888198852539
552.015014648,92.6780776977539,-18.983049392700195
552.214233398,92.921142578125,-18.903026580810547
552.413452148,93.16605377197266,-18.833993911743164
552.612670898,93.41822052001953,-18.783092498779297
552.811889648,93.65043640136719,-18.74736213684082
553.011108398,93.8924789428711,-18.72185707092285
553.210327148,94.15113830566406,-18.695980072021484
553.426147460,94.42430877685547,-18.64676856994629
553.625366210,94.66014862060547,-18.571319580078125
553.774780273,94.83274841308594,-18.51361083984375
553.973999023,95.07910919189453,-18.430538177490234
554.173217773,95.32369995117188,-18.35551643371582
554.372436523,95.57544708251953,-18.303001403808594
554.571655273,95.83434295654297,-18.28016471862793
554.820678710,96.16495513916016,-18.26137924194336
554.970092773,96.34297180175781,-18.24048614501953
555.185913085,96.61798858642578,-18.192649841308594
555.385131835,96.87488555908203,-18.152549743652344
555.584350585,97.10029602050781,-18.117238998413086
555.833374023,97.10029602050781,-18.117238998413086
556.032592773,97.10029602050781,-18.117238998413086
556.231811523,97.10029602050781,-18.117238998413086
556.431030273,97.10029602050781,-18.117238998413086
556.630249023,97.10029602050781,-18.117238998413086
556.846069335,97.10029602050781,-18.117238998413086
557.045288085,97.10029602050781,-18.117238998413086
557.244506835,97.10029602050781,-18.117238998413086
557.443725585,97.10029602050781,-18.117238998413086
557.642944335,97.10029602050781,-18.117238998413086
557.842163085,97.10029602050781,-18.117238998413086
558.041381835,97.10029602050781,-18.117238998413086
558.240600585,97.10029602050781,-18.117238998413086
558.439819335,97.10029602050781,-18.117238998413086
558.655639648,97.10029602050781,-18.117238998413086
558.854858398,97.10029602050781,-18.117238998413086
559.054077148,97.10029602050781,-18.117238998413086
559.253295898,97.10029602050781,-18.117238998413086
559.452514648,97.10029602050781,-18.117238998413086
559.651733398,97.10029602050781,-18.117238998413086
559.850952148,97.10029602050781,-18.117238998413086
560.050170898,97.10029602050781,-18.117238998413086
560.265991210,97.10029602050781,-18.117238998413086
560.415405273,97.10029602050781,-18.117238998413086
560.614624023,97.10029602050781,-18.117238998413086
560.813842773,97.10029602050781,-18.117238998413086
561.013061523,97.10029602050781,-18.117238998413086
561.212280273,97.10029602050781,-18.117238998413086
561.461303710,97.10029602050781,-18.117238998413086
561.660522460,97.25089263916016,-18.09684944152832
561.876342773,97.50348663330078,-18.08062171936035
562.075561523,97.7634048461914,-18.07448959350586
562.274780273,98.01927947998047,-18.076557159423828
562.473999023,98.27909851074219,-18.085586547851562
562.673217773,98.5386962890625,-18.099939346313477
562.872436523,98.7908935546875,-18.12187385559082
563.071655273,98.93763732910156,-18.13674545288086
563.270874023,99.17184448242188,-18.156063079833984
563.470092773,99.43148040771484,-18.16959571838379
563.685913085,99.59141540527344,-18.173864364624023
563.885131835,99.76903533935547,-18.175064086914062
564.034545898,99.94965362548828,-18.176876068115234
564.233764648,100.20390319824219,-18.187671661376953
564.432983398,100.46170043945312,-18.220796585083008
564.632202148,100.71278381347656,-18.27012062072754
564.831420898,100.95997619628906,-18.324800491333008
565.030639648,101.21025085449219,-18.377962112426758
565.229858398,101.46752166748047,-18.4154109954834
565.445678710,101.75065612792969,-18.455730438232422
565.644897460,101.95458221435547,-18.492782592773438
565.844116210,101.95655059814453,-18.4931640625
566.043334960,101.95655059814453,-18.4931640625
566.242553710,101.95655059814453,-18.4931640625
566.441772460,101.95655059814453,-18.4931640625
566.640991210,101.95655059814453,-18.4931640625
566.840209960,102.01516723632812,-18.506778717041016
567.056030273,102.1280288696289,-18.589815139770508
567.255249023,102.24180603027344,-18.819459915161133
567.404663085,102.237060546875,-19.026277542114258
567.554077148,102.1900863647461,-19.202003479003906
567.753295898,102.11199951171875,-19.449981689453125
567.902709960,102.0663833618164,-19.65279197692871
568.101928710,102.04500579833984,-19.904836654663086
568.251342773,102.05132293701172,-20.08663558959961
568.450561523,102.08708953857422,-20.341341018676758
568.616577148,102.12059020996094,-20.546621322631836
568.765991210,102.15748596191406,-20.751325607299805
568.965209960,102.17195129394531,-20.837142944335938
569.164428710,102.17195129394531,-20.837142944335938
569.313842773,102.17195129394531,-20.837142944335938
569.513061523,102.17399597167969,-20.849475860595703
569.662475585,102.17399597167969,-20.849475860595703
569.861694335,102.17399597167969,-20.849475860595703
570.060913085,102.17399597167969,-20.849475860595703
570.210327148,102.17780303955078,-20.87418556213379
570.376342773,102.20528411865234,-21.073450088500977
570.575561523,102.22465515136719,-21.32989501953125
570.774780273,102.23490905761719,-21.580102920532227
570.924194335,102.24363708496094,-21.786548614501953
571.123413085,102.27023315429688,-22.045085906982422
571.322631835,102.3086166381836,-22.29946517944336
571.472045898,102.33644104003906,-22.472396850585938
571.671264648,102.3730239868164,-22.7187442779541
571.820678710,102.40521240234375,-22.9186954498291
572.036499023,102.44247436523438,-23.162168502807617
572.185913085,102.4747314453125,-23.36764907836914
572.385131835,102.50749969482422,-23.622804641723633
572.534545898,102.5228271484375,-23.798635482788086
572.733764648,102.51596069335938,-24.05418586730957
572.833374023,102.49927520751953,-24.183088302612305
573.032592773,102.44673919677734,-24.43762969970703
573.182006835,102.38751983642578,-24.63697624206543
573.331420898,102.32877349853516,-24.806333541870117
573.530639648,102.24187469482422,-25.04701042175293
573.680053710,102.17200469970703,-25.23855209350586
573.829467773,102.11576843261719,-25.39554786682129
574.045288085,102.1063232421875,-25.421907424926758
574.194702148,102.1063232421875,-25.421907424926758
574.393920898,102.1063232421875,-25.421907424926758
574.593139648,102.1063232421875,-25.421907424926758
574.742553710,102.1063232421875,-25.421907424926758
574.941772460,102.1063232421875,-25.421907424926758
575.091186523,102.1063232421875,-25.421907424926758
575.290405273,102.1063232421875,-25.421907424926758
575.456420898,102.1063232421875,-25.421907424926758
575.655639648,102.1063232421875,-25.421907424926758
575.805053710,102.1063232421875,-25.421907424926758
575.954467773,102.1063232421875,-25.421907424926758
576.153686523,102.1063232421875,-25.421907424926758
576.352905273,102.1063232421875,-25.421907424926758
576.502319335,102.1063232421875,-25.421907424926758
576.701538085,102.1063232421875,-25.421907424926758
576.850952148,102.1063232421875,-25.421907424926758
577.050170898,102.1063232421875,-25.421907424926758
577.216186523,102.0824966430664,-25.49224090576172
577.365600585,102.0585708618164,-25.570669174194336
577.515014648,102.0585708618164,-25.570669174194336
577.714233398,102.0585708618164,-25.570669174194336
577.863647460,102.0585708618164,-25.570669174194336
578.062866210,102.0585708618164,-25.570669174194336
578.212280273,102.0585708618164,-25.570669174194336
578.411499023,102.0585708618164,-25.570669174194336
578.560913085,102.0585708618164,-25.570669174194336
578.760131835,102.0585708618164,-25.570669174194336
578.926147460,102.0356216430664,-25.65509796142578
579.075561523,102.00334167480469,-25.8299503326416
579.274780273,101.98666381835938,-26.06737518310547
579.473999023,101.9903335571289,-26.321836471557617
579.623413085,101.9975357055664,-26.529706954956055
579.822631835,102.002197265625,-26.663625717163086
579.972045898,102.00648498535156,-26.787076950073242
580.171264648,102.0144271850586,-27.03873634338379
580.320678710,102.016357421875,-27.17171859741211
580.470092773,102.016357421875,-27.17171859741211
580.685913085,102.01758575439453,-27.221702575683594
580.835327148,102.02971649169922,-27.396778106689453
581.034545898,102.04732513427734,-27.56599998474121
581.233764648,102.04732513427734,-27.56599998474121
581.383178710,102.04732513427734,-27.56599998474121
581.582397460,102.04732513427734,-27.56599998474121
581.731811523,102.04988098144531,-27.59086799621582
581.931030273,102.07121276855469,-27.845861434936523
582.080444335,102.08251190185547,-28.0494384765625
582.229858398,102.08808898925781,-28.225873947143555
582.445678710,102.08892059326172,-28.503644943237305
582.595092773,102.08609008789062,-28.685625076293945
582.794311523,102.08209228515625,-28.94148826599121
582.993530273,102.07818603515625,-29.18913459777832
583.142944335,102.07499694824219,-29.393003463745117
583.342163085,102.07098388671875,-29.650236129760742
583.491577148,102.06815338134766,-29.832216262817383
583.690795898,102.06559753417969,-30.085357666015625
583.840209960,102.06498718261719,-30.285144805908203
584.056030273,102.06422424316406,-30.536930084228516
584.205444335,102.06147766113281,-30.74079132080078
584.404663085,102.06040954589844,-30.765029907226562
584.554077148,102.06040954589844,-30.765029907226562
584.753295898,102.06040954589844,-30.765029907226562
584.952514648,102.06040954589844,-30.765029907226562
585.101928710,102.0558853149414,-30.85240936279297
585.251342773,102.05438995361328,-30.877365112304688
585.400756835,102.05438995361328,-30.877365112304688
585.616577148,102.05438995361328,-30.877365112304688
585.765991210,102.05438995361328,-30.877365112304688
585.965209960,102.05438995361328,-30.877365112304688
586.114624023,102.05438995361328,-30.877365112304688
586.313842773,102.05438995361328,-30.877365112304688
586.513061523,102.05438995361328,-30.877365112304688
586.662475585,102.05438995361328,-30.877365112304688
586.861694335,102.05438995361328,-30.877365112304688
587.060913085,102.05438995361328,-30.877365112304688
587.210327148,102.05438995361328,-30.877365112304688
587.409545898,102.05438995361328,-30.877365112304688
587.575561523,102.05438995361328,-30.877365112304688
587.774780273,102.04911804199219,-30.96533966064453
587.973999023,102.03380584716797,-31.220775604248047
588.123413085,102.02217102050781,-31.418855667114258
588.322631835,102.01303100585938,-31.671838760375977
588.472045898,102.0096664428711,-31.824695587158203
588.671264648,102.0075912475586,-32.075096130371094
588.820678710,102.00826263427734,-32.283103942871094
589.036499023,102.00906372070312,-32.53061294555664
589.185913085,102.00918579101562,-32.572113037109375
589.385131835,102.00994873046875,-32.81314468383789
589.584350585,102.01078033447266,-33.07178497314453
589.733764648,102.01100158691406,-33.14128494262695
589.932983398,102.01179504394531,-33.3930778503418
590.082397460,102.01246643066406,-33.6010856628418
590.281616210,102.0133056640625,-33.8610954284668
590.480834960,102.01412963867188,-34.11836624145508
590.630249023,102.01467895507812,-34.29352569580078
590.796264648,102.01532745361328,-34.4974250793457
590.945678710,102.01599884033203,-34.7054328918457
591.144897460,102.01678466796875,-34.95585632324219
591.294311523,102.01731872558594,-35.12827682495117
591.493530273,102.01834106445312,-35.378700256347656
591.692749023,102.03337860107422,-35.63547134399414
591.842163085,102.05040740966797,-35.842777252197266
592.041381835,102.05773162841797,-35.93599319458008
592.240600585,102.05773162841797,-35.93599319458008
592.390014648,102.05773162841797,-35.93599319458008
592.605834960,102.1372299194336,-35.99907684326172
592.805053710,102.37265014648438,-36.038116455078125
593.004272460,102.60848999023438,-35.935726165771484
593.203491210,102.79454803466797,-35.75859069824219
593.402709960,102.9642105102539,-35.57252502441406
593.601928710,103.14608001708984,-35.39075469970703
593.801147460,103.35369873046875,-35.23463439941406
594.000366210,103.57412719726562,-35.10486602783203
594.216186523,103.64444732666016,-35.06888961791992
594.415405273,103.87633514404297,-34.96465301513672
594.614624023,104.087158203125,-34.87745666503906
594.813842773,104.087158203125,-34.87745666503906
595.013061523,104.28805541992188,-34.79672622680664
595.262084960,104.51787567138672,-34.707908630371094
595.411499023,104.51787567138672,-34.707908630371094
595.610717773,104.51787567138672,-34.707908630371094
595.809936523,104.51787567138672,-34.707908630371094
596.025756835,104.51787567138672,-34.707908630371094
596.224975585,104.63091278076172,-34.66950225830078
596.424194335,104.8800277709961,-34.6273193359375
596.623413085,105.13843536376953,-34.63096237182617
596.822631835,105.39308166503906,-34.65619659423828
597.021850585,105.62665557861328,-34.68366241455078
597.221069335,105.63871002197266,-34.68503952026367
597.420288085,105.63871002197266,-34.68503952026367
597.636108398,105.63871002197266,-34.68503952026367
597.735717773,105.63871002197266,-34.68503952026367
597.984741210,105.63871002197266,-34.68503952026367
598.134155273,105.63871002197266,-34.68503952026367
598.333374023,105.63871002197266,-34.68503952026367
598.532592773,105.72511291503906,-34.69290542602539
598.731811523,105.9808349609375,-34.69887161254883
598.980834960,106.30998992919922,-34.678977966308594
599.180053710,106.5655288696289,-34.66575241088867
599.346069335,106.77346801757812,-34.66086959838867
599.595092773,107.05227661132812,-34.66042709350586
599.794311523,107.30818939208984,-34.660465240478516
599.993530273,107.55159759521484,-34.66050338745117
600.192749023,107.5805892944336,-34.6605110168457
600.391967773,107.81059265136719,-34.66054916381836
600.591186523,108.00808715820312,-34.66058349609375
600.790405273,108.00908660888672,-34.66058349609375
600.956420898,108.00908660888672,-34.66058349609375
601.155639648,108.0958023071289,-34.66284942626953
601.404663085,108.41100311279297,-34.74161148071289
601.603881835,108.63058471679688,-34.87742233276367
601.753295898,108.77162170410156,-34.98585891723633
601.952514648,108.97842407226562,-35.14344787597656
602.151733398,109.18949127197266,-35.28055953979492
602.350952148,109.41692352294922,-35.40065383911133
602.550170898,109.65135955810547,-35.513057708740234
602.765991210,109.91190338134766,-35.631011962890625
602.965209960,110.15091705322266,-35.73331832885742
603.164428710,110.38945007324219,-35.829681396484375
603.363647460,110.5971450805664,-35.90943908691406
603.612670898,110.59993743896484,-35.91051483154297
603.811889648,110.59993743896484,-35.91051483154297
604.011108398,110.59993743896484,-35.91051483154297
604.210327148,110.59993743896484,-35.91051483154297
