timestamp_sec,x,y
2.025201082,77.0999984741211,-6.199999809265137
2.224399805,77.0999984741211,-6.199999809265137
2.423598527,77.0999984741211,-6.199999809265137
2.572997570,77.0999984741211,-6.199999809265137
2.772196292,77.0999984741211,-6.199999809265137
2.971395015,77.0999984741211,-6.199999809265137
3.170593738,77.0999984741211,-6.199999809265137
3.336592674,77.0999984741211,-6.199999809265137
3.535791397,77.0999984741211,-6.199999809265137
3.685190439,77.0999984741211,-6.199999809265137
3.884389162,77.0999984741211,-6.199999809265137
4.033788681,77.0999984741211,-6.199999809265137
4.232990264,77.0999984741211,-6.199999809265137
4.432191848,77.0999984741211,-6.199999809265137
4.581593036,77.0999984741211,-6.199999809265137
4.780794620,77.0999984741211,-6.199999809265137
4.996596336,77.0999984741211,-6.199999809265137
5.145997524,77.0999984741211,-6.199999809265137
5.295398712,77.0999984741211,-6.199999809265137
5.494600296,77.0999984741211,-6.199999809265137
5.644001483,77.0999984741211,-6.199999809265137
5.843203067,77.0999984741211,-6.199999809265137
6.042404651,77.0999984741211,-6.199999809265137
6.191805839,77.0999984741211,-6.199999809265137
6.391007423,77.0999984741211,-6.199999809265137
6.540408611,77.0999984741211,-6.199999809265137
6.689809799,77.0999984741211,-6.199999809265137
6.905611515,77.0999984741211,-6.199999809265137
7.055012702,77.0999984741211,-6.199999809265137
7.254214286,77.0999984741211,-6.199999809265137
7.403615474,77.0999984741211,-6.199999809265137
7.602817058,77.0999984741211,-6.199999809265137
7.752218246,77.0999984741211,-6.199999809265137
7.901619434,77.0999984741211,-6.199999809265137
8.100817680,77.0999984741211,-6.199999809265137
8.250214576,77.0999984741211,-6.199999809265137
8.416211128,77.0999984741211,-6.199999809265137
8.615406990,77.0999984741211,-6.199999809265137
8.764803886,77.0999984741211,-6.199999809265137
8.963999748,77.0999984741211,-6.199999809265137
9.113396644,77.0999984741211,-6.199999809265137
9.262793540,77.0999984741211,-6.199999809265137
9.412190437,77.0999984741211,-6.199999809265137
9.611386299,77.0999984741211,-6.199999809265137
9.760783195,77.0999984741211,-6.199999809265137
9.910180091,77.0999984741211,-6.199999809265137
10.076176643,77.0999984741211,-6.199999809265137
10.275372505,77.0999984741211,-6.199999809265137
10.424769401,77.0999984741211,-6.199999809265137
10.574166297,77.0999984741211,-6.199999809265137
10.773362159,77.0999984741211,-6.199999809265137
10.922759056,77.0999984741211,-6.199999809265137
11.121954917,77.0999984741211,-6.199999809265137
11.271351814,77.0999984741211,-6.199999809265137
11.420748710,77.0999984741211,-6.199999809265137
11.570145606,77.0999984741211,-6.199999809265137
11.736142158,77.0999984741211,-6.199999809265137
11.885539054,77.0999984741211,-6.199999809265137
12.084734916,77.0999984741211,-6.199999809265137
12.234131813,77.0999984741211,-6.199999809265137
12.383528709,77.0999984741211,-6.199999809265137
12.582724571,77.0999984741211,-6.199999809265137
12.732121467,77.0999984741211,-6.199999809265137
12.881518363,77.0999984741211,-6.199999809265137
13.080714225,77.0999984741211,-6.199999809265137
13.230111122,77.0999984741211,-6.199999809265137
13.396107673,77.0999984741211,-6.199999809265137
13.545504570,77.0999984741211,-6.199999809265137
13.694901466,77.0999984741211,-6.199999809265137
13.844298362,77.0999984741211,-6.199999809265137
14.043494224,77.0999984741211,-6.199999809265137
14.192891120,77.0999984741211,-6.199999809265137
14.342288017,77.0999984741211,-6.199999809265137
14.541483879,77.0999984741211,-6.199999809265137
14.690880775,77.0999984741211,-6.199999809265137
14.840277671,77.0999984741211,-6.199999809265137
15.006274223,77.0999984741211,-6.199999809265137
15.155671119,77.0999984741211,-6.199999809265137
15.354866981,77.0999984741211,-6.199999809265137
15.504263877,77.0999984741211,-6.199999809265137
15.653660774,77.0999984741211,-6.199999809265137
15.852856636,77.0999984741211,-6.199999809265137
16.002254486,77.0999984741211,-6.199999809265137
16.151651382,77.0999984741211,-6.199999809265137
16.301048278,77.0999984741211,-6.199999809265137
16.500244140,77.0999984741211,-6.199999809265137
16.649641036,77.0999984741211,-6.199999809265137
16.815637588,77.0999984741211,-6.199999809265137
16.965034484,77.0999984741211,-6.199999809265137
17.114431381,77.0999984741211,-6.199999809265137
17.313627243,77.0999984741211,-6.199999809265137
17.463024139,77.0999984741211,-6.199999809265137
17.612421035,77.0999984741211,-6.199999809265137
17.761817932,77.0999984741211,-6.199999809265137
17.961013793,77.0999984741211,-6.199999809265137
18.110410690,77.0999984741211,-6.199999809265137
18.276407241,77.0999984741211,-6.199999809265137
18.425804138,77.0999984741211,-6.199999809265137
18.575201034,77.0999984741211,-6.199999809265137
18.774396896,77.0999984741211,-6.199999809265137
18.923793792,77.0999984741211,-6.199999809265137
19.073190689,77.0999984741211,-6.199999809265137
19.272386550,77.0999984741211,-6.199999809265137
19.421783447,77.0999984741211,-6.199999809265137
19.571180343,77.0999984741211,-6.199999809265137
19.720577239,77.0999984741211,-6.199999809265137
19.869974136,77.0999984741211,-6.199999809265137
20.035970687,77.0999984741211,-6.199999809265137
20.235166549,77.0999984741211,-6.199999809265137
20.384563446,77.0999984741211,-6.199999809265137
20.533960342,77.0999984741211,-6.199999809265137
20.733156204,77.0999984741211,-6.199999809265137
20.882553100,77.0999984741211,-6.199999809265137
21.031949996,77.0999984741211,-6.199999809265137
21.231145858,77.0999984741211,-6.199999809265137
21.380542755,77.0999984741211,-6.199999809265137
21.529939651,77.0999984741211,-6.199999809265137
21.695936203,77.0999984741211,-6.199999809265137
21.845333099,77.0999984741211,-6.199999809265137
22.044528961,77.0999984741211,-6.199999809265137
22.193925857,77.0999984741211,-6.199999809265137
22.343322753,77.0999984741211,-6.199999809265137
22.492719650,77.0999984741211,-6.199999809265137
22.691915512,77.0999984741211,-6.199999809265137
22.841312408,77.0999984741211,-6.199999809265137
22.990709304,77.0999984741211,-6.199999809265137
23.189905166,77.0999984741211,-6.199999809265137
23.355901718,77.0999984741211,-6.199999809265137
23.505298614,77.0999984741211,-6.199999809265137
23.654695510,77.0999984741211,-6.199999809265137
23.853891372,77.0999984741211,-6.199999809265137
24.003288269,77.0999984741211,-6.199999809265137
24.202484130,77.0999984741211,-6.199999809265137
24.351881027,77.0999984741211,-6.199999809265137
24.501277923,77.0999984741211,-6.199999809265137
24.650674819,77.0999984741211,-6.199999809265137
24.849870681,77.0999984741211,-6.199999809265137
25.015867233,77.0999984741211,-6.199999809265137
25.165264129,77.0999984741211,-6.199999809265137
25.314661026,77.0999984741211,-6.199999809265137
25.513856887,77.0999984741211,-6.199999809265137
25.663253784,77.0999984741211,-6.199999809265137
25.812650680,77.0999984741211,-6.199999809265137
25.962047576,77.0999984741211,-6.199999809265137
26.111444473,77.0999984741211,-6.199999809265137
26.310640335,77.0999984741211,-6.199999809265137
26.460037231,77.0999984741211,-6.199999809265137
26.626033782,77.0999984741211,-6.199999809265137
26.775430679,77.0999984741211,-6.199999809265137
26.924827575,77.0999984741211,-6.199999809265137
27.124023437,77.0999984741211,-6.199999809265137
27.273420333,77.0999984741211,-6.199999809265137
27.373018264,77.0999984741211,-6.199999809265137
27.522415161,77.0999984741211,-6.199999809265137
27.721611022,77.0999984741211,-6.199999809265137
27.871007919,77.0999984741211,-6.199999809265137
28.020404815,77.0999984741211,-6.199999809265137
28.169801712,77.0999984741211,-6.199999809265137
28.335798263,77.0999984741211,-6.199999809265137
28.534994125,77.0999984741211,-6.199999809265137
28.684391021,77.0999984741211,-6.199999809265137
28.833787918,77.0999984741211,-6.199999809265137
28.983184814,77.0999984741211,-6.199999809265137
29.182380676,77.0999984741211,-6.199999809265137
29.331777572,77.0999984741211,-6.199999809265137
29.481174468,77.0999984741211,-6.199999809265137
29.680370330,77.0999984741211,-6.199999809265137
29.846366882,77.0999984741211,-6.199999809265137
29.995763778,77.0999984741211,-6.199999809265137
30.145160675,77.0999984741211,-6.199999809265137
30.294557571,77.0999984741211,-6.199999809265137
30.493753433,77.0999984741211,-6.199999809265137
30.643150329,77.0999984741211,-6.199999809265137
30.792547225,77.0999984741211,-6.199999809265137
30.991743087,77.0999984741211,-6.199999809265137
31.141139984,77.0999984741211,-6.199999809265137
31.290536880,77.0999984741211,-6.199999809265137
31.456533432,77.0999984741211,-6.199999809265137
31.655729293,77.0999984741211,-6.199999809265137
31.805126190,77.0999984741211,-6.199999809265137
31.954523086,77.0999984741211,-6.199999809265137
32.153736114,77.0999984741211,-6.199999809265137
32.303150177,77.0999984741211,-6.199999809265137
32.452564239,77.0999984741211,-6.199999809265137
32.651782989,77.0999984741211,-6.199999809265137
32.801197052,77.0999984741211,-6.199999809265137
32.950611114,77.0999984741211,-6.199999809265137
33.149829864,77.0999984741211,-6.199999809265137
33.315845489,77.0999984741211,-6.199999809265137
33.465259552,77.0999984741211,-6.199999809265137
33.614673614,77.0999984741211,-6.199999809265137
33.813892364,77.0999984741211,-6.199999809265137
33.963306427,77.0999984741211,-6.199999809265137
34.112720489,77.0999984741211,-6.199999809265137
34.311939239,77.0999984741211,-6.199999809265137
34.461353302,77.0999984741211,-6.199999809265137
34.610767364,77.0999984741211,-6.199999809265137
34.760181427,77.0999984741211,-6.199999809265137
34.926197052,77.0999984741211,-6.199999809265137
35.125415802,77.0999984741211,-6.199999809265137
35.274829864,77.0999984741211,-6.199999809265137
35.424243927,77.0999984741211,-6.199999809265137
35.623462677,77.0999984741211,-6.199999809265137
35.772876739,77.0999984741211,-6.199999809265137
35.922290802,77.0999984741211,-6.199999809265137
36.121509552,77.0999984741211,-6.199999809265137
36.270923614,77.0999984741211,-6.199999809265137
36.420337677,77.0999984741211,-6.199999809265137
36.586353302,77.0999984741211,-6.199999809265137
36.735767364,77.0999984741211,-6.199999809265137
36.934986114,77.0999984741211,-6.199999809265137
37.084400177,77.0999984741211,-6.199999809265137
37.283618927,77.0999984741211,-6.199999809265137
37.433032989,77.0999984741211,-6.199999809265137
37.582447052,77.0999984741211,-6.199999809265137
37.781665802,77.0999984741211,-6.199999809265137
37.931079864,77.0999984741211,-6.199999809265137
38.080493927,77.0999984741211,-6.199999809265137
38.229907989,77.0999984741211,-6.199999809265137
38.395923614,77.0999984741211,-6.199999809265137
38.545337677,77.0999984741211,-6.199999809265137
38.744556427,77.0999984741211,-6.199999809265137
38.893970489,77.0999984741211,-6.199999809265137
39.043384552,77.0999984741211,-6.199999809265137
39.192798614,77.0999984741211,-6.199999809265137
39.392017364,77.0999984741211,-6.199999809265137
39.541431427,77.0999984741211,-6.199999809265137
39.690845489,77.0999984741211,-6.199999809265137
39.890064239,77.0999984741211,-6.199999809265137
40.056079864,77.0999984741211,-6.199999809265137
40.205493927,77.0999984741211,-6.199999809265137
40.354907989,77.0999984741211,-6.199999809265137
40.554126739,77.0999984741211,-6.199999809265137
40.703540802,77.0999984741211,-6.199999809265137
40.852954864,77.0999984741211,-6.199999809265137
41.052173614,77.0999984741211,-6.199999809265137
41.201587677,77.0999984741211,-6.199999809265137
41.351001739,77.0999984741211,-6.199999809265137
41.550220489,77.0999984741211,-6.199999809265137
41.716236114,77.0999984741211,-6.199999809265137
41.865650177,77.0999984741211,-6.199999809265137
42.015064239,77.0999984741211,-6.199999809265137
42.164478302,77.0999984741211,-6.199999809265137
42.313892364,77.0999984741211,-6.199999809265137
42.463306427,77.0999984741211,-6.199999809265137
42.662525177,77.0999984741211,-6.199999809265137
42.811939239,77.0999984741211,-6.199999809265137
42.961353302,77.0999984741211,-6.199999809265137
43.160572052,77.0999984741211,-6.199999809265137
43.309986114,77.0999984741211,-6.199999809265137
43.476001739,77.0999984741211,-6.199999809265137
43.625415802,77.0999984741211,-6.199999809265137
43.824634552,77.0999984741211,-6.199999809265137
43.974048614,77.0999984741211,-6.199999809265137
44.123462677,77.0999984741211,-6.199999809265137
44.322681427,77.0999984741211,-6.199999809265137
44.472095489,77.0999984741211,-6.199999809265137
44.621509552,77.0999984741211,-6.199999809265137
44.770923614,77.0999984741211,-6.199999809265137
44.870532989,77.0999984741211,-6.199999809265137
45.036548614,77.0999984741211,-6.199999809265137
45.235767364,77.0999984741211,-6.199999809265137
45.385181427,77.0999984741211,-6.199999809265137
45.534595489,77.0999984741211,-6.199999809265137
45.733814239,77.0999984741211,-6.199999809265137
45.883228302,77.0999984741211,-6.199999809265137
46.032642364,77.0999984741211,-6.199999809265137
46.182056427,77.0999984741211,-6.199999809265137
46.381275177,77.0999984741211,-6.199999809265137
46.530689239,77.0999984741211,-6.199999809265137
46.680103302,77.0999984741211,-6.199999809265137
46.829517364,77.0999984741211,-6.199999809265137
46.995532989,77.0999984741211,-6.199999809265137
47.194751739,77.0999984741211,-6.199999809265137
47.344165802,77.0999984741211,-6.199999809265137
47.493579864,77.0999984741211,-6.199999809265137
47.692798614,77.0999984741211,-6.199999809265137
47.842212677,77.0999984741211,-6.199999809265137
47.991626739,77.0999984741211,-6.199999809265137
48.190845489,77.0999984741211,-6.199999809265137
48.340259552,77.0999984741211,-6.199999809265137
48.506275177,77.0999984741211,-6.199999809265137
48.655689239,77.0999984741211,-6.199999809265137
48.805103302,77.0999984741211,-6.199999809265137
48.954517364,77.0999984741211,-6.199999809265137
49.153736114,77.0999984741211,-6.199999809265137
49.303150177,77.0999984741211,-6.199999809265137
49.452564239,77.0999984741211,-6.199999809265137
49.651782989,77.0999984741211,-6.199999809265137
49.801197052,77.0999984741211,-6.199999809265137
49.950611114,77.0999984741211,-6.199999809265137
50.149829864,77.0999984741211,-6.199999809265137
50.266040802,77.0999984741211,-6.199999809265137
50.465259552,77.0999984741211,-6.199999809265137
50.614673614,77.0999984741211,-6.199999809265137
50.764087677,77.0999984741211,-6.199999809265137
50.913501739,77.0999984741211,-6.199999809265137
51.112720489,77.07714080810547,-6.209141254425049
51.311939239,76.84127044677734,-6.215054035186768
51.461353302,76.66857147216797,-6.118095397949219
51.660572052,76.52015686035156,-5.908462047576904
51.876392364,76.42985534667969,-5.667681694030762
52.075611114,76.33588409423828,-5.428255558013916
52.274829864,76.2083740234375,-5.202046871185303
52.474048614,76.0886459350586,-5.050338268280029
52.723072052,76.08798217773438,-5.0495924949646
52.872486114,76.08798217773438,-5.0495924949646
53.071704864,76.08798217773438,-5.0495924949646
53.320728302,76.08798217773438,-5.0495924949646
53.470142364,76.08798217773438,-5.0495924949646
53.685962677,76.06111145019531,-5.02445650100708
53.885181427,75.90274047851562,-4.984126567840576
54.084400177,75.66350555419922,-5.059484958648682
54.233814239,75.53755950927734,-5.18946647644043
54.433032989,75.42964172363281,-5.425065994262695
54.582447052,75.3623046875,-5.621843338012695
54.781665802,75.25888061523438,-5.8572235107421875
54.931079864,75.16705322265625,-6.011078357696533
55.080493927,75.0428466796875,-6.172641277313232
55.229907989,74.91941833496094,-6.306319236755371
55.445728302,74.70854949951172,-6.499363422393799
55.595142364,74.57646942138672,-6.610196113586426
55.794361114,74.3791732788086,-6.775280475616455
55.943775177,74.22439575195312,-6.914223670959473
56.142993927,74.04444885253906,-7.09032678604126
56.292407989,73.91499328613281,-7.21431827545166
56.491626739,73.73551940917969,-7.383021354675293
56.641040802,73.58676147460938,-7.520431041717529
56.840259552,73.39524841308594,-7.696283340454102
57.006275177,73.2417984008789,-7.836697578430176
57.155689239,73.10952758789062,-7.961703777313232
57.354907989,72.92378234863281,-8.141620635986328
57.504322052,72.77783966064453,-8.289828300476074
57.703540802,72.59783172607422,-8.473614692687988
57.852954864,72.47403717041016,-8.603264808654785
58.052173614,72.29505157470703,-8.784207344055176
58.201587677,72.15648651123047,-8.91648006439209
58.400806427,71.966064453125,-9.089458465576172
58.550220489,71.84169006347656,-9.202852249145508
58.716236114,71.70510864257812,-9.332962036132812
58.915454864,71.68791198730469,-9.350074768066406
59.114673614,71.68791198730469,-9.350074768066406
59.264087677,71.68791198730469,-9.350074768066406
59.463306427,71.68791198730469,-9.350074768066406
59.612720489,71.68791198730469,-9.350074768066406
59.811939239,71.68791198730469,-9.350074768066406
59.961353302,71.68466186523438,-9.364723205566406
60.160572052,71.70441436767578,-9.42253589630127
60.309986114,71.820556640625,-9.553773880004883
60.476001739,72.00415802001953,-9.63170051574707
60.675220489,72.26087951660156,-9.612615585327148
60.874439239,72.49890899658203,-9.508769035339355
61.073657989,72.7374038696289,-9.405695915222168
61.272876739,72.98951721191406,-9.344111442565918
61.472095489,73.2460708618164,-9.343405723571777
61.621509552,73.43962097167969,-9.38597297668457
61.820728302,73.66558837890625,-9.491880416870117
61.970142364,73.80261993408203,-9.606959342956543
62.136157989,73.91859436035156,-9.768892288208008
62.235767364,73.96978759765625,-9.883798599243164
62.385181427,74.02283477783203,-10.080492973327637
62.584400177,74.05792999267578,-10.33796501159668
62.733814239,74.0706558227539,-10.519510269165039
62.883228302,74.0738754272461,-10.720624923706055
63.082447052,74.06959533691406,-10.972370147705078
63.231861114,74.06454467773438,-11.151561737060547
63.381275177,74.06383514404297,-11.359519004821777
63.580493927,74.0827865600586,-11.616033554077148
63.729907989,74.10433197021484,-11.796735763549805
63.895923614,74.13636016845703,-11.999483108520508
64.045333862,74.16622161865234,-12.205322265625
64.194747924,74.19176483154297,-12.385520935058594
64.344161987,74.21825408935547,-12.582160949707031
64.543380737,74.2502670288086,-12.837422370910645
64.692794799,74.27281951904297,-13.012502670288086
64.842208862,74.2959213256836,-13.219213485717773
64.991622924,74.31616973876953,-13.400084495544434
65.190841674,74.34130859375,-13.650606155395508
65.340255737,74.36273956298828,-13.851990699768066
65.506271362,74.38667297363281,-14.054475784301758
65.655685424,74.4061050415039,-14.235435485839844
65.854904174,74.43828582763672,-14.48653507232666
66.004318237,74.46124267578125,-14.6849946975708
66.153732299,74.47911071777344,-14.861988067626953
66.303146362,74.50345611572266,-15.067177772521973
66.502365112,74.52944946289062,-15.325867652893066
66.651779174,74.54838562011719,-15.506876945495605
66.801193237,74.57174682617188,-15.708049774169922
66.950607299,74.58846282958984,-15.883779525756836
67.149826049,74.6104736328125,-16.140092849731445
67.315841674,74.63138580322266,-16.3470401763916
67.465255737,74.64845275878906,-16.55021095275879
67.614669799,74.66426086425781,-16.726015090942383
67.813888549,74.69319915771484,-16.981645584106445
67.963302612,74.7120590209961,-17.188783645629883
68.112716674,74.72917938232422,-17.36309814453125
68.262130737,74.75114440917969,-17.563051223754883
68.461349487,74.77365112304688,-17.812454223632812
68.610763549,74.79289245605469,-17.990678787231445
68.809982299,74.82148742675781,-18.24909782409668
68.926193237,74.83551025390625,-18.404462814331055
69.125411987,74.8625717163086,-18.65616226196289
69.274826049,74.88150787353516,-18.837169647216797
69.424240112,74.89874267578125,-19.044452667236328
69.623458862,74.92365264892578,-19.29912567138672
69.772872924,74.94009399414062,-19.472131729125977
69.922286987,74.95455932617188,-19.675504684448242
70.121505737,74.9700927734375,-19.932279586791992
70.270919799,74.98665618896484,-20.1135196685791
70.470138549,75.00934600830078,-20.367021560668945
70.636154174,75.02240753173828,-20.563640594482422
70.785568237,75.039794921875,-20.770906448364258
70.984786987,75.06266784667969,-21.029888153076172
71.134201049,75.07400512695312,-21.208789825439453
71.283615112,75.0877685546875,-21.41084098815918
71.482833862,75.09871673583984,-21.534515380859375
71.632247924,75.09871673583984,-21.534515380859375
71.831466674,75.09871673583984,-21.534515380859375
71.980880737,75.09871673583984,-21.534515380859375
72.130294799,75.09989929199219,-21.546958923339844
72.296310424,75.10900115966797,-21.726703643798828
72.495529174,75.1126937866211,-21.98392677307129
72.644943237,75.10991668701172,-22.180953979492188
72.794357299,75.10350036621094,-22.357362747192383
72.993576049,75.10730743408203,-22.613134384155273
73.142990112,75.12078857421875,-22.82069206237793
73.292404174,75.13002014160156,-23.00245475769043
73.441818237,75.14491271972656,-23.205772399902344
73.641036987,75.17106628417969,-23.45757484436035
73.790451049,75.1872329711914,-23.638853073120117
73.989669799,75.20974731445312,-23.897857666015625
74.105880737,75.2272720336914,-24.052871704101562
74.305099487,75.25350952148438,-24.30741310119629
74.454513549,75.26788330078125,-24.488842010498047
74.603927612,75.28614044189453,-24.69191551208496
74.753341674,75.30108642578125,-24.866432189941406
74.952560424,75.31575775146484,-25.115039825439453
75.101974487,75.32646942138672,-25.318649291992188
75.251388549,75.34141540527344,-25.500032424926758
75.450607299,75.36329650878906,-25.759109497070312
75.600021362,75.37584686279297,-25.955759048461914
75.766036987,75.39201354980469,-26.154888153076172
75.965255737,75.41653442382812,-26.412357330322266
76.114669799,75.42984008789062,-26.5938663482666
76.264083862,75.4400405883789,-26.796131134033203
76.413497924,75.45050811767578,-26.970966339111328
76.562911987,75.46854400634766,-27.174060821533203
76.762130737,75.4861068725586,-27.430709838867188
76.911544799,75.49359130859375,-27.609813690185547
77.060958862,75.50509643554688,-27.817461013793945
77.210372924,75.52313232421875,-27.993064880371094
77.376388549,75.54318237304688,-28.19459342956543
77.575607299,75.56143951416016,-28.448455810546875
77.725021362,75.57488250732422,-28.65327262878418
77.874435424,75.58946228027344,-28.82920265197754
78.073654174,75.60619354248047,-29.08316993713379
78.223068237,75.61394500732422,-29.2910213470459
78.372482299,75.6189956665039,-29.472944259643555
78.571701049,75.64153289794922,-29.729183197021484
78.721115112,75.66023254394531,-29.926715850830078
78.920333862,75.67687225341797,-30.177946090698242
79.036544799,75.68238067626953,-30.30782699584961
79.235763549,75.69020080566406,-30.56770133972168
79.385177612,75.70508575439453,-30.769678115844727
79.584396362,75.72437286376953,-31.024837493896484
79.733810424,75.73380279541016,-31.206586837768555
79.933029174,75.74288940429688,-31.466419219970703
80.082443237,75.7603759765625,-31.66817283630371
80.231857299,75.77755737304688,-31.842485427856445
80.381271362,75.79385375976562,-32.04846954345703
80.530685424,75.80392456054688,-32.230186462402344
80.729904174,75.81226348876953,-32.48731231689453
80.895919799,75.82213592529297,-32.695072174072266
81.045333862,75.83623504638672,-32.899837493896484
81.244552612,75.85111236572266,-33.1552734375
81.393966674,75.85038757324219,-33.33313751220703
81.543380737,75.84544372558594,-33.451168060302734
81.742599487,75.84544372558594,-33.451168060302734
81.892013549,75.84544372558594,-33.451168060302734
82.091232299,75.84544372558594,-33.451168060302734
82.190841674,75.84544372558594,-33.451168060302734
82.340255737,75.84544372558594,-33.451168060302734
82.556076049,75.86459350585938,-33.46864700317383
82.705490112,76.00347137451172,-33.51724624633789
82.904708862,76.25343322753906,-33.47977066040039
83.103927612,76.46416473388672,-33.34101486206055
83.303146362,76.64649200439453,-33.173431396484375
83.452560424,76.77458953857422,-33.055992126464844
83.651779174,76.97135925292969,-32.896846771240234
83.850997924,77.1838150024414,-32.75690841674805
84.050216674,77.4131851196289,-32.64076614379883
84.216232299,77.60672760009766,-32.564701080322266
84.415451049,77.85255432128906,-32.488948822021484
84.614669799,78.09449005126953,-32.42433547973633
84.813888549,78.33869171142578,-32.368961334228516
84.963302612,78.53474426269531,-32.330501556396484
85.162521362,78.7876205444336,-32.291385650634766
85.311935424,78.96815490722656,-32.268367767333984
85.511154174,79.2268295288086,-32.242408752441406
85.710372924,79.47823333740234,-32.22932052612305
85.876388549,79.68621063232422,-32.22623825073242
86.075607299,79.94208526611328,-32.22952651977539
86.225021362,80.13911437988281,-32.22986602783203
86.424240112,80.39076232910156,-32.22182846069336
86.623458862,80.64781188964844,-32.21194076538086
86.822677612,80.90767669677734,-32.2042350769043
86.972091674,81.08556365966797,-32.20235824584961
87.171310424,81.33733367919922,-32.1998176574707
87.320724487,81.54259490966797,-32.1977424621582
87.519943237,81.77660369873047,-32.197837829589844
87.685958862,82.01061248779297,-32.198421478271484
87.885177612,82.26788330078125,-32.19906234741211
88.084396362,82.52774047851562,-32.19282913208008
88.233810424,82.70237731933594,-32.179466247558594
88.433029174,82.95709228515625,-32.14406967163086
88.632247924,83.05271911621094,-32.12199783325195
88.831466674,83.05271911621094,-32.12199783325195
89.030685424,83.05271911621094,-32.12199783325195
89.180099487,83.05271911621094,-32.12199783325195
89.346115112,83.05271911621094,-32.12199783325195
89.545333862,83.28325653076172,-32.085182189941406
89.744552612,83.52217864990234,-32.15727996826172
89.893966674,83.64762878417969,-32.28545379638672
90.093185424,83.7336196899414,-32.527645111083984
90.242599487,83.77066040039062,-32.732303619384766
90.441818237,83.84393310546875,-32.97721862792969
90.591232299,83.92273712158203,-33.14109420776367
90.790451049,84.06233978271484,-33.347023010253906
90.956466674,84.19253540039062,-33.49669647216797
91.105880737,84.33390808105469,-33.63978958129883
91.305099487,84.5116195678711,-33.81816482543945
91.504318237,84.68729400634766,-34.00233840942383
91.653732299,84.80882263183594,-34.13225173950195
91.803146362,84.94053649902344,-34.278804779052734
92.002365112,85.10704040527344,-34.4694938659668
92.201583862,85.26985931396484,-34.66154861450195
92.350997924,85.38636779785156,-34.80136489868164
92.550216674,85.54378509521484,-34.99435043334961
92.716232299,85.67357635498047,-35.15687942504883
92.865646362,85.80752563476562,-35.31594467163086
93.064865112,85.98086547851562,-35.50974655151367
93.214279174,86.10183715820312,-35.64573669433594
93.413497924,86.27300262451172,-35.84144592285156
93.562911987,86.40625762939453,-36.00115966796875
93.712326049,86.52029418945312,-36.14124298095703
93.911544799,86.6823959350586,-36.34451675415039
94.060958862,86.81053924560547,-36.501365661621094
94.260177612,86.9737319946289,-36.70376968383789
94.426193237,87.10131072998047,-36.862815856933594
94.575607299,87.21369934082031,-37.00595474243164
94.774826049,87.38449096679688,-37.20197677612305
94.924240112,87.51905059814453,-37.35879135131836
95.123458862,87.67169952392578,-37.54508972167969
95.272872924,87.78516387939453,-37.68563461303711
95.472091674,87.94496154785156,-37.88723373413086
95.621505737,88.07440185546875,-38.050048828125
95.820724487,88.23558807373047,-38.2452507019043
95.970138549,88.35256958007812,-38.38467788696289
96.185958862,88.53477478027344,-38.60514831542969
96.335372924,88.65118408203125,-38.74504470825195
96.534591674,88.81111145019531,-38.9465446472168
96.684005737,88.93704986572266,-39.112091064453125
96.883224487,89.0865478515625,-39.31806945800781
97.082443237,89.23821258544922,-39.522464752197266
97.231857299,89.34943389892578,-39.66651916503906
97.431076049,89.38343811035156,-39.70975112915039
97.630294799,89.38343811035156,-39.70975112915039
97.796310424,89.38343811035156,-39.70975112915039
97.945724487,89.38343811035156,-39.70975112915039
98.095138549,89.38343811035156,-39.70975112915039
98.294357299,89.5003890991211,-39.892948150634766
98.443771362,89.54022979736328,-40.095489501953125
98.642990112,89.49626159667969,-40.336875915527344
98.792404174,89.43521118164062,-40.506839752197266
98.991622924,89.3449478149414,-40.750606536865234
99.141036987,89.2905502319336,-40.951316833496094
99.340255737,89.24525451660156,-41.20029830932617
99.506271362,89.22614288330078,-41.40187072753906
99.655685424,89.2227554321289,-41.4827995300293
99.854904174,89.2227554321289,-41.4827995300293
100.004318237,89.2227554321289,-41.4827995300293
100.203536987,89.2227554321289,-41.4827995300293
100.352951049,89.2227554321289,-41.4827995300293
100.552169799,89.23741912841797,-41.490150451660156
100.751388549,89.44052124023438,-41.45237731933594
100.950607299,89.63226318359375,-41.28152847290039
101.100021362,89.70841979980469,-41.093448638916016
101.315841674,89.73772430419922,-40.835567474365234
101.515060424,89.73853302001953,-40.58653259277344
101.664474487,89.76019287109375,-40.37980270385742
101.863693237,89.81884002685547,-40.132301330566406
102.062911987,89.91085815429688,-39.89522171020508
102.162521362,89.96980285644531,-39.77936553955078
102.361740112,90.09645080566406,-39.55232620239258
102.511154174,90.18883514404297,-39.39710998535156
102.710372924,90.31587982177734,-39.181312561035156
102.909591674,90.44013214111328,-38.95917510986328
103.125411987,90.57551574707031,-38.70880889892578
103.274826049,90.66087341308594,-38.54806900024414
103.474044799,90.78207397460938,-38.31959533691406
103.673263549,90.90392303466797,-38.09146499633789
103.872482299,91.02396392822266,-37.86702346801758
104.071701049,91.14600372314453,-37.6436653137207
104.270919799,91.27071380615234,-37.41553497314453
104.470138549,91.38811492919922,-37.18663787841797
104.636154174,91.48078155517578,-37.00349044799805
104.835372924,91.60138702392578,-36.774715423583984
105.034591674,91.7222900390625,-36.5491828918457
105.233810424,91.84449768066406,-36.322792053222656
105.383224487,91.94585418701172,-36.14115905761719
105.582443237,92.07337188720703,-35.91773223876953
105.781661987,92.19810485839844,-35.6927375793457
105.980880737,92.31678771972656,-35.47066879272461
106.180099487,92.4405517578125,-35.24201583862305
106.346115112,92.53887939453125,-35.06183624267578
106.545333862,92.6677474975586,-34.836029052734375
106.744552612,92.7940673828125,-34.611915588378906
106.943771362,92.91496276855469,-34.38483810424805
107.142990112,93.03439331054688,-34.15389633178711
107.342208862,93.1514892578125,-33.9217643737793
107.491622924,93.23574829101562,-33.76045227050781
107.690841674,93.36219024658203,-33.53327941894531
107.890060424,93.49006652832031,-33.306907653808594
108.056076049,93.59081268310547,-33.126502990722656
108.255294799,93.71839141845703,-32.903106689453125
108.454513549,93.83843231201172,-32.67716979980469
108.653732299,93.92434692382812,-32.51335525512695
108.852951049,93.92434692382812,-32.51335525512695
109.002365112,93.92434692382812,-32.51335525512695
109.201583862,93.92434692382812,-32.51335525512695
109.400802612,93.92434692382812,-32.51335525512695
109.600021362,93.92434692382812,-32.51335525512695
109.815841674,93.92198944091797,-32.50999450683594
109.965255737,93.8509521484375,-32.45992660522461
110.164474487,93.61637878417969,-32.4245491027832
110.363693237,93.38851928710938,-32.53105163574219
110.513107299,93.26496887207031,-32.65473556518555
110.712326049,93.10994720458984,-32.854854583740234
110.861740112,92.97689056396484,-33.01462936401367
111.060958862,92.7895278930664,-33.18650817871094
111.210372924,92.6414794921875,-33.289852142333984
111.426193237,92.39228820800781,-33.42996597290039
111.575607299,92.22914123535156,-33.51061248779297
111.725021362,92.04228973388672,-33.59883499145508
111.874435424,91.8833236694336,-33.67556381225586
112.073654174,91.65514373779297,-33.79441452026367
112.223068237,91.47872161865234,-33.88816452026367
112.422286987,91.2490234375,-34.00994110107422
112.571701049,91.08824920654297,-34.092247009277344
112.770919799,90.8746566772461,-34.209293365478516
112.920333862,90.69562530517578,-34.306854248046875
113.086349487,90.5118179321289,-34.404232025146484
113.285568237,90.28815460205078,-34.525634765625
113.434982299,90.1360092163086,-34.6151123046875
113.634201049,89.9130630493164,-34.743473052978516
113.783615112,89.7303237915039,-34.84280014038086
113.982833862,89.50666809082031,-34.95841979980469
114.132247924,89.3464584350586,-35.03573226928711
114.331466674,89.1120834350586,-35.13479232788086
114.480880737,88.91720581054688,-35.19916915893555
114.680099487,88.6751937866211,-35.26865005493164
114.846115112,88.47457885742188,-35.32356262207031
115.045333862,88.22352600097656,-35.391109466552734
115.194747924,88.05257415771484,-35.440311431884766
115.393966674,87.80351257324219,-35.51496505737305
115.543380737,87.60751342773438,-35.57590866088867
115.742599487,87.36094665527344,-35.65837097167969
115.892013549,87.19337463378906,-35.71809387207031
116.041427612,87.00027465820312,-35.78357696533203
116.240646362,86.76023864746094,-35.8640251159668
116.390060424,86.59235382080078,-35.922847747802734
116.556076049,86.39803314208984,-35.99308395385742
116.755294799,86.1579818725586,-36.07766342163086
116.904708862,85.9632568359375,-36.14259338378906
117.103927612,85.71636962890625,-36.22412109375
117.253341674,85.54314422607422,-36.279937744140625
117.452560424,85.29412841796875,-36.35475158691406
117.601974487,85.09844207763672,-36.416690826416016
117.801193237,84.85210418701172,-36.499778747558594
117.950607299,84.68765258789062,-36.563907623291016
118.149826049,84.44990539550781,-36.66215133666992
118.315841674,84.25703430175781,-36.73997116088867
118.465255737,84.06597900390625,-36.81496810913086
118.664474487,83.83187866210938,-36.89993667602539
118.813888549,83.66262817382812,-36.9589729309082
119.013107299,83.42070007324219,-37.0423469543457
119.162521362,83.22930908203125,-37.10855484008789
119.361740112,82.98710632324219,-37.18674850463867
119.511154174,82.81578826904297,-37.239566802978516
119.710372924,82.5702133178711,-37.316219329833984
119.876388549,82.37457275390625,-37.378318786621094
120.025802612,82.17681884765625,-37.442806243896484
120.225021362,81.93013000488281,-37.52496337890625
120.374435424,81.75678253173828,-37.580387115478516
120.523849487,81.55748748779297,-37.639949798583984
120.723068237,81.30824279785156,-37.71397018432617
120.872482299,81.13501739501953,-37.76517105102539
121.021896362,80.94049072265625,-37.82154846191406
121.221115112,80.69359588623047,-37.88877868652344
121.370529174,80.52018737792969,-37.93422317504883
121.536544799,80.32879638671875,-37.9958610534668
121.735763549,80.1019287109375,-38.112823486328125
121.934982299,79.92572784423828,-38.29255676269531
122.034591674,79.86581420898438,-38.40768051147461
122.184005737,79.81168365478516,-38.60808563232422
122.333419799,79.79557800292969,-38.78923797607422
122.482833862,79.80368041992188,-38.994232177734375
122.682052612,79.82860565185547,-39.253028869628906
122.831466674,79.84169006347656,-39.43455505371094
122.980880737,79.85065460205078,-39.63960266113281
123.180099487,79.83647918701172,-39.897621154785156
123.346115112,79.80797576904297,-40.09950637817383
123.495529174,79.77814483642578,-40.2790412902832
123.644943237,79.74107360839844,-40.48093032836914
123.844161987,79.69361877441406,-40.72679901123047
123.993576049,79.66050720214844,-40.901573181152344
124.192794799,79.62836456298828,-41.15678405761719
124.342208862,79.60596466064453,-41.36357116699219
124.491622924,79.58661651611328,-41.54453659057617
124.690841674,79.5577163696289,-41.794654846191406
124.840255737,79.5376205444336,-41.992061614990234
124.989669799,79.51935577392578,-42.16901779174805
125.155685424,79.49668884277344,-42.373016357421875
125.305099487,79.47300720214844,-42.57965087890625
125.504318237,79.44168853759766,-42.828094482421875
125.653732299,79.4163589477539,-43.002803802490234
125.852951049,79.38172912597656,-43.25773239135742
126.002365112,79.35469055175781,-43.463966369628906
126.151779174,79.33523559570312,-43.6435432434082
126.350997924,79.30950164794922,-43.89400863647461
126.500411987,79.29205322265625,-44.09578323364258
126.716232299,79.26960754394531,-44.35480499267578
126.865646362,79.24703979492188,-44.55881881713867
127.015060424,79.22769165039062,-44.73014831542969
127.164474487,79.2044677734375,-44.92858123779297
127.363693237,79.20293426513672,-44.940616607666016
127.513107299,79.20293426513672,-44.940616607666016
127.712326049,79.20293426513672,-44.940616607666016
127.911544799,79.20293426513672,-44.940616607666016
128.060958862,79.19981384277344,-44.96541976928711
128.260177612,79.17286682128906,-45.21824645996094
128.426193237,79.15718841552734,-45.41878890991211
128.575607299,79.14733123779297,-45.600521087646484
128.774826049,79.14019775390625,-45.860408782958984
128.924240112,79.14039611816406,-46.06703567504883
129.123458862,79.14352416992188,-46.32700729370117
129.272872924,79.14571380615234,-46.50898742675781
129.472091674,79.14881134033203,-46.76622772216797
129.621505737,79.15045166015625,-46.968746185302734
129.820724487,79.14580535888672,-47.225955963134766
129.970138549,79.13765716552734,-47.407772064208984
130.185958862,79.1170654296875,-47.69027328491211
130.335372924,79.10201263427734,-47.866153717041016
130.534591674,79.0793228149414,-48.12515640258789
130.684005737,79.05967712402344,-48.33085632324219
130.883224487,79.0401611328125,-48.580509185791016
131.032638549,79.03123474121094,-48.75543975830078
131.231857299,79.02072143554688,-49.00563430786133
131.431076049,79.00236511230469,-49.26498031616211
131.580490112,78.98641967773438,-49.47099304199219
131.729904174,78.97637939453125,-49.64586639404297
131.945724487,78.96819305419922,-49.92215347290039
132.095138549,78.96234130859375,-50.10405349731445
132.294357299,78.9477767944336,-50.35953140258789
132.493576049,78.9332046508789,-50.613643646240234
132.642990112,78.92193603515625,-50.818599700927734
132.842208862,78.91144561767578,-51.07838439941406
132.991622924,78.90190887451172,-51.26013946533203
133.190841674,78.8839340209961,-51.51128005981445
133.340255737,78.87315368652344,-51.65226364135742
133.506271362,78.87315368652344,-51.65226364135742
133.705490112,78.87315368652344,-51.65226364135742
133.854904174,78.87315368652344,-51.65226364135742
134.054122924,78.87315368652344,-51.65226364135742
134.253341674,78.95065307617188,-51.639713287353516
134.402755737,79.06929779052734,-51.5472412109375
134.601974487,79.15595245361328,-51.32881164550781
134.801193237,79.11431884765625,-51.074642181396484
135.000411987,79.00398254394531,-50.83931350708008
135.149826049,78.93769836425781,-50.674400329589844
135.365646362,78.89685821533203,-50.39802169799805
135.515060424,78.9100112915039,-50.22206115722656
135.714279174,78.95130920410156,-49.97239685058594
135.913497924,79.01454162597656,-49.7202262878418
136.112716674,79.07122802734375,-49.46931076049805
136.262130737,79.10558319091797,-49.269771575927734
136.461349487,79.1273193359375,-49.014896392822266
136.660568237,79.14147186279297,-48.75529861450195
136.876388549,79.16241455078125,-48.50164794921875
137.025802612,79.17899322509766,-48.30392837524414
137.225021362,79.20271301269531,-48.04500961303711
137.424240112,79.22856903076172,-47.78628921508789
137.623458862,79.25460815429688,-47.53310012817383
137.772872924,79.27498626708984,-47.35775375366211
137.972091674,79.300048828125,-47.10309600830078
138.121505737,79.3170394897461,-46.89579391479492
138.320724487,79.34153747558594,-46.6424446105957
138.470138549,79.35779571533203,-46.466670989990234
138.685958862,79.37828063964844,-46.18964385986328
138.885177612,79.4033203125,-45.93084716796875
139.034591674,79.42008972167969,-45.75237274169922
139.233810424,79.43907165527344,-45.50404739379883
139.433029174,79.46314239501953,-45.25615692138672
139.632247924,79.4858627319336,-44.99990463256836
139.781661987,79.49982452392578,-44.79237365722656
139.980880737,79.51980590820312,-44.540008544921875
140.180099487,79.53938293457031,-44.28898239135742
140.346115112,79.55048370361328,-44.08403015136719
140.545333862,79.56062316894531,-43.82423782348633
140.744552612,79.57738494873047,-43.57301712036133
140.893966674,79.59223937988281,-43.39574432373047
141.093185424,79.60893249511719,-43.13629150390625
141.292404174,79.62791442871094,-42.87699508666992
141.491622924,79.64947509765625,-42.62613296508789
141.641036987,79.66162109375,-42.42534637451172
141.840255737,79.67249298095703,-42.16558837890625
141.956466674,79.68014526367188,-42.03581619262695
142.105880737,79.69490814208984,-41.835201263427734
142.305099487,79.71390533447266,-41.58000946044922
142.504318237,79.72904968261719,-41.320457458496094
142.653732299,79.74205017089844,-41.1389274597168
142.852951049,79.76581573486328,-40.8855094909668
143.052169799,79.78726196289062,-40.6346435546875
143.201583862,79.80081176757812,-40.427085876464844
143.400802612,79.8226547241211,-40.16800308227539
143.600021362,79.84089660644531,-39.91825866699219
143.749435424,79.84902954101562,-39.74192810058594
143.965255737,79.85411071777344,-39.46556091308594
144.164474487,79.86080169677734,-39.205657958984375
144.313888549,79.87006378173828,-39.029380798339844
144.513107299,79.89002990722656,-38.77840042114258
144.712326049,79.92356872558594,-38.523460388183594
144.861740112,79.97991943359375,-38.32351303100586
145.060958862,80.11080932617188,-38.10696029663086
145.260177612,80.31480407714844,-37.95952606201172
145.426193237,80.5074234008789,-37.8898811340332
145.575607299,80.68074035644531,-37.8662223815918
145.774826049,80.93199920654297,-37.87718200683594
145.974044799,81.18345642089844,-37.91645050048828
146.123458862,81.38085174560547,-37.94723129272461
146.322677612,81.63591003417969,-37.966732025146484
146.472091674,81.81240844726562,-37.96954345703125
146.671310424,82.06692504882812,-37.971885681152344
146.820724487,82.27493286132812,-37.97380828857422
146.970138549,82.45693969726562,-37.97549057006836
147.185958862,82.71966552734375,-37.9776725769043
147.335372924,82.89617156982422,-37.976036071777344
147.534591674,83.14654541015625,-37.97200012207031
147.733810424,83.40101623535156,-37.9678955078125
147.883224487,83.60075378417969,-37.96467590332031
148.082443237,83.86068725585938,-37.960479736328125
148.281661987,84.10971069335938,-37.95978927612305
148.431076049,84.28622436523438,-37.960853576660156
148.630294799,84.54348754882812,-37.96240234375
148.846115112,84.81716918945312,-37.964054107666016
148.995529174,84.99093627929688,-37.96510314941406
149.194747924,85.2413330078125,-37.96661376953125
149.344161987,85.44384765625,-37.96783447265625
149.543380737,85.69564056396484,-37.96935272216797
149.692794799,85.87764739990234,-37.9704475402832
149.892013549,86.13353729248047,-37.971988677978516
150.091232299,86.38530731201172,-37.973506927490234
150.240646362,86.59331512451172,-37.97475814819336
150.456466674,86.85057067871094,-37.977500915527344
150.605880737,87.05158996582031,-37.984737396240234
150.805099487,87.31103515625,-38.00146484375
150.954513549,87.4907455444336,-38.019500732421875
151.153732299,87.73995971679688,-38.08068084716797
151.303146362,87.91875457763672,-38.177459716796875
151.502365112,88.08781433105469,-38.36723709106445
151.651779174,88.14881896972656,-38.526397705078125
151.801193237,88.16853332519531,-38.73284912109375
152.000411987,88.13752746582031,-38.967247009277344
152.149826049,88.09842681884766,-39.144996643066406
152.315841674,88.06072998046875,-39.329830169677734
152.465255737,88.05867004394531,-39.3417854309082
152.664474487,88.05867004394531,-39.3417854309082
152.813888549,88.05867004394531,-39.3417854309082
152.963302612,88.05867004394531,-39.3417854309082
153.162521362,88.05867004394531,-39.3417854309082
153.311935424,88.03763580322266,-39.49330520629883
153.511154174,88.02165985107422,-39.74998092651367
153.660568237,88.02474975585938,-39.9552001953125
153.809982299,88.02987670898438,-40.13712692260742
154.025802612,88.03768157958984,-40.42301940917969
154.175216674,88.0392837524414,-40.59817123413086
154.324630737,88.03922271728516,-40.80070114135742
154.523849487,88.03914642333984,-41.06071090698242
154.673263549,88.03909301757812,-41.24271774291992
154.822677612,88.03903198242188,-41.443878173828125
155.021896362,88.03895568847656,-41.69567108154297
155.171310424,88.03890228271484,-41.87767791748047
155.370529174,88.03882598876953,-42.13768768310547
155.536544799,88.03876495361328,-42.34295654296875
155.685958862,88.03870391845703,-42.54548645019531
155.835372924,88.03865051269531,-42.72749328613281
156.034591674,88.03857421875,-42.984764099121094
156.184005737,88.03851318359375,-43.1859245300293
156.383224487,88.03843688964844,-43.44182586669922
156.532638549,88.03838348388672,-43.62383270263672
156.682052612,88.03832244873047,-43.83047103881836
156.881271362,88.03824615478516,-44.080894470214844
157.030685424,88.03819274902344,-44.25605392456055
157.229904174,88.03811645507812,-44.50647735595703
157.395919799,88.03805541992188,-44.71448516845703
157.545333862,88.03799438476562,-44.92112350463867
157.744552612,88.03791809082031,-45.172916412353516
157.893966674,88.0378646850586,-45.354923248291016
158.093185424,88.03778839111328,-45.614933013916016
158.242599487,88.03772735595703,-45.81746292114258
158.392013549,88.03767395019531,-45.98988342285156
158.591232299,88.03759765625,-46.24030685424805
158.740646362,88.03753662109375,-46.44420623779297
158.890060424,88.03748321533203,-46.62621307373047
159.105880737,88.03739929199219,-46.90811538696289
159.255294799,88.03734588623047,-47.08601379394531
159.454513549,88.03726959228516,-47.34602355957031
159.603927612,88.0372085571289,-47.55403137207031
159.803146362,88.0371322631836,-47.8044548034668
159.952560424,88.03707885742188,-47.98098373413086
160.101974487,88.03701782226562,-48.18488311767578
160.301193237,88.03694152832031,-48.44489288330078
160.450607299,88.0368881225586,-48.6227912902832
160.600021362,88.03682708740234,-48.823951721191406
160.815841674,88.03675079345703,-49.07985305786133
160.965255737,88.03668975830078,-49.28786087036133
161.164474487,88.03661346435547,-49.54102325439453
161.313888549,88.03656005859375,-49.716182708740234
161.513107299,88.03648376464844,-49.96523666381836
161.662521362,88.03642272949219,-50.17324447631836
161.861740112,88.03634643554688,-50.43325424194336
161.961349487,88.03630828857422,-50.55641174316406
162.110763549,88.0362548828125,-50.72883224487305
162.309982299,88.03617858886719,-50.98336410522461
162.475997924,88.03611755371094,-51.18863296508789
162.675216674,88.03604125976562,-51.44727325439453
162.824630737,88.03598022460938,-51.649803161621094
163.023849487,88.03590393066406,-51.905704498291016
163.173263549,88.03585052490234,-52.087711334228516
163.372482299,88.03577423095703,-52.3449821472168
163.521896362,88.03571319580078,-52.546142578125
163.721115112,88.03563690185547,-52.80341339111328
163.870529174,88.03558349609375,-52.98542022705078
164.019943237,88.03553009033203,-53.16742706298828
164.235763549,88.03544616699219,-53.447959899902344
164.385177612,88.03538513183594,-53.655967712402344
164.534591674,88.03533172607422,-53.837974548339844
164.733810424,88.0352554321289,-54.092506408691406
164.883224487,88.03519439697266,-54.29366683959961
165.082443237,88.03511810302734,-54.55367660522461
165.231857299,88.03506469726562,-54.73568344116211
165.431076049,88.03498840332031,-54.99158477783203
165.580490112,88.03492736816406,-55.192745208740234
165.729904174,88.03487396240234,-55.372013092041016
165.945724487,88.0347900390625,-55.6552848815918
166.095138549,88.03473663330078,-55.83181381225586
166.294357299,88.03466033935547,-56.082237243652344
166.443771362,88.03459930419922,-56.286136627197266
166.642990112,88.0345230102539,-56.546146392822266
166.792404174,88.03446960449219,-56.72541427612305
166.991622924,88.03439331054688,-56.97857666015625
167.141036987,88.03672790527344,-57.1796989440918
167.340255737,88.05867004394531,-57.42768859863281
167.556076049,88.08822631835938,-57.68598937988281
167.705490112,88.10551452636719,-57.8850212097168
167.904708862,88.12014770507812,-58.136375427246094
168.054122924,88.12771606445312,-58.305702209472656
168.253341674,88.12925720214844,-58.33466339111328
168.452560424,88.12925720214844,-58.33466339111328
168.601974487,88.12925720214844,-58.33466339111328
168.801193237,88.13794708251953,-58.56549072265625
168.950607299,88.14019775390625,-58.747474670410156
169.149826049,88.13480377197266,-59.00738525390625
169.315841674,88.11515808105469,-59.21028518676758
169.515060424,88.08062744140625,-59.435787200927734
169.664474487,88.08062744140625,-59.435787200927734
169.863693237,88.08062744140625,-59.435787200927734
170.013107299,88.08062744140625,-59.435787200927734
170.212326049,88.08062744140625,-59.435787200927734
170.361740112,88.08062744140625,-59.435787200927734
170.560958862,88.08062744140625,-59.435787200927734
170.710372924,88.08062744140625,-59.435787200927734
170.926193237,88.08062744140625,-59.435787200927734
171.075607299,88.08062744140625,-59.435787200927734
171.274826049,88.08062744140625,-59.435787200927734
171.424240112,88.08062744140625,-59.435787200927734
171.623458862,88.08062744140625,-59.435787200927734
171.822677612,88.08062744140625,-59.435787200927734
171.972091674,88.08062744140625,-59.435787200927734
172.171310424,88.08062744140625,-59.435787200927734
172.370529174,88.05252838134766,-59.633907318115234
172.536544799,88.0403060913086,-59.77888488769531
172.735763549,88.0403060913086,-59.77888488769531
172.885177612,88.0403060913086,-59.77888488769531
173.034591674,88.0403060913086,-59.77888488769531
173.233810424,88.0403060913086,-59.77888488769531
173.433029174,88.0403060913086,-59.77888488769531
173.632247924,88.0403060913086,-59.77888488769531
173.781661987,88.0403060913086,-59.77888488769531
173.980880737,88.0403060913086,-59.77888488769531
174.180099487,88.0403060913086,-59.77888488769531
174.346115112,88.0403060913086,-59.77888488769531
174.545333862,88.0403060913086,-59.77888488769531
174.744552612,88.0403060913086,-59.77888488769531
174.893966674,88.0403060913086,-59.77888488769531
175.093185424,88.0403060913086,-59.77888488769531
175.292404174,88.0403060913086,-59.77888488769531
175.441818237,88.0403060913086,-59.77888488769531
175.641036987,88.0403060913086,-59.77888488769531
175.840255737,88.0403060913086,-59.77888488769531
176.006271362,88.0403060913086,-59.77888488769531
176.205490112,88.0403060913086,-59.77888488769531
176.354904174,88.0403060913086,-59.77888488769531
176.554122924,88.0403060913086,-59.77888488769531
176.703536987,88.0403060913086,-59.77888488769531
176.902755737,88.02715301513672,-59.980716705322266
177.101974487,88.01805114746094,-60.23096466064453
177.251388549,88.01634216308594,-60.40884780883789
177.450607299,88.0167236328125,-60.47734832763672
177.600021362,88.0167236328125,-60.47734832763672
177.766036987,88.0167236328125,-60.47734832763672
177.965255737,88.0167236328125,-60.47734832763672
178.164474487,88.0167236328125,-60.47734832763672
178.313888549,88.0167236328125,-60.47734832763672
178.513107299,88.01691436767578,-60.502349853515625
178.712326049,88.01691436767578,-60.502349853515625
178.861740112,88.01691436767578,-60.502349853515625
179.060958862,88.01691436767578,-60.502349853515625
179.260177612,88.01691436767578,-60.502349853515625
179.409591674,88.01691436767578,-60.502349853515625
179.625411987,88.01691436767578,-60.502349853515625
179.824630737,88.01691436767578,-60.502349853515625
179.974044799,88.01691436767578,-60.502349853515625
180.173263549,88.01691436767578,-60.502349853515625
180.372482299,88.01691436767578,-60.502349853515625
180.521896362,88.01691436767578,-60.502349853515625
180.721115112,88.01691436767578,-60.502349853515625
180.920333862,88.01691436767578,-60.502349853515625
181.086349487,88.01691436767578,-60.502349853515625
181.285568237,88.01691436767578,-60.502349853515625
181.434982299,88.01691436767578,-60.502349853515625
181.634201049,88.01691436767578,-60.502349853515625
181.783615112,88.01691436767578,-60.502349853515625
181.933029174,88.01691436767578,-60.502349853515625
182.082443237,88.01691436767578,-60.502349853515625
182.281661987,88.01473999023438,-60.69975280761719
182.480880737,88.00480651855469,-60.94997024536133
182.630294799,87.99419403076172,-61.127540588378906
182.846115112,87.97748565673828,-61.41304016113281
182.995529174,87.97068786621094,-61.59080123901367
183.194747924,87.96781158447266,-61.8411979675293
183.344161987,87.9677505493164,-62.04509735107422
183.543380737,87.9676742553711,-62.30510711669922
183.742599487,87.96759796142578,-62.5623779296875
183.892013549,87.96754455566406,-62.7375373840332
184.091232299,87.96752166748047,-62.84782409667969
184.290451049,87.96752166748047,-62.84782409667969
184.456466674,87.96752166748047,-62.84782409667969
184.605880737,87.96752166748047,-62.84782409667969
184.805099487,87.9675064086914,-62.850563049316406
185.004318237,87.96553039550781,-62.86404037475586
185.153732299,87.96053314208984,-62.87214279174805
185.352951049,87.9513931274414,-62.877986907958984
185.502365112,87.82921600341797,-62.864078521728516
185.701583862,87.62480926513672,-62.7332649230957
185.850997924,87.53734588623047,-62.5763053894043
186.050216674,87.48588562011719,-62.322078704833984
186.216232299,87.46110534667969,-62.12109375
186.365646362,87.41548919677734,-61.91972732543945
186.564865112,87.31929016113281,-61.69035339355469
186.714279174,87.25370788574219,-61.57582473754883
186.913497924,87.25318145751953,-61.574974060058594
187.062911987,87.25318145751953,-61.574974060058594
187.262130737,87.25318145751953,-61.574974060058594
187.461349487,87.25318145751953,-61.574974060058594
187.660568237,87.12413024902344,-61.403141021728516
187.809982299,86.97938537597656,-61.29893493652344
188.025802612,86.70153045654297,-61.241729736328125
188.175216674,86.51970672607422,-61.24908447265625
188.324630737,86.3123779296875,-61.26555252075195
188.523849487,86.0589828491211,-61.28948211669922
188.673263549,85.9227294921875,-61.299869537353516
188.872482299,85.9227294921875,-61.299869537353516
189.021896362,85.9227294921875,-61.299869537353516
189.221115112,85.9227294921875,-61.299869537353516
189.370529174,85.77083587646484,-61.30237579345703
189.586349487,85.50308990478516,-61.219669342041016
189.735763549,85.36551666259766,-61.10541915893555
189.934982299,85.21469116210938,-60.90444564819336
190.134201049,85.08381652832031,-60.690982818603516
190.283615112,84.96110534667969,-60.526527404785156
190.482833862,84.77943420410156,-60.34089660644531
190.682052612,84.5744857788086,-60.18565368652344
190.831466674,84.51815795898438,-60.1484489440918
190.980880737,84.51815795898438,-60.1484489440918
191.130294799,84.51815795898438,-60.1484489440918
191.346115112,84.51815795898438,-60.1484489440918
191.495529174,84.51815795898438,-60.1484489440918
191.694747924,84.51815795898438,-60.1484489440918
191.893966674,84.51815795898438,-60.1484489440918
192.043380737,84.51815795898438,-60.1484489440918
192.242599487,84.51815795898438,-60.1484489440918
192.441818237,84.51815795898438,-60.1484489440918
192.591232299,84.51815795898438,-60.1484489440918
192.790451049,84.50897216796875,-60.142494201660156
192.956466674,84.46660614013672,-60.120357513427734
193.155685424,84.2703857421875,-60.109474182128906
193.354904174,84.04692840576172,-60.23198699951172
193.554122924,83.92473602294922,-60.45832824707031
193.703536987,83.89396667480469,-60.663673400878906
193.902755737,83.89175415039062,-60.923606872558594
194.052169799,83.87857055664062,-61.104976654052734
194.251388549,83.81324768066406,-61.353267669677734
194.400802612,83.72277069091797,-61.532676696777344
194.600021362,83.57383728027344,-61.738773345947266
194.749435424,83.45915985107422,-61.86933135986328
194.965255737,83.2681884765625,-62.07854080200195
195.164474487,83.10257720947266,-62.27888107299805
195.313888549,82.99612426757812,-62.421409606933594
195.513107299,82.8479232788086,-62.6300163269043
195.662521362,82.73242950439453,-62.803016662597656
195.861740112,82.5904541015625,-63.02085494995117
196.011154174,82.49583435058594,-63.17149353027344
196.210372924,82.36107635498047,-63.390647888183594
196.376388549,82.25235748291016,-63.56312942504883
196.575607299,82.11968231201172,-63.772281646728516
196.774826049,81.975341796875,-63.98853302001953
196.924240112,81.86177825927734,-64.15951538085938
197.123458862,81.71769714355469,-64.37591552734375
197.272872924,81.61721801757812,-64.52106475830078
197.472091674,81.47002410888672,-64.73535919189453
197.671310424,81.3641586303711,-64.88707733154297
197.820724487,81.3641586303711,-64.88707733154297
198.036544799,81.3641586303711,-64.88707733154297
198.235763549,81.3569107055664,-64.89726257324219
198.385177612,81.26631164550781,-65.00827026367188
198.584396362,81.08712005615234,-65.10475158691406
198.733810424,80.91067504882812,-65.11390686035156
198.933029174,80.67796325683594,-65.00550842285156
199.082443237,80.5390853881836,-64.85498809814453
199.231857299,80.4367904663086,-64.71790313720703
199.381271362,80.29424285888672,-64.57288360595703
199.530685424,80.13922882080078,-64.47815704345703
199.729904174,79.89472198486328,-64.39083099365234
199.895919799,79.69483947753906,-64.34430694580078
200.045333862,79.49406433105469,-64.30879211425781
200.244552612,79.23643493652344,-64.27417755126953
200.393966674,79.05477905273438,-64.26383209228516
200.543380737,78.85364532470703,-64.2650146484375
200.742599487,78.60057830810547,-64.2713851928711
200.892013549,78.41862487792969,-64.2759780883789
201.091232299,78.15866088867188,-64.28022003173828
201.240646362,77.95889282226562,-64.2791748046875
201.439865112,77.73037719726562,-64.27769470214844
201.605880737,77.49774169921875,-64.27619171142578
201.755294799,77.3184814453125,-64.27503204345703
201.954513549,77.06396484375,-64.27338409423828
202.103927612,76.86282348632812,-64.27207946777344
202.253341674,76.68081665039062,-64.27090454101562
202.452560424,76.42080688476562,-64.26922607421875
202.601974487,76.2169189453125,-64.26790618896484
202.801193237,75.96514892578125,-64.26627349853516
202.950607299,75.78314208984375,-64.26509857177734
203.149826049,75.52313232421875,-64.26342010498047
203.315841674,75.32061004638672,-64.2623519897461
203.515060424,75.0647201538086,-64.26510620117188
203.664474487,74.8567123413086,-64.26764678955078
203.863693237,74.5968246459961,-64.26212310791016
204.013107299,74.58036041259766,-64.26097869873047
204.162521362,74.58036041259766,-64.26097869873047
204.361740112,74.39429473876953,-64.23526000976562
204.511154174,74.22211456298828,-64.1812973022461
204.710372924,73.99341583251953,-64.0671157836914
204.876388549,73.81961822509766,-63.95542907714844
205.075607299,73.60928344726562,-63.81214141845703
205.274826049,73.39373779296875,-63.679466247558594
205.424240112,73.21589660644531,-63.58851623535156
205.623458862,72.97955322265625,-63.490516662597656
205.772872924,72.80905151367188,-63.426876068115234
205.972091674,72.56624603271484,-63.34186553955078
206.121505737,72.37255859375,-63.278160095214844
206.320724487,72.12934875488281,-63.20792007446289
206.470138549,71.9561996459961,-63.16719055175781
206.685958862,71.67790222167969,-63.114505767822266
206.835372924,71.4979248046875,-63.08765411376953
207.034591674,71.23863983154297,-63.06968688964844
207.184005737,71.03478240966797,-63.0660285949707
207.383224487,70.77477264404297,-63.06746292114258
207.582443237,70.51750946044922,-63.0694465637207
207.731857299,70.34236907958984,-63.06764602661133
207.931076049,70.093505859375,-63.05839920043945
208.080490112,69.88595581054688,-63.044803619384766
208.296310424,69.62670135498047,-63.0250129699707
208.445724487,69.42589569091797,-63.01313781738281
208.644943237,69.1660385131836,-63.00515365600586
208.794357299,68.9840316772461,-63.00444030761719
208.993576049,68.72950744628906,-63.00578308105469
209.142990112,68.52836608886719,-63.00340270996094
209.342208862,68.27132415771484,-62.9930534362793
209.541427612,68.01191711425781,-62.975894927978516
209.690841674,67.83683776855469,-62.95355224609375
209.890060424,67.59319305419922,-62.902347564697266
210.056076049,67.55769348144531,-62.89280700683594
210.255294799,67.55769348144531,-62.89280700683594
210.454513549,67.55769348144531,-62.89280700683594
210.603927612,67.38402557373047,-62.85615539550781
210.803146362,67.1260986328125,-62.852481842041016
211.002365112,66.8785400390625,-62.90393829345703
211.151779174,66.70946502685547,-62.959163665771484
211.350997924,66.46824645996094,-63.056095123291016
211.550216674,66.22651672363281,-63.15180587768555
211.716232299,66.0335922241211,-63.2219123840332
211.915451049,65.7874984741211,-63.30585861206055
212.064865112,65.59444427490234,-63.37147521972656
212.264083862,65.3496322631836,-63.458984375
212.463302612,65.1053466796875,-63.53960418701172
212.612716674,64.93852233886719,-63.58828353881836
212.811935424,64.69369506835938,-63.65263748168945
213.011154174,64.44697570800781,-63.70933532714844
213.160568237,64.2439193725586,-63.754417419433594
213.309982299,64.07015228271484,-63.798458099365234
213.525802612,63.79635238647461,-63.871002197265625
213.675216674,63.73723220825195,-63.88612747192383
213.874435424,63.73723220825195,-63.88612747192383
214.073654174,63.73723220825195,-63.88612747192383
214.223068237,63.73723220825195,-63.88612747192383
214.422286987,63.735965728759766,-63.88560485839844
214.621505737,63.673362731933594,-63.811458587646484
214.820724487,63.60293197631836,-63.568565368652344
214.970138549,63.627113342285156,-63.388675689697266
215.185958862,63.70884704589844,-63.118927001953125
215.335372924,63.76081848144531,-62.94879913330078
215.534591674,63.820316314697266,-62.69580078125
215.684005737,63.85101318359375,-62.4901123046875
215.883224487,63.87818908691406,-62.23979568481445
216.082443237,63.8956298828125,-61.991390228271484
216.231857299,63.89757537841797,-61.81214141845703
216.431076049,63.9043083190918,-61.55223846435547
216.630294799,63.9190673828125,-61.29404067993164
216.779708862,63.93129348754883,-61.11930847167969
216.995529174,63.95717239379883,-60.844112396240234
217.144943237,63.98054885864258,-60.63741683959961
217.344161987,64.00482177734375,-60.38542938232422
217.493576049,64.02257537841797,-60.20842361450195
217.692794799,64.05001068115234,-59.9581413269043
217.842208862,64.06887817382812,-59.75374984741211
218.041427612,64.07916259765625,-59.493988037109375
218.190841674,64.08695220947266,-59.31489944458008
218.390060424,64.10326385498047,-59.06637954711914
218.556076049,64.1170883178711,-58.86568832397461
218.755294799,64.12500762939453,-58.7319221496582
218.954513549,64.12500762939453,-58.7319221496582
219.153732299,64.12500762939453,-58.7319221496582
219.303146362,64.12500762939453,-58.7319221496582
219.502365112,64.12500762939453,-58.7319221496582
219.701583862,64.15445709228516,-58.52098083496094
219.900802612,64.26277160644531,-58.28582763671875
220.050216674,64.37349700927734,-58.143272399902344
220.266036987,64.57586669921875,-57.94132995605469
220.415451049,64.70258331298828,-57.82241439819336
220.614669799,64.87664794921875,-57.63884735107422
220.813888549,65.03209686279297,-57.43906021118164
220.963302612,65.1466064453125,-57.28401184082031
221.162521362,65.15605163574219,-57.27048110961914
221.361740112,65.15605163574219,-57.27048110961914
221.560958862,65.15605163574219,-57.27048110961914
221.760177612,65.15605163574219,-57.27048110961914
221.926193237,65.15605163574219,-57.27048110961914
222.125411987,65.15605163574219,-57.27048110961914
222.274826049,65.15605163574219,-57.27048110961914
222.474044799,65.24720764160156,-57.1209716796875
222.673263549,65.29714965820312,-56.879642486572266
222.872482299,65.24639892578125,-56.626888275146484
223.021896362,65.16960906982422,-56.43363571166992
223.221115112,65.06805419921875,-56.19429397583008
223.420333862,64.98947143554688,-55.94951629638672
223.586349487,64.9457015991211,-55.750423431396484
223.785568237,64.90373229980469,-55.4993896484375
223.984786987,64.8734130859375,-55.24258804321289
224.134201049,64.8584976196289,-55.06120300292969
224.233810424,64.84685516357422,-54.931732177734375
224.433029174,64.81092834472656,-54.681156158447266
224.582443237,64.7796401977539,-54.482452392578125
224.781661987,64.73928833007812,-54.22561264038086
224.980880737,64.70162963867188,-53.968360900878906
225.180099487,64.6629638671875,-53.715415954589844
225.346115112,64.62989044189453,-53.5156135559082
225.495529174,64.59757995605469,-53.33650588989258
225.694747924,64.55252838134766,-53.0804443359375
225.893966674,64.51231384277344,-52.827728271484375
226.043380737,64.48481750488281,-52.62983703613281
226.242599487,64.44841766357422,-52.37516784667969
226.441818237,64.40636444091797,-52.11860275268555
226.641036987,64.4010009765625,-52.08908462524414
226.790451049,64.4010009765625,-52.08908462524414
227.006271362,64.34032440185547,-51.871742248535156
227.155685424,64.24112701416016,-51.72549057006836
227.354904174,64.01526641845703,-51.60270690917969
227.554122924,63.757266998291016,-51.58109664916992
227.703536987,63.55107116699219,-51.607601165771484
227.902755737,63.29536437988281,-51.65464782714844
228.101974487,63.03827667236328,-51.69296646118164
228.251388549,62.856502532958984,-51.695709228515625
228.450607299,62.60133361816406,-51.648616790771484
228.649826049,62.36358642578125,-51.561790466308594
228.815841674,62.17391586303711,-51.503902435302734
229.015060424,61.918209075927734,-51.45743942260742
229.164474487,61.7111701965332,-51.43793869018555
229.363693237,61.4568977355957,-51.426849365234375
229.562911987,61.205135345458984,-51.42385482788086
229.712326049,61.02315139770508,-51.42574691772461
229.911544799,60.763179779052734,-51.42879867553711
230.110763549,60.51140213012695,-51.431758880615234
230.260177612,60.31025314331055,-51.43412399291992
230.475997924,60.05710983276367,-51.43709945678711
230.625411987,59.8491325378418,-51.43954086303711
230.824630737,59.5946159362793,-51.441410064697266
231.023849487,59.539615631103516,-51.44136428833008
231.223068237,59.539615631103516,-51.44136428833008
231.372482299,59.539615631103516,-51.44136428833008
231.521896362,59.3903694152832,-51.433685302734375
231.721115112,59.14073181152344,-51.379093170166016
231.920333862,58.90380859375,-51.28660202026367
232.086349487,58.782047271728516,-51.22850036621094
232.285568237,58.782047271728516,-51.22850036621094
232.484786987,58.578285217285156,-51.12724304199219
232.634201049,58.41736602783203,-51.045166015625
232.833419799,58.192317962646484,-50.929229736328125
233.032638549,57.96263885498047,-50.80739212036133
233.231857299,57.7332763671875,-50.684974670410156
233.381271362,57.54724884033203,-50.5919303894043
233.580490112,57.31770324707031,-50.48521041870117
233.729904174,57.290283203125,-50.4730339050293
233.945724487,57.290283203125,-50.4730339050293
234.144943237,57.290283203125,-50.4730339050293
234.294357299,57.290283203125,-50.4730339050293
234.493576049,57.2889404296875,-50.47330093383789
234.692794799,57.25336456298828,-50.49820327758789
234.842208862,57.160030364990234,-50.64786148071289
235.041427612,57.15351867675781,-50.89610290527344
235.190841674,57.2158203125,-51.05803298950195
235.390060424,57.326473236083984,-51.28268051147461
235.556076049,57.39815902709961,-51.466041564941406
235.705490112,57.44727325439453,-51.66527557373047
235.854904174,57.46397399902344,-51.75448226928711
236.004318237,57.46397399902344,-51.75448226928711
236.203536987,57.46174621582031,-51.7623405456543
236.402755737,57.3939323425293,-51.81739044189453
236.552169799,57.22209548950195,-51.87372589111328
236.751388549,56.96904754638672,-51.860904693603516
236.950607299,56.7296257019043,-51.7930793762207
237.149826049,56.48778533935547,-51.71382522583008
237.315841674,56.29563903808594,-51.67072677612305
237.515060424,56.04216766357422,-51.650020599365234
237.714279174,55.782264709472656,-51.654998779296875
237.863693237,55.578548431396484,-51.663726806640625
238.062911987,55.3255615234375,-51.67288589477539
238.262130737,55.06557083129883,-51.67540740966797
238.461349487,54.80693054199219,-51.67669677734375
238.610763549,54.630401611328125,-51.677574157714844
238.809982299,54.37723922729492,-51.6788330078125
238.975997924,54.17197036743164,-51.67985534667969
239.175216674,53.91196060180664,-51.68115234375
239.374435424,53.65742874145508,-51.68241882324219
239.573654174,53.55927276611328,-51.68244552612305
239.772872924,53.342105865478516,-51.67133331298828
239.972091674,53.083465576171875,-51.64518356323242
240.121505737,52.87874221801758,-51.60867691040039
240.320724487,52.62994384765625,-51.53858184814453
240.536544799,52.39470672607422,-51.4610595703125
240.685958862,52.202781677246094,-51.40566635131836
240.885177612,51.95185470581055,-51.35620880126953
241.084396362,51.69245529174805,-51.34151840209961
241.283615112,51.43545913696289,-51.35208511352539
241.482833862,51.18693542480469,-51.36823654174805
241.682052612,50.92713165283203,-51.378135681152344
241.831466674,50.74514389038086,-51.380184173583984
242.030685424,50.48789978027344,-51.37741470336914
242.229904174,50.23477554321289,-51.37388610839844
242.395919799,50.029537200927734,-51.37102508544922
242.595138549,49.76956558227539,-51.367401123046875
242.794357299,49.516441345214844,-51.36387252807617
242.993576049,49.33150863647461,-51.358924865722656
243.192794799,49.33150863647461,-51.358924865722656
243.392013549,49.33150863647461,-51.358924865722656
243.541427612,49.165679931640625,-51.344764709472656
243.740646362,48.91856002807617,-51.29104995727539
243.956466674,48.679039001464844,-51.20136642456055
244.056076049,48.55929183959961,-51.15076446533203
244.205490112,48.36749267578125,-51.070289611816406
244.404708862,48.13432312011719,-50.98686599731445
244.603927612,47.89106750488281,-50.91680908203125
244.753341674,47.720455169677734,-50.87150955200195
244.952560424,47.48176956176758,-50.81062698364258
245.151779174,47.24007034301758,-50.75056457519531
245.301193237,47.04501724243164,-50.71441650390625
245.500411987,46.78636169433594,-50.68899154663086
245.649826049,46.604557037353516,-50.680389404296875
245.865646362,46.320377349853516,-50.6492919921875
246.064865112,46.06566619873047,-50.597354888916016
246.264083862,45.81222915649414,-50.53932571411133
246.413497924,45.63658905029297,-50.49717330932617
246.612716674,45.39306640625,-50.433162689208984
246.811935424,45.15045928955078,-50.377140045166016
247.011154174,44.89973068237305,-50.34279251098633
247.210372924,44.64502716064453,-50.31816864013672
247.376388549,44.500221252441406,-50.30403137207031
247.575607299,44.49922561645508,-50.303932189941406
247.774826049,44.49922561645508,-50.303932189941406
247.974044799,44.49922561645508,-50.303932189941406
248.173263549,44.49922561645508,-50.303932189941406
248.372482299,44.49922561645508,-50.303932189941406
248.521896362,44.49922561645508,-50.303932189941406
248.721115112,44.49922561645508,-50.303932189941406
248.920333862,44.510555267333984,-50.33037185668945
249.036544799,44.57676315307617,-50.4121208190918
249.235763549,44.8026237487793,-50.5211296081543
249.385177612,45.00838088989258,-50.51812744140625
249.584396362,45.255455017089844,-50.45240783691406
249.733810424,45.42170333862305,-50.39726257324219
249.883224487,45.62098693847656,-50.337833404541016
250.032638549,45.798587799072266,-50.29819107055664
250.182052612,45.98725509643555,-50.27505874633789
250.381271362,46.23894500732422,-50.27127456665039
250.530685424,46.412654876708984,-50.27642059326172
250.680099487,46.61625671386719,-50.28727722167969
250.846115112,46.82374954223633,-50.30187225341797
250.995529174,47.0025749206543,-50.3144416809082
251.194747924,47.25677490234375,-50.32719421386719
251.344161987,47.45924758911133,-50.33157730102539
251.493576049,47.64125442504883,-50.33245849609375
251.642990112,47.84926223754883,-50.3333740234375
251.842208862,48.10653305053711,-50.334503173828125
251.991622924,48.28169250488281,-50.33526611328125
252.141036987,48.48833084106445,-50.33617401123047
252.340255737,48.74834060668945,-50.337318420410156
252.489669799,48.928977966308594,-50.338111877441406
252.655685424,49.13013458251953,-50.33733367919922
252.805099487,49.338111877441406,-50.334312438964844
253.004318237,49.59534454345703,-50.33057403564453
253.153732299,49.771846771240234,-50.328006744384766
253.303146362,49.97297668457031,-50.32508087158203
253.502365112,50.232948303222656,-50.32130432128906
253.651779174,50.4135627746582,-50.31891632080078
253.801193237,50.61873245239258,-50.32352828979492
253.950607299,50.79485321044922,-50.33540344238281
254.149826049,51.04838943481445,-50.357704162597656
254.315841674,51.255741119384766,-50.374183654785156
254.465255737,51.46260070800781,-50.39556121826172
254.614669799,51.6392936706543,-50.42565155029297
254.813888549,51.88495635986328,-50.480770111083984
254.963302612,52.08358383178711,-50.52684783935547
255.112716674,52.26116943359375,-50.566688537597656
255.262130737,52.46589279174805,-50.60316467285156
255.411544799,52.644020080566406,-50.62316131591797
255.610763549,52.89536666870117,-50.6533203125
255.760177612,53.093563079833984,-50.68743896484375
255.926193237,53.291664123535156,-50.7356071472168
256.075592041,53.46592712402344,-50.78805923461914
256.274810791,53.713172912597656,-50.868492126464844
256.424224853,53.91164016723633,-50.93069076538086
256.623443603,54.164161682128906,-50.99250030517578
256.772857666,54.33677673339844,-51.02943420410156
256.922271728,54.5366325378418,-51.069786071777344
257.121490478,54.78750228881836,-51.12022399902344
257.270904541,54.96550750732422,-51.15814208984375
257.470123291,55.218971252441406,-51.216041564941406
257.636138916,55.419456481933594,-51.26606369018555
257.785552978,55.615169525146484,-51.31252670288086
257.934967041,55.79001998901367,-51.35200500488281
258.134185791,56.03535079956055,-51.40861129760742
258.283599853,56.23305892944336,-51.45845413208008
258.482818603,56.48833465576172,-51.507266998291016
258.632232666,56.6678466796875,-51.52708053588867
258.781646728,56.869476318359375,-51.54598617553711
258.980865478,57.12554931640625,-51.57051467895508
259.130279541,57.30709457397461,-51.58335494995117
259.279693603,57.488826751708984,-51.593170166015625
259.495513916,57.77123260498047,-51.6149787902832
259.644927978,57.9780158996582,-51.63733673095703
259.794342041,58.15085220336914,-51.66554260253906
259.993560791,58.401397705078125,-51.723731994628906
260.142974853,58.6024284362793,-51.777103424072266
260.342193603,58.845008850097656,-51.83913040161133
260.491607666,59.01988220214844,-51.87165069580078
260.641021728,59.216819763183594,-51.905277252197266
260.840240478,59.46125411987305,-51.95295333862305
261.006256103,59.6549186706543,-52.00164031982422
261.155670166,59.822574615478516,-52.071868896484375
261.305084228,59.98502731323242,-52.18922424316406
261.454498291,60.08979415893555,-52.33059310913086
261.603912353,60.15768051147461,-52.52623748779297
261.753326416,60.166664123535156,-52.70490646362305
261.952545166,60.134246826171875,-52.96272659301758
262.101959228,60.092994689941406,-53.16379165649414
262.251373291,60.05716323852539,-53.34221649169922
262.450592041,60.02507019042969,-53.600135803222656
262.600006103,60.0102424621582,-53.80348587036133
262.766021728,60.00075912475586,-54.003047943115234
262.965240478,59.995845794677734,-54.26162338256836
263.114654541,59.99725341796875,-54.44361877441406
263.313873291,60.00375747680664,-54.696693420410156
263.463287353,60.009159088134766,-54.899147033691406
263.612701416,60.01401901245117,-55.08107376098633
263.811920166,60.01865768432617,-55.34102249145508
263.961334228,60.01839065551758,-55.54355239868164
264.160552978,60.01795959472656,-55.793975830078125
264.309967041,60.01763916015625,-55.975982666015625
264.475982666,60.01727294921875,-56.183990478515625
264.675201416,60.01683044433594,-56.43852233886719
264.824615478,60.016475677490234,-56.64242172241211
265.023834228,60.01601791381836,-56.90243148803711
265.173248291,60.01570510864258,-57.08169937133789
265.372467041,60.0152587890625,-57.33760070800781
265.521881103,60.014957427978516,-57.51102066040039
265.721099853,60.01451873779297,-57.764183044433594
265.870513916,60.014217376708984,-57.9393424987793
266.069732666,60.013771057128906,-58.19524383544922
266.235748291,60.0134162902832,-58.39914321899414
266.385162353,60.01305389404297,-58.60578155517578
266.584381103,60.01261520385742,-58.858943939208984
266.733795166,60.01229476928711,-59.040950775146484
266.933013916,60.011837005615234,-59.300960540771484
267.082427978,60.00762939453125,-59.506141662597656
267.231842041,59.98637008666992,-59.68265914916992
267.431060791,59.89393615722656,-59.917945861816406
267.630279541,59.71464920043945,-60.08550262451172
267.796295166,59.528770446777344,-60.15202331542969
267.995513916,59.27638626098633,-60.160213470458984
268.144927978,59.08189010620117,-60.12926483154297
268.344146728,58.836280822753906,-60.073970794677734
268.493560791,58.662269592285156,-60.05545425415039
268.692779541,58.41539001464844,-60.07157516479492
268.891998291,58.164398193359375,-60.11371994018555
269.041412353,57.96561813354492,-60.1444091796875
269.240631103,57.71316909790039,-60.16041946411133
269.390045166,57.54246139526367,-60.150230407714844
269.605865478,57.25835418701172,-60.11751174926758
269.805084228,57.01112365722656,-60.08747100830078
270.004302978,56.76165008544922,-60.066192626953125
270.203521728,56.50170135498047,-60.06460952758789
270.352935791,56.31972122192383,-60.067813873291016
270.552154541,56.0624885559082,-60.07233810424805
270.751373291,55.813472747802734,-60.07670211791992
270.950592041,55.55350112915039,-60.08119583129883
271.100006103,55.348236083984375,-60.08134078979492
271.266021728,55.14707565307617,-60.07979202270508
271.465240478,54.89117431640625,-60.07783126831055
271.664459228,54.63116455078125,-60.07584762573242
271.863677978,54.37389373779297,-60.07387924194336
272.013092041,54.197364807128906,-60.0725212097168
272.212310791,53.940093994140625,-60.070552825927734
272.411529541,53.680084228515625,-60.06856918334961
272.610748291,53.42555236816406,-60.06661605834961
272.809967041,53.17375946044922,-60.06467819213867
272.975982666,52.96575164794922,-60.06309127807617
273.175201416,52.709861755371094,-60.06401824951172
273.374420166,52.458106994628906,-60.06843566894531
273.573638916,52.20224380493164,-60.072933197021484
273.723052978,51.994266510009766,-60.076595306396484
273.922271728,51.7383918762207,-60.08028793334961
274.121490478,51.48933792114258,-60.07939910888672
274.320709228,51.233436584472656,-60.07823944091797
274.470123291,51.051429748535156,-60.07741165161133
274.685943603,50.768157958984375,-60.07612609863281
274.885162353,50.51382827758789,-60.081912994384766
275.084381103,50.27433395385742,-60.157615661621094
275.283599853,50.07893371582031,-60.323856353759766
275.433013916,49.95512008666992,-60.45537185668945
275.632232666,49.77296829223633,-60.64085006713867
275.781646728,49.61494827270508,-60.77583694458008
275.980865478,49.380863189697266,-60.87828063964844
276.180084228,49.12248611450195,-60.90129470825195
276.395904541,48.86408615112305,-60.890724182128906
276.545318603,48.66716384887695,-60.895652770996094
276.744537353,48.41618347167969,-60.92823791503906
276.943756103,48.157188415527344,-60.9306755065918
277.142974853,47.92306137084961,-60.83819580078125
277.342193603,47.71935272216797,-60.688377380371094
277.541412353,47.51997756958008,-60.53256607055664
277.690826416,47.36668014526367,-60.44557189941406
277.890045166,47.112823486328125,-60.40776824951172
278.056060791,46.920406341552734,-60.48248291015625
278.255279541,46.73116683959961,-60.65882873535156
278.454498291,46.58870315551758,-60.8762092590332
278.653717041,46.44136428833008,-61.049400329589844
278.803131103,46.283348083496094,-61.11788558959961
279.002349853,46.0328254699707,-61.08949661254883
279.201568603,45.84042739868164,-60.931400299072266
279.400787353,45.70387268066406,-60.72163391113281
279.600006103,45.6354866027832,-60.63027572631836
279.766021728,45.47231674194336,-60.55289077758789
279.965240478,45.22622299194336,-60.571632385253906
280.164459228,45.02431106567383,-60.72163772583008
280.313873291,44.924495697021484,-60.87031936645508
280.463287353,44.824195861816406,-61.041473388671875
280.662506103,44.64716339111328,-61.22124099731445
280.861724853,44.40086364746094,-61.297611236572266
281.060943603,44.14151382446289,-61.290382385253906
281.210357666,43.96205139160156,-61.26988983154297
281.409576416,43.70501708984375,-61.260379791259766
281.525787353,43.55592727661133,-61.24197769165039
281.725006103,43.33151626586914,-61.120418548583984
281.924224853,43.15248107910156,-60.9417724609375
282.073638916,43.03065872192383,-60.80656814575195
282.272857666,42.83757019042969,-60.63328170776367
282.472076416,42.60079574584961,-60.5368766784668
282.671295166,42.3426628112793,-60.507652282714844
282.870513916,42.083988189697266,-60.482093811035156
283.036529541,41.8834228515625,-60.44564437866211
283.235748291,41.631202697753906,-60.38862228393555
283.434967041,41.375091552734375,-60.352867126464844
283.634185791,41.11961364746094,-60.322628021240234
283.783599853,40.91744613647461,-60.296119689941406
283.982818603,40.65994644165039,-60.26020050048828
284.182037353,40.40478515625,-60.22872543334961
284.381256103,40.16495132446289,-60.27239227294922
284.580474853,39.973716735839844,-60.44059371948242
284.729888916,39.88070297241211,-60.59684753417969
284.945709228,39.744720458984375,-60.837284088134766
285.095123291,39.627471923828125,-60.97406005859375
285.294342041,39.4053840637207,-61.07609558105469
285.493560791,39.15396499633789,-61.04470443725586
285.642974853,38.96275329589844,-60.963016510009766
285.842193603,38.720149993896484,-60.87025833129883
286.041412353,38.46308517456055,-60.846195220947266
286.240631103,38.235103607177734,-60.95201110839844
286.390045166,38.11140441894531,-61.08498001098633
286.605865478,37.946109771728516,-61.31835174560547
286.755279541,37.836246490478516,-61.458160400390625
286.954498291,37.65265655517578,-61.621368408203125
287.153717041,37.421974182128906,-61.73719024658203
287.352935791,37.17680740356445,-61.823612213134766
287.552154541,36.9326171875,-61.900123596191406
287.701568603,36.73526382446289,-61.96577072143555
287.900787353,36.492034912109375,-62.0493049621582
288.100006103,36.24115753173828,-62.070159912109375
288.266021728,36.04283905029297,-62.03022766113281
288.465240478,35.80522537231445,-61.955787658691406
288.664459228,35.5560188293457,-61.882022857666016
288.813873291,35.476680755615234,-61.8657341003418
289.013092041,35.476680755615234,-61.8657341003418
289.212310791,35.476680755615234,-61.8657341003418
289.411529541,35.476680755615234,-61.8657341003418
289.560943603,35.47361373901367,-61.898197174072266
289.760162353,35.47920227050781,-61.9206657409668
289.876373291,35.51409149169922,-61.95332717895508
290.075592041,35.74889373779297,-62.0416145324707
290.225006103,35.943241119384766,-62.004085540771484
290.374420166,36.09334945678711,-61.902767181396484
290.573638916,36.254268646240234,-61.70254135131836
290.723052978,36.3848876953125,-61.54275894165039
290.922271728,36.60403060913086,-61.40967559814453
291.071685791,36.77888870239258,-61.371337890625
291.221099853,36.985992431640625,-61.35264587402344
291.420318603,37.241371154785156,-61.31437301635742
291.536529541,37.3586540222168,-61.2728157043457
291.735748291,37.587860107421875,-61.1506462097168
291.885162353,37.75769805908203,-61.030643463134766
292.084381103,37.96528244018555,-60.874080657958984
292.233795166,38.114593505859375,-60.77010726928711
292.383209228,38.30005645751953,-60.67653274536133
292.582427978,38.54730224609375,-60.59661102294922
292.731842041,38.72381591796875,-60.5522575378418
292.881256103,38.92511749267578,-60.50563430786133
293.080474853,39.17486572265625,-60.45695877075195
293.229888916,39.355709075927734,-60.436683654785156
293.395904541,39.561336517333984,-60.416481018066406
293.545318603,39.75983428955078,-60.38412094116211
293.744537353,40.00888442993164,-60.331607818603516
293.893951416,40.182247161865234,-60.29862594604492
294.043365478,40.38672637939453,-60.28156661987305
294.192779541,40.56849670410156,-60.27261734008789
294.342193603,40.77537536621094,-60.251670837402344
294.541412353,41.02141189575195,-60.205223083496094
294.690826416,41.193115234375,-60.17066955566406
294.890045166,41.44549560546875,-60.13835906982422
295.006256103,41.60100173950195,-60.12599182128906
295.205474853,41.86060333251953,-60.11193084716797
295.354888916,42.03569412231445,-60.10716247558594
295.504302978,42.23548126220703,-60.105648040771484
295.703521728,42.49549102783203,-60.10427474975586
295.852935791,42.67749786376953,-60.10331344604492
296.002349853,42.878658294677734,-60.10225296020508
296.201568603,43.13045120239258,-60.10092544555664
296.350982666,43.308349609375,-60.0999870300293
296.500396728,43.516357421875,-60.0988883972168
296.649810791,43.6983642578125,-60.09792709350586
296.865631103,43.98026657104492,-60.096439361572266
297.015045166,44.16090393066406,-60.09548568725586
297.164459228,44.368900299072266,-60.09660720825195
297.363677978,44.62613296508789,-60.10012435913086
297.513092041,44.80537414550781,-60.102577209472656
297.662506103,45.00924301147461,-60.105369567871094
297.811920166,45.19122314453125,-60.107852935791016
297.961334228,45.397830963134766,-60.11067581176758
298.160552978,45.646846771240234,-60.11410140991211
298.309967041,45.82610321044922,-60.11573791503906
298.475982666,46.03409194946289,-60.11382293701172
298.625396728,46.24070358276367,-60.11143112182617
298.824615478,46.49384689331055,-60.10851287841797
298.924224853,46.62383270263672,-60.10700607299805
299.073638916,46.80581283569336,-60.104896545410156
299.223052978,47.013790130615234,-60.10248565673828
299.422271728,47.26283645629883,-60.09962463378906
299.571685791,47.43798828125,-60.09783935546875
299.721099853,47.637779235839844,-60.09885025024414
299.920318603,47.897789001464844,-60.10075759887695
300.086334228,48.105796813964844,-60.1022834777832
300.235748291,48.282325744628906,-60.10358810424805
300.385162353,48.368350982666016,-60.10422897338867
300.584381103,48.368350982666016,-60.10422897338867
300.733795166,48.368350982666016,-60.10422897338867
300.933013916,48.368350982666016,-60.10422897338867
301.082427978,48.39335250854492,-60.10441207885742
301.231842041,48.566505432128906,-60.10569381713867
301.431060791,48.81692886352539,-60.107547760009766
301.580474853,49.01945877075195,-60.10904312133789
301.729888916,49.20146560668945,-60.11037826538086
301.895904541,49.408103942871094,-60.11189651489258
302.045318603,49.610633850097656,-60.1133918762207
302.194732666,49.7912712097168,-60.11471939086914
302.393951416,50.0512809753418,-60.11662673950195
302.543365478,50.25381088256836,-60.11638259887695
302.742584228,50.50834274291992,-60.11503982543945
302.891998291,50.68898010253906,-60.11408615112305
303.091217041,50.94898986816406,-60.11271286010742
303.240631103,51.154258728027344,-60.111629486083984
303.390045166,51.32941818237305,-60.1107063293457
303.556060791,51.53331756591797,-60.1096305847168
303.755279541,51.79332733154297,-60.10825729370117
303.904693603,51.99859619140625,-60.107173919677734
304.103912353,52.25175857543945,-60.105838775634766
304.253326416,52.432395935058594,-60.10488510131836
304.402740478,52.640403747558594,-60.10378646850586
304.601959228,52.896305084228516,-60.10243606567383
304.751373291,53.07009506225586,-60.10152053833008
304.950592041,53.32325744628906,-60.10018539428711
305.100006103,53.53126525878906,-60.09908676147461
305.266021728,53.73927307128906,-60.09798812866211
305.465240478,53.996543884277344,-60.09663009643555
305.614654541,54.178550720214844,-60.09566879272461
305.764068603,54.386558532714844,-60.09580993652344
305.963287353,54.641090393066406,-60.096885681152344
306.112701416,54.81761932373047,-60.09762954711914
306.262115478,55.02425765991211,-60.098506927490234
306.411529541,55.20626449584961,-60.099281311035156
306.610748291,55.46353530883789,-60.100372314453125
306.760162353,55.660587310791016,-60.1011962890625
306.926177978,55.86037826538086,-60.10203552246094
307.125396728,56.12038803100586,-60.10314178466797
307.274810791,56.30239486694336,-60.10391616821289
307.424224853,56.500816345214844,-60.1047477722168
307.623443603,56.75260925292969,-60.10580825805664
307.772857666,56.93324661254883,-60.10657501220703
307.972076416,57.19325637817383,-60.10768127441406
308.121490478,57.39989471435547,-60.108558654785156
308.270904541,57.57505416870117,-60.10929489135742
308.470123291,57.830955505371094,-60.11037826538086
308.636138916,58.038963317871094,-60.111263275146484
308.785552978,58.2401237487793,-60.11211013793945
308.984771728,58.4932861328125,-60.11317825317383
309.134185791,58.67255401611328,-60.11393737792969
309.333404541,58.93256378173828,-60.11504364013672
309.482818603,59.14054489135742,-60.11346435546875
309.682037353,59.39670181274414,-60.090946197509766
309.831451416,59.572139739990234,-60.05454635620117
310.030670166,59.81517028808594,-59.963809967041016
310.229888916,60.011962890625,-59.80489730834961
310.395904541,60.1120491027832,-59.62983322143555
310.545318603,60.158016204833984,-59.431671142578125
310.744537353,60.15774154663086,-59.17618942260742
310.893951416,60.13579559326172,-59.00244140625
311.093170166,60.09249496459961,-58.74885940551758
311.292388916,60.052207946777344,-58.492008209228516
311.441802978,60.02826690673828,-58.285423278808594
311.641021728,60.01122283935547,-58.0328483581543
311.840240478,60.002220153808594,-57.77986145019531
312.006256103,60.000694274902344,-57.571868896484375
312.205474853,60.00597381591797,-57.32014846801758
312.354888916,60.01457595825195,-57.14109420776367
312.554107666,60.03029251098633,-56.8815803527832
312.753326416,60.04429244995117,-56.62196350097656
312.902740478,60.049964904785156,-56.4154167175293
313.101959228,60.05088806152344,-56.16499710083008
313.301177978,60.05104064941406,-55.90498733520508
313.450592041,60.0511474609375,-55.72298049926758
313.649810791,60.051300048828125,-55.472557067871094
313.815826416,60.051422119140625,-55.27413558959961
314.015045166,60.05157470703125,-55.01412582397461
314.164459228,60.05169677734375,-54.81159591674805
314.363677978,60.051849365234375,-54.56117248535156
314.513092041,60.05195617675781,-54.38327407836914
314.712310791,60.05210876464844,-54.12737274169922
314.911529541,60.05226135253906,-53.86736297607422
315.060943603,60.05238342285156,-53.66072463989258
315.260162353,60.05253601074219,-53.408931732177734
315.426177978,60.05265808105469,-53.20366287231445
315.625396728,60.05281066894531,-52.94639205932617
315.824615478,60.05225372314453,-52.70008087158203
315.974029541,60.04063034057617,-52.52263259887695
316.173248291,59.98439025878906,-52.272212982177734
316.372467041,59.85483932495117,-52.05315399169922
316.521881103,59.70691680908203,-51.91953659057617
316.721099853,59.483192443847656,-51.7935905456543
316.920318603,59.24462127685547,-51.70958709716797
317.086334228,59.049129486083984,-51.662330627441406
317.235748291,58.87242889404297,-51.62488555908203
317.434967041,58.618064880371094,-51.57109832763672
317.634185791,58.36466979980469,-51.51290512084961
317.783599853,58.16313934326172,-51.46141052246094
317.982818603,57.914608001708984,-51.39493942260742
318.182037353,57.668853759765625,-51.323646545410156
318.331451416,57.504146575927734,-51.272640228271484
318.530670166,57.26322937011719,-51.204341888427734
318.729888916,57.010711669921875,-51.14888000488281
318.779693603,56.959373474121094,-51.140621185302734
318.995513916,56.6750602722168,-51.110191345214844
319.144927978,56.4734001159668,-51.09148406982422
319.344146728,56.245521545410156,-51.06415939331055
319.493560791,56.24353790283203,-51.06387710571289
319.692779541,56.24353790283203,-51.06387710571289
319.891998291,56.24353790283203,-51.06387710571289
320.041412353,56.24353790283203,-51.06387710571289
320.240631103,56.24353790283203,-51.06387710571289
320.390045166,56.24353790283203,-51.06387710571289
320.605865478,56.24353790283203,-51.06387710571289
320.755279541,56.24353790283203,-51.06387710571289
320.954498291,56.241573333740234,-51.06898498535156
321.153717041,56.24741744995117,-51.21971893310547
321.303131103,56.339447021484375,-51.396446228027344
321.452545166,56.47795486450195,-51.49944305419922
321.651763916,56.73031997680664,-51.55298614501953
321.801177978,56.93708038330078,-51.53268814086914
322.000396728,57.193084716796875,-51.48745346069336
322.149810791,57.37234878540039,-51.45615768432617
322.315826416,57.579444885253906,-51.438270568847656
322.465240478,57.78569030761719,-51.44733810424805
322.664459228,58.036903381347656,-51.501277923583984
322.813873291,58.20954132080078,-51.55878829956055
323.013092041,58.45084762573242,-51.647972106933594
323.162506103,58.640621185302734,-51.714691162109375
323.361724853,58.887237548828125,-51.79701614379883
323.511138916,59.061302185058594,-51.850162506103516
323.660552978,59.26161193847656,-51.90617752075195
323.809967041,59.436805725097656,-51.955467224121094
323.975982666,59.630218505859375,-52.01983642578125
324.175201416,59.86286163330078,-52.132076263427734
324.324615478,60.02756881713867,-52.247276306152344
324.523834228,60.21416473388672,-52.42792892456055
324.673248291,60.3288459777832,-52.56388473510742
324.822662353,60.45008850097656,-52.7277946472168
325.021881103,60.59684371948242,-52.93574142456055
325.171295166,60.70206832885742,-53.084232330322266
325.370513916,60.8537712097168,-53.2919921875
325.536529541,60.97662353515625,-53.453006744384766
325.685943603,61.10659408569336,-53.615360260009766
325.835357666,61.22636795043945,-53.75238800048828
326.034576416,61.39128112792969,-53.94804382324219
326.183990478,61.52293395996094,-54.1072998046875
326.383209228,61.684791564941406,-54.30373764038086
326.532623291,61.798439025878906,-54.4423713684082
326.731842041,61.96108627319336,-54.64168930053711
326.881256103,62.08924102783203,-54.80026626586914
327.080474853,62.252559661865234,-55.0025634765625
327.229888916,62.367347717285156,-55.136680603027344
327.395904541,62.49759292602539,-55.28997802734375
327.595123291,62.664676666259766,-55.4856071472168
327.744537353,62.79676818847656,-55.64627456665039
327.893951416,62.910255432128906,-55.78855514526367
328.043365478,63.037349700927734,-55.951473236083984
328.242584228,63.195945739746094,-56.15229034423828
328.391998291,63.30570983886719,-56.29052734375
328.541412353,63.4340934753418,-56.45417785644531
328.740631103,63.58860778808594,-56.65644454956055
328.890045166,63.69892501831055,-56.801204681396484
329.056060791,63.823829650878906,-56.960609436035156
329.255279541,63.988922119140625,-57.161468505859375
329.404693603,64.11902618408203,-57.32373809814453
329.603912353,64.27710723876953,-57.52322006225586
329.753326416,64.38622283935547,-57.66372299194336
329.902740478,64.50841522216797,-57.81834030151367
330.101959228,64.6712646484375,-58.0210075378418
330.251373291,64.78499603271484,-58.163089752197266
330.400787353,64.91555786132812,-58.32500076293945
330.600006103,65.07382202148438,-58.52259063720703
330.766021728,65.20122528076172,-58.68354034423828
330.915435791,65.31078338623047,-58.82542419433594
331.114654541,65.46610260009766,-59.03050994873047
331.264068603,65.59492492675781,-59.193782806396484
331.463287353,65.7617416381836,-59.393211364746094
331.612701416,65.87633514404297,-59.53459548950195
331.811920166,66.0302734375,-59.73385238647461
331.961334228,66.16495513916016,-59.8922004699707
332.110748291,66.3041763305664,-60.008914947509766
332.260162353,66.48872375488281,-60.097251892089844
332.426177978,66.68042755126953,-60.134361267089844
332.625396728,66.94002532958984,-60.12740707397461
332.774810791,67.11370086669922,-60.10493469238281
332.974029541,67.36771392822266,-60.0642204284668
333.123443603,67.57113647460938,-60.03681945800781
333.272857666,67.75225830078125,-60.01922607421875
333.472076416,68.00660705566406,-60.01026153564453
333.621490478,68.20500946044922,-60.00934600830078
333.820709228,68.45807647705078,-60.01535415649414
333.970123291,68.63986206054688,-60.0243034362793
334.136138916,68.84756469726562,-60.03547286987305
334.335357666,69.1032485961914,-60.04559326171875
334.484771728,69.31119537353516,-60.050201416015625
334.683990478,69.57117462158203,-60.05308151245117
334.883209228,69.82299041748047,-60.05308151245117
335.032623291,69.9995346069336,-60.05308151245117
335.231842041,70.2568130493164,-60.05308151245117
335.381256103,70.4648208618164,-60.05308151245117
335.580474853,70.71800231933594,-60.05308151245117
335.729888916,70.89181518554688,-60.05308151245117
335.895904541,71.09162902832031,-60.05308151245117
336.095123291,71.35163879394531,-60.05308151245117
336.244537353,71.55964660644531,-60.05308151245117
336.443756103,71.81146240234375,-60.05308151245117
336.593170166,71.99073791503906,-60.05308151245117
336.792388916,72.25074768066406,-60.05308151245117
336.941802978,72.45602416992188,-60.05308151245117
337.141021728,72.70510864257812,-60.05308151245117
337.290435791,72.88028717041016,-60.05308151245117
337.456451416,73.08692932128906,-60.05308151245117
337.655670166,73.34284210205078,-60.05308151245117
337.805084228,73.54402160644531,-60.05308151245117
338.004302978,73.79993438720703,-60.05308151245117
338.153717041,73.98194122314453,-60.05308151245117
338.352935791,74.24195098876953,-60.05308151245117
338.502349853,74.44449615478516,-60.05308151245117
338.651763916,74.61967468261719,-60.05308151245117
338.751373291,74.7483139038086,-60.05308151245117
338.950592041,75.0083236694336,-60.05308151245117
339.100006103,75.21495819091797,-60.053890228271484
339.266021728,75.41466522216797,-60.05923843383789
339.465240478,75.67289733886719,-60.073455810546875
339.614654541,75.85447692871094,-60.08549880981445
339.813873291,76.10850524902344,-60.10115051269531
339.963287353,76.31089782714844,-60.10850524902344
340.112701416,76.48878479003906,-60.110809326171875
340.311920166,76.74879455566406,-60.112449645996094
340.511138916,77.00331115722656,-60.11405944824219
340.660552978,77.20582580566406,-60.11534118652344
340.809967041,77.37959289550781,-60.1164436340332
340.975982666,77.58760070800781,-60.11775588989258
341.125396728,77.79423522949219,-60.11695098876953
341.324615478,78.04737854003906,-60.1153678894043
341.523834228,78.30189514160156,-60.113773345947266
341.673248291,78.48390197753906,-60.11262512207031
341.872467041,78.73704528808594,-60.11104202270508
342.021881103,78.94093322753906,-60.109764099121094
342.171295166,79.11607360839844,-60.108673095703125
342.370513916,79.36921691894531,-60.10708999633789
342.536529541,79.57722473144531,-60.105777740478516
342.735748291,79.83036804199219,-60.10419464111328
342.885162353,80.03288269042969,-60.102928161621094
343.084381103,80.29014587402344,-60.10131072998047
343.233795166,80.47215270996094,-60.100162506103516
343.433013916,80.72529602050781,-60.09857940673828
343.582427978,80.92506408691406,-60.09733581542969
343.781646728,81.17546844482422,-60.0965461730957
343.931060791,81.35747528076172,-60.09876251220703
344.130279541,81.61748504638672,-60.10204315185547
344.296295166,81.8186264038086,-60.104591369628906
344.495513916,82.07451629638672,-60.107826232910156
344.644927978,82.28252410888672,-60.110450744628906
344.844146728,82.5356674194336,-60.11365509033203
344.993560791,82.70944213867188,-60.11507797241211
345.192779541,82.9598388671875,-60.112953186035156
345.342193603,83.1678466796875,-60.111000061035156
345.541412353,83.4278564453125,-60.108558654785156
345.740631103,83.68649291992188,-60.10612869262695
345.890045166,83.86163330078125,-60.10447692871094
346.056060791,84.06826782226562,-60.102535247802734
346.255279541,84.32553100585938,-60.10011672973633
346.454498291,84.57730102539062,-60.09782409667969
346.653717041,84.83181762695312,-60.09941864013672
346.803131103,85.03982543945312,-60.101402282714844
347.002349853,85.2984619140625,-60.10386657714844
347.151763916,85.47222900390625,-60.10551071166992
347.350982666,85.72262573242188,-60.10788345336914
347.500396728,85.93063354492188,-60.109867095947266
347.649810791,86.11264038085938,-60.111602783203125
347.865631103,86.39590454101562,-60.11429977416992
348.064849853,86.65591430664062,-60.11653137207031
348.214263916,86.83792114257812,-60.11505889892578
348.413482666,87.09105682373047,-60.111629486083984
348.562896728,87.29584503173828,-60.09834671020508
348.762115478,87.54959106445312,-60.057220458984375
348.911529541,87.715576171875,-60.001861572265625
349.110748291,87.92704772949219,-59.86717224121094
349.309967041,88.08490753173828,-59.66779327392578
349.475982666,88.14923095703125,-59.47361755371094
349.625396728,88.16617584228516,-59.26656723022461
349.824615478,88.15725708007812,-59.01777267456055
349.974029541,88.14204406738281,-58.83640670776367
350.173248291,88.12638092041016,-58.583740234375
350.372467041,88.11869049072266,-58.330711364746094
350.521881103,88.12075805664062,-58.12276077270508
350.721099853,88.13715362548828,-57.867401123046875
350.870513916,88.15296936035156,-57.69159698486328
351.086334228,88.17367553710938,-57.41733932495117
351.235748291,88.18207550048828,-57.238277435302734
351.434967041,88.18782043457031,-56.97834396362305
351.584381103,88.1908950805664,-56.77995300292969
351.783599853,88.19471740722656,-56.5281982421875
351.982818603,88.19511413574219,-56.270931243896484
352.132232666,88.19506072998047,-56.088924407958984
352.331451416,88.19498443603516,-55.8316535949707
352.530670166,88.19490814208984,-55.58259963989258
352.680084228,88.1948471069336,-55.381439208984375
352.895904541,88.19477081298828,-55.121429443359375
353.045318603,88.19470977783203,-54.91753005981445
353.244537353,88.19463348388672,-54.66299819946289
353.443756103,88.1945571899414,-54.40298843383789
353.593170166,88.19450378417969,-54.22098159790039
353.792388916,88.19442749023438,-53.96918869018555
353.941802978,88.19436645507812,-53.766658782958984
354.141021728,88.19429016113281,-53.506649017333984
354.290435791,88.1942367553711,-53.324642181396484
354.489654541,88.19416046142578,-53.07147979736328
354.655670166,88.19409942626953,-52.87168884277344
354.854888916,88.19402313232422,-52.61167907714844
355.004302978,88.19396209716797,-52.40367126464844
355.203521728,88.19388580322266,-52.150508880615234
355.402740478,88.19380950927734,-51.89323806762695
355.601959228,88.19373321533203,-51.63322830200195
355.751373291,88.19367980957031,-51.45396041870117
355.950592041,88.193603515625,-51.20353698730469
356.149810791,88.19352722167969,-50.947635650634766
356.315826416,88.19346618652344,-50.739627838134766
356.515045166,88.19338989257812,-50.48920440673828
356.714263916,88.19331359863281,-50.23604202270508
356.863677978,88.19325256347656,-50.02803421020508
357.062896728,88.19317626953125,-49.7707633972168
357.262115478,88.19309997558594,-49.513492584228516
357.411529541,88.19304656982422,-49.335594177246094
357.610748291,88.1929702758789,-49.075584411621094
357.809967041,88.1928939819336,-48.81968307495117
357.975982666,88.19283294677734,-48.61852264404297
358.175201416,88.19275665283203,-48.35988235473633
358.324615478,88.19269561767578,-48.15187454223633
358.523834228,88.19261932373047,-47.897342681884766
358.623443603,88.19258117675781,-47.770076751708984
358.772857666,88.1925277709961,-47.5908088684082
358.972076416,88.19245147705078,-47.3307991027832
359.171295166,88.19237518310547,-47.07352828979492
359.370513916,88.19229888916016,-46.82310485839844
359.536529541,88.1922378540039,-46.621944427490234
359.735748291,88.1921615600586,-46.361934661865234
359.934967041,88.19208526611328,-46.11014175415039
360.084381103,88.19202423095703,-45.90898132324219
360.283599853,88.19194793701172,-45.653079986572266
360.482818603,88.1918716430664,-45.393070220947266
360.632232666,88.19181823730469,-45.212432861328125
360.831451416,88.19174194335938,-44.96200942993164
361.030670166,88.19166564941406,-44.70610809326172
361.229888916,88.19158935546875,-44.44609832763672
361.395904541,88.1915283203125,-44.24082946777344
361.595123291,88.19145202636719,-43.98081970214844
361.744537353,88.19139099121094,-43.77281188964844
361.943756103,88.19131469726562,-43.519649505615234
362.142974853,88.19123840332031,-43.26785659790039
362.342193603,88.191162109375,-43.00784683227539
362.491607666,88.19110870361328,-42.82583999633789
362.690826416,88.19103240966797,-42.57267761230469
362.890045166,88.19095611572266,-42.320884704589844
363.056060791,88.1908950805664,-42.1142463684082
363.255279541,88.1908187866211,-41.85834503173828
363.404693603,88.19075775146484,-41.65718460083008
363.603912353,88.19068145751953,-41.402652740478516
363.803131103,88.19060516357422,-41.142642974853516
364.002349853,88.1905288696289,-40.886741638183594
364.201568603,88.1904525756836,-40.63494873046875
364.350982666,88.19039916992188,-40.45705032348633
364.550201416,88.19032287597656,-40.19977951049805
364.766021728,88.18777465820312,-39.91381072998047
364.915435791,88.1739501953125,-39.732364654541016
365.114654541,88.14832305908203,-39.47365951538086
365.313873291,88.1375732421875,-39.217994689941406
365.513092041,88.12284088134766,-38.96257400512695
365.662506103,88.09777069091797,-38.76022720336914
365.861724853,88.05834197998047,-38.5115966796875
366.060943603,87.9852523803711,-38.26523971557617
366.260162353,87.86563110351562,-38.0411491394043
366.426177978,87.73538970947266,-37.882789611816406
366.625396728,87.54522705078125,-37.71188735961914
366.774810791,87.39964294433594,-37.605010986328125
366.974029541,87.33271789550781,-37.55936813354492
367.173248291,87.33271789550781,-37.55936813354492
367.372467041,87.33271789550781,-37.55936813354492
367.571685791,87.33271789550781,-37.55936813354492
367.721099853,87.33271789550781,-37.55936813354492
367.920318603,87.33271789550781,-37.55936813354492
368.069732666,87.33271789550781,-37.55936813354492
368.285552978,87.33271789550781,-37.55936813354492
368.484771728,87.33271789550781,-37.55936813354492
368.634185791,87.33271789550781,-37.55936813354492
368.833404541,87.17975616455078,-37.452415466308594
369.032623291,86.97850799560547,-37.301116943359375
369.182037353,86.82015991210938,-37.17485809326172
369.381256103,86.62674713134766,-37.011531829833984
369.580474853,86.43494415283203,-36.846309661865234
369.729888916,86.30139923095703,-36.73086929321289
369.945709228,86.09498596191406,-36.55116653442383
370.144927978,85.89651489257812,-36.38322448730469
370.344146728,85.70735931396484,-36.221221923828125
370.493560791,85.57196807861328,-36.10374069213867
370.692779541,85.37638092041016,-35.93667221069336
370.891998291,85.17861938476562,-35.776458740234375
371.041412353,85.01429748535156,-35.64894485473633
371.240631103,84.80935668945312,-35.48895263671875
371.456451416,84.60197448730469,-35.332149505615234
371.655670166,84.39945220947266,-35.18025588989258
371.805084228,84.2322998046875,-35.05646896362305
372.004302978,84.02600860595703,-34.89822769165039
372.153717041,83.88427734375,-34.7840576171875
372.352935791,83.6819839477539,-34.620731353759766
372.552154541,83.48492431640625,-34.45535659790039
372.701568603,83.32794189453125,-34.32740783691406
372.900787353,83.12761688232422,-34.16167068481445
373.100006103,82.92459869384766,-33.99924087524414
373.266021728,82.75828552246094,-33.87434387207031
373.465240478,82.550537109375,-33.72262954711914
373.664459228,82.3452377319336,-33.56309509277344
373.813873291,82.20785522460938,-33.45006561279297
374.013092041,82.00505065917969,-33.28738021850586
374.212310791,81.80052185058594,-33.126869201660156
374.411529541,81.60054016113281,-32.976173400878906
374.560943603,81.43487548828125,-32.85041427612305
374.760162353,81.23013305664062,-32.699214935302734
374.926177978,81.0638427734375,-32.576568603515625
375.125396728,80.85665130615234,-32.428741455078125
375.324615478,80.64735412597656,-32.27682113647461
375.523834228,80.44212341308594,-32.126285552978516
375.673248291,80.29826354980469,-32.017066955566406
375.872467041,80.10004425048828,-31.849023818969727
376.071685791,79.94544982910156,-31.65140724182129
376.270904541,79.86256408691406,-31.41063117980957
376.470123291,79.84822845458984,-31.151485443115234
376.636138916,79.86627960205078,-30.9443359375
376.835357666,79.90535736083984,-30.68868637084961
377.034576416,79.93744659423828,-30.443220138549805
377.183990478,79.93905639648438,-30.243515014648438
377.383209228,79.92139434814453,-29.984140396118164
377.582427978,79.90348815917969,-29.724767684936523
377.731842041,79.89606475830078,-29.54840087890625
377.980865478,79.89266204833984,-29.22686004638672
378.130279541,79.89620971679688,-29.0462646484375
378.346099853,79.90309143066406,-28.760337829589844
378.495513916,79.90737915039062,-28.58249282836914
378.644927978,79.91217041015625,-28.384132385253906
378.844146728,79.91474151611328,-28.12415885925293
378.993560791,79.9139404296875,-27.94216537475586
379.192779541,79.91282653808594,-27.687644958496094
379.391998291,79.9117202758789,-27.434492111206055
379.591217041,79.91057586669922,-27.174501419067383
379.790435791,79.90943908691406,-26.915878295898438
379.956451416,79.90855407714844,-26.713356018066406
380.155670166,79.9074478149414,-26.460203170776367
380.354888916,79.90630340576172,-26.200212478637695
380.554107666,79.9051742553711,-25.942956924438477
380.753326416,79.90408325195312,-25.69253921508789
380.952545166,79.90293884277344,-25.43254852294922
381.151763916,79.90181732177734,-25.176660537719727
381.350982666,79.90071868896484,-24.924875259399414
381.550201416,79.89962005615234,-24.6730899810791
381.716217041,79.8987045288086,-24.465097427368164
381.915435791,79.89757537841797,-24.207841873168945
382.064849853,79.89671325683594,-24.009422302246094
382.264068603,79.89559173583984,-23.7535343170166
382.463287353,79.89486694335938,-23.49354362487793
382.662506103,79.89730834960938,-23.237661361694336
382.861724853,79.90016174316406,-22.98862648010254
383.060943603,79.90309143066406,-22.732744216918945
383.260162353,79.90606689453125,-22.472753524780273
383.409576416,79.90811920166016,-22.293498992919922
383.625396728,79.91133117675781,-22.01298713684082
383.824615478,79.91427612304688,-21.755735397338867
384.023834228,79.91641235351562,-21.49848175048828
384.223052978,79.91464233398438,-21.249431610107422
384.372467041,79.91333770751953,-21.072908401489258
384.571685791,79.91143035888672,-20.812917709350586
384.770904541,79.90953826904297,-20.555662155151367
384.970123291,79.907470703125,-20.3079833984375
385.185943603,79.88787841796875,-20.039236068725586
385.335357666,79.86396026611328,-19.858814239501953
385.534576416,79.83543395996094,-19.600391387939453
385.733795166,79.8151626586914,-19.342565536499023
385.933013916,79.80339813232422,-19.091060638427734
386.132232666,79.79940795898438,-18.831100463867188
386.331451416,79.80362701416016,-18.571147918701172
386.530670166,79.81576538085938,-18.316923141479492
386.729888916,79.83447265625,-18.058963775634766
386.895904541,79.84637451171875,-17.851308822631836
387.095123291,79.85369110107422,-17.59963607788086
387.294342041,79.85345458984375,-17.345117568969727
387.493560791,79.85154724121094,-17.085126876831055
387.692779541,79.84967803955078,-16.831974029541016
387.891998291,79.84781646728516,-16.580188751220703
388.091217041,79.8459243774414,-16.322933197021484
388.290435791,79.8440170288086,-16.062942504882812
388.456451416,79.84259796142578,-15.870186805725098
388.655670166,79.8423843383789,-15.841187477111816
388.854888916,79.8423843383789,-15.841187477111816
389.054107666,79.8423843383789,-15.841187477111816
389.253326416,79.8423843383789,-15.841187477111816
389.452545166,79.8423843383789,-15.841187477111816
389.651763916,79.8423843383789,-15.841187477111816
389.850982666,79.8423843383789,-15.841187477111816
390.100006103,79.8423843383789,-15.841187477111816
390.249420166,79.8423843383789,-15.841187477111816
390.465240478,79.8423843383789,-15.841187477111816
390.664459228,79.8423843383789,-15.841187477111816
390.863677978,79.8423843383789,-15.841187477111816
391.062896728,79.8423843383789,-15.841187477111816
391.262115478,79.8423843383789,-15.841187477111816
391.461334228,79.8423843383789,-15.841187477111816
391.660552978,79.84080505371094,-15.62643051147461
391.809967041,79.83950805664062,-15.451279640197754
392.025787353,79.83745574951172,-15.173501014709473
392.225006103,79.83594512939453,-14.913507461547852
392.424224853,79.83688354492188,-14.656244277954102
392.623443603,79.83820343017578,-14.405823707580566
392.822662353,79.83956909179688,-14.147192001342773
393.021881103,79.8409423828125,-13.887191772460938
393.221099853,79.84225463867188,-13.638139724731445
393.420318603,79.84358978271484,-13.384982109069824
393.586334228,79.84468841552734,-13.176981925964355
393.785552978,79.84601593017578,-12.925192832946777
393.984771728,79.8473129272461,-12.678877830505371
394.183990478,79.84862518310547,-12.429825782775879
394.383209228,79.84999084472656,-12.171194076538086
394.582427978,79.85136413574219,-11.91119384765625
394.781646728,79.85269927978516,-11.658036231994629
394.980865478,79.85409545898438,-11.40761661529541
395.180084228,79.8607177734375,-11.1504487991333
395.346099853,79.87090301513672,-10.942700386047363
395.545318603,79.89234161376953,-10.691876411437988
395.744537353,79.9377212524414,-10.442975044250488
395.943756103,80.02882385253906,-10.200068473815918
396.142974853,80.18379211425781,-9.998046875
396.342193603,80.39389038085938,-9.861254692077637
396.491607666,80.56088256835938,-9.804924964904785
396.690826416,80.819091796875,-9.781428337097168
396.840240478,81.0209732055664,-9.796884536743164
396.989654541,81.19020080566406,-9.821702003479004
397.205474853,81.4615478515625,-9.866711616516113
397.354888916,81.63410949707031,-9.887176513671875
397.554107666,81.8823471069336,-9.906330108642578
397.753326416,82.13674926757812,-9.902512550354004
397.902740478,82.34445190429688,-9.891846656799316
398.101959228,82.59607696533203,-9.883243560791016
398.301177978,82.84239196777344,-9.881869316101074
398.450592041,83.01893615722656,-9.881719589233398
398.550201416,83.14757537841797,-9.881610870361328
398.766021728,83.43358612060547,-9.881369590759277
398.965240478,83.686767578125,-9.881155014038086
399.114654541,83.86604309082031,-9.881003379821777
399.313873291,84.12332153320312,-9.880785942077637
399.463287353,84.32859802246094,-9.88061237335205
399.662506103,84.58314514160156,-9.880396842956543
399.811920166,84.7583236694336,-9.880248069763184
400.011138916,85.0156021118164,-9.880030632019043
400.210357666,85.2756118774414,-9.87981128692627
400.376373291,85.47952270507812,-9.879638671875
400.575592041,85.73270416259766,-9.879424095153809
400.725006103,85.94071197509766,-9.87924861907959
400.924224853,86.20072174072266,-9.879029273986816
401.073638916,86.37590026855469,-9.878880500793457
401.272857666,86.62498474121094,-9.878750801086426
401.472076416,86.88481903076172,-9.886813163757324
401.621490478,87.08953857421875,-9.901740074157715
401.820709228,87.34180450439453,-9.923081398010254
401.970123291,87.52227020263672,-9.946316719055176
402.185943603,87.79454803466797,-10.031225204467773
402.335357666,87.94322967529297,-10.125571250915527
402.484771728,88.08000946044922,-10.281061172485352
402.634185791,88.15293884277344,-10.447135925292969
402.783599853,88.18175506591797,-10.652559280395508
402.933013916,88.17283630371094,-10.832873344421387
403.082427978,88.14759063720703,-11.032432556152344
403.281646728,88.11304473876953,-11.287359237670898
403.431060791,88.09553527832031,-11.468485832214355
403.580474853,88.0886001586914,-11.676342964172363
403.729888916,88.09620666503906,-11.852641105651855
403.895904541,88.11843872070312,-12.053932189941406
404.045318603,88.14368438720703,-12.260393142700195
404.194732666,88.16726684570312,-12.440855026245117
404.344146728,88.19498443603516,-12.64423656463623
404.493560791,88.2152328491211,-12.820972442626953
404.642974853,88.23497772216797,-13.025279998779297
404.792388916,88.25228118896484,-13.206452369689941
404.941802978,88.26976776123047,-13.413710594177246
405.091217041,88.28038024902344,-13.588543891906738
405.240631103,88.29004669189453,-13.786725044250488
405.390045166,88.30249786376953,-13.964179992675781
405.556060791,88.31917572021484,-14.168763160705566
405.755279541,88.3345947265625,-14.426924705505371
405.904693603,88.35043334960938,-14.631540298461914
406.054107666,88.37245178222656,-14.808066368103027
406.203521728,88.3951644897461,-15.01481819152832
406.352935791,88.41099548339844,-15.196125984191895
406.502349853,88.42791748046875,-15.400689125061035
406.651763916,88.44209289550781,-15.57801628112793
406.801177978,88.45379638671875,-15.776086807250977
406.950592041,88.46021270751953,-15.95797061920166
407.149810791,88.47044372558594,-16.217714309692383
407.266021728,88.48587036132812,-16.367443084716797
407.465240478,88.51183319091797,-16.620635986328125
407.614654541,88.52570343017578,-16.802101135253906
407.764068603,88.53795623779297,-17.00973892211914
407.913482666,88.55162811279297,-17.189847946166992
408.112701416,88.57039642333984,-17.44367218017578
408.262115478,88.58233642578125,-17.645841598510742
408.411529541,88.6008529663086,-17.826887130737305
408.560943603,88.62500762939453,-18.030723571777344
408.760162353,88.66248321533203,-18.28108787536621
408.876373291,88.67635345458984,-18.403453826904297
409.025787353,88.69271087646484,-18.60531234741211
409.175201416,88.7031478881836,-18.787010192871094
409.374420166,88.7110824584961,-19.046878814697266
409.523834228,88.70657348632812,-19.227033615112305
409.673248291,88.7064208984375,-19.229028701782227
409.822662353,88.7064208984375,-19.229028701782227
409.972076416,88.7064208984375,-19.229028701782227
410.171295166,88.7064208984375,-19.229028701782227
410.320709228,88.7064208984375,-19.229028701782227
410.470123291,88.7064208984375,-19.229028701782227
410.636138916,88.7064208984375,-19.229028701782227
410.835357666,88.7064208984375,-19.229028701782227
410.984771728,88.66234588623047,-19.227458953857422
411.183990478,88.47921752929688,-19.1447811126709
411.383209228,88.36664581298828,-18.959224700927734
411.582427978,88.37259674072266,-18.706100463867188
411.781646728,88.4599609375,-18.461444854736328
411.980865478,88.54419708251953,-18.21563720703125
412.180084228,88.57890319824219,-17.962915420532227
412.395904541,88.54986572265625,-17.70496940612793
412.595123291,88.47882080078125,-17.459299087524414
412.794342041,88.39137268066406,-17.218809127807617
412.943756103,88.32491302490234,-17.021732330322266
413.142974853,88.2535629272461,-16.771787643432617
413.292388916,88.2126693725586,-16.59444808959961
413.491607666,88.16050720214844,-16.34393882751465
413.690826416,88.1304702758789,-16.179641723632812
413.890045166,88.13029479980469,-16.17865753173828
414.105865478,88.13005828857422,-16.177310943603516
414.255279541,88.12896728515625,-16.16779899597168
414.454498291,88.13179016113281,-16.154571533203125
414.653717041,88.15229034423828,-16.138992309570312
414.852935791,88.36276245117188,-16.108243942260742
415.002349853,88.55804443359375,-16.175403594970703
415.201568603,88.76885986328125,-16.327022552490234
415.350982666,88.90664672851562,-16.445913314819336
415.500396728,89.06086730957031,-16.57717514038086
415.649810791,89.20378112792969,-16.687538146972656
415.865631103,89.4477767944336,-16.830915451049805
415.965240478,89.56169891357422,-16.88448143005371
416.114654541,89.72782897949219,-16.95176887512207
416.313873291,89.97187042236328,-17.04144859313965
416.463287353,90.16880798339844,-17.108383178710938
416.662506103,90.41328430175781,-17.188549041748047
416.811920166,90.58082580566406,-17.244125366210938
417.011138916,90.82054901123047,-17.311609268188477
417.160552978,91.01692199707031,-17.36115074157715
417.309967041,91.19001770019531,-17.402202606201172
417.525787353,91.45924377441406,-17.470630645751953
417.675201416,91.5865249633789,-17.50554656982422
417.824615478,91.6355972290039,-17.519439697265625
418.023834228,91.88337707519531,-17.594844818115234
418.223052978,92.13095092773438,-17.67428970336914
418.372467041,92.30484008789062,-17.72799301147461
418.521881103,92.50455474853516,-17.78616714477539
418.721099853,92.74888610839844,-17.852413177490234
418.920318603,92.99784088134766,-17.905080795288086
419.086334228,93.20233154296875,-17.943151473999023
419.285552978,93.45816040039062,-17.989513397216797
419.484771728,93.71000671386719,-18.04186248779297
419.634185791,93.88461303710938,-18.088117599487305
419.833404541,94.12665557861328,-18.152280807495117
419.982818603,94.26384735107422,-18.186458587646484
420.182037353,94.47705078125,-18.226625442504883
420.381256103,94.7261962890625,-18.250911712646484
420.580474853,94.977783203125,-18.26055335998535
420.729888916,95.14703369140625,-18.2695255279541
420.945709228,95.1624984741211,-18.270658493041992
421.095123291,95.1624984741211,-18.270658493041992
421.294342041,95.34032440185547,-18.272476196289062
421.493560791,95.58568572998047,-18.218584060668945
421.692779541,95.82728576660156,-18.13431167602539
421.891998291,96.05290222167969,-18.068754196166992
422.041412353,96.05484008789062,-18.068239212036133
422.240631103,96.24259185791016,-18.031471252441406
422.390045166,96.42427825927734,-18.022920608520508
422.605865478,96.70934295654297,-18.044418334960938
422.805084228,96.96338653564453,-18.07513999938965
422.954498291,97.14440155029297,-18.094024658203125
423.153717041,97.40225219726562,-18.113969802856445
423.352935791,97.65799713134766,-18.119930267333984
423.552154541,97.91108703613281,-18.113967895507812
423.701568603,98.06904602050781,-18.109956741333008
423.900787353,98.25825500488281,-18.105148315429688
424.100006103,98.50723266601562,-18.10047721862793
424.266021728,98.71249389648438,-18.100849151611328
424.465240478,98.97250366210938,-18.10163116455078
424.664459228,99.2297134399414,-18.106090545654297
424.813873291,99.40469360351562,-18.11394691467285
425.013092041,99.65482330322266,-18.1420841217041
425.212310791,99.90388488769531,-18.19411277770996
425.411529541,100.15514373779297,-18.260894775390625
425.560943603,100.35665130615234,-18.31239891052246
425.760162353,100.6031723022461,-18.369953155517578
425.926177978,100.80412292480469,-18.4041805267334
426.125396728,101.06097412109375,-18.434566497802734
426.324615478,101.31837463378906,-18.4710636138916
426.474029541,101.34789276123047,-18.47642707824707
426.673248291,101.34789276123047,-18.47642707824707
426.872467041,101.55923461914062,-18.496253967285156
427.021881103,101.76051330566406,-18.460128784179688
427.221099853,101.98870086669922,-18.342849731445312
427.420318603,102.1964340209961,-18.193431854248047
427.586334228,102.3732681274414,-18.089754104614258
427.785552978,102.61695098876953,-18.01310920715332
427.984771728,102.73453521728516,-17.991939544677734
428.183990478,102.73453521728516,-17.991939544677734
428.383209228,102.73453521728516,-17.991939544677734
428.582427978,102.73453521728516,-17.991939544677734
428.781646728,102.73453521728516,-17.991939544677734
428.931060791,102.73453521728516,-17.991939544677734
429.130279541,102.73453521728516,-17.991939544677734
429.346099853,102.73453521728516,-17.991939544677734
429.545318603,102.73589324951172,-17.99174690246582
429.694732666,102.74542999267578,-17.990907669067383
429.893951416,102.75982666015625,-17.994577407836914
430.093170166,102.8455810546875,-18.107187271118164
430.242584228,102.89273071289062,-18.305227279663086
430.391998291,102.8714828491211,-18.47861099243164
430.591217041,102.80255889892578,-18.72928237915039
430.740631103,102.75084686279297,-18.930740356445312
430.890045166,102.71049499511719,-19.106800079345703
431.056060791,102.67776489257812,-19.305227279663086
431.205474853,102.65998840332031,-19.508296966552734
431.354888916,102.65457916259766,-19.690196990966797
431.504302978,102.65071868896484,-19.89678955078125
431.653717041,102.64337158203125,-20.07179069519043
431.852935791,102.62828063964844,-20.3231258392334
432.002349853,102.61529541015625,-20.527976989746094
432.151763916,102.60020446777344,-20.709346771240234
432.301177978,102.58110809326172,-20.91509246826172
432.450592041,102.56609344482422,-21.089603424072266
432.649810791,102.54785919189453,-21.339357376098633
432.766021728,102.533935546875,-21.491985321044922
432.915435791,102.51874542236328,-21.673357009887695
433.114654541,102.4996337890625,-21.929906845092773
433.264068603,102.48778533935547,-22.1320858001709
433.413482666,102.47348022460938,-22.310775756835938
433.562896728,102.4563980102539,-22.518068313598633
433.762115478,102.43892669677734,-22.764944076538086
433.911529541,102.43802642822266,-22.78041648864746
434.060943603,102.43150329589844,-22.880203247070312
434.210357666,102.41641235351562,-23.061573028564453
434.376373291,102.40241241455078,-23.21245002746582
434.525787353,102.389892578125,-23.365568161010742
434.675201416,102.37911987304688,-23.541765213012695
434.874420166,102.37055206298828,-23.792030334472656
435.023834228,102.36530303955078,-23.994483947753906
435.173248291,102.35664367675781,-24.173532485961914
435.322662353,102.34219360351562,-24.381031036376953
435.472076416,102.32891845703125,-24.562549591064453
435.621490478,102.31753540039062,-24.764753341674805
435.770904541,102.3074951171875,-24.938251495361328
435.870513916,102.2979507446289,-25.062410354614258
436.036529541,102.27959442138672,-25.26822280883789
436.185943603,102.26406860351562,-25.474267959594727
436.335357666,102.2549819946289,-25.650558471679688
436.484771728,102.24707794189453,-25.850189208984375
436.683990478,102.23018646240234,-26.106887817382812
436.833404541,102.21507263183594,-26.288267135620117
436.982818603,102.20093536376953,-26.493040084838867
437.132232666,102.1929702758789,-26.669384002685547
437.281646728,102.18521118164062,-26.87312889099121
437.480865478,102.16831970214844,-27.12982749938965
437.630279541,102.15379333496094,-27.311246871948242
437.779693603,102.14018249511719,-27.491363525390625
437.945709228,102.12850189208984,-27.718215942382812
438.095123291,102.1213150024414,-27.89870262145996
438.244537353,102.10958099365234,-28.093849182128906
438.443756103,102.10863494873047,-28.10931968688965
438.593170166,102.10863494873047,-28.10931968688965
438.742584228,102.10863494873047,-28.10931968688965
438.891998291,102.10863494873047,-28.10931968688965
439.091217041,102.10863494873047,-28.10931968688965
439.240631103,102.09793853759766,-28.284517288208008
439.390045166,102.08695983886719,-28.464811325073242
439.556060791,102.07596588134766,-28.664295196533203
439.705474853,102.06952667236328,-28.872190475463867
439.854888916,102.06795501708984,-29.054180145263672
440.054107666,102.0669174194336,-29.308700561523438
440.203521728,102.06609344482422,-29.51122283935547
440.352935791,102.06536102294922,-29.690481185913086
440.502349853,102.06450653076172,-29.898473739624023
440.701568603,102.06343841552734,-30.158464431762695
440.850982666,102.06271362304688,-30.336355209350586
441.050201416,102.06189727783203,-30.5357723236084
441.149810791,102.06189727783203,-30.5357723236084
441.365631103,102.06189727783203,-30.5357723236084
441.515045166,102.06189727783203,-30.5357723236084
441.714263916,102.06189727783203,-30.5357723236084
441.863677978,102.06189727783203,-30.5357723236084
442.013092041,102.06189727783203,-30.5357723236084
442.212310791,102.06189727783203,-30.5357723236084
442.361724853,102.06189727783203,-30.5357723236084
442.560943603,102.06189727783203,-30.5357723236084
442.710357666,102.06189727783203,-30.5357723236084
442.876373291,102.06189727783203,-30.5357723236084
443.075592041,102.06189727783203,-30.5357723236084
443.225006103,102.06189727783203,-30.5357723236084
443.374420166,102.06189727783203,-30.5357723236084
443.523834228,102.06189727783203,-30.5357723236084
443.723052978,102.06189727783203,-30.5357723236084
443.872467041,102.06189727783203,-30.5357723236084
444.071685791,102.06189727783203,-30.5357723236084
444.221099853,102.06189727783203,-30.5357723236084
444.420318603,102.06189727783203,-30.5357723236084
444.569732666,102.06189727783203,-30.5357723236084
444.735748291,102.06189727783203,-30.5357723236084
444.885162353,102.06189727783203,-30.5357723236084
445.034576416,102.06622314453125,-30.659183502197266
445.233795166,102.1402816772461,-30.89292335510254
445.433013916,102.32471466064453,-31.04656219482422
445.582427978,102.52774810791016,-31.08452033996582
445.781646728,102.78504180908203,-31.050533294677734
445.980865478,103.03823852539062,-30.991474151611328
446.180084228,103.29331970214844,-30.941511154174805
446.346099853,103.50065612792969,-30.92735481262207
446.545318603,103.75621795654297,-30.952924728393555
446.744537353,103.93089294433594,-30.999483108520508
446.943756103,104.07560729980469,-31.049131393432617
447.093170166,104.24727630615234,-31.109573364257812
447.292388916,104.4931640625,-31.194055557250977
447.491607666,104.73717498779297,-31.275585174560547
447.641021728,104.93245697021484,-31.33415412902832
447.840240478,105.17152404785156,-31.403932571411133
448.006256103,105.36357116699219,-31.458948135375977
448.205474853,105.61254119873047,-31.523717880249023
448.354888916,105.78935241699219,-31.566869735717773
448.554107666,106.04153442382812,-31.63013458251953
448.753326416,106.29132080078125,-31.691606521606445
448.902740478,106.48670959472656,-31.733259201049805
449.101959228,106.73915100097656,-31.774621963500977
449.301177978,106.99818420410156,-31.796825408935547
449.500396728,107.25688171386719,-31.82254409790039
449.649810791,107.43646240234375,-31.851869583129883
449.815826416,107.63921356201172,-31.898263931274414
450.015045166,107.89058685302734,-31.964618682861328
450.214263916,108.1402816772461,-32.03706359863281
450.413482666,108.38729095458984,-32.09199142456055
450.612701416,108.63936614990234,-32.11345672607422
450.762115478,108.8404769897461,-32.111412048339844
450.961334228,109.10008239746094,-32.09698486328125
451.160552978,109.3598861694336,-32.08699035644531
451.309967041,109.53502655029297,-32.08489227294922
451.525787353,109.8114242553711,-32.08343505859375
451.725006103,110.0714340209961,-32.082061767578125
451.924224853,110.325927734375,-32.08323287963867
452.073638916,110.50363159179688,-32.09117889404297
452.272857666,110.75791931152344,-32.10197830200195
452.472076416,110.99250030517578,-32.11565399169922
452.671295166,111.00799560546875,-32.11599349975586
452.820709228,111.00799560546875,-32.11599349975586
453.036529541,111.00799560546875,-32.11599349975586
453.235748291,111.00799560546875,-32.11599349975586
453.434967041,111.00799560546875,-32.11599349975586
453.634185791,111.00799560546875,-32.11599349975586
453.833404541,111.00799560546875,-32.11599349975586
454.032623291,111.00799560546875,-32.11599349975586
454.182037353,111.00799560546875,-32.11599349975586
454.381256103,111.00799560546875,-32.11599349975586
454.580474853,111.00799560546875,-32.11599349975586
454.796295166,111.00799560546875,-32.11599349975586
454.995513916,111.00799560546875,-32.11599349975586
455.144927978,111.00799560546875,-32.11599349975586
455.393951416,111.00799560546875,-32.11599349975586
455.543365478,111.00799560546875,-32.11599349975586
455.692779541,111.00799560546875,-32.11599349975586
455.842193603,111.00799560546875,-32.11599349975586
456.041412353,111.00799560546875,-32.11599349975586
456.240631103,111.00799560546875,-32.11599349975586
456.439849853,111.00799560546875,-32.11599349975586
456.655670166,111.00799560546875,-32.11599349975586
456.854888916,111.00799560546875,-32.11599349975586
457.054107666,111.00799560546875,-32.11599349975586
457.203521728,111.00799560546875,-32.11599349975586
457.402740478,111.00799560546875,-32.11599349975586
457.601959228,111.00799560546875,-32.11599349975586
457.801177978,111.00799560546875,-32.11599349975586
458.000396728,111.00799560546875,-32.11599349975586
458.216217041,111.00799560546875,-32.11599349975586
458.415435791,111.00799560546875,-32.11599349975586
458.564849853,111.00799560546875,-32.11599349975586
458.764068603,111.00799560546875,-32.11599349975586
458.963287353,111.00799560546875,-32.11599349975586
459.162506103,111.00799560546875,-32.11599349975586
459.361724853,111.00799560546875,-32.11599349975586
459.560943603,111.00799560546875,-32.11599349975586
459.760162353,111.00799560546875,-32.11599349975586
459.909576416,111.00799560546875,-32.11599349975586
460.125396728,111.21199798583984,-32.11653137207031
460.324615478,111.468994140625,-32.105995178222656
460.523834228,111.49312591552734,-32.103492736816406
460.723052978,111.49312591552734,-32.103492736816406
460.872467041,111.49312591552734,-32.103492736816406
461.071685791,111.49312591552734,-32.103492736816406
461.320709228,111.49312591552734,-32.103492736816406
461.470123291,111.49312591552734,-32.103492736816406
461.685943603,111.49312591552734,-32.103492736816406
461.885162353,111.49312591552734,-32.103492736816406
462.034576416,111.49312591552734,-32.103492736816406
462.233795166,111.49312591552734,-32.103492736816406
462.433013916,111.49312591552734,-32.103492736816406
462.632232666,111.49312591552734,-32.103492736816406
462.831451416,111.49312591552734,-32.103492736816406
462.980865478,111.49312591552734,-32.103492736816406
463.180084228,111.49312591552734,-32.103492736816406
463.395904541,111.49312591552734,-32.103492736816406
463.595123291,111.49312591552734,-32.103492736816406
463.794342041,111.50554656982422,-32.102088928222656
463.943756103,111.6800308227539,-32.09059143066406
464.142974853,111.93724060058594,-32.09281539916992
464.342193603,112.18602752685547,-32.10408401489258
464.541412353,112.43580627441406,-32.12210464477539
464.740631103,112.67015075683594,-32.13960647583008
464.890045166,112.67214965820312,-32.13974380493164
465.105865478,112.86337280273438,-32.149810791015625
465.305084228,113.04828643798828,-32.15521240234375
465.504302978,113.13677215576172,-32.156497955322266
465.703521728,113.38717651367188,-32.15489196777344
465.902740478,113.64301300048828,-32.150306701660156
466.101959228,113.90294647216797,-32.145652770996094
466.301177978,114.16014862060547,-32.14104461669922
466.500396728,114.41191864013672,-32.14067840576172
466.649810791,114.58843231201172,-32.1419677734375
466.865631103,114.87169647216797,-32.14404296875
467.064849853,115.12620544433594,-32.14350891113281
467.214263916,115.30615234375,-32.12866973876953
467.413482666,115.5592269897461,-32.07086181640625
467.612701416,115.7894287109375,-31.963769912719727
467.811920166,115.98904418945312,-31.804752349853516
468.011138916,116.12615203857422,-31.593585968017578
468.160552978,116.1776123046875,-31.398345947265625
468.376373291,116.17903137207031,-31.14565658569336
468.525787353,116.16737365722656,-31.047836303710938
468.725006103,116.12313079833984,-30.806949615478516
468.924224853,116.08048248291016,-30.55467414855957
469.123443603,116.05990600585938,-30.305191040039062
469.272857666,116.054931640625,-30.12326431274414
469.472076416,116.05419921875,-30.067272186279297
469.671295166,116.05419921875,-30.067272186279297
469.870513916,116.05419921875,-30.067272186279297
470.036529541,116.05419921875,-30.067272186279297
470.235748291,116.05419921875,-30.067272186279297
470.434967041,116.05419921875,-30.067272186279297
470.634185791,116.05419921875,-30.067272186279297
470.833404541,116.05419921875,-30.067272186279297
471.032623291,116.05419921875,-30.067272186279297
471.231842041,116.05419921875,-30.067272186279297
471.431060791,116.05419921875,-30.067272186279297
471.630279541,116.05419921875,-30.067272186279297
471.796295166,116.05419921875,-30.067272186279297
471.995513916,116.05419921875,-30.067272186279297
472.194732666,116.05419921875,-30.067272186279297
472.393951416,116.05419921875,-30.067272186279297
472.593170166,116.05419921875,-30.067272186279297
472.792388916,116.05419921875,-30.067272186279297
472.941802978,116.05419921875,-30.067272186279297
473.141021728,116.05419921875,-30.067272186279297
473.340240478,116.05419921875,-30.067272186279297
473.556060791,116.05419921875,-30.067272186279297
473.755279541,116.05419921875,-30.067272186279297
473.954498291,116.05419921875,-30.067272186279297
474.153717041,116.05419921875,-30.067272186279297
474.352935791,116.05419921875,-30.067272186279297
474.552154541,116.05419921875,-30.067272186279297
474.751373291,116.05419921875,-30.067272186279297
474.950592041,116.05419921875,-30.067272186279297
475.149810791,116.05419921875,-30.067272186279297
475.315826416,116.05419921875,-30.067272186279297
475.564849853,116.05419921875,-30.067272186279297
475.664459228,116.05419921875,-30.067272186279297
475.863677978,116.05419921875,-30.067272186279297
476.013092041,116.05419921875,-30.067272186279297
476.212310791,116.05419921875,-30.067272186279297
476.411529541,116.05419921875,-30.067272186279297
476.610748291,116.05419921875,-30.067272186279297
476.760162353,116.05419921875,-30.067272186279297
476.975982666,116.05419921875,-30.067272186279297
477.175201416,116.05419921875,-30.067272186279297
477.374420166,116.05419921875,-30.067272186279297
477.523834228,116.05419921875,-30.067272186279297
477.723052978,116.05419921875,-30.067272186279297
477.922271728,116.05419921875,-30.067272186279297
478.121490478,116.05419921875,-30.067272186279297
478.320709228,116.05419921875,-30.067272186279297
478.470123291,116.05419921875,-30.067272186279297
478.685943603,116.05419921875,-30.067272186279297
478.885162353,116.05419921875,-30.067272186279297
479.084381103,116.05419921875,-30.067272186279297
479.283599853,116.05419921875,-30.067272186279297
479.482818603,116.05419921875,-30.067272186279297
479.632232666,116.05419921875,-30.067272186279297
479.831451416,116.05419921875,-30.067272186279297
480.030670166,116.05419921875,-30.067272186279297
480.229888916,116.05419921875,-30.067272186279297
480.445709228,116.05419921875,-30.067272186279297
480.644927978,116.05419921875,-30.067272186279297
480.844146728,116.05419921875,-30.067272186279297
480.993560791,116.05419921875,-30.067272186279297
481.192779541,116.05419921875,-30.067272186279297
481.391998291,116.05419921875,-30.067272186279297
481.591217041,116.05419921875,-30.067272186279297
481.790435791,116.05419921875,-30.067272186279297
481.989654541,116.05419921875,-30.067272186279297
482.205474853,116.05419921875,-30.067272186279297
482.354888916,116.05419921875,-30.067272186279297
482.554107666,116.05419921875,-30.067272186279297
482.753326416,116.05419921875,-30.067272186279297
482.952545166,116.05419921875,-30.067272186279297
483.151763916,116.05419921875,-30.067272186279297
483.350982666,116.05419921875,-30.067272186279297
483.550201416,116.05419921875,-30.067272186279297
483.716217041,116.05419921875,-30.067272186279297
483.915435791,116.05419921875,-30.067272186279297
484.114654541,116.05419921875,-30.067272186279297
484.313873291,116.05419921875,-30.067272186279297
484.513092041,116.05419921875,-30.067272186279297
484.662506103,116.05419921875,-30.067272186279297
484.861724853,116.05419921875,-30.067272186279297
485.060943603,116.05419921875,-30.067272186279297
485.260162353,116.05419921875,-30.067272186279297
485.475982666,116.05419921875,-30.067272186279297
485.675201416,116.05419921875,-30.067272186279297
485.874420166,116.05419921875,-30.067272186279297
486.073638916,116.05419921875,-30.067272186279297
486.272857666,116.05419921875,-30.067272186279297
486.472076416,116.05419921875,-30.067272186279297
486.671295166,116.05419921875,-30.067272186279297
486.870513916,116.05419921875,-30.067272186279297
487.036529541,116.05419921875,-30.067272186279297
487.235748291,116.05419921875,-30.067272186279297
487.434967041,116.05419921875,-30.067272186279297
487.634185791,116.05419921875,-30.067272186279297
487.883209228,116.05419921875,-30.067272186279297
488.082427978,116.05419921875,-30.067272186279297
488.231842041,116.05419921875,-30.067272186279297
488.431060791,116.05419921875,-30.067272186279297
488.630279541,116.05419921875,-30.067272186279297
488.829498291,116.05419921875,-30.067272186279297
489.045318603,116.05419921875,-30.067272186279297
489.194732666,116.05419921875,-30.067272186279297
489.393951416,116.05419921875,-30.067272186279297
489.593170166,116.05419921875,-30.067272186279297
489.792388916,116.05419921875,-30.067272186279297
489.991607666,116.06051635742188,-29.8624210357666
490.190826416,116.0872802734375,-29.6203670501709
490.340240478,116.11460876464844,-29.41831398010254
490.556060791,116.14193725585938,-29.1707706451416
490.755279541,116.15509033203125,-28.911191940307617
490.904693603,116.14990234375,-28.703323364257812
491.103912353,116.13555908203125,-28.580028533935547
491.253326416,116.13555908203125,-28.580028533935547
491.502349853,116.13555908203125,-28.580028533935547
491.651763916,116.13555908203125,-28.580028533935547
491.850982666,116.13555908203125,-28.580028533935547
492.050201416,116.13555908203125,-28.580028533935547
492.266021728,116.13555908203125,-28.580028533935547
492.465240478,116.13555908203125,-28.580028533935547
492.664459228,116.13555908203125,-28.580028533935547
492.863677978,116.13555908203125,-28.580028533935547
493.062896728,116.13555908203125,-28.580028533935547
493.262115478,116.13555908203125,-28.580028533935547
493.461334228,116.13555908203125,-28.580028533935547
493.610748291,116.13555908203125,-28.580028533935547
493.809967041,116.13555908203125,-28.580028533935547
494.025787353,116.13555908203125,-28.580028533935547
494.225006103,116.13555908203125,-28.580028533935547
494.424224853,116.13555908203125,-28.580028533935547
494.623443603,116.13555908203125,-28.580028533935547
494.822662353,116.10978698730469,-28.35154914855957
494.972076416,116.10320281982422,-28.172439575195312
495.171295166,116.1054916381836,-27.922042846679688
495.370513916,116.11576843261719,-27.670475006103516
495.569732666,116.13282775878906,-27.411043167114258
495.636138916,116.13784790039062,-27.333206176757812
495.785552978,116.14740753173828,-27.130910873413086
495.984771728,116.14082336425781,-26.87799644470215
496.183990478,116.10924530029297,-26.62687110900879
496.383209228,116.07483673095703,-26.36916732788086
496.532623291,116.0622329711914,-26.24565887451172
496.731842041,116.0622329711914,-26.24565887451172
496.931060791,116.0622329711914,-26.24565887451172
497.130279541,116.0622329711914,-26.24565887451172
497.346099853,116.0622329711914,-26.24565887451172
497.545318603,116.0622329711914,-26.24565887451172
497.694732666,116.0622329711914,-26.24565887451172
497.893951416,116.0622329711914,-26.24565887451172
498.093170166,116.0622329711914,-26.24565887451172
498.292388916,116.0622329711914,-26.24565887451172
498.491607666,116.0622329711914,-26.24565887451172
498.690826416,116.0622329711914,-26.24565887451172
498.890045166,116.0622329711914,-26.24565887451172
499.105865478,116.0622329711914,-26.24565887451172
499.305084228,116.0622329711914,-26.24565887451172
499.504302978,116.05348205566406,-26.019731521606445
499.703521728,116.05752563476562,-25.75981903076172
499.902740478,116.08158874511719,-25.505096435546875
500.052154541,116.10717010498047,-25.324934005737305
500.251373291,116.15376281738281,-25.071924209594727
500.450592041,116.20454406738281,-24.816936492919922
500.600006103,116.24378967285156,-24.61825180053711
500.815826416,116.29509735107422,-24.36895179748535
501.015045166,116.3478012084961,-24.11435890197754
501.164459228,116.37840270996094,-23.933942794799805
501.363677978,116.40216064453125,-23.77571678161621
501.562896728,116.43643188476562,-23.52764892578125
501.762115478,116.47591400146484,-23.274824142456055
501.961334228,116.48667907714844,-23.207172393798828
502.110748291,116.48667907714844,-23.207172393798828
502.309967041,116.48667907714844,-23.207172393798828
502.525787353,116.48667907714844,-23.207172393798828
502.725006103,116.48667907714844,-23.207172393798828
502.874420166,116.48667907714844,-23.207172393798828
503.123443603,116.48667907714844,-23.207172393798828
503.272857666,116.48667907714844,-23.207172393798828
503.472076416,116.48667907714844,-23.207172393798828
503.671295166,116.48667907714844,-23.207172393798828
503.870513916,116.48667907714844,-23.207172393798828
504.086334228,116.48667907714844,-23.207172393798828
504.285552978,116.48667907714844,-23.207172393798828
504.434967041,116.48667907714844,-23.207172393798828
504.683990478,116.48667907714844,-23.207172393798828
504.833404541,116.48667907714844,-23.207172393798828
505.032623291,116.48667907714844,-23.207172393798828
505.231842041,116.48667907714844,-23.207172393798828
505.381256103,116.48667907714844,-23.207172393798828
505.580474853,116.48667907714844,-23.207172393798828
505.796295166,116.48667907714844,-23.207172393798828
505.995513916,116.48667907714844,-23.207172393798828
506.144927978,116.48667907714844,-23.207172393798828
506.344146728,116.48667907714844,-23.207172393798828
506.593170166,116.48667907714844,-23.207172393798828
506.792388916,116.48667907714844,-23.207172393798828
506.991607666,116.48667907714844,-23.207172393798828
507.190826416,116.48667907714844,-23.207172393798828
507.390045166,116.48667907714844,-23.207172393798828
507.605865478,116.48667907714844,-23.207172393798828
507.854888916,116.48667907714844,-23.207172393798828
508.054107666,116.48667907714844,-23.207172393798828
508.253326416,116.49541473388672,-23.16994285583496
508.452545166,116.54193115234375,-23.122095108032227
508.651763916,116.76216125488281,-23.042186737060547
508.850982666,117.0212173461914,-23.049617767333984
509.050201416,117.26343536376953,-23.112319946289062
509.266021728,117.53239440917969,-23.18673324584961
509.465240478,117.78506469726562,-23.226024627685547
509.664459228,118.04431915283203,-23.245521545410156
509.863677978,118.29963684082031,-23.262542724609375
510.062896728,118.54850769042969,-23.272029876708984
510.262115478,118.80438995361328,-23.273679733276367
510.411529541,118.98639678955078,-23.27229118347168
510.610748291,119.24091339111328,-23.270353317260742
510.809967041,119.4968032836914,-23.268404006958008
511.025787353,119.77457427978516,-23.26629066467285
511.225006103,120.03458404541016,-23.264307022094727
511.424224853,120.2863540649414,-23.262392044067383
511.573638916,120.4628677368164,-23.261049270629883
511.772857666,120.72013092041016,-23.259498596191406
511.972076416,120.97978973388672,-23.271865844726562
512.171264648,121.23676300048828,-23.310653686523438
512.370483398,121.48714447021484,-23.369651794433594
512.586303710,121.7573471069336,-23.439769744873047
512.735717773,121.93486022949219,-23.479799270629883
512.934936523,122.1871109008789,-23.522785186767578
513.134155273,122.43631744384766,-23.5585994720459
513.333374023,122.68994140625,-23.592571258544922
513.532592773,122.9413070678711,-23.64008331298828
513.731811523,123.18885803222656,-23.70994758605957
513.881225585,123.38424682617188,-23.77286148071289
514.080444335,123.44939422607422,-23.794055938720703
514.296264648,123.44939422607422,-23.794055938720703
514.495483398,123.44939422607422,-23.794055938720703
514.694702148,123.44939422607422,-23.794055938720703
514.893920898,123.44939422607422,-23.794055938720703
515.093139648,123.44939422607422,-23.794055938720703
515.242553710,123.44939422607422,-23.794055938720703
515.441772460,123.44939422607422,-23.794055938720703
515.541381835,123.44939422607422,-23.794055938720703
515.740600585,123.44939422607422,-23.794055938720703
515.956420898,123.44939422607422,-23.794055938720703
516.155639648,123.44939422607422,-23.794055938720703
516.354858398,123.44939422607422,-23.794055938720703
516.554077148,123.44939422607422,-23.794055938720703
516.753295898,123.44939422607422,-23.794055938720703
516.902709960,123.44939422607422,-23.794055938720703
517.151733398,123.44939422607422,-23.794055938720703
517.301147460,123.44939422607422,-23.794055938720703
517.500366210,123.44939422607422,-23.794055938720703
517.716186523,123.44939422607422,-23.794055938720703
517.915405273,123.67034149169922,-23.845947265625
518.114624023,123.9189224243164,-23.855356216430664
518.264038085,124.1209487915039,-23.841909408569336
518.463256835,124.3714370727539,-23.816442489624023
518.662475585,124.62800598144531,-23.797630310058594
518.861694335,124.77532958984375,-23.79035186767578
519.110717773,125.07768249511719,-23.784378051757812
519.260131835,125.28018951416016,-23.786808013916016
519.475952148,125.54012298583984,-23.793598175048828
519.675170898,125.79456329345703,-23.800243377685547
519.874389648,126.0476303100586,-23.806852340698242
520.023803710,126.07662200927734,-23.8076114654541
520.223022460,126.07662200927734,-23.8076114654541
520.422241210,126.07662200927734,-23.8076114654541
520.621459960,126.07662200927734,-23.8076114654541
520.820678710,126.07662200927734,-23.8076114654541
520.970092773,126.24210357666016,-23.81022834777832
521.185913085,126.52811431884766,-23.812284469604492
521.385131835,126.78400421142578,-23.814119338989258
521.584350585,127.04401397705078,-23.815988540649414
521.783569335,127.29853057861328,-23.81756591796875
521.982788085,127.55302429199219,-23.814184188842773
522.132202148,127.73497772216797,-23.81089973449707
522.331420898,127.98241424560547,-23.806432723999023
522.530639648,128.0114288330078,-23.805910110473633
522.729858398,128.2129364013672,-23.802274703979492
522.945678710,128.46145629882812,-23.800403594970703
523.144897460,128.718505859375,-23.80921745300293
523.344116210,128.9722900390625,-23.82841682434082
523.493530273,129.15176391601562,-23.848665237426758
523.692749023,129.3982696533203,-23.905149459838867
523.891967773,129.63946533203125,-23.99781608581543
524.091186523,129.83338928222656,-24.11728286743164
524.290405273,129.83338928222656,-24.11728286743164
524.456420898,129.83338928222656,-24.11728286743164
524.655639648,129.83338928222656,-24.11728286743164
524.805053710,129.83338928222656,-24.11728286743164
525.004272460,129.83338928222656,-24.11728286743164
525.203491210,129.83338928222656,-24.11728286743164
525.402709960,129.83338928222656,-24.11728286743164
525.601928710,129.83338928222656,-24.11728286743164
525.751342773,129.83338928222656,-24.11728286743164
525.950561523,129.83338928222656,-24.11728286743164
526.166381835,129.83338928222656,-24.11728286743164
526.315795898,129.83338928222656,-24.11728286743164
526.515014648,129.83338928222656,-24.11728286743164
526.714233398,129.83338928222656,-24.11728286743164
526.913452148,129.83338928222656,-24.11728286743164
527.112670898,129.83338928222656,-24.11728286743164
527.262084960,129.83338928222656,-24.11728286743164
527.461303710,129.98265075683594,-24.25589370727539
527.660522460,130.1099395751953,-24.476022720336914
527.809936523,130.14613342285156,-24.654014587402344
527.975952148,130.15423583984375,-24.861682891845703
528.175170898,130.14784240722656,-24.987043380737305
528.324584960,130.14784240722656,-24.987043380737305
528.523803710,130.14784240722656,-24.987043380737305
528.673217773,130.14784240722656,-24.987043380737305
528.822631835,130.14784240722656,-24.987043380737305
529.021850585,130.14784240722656,-24.987043380737305
529.171264648,130.14784240722656,-24.987043380737305
529.320678710,130.14784240722656,-24.987043380737305
529.470092773,130.14784240722656,-24.987043380737305
529.685913085,130.14784240722656,-24.987043380737305
529.835327148,130.14784240722656,-24.987043380737305
529.984741210,130.14784240722656,-24.987043380737305
530.183959960,130.14784240722656,-24.987043380737305
530.333374023,130.14784240722656,-24.987043380737305
530.532592773,130.14784240722656,-24.987043380737305
530.682006835,130.14784240722656,-24.987043380737305
530.881225585,130.14784240722656,-24.987043380737305
531.030639648,130.14784240722656,-24.987043380737305
