timestamp_sec,x,y
1.826001167,77.0999984741211,-6.199999809265137
1.975401282,77.0999984741211,-6.199999809265137
2.174600124,77.0999984741211,-6.199999809265137
2.373798847,77.0999984741211,-6.199999809265137
2.523197889,77.0999984741211,-6.199999809265137
2.722396612,77.0999984741211,-6.199999809265137
2.921595335,77.0999984741211,-6.199999809265137
3.070994377,77.0999984741211,-6.199999809265137
3.270193099,77.0999984741211,-6.199999809265137
3.436192035,77.0999984741211,-6.199999809265137
3.635390758,77.0999984741211,-6.199999809265137
3.784789800,77.0999984741211,-6.199999809265137
3.983988523,77.0999984741211,-6.199999809265137
4.133389472,77.0999984741211,-6.199999809265137
4.332591056,77.0999984741211,-6.199999809265137
4.481992244,77.0999984741211,-6.199999809265137
4.681193828,77.0999984741211,-6.199999809265137
4.830595016,77.0999984741211,-6.199999809265137
4.996596336,77.0999984741211,-6.199999809265137
5.195797920,77.0999984741211,-6.199999809265137
5.345199108,77.0999984741211,-6.199999809265137
5.544400691,77.0999984741211,-6.199999809265137
5.693801879,77.0999984741211,-6.199999809265137
5.893003463,77.0999984741211,-6.199999809265137
6.042404651,77.0999984741211,-6.199999809265137
6.241606235,77.0999984741211,-6.199999809265137
6.391007423,77.0999984741211,-6.199999809265137
6.590209007,77.0999984741211,-6.199999809265137
6.756210327,77.0999984741211,-6.199999809265137
6.905611515,77.0999984741211,-6.199999809265137
7.104813098,77.0999984741211,-6.199999809265137
7.254214286,77.0999984741211,-6.199999809265137
7.453415870,77.0999984741211,-6.199999809265137
7.602817058,77.0999984741211,-6.199999809265137
7.752218246,77.0999984741211,-6.199999809265137
7.901619434,77.0999984741211,-6.199999809265137
8.100817680,77.0999984741211,-6.199999809265137
8.250214576,77.0999984741211,-6.199999809265137
8.416211128,77.0999984741211,-6.199999809265137
8.565608024,77.0999984741211,-6.199999809265137
8.764803886,77.0999984741211,-6.199999809265137
8.914200782,77.0999984741211,-6.199999809265137
9.063597679,77.0999984741211,-6.199999809265137
9.212994575,77.0999984741211,-6.199999809265137
9.412190437,77.0999984741211,-6.199999809265137
9.561587333,77.0999984741211,-6.199999809265137
9.710984230,77.0999984741211,-6.199999809265137
9.910180091,77.0999984741211,-6.199999809265137
10.076176643,77.0999984741211,-6.199999809265137
10.225573539,77.0999984741211,-6.199999809265137
10.374970436,77.0999984741211,-6.199999809265137
10.574166297,77.0999984741211,-6.199999809265137
10.723563194,77.0999984741211,-6.199999809265137
10.872960090,77.0999984741211,-6.199999809265137
11.072155952,77.0999984741211,-6.199999809265137
11.221552848,77.0999984741211,-6.199999809265137
11.370949745,77.0999984741211,-6.199999809265137
11.570145606,77.0999984741211,-6.199999809265137
11.686343193,77.0999984741211,-6.199999809265137
11.885539054,77.0999984741211,-6.199999809265137
12.034935951,77.0999984741211,-6.199999809265137
12.184332847,77.0999984741211,-6.199999809265137
12.383528709,77.0999984741211,-6.199999809265137
12.433327674,77.0999984741211,-6.199999809265137
12.632523536,77.0999984741211,-6.199999809265137
12.781920433,77.0999984741211,-6.199999809265137
12.931317329,77.0999984741211,-6.199999809265137
13.080714225,77.0999984741211,-6.199999809265137
13.230111122,77.0999984741211,-6.199999809265137
13.445906639,77.0999984741211,-6.199999809265137
13.595303535,77.0999984741211,-6.199999809265137
13.744700431,77.0999984741211,-6.199999809265137
13.943896293,77.0999984741211,-6.199999809265137
14.093293190,77.0999984741211,-6.199999809265137
14.242690086,77.0999984741211,-6.199999809265137
14.441885948,77.0999984741211,-6.199999809265137
14.591282844,77.0999984741211,-6.199999809265137
14.740679740,77.0999984741211,-6.199999809265137
14.890076637,77.0999984741211,-6.199999809265137
15.056073188,77.0999984741211,-6.199999809265137
15.255269050,77.0999984741211,-6.199999809265137
15.404665946,77.0999984741211,-6.199999809265137
15.554062843,77.0999984741211,-6.199999809265137
15.753258705,77.0999984741211,-6.199999809265137
15.902655601,77.0999984741211,-6.199999809265137
16.052053451,77.0999984741211,-6.199999809265137
16.251249313,77.0999984741211,-6.199999809265137
16.400646209,77.0999984741211,-6.199999809265137
16.550043106,77.0999984741211,-6.199999809265137
16.716039657,77.0999984741211,-6.199999809265137
16.865436553,77.0999984741211,-6.199999809265137
17.064632415,77.0999984741211,-6.199999809265137
17.214029312,77.0999984741211,-6.199999809265137
17.363426208,77.0999984741211,-6.199999809265137
17.562622070,77.0999984741211,-6.199999809265137
17.712018966,77.0999984741211,-6.199999809265137
17.861415863,77.0999984741211,-6.199999809265137
18.010812759,77.0999984741211,-6.199999809265137
18.210008621,77.0999984741211,-6.199999809265137
18.376005172,77.0999984741211,-6.199999809265137
18.525402069,77.0999984741211,-6.199999809265137
18.674798965,77.0999984741211,-6.199999809265137
18.873994827,77.0999984741211,-6.199999809265137
19.023391723,77.0999984741211,-6.199999809265137
19.172788619,77.0999984741211,-6.199999809265137
19.371984481,77.0999984741211,-6.199999809265137
19.521381378,77.0999984741211,-6.199999809265137
19.670778274,77.0999984741211,-6.199999809265137
19.820175170,77.0999984741211,-6.199999809265137
19.986171722,77.0999984741211,-6.199999809265137
20.135568618,77.0999984741211,-6.199999809265137
20.284965515,77.0999984741211,-6.199999809265137
20.484161376,77.0999984741211,-6.199999809265137
20.583759307,77.0999984741211,-6.199999809265137
20.782955169,77.0999984741211,-6.199999809265137
20.932352066,77.0999984741211,-6.199999809265137
21.081748962,77.0999984741211,-6.199999809265137
21.280944824,77.0999984741211,-6.199999809265137
21.430341720,77.0999984741211,-6.199999809265137
21.596338272,77.0999984741211,-6.199999809265137
21.745735168,77.0999984741211,-6.199999809265137
21.895132064,77.0999984741211,-6.199999809265137
22.044528961,77.0999984741211,-6.199999809265137
22.243724822,77.0999984741211,-6.199999809265137
22.393121719,77.0999984741211,-6.199999809265137
22.542518615,77.0999984741211,-6.199999809265137
22.741714477,77.0999984741211,-6.199999809265137
22.891111373,77.0999984741211,-6.199999809265137
23.040508270,77.0999984741211,-6.199999809265137
23.189905166,77.0999984741211,-6.199999809265137
23.355901718,77.0999984741211,-6.199999809265137
23.505298614,77.0999984741211,-6.199999809265137
23.704494476,77.0999984741211,-6.199999809265137
23.804092407,77.0999984741211,-6.199999809265137
24.003288269,77.0999984741211,-6.199999809265137
24.152685165,77.0999984741211,-6.199999809265137
24.302082061,77.0999984741211,-6.199999809265137
24.501277923,77.0999984741211,-6.199999809265137
24.650674819,77.0999984741211,-6.199999809265137
24.800071716,77.0999984741211,-6.199999809265137
24.966068267,77.0999984741211,-6.199999809265137
25.115465164,77.0999984741211,-6.199999809265137
25.314661026,77.0999984741211,-6.199999809265137
25.464057922,77.0999984741211,-6.199999809265137
25.613454818,77.0999984741211,-6.199999809265137
25.812650680,77.0999984741211,-6.199999809265137
25.962047576,77.0999984741211,-6.199999809265137
26.111444473,77.0999984741211,-6.199999809265137
26.260841369,77.0999984741211,-6.199999809265137
26.460037231,77.0999984741211,-6.199999809265137
26.626033782,77.0999984741211,-6.199999809265137
26.775430679,77.0999984741211,-6.199999809265137
26.924827575,77.0999984741211,-6.199999809265137
27.124023437,77.0999984741211,-6.199999809265137
27.273420333,77.0999984741211,-6.199999809265137
27.373018264,77.0999984741211,-6.199999809265137
27.522415161,77.0999984741211,-6.199999809265137
27.721611022,77.0999984741211,-6.199999809265137
27.871007919,77.0999984741211,-6.199999809265137
28.020404815,77.0999984741211,-6.199999809265137
28.169801712,77.0999984741211,-6.199999809265137
28.335798263,77.0999984741211,-6.199999809265137
28.485195159,77.0999984741211,-6.199999809265137
28.684391021,77.0999984741211,-6.199999809265137
28.833787918,77.0999984741211,-6.199999809265137
28.983184814,77.0999984741211,-6.199999809265137
29.132581710,77.0999984741211,-6.199999809265137
29.281978607,77.0999984741211,-6.199999809265137
29.431375503,77.0999984741211,-6.199999809265137
29.630571365,77.0999984741211,-6.199999809265137
29.796567916,77.0999984741211,-6.199999809265137
29.945964813,77.0999984741211,-6.199999809265137
30.095361709,77.0999984741211,-6.199999809265137
30.294557571,77.0999984741211,-6.199999809265137
30.443954467,77.0999984741211,-6.199999809265137
30.593351364,77.0999984741211,-6.199999809265137
30.792547225,77.0999984741211,-6.199999809265137
30.941944122,77.0999984741211,-6.199999809265137
31.091341018,77.0999984741211,-6.199999809265137
31.240737915,77.0999984741211,-6.199999809265137
31.390134811,77.0999984741211,-6.199999809265137
31.556131362,77.0999984741211,-6.199999809265137
31.755327224,77.0999984741211,-6.199999809265137
31.904724121,77.0999984741211,-6.199999809265137
32.054126739,77.0999984741211,-6.199999809265137
32.203540802,77.0999984741211,-6.199999809265137
32.402759552,77.0999984741211,-6.199999809265137
32.552173614,77.0999984741211,-6.199999809265137
32.701587677,77.0999984741211,-6.199999809265137
32.851001739,77.0999984741211,-6.199999809265137
33.050220489,77.0999984741211,-6.199999809265137
33.199634552,77.0999984741211,-6.199999809265137
33.365650177,77.0999984741211,-6.199999809265137
33.515064239,77.0999984741211,-6.199999809265137
33.664478302,77.0999984741211,-6.199999809265137
33.863697052,77.0999984741211,-6.199999809265137
34.013111114,77.0999984741211,-6.199999809265137
34.162525177,77.0999984741211,-6.199999809265137
34.361743927,77.0999984741211,-6.199999809265137
34.511157989,77.0999984741211,-6.199999809265137
34.660572052,77.0999984741211,-6.199999809265137
34.809986114,77.0999984741211,-6.199999809265137
35.025806427,77.0999984741211,-6.199999809265137
35.175220489,77.0999984741211,-6.199999809265137
35.324634552,77.0999984741211,-6.199999809265137
35.474048614,77.0999984741211,-6.199999809265137
35.673267364,77.0999984741211,-6.199999809265137
35.822681427,77.0999984741211,-6.199999809265137
35.972095489,77.0999984741211,-6.199999809265137
36.171314239,77.0999984741211,-6.199999809265137
36.320728302,77.0999984741211,-6.199999809265137
36.470142364,77.0999984741211,-6.199999809265137
36.636157989,77.0999984741211,-6.199999809265137
36.785572052,77.0999984741211,-6.199999809265137
36.984790802,77.0999984741211,-6.199999809265137
37.134204864,77.0999984741211,-6.199999809265137
37.283618927,77.0999984741211,-6.199999809265137
37.433032989,77.0999984741211,-6.199999809265137
37.632251739,77.0999984741211,-6.199999809265137
37.781665802,77.0999984741211,-6.199999809265137
37.931079864,77.0999984741211,-6.199999809265137
38.080493927,77.0999984741211,-6.199999809265137
38.229907989,77.0999984741211,-6.199999809265137
38.445728302,77.0999984741211,-6.199999809265137
38.595142364,77.0999984741211,-6.199999809265137
38.744556427,77.0999984741211,-6.199999809265137
38.943775177,77.0999984741211,-6.199999809265137
39.093189239,77.0999984741211,-6.199999809265137
39.242603302,77.0999984741211,-6.199999809265137
39.392017364,77.0999984741211,-6.199999809265137
39.541431427,77.0999984741211,-6.199999809265137
39.740650177,77.0999984741211,-6.199999809265137
39.890064239,77.0999984741211,-6.199999809265137
40.056079864,77.0999984741211,-6.199999809265137
40.205493927,77.0999984741211,-6.199999809265137
40.354907989,77.0999984741211,-6.199999809265137
40.554126739,77.0999984741211,-6.199999809265137
40.703540802,77.0999984741211,-6.199999809265137
40.852954864,77.0999984741211,-6.199999809265137
41.002368927,77.0999984741211,-6.199999809265137
41.151782989,77.0999984741211,-6.199999809265137
41.351001739,77.0999984741211,-6.199999809265137
41.500415802,77.0999984741211,-6.199999809265137
41.649829864,77.0999984741211,-6.199999809265137
41.815845489,77.0999984741211,-6.199999809265137
41.965259552,77.0999984741211,-6.199999809265137
42.164478302,77.0999984741211,-6.199999809265137
42.313892364,77.0999984741211,-6.199999809265137
42.413501739,77.0999984741211,-6.199999809265137
42.562915802,77.0999984741211,-6.212499618530273
42.712329864,77.08830261230469,-6.372917175292969
42.911548614,76.98209381103516,-6.606809139251709
43.060962677,76.82689666748047,-6.744443893432617
43.210376739,76.67311096191406,-6.841689109802246
43.426197052,76.42584991455078,-6.97702693939209
43.575611114,76.27059173583984,-7.061035633087158
43.774829864,76.0531005859375,-7.203251361846924
43.924243927,75.89875030517578,-7.325669765472412
44.073657989,75.76386260986328,-7.44579553604126
44.272876739,75.63597106933594,-7.5688862800598145
44.422290802,75.63597106933594,-7.5688862800598145
44.621509552,75.63597106933594,-7.5688862800598145
44.770923614,75.63597106933594,-7.5688862800598145
44.970142364,75.63597106933594,-7.5688862800598145
45.136157989,75.62712860107422,-7.577723026275635
45.285572052,75.4732437133789,-7.710782051086426
45.484790802,75.25694274902344,-7.847265243530273
45.634204864,75.0992660522461,-7.929588317871094
45.783618927,74.91184997558594,-8.019806861877441
45.982837677,74.67511749267578,-8.127306938171387
46.182056427,74.44112396240234,-8.237485885620117
46.331470489,74.28018951416016,-8.31644344329834
46.480884552,74.10342407226562,-8.41236686706543
46.680103302,73.87975311279297,-8.54487133026123
46.846118927,73.70122528076172,-8.6515531539917
47.045337677,73.4762191772461,-8.781792640686035
47.194751739,73.31951141357422,-8.871623039245605
47.393970489,73.1004638671875,-8.998513221740723
47.543384552,72.91887664794922,-9.099940299987793
47.742603302,72.69342803955078,-9.221024513244629
47.892017364,72.53445434570312,-9.306809425354004
48.091236114,72.305419921875,-9.429890632629395
48.240650177,72.12281799316406,-9.523635864257812
48.390064239,71.9592056274414,-9.603353500366211
48.605884552,71.69888305664062,-9.721795082092285
48.805103302,71.66018676757812,-9.739364624023438
48.954517364,71.66018676757812,-9.739364624023438
49.153736114,71.66018676757812,-9.739364624023438
49.303150177,71.66018676757812,-9.739364624023438
49.502368927,71.63739013671875,-9.749634742736816
49.701587677,71.39537811279297,-9.823869705200195
49.801197052,71.26597595214844,-9.835114479064941
49.950611114,71.09266662597656,-9.824884414672852
50.149829864,70.84596252441406,-9.77518367767334
50.365650177,70.57206726074219,-9.7086181640625
50.515064239,70.39712524414062,-9.676492691040039
50.714282989,70.1412582397461,-9.650659561157227
50.913501739,69.88135528564453,-9.64900016784668
51.112720489,69.62725830078125,-9.663414001464844
51.262134552,69.42772674560547,-9.673466682434082
51.461353302,69.1718978881836,-9.679065704345703
51.610767364,68.9898910522461,-9.678683280944824
51.809986114,68.73125457763672,-9.677440643310547
52.025806427,68.4548568725586,-9.67611312866211
52.175220489,68.2728500366211,-9.675238609313965
52.374439239,68.01558685302734,-9.674002647399902
52.573657989,67.76519012451172,-9.672800064086914
52.723072052,67.56542205810547,-9.67184066772461
52.922290802,67.30541229248047,-9.670591354370117
53.071704864,67.12340545654297,-9.669716835021973
53.270923614,66.8702621459961,-9.668500900268555
53.470142364,66.61849212646484,-9.667291641235352
53.636157989,66.4132308959961,-9.666305541992188
53.835376739,66.15596771240234,-9.665069580078125
53.984790802,65.95345306396484,-9.66409683227539
54.184009552,65.69893646240234,-9.662874221801758
54.383228302,65.43892669677734,-9.661624908447266
54.532642364,65.25691986083984,-9.66247272491455
54.731861114,65.00789642333984,-9.66599178314209
54.881275177,64.8026351928711,-9.668890953063965
55.030689239,64.6206283569336,-9.67146110534668
55.229907989,64.3606185913086,-9.675132751464844
55.395923614,64.15673065185547,-9.67801284790039
55.595142364,63.89947509765625,-9.681154251098633
55.794361114,63.63946533203125,-9.679576873779297
55.943775177,63.43282699584961,-9.677931785583496
56.142993927,63.179664611816406,-9.675914764404297
56.342212677,62.919654846191406,-9.673845291137695
56.541431427,62.659645080566406,-9.671775817871094
56.690845489,62.4844856262207,-9.670379638671875
56.890064239,62.234107971191406,-9.666015625
57.105884552,62.185279846191406,-9.663546562194824
57.305103302,62.185279846191406,-9.663546562194824
57.454517364,62.185279846191406,-9.663546562194824
57.653736114,62.18391418457031,-9.663471221923828
57.852954864,62.170509338378906,-9.661006927490234
58.052173614,62.16253662109375,-9.655820846557617
58.251392364,62.16253662109375,-9.655820846557617
58.400806427,62.168434143066406,-9.637711524963379
58.600025177,62.28810119628906,-9.535329818725586
58.815845489,62.5292854309082,-9.464950561523438
58.965259552,62.73515319824219,-9.476603507995605
59.164478302,62.98475646972656,-9.532414436340332
59.313892364,63.153831481933594,-9.578160285949707
59.513111114,63.39933776855469,-9.633702278137207
59.712329864,63.64892578125,-9.666227340698242
59.861743927,63.856666564941406,-9.675479888916016
60.060962677,64.11382293701172,-9.668549537658691
60.260181427,64.36540985107422,-9.657916069030762
60.426197052,64.5650405883789,-9.649711608886719
60.575611114,64.74425506591797,-9.645552635192871
60.774829864,65.00151824951172,-9.641985893249512
60.974048614,65.24917602539062,-9.639330863952637
61.123462677,65.45032501220703,-9.641154289245605
61.322681427,65.70758819580078,-9.64408016204834
61.472095489,65.88959503173828,-9.646149635314941
61.671314239,66.14685821533203,-9.649075508117676
61.870532989,66.3945083618164,-9.651894569396973
62.036548614,66.59564971923828,-9.654183387756348
62.185962677,66.80365753173828,-9.65605640411377
62.385181427,67.05680084228516,-9.653840065002441
62.534595489,67.22919464111328,-9.651997566223145
62.733814239,67.48233795166016,-9.64928913116455
62.883228302,67.68897247314453,-9.647076606750488
63.082447052,67.94898223876953,-9.644291877746582
63.231861114,68.1296157836914,-9.64235782623291
63.431079864,68.38550567626953,-9.639618873596191
63.630298614,68.64551544189453,-9.63732624053955
63.796314239,68.8521499633789,-9.63918399810791
63.995532989,69.10803985595703,-9.642094612121582
64.144943237,69.31604766845703,-9.64445972442627
64.344161987,69.57331085205078,-9.64746379852295
64.543380737,69.82086181640625,-9.655345916748047
64.692794799,69.99435424804688,-9.665546417236328
64.892013549,70.24952697753906,-9.684513092041016
65.041427612,70.45699310302734,-9.699173927307129
65.240646362,70.71399688720703,-9.710655212402344
65.390060424,70.89048767089844,-9.713804244995117
65.605880737,71.17375183105469,-9.715238571166992
65.805099487,71.43376159667969,-9.716554641723633
65.954513549,71.61027526855469,-9.717449188232422
66.153732299,71.86341094970703,-9.72025203704834
66.352951049,72.11466217041016,-9.735597610473633
66.502365112,72.32025146484375,-9.766708374023438
66.701583862,72.57357025146484,-9.82518482208252
66.850997924,72.74861907958984,-9.869756698608398
67.050216674,72.99329376220703,-9.922723770141602
67.216232299,73.18863677978516,-9.948304176330566
67.415451049,73.4444580078125,-9.975310325622559
67.564865112,73.64842987060547,-10.015142440795898
67.764083862,73.87921905517578,-10.122845649719238
67.913497924,74.00231170654297,-10.240839958190918
68.112716674,74.12376403808594,-10.461528778076172
68.262130737,74.16273498535156,-10.66262435913086
68.411544799,74.16851806640625,-10.844447135925293
68.560958862,74.15731048583984,-11.052128791809082
68.760177612,74.13920593261719,-11.31147575378418
68.876388549,74.13727569580078,-11.440081596374512
69.075607299,74.15017700195312,-11.696959495544434
69.225021362,74.17643737792969,-11.89910888671875
69.374435424,74.20883178710938,-12.078194618225098
69.523849487,74.2500991821289,-12.282058715820312
69.723068237,74.3037109375,-12.532276153564453
69.772872924,74.31427001953125,-12.583192825317383
69.972091674,74.36920928955078,-12.833114624023438
70.121505737,74.41161346435547,-13.036748886108398
70.270919799,74.4474868774414,-13.215178489685059
70.420333862,74.4853515625,-13.41830825805664
70.586349487,74.5194320678711,-13.616551399230957
70.735763549,74.54786682128906,-13.790769577026367
70.885177612,74.58009338378906,-13.996256828308105
71.034591674,74.61006164550781,-14.17577075958252
71.233810424,74.65231323242188,-14.429536819458008
71.333419799,74.67416381835938,-14.553520202636719
71.482833862,74.70963287353516,-14.750136375427246
71.682052612,74.75395965576172,-14.997993469238281
71.831466674,74.78419494628906,-15.173297882080078
71.980880737,74.81771850585938,-15.378578186035156
72.130294799,74.8496322631836,-15.557757377624512
72.296310424,74.88671875,-15.76242733001709
72.445724487,74.92291259765625,-15.963085174560547
72.595138549,74.95329284667969,-16.142528533935547
72.744552612,74.98770141601562,-16.347658157348633
72.943771362,75.03226470947266,-16.601028442382812
73.093185424,75.06458282470703,-16.778745651245117
73.242599487,75.10266876220703,-16.979053497314453
73.392013549,75.13408660888672,-17.154150009155273
73.541427612,75.16914367675781,-17.359169006347656
73.740646362,75.20941925048828,-17.61187171936035
73.890060424,75.2375717163086,-17.790292739868164
73.989669799,75.25932312011719,-17.914291381835938
74.155685424,75.29478454589844,-18.119245529174805
74.354904174,75.33976745605469,-18.372543334960938
74.504318237,75.37284851074219,-18.57512092590332
74.653732299,75.40206146240234,-18.751985549926758
74.803146362,75.43738555908203,-18.954181671142578
74.952560424,75.46865844726562,-19.12791633605957
75.151779174,75.51375579833984,-19.381183624267578
75.301193237,75.54300689697266,-19.58711051940918
75.450607299,75.56280517578125,-19.748554229736328
75.600021362,75.56426239013672,-19.760597229003906
75.766036987,75.56426239013672,-19.760597229003906
75.965255737,75.56426239013672,-19.760597229003906
76.114669799,75.56426239013672,-19.760597229003906
76.264083862,75.56576538085938,-19.773006439208984
76.413497924,75.57907104492188,-19.936206817626953
76.612716674,75.59356689453125,-20.187583923339844
76.762130737,75.605224609375,-20.38977813720703
76.911544799,75.61744689941406,-20.568607330322266
77.110763549,75.65028381347656,-20.823734283447266
77.260177612,75.68914794921875,-21.028060913085938
77.426193237,75.73258209228516,-21.231470108032227
77.575607299,75.77027893066406,-21.406719207763672
77.725021362,75.8111572265625,-21.60787010192871
77.924240112,75.85789489746094,-21.863632202148438
78.073654174,75.88835906982422,-22.043060302734375
78.223068237,75.9217758178711,-22.2428035736084
78.372482299,75.9511947631836,-22.41963005065918
78.571701049,75.9919204711914,-22.67363929748535
78.721115112,76.02495574951172,-22.87899398803711
78.870529174,76.05517578125,-23.05846405029297
79.036544799,76.08829498291016,-23.26241683959961
79.185958862,76.12454223632812,-23.460281372070312
79.335372924,76.16012573242188,-23.63597869873047
79.534591674,76.20845794677734,-23.88726806640625
79.684005737,76.24730682373047,-24.091604232788086
79.833419799,76.27906799316406,-24.265254974365234
79.982833862,76.31428527832031,-24.467470169067383
80.182052612,76.35399627685547,-24.716110229492188
80.331466674,76.38270568847656,-24.88888931274414
80.480880737,76.42089080810547,-25.091962814331055
80.680099487,76.46595001220703,-25.348031997680664
80.846115112,76.49947357177734,-25.553308486938477
80.995529174,76.53067016601562,-25.72844123840332
81.144943237,76.56806182861328,-25.933053970336914
81.344161987,76.6139907836914,-26.188961029052734
81.493576049,76.64542388916016,-26.365447998046875
81.692794799,76.68846893310547,-26.616300582885742
81.842208862,76.72178649902344,-26.81744956970215
81.991622924,76.75001525878906,-26.990310668945312
82.141036987,76.78563690185547,-27.193845748901367
82.340255737,76.8272476196289,-27.44910430908203
82.506271362,76.86060333251953,-27.65440559387207
82.655685424,76.8929214477539,-27.829343795776367
82.805099487,76.93120574951172,-28.033788681030273
83.004318237,76.97852325439453,-28.289443969726562
83.153732299,77.00965118408203,-28.46599006652832
83.303146362,77.04296875,-28.667139053344727
83.452560424,77.07154846191406,-28.84271812438965
83.651779174,77.09364318847656,-28.988550186157227
83.801193237,77.14551544189453,-29.189468383789062
84.000411987,77.29027557373047,-29.393213272094727
84.149826049,77.43388366699219,-29.502363204956055
84.315841674,77.61373901367188,-29.606735229492188
84.515060424,77.8365707397461,-29.729690551757812
84.664474487,78.00640106201172,-29.839937210083008
84.813888549,78.14429473876953,-29.947860717773438
84.963302612,78.29256439208984,-30.08969497680664
85.162521362,78.4638442993164,-30.274259567260742
85.311935424,78.58113098144531,-30.404342651367188
85.511154174,78.75096130371094,-30.593902587890625
85.660568237,78.88555908203125,-30.737808227539062
85.809982299,79.00727081298828,-30.861852645874023
86.025802612,79.19409942626953,-31.04265785217285
86.175216674,79.32096862792969,-31.161422729492188
86.374435424,79.50139617919922,-31.335071563720703
86.523849487,79.64905548095703,-31.475677490234375
86.723068237,79.8358383178711,-31.654573440551758
86.872482299,79.96063232421875,-31.781322479248047
87.021896362,80.10877227783203,-31.915172576904297
87.221115112,80.31941223144531,-32.049720764160156
87.370529174,80.48773956298828,-32.114479064941406
87.536544799,80.6926498413086,-32.148319244384766
87.735763549,80.8255615234375,-32.15001678466797
87.885177612,80.8255615234375,-32.15001678466797
88.084396362,80.8255615234375,-32.15001678466797
88.233810424,80.8255615234375,-32.15001678466797
88.433029174,80.8255615234375,-32.15001678466797
88.632247924,80.8255615234375,-32.15001678466797
88.781661987,80.8255615234375,-32.15001678466797
88.980880737,80.8255615234375,-32.15001678466797
89.180099487,80.8255615234375,-32.15001678466797
89.329513549,80.8255615234375,-32.15001678466797
89.495529174,80.8255615234375,-32.15001678466797
89.694747924,80.85050964355469,-32.14849090576172
89.844161987,80.95026397705078,-32.14143753051758
90.043380737,80.95026397705078,-32.14143753051758
90.242599487,80.95026397705078,-32.14143753051758
90.441818237,80.95026397705078,-32.14143753051758
90.591232299,80.95026397705078,-32.14143753051758
90.790451049,80.95026397705078,-32.14143753051758
90.939865112,80.95026397705078,-32.14143753051758
91.155685424,80.95026397705078,-32.14143753051758
91.305099487,80.95026397705078,-32.14143753051758
91.504318237,80.95026397705078,-32.14143753051758
91.703536987,80.95026397705078,-32.14143753051758
91.852951049,80.95026397705078,-32.14143753051758
92.101974487,80.95026397705078,-32.14143753051758
92.251388549,80.95026397705078,-32.14143753051758
92.450607299,80.95572662353516,-32.14105224609375
92.649826049,80.98026275634766,-32.14210510253906
92.815841674,80.99993896484375,-32.15751266479492
92.965255737,81.10816192626953,-32.31673812866211
93.164474487,81.1261215209961,-32.57246017456055
93.313888549,81.06159210205078,-32.73601150512695
93.513107299,80.92001342773438,-32.94399642944336
93.662521362,80.7983169555664,-33.11265182495117
93.861740112,80.6643295288086,-33.3321533203125
94.011154174,80.58424377441406,-33.490966796875
94.160568237,80.50395965576172,-33.682796478271484
94.376388549,80.42008972167969,-33.920196533203125
94.525802612,80.35594940185547,-34.11806106567383
94.675216674,80.3005142211914,-34.29141616821289
94.874435424,80.21875762939453,-34.53244400024414
95.023849487,80.14917755126953,-34.728458404541016
95.223068237,80.05964660644531,-34.97254943847656
95.372482299,79.99443817138672,-35.142459869384766
95.521896362,79.9217300415039,-35.33442687988281
95.721115112,79.83025360107422,-35.57195281982422
95.870529174,79.7677230834961,-35.73849868774414
96.036544799,79.6954116821289,-35.93354034423828
96.235763549,79.6042709350586,-36.17559814453125
96.385177612,79.53194427490234,-36.367706298828125
96.534591674,79.46829223632812,-36.53676223754883
96.733810424,79.37785339355469,-36.77468490600586
96.883224487,79.30574798583984,-36.959537506103516
97.082443237,79.20897674560547,-37.19791030883789
97.231857299,79.1385269165039,-37.36572265625
97.381271362,79.06212615966797,-37.55180740356445
97.580490112,78.96908569335938,-37.78872299194336
97.729904174,78.90258026123047,-37.9581413269043
97.895919799,78.82730102539062,-38.149105072021484
98.095138549,78.73509979248047,-38.384891510009766
98.244552612,78.6602554321289,-38.57455062866211
98.443771362,78.56282806396484,-38.815608978271484
98.593185424,78.4958267211914,-38.980403900146484
98.792404174,78.4010238647461,-39.21956253051758
98.941818237,78.32466888427734,-39.41304397583008
99.091232299,78.25785827636719,-39.582340240478516
99.290451049,78.16471099853516,-39.82216262817383
99.456466674,78.0882797241211,-40.0156135559082
99.605880737,78.01165008544922,-40.20456314086914
99.705490112,77.96602630615234,-40.31895446777344
99.904708862,77.87462615966797,-40.54915237426758
100.054122924,77.80888366699219,-40.718875885009766
100.253341674,77.71336364746094,-40.960697174072266
100.402755737,77.6392822265625,-41.150665283203125
100.601974487,77.54429626464844,-41.3927001953125
100.751388549,77.47534942626953,-41.56114196777344
100.950607299,77.37834167480469,-41.797943115234375
101.100021362,77.30030822753906,-41.990753173828125
101.266036987,77.2200698852539,-42.18266677856445
101.465255737,77.12616729736328,-42.41481399536133
101.614669799,77.05828857421875,-42.583683013916016
101.764083862,76.98338317871094,-42.773319244384766
101.963302612,76.88595581054688,-43.014373779296875
102.162521362,76.78418731689453,-43.252132415771484
102.311935424,76.7147216796875,-43.41887664794922
102.511154174,76.61775207519531,-43.660118103027344
102.660568237,76.53804016113281,-43.85224914550781
102.809982299,76.47103881835938,-44.01852035522461
103.025802612,76.36673736572266,-44.2804069519043
103.175216674,76.30128479003906,-44.44581985473633
103.374435424,76.20187377929688,-44.68607711791992
103.523849487,76.11969757080078,-44.87714767456055
103.723068237,76.01703643798828,-45.11155319213867
103.872482299,75.94569396972656,-45.27897262573242
104.071701049,75.84651184082031,-45.51932907104492
104.221115112,75.76966857910156,-45.70966720581055
104.420333862,75.676025390625,-45.95076370239258
104.586349487,75.59789276123047,-46.142059326171875
104.735763549,75.52946472167969,-46.30775451660156
104.934982299,75.42982482910156,-46.54792022705078
105.084396362,75.34825897216797,-46.73924255371094
105.233810424,75.27896118164062,-46.9030876159668
105.433029174,75.17864227294922,-47.142974853515625
105.582443237,75.0965347290039,-47.334075927734375
105.781661987,74.98818969726562,-47.5704345703125
105.931076049,74.9144058227539,-47.727787017822266
106.130294799,74.8062515258789,-47.958194732666016
106.296310424,74.71696472167969,-48.14604568481445
106.445724487,74.63230895996094,-48.336002349853516
106.595138549,74.56980895996094,-48.506900787353516
106.794357299,74.48985290527344,-48.7542839050293
106.943771362,74.43104553222656,-48.94234085083008
107.142990112,74.3604736328125,-49.184043884277344
107.292404174,74.31111145019531,-49.35353088378906
107.491622924,74.23726654052734,-49.59709548950195
107.641036987,74.17906951904297,-49.79249572753906
107.840255737,74.11698913574219,-50.03226852416992
108.006271362,74.05982971191406,-50.22069549560547
108.205490112,73.94760131835938,-50.43324279785156
108.354904174,73.88568115234375,-50.50974655151367
108.504318237,73.82696533203125,-50.565128326416016
108.703536987,73.78773498535156,-50.59490966796875
108.852951049,73.7792739868164,-50.5993766784668
109.052169799,73.7638168334961,-50.60492706298828
109.251388549,73.7638168334961,-50.60492706298828
109.400802612,73.7638168334961,-50.60492706298828
109.600021362,73.7638168334961,-50.60492706298828
109.766036987,73.7638168334961,-50.60492706298828
109.915451049,73.7638168334961,-50.60492706298828
110.114669799,73.7638168334961,-50.60492706298828
110.264083862,73.75902557373047,-50.607566833496094
110.463302612,73.75902557373047,-50.607566833496094
110.612716674,73.75902557373047,-50.607566833496094
110.811935424,73.75902557373047,-50.607566833496094
111.011154174,73.75902557373047,-50.607566833496094
111.160568237,73.75902557373047,-50.607566833496094
111.309982299,73.75902557373047,-50.607566833496094
111.525802612,73.75902557373047,-50.607566833496094
111.675216674,73.75902557373047,-50.607566833496094
111.874435424,73.75902557373047,-50.607566833496094
112.023849487,73.75902557373047,-50.607566833496094
112.223068237,73.74760437011719,-50.49436950683594
112.422286987,73.83612060546875,-50.26340866088867
112.571701049,73.95635223388672,-50.127052307128906
112.770919799,74.14142608642578,-49.94447708129883
112.970138549,74.30332946777344,-49.74479675292969
113.136154174,74.4093246459961,-49.57238006591797
113.285568237,74.49881744384766,-49.38922882080078
113.484786987,74.59754180908203,-49.150203704833984
113.684005737,74.69061279296875,-48.91183090209961
113.833419799,74.75606536865234,-48.74200439453125
114.032638549,74.85359191894531,-48.50100326538086
114.182052612,74.93500518798828,-48.30961990356445
114.381271362,75.0520248413086,-48.07749938964844
114.530685424,75.13855743408203,-47.91738510131836
114.680099487,75.23320007324219,-47.73678970336914
114.829513549,75.31458282470703,-47.57860565185547
115.045333862,75.44175720214844,-47.32550048828125
115.244552612,75.54937744140625,-47.09788513183594
115.393966674,75.62648010253906,-46.934539794921875
115.593185424,75.73596954345703,-46.710845947265625
115.792404174,75.85302734375,-46.480220794677734
115.941818237,75.94503784179688,-46.299800872802734
116.141036987,76.06378936767578,-46.07313537597656
116.290451049,76.1451187133789,-45.91492462158203
116.506271362,76.26873779296875,-45.65853500366211
116.655685424,76.34622955322266,-45.495361328125
116.854904174,76.4554214477539,-45.26543426513672
117.004318237,76.54603576660156,-45.07820510864258
117.203536987,76.6623306274414,-44.84566879272461
117.352951049,76.74337768554688,-44.68424606323242
117.552169799,76.86074829101562,-44.455326080322266
117.751388549,76.97931671142578,-44.23164749145508
117.900802612,77.07168579101562,-44.04834747314453
118.100021362,77.18342590332031,-43.81661605834961
118.266036987,77.27203369140625,-43.631465911865234
118.415451049,77.35246276855469,-43.46819305419922
118.614669799,77.47129821777344,-43.23695373535156
118.813888549,77.58772277832031,-43.01217269897461
118.963302612,77.6837158203125,-42.829185485839844
119.162521362,77.79881286621094,-42.605247497558594
119.361740112,77.91920471191406,-42.37480163574219
119.511154174,78.00497436523438,-42.214263916015625
119.710372924,78.12425994873047,-41.99095153808594
119.876388549,78.22168731689453,-41.8087272644043
120.075607299,78.3389663696289,-41.58283233642578
120.225021362,78.43280792236328,-41.39720916748047
120.424240112,78.54763793945312,-41.163944244384766
120.573654174,78.62474060058594,-41.00060272216797
120.772872924,78.73281860351562,-40.77017593383789
120.972091674,78.84691619873047,-40.536556243896484
121.121505737,78.93933868408203,-40.35481262207031
121.320724487,79.05873107910156,-40.12693786621094
121.470138549,79.14319610595703,-39.96881103515625
121.685958862,79.28003692626953,-39.72236633300781
121.835372924,79.3677978515625,-39.562923431396484
121.984786987,79.46186065673828,-39.38202667236328
122.184005737,79.57756805419922,-39.15070724487305
122.383224487,79.6911849975586,-38.91988754272461
122.532638549,79.7694320678711,-38.758602142333984
122.731857299,79.88041687011719,-38.52650833129883
122.881271362,79.96981048583984,-38.35400390625
123.080490112,80.11184692382812,-38.148292541503906
123.229904174,80.24453735351562,-38.02415084838867
123.445724487,80.48743438720703,-37.89768981933594
123.595138549,80.66323852539062,-37.85737228393555
123.794357299,80.91305541992188,-37.8499641418457
123.943771362,81.11930084228516,-37.8763542175293
124.093185424,81.29325866699219,-37.90637969970703
124.292404174,81.5496826171875,-37.949310302734375
124.441818237,81.75377655029297,-37.970767974853516
124.591232299,81.93289947509766,-37.97697067260742
124.790451049,82.18467712402344,-37.975914001464844
124.956466674,82.39268493652344,-37.97368621826172
125.155685424,82.64857482910156,-37.9709358215332
125.305099487,82.85108947753906,-37.968753814697266
125.454513549,83.02760314941406,-37.96685028076172
125.653732299,83.28761291503906,-37.96406555175781
125.803146362,83.49424743652344,-37.961849212646484
126.002365112,83.74464416503906,-37.959144592285156
126.151779174,83.92115783691406,-37.958438873291016
126.301193237,84.12641906738281,-37.9594612121582
126.500411987,84.38642883300781,-37.960758209228516
126.649826049,84.56568908691406,-37.96165084838867
126.815841674,84.76683044433594,-37.962650299072266
127.015060424,85.02684020996094,-37.96370315551758
127.164474487,85.22909545898438,-37.954288482666016
127.363693237,85.48228454589844,-37.92814636230469
127.513107299,85.6566390991211,-37.911376953125
127.712326049,85.9091796875,-37.8939323425293
127.861740112,86.11699676513672,-37.88546371459961
128.060958862,86.3742446899414,-37.882259368896484
128.260177612,86.62735748291016,-37.88706588745117
128.409591674,86.80376434326172,-37.893516540527344
128.575607299,87.00753021240234,-37.90096664428711
128.774826049,87.2633056640625,-37.90912628173828
128.924240112,87.46443939208984,-37.91172790527344
129.123458862,87.7137680053711,-37.932559967041016
129.272872924,87.88739776611328,-37.9763298034668
129.422286987,88.06853485107422,-38.07390213012695
129.571701049,88.1913833618164,-38.199886322021484
129.721115112,88.2873764038086,-38.368099212646484
129.920333862,88.28813171386719,-38.36995315551758
130.036544799,88.28813171386719,-38.36995315551758
130.235763549,88.28813171386719,-38.36995315551758
130.385177612,88.28813171386719,-38.36995315551758
130.534591674,88.28813171386719,-38.36995315551758
130.733810424,88.28813171386719,-38.36995315551758
130.883224487,88.28813171386719,-38.36995315551758
131.032638549,88.28813171386719,-38.36995315551758
131.231857299,88.28813171386719,-38.36995315551758
131.381271362,88.28813171386719,-38.36995315551758
131.530685424,88.28813171386719,-38.36995315551758
131.729904174,88.28813171386719,-38.36995315551758
131.895919799,88.28813171386719,-38.36995315551758
132.045333862,88.28813171386719,-38.36995315551758
132.244552612,88.28813171386719,-38.36995315551758
132.393966674,88.33163452148438,-38.498382568359375
132.593185424,88.37110137939453,-38.739646911621094
132.742599487,88.36572265625,-38.93100357055664
132.892013549,88.34490966796875,-39.107666015625
133.091232299,88.30915069580078,-39.3624382019043
133.240646362,88.28424835205078,-39.568931579589844
133.390060424,88.27222442626953,-39.7491340637207
133.556076049,88.26628112792969,-39.95157241821289
133.705490112,88.2653579711914,-40.159568786621094
133.904708862,88.26632690429688,-40.415470123291016
134.054122924,88.2669677734375,-40.587890625
134.203536987,88.2677230834961,-40.7890510559082
134.402755737,88.26869201660156,-41.044952392578125
134.552169799,88.2693862915039,-41.226959228515625
134.701583862,88.27017211914062,-41.433597564697266
134.900802612,88.2711181640625,-41.68539047241211
135.050216674,88.27178955078125,-41.86328887939453
135.249435424,88.27277374267578,-42.12192916870117
135.365646362,88.27336883544922,-42.27793502807617
135.564865112,88.27432250976562,-42.531097412109375
135.714279174,88.27499389648438,-42.7089958190918
135.863693237,88.27578735351562,-42.9170036315918
136.062911987,88.2767562866211,-43.17290496826172
136.212326049,88.27742004394531,-43.34943389892578
136.361740112,88.27818298339844,-43.551963806152344
136.511154174,88.27886962890625,-43.732601165771484
136.710372924,88.27679443359375,-43.98984146118164
136.876388549,88.26757049560547,-44.194889068603516
137.025802612,88.25326538085938,-44.39827346801758
137.175216674,88.23847198486328,-44.57966613769531
137.374435424,88.2196273803711,-44.83897399902344
137.523849487,88.21048736572266,-45.04128646850586
137.673263549,88.20677947998047,-45.21503829956055
137.822677612,88.20561981201172,-45.40935134887695
138.021896362,88.20418548583984,-45.666622161865234
138.171310424,88.20317077636719,-45.848628997802734
138.320724487,88.20201873779297,-46.055267333984375
138.470138549,88.20277404785156,-46.23042678833008
138.636154174,88.20440673828125,-46.430213928222656
138.785568237,88.20970153808594,-46.63813400268555
138.984786987,88.20379638671875,-46.89522933959961
139.134201049,88.1851806640625,-47.074867248535156
139.283615112,88.15592956542969,-47.273887634277344
139.482833862,88.12578582763672,-47.523773193359375
139.632247924,88.11846923828125,-47.70559310913086
139.781661987,88.12444305419922,-47.90798568725586
139.931076049,88.13516235351562,-48.08418273925781
140.130294799,88.14926147460938,-48.3355712890625
140.296310424,88.15827178955078,-48.53514099121094
140.445724487,88.17906951904297,-48.73795700073242
140.595138549,88.19921112060547,-48.91883850097656
140.794357299,88.22049713134766,-49.16971206665039
140.943771362,88.23170471191406,-49.369178771972656
141.093185424,88.23744201660156,-49.54560852050781
141.292404174,88.24131774902344,-49.80283737182617
141.441818237,88.24905395507812,-50.01068878173828
141.591232299,88.25812530517578,-50.18697738647461
141.790451049,88.27696228027344,-50.431129455566406
141.939865112,88.30097198486328,-50.59080123901367
142.105880737,88.33990478515625,-50.8173713684082
142.255294799,88.3652114868164,-50.9975700378418
142.404708862,88.37944793701172,-51.20503234863281
142.603927612,88.377685546875,-51.45951843261719
142.753341674,88.37045288085938,-51.63862991333008
142.902755737,88.35802459716797,-51.844879150390625
143.101974487,88.3417739868164,-52.10435485839844
143.251388549,88.33220672607422,-52.284725189208984
143.400802612,88.32636260986328,-52.48442840576172
143.600021362,88.32566833496094,-52.738956451416016
143.766036987,88.32646179199219,-52.946964263916016
143.915451049,88.32714080810547,-53.1262321472168
144.064865112,88.32788848876953,-53.32602310180664
144.264083862,88.32884979248047,-53.5805549621582
144.413497924,88.32954406738281,-53.7625617980957
144.513107299,88.33003997802734,-53.8925666809082
144.662521362,88.33082580566406,-54.099205017089844
144.811935424,88.33148956298828,-54.275733947753906
145.011154174,88.33244323730469,-54.52889633178711
145.160568237,88.33323669433594,-54.73690414428711
145.309982299,88.33393096923828,-54.91891098022461
145.525802612,88.3349838256836,-55.19807434082031
145.675216674,88.33567810058594,-55.38008117675781
145.824630737,88.33647155761719,-55.58808898925781
146.023849487,88.35057830810547,-55.84487533569336
146.173263549,88.3686752319336,-56.01909637451172
146.372482299,88.39191436767578,-56.27530288696289
146.521896362,88.40483856201172,-56.48289108276367
146.671310424,88.41175079345703,-56.66202163696289
146.870529174,88.41471862792969,-56.91378402709961
147.036544799,88.41140747070312,-57.11628341674805
147.185958862,88.40628051757812,-57.3242301940918
147.335372924,88.40194702148438,-57.50070571899414
147.534591674,88.39576721191406,-57.75242233276367
147.684005737,88.390869140625,-57.952152252197266
147.833419799,88.3876953125,-58.131385803222656
147.982833862,88.38712310791016,-58.339393615722656
148.182052612,88.38651275634766,-58.59666442871094
148.331466674,88.3860855102539,-58.76908493041992
148.480880737,88.3855972290039,-58.972984313964844
148.680099487,88.3849868774414,-59.227516174316406
148.846115112,88.3821792602539,-59.43549346923828
148.995529174,88.37198638916016,-59.617149353027344
149.194747924,88.32282257080078,-59.86787414550781
149.344161987,88.24287414550781,-60.04743194580078
149.543380737,88.11161804199219,-60.20871353149414
149.692794799,88.11087799072266,-60.209388732910156
149.892013549,88.11087799072266,-60.209388732910156
150.041427612,88.11087799072266,-60.209388732910156
150.240646362,88.11087799072266,-60.209388732910156
150.390060424,88.10159301757812,-60.21775817871094
150.556076049,87.96239471435547,-60.331825256347656
150.755294799,87.75130462646484,-60.483585357666016
150.904708862,87.58184051513672,-60.59696960449219
151.103927612,87.36357116699219,-60.738258361816406
151.253341674,87.210693359375,-60.83700942993164
151.402755737,87.04009246826172,-60.95113754272461
151.601974487,86.82974243164062,-61.10396957397461
151.751388549,86.68505859375,-61.20508575439453
151.950607299,86.4754638671875,-61.35426712036133
152.100021362,86.30693817138672,-61.47144317626953
152.266036987,86.13650512695312,-61.59065628051758
152.465255737,85.92684173583984,-61.742088317871094
152.614669799,85.78003692626953,-61.847347259521484
152.813888549,85.56903839111328,-61.99453353881836
152.963302612,85.39889526367188,-62.11415481567383
153.162521362,85.18990325927734,-62.2688102722168
153.311935424,85.04469299316406,-62.378536224365234
153.511154174,84.83814239501953,-62.52956771850586
153.660568237,84.67000579833984,-62.647300720214844
153.809982299,84.52462768554688,-62.74742126464844
153.975997924,84.35784912109375,-62.8693733215332
154.175216674,84.15776824951172,-63.01294708251953
154.324630737,83.9878158569336,-63.11795425415039
154.523849487,83.76071166992188,-63.23532485961914
154.673263549,83.58919525146484,-63.28649139404297
154.822677612,83.38497924804688,-63.302310943603516
155.021896362,83.14090728759766,-63.26375198364258
155.171310424,82.97218322753906,-63.20356750488281
155.370529174,82.74249267578125,-63.09408187866211
155.536544799,82.55723571777344,-62.999507904052734
155.685958862,82.37506103515625,-62.91103744506836
155.835372924,82.21478271484375,-62.8404541015625
156.034591674,81.97579956054688,-62.7572021484375
156.184005737,81.7746353149414,-62.710548400878906
156.333419799,81.59424591064453,-62.68645477294922
156.532638549,81.33570098876953,-62.65900421142578
156.682052612,81.13601684570312,-62.6347541809082
156.881271362,80.87986755371094,-62.59919738769531
156.980880737,80.75118255615234,-62.58079528808594
157.180099487,80.49435424804688,-62.540245056152344
157.329513549,80.31483459472656,-62.5103645324707
157.495529174,80.11148071289062,-62.473785400390625
157.694747924,79.86383056640625,-62.41510772705078
157.844161987,79.66535949707031,-62.36277389526367
158.043380737,79.41748046875,-62.28451919555664
158.192794799,79.24571228027344,-62.224334716796875
158.342208862,79.05490112304688,-62.15645980834961
158.541427612,78.80857849121094,-62.08253860473633
158.690841674,78.63787078857422,-62.05042266845703
158.840255737,78.4388427734375,-62.03369903564453
159.006271362,78.23500061035156,-62.032196044921875
159.205490112,77.97512817382812,-62.03997039794922
159.354904174,77.79590606689453,-62.0434684753418
159.554122924,77.5441665649414,-62.04838180541992
159.703536987,77.33895111083984,-62.05238723754883
159.852951049,77.15699768066406,-62.055938720703125
160.052169799,76.89704895019531,-62.060516357421875
160.201583862,76.70001983642578,-62.060462951660156
160.400802612,76.44412994384766,-62.05978775024414
160.550216674,76.26349639892578,-62.05931091308594
160.716232299,76.05548858642578,-62.05876159667969
160.865646362,75.8475112915039,-62.06067657470703
161.064865112,75.58806610107422,-62.07745361328125
161.214279174,75.40647888183594,-62.089515686035156
161.413497924,75.14956665039062,-62.10297775268555
161.562911987,74.94434356689453,-62.10566711425781
161.762130737,74.6844253540039,-62.09965896606445
161.861740112,74.5545654296875,-62.09357833862305
162.011154174,74.37701416015625,-62.082698822021484
162.210372924,74.13119506835938,-62.06728744506836
162.376388549,73.9276123046875,-62.05622100830078
162.525802612,73.72380828857422,-62.050254821777344
162.725021362,73.466552734375,-62.04707336425781
162.874435424,73.29141235351562,-62.044960021972656
163.073654174,73.03557586669922,-62.047245025634766
163.223068237,72.83104705810547,-62.064178466796875
163.372482299,72.65013122558594,-62.084007263183594
163.571701049,72.3939437866211,-62.10725784301758
163.721115112,72.19317626953125,-62.11970138549805
163.870529174,72.01678466796875,-62.126461029052734
164.069747924,71.75680541992188,-62.12947463989258
164.235763549,71.54879760742188,-62.12721633911133
164.385177612,71.34353637695312,-62.1247444152832
164.534591674,71.16152954101562,-62.122554779052734
164.733810424,70.90151977539062,-62.11942672729492
164.883224487,70.703125,-62.11703109741211
165.032638549,70.53073120117188,-62.11494827270508
165.231857299,70.28170776367188,-62.111942291259766
165.381271362,70.0750732421875,-62.10945510864258
165.580490112,69.8150634765625,-62.106327056884766
165.729904174,69.6385498046875,-62.10427474975586
165.945724487,69.36347198486328,-62.104183197021484
166.095138549,69.18146514892578,-62.10429000854492
166.294357299,68.95333099365234,-62.106117248535156
166.443771362,68.9283447265625,-62.10704040527344
166.593185424,68.75312805175781,-62.1270637512207
166.792404174,68.51632690429688,-62.20287322998047
166.892013549,68.40247344970703,-62.25651931762695
167.091232299,68.1859359741211,-62.379512786865234
167.240646362,68.00801849365234,-62.487281799316406
167.390060424,67.8525161743164,-62.58187484741211
167.605880737,67.60819244384766,-62.7252082824707
167.805099487,67.38099670410156,-62.848758697509766
167.954513549,67.22270202636719,-62.92680740356445
168.153732299,66.98455810546875,-63.024044036865234
168.303146362,66.7970962524414,-63.09313201904297
168.502365112,66.55665588378906,-63.17226028442383
168.651779174,66.38565063476562,-63.22124481201172
168.850997924,66.14420318603516,-63.28227615356445
169.000411987,65.95159149169922,-63.32993698120117
169.199630737,65.73281860351562,-63.385746002197266
169.365646362,65.70928955078125,-63.39168930053711
169.515060424,65.70928955078125,-63.39168930053711
169.714279174,65.70928955078125,-63.39168930053711
169.863693237,65.6971664428711,-63.39474868774414
170.062911987,65.58368682861328,-63.41170883178711
170.212326049,65.51284790039062,-63.39257049560547
170.411544799,65.37506103515625,-63.25566482543945
170.610763549,65.31590270996094,-63.01083755493164
170.760177612,65.33203125,-62.803688049316406
170.926193237,65.37232208251953,-62.599700927734375
171.125411987,65.43080139160156,-62.356197357177734
171.274826049,65.46377563476562,-62.18702697753906
171.474044799,65.47882843017578,-61.937320709228516
171.673263549,65.45452880859375,-61.68558883666992
171.822677612,65.41059875488281,-61.485130310058594
172.021896362,65.34280395507812,-61.234153747558594
172.171310424,65.29358673095703,-61.06320571899414
172.370529174,65.22437286376953,-60.81827926635742
172.536544799,65.17298889160156,-60.61672592163086
172.685958862,65.12535858154297,-60.41707229614258
172.885177612,65.06732177734375,-60.16785430908203
173.034591674,65.0281982421875,-59.99011993408203
173.233810424,64.97137451171875,-59.736392974853516
173.383224487,64.92609405517578,-59.53898620605469
173.582443237,64.86953735351562,-59.29081726074219
173.731857299,64.83076477050781,-59.11579513549805
173.931076049,64.79273223876953,-58.94519805908203
174.080490112,64.79273223876953,-58.94519805908203
174.296310424,64.78697204589844,-58.92087173461914
174.445724487,64.72359466552734,-58.74053192138672
174.644943237,64.57228088378906,-58.53547286987305
174.794357299,64.43950653076172,-58.41104507446289
174.993576049,64.39700317382812,-58.374576568603516
175.142990112,64.39700317382812,-58.374576568603516
175.342208862,64.39700317382812,-58.374576568603516
175.541427612,64.39700317382812,-58.374576568603516
175.690841674,64.39700317382812,-58.374576568603516
175.890060424,64.39700317382812,-58.374576568603516
176.056076049,64.39700317382812,-58.374576568603516
176.255294799,64.39700317382812,-58.374576568603516
176.404708862,64.39700317382812,-58.374576568603516
176.603927612,64.39700317382812,-58.374576568603516
176.803146362,64.39700317382812,-58.374576568603516
176.952560424,64.39700317382812,-58.374576568603516
177.151779174,64.39700317382812,-58.374576568603516
177.301193237,64.39700317382812,-58.374576568603516
177.500411987,64.39700317382812,-58.374576568603516
177.716232299,64.39700317382812,-58.374576568603516
177.865646362,64.39700317382812,-58.374576568603516
178.064865112,64.39700317382812,-58.374576568603516
178.214279174,64.39700317382812,-58.374576568603516
178.413497924,64.39700317382812,-58.374576568603516
178.612716674,64.3970947265625,-58.370479583740234
178.762130737,64.40655517578125,-58.349430084228516
178.961349487,64.57539367675781,-58.224205017089844
179.110763549,64.75135040283203,-58.180335998535156
179.309982299,65.00758361816406,-58.192020416259766
179.475997924,65.20191955566406,-58.23796844482422
179.625411987,65.39718627929688,-58.29167556762695
179.824630737,65.6504898071289,-58.34989929199219
179.974044799,65.81810760498047,-58.37492752075195
180.123458862,65.83349609375,-58.37675094604492
180.322677612,65.83349609375,-58.37675094604492
180.521896362,65.83349609375,-58.37675094604492
180.671310424,65.83349609375,-58.37675094604492
180.820724487,65.83349609375,-58.37675094604492
180.970138549,65.83349609375,-58.37675094604492
181.185958862,65.83349609375,-58.37675094604492
181.335372924,65.83349609375,-58.37675094604492
181.534591674,65.83349609375,-58.37675094604492
181.684005737,65.83349609375,-58.37675094604492
181.783615112,65.83349609375,-58.37675094604492
181.982833862,65.83349609375,-58.37675094604492
182.132247924,65.83349609375,-58.37675094604492
182.281661987,65.83349609375,-58.37675094604492
182.480880737,65.83349609375,-58.37675094604492
182.630294799,65.83349609375,-58.37675094604492
182.846115112,65.83349609375,-58.37675094604492
182.995529174,65.83349609375,-58.37675094604492
183.194747924,65.83349609375,-58.37675094604492
183.344161987,65.83349609375,-58.37675094604492
183.543380737,65.83349609375,-58.37675094604492
183.692794799,65.83349609375,-58.37675094604492
183.892013549,65.83349609375,-58.37675094604492
184.041427612,65.83349609375,-58.37675094604492
184.240646362,65.83349609375,-58.37675094604492
184.390060424,65.83349609375,-58.37675094604492
184.556076049,65.83349609375,-58.37675094604492
184.755294799,65.83349609375,-58.37675094604492
184.904708862,65.83349609375,-58.37675094604492
185.103927612,65.83349609375,-58.37675094604492
185.253341674,65.83349609375,-58.37675094604492
185.452560424,65.83349609375,-58.37675094604492
185.601974487,65.83349609375,-58.37675094604492
185.751388549,65.83349609375,-58.37675094604492
185.950607299,65.83349609375,-58.37675094604492
186.149826049,65.83349609375,-58.37675094604492
186.315841674,65.83349609375,-58.37675094604492
186.465255737,65.83349609375,-58.37675094604492
186.614669799,65.83349609375,-58.37675094604492
186.813888549,65.83349609375,-58.37675094604492
186.963302612,65.83349609375,-58.37675094604492
187.162521362,65.83349609375,-58.37675094604492
187.311935424,65.83349609375,-58.37675094604492
187.511154174,65.83349609375,-58.37675094604492
187.660568237,65.83349609375,-58.37675094604492
187.876388549,65.83349609375,-58.37675094604492
188.025802612,65.83349609375,-58.37675094604492
188.225021362,65.83349609375,-58.37675094604492
188.374435424,65.83349609375,-58.37675094604492
188.573654174,65.83349609375,-58.37675094604492
188.723068237,65.83349609375,-58.37675094604492
188.922286987,65.83349609375,-58.37675094604492
189.071701049,65.83349609375,-58.37675094604492
189.270919799,65.83349609375,-58.37675094604492
189.420333862,65.83349609375,-58.37675094604492
189.636154174,65.83349609375,-58.37675094604492
189.785568237,65.83349609375,-58.37675094604492
189.934982299,65.83349609375,-58.37675094604492
190.134201049,65.83349609375,-58.37675094604492
190.283615112,65.83349609375,-58.37675094604492
190.482833862,65.83349609375,-58.37675094604492
190.632247924,65.83349609375,-58.37675094604492
190.781661987,65.83349609375,-58.37675094604492
190.980880737,65.83349609375,-58.37675094604492
191.130294799,65.83349609375,-58.37675094604492
191.329513549,65.83349609375,-58.37675094604492
191.495529174,65.83349609375,-58.37675094604492
191.644943237,65.83349609375,-58.37675094604492
191.844161987,65.83349609375,-58.37675094604492
191.993576049,65.83349609375,-58.37675094604492
192.192794799,65.83349609375,-58.37675094604492
192.342208862,65.83349609375,-58.37675094604492
192.541427612,65.83349609375,-58.37675094604492
192.690841674,65.83349609375,-58.37675094604492
192.890060424,65.83349609375,-58.37675094604492
193.056076049,65.83349609375,-58.37675094604492
193.205490112,65.83349609375,-58.37675094604492
193.404708862,65.83349609375,-58.37675094604492
193.554122924,65.83349609375,-58.37675094604492
193.753341674,65.83349609375,-58.37675094604492
193.952560424,65.83349609375,-58.37675094604492
194.101974487,65.83349609375,-58.37675094604492
194.251388549,65.83349609375,-58.37675094604492
194.450607299,65.83349609375,-58.37675094604492
194.600021362,65.83349609375,-58.37675094604492
194.766036987,65.83349609375,-58.37675094604492
194.965255737,65.83349609375,-58.37675094604492
195.114669799,65.83349609375,-58.37675094604492
195.313888549,65.83349609375,-58.37675094604492
195.463302612,65.83349609375,-58.37675094604492
195.662521362,65.83349609375,-58.37675094604492
195.861740112,65.83349609375,-58.37675094604492
196.011154174,65.83349609375,-58.37675094604492
196.210372924,65.83349609375,-58.37675094604492
196.376388549,65.83349609375,-58.37675094604492
196.525802612,65.83349609375,-58.37675094604492
196.725021362,65.83349609375,-58.37675094604492
196.824630737,65.83349609375,-58.37675094604492
197.023849487,65.83349609375,-58.37675094604492
197.173263549,65.83349609375,-58.37675094604492
197.372482299,65.83349609375,-58.37675094604492
197.521896362,65.83349609375,-58.37675094604492
197.671310424,65.83349609375,-58.37675094604492
197.870529174,65.83349609375,-58.37675094604492
198.036544799,65.83349609375,-58.37675094604492
198.235763549,65.83349609375,-58.37675094604492
198.385177612,65.83349609375,-58.37675094604492
198.534591674,65.83349609375,-58.37675094604492
198.733810424,65.83349609375,-58.37675094604492
198.883224487,65.83349609375,-58.37675094604492
199.082443237,65.83349609375,-58.37675094604492
199.281661987,65.83349609375,-58.37675094604492
199.431076049,65.83349609375,-58.37675094604492
199.630294799,65.83349609375,-58.37675094604492
199.796310424,65.83349609375,-58.37675094604492
199.945724487,65.83349609375,-58.37675094604492
200.144943237,65.83349609375,-58.37675094604492
200.344161987,65.83349609375,-58.37675094604492
200.493576049,65.83349609375,-58.37675094604492
200.642990112,65.83349609375,-58.37675094604492
200.842208862,65.83349609375,-58.37675094604492
201.041427612,65.83349609375,-58.37675094604492
201.190841674,65.83349609375,-58.37675094604492
201.390060424,65.83349609375,-58.37675094604492
201.556076049,65.83349609375,-58.37675094604492
201.705490112,65.83349609375,-58.37675094604492
201.904708862,65.83349609375,-58.37675094604492
202.054122924,65.83349609375,-58.37675094604492
202.253341674,65.83349609375,-58.37675094604492
202.402755737,65.83349609375,-58.37675094604492
202.601974487,65.83349609375,-58.37675094604492
202.801193237,65.83349609375,-58.37675094604492
202.950607299,65.83349609375,-58.37675094604492
203.100021362,65.83349609375,-58.37675094604492
203.315841674,65.83349609375,-58.37675094604492
203.465255737,65.83349609375,-58.37675094604492
203.664474487,65.83349609375,-58.37675094604492
203.813888549,65.83349609375,-58.37675094604492
203.963302612,65.83349609375,-58.37675094604492
204.162521362,65.83349609375,-58.37675094604492
204.311935424,65.83349609375,-58.37675094604492
204.511154174,65.83349609375,-58.37675094604492
204.660568237,65.83349609375,-58.37675094604492
204.876388549,65.83349609375,-58.37675094604492
205.025802612,65.83349609375,-58.37675094604492
205.225021362,65.83349609375,-58.37675094604492
205.374435424,65.83349609375,-58.37675094604492
205.573654174,65.83349609375,-58.37675094604492
205.723068237,65.83349609375,-58.37675094604492
205.922286987,65.83349609375,-58.37675094604492
206.071701049,65.83349609375,-58.37675094604492
206.270919799,65.83349609375,-58.37675094604492
206.420333862,65.83349609375,-58.37675094604492
206.636154174,65.83349609375,-58.37675094604492
206.785568237,65.83349609375,-58.37675094604492
206.984786987,65.83349609375,-58.37675094604492
207.134201049,65.83349609375,-58.37675094604492
207.283615112,65.83349609375,-58.37675094604492
207.482833862,65.83349609375,-58.37675094604492
207.632247924,65.83349609375,-58.37675094604492
207.831466674,65.83349609375,-58.37675094604492
207.980880737,65.83349609375,-58.37675094604492
208.130294799,65.83349609375,-58.37675094604492
208.329513549,65.83349609375,-58.37675094604492
208.495529174,65.83349609375,-58.37675094604492
208.644943237,65.83349609375,-58.37675094604492
208.844161987,65.83349609375,-58.37675094604492
208.993576049,65.83349609375,-58.37675094604492
209.192794799,65.83349609375,-58.37675094604492
209.342208862,65.83349609375,-58.37675094604492
209.541427612,65.83349609375,-58.37675094604492
209.690841674,65.83349609375,-58.37675094604492
209.890060424,65.83349609375,-58.37675094604492
210.056076049,65.83349609375,-58.37675094604492
210.205490112,65.83349609375,-58.37675094604492
210.404708862,65.83349609375,-58.37675094604492
210.554122924,65.83349609375,-58.37675094604492
210.703536987,65.83349609375,-58.37675094604492
210.902755737,65.83349609375,-58.37675094604492
211.052169799,65.83349609375,-58.37675094604492
211.201583862,65.83349609375,-58.37675094604492
211.400802612,65.83349609375,-58.37675094604492
211.550216674,65.83349609375,-58.37675094604492
211.649826049,65.83349609375,-58.37675094604492
211.815841674,65.83349609375,-58.37675094604492
212.015060424,65.83349609375,-58.37675094604492
212.164474487,65.83349609375,-58.37675094604492
212.313888549,65.83349609375,-58.37675094604492
212.513107299,65.83349609375,-58.37675094604492
212.662521362,65.83349609375,-58.37675094604492
212.861740112,65.83349609375,-58.37675094604492
213.011154174,65.83349609375,-58.37675094604492
213.160568237,65.83349609375,-58.37675094604492
213.309982299,65.83349609375,-58.37675094604492
213.525802612,65.83349609375,-58.37675094604492
213.675216674,65.83349609375,-58.37675094604492
213.874435424,65.83349609375,-58.37675094604492
214.023849487,65.83349609375,-58.37675094604492
214.223068237,65.83349609375,-58.37675094604492
214.372482299,65.83349609375,-58.37675094604492
214.521896362,65.83349609375,-58.37675094604492
214.721115112,65.83349609375,-58.37675094604492
214.870529174,65.83349609375,-58.37675094604492
215.069747924,65.83349609375,-58.37675094604492
215.235763549,65.83349609375,-58.37675094604492
215.385177612,65.83349609375,-58.37675094604492
215.534591674,65.83349609375,-58.37675094604492
215.684005737,65.83349609375,-58.37675094604492
215.883224487,65.83349609375,-58.37675094604492
216.032638549,65.83349609375,-58.37675094604492
216.231857299,65.83349609375,-58.37675094604492
216.381271362,65.83349609375,-58.37675094604492
216.530685424,65.83349609375,-58.37675094604492
216.729904174,65.83349609375,-58.37675094604492
216.895919799,65.83349609375,-58.37675094604492
217.045333862,65.83349609375,-58.37675094604492
217.244552612,65.83349609375,-58.37675094604492
217.393966674,65.83349609375,-58.37675094604492
217.593185424,65.83349609375,-58.37675094604492
217.742599487,65.83349609375,-58.37675094604492
217.892013549,65.83349609375,-58.37675094604492
218.091232299,65.83349609375,-58.37675094604492
218.240646362,65.83349609375,-58.37675094604492
218.390060424,65.83349609375,-58.37675094604492
218.556076049,65.83349609375,-58.37675094604492
218.755294799,65.83349609375,-58.37675094604492
218.904708862,65.83349609375,-58.37675094604492
219.054122924,65.83349609375,-58.37675094604492
219.253341674,65.83349609375,-58.37675094604492
219.402755737,65.83349609375,-58.37675094604492
219.552169799,65.83349609375,-58.37675094604492
219.751388549,65.83349609375,-58.37675094604492
219.900802612,65.83349609375,-58.37675094604492
220.050216674,65.83349609375,-58.37675094604492
220.216232299,65.83349609375,-58.37675094604492
220.415451049,65.83349609375,-58.37675094604492
220.614669799,65.83349609375,-58.37675094604492
220.764083862,65.83349609375,-58.37675094604492
220.913497924,65.83349609375,-58.37675094604492
221.062911987,65.83349609375,-58.37675094604492
221.262130737,65.83349609375,-58.37675094604492
221.411544799,65.83349609375,-58.37675094604492
221.610763549,65.83349609375,-58.37675094604492
221.760177612,65.83349609375,-58.37675094604492
221.926193237,65.83349609375,-58.37675094604492
222.125411987,65.83349609375,-58.37675094604492
222.274826049,65.83349609375,-58.37675094604492
222.424240112,65.83349609375,-58.37675094604492
222.623458862,65.83349609375,-58.37675094604492
222.772872924,65.83349609375,-58.37675094604492
222.922286987,65.83349609375,-58.37675094604492
223.121505737,65.83349609375,-58.37675094604492
223.270919799,65.83349609375,-58.37675094604492
223.470138549,65.83349609375,-58.37675094604492
223.586349487,65.83349609375,-58.37675094604492
223.785568237,65.83349609375,-58.37675094604492
223.934982299,65.83349609375,-58.37675094604492
224.084396362,65.83349609375,-58.37675094604492
224.283615112,65.83349609375,-58.37675094604492
224.433029174,65.83349609375,-58.37675094604492
224.632247924,65.83349609375,-58.37675094604492
224.781661987,65.83349609375,-58.37675094604492
224.931076049,65.83349609375,-58.37675094604492
225.130294799,65.83349609375,-58.37675094604492
225.296310424,65.83349609375,-58.37675094604492
225.445724487,65.83349609375,-58.37675094604492
225.644943237,65.83349609375,-58.37675094604492
225.794357299,65.83349609375,-58.37675094604492
225.943771362,65.83349609375,-58.37675094604492
226.142990112,65.83349609375,-58.37675094604492
226.292404174,65.83349609375,-58.37675094604492
226.491622924,65.83349609375,-58.37675094604492
226.591232299,65.83349609375,-58.37675094604492
226.690841674,65.83349609375,-58.37675094604492
226.890060424,65.83349609375,-58.37675094604492
227.056076049,65.83349609375,-58.37675094604492
227.205490112,65.83349609375,-58.37675094604492
227.404708862,65.83349609375,-58.37675094604492
227.554122924,65.83349609375,-58.37675094604492
227.703536987,65.83349609375,-58.37675094604492
227.902755737,65.83349609375,-58.37675094604492
228.101974487,65.83349609375,-58.37675094604492
228.251388549,65.83349609375,-58.37675094604492
228.400802612,65.83349609375,-58.37675094604492
228.600021362,65.83349609375,-58.37675094604492
228.766036987,65.83349609375,-58.37675094604492
228.915451049,65.83349609375,-58.37675094604492
229.064865112,65.83349609375,-58.37675094604492
229.264083862,65.83349609375,-58.37675094604492
229.413497924,65.83349609375,-58.37675094604492
229.612716674,65.83349609375,-58.37675094604492
229.762130737,65.83349609375,-58.37675094604492
229.911544799,65.83349609375,-58.37675094604492
230.110763549,65.83349609375,-58.37675094604492
230.260177612,65.83349609375,-58.37675094604492
230.409591674,65.83349609375,-58.37675094604492
230.625411987,65.83349609375,-58.37675094604492
230.774826049,65.83349609375,-58.37675094604492
230.974044799,65.83349609375,-58.37675094604492
231.123458862,65.83349609375,-58.37675094604492
231.322677612,65.83349609375,-58.37675094604492
231.472091674,65.83349609375,-58.37675094604492
231.621505737,65.83349609375,-58.37675094604492
231.820724487,65.83349609375,-58.37675094604492
231.970138549,65.83349609375,-58.37675094604492
232.136154174,65.83349609375,-58.37675094604492
232.335372924,65.83349609375,-58.37675094604492
232.484786987,65.83349609375,-58.37675094604492
232.634201049,65.83349609375,-58.37675094604492
232.783615112,65.83349609375,-58.37675094604492
232.982833862,65.83349609375,-58.37675094604492
233.132247924,65.83349609375,-58.37675094604492
233.281661987,65.83349609375,-58.37675094604492
233.480880737,65.83349609375,-58.37675094604492
233.630294799,65.83349609375,-58.37675094604492
233.796310424,65.83349609375,-58.37675094604492
233.945724487,65.83349609375,-58.37675094604492
234.144943237,65.83349609375,-58.37675094604492
234.294357299,65.83349609375,-58.37675094604492
234.443771362,65.83349609375,-58.37675094604492
234.642990112,65.83349609375,-58.37675094604492
234.792404174,65.83349609375,-58.37675094604492
234.991622924,65.83349609375,-58.37675094604492
235.141036987,65.83349609375,-58.37675094604492
235.290451049,65.83349609375,-58.37675094604492
235.456466674,65.83349609375,-58.37675094604492
235.655685424,65.83349609375,-58.37675094604492
235.805099487,65.83349609375,-58.37675094604492
236.004318237,65.83349609375,-58.37675094604492
236.153732299,65.83349609375,-58.37675094604492
236.352951049,65.83349609375,-58.37675094604492
236.502365112,65.83349609375,-58.37675094604492
236.651779174,65.83349609375,-58.37675094604492
236.801193237,65.83349609375,-58.37675094604492
237.000411987,65.83349609375,-58.37675094604492
237.149826049,65.83349609375,-58.37675094604492
237.365646362,65.83349609375,-58.37675094604492
237.515060424,65.83349609375,-58.37675094604492
237.664474487,65.83349609375,-58.37675094604492
237.813888549,65.83349609375,-58.37675094604492
238.013107299,65.83349609375,-58.37675094604492
238.212326049,65.83349609375,-58.37675094604492
238.361740112,65.83349609375,-58.37675094604492
238.511154174,65.83349609375,-58.37675094604492
238.710372924,65.83349609375,-58.37675094604492
238.876388549,65.83349609375,-58.37675094604492
239.075607299,65.83349609375,-58.37675094604492
239.225021362,65.83349609375,-58.37675094604492
239.374435424,65.83349609375,-58.37675094604492
239.573654174,65.83349609375,-58.37675094604492
239.723068237,65.83349609375,-58.37675094604492
239.922286987,65.83349609375,-58.37675094604492
240.071701049,65.83349609375,-58.37675094604492
240.221115112,65.83349609375,-58.37675094604492
240.420333862,65.83349609375,-58.37675094604492
240.586349487,65.83349609375,-58.37675094604492
240.735763549,65.83349609375,-58.37675094604492
240.885177612,65.83349609375,-58.37675094604492
241.084396362,65.83349609375,-58.37675094604492
241.233810424,65.83349609375,-58.37675094604492
241.433029174,65.83349609375,-58.37675094604492
241.582443237,65.83349609375,-58.37675094604492
241.731857299,65.83349609375,-58.37675094604492
241.931076049,65.83349609375,-58.37675094604492
242.080490112,65.83349609375,-58.37675094604492
242.296310424,65.83349609375,-58.37675094604492
242.445724487,65.83349609375,-58.37675094604492
242.644943237,65.83349609375,-58.37675094604492
242.794357299,65.83349609375,-58.37675094604492
242.943771362,65.83349609375,-58.37675094604492
243.142990112,65.83349609375,-58.37675094604492
243.292404174,65.83349609375,-58.37675094604492
243.441818237,65.83349609375,-58.37675094604492
243.641036987,65.83349609375,-58.37675094604492
243.790451049,65.83349609375,-58.37675094604492
243.989669799,65.83349609375,-58.37675094604492
244.056076049,65.83349609375,-58.37675094604492
244.255294799,65.83349609375,-58.37675094604492
244.404708862,65.83349609375,-58.37675094604492
244.603927612,65.83349609375,-58.37675094604492
244.753341674,65.83349609375,-58.37675094604492
244.952560424,65.83349609375,-58.37675094604492
245.101974487,65.83349609375,-58.37675094604492
245.301193237,65.83349609375,-58.37675094604492
245.450607299,65.83349609375,-58.37675094604492
245.649826049,65.83349609375,-58.37675094604492
245.815841674,65.83349609375,-58.37675094604492
245.965255737,65.83349609375,-58.37675094604492
246.164474487,65.83349609375,-58.37675094604492
246.363693237,65.83349609375,-58.37675094604492
246.513107299,65.83349609375,-58.37675094604492
246.712326049,65.83349609375,-58.37675094604492
246.861740112,65.83349609375,-58.37675094604492
247.011154174,65.83349609375,-58.37675094604492
247.210372924,65.83349609375,-58.37675094604492
247.376388549,65.83349609375,-58.37675094604492
247.525802612,65.83349609375,-58.37675094604492
247.725021362,65.83349609375,-58.37675094604492
247.874435424,65.83349609375,-58.37675094604492
248.023849487,65.83349609375,-58.37675094604492
248.223068237,65.83349609375,-58.37675094604492
248.372482299,65.83349609375,-58.37675094604492
248.571701049,65.83349609375,-58.37675094604492
248.721115112,65.83349609375,-58.37675094604492
248.920333862,65.83349609375,-58.37675094604492
249.086349487,65.83349609375,-58.37675094604492
249.235763549,65.83349609375,-58.37675094604492
249.434982299,65.83349609375,-58.37675094604492
249.584396362,65.83349609375,-58.37675094604492
249.783615112,65.83349609375,-58.37675094604492
249.933029174,65.83349609375,-58.37675094604492
250.132247924,65.83349609375,-58.37675094604492
250.281661987,65.83349609375,-58.37675094604492
250.431076049,65.83349609375,-58.37675094604492
250.630294799,65.83349609375,-58.37675094604492
250.796310424,65.83349609375,-58.37675094604492
250.945724487,65.83349609375,-58.37675094604492
251.144943237,65.83349609375,-58.37675094604492
251.294357299,65.83349609375,-58.37675094604492
251.493576049,65.83349609375,-58.37675094604492
251.642990112,65.83349609375,-58.37675094604492
251.842208862,65.83349609375,-58.37675094604492
251.991622924,65.83349609375,-58.37675094604492
252.141036987,65.83349609375,-58.37675094604492
252.340255737,65.83349609375,-58.37675094604492
252.506271362,65.83349609375,-58.37675094604492
252.705490112,65.83349609375,-58.37675094604492
252.854904174,65.83349609375,-58.37675094604492
253.004318237,65.83349609375,-58.37675094604492
253.203536987,65.83349609375,-58.37675094604492
253.352951049,65.83349609375,-58.37675094604492
253.552169799,65.83349609375,-58.37675094604492
253.701583862,65.83349609375,-58.37675094604492
253.900802612,65.83349609375,-58.37675094604492
254.050216674,65.83349609375,-58.37675094604492
254.266036987,65.83349609375,-58.37675094604492
254.415451049,65.83349609375,-58.37675094604492
254.564865112,65.83349609375,-58.37675094604492
254.764083862,65.83349609375,-58.37675094604492
254.913497924,65.83349609375,-58.37675094604492
255.062911987,65.83349609375,-58.37675094604492
255.262130737,65.83349609375,-58.37675094604492
255.411544799,65.83349609375,-58.37675094604492
255.610763549,65.83349609375,-58.37675094604492
255.760177612,65.83349609375,-58.37675094604492
255.975997924,65.83349609375,-58.37675094604492
256.125396728,65.83349609375,-58.37675094604492
256.274810791,65.83349609375,-58.37675094604492
256.474029541,65.83349609375,-58.37675094604492
256.623443603,65.83349609375,-58.37675094604492
256.772857666,65.83349609375,-58.37675094604492
256.972076416,65.83349609375,-58.37675094604492
257.121490478,65.83349609375,-58.37675094604492
257.320709228,65.83349609375,-58.37675094604492
257.470123291,65.83349609375,-58.37675094604492
257.636138916,65.83349609375,-58.37675094604492
257.835357666,65.83349609375,-58.37675094604492
257.984771728,65.83349609375,-58.37675094604492
258.134185791,65.83349609375,-58.37675094604492
258.333404541,65.83349609375,-58.37675094604492
258.482818603,65.83349609375,-58.37675094604492
258.682037353,65.83349609375,-58.37675094604492
258.831451416,65.83349609375,-58.37675094604492
258.980865478,65.83349609375,-58.37675094604492
259.180084228,65.83349609375,-58.37675094604492
259.329498291,65.83349609375,-58.37675094604492
259.495513916,65.83349609375,-58.37675094604492
259.694732666,65.83349609375,-58.37675094604492
259.844146728,65.83349609375,-58.37675094604492
259.993560791,65.83349609375,-58.37675094604492
260.192779541,65.83349609375,-58.37675094604492
260.342193603,65.83349609375,-58.37675094604492
260.491607666,65.83349609375,-58.37675094604492
260.690826416,65.83349609375,-58.37675094604492
260.840240478,65.83349609375,-58.37675094604492
261.006256103,65.83349609375,-58.37675094604492
261.205474853,65.83349609375,-58.37675094604492
261.354888916,65.83349609375,-58.37675094604492
261.454498291,65.83349609375,-58.37675094604492
261.603912353,65.83349609375,-58.37675094604492
261.803131103,65.83349609375,-58.37675094604492
262.002349853,65.83349609375,-58.37675094604492
262.151763916,65.83349609375,-58.37675094604492
262.301177978,65.83349609375,-58.37675094604492
262.500396728,65.83349609375,-58.37675094604492
262.649810791,65.83349609375,-58.37675094604492
262.815826416,65.83349609375,-58.37675094604492
262.965240478,65.83349609375,-58.37675094604492
263.164459228,65.83349609375,-58.37675094604492
263.313873291,65.83349609375,-58.37675094604492
263.513092041,65.83349609375,-58.37675094604492
263.662506103,65.83349609375,-58.37675094604492
263.861724853,65.83349609375,-58.37675094604492
264.011138916,65.83349609375,-58.37675094604492
264.210357666,65.83349609375,-58.37675094604492
264.376373291,65.83349609375,-58.37675094604492
264.525787353,65.83349609375,-58.37675094604492
264.725006103,65.83349609375,-58.37675094604492
264.874420166,65.83349609375,-58.37675094604492
265.073638916,65.83349609375,-58.37675094604492
265.223052978,65.83349609375,-58.37675094604492
265.422271728,65.83349609375,-58.37675094604492
265.571685791,65.83349609375,-58.37675094604492
265.770904541,65.83349609375,-58.37675094604492
265.920318603,65.83349609375,-58.37675094604492
266.086334228,65.83349609375,-58.37675094604492
266.285552978,65.83349609375,-58.37675094604492
266.434967041,65.83349609375,-58.37675094604492
266.584381103,65.83349609375,-58.37675094604492
266.783599853,65.83349609375,-58.37675094604492
266.933013916,65.83349609375,-58.37675094604492
267.132232666,65.83349609375,-58.37675094604492
267.281646728,65.83349609375,-58.37675094604492
267.431060791,65.83349609375,-58.37675094604492
267.630279541,65.83349609375,-58.37675094604492
267.796295166,65.83349609375,-58.37675094604492
267.945709228,65.83349609375,-58.37675094604492
268.144927978,65.83349609375,-58.37675094604492
268.294342041,65.83349609375,-58.37675094604492
268.443756103,65.83349609375,-58.37675094604492
268.642974853,65.83349609375,-58.37675094604492
268.792388916,65.83349609375,-58.37675094604492
268.991607666,65.83349609375,-58.37675094604492
269.141021728,65.83349609375,-58.37675094604492
269.340240478,65.83349609375,-58.37675094604492
269.506256103,65.83349609375,-58.37675094604492
269.655670166,65.83349609375,-58.37675094604492
269.805084228,65.83349609375,-58.37675094604492
270.004302978,65.83349609375,-58.37675094604492
270.153717041,65.83349609375,-58.37675094604492
270.352935791,65.83349609375,-58.37675094604492
270.502349853,65.83349609375,-58.37675094604492
270.651763916,65.83349609375,-58.37675094604492
270.801177978,65.83349609375,-58.37675094604492
271.000396728,65.83349609375,-58.37675094604492
271.149810791,65.83349609375,-58.37675094604492
271.315826416,65.83349609375,-58.37675094604492
271.515045166,65.83349609375,-58.37675094604492
271.664459228,65.83349609375,-58.37675094604492
271.863677978,65.83349609375,-58.37675094604492
272.013092041,65.83349609375,-58.37675094604492
272.212310791,65.83349609375,-58.37675094604492
272.361724853,65.83349609375,-58.37675094604492
272.511138916,65.83349609375,-58.37675094604492
272.710357666,65.83349609375,-58.37675094604492
272.859771728,65.83349609375,-58.37675094604492
273.025787353,65.83349609375,-58.37675094604492
273.225006103,65.83349609375,-58.37675094604492
273.374420166,65.83349609375,-58.37675094604492
273.523834228,65.83349609375,-58.37675094604492
273.723052978,65.83349609375,-58.37675094604492
273.872467041,65.83349609375,-58.37675094604492
274.071685791,65.83349609375,-58.37675094604492
274.221099853,65.83349609375,-58.37675094604492
274.370513916,65.83349609375,-58.37675094604492
274.536529541,65.83349609375,-58.37675094604492
274.735748291,65.83349609375,-58.37675094604492
274.885162353,65.83349609375,-58.37675094604492
275.034576416,65.83349609375,-58.37675094604492
275.183990478,65.83349609375,-58.37675094604492
275.383209228,65.83349609375,-58.37675094604492
275.532623291,65.83349609375,-58.37675094604492
275.682037353,65.83349609375,-58.37675094604492
275.881256103,65.83349609375,-58.37675094604492
276.030670166,65.83349609375,-58.37675094604492
276.180084228,65.83349609375,-58.37675094604492
276.346099853,65.83349609375,-58.37675094604492
276.495513916,65.83349609375,-58.37675094604492
276.694732666,65.83349609375,-58.37675094604492
276.844146728,65.83349609375,-58.37675094604492
276.993560791,65.83349609375,-58.37675094604492
277.192779541,65.83349609375,-58.37675094604492
277.342193603,65.83349609375,-58.37675094604492
277.491607666,65.83349609375,-58.37675094604492
277.690826416,65.83349609375,-58.37675094604492
277.840240478,65.83349609375,-58.37675094604492
278.006256103,65.83349609375,-58.37675094604492
278.155670166,65.83349609375,-58.37675094604492
278.354888916,65.83349609375,-58.37675094604492
278.504302978,65.83349609375,-58.37675094604492
278.703521728,65.83349609375,-58.37675094604492
278.852935791,65.83349609375,-58.37675094604492
278.952545166,65.83349609375,-58.37675094604492
279.101959228,65.83349609375,-58.37675094604492
279.251373291,65.83349609375,-58.37675094604492
279.450592041,65.83349609375,-58.37675094604492
279.600006103,65.83349609375,-58.37675094604492
279.766021728,65.83349609375,-58.37675094604492
279.915435791,65.83349609375,-58.37675094604492
280.114654541,65.83349609375,-58.37675094604492
280.264068603,65.83349609375,-58.37675094604492
280.463287353,65.83349609375,-58.37675094604492
280.612701416,65.83349609375,-58.37675094604492
280.811920166,65.83349609375,-58.37675094604492
280.961334228,65.83349609375,-58.37675094604492
281.110748291,65.83349609375,-58.37675094604492
281.309967041,65.83349609375,-58.37675094604492
281.475982666,65.83349609375,-58.37675094604492
281.625396728,65.83349609375,-58.37675094604492
281.774810791,65.83349609375,-58.37675094604492
281.974029541,65.83349609375,-58.37675094604492
282.123443603,65.83349609375,-58.37675094604492
282.322662353,65.83349609375,-58.37675094604492
282.472076416,65.83349609375,-58.37675094604492
282.621490478,65.83349609375,-58.37675094604492
282.820709228,65.83349609375,-58.37675094604492
282.970123291,65.83349609375,-58.37675094604492
283.136138916,65.83349609375,-58.37675094604492
283.335357666,65.83349609375,-58.37675094604492
283.484771728,65.83349609375,-58.37675094604492
283.634185791,65.83349609375,-58.37675094604492
283.833404541,65.83349609375,-58.37675094604492
283.982818603,65.83349609375,-58.37675094604492
284.132232666,65.83349609375,-58.37675094604492
284.331451416,65.83349609375,-58.37675094604492
284.480865478,65.83349609375,-58.37675094604492
284.680084228,65.83349609375,-58.37675094604492
284.846099853,65.83349609375,-58.37675094604492
284.995513916,65.83349609375,-58.37675094604492
285.194732666,65.83349609375,-58.37675094604492
285.344146728,65.83349609375,-58.37675094604492
285.493560791,65.83349609375,-58.37675094604492
285.692779541,65.83349609375,-58.37675094604492
285.842193603,65.83349609375,-58.37675094604492
285.991607666,65.83349609375,-58.37675094604492
286.190826416,65.83349609375,-58.37675094604492
286.340240478,65.83349609375,-58.37675094604492
286.506256103,65.83349609375,-58.37675094604492
286.655670166,65.83349609375,-58.37675094604492
286.854888916,65.83349609375,-58.37675094604492
287.004302978,65.83349609375,-58.37675094604492
287.203521728,65.83349609375,-58.37675094604492
287.352935791,65.83349609375,-58.37675094604492
287.552154541,65.83349609375,-58.37675094604492
287.701568603,65.83349609375,-58.37675094604492
287.900787353,65.83349609375,-58.37675094604492
288.050201416,65.83349609375,-58.37675094604492
288.249420166,65.83349609375,-58.37675094604492
288.365631103,65.83349609375,-58.37675094604492
288.564849853,65.83349609375,-58.37675094604492
288.714263916,65.83349609375,-58.37675094604492
288.913482666,65.83349609375,-58.37675094604492
289.062896728,65.83349609375,-58.37675094604492
289.262115478,65.83349609375,-58.37675094604492
289.411529541,65.83349609375,-58.37675094604492
289.610748291,65.83349609375,-58.37675094604492
289.760162353,65.83349609375,-58.37675094604492
289.926177978,65.83349609375,-58.37675094604492
290.125396728,65.83349609375,-58.37675094604492
290.274810791,65.83349609375,-58.37675094604492
290.474029541,65.83349609375,-58.37675094604492
290.623443603,65.83349609375,-58.37675094604492
290.822662353,65.83349609375,-58.37675094604492
290.972076416,65.83349609375,-58.37675094604492
291.171295166,65.83349609375,-58.37675094604492
291.320709228,65.83349609375,-58.37675094604492
291.470123291,65.83349609375,-58.37675094604492
291.685943603,65.83349609375,-58.37675094604492
291.835357666,65.83349609375,-58.37675094604492
291.984771728,65.83349609375,-58.37675094604492
292.183990478,65.83349609375,-58.37675094604492
292.333404541,65.83349609375,-58.37675094604492
292.482818603,65.83349609375,-58.37675094604492
292.632232666,65.83349609375,-58.37675094604492
292.831451416,65.83349609375,-58.37675094604492
292.980865478,65.83349609375,-58.37675094604492
293.180084228,65.83349609375,-58.37675094604492
293.346099853,65.83349609375,-58.37675094604492
293.495513916,65.83349609375,-58.37675094604492
293.694732666,65.83349609375,-58.37675094604492
293.844146728,65.83349609375,-58.37675094604492
293.993560791,65.83349609375,-58.37675094604492
294.192779541,65.83349609375,-58.37675094604492
294.342193603,65.83349609375,-58.37675094604492
294.541412353,65.83349609375,-58.37675094604492
294.690826416,65.83349609375,-58.37675094604492
294.840240478,65.83349609375,-58.37675094604492
294.989654541,65.83349609375,-58.37675094604492
295.205474853,65.83349609375,-58.37675094604492
295.354888916,65.83349609375,-58.37675094604492
295.504302978,65.83349609375,-58.37675094604492
295.703521728,65.83349609375,-58.37675094604492
295.852935791,65.83349609375,-58.37675094604492
296.002349853,65.83349609375,-58.37675094604492
296.201568603,65.83349609375,-58.37675094604492
296.350982666,65.83349609375,-58.37675094604492
296.450592041,65.83349609375,-58.37675094604492
296.600006103,65.83349609375,-58.37675094604492
296.766021728,65.83349609375,-58.37675094604492
296.915435791,65.83349609375,-58.37675094604492
297.114654541,65.83349609375,-58.37675094604492
297.264068603,65.83349609375,-58.37675094604492
297.413482666,65.83349609375,-58.37675094604492
297.612701416,65.83349609375,-58.37675094604492
297.762115478,65.83349609375,-58.37675094604492
297.961334228,65.83349609375,-58.37675094604492
298.110748291,65.83349609375,-58.37675094604492
298.260162353,65.83349609375,-58.37675094604492
298.426177978,65.83349609375,-58.37675094604492
298.625396728,65.83349609375,-58.37675094604492
298.774810791,65.83349609375,-58.37675094604492
298.924224853,65.83349609375,-58.37675094604492
299.123443603,65.83349609375,-58.37675094604492
299.272857666,65.83349609375,-58.37675094604492
299.422271728,65.83349609375,-58.37675094604492
299.621490478,65.83349609375,-58.37675094604492
299.770904541,65.83349609375,-58.37675094604492
299.970123291,65.83349609375,-58.37675094604492
300.086334228,65.83349609375,-58.37675094604492
300.235748291,65.83349609375,-58.37675094604492
300.434967041,65.83349609375,-58.37675094604492
300.584381103,65.83349609375,-58.37675094604492
300.783599853,65.83349609375,-58.37675094604492
300.883209228,65.83349609375,-58.37675094604492
301.082427978,65.83349609375,-58.37675094604492
301.231842041,65.83349609375,-58.37675094604492
301.381256103,65.83349609375,-58.37675094604492
301.580474853,65.83349609375,-58.37675094604492
301.729888916,65.83349609375,-58.37675094604492
301.895904541,65.83349609375,-58.37675094604492
302.045318603,65.83349609375,-58.37675094604492
302.244537353,65.83349609375,-58.37675094604492
302.393951416,65.83349609375,-58.37675094604492
302.543365478,65.83349609375,-58.37675094604492
302.742584228,65.83349609375,-58.37675094604492
302.891998291,65.83944702148438,-58.37109375
303.091217041,65.87617492675781,-58.28937530517578
303.240631103,65.87849426269531,-58.09144592285156
303.456451416,65.75434875488281,-57.87816619873047
303.605865478,65.58757781982422,-57.76457595825195
303.805084228,65.34901428222656,-57.665069580078125
303.954498291,65.18013763427734,-57.601078033447266
304.153717041,64.95500946044922,-57.48591995239258
304.303131103,64.78929901123047,-57.36061096191406
304.502349853,64.60932922363281,-57.17702865600586
304.651763916,64.49452209472656,-57.037601470947266
304.850982666,64.33850860595703,-56.8382568359375
305.000396728,64.20767211914062,-56.680145263671875
305.149810791,64.0904541015625,-56.550018310546875
305.365631103,63.90441131591797,-56.35115051269531
305.515045166,63.78056716918945,-56.21964645385742
305.714263916,63.60838317871094,-56.035926818847656
305.863677978,63.46662139892578,-55.88372039794922
306.062896728,63.28986740112305,-55.69304275512695
306.212310791,63.16616439819336,-55.55953598022461
306.411529541,62.98678970336914,-55.37133026123047
306.560943603,62.84717559814453,-55.220863342285156
306.760162353,62.67716979980469,-55.03699493408203
306.926177978,62.53916549682617,-54.886905670166016
307.125396728,62.360740661621094,-54.69779968261719
307.274810791,62.24036407470703,-54.56867980957031
307.474029541,62.07452392578125,-54.388423919677734
307.623443603,61.93381118774414,-54.23711013793945
307.822662353,61.758140563964844,-54.04543685913086
308.021881103,61.58175277709961,-53.854427337646484
308.171295166,61.46635437011719,-53.72816848754883
308.370513916,61.29533004760742,-53.53782653808594
308.536529541,61.15659713745117,-53.382850646972656
308.685943603,61.01331329345703,-53.232139587402344
308.885162353,60.838645935058594,-53.058475494384766
309.034576416,60.71477508544922,-52.92890548706055
309.233795166,60.5377197265625,-52.73850631713867
309.383209228,60.39595413208008,-52.58629608154297
309.532623291,60.272560119628906,-52.452518463134766
309.731842041,60.10480499267578,-52.26474380493164
309.881256103,59.95916748046875,-52.116310119628906
310.080474853,59.761409759521484,-51.947731018066406
310.229888916,59.60975646972656,-51.847267150878906
310.445709228,59.35570526123047,-51.716163635253906
310.595123291,59.18928146362305,-51.64252853393555
310.794342041,58.94858169555664,-51.54426193237305
310.943756103,58.8018684387207,-51.48565673828125
311.142974853,58.800941467285156,-51.485286712646484
311.292388916,58.800941467285156,-51.485286712646484
311.391998291,58.800941467285156,-51.485286712646484
311.591217041,58.800941467285156,-51.485286712646484
311.740631103,58.800941467285156,-51.485286712646484
311.956451416,58.800941467285156,-51.485286712646484
312.105865478,58.800941467285156,-51.485286712646484
312.305084228,58.800941467285156,-51.485286712646484
312.504302978,58.800941467285156,-51.485286712646484
312.653717041,58.800941467285156,-51.485286712646484
312.852935791,58.800941467285156,-51.485286712646484
313.052154541,58.800941467285156,-51.485286712646484
313.201568603,58.800941467285156,-51.485286712646484
313.400787353,58.800941467285156,-51.485286712646484
313.600006103,58.800941467285156,-51.485286712646484
313.749420166,58.800941467285156,-51.485286712646484
313.965240478,58.800941467285156,-51.485286712646484
314.114654541,58.800941467285156,-51.485286712646484
314.313873291,58.800941467285156,-51.485286712646484
314.513092041,58.800941467285156,-51.485286712646484
314.662506103,58.800941467285156,-51.485286712646484
314.861724853,58.800941467285156,-51.485286712646484
315.060943603,58.800941467285156,-51.485286712646484
315.260162353,58.800941467285156,-51.485286712646484
315.426177978,58.800941467285156,-51.485286712646484
315.625396728,58.800941467285156,-51.485286712646484
315.774810791,58.800941467285156,-51.485286712646484
315.974029541,58.800941467285156,-51.485286712646484
316.173248291,58.800941467285156,-51.485286712646484
316.272857666,58.800941467285156,-51.485286712646484
316.472076416,58.800941467285156,-51.485286712646484
316.671295166,58.800941467285156,-51.485286712646484
316.870513916,58.800941467285156,-51.485286712646484
317.036529541,58.800941467285156,-51.485286712646484
317.235748291,58.800941467285156,-51.485286712646484
317.434967041,58.800941467285156,-51.485286712646484
317.584381103,58.800941467285156,-51.485286712646484
317.783599853,58.800941467285156,-51.485286712646484
317.982818603,58.800941467285156,-51.485286712646484
318.132232666,58.800941467285156,-51.485286712646484
318.331451416,58.800941467285156,-51.485286712646484
318.530670166,58.800941467285156,-51.485286712646484
318.680084228,58.800941467285156,-51.485286712646484
318.895904541,58.800941467285156,-51.485286712646484
319.095123291,58.800941467285156,-51.485286712646484
319.244537353,58.800941467285156,-51.485286712646484
319.443756103,58.800941467285156,-51.485286712646484
319.642974853,58.800941467285156,-51.485286712646484
319.792388916,58.800941467285156,-51.485286712646484
319.991607666,58.800941467285156,-51.485286712646484
320.190826416,58.800941467285156,-51.485286712646484
320.390045166,58.800941467285156,-51.485286712646484
320.556060791,58.800941467285156,-51.485286712646484
320.755279541,58.800941467285156,-51.485286712646484
320.904693603,58.800941467285156,-51.485286712646484
321.103912353,58.777679443359375,-51.47612380981445
321.253326416,58.60584259033203,-51.423057556152344
321.402740478,58.57857894897461,-51.41666030883789
321.552154541,58.57857894897461,-51.41666030883789
321.751373291,58.57857894897461,-51.41666030883789
321.950592041,58.57857894897461,-51.41666030883789
322.149810791,58.57857894897461,-51.41666030883789
322.315826416,58.57857894897461,-51.41666030883789
322.515045166,58.57857894897461,-51.41666030883789
322.664459228,58.57857894897461,-51.41666030883789
322.863677978,58.57857894897461,-51.41666030883789
323.013092041,58.57857894897461,-51.41666030883789
323.162506103,58.57857894897461,-51.41666030883789
323.361724853,58.57857894897461,-51.41666030883789
323.560943603,58.57857894897461,-51.41666030883789
323.710357666,58.57857894897461,-51.41666030883789
323.909576416,58.57857894897461,-51.41666030883789
324.075592041,58.57857894897461,-51.41666030883789
324.274810791,58.57857894897461,-51.41666030883789
324.474029541,58.57857894897461,-51.41666030883789
324.673248291,58.57857894897461,-51.41666030883789
324.822662353,58.408756256103516,-51.38497543334961
325.021881103,58.15705108642578,-51.35878372192383
325.171295166,57.98333740234375,-51.354854583740234
325.370513916,57.728981018066406,-51.36384201049805
325.536529541,57.52114486694336,-51.37196350097656
325.735748291,57.266658782958984,-51.3767204284668
325.885162353,57.06277847290039,-51.379146575927734
326.084381103,56.80280685424805,-51.38215637207031
326.233795166,56.62080001831055,-51.38227081298828
326.383209228,56.415531158447266,-51.382118225097656
326.532623291,56.2390022277832,-51.38198471069336
326.731842041,55.98173141479492,-51.38179397583008
326.881256103,55.77372360229492,-51.38164138793945
327.080474853,55.51919174194336,-51.38145065307617
327.279693603,55.294769287109375,-51.38127899169922
327.445709228,55.07034683227539,-51.381107330322266
327.595123291,54.88833999633789,-51.38097381591797
327.794342041,54.63380813598633,-51.38078308105469
327.943756103,54.435386657714844,-51.38063049316406
328.142974853,54.18085479736328,-51.38043975830078
328.292388916,53.99884796142578,-51.380306243896484
328.491607666,53.73883819580078,-51.3801155090332
328.641021728,53.53767776489258,-51.37996292114258
328.840240478,53.285884857177734,-51.3797721862793
329.006256103,53.08335494995117,-51.37961959838867
329.205474853,52.82608413696289,-51.37942886352539
329.404693603,52.577030181884766,-51.37923812866211
329.603912353,52.329345703125,-51.37904739379883
329.753326416,52.15144729614258,-51.37891387939453
329.952545166,51.89143753051758,-51.37872314453125
330.151763916,51.638275146484375,-51.37853240966797
330.301177978,51.43711471557617,-51.378379821777344
330.500396728,51.18395233154297,-51.37818908691406
330.699615478,50.94994354248047,-51.37801742553711
330.865631103,50.71593475341797,-51.377845764160156
331.064849853,50.46003341674805,-51.377655029296875
331.214263916,50.27802658081055,-51.37752151489258
331.413482666,50.01801681518555,-51.3773307800293
331.612701416,49.77033233642578,-51.377140045166016
331.811920166,49.51443099975586,-51.376949310302734
331.961334228,49.31053161621094,-51.37679672241211
332.160552978,49.05052185058594,-51.37660598754883
332.309967041,48.873992919921875,-51.37647247314453
332.525787353,48.59756851196289,-51.37626266479492
332.725006103,48.34030532836914,-51.37681198120117
332.924224853,48.08104705810547,-51.39505386352539
333.073638916,47.904449462890625,-51.416534423828125
333.272857666,47.65252685546875,-51.44144058227539
333.472076416,47.393157958984375,-51.45936584472656
333.671295166,47.1405029296875,-51.47506332397461
333.820709228,46.9408073425293,-51.47959899902344
334.036529541,46.689125061035156,-51.472633361816406
334.185943603,46.488243103027344,-51.46210479736328
334.385162353,46.22834396362305,-51.46321105957031
334.584381103,45.97427749633789,-51.47832489013672
334.783599853,45.72146224975586,-51.49131774902344
334.933013916,45.539520263671875,-51.49582290649414
335.132232666,45.27954864501953,-51.498233795166016
335.331451416,45.029136657714844,-51.50048065185547
335.530670166,44.77189636230469,-51.502784729003906
335.680084228,44.56388854980469,-51.502197265625
335.846099853,44.35588073730469,-51.50079345703125
336.045318603,44.105491638183594,-51.49738693237305
336.244537353,43.848472595214844,-51.48627471923828
336.393951416,43.6668815612793,-51.47406005859375
336.593170166,43.412471771240234,-51.47001647949219
336.742584228,43.21415710449219,-51.476654052734375
336.941802978,42.96116638183594,-51.486114501953125
337.141021728,42.70132064819336,-51.495018005371094
337.340240478,42.44133377075195,-51.49776840209961
337.506256103,42.23743438720703,-51.498966217041016
337.705474853,41.97879409790039,-51.500484466552734
337.854888916,41.79678726196289,-51.50155258178711
338.054107666,41.54362487792969,-51.5030403137207
338.253326416,41.286354064941406,-51.50339889526367
338.402740478,41.079715728759766,-51.50200271606445
338.601959228,40.82115936279297,-51.50541687011719
338.801177978,40.566131591796875,-51.52635955810547
339.000396728,40.30967330932617,-51.54657745361328
339.149810791,40.127811431884766,-51.55276107788086
339.365631103,39.848854064941406,-51.54304885864258
339.515045166,39.67409133911133,-51.53139114379883
339.714263916,39.4148063659668,-51.51235580444336
339.913482666,39.15800857543945,-51.49714660644531
340.112701416,38.910430908203125,-51.49030685424805
340.262115478,38.70655059814453,-51.48823547363281
340.461334228,38.44657897949219,-51.48560333251953
340.660552978,38.190704345703125,-51.48300552368164
340.809967041,38.01148223876953,-51.47949981689453
341.025787353,37.73259735107422,-51.46722412109375
341.175201416,37.55610656738281,-51.46697235107422
341.274810791,37.428977966308594,-51.47267150878906
341.474029541,37.17200469970703,-51.484642028808594
341.673248291,36.92040252685547,-51.494144439697266
341.872467041,36.663169860839844,-51.497196197509766
342.071685791,36.4031982421875,-51.49948501586914
342.270904541,36.154151916503906,-51.501651763916016
342.470123291,35.9009895324707,-51.501033782958984
342.636138916,35.69572067260742,-51.49959182739258
342.785552978,35.4918212890625,-51.49816131591797
342.984771728,35.23728942871094,-51.496376037597656
343.183990478,34.984127044677734,-51.49460220336914
343.383209228,34.724117279052734,-51.49277114868164
343.532623291,34.542110443115234,-51.49148941040039
343.731842041,34.316688537597656,-51.48991394042969
343.931060791,34.316688537597656,-51.48991394042969
344.080474853,34.316688537597656,-51.48991394042969
344.279693603,34.316688537597656,-51.48991394042969
344.495513916,34.316688537597656,-51.48991394042969
344.694732666,34.3041877746582,-51.48982620239258
344.844146728,34.125186920166016,-51.48856735229492
345.043365478,33.865177154541016,-51.48673629760742
345.242584228,33.61475372314453,-51.4849853515625
345.391998291,33.43822479248047,-51.48374938964844
345.591217041,33.18095779418945,-51.483177185058594
345.790435791,32.92098617553711,-51.48546600341797
345.956451416,32.71574020385742,-51.487266540527344
346.155670166,32.46123123168945,-51.48949432373047
346.354888916,32.20125961303711,-51.491783142089844
346.554107666,31.949481964111328,-51.493980407714844
346.753326416,31.697696685791016,-51.496177673339844
346.902740478,31.49243927001953,-51.49797821044922
347.101959228,31.23244857788086,-51.500267028808594
347.301177978,30.97519302368164,-51.502525329589844
347.500396728,30.72614860534668,-51.50139236450195
347.649810791,30.54416847229004,-51.49896240234375
347.865631103,30.259567260742188,-51.49516296386719
348.015045166,30.08442497253418,-51.492828369140625
348.214263916,29.828556060791016,-51.48941421508789
348.363677978,29.62057876586914,-51.486637115478516
348.562896728,29.363332748413086,-51.484397888183594
348.762115478,29.11701774597168,-51.48645782470703
348.961334228,28.865232467651367,-51.48865509033203
349.110748291,28.683238983154297,-51.490257263183594
349.309967041,28.423248291015625,-51.49254608154297
349.475982666,28.220726013183594,-51.49431610107422
349.675201416,27.963470458984375,-51.49657440185547
349.874420166,27.703479766845703,-51.498863220214844
350.073638916,27.454429626464844,-51.50102996826172
350.272857666,27.201276779174805,-51.50324249267578
350.422271728,27.0001220703125,-51.503501892089844
350.621490478,26.74060821533203,-51.51805114746094
350.820709228,26.482263565063477,-51.54698181152344
351.019927978,26.25263023376465,-51.59161376953125
351.185943603,26.028579711914062,-51.648887634277344
351.385162353,25.776477813720703,-51.71233367919922
351.584381103,25.52253532409668,-51.761295318603516
351.733795166,25.348371505737305,-51.7900505065918
351.933013916,25.094459533691406,-51.82154846191406
352.132232666,24.839181900024414,-51.85295104980469
352.331451416,24.58429527282715,-51.90391159057617
352.480865478,24.384672164916992,-51.96206283569336
352.680084228,24.153059005737305,-52.06631851196289
352.846099853,23.99674415588379,-52.19629669189453
353.045318603,23.85647201538086,-52.413795471191406
353.194732666,23.801694869995117,-52.58705139160156
353.393951416,23.77802276611328,-52.84535217285156
353.543365478,23.794357299804688,-53.052608489990234
353.742584228,23.824499130249023,-53.31084442138672
353.891998291,23.84073829650879,-53.48798751831055
354.091217041,23.8513240814209,-53.73396301269531
354.240631103,23.83894157409668,-53.936065673828125
354.390045166,23.822032928466797,-54.11727523803711
354.605865478,23.781505584716797,-54.39204788208008
354.755279541,23.751314163208008,-54.56875228881836
354.904693603,23.724870681762695,-54.76536560058594
355.103912353,23.70902442932129,-55.019371032714844
355.253326416,23.703243255615234,-55.20127868652344
355.452545166,23.701955795288086,-55.461265563964844
355.601959228,23.70552635192871,-55.66513442993164
355.801177978,23.71019172668457,-55.91415023803711
355.950592041,23.71359634399414,-56.09613037109375
356.100006103,23.717487335205078,-56.304107666015625
356.216217041,23.719350814819336,-56.42862319946289
356.365631103,23.718843460083008,-56.629783630371094
356.564849853,23.717164993286133,-56.887054443359375
356.714263916,23.71597671508789,-57.069061279296875
356.913482666,23.714317321777344,-57.32359313964844
357.062896728,23.712997436523438,-57.526123046875
357.262115478,23.720020294189453,-57.77910232543945
357.411529541,23.738466262817383,-57.95463943481445
357.610748291,23.768037796020508,-58.21294021606445
357.760162353,23.785911560058594,-58.41878890991211
357.926177978,23.79815101623535,-58.618202209472656
358.125396728,23.810741424560547,-58.876522064208984
358.274810791,23.821035385131836,-59.05823516845703
358.424224853,23.830856323242188,-59.26189041137695
358.623443603,23.83604621887207,-59.514984130859375
358.822662353,23.838449478149414,-59.77495574951172
358.972076416,23.839885711669922,-59.95694351196289
359.121490478,23.834774017333984,-60.16074752807617
359.320709228,23.812559127807617,-60.41421890258789
359.470123291,23.78275489807129,-60.5909538269043
359.685943603,23.7113094329834,-60.86775207519531
359.835357666,23.652629852294922,-61.0400276184082
360.034576416,23.566938400268555,-61.2855110168457
360.183990478,23.509065628051758,-61.482391357421875
360.383209228,23.453495025634766,-61.72795486450195
360.582427978,23.413976669311523,-61.973819732666016
360.731842041,23.388595581054688,-62.1540412902832
360.931060791,23.35045623779297,-62.41122055053711
361.080474853,23.31208610534668,-62.615638732910156
361.229888916,23.273862838745117,-62.7935791015625
361.395904541,23.226959228515625,-62.98918533325195
361.545318603,23.175504684448242,-63.182228088378906
361.744537353,23.103456497192383,-63.42490005493164
361.943756103,23.028499603271484,-63.66813278198242
362.093170166,22.977792739868164,-63.84291458129883
362.292388916,22.905771255493164,-64.09272766113281
362.441802978,22.851329803466797,-64.29347229003906
362.641021728,22.833717346191406,-64.358642578125
362.790435791,22.833717346191406,-64.358642578125
362.956451416,22.833717346191406,-64.358642578125
363.155670166,22.833717346191406,-64.358642578125
363.354888916,22.82727813720703,-64.38279724121094
363.504302978,22.7836971282959,-64.58333587646484
363.703521728,22.735488891601562,-64.83466339111328
363.852935791,22.69951629638672,-65.01306915283203
364.052154541,22.64189910888672,-65.26378631591797
364.201568603,22.592037200927734,-65.46149444580078
364.400787353,22.522262573242188,-65.71052551269531
364.550201416,22.469364166259766,-65.88179779052734
364.766021728,22.380489349365234,-66.15077209472656
364.915435791,22.321962356567383,-66.32310485839844
365.114654541,22.23735237121582,-66.56892395019531
365.313873291,22.15157127380371,-66.81291961669922
365.463287353,22.084087371826172,-67.00675964355469
365.662506103,22.00251579284668,-67.24061584472656
365.861724853,21.919954299926758,-67.48426818847656
366.011138916,21.86244773864746,-67.65260314941406
366.210357666,21.778942108154297,-67.89157104492188
366.359771728,21.717004776000977,-68.06268310546875
366.575592041,21.622385025024414,-68.33255004882812
366.725006103,21.558120727539062,-68.5217056274414
366.924224853,21.473724365234375,-68.7560043334961
367.073638916,21.413043975830078,-68.91883850097656
367.272857666,21.326589584350586,-69.15821838378906
367.472076416,21.241777420043945,-69.39964294433594
367.621490478,21.17283058166504,-69.5915298461914
367.820709228,21.081863403320312,-69.83216857910156
367.970123291,21.02044677734375,-69.99766540527344
368.136138916,20.951725006103516,-70.1910629272461
368.335357666,20.872520446777344,-70.42717742919922
368.534576416,20.791135787963867,-70.67265319824219
368.634185791,20.75054359436035,-70.79182434082031
368.833404541,20.665084838867188,-71.03736877441406
368.982818603,20.59429931640625,-71.23292541503906
369.182037353,20.505983352661133,-71.47453308105469
369.381256103,20.414735794067383,-71.71798706054688
369.530670166,20.351106643676758,-71.88848876953125
369.729888916,20.260316848754883,-72.13209533691406
369.895904541,20.18987274169922,-72.32489013671875
370.095123291,20.10349464416504,-72.56719970703125
370.244537353,20.03444480895996,-72.7561264038086
370.443756103,19.944812774658203,-73.00019073486328
370.642974853,19.87008285522461,-73.19644165039062
370.792388916,19.86972427368164,-73.19737243652344
370.991607666,19.86972427368164,-73.19737243652344
371.190826416,19.86972427368164,-73.19737243652344
371.340240478,19.86972427368164,-73.19737243652344
371.506256103,19.86972427368164,-73.19737243652344
371.705474853,19.86972427368164,-73.19737243652344
371.854888916,19.86972427368164,-73.19737243652344
372.054107666,19.981101989746094,-73.27513122558594
372.203521728,20.167606353759766,-73.30958557128906
372.352935791,20.33868408203125,-73.26494598388672
372.502349853,20.498489379882812,-73.14250946044922
372.651763916,20.611156463623047,-72.99974060058594
372.850982666,20.754486083984375,-72.78285217285156
373.000396728,20.88247299194336,-72.62255859375
373.149810791,21.008056640625,-72.4986343383789
373.315826416,21.17108726501465,-72.37188720703125
373.465240478,21.345901489257812,-72.26187133789062
373.614654541,21.506427764892578,-72.17613220214844
373.813873291,21.739585876464844,-72.06110382080078
373.963287353,21.927656173706055,-71.97225952148438
374.112701416,22.0910701751709,-71.89213562011719
374.262115478,22.275726318359375,-71.79940795898438
374.411529541,22.431398391723633,-71.71913146972656
374.560943603,22.612852096557617,-71.62032318115234
374.710357666,22.770605087280273,-71.5295639038086
374.876373291,22.94728660583496,-71.42508697509766
375.025787353,23.084253311157227,-71.34632873535156
375.225006103,23.08512306213379,-71.34583282470703
375.374420166,23.08512306213379,-71.34583282470703
375.523834228,23.08512306213379,-71.34583282470703
375.673248291,23.11785888671875,-71.34550476074219
375.822662353,23.185609817504883,-71.37297058105469
376.021881103,23.335908889770508,-71.56382751464844
376.171295166,23.370563507080078,-71.7416000366211
376.320709228,23.342575073242188,-71.947021484375
376.536529541,23.263994216918945,-72.19483184814453
376.735748291,23.202932357788086,-72.44183349609375
376.885162353,23.17111587524414,-72.64318084716797
377.084381103,23.163352966308594,-72.89862823486328
377.233795166,23.180742263793945,-73.07838439941406
377.433013916,23.21912384033203,-73.33549499511719
377.582427978,23.255369186401367,-73.53752136230469
377.781646728,23.293807983398438,-73.78219604492188
377.931060791,23.3187313079834,-73.95419311523438
378.130279541,23.34954071044922,-74.20132446289062
378.279693603,23.353408813476562,-74.23751068115234
378.445709228,23.353408813476562,-74.23751068115234
378.644927978,23.353408813476562,-74.23751068115234
378.794342041,23.353408813476562,-74.23751068115234
378.993560791,23.353044509887695,-74.24022674560547
379.142974853,23.33867645263672,-74.2681655883789
379.342193603,23.1626033782959,-74.40255737304688
379.541412353,22.925893783569336,-74.43431091308594
379.690826416,22.748689651489258,-74.40797424316406
379.890045166,22.49648094177246,-74.34515380859375
380.056060791,22.29557228088379,-74.29142761230469
380.255279541,22.042509078979492,-74.24567413330078
380.404693603,21.842275619506836,-74.22689819335938
380.603912353,21.58236312866211,-74.22134399414062
380.753326416,21.40036964416504,-74.22251892089844
380.952545166,21.147226333618164,-74.22484588623047
381.151763916,20.89134407043457,-74.22718811035156
381.301177978,20.683351516723633,-74.22908020019531
381.500396728,20.4288387298584,-74.23141479492188
381.649810791,20.253692626953125,-74.2330322265625
381.865631103,19.974550247192383,-74.235595703125
382.064849853,19.71455955505371,-74.23796081542969
382.214263916,19.539413452148438,-74.23957824707031
382.413482666,19.280792236328125,-74.24193572998047
382.612701416,19.022171020507812,-74.24267578125
382.811920166,18.763547897338867,-74.24100494384766
382.961334228,18.561025619506836,-74.23969268798828
383.160552978,18.305137634277344,-74.238037109375
383.309967041,18.125879287719727,-74.23687744140625
383.525787353,17.843992233276367,-74.23505401611328
383.675201416,17.671571731567383,-74.23393249511719
383.874420166,17.418418884277344,-74.23229217529297
384.023834228,17.210426330566406,-74.23094940185547
384.223052978,16.950435638427734,-74.2292709350586
384.372467041,16.776647567749023,-74.22814178466797
384.571685791,16.530332565307617,-74.2265396118164
384.721099853,16.323707580566406,-74.22520446777344
384.920318603,16.25520896911621,-74.22474670410156
385.136138916,16.25520896911621,-74.22474670410156
385.285552978,16.25520896911621,-74.22474670410156
385.484771728,16.25520896911621,-74.22474670410156
385.683990478,16.25520896911621,-74.22474670410156
385.883209228,16.25520896911621,-74.22474670410156
385.982818603,16.25520896911621,-74.22474670410156
386.182037353,16.25520896911621,-74.22474670410156
386.381256103,16.25520896911621,-74.22474670410156
386.580474853,16.25520896911621,-74.22474670410156
386.796295166,16.25520896911621,-74.22474670410156
386.945709228,16.25520896911621,-74.22474670410156
387.194732666,16.25520896911621,-74.22474670410156
387.344146728,16.25520896911621,-74.22474670410156
387.593170166,16.25520896911621,-74.22474670410156
387.742584228,16.25520896911621,-74.22474670410156
387.941802978,16.25520896911621,-74.22474670410156
388.141021728,16.25520896911621,-74.22474670410156
388.340240478,16.25520896911621,-74.22474670410156
388.556060791,16.25520896911621,-74.22474670410156
388.755279541,16.25520896911621,-74.22474670410156
388.904693603,16.25520896911621,-74.22474670410156
389.103912353,16.25520896911621,-74.22474670410156
389.303131103,16.25520896911621,-74.22474670410156
389.502349853,16.25520896911621,-74.22474670410156
389.701568603,16.25520896911621,-74.22474670410156
389.850982666,16.25520896911621,-74.22474670410156
390.050201416,16.25520896911621,-74.22474670410156
390.266021728,16.25520896911621,-74.22474670410156
390.465240478,16.25520896911621,-74.22474670410156
390.664459228,16.25520896911621,-74.22474670410156
390.813873291,16.25520896911621,-74.22474670410156
391.013092041,16.078956604003906,-74.2145767211914
391.212310791,15.85712718963623,-74.1694107055664
391.411529541,15.85712718963623,-74.1694107055664
391.610748291,15.85712718963623,-74.1694107055664
391.760162353,15.85712718963623,-74.1694107055664
391.975982666,15.85712718963623,-74.1694107055664
392.175201416,15.85712718963623,-74.1694107055664
392.374420166,15.85712718963623,-74.1694107055664
392.573638916,15.85712718963623,-74.1694107055664
392.723052978,15.85712718963623,-74.1694107055664
392.922271728,15.85712718963623,-74.1694107055664
393.121490478,15.85712718963623,-74.1694107055664
393.320709228,15.85712718963623,-74.1694107055664
393.470123291,15.85712718963623,-74.1694107055664
393.685943603,15.85712718963623,-74.1694107055664
393.885162353,15.85712718963623,-74.1694107055664
394.084381103,15.85712718963623,-74.1694107055664
394.283599853,15.85712718963623,-74.1694107055664
394.482818603,15.85712718963623,-74.1694107055664
394.682037353,15.85712718963623,-74.1694107055664
394.881256103,15.85712718963623,-74.1694107055664
395.030670166,15.85712718963623,-74.1694107055664
395.229888916,15.85712718963623,-74.1694107055664
395.445709228,15.85712718963623,-74.1694107055664
395.644927978,15.85712718963623,-74.1694107055664
395.844146728,15.85712718963623,-74.1694107055664
396.043365478,15.85712718963623,-74.1694107055664
396.242584228,15.85712718963623,-74.1694107055664
396.391998291,15.85712718963623,-74.1694107055664
396.591217041,15.85712718963623,-74.1694107055664
396.790435791,15.85712718963623,-74.1694107055664
397.006256103,15.85712718963623,-74.1694107055664
397.205474853,15.85712718963623,-74.1694107055664
397.404693603,15.85712718963623,-74.1694107055664
397.554107666,15.85712718963623,-74.1694107055664
397.753326416,15.85712718963623,-74.1694107055664
397.952545166,15.85712718963623,-74.1694107055664
398.151763916,15.85712718963623,-74.1694107055664
398.350982666,15.85712718963623,-74.1694107055664
398.550201416,15.85712718963623,-74.1694107055664
398.716217041,15.85712718963623,-74.1694107055664
398.915435791,15.85712718963623,-74.1694107055664
399.064849853,15.85712718963623,-74.1694107055664
399.264068603,15.85712718963623,-74.1694107055664
399.463287353,15.85712718963623,-74.1694107055664
399.662506103,15.85712718963623,-74.1694107055664
399.861724853,15.85712718963623,-74.1694107055664
400.060943603,15.85712718963623,-74.1694107055664
400.260162353,15.85712718963623,-74.1694107055664
400.426177978,15.85712718963623,-74.1694107055664
400.625396728,15.85712718963623,-74.1694107055664
400.824615478,15.85712718963623,-74.1694107055664
401.023834228,15.85712718963623,-74.1694107055664
401.173248291,15.85712718963623,-74.1694107055664
401.372467041,15.85712718963623,-74.1694107055664
401.571685791,15.85712718963623,-74.1694107055664
401.770904541,15.85712718963623,-74.1694107055664
401.970123291,15.85712718963623,-74.1694107055664
402.136138916,15.85712718963623,-74.1694107055664
402.335357666,15.85712718963623,-74.1694107055664
402.484771728,15.85712718963623,-74.1694107055664
402.683990478,15.85712718963623,-74.1694107055664
402.883209228,15.85712718963623,-74.1694107055664
403.082427978,15.85712718963623,-74.1694107055664
403.231842041,15.85712718963623,-74.1694107055664
403.431060791,15.70539379119873,-74.12210845947266
403.530670166,15.584366798400879,-74.1124267578125
403.729888916,15.361554145812988,-74.19776916503906
403.895904541,15.234033584594727,-74.35655975341797
404.095123291,15.153770446777344,-74.60316467285156
404.244537353,15.10413932800293,-74.80088806152344
404.443756103,15.00874137878418,-75.03630828857422
404.642974853,14.866426467895508,-75.24519348144531
404.792388916,14.749066352844238,-75.37325286865234
404.991607666,14.55883502960205,-75.5442886352539
405.190826416,14.359260559082031,-75.70661926269531
405.390045166,14.161971092224121,-75.86526489257812
405.556060791,14.009324073791504,-75.99834442138672
405.755279541,13.820406913757324,-76.17487335205078
405.954498291,13.640873908996582,-76.36102294921875
406.153717041,13.459733009338379,-76.54751586914062
406.303131103,13.317459106445312,-76.69546508789062
406.502349853,13.143500328063965,-76.88125610351562
406.701568603,12.966093063354492,-77.06755828857422
406.850982666,12.840611457824707,-77.1974868774414
407.050201416,12.660327911376953,-77.38101959228516
407.216217041,12.516378402709961,-77.52348327636719
407.415435791,12.338632583618164,-77.69793701171875
407.614654541,12.158047676086426,-77.87339782714844
407.813873291,11.97374153137207,-78.05484771728516
407.963287353,11.833084106445312,-78.19479370117188
408.112701416,11.710152626037598,-78.31957244873047
408.311920166,11.532639503479004,-78.50196075439453
408.511138916,11.351622581481934,-78.68474578857422
408.660552978,11.21157169342041,-78.82530975341797
408.859771728,11.04907512664795,-78.99175262451172
409.025787353,10.891901969909668,-79.1500244140625
409.225006103,10.71843433380127,-79.32295989990234
409.374420166,10.595973014831543,-79.4462661743164
409.573638916,10.421111106872559,-79.6255111694336
409.772857666,10.2421875,-79.8065414428711
409.922271728,10.101329803466797,-79.94823455810547
410.121490478,9.92565631866455,-80.13426971435547
410.320709228,9.750611305236816,-80.32464599609375
410.470123291,9.635262489318848,-80.45828247070312
410.685943603,9.460861206054688,-80.67790985107422
410.835357666,9.35265827178955,-80.82254791259766
411.034576416,9.196696281433105,-81.03057098388672
411.233795166,9.043566703796387,-81.24068450927734
411.383209228,8.918519973754883,-81.4051742553711
411.582427978,8.763648986816406,-81.61229705810547
411.781646728,8.61121940612793,-81.81954956054688
411.931060791,8.506577491760254,-81.96845245361328
412.130279541,8.369457244873047,-82.18605041503906
412.329498291,8.251697540283203,-82.41158294677734
412.495513916,8.16604995727539,-82.60112762451172
412.644927978,8.083776473999023,-82.79216766357422
412.844146728,7.983742713928223,-83.02623748779297
413.043365478,7.882845878601074,-83.26586151123047
413.192779541,7.813132286071777,-83.43396759033203
413.391998291,7.708321571350098,-83.6718978881836
413.541412353,7.62165641784668,-83.85796356201172
413.740631103,7.511240005493164,-84.09333038330078
413.890045166,7.433207988739014,-84.25774383544922
414.105865478,7.310121536254883,-84.51590728759766
414.305084228,7.210189342498779,-84.74842834472656
414.454498291,7.149204254150391,-84.91990661621094
414.653717041,7.072357177734375,-85.16822814941406
414.803131103,7.023139953613281,-85.3590087890625
415.002349853,6.970213890075684,-85.60516357421875
415.201568603,6.920627593994141,-85.86038970947266
415.350982666,6.886053085327148,-86.03768920898438
415.550201416,6.831724166870117,-86.29194641113281
415.699615478,6.794327735900879,-86.47006225585938
415.915435791,6.737816333770752,-86.7476577758789
416.114654541,6.69080924987793,-87.00336456298828
416.264068603,6.655527114868164,-87.20832061767578
416.463287353,6.611812114715576,-87.4618148803711
416.662506103,6.5656304359436035,-87.71212005615234
416.861724853,6.517158031463623,-87.96199798583984
417.011138916,6.483462333679199,-88.14085388183594
417.210357666,6.437099933624268,-88.39669799804688
417.376373291,6.402444362640381,-88.59483337402344
417.575592041,6.360291957855225,-88.84442901611328
417.774810791,6.3270955085754395,-89.10223388671875
417.924224853,6.325067043304443,-89.30598449707031
418.123443603,6.358314514160156,-89.55667877197266
418.272857666,6.405587196350098,-89.73091888427734
418.372467041,6.446771144866943,-89.84698486328125
418.571685791,6.5456976890563965,-90.0859146118164
418.721099853,6.627886772155762,-90.26800537109375
418.920318603,6.7375288009643555,-90.5037612915039
419.086334228,6.820815563201904,-90.69435119628906
419.285552978,6.918117046356201,-90.93544006347656
419.434967041,6.9812092781066895,-91.10469055175781
419.634185791,7.065446853637695,-91.35065460205078
419.783599853,7.127812385559082,-91.54621887207031
419.982818603,7.20136833190918,-91.78558349609375
420.182037353,7.271001815795898,-92.02611541748047
420.331451416,7.319502830505371,-92.19725799560547
420.530670166,7.39327335357666,-92.44513702392578
420.680084228,7.44121789932251,-92.63621520996094
420.895904541,7.4819746017456055,-92.89014434814453
421.045318603,7.497437477111816,-93.0975112915039
421.244537353,7.500438690185547,-93.35063934326172
421.443756103,7.491779327392578,-93.60631561279297
421.593170166,7.47422456741333,-93.78746795654297
421.792388916,7.443471908569336,-94.04288482666016
421.991607666,7.427876949310303,-94.29682922363281
422.141021728,7.428949356079102,-94.41413116455078
422.340240478,7.428949356079102,-94.41413116455078
422.506256103,7.428949356079102,-94.41413116455078
422.705474853,7.428949356079102,-94.41413116455078
422.904693603,7.428949356079102,-94.41413116455078
423.054107666,7.428949356079102,-94.41413116455078
423.253326416,7.433982849121094,-94.5895767211914
423.452545166,7.441123962402344,-94.83850860595703
423.601959228,7.4470109939575195,-95.04366302490234
423.801177978,7.463310241699219,-95.30304718017578
424.000396728,7.494544506072998,-95.55841064453125
424.149810791,7.519019603729248,-95.73321533203125
424.365631103,7.559182167053223,-96.00669860839844
424.515045166,7.580732345581055,-96.18466186523438
424.714263916,7.612226486206055,-96.4427490234375
424.913482666,7.640891075134277,-96.6956558227539
425.062896728,7.667292594909668,-96.89507293701172
425.262115478,7.697320461273193,-97.1533203125
425.461334228,7.724414348602295,-97.41188049316406
425.610748291,7.741909027099609,-97.59027862548828
425.809967041,7.762923717498779,-97.83843994140625
425.926177978,7.7786054611206055,-97.98814392089844
426.075592041,7.796428203582764,-98.16925811767578
426.274810791,7.820499420166016,-98.4281005859375
426.474029541,7.851756572723389,-98.67520141601562
426.623443603,7.873658657073975,-98.87515258789062
426.822662353,7.899750709533691,-99.13106536865234
426.972076416,7.917491912841797,-99.31218719482422
427.171295166,7.93918514251709,-99.56851196289062
427.370513916,7.966582298278809,-99.81880950927734
427.536529541,7.986715793609619,-100.02032470703125
427.735748291,8.012582778930664,-100.27901458740234
427.885162353,8.035268783569336,-100.48165130615234
428.084381103,8.057411193847656,-100.73382568359375
428.283599853,8.081613540649414,-100.98580932617188
428.433013916,8.09935474395752,-101.16693115234375
428.632232666,8.11884880065918,-101.42619323730469
428.831451416,8.141792297363281,-101.67970275878906
428.980865478,8.160022735595703,-101.88414764404297
429.180084228,8.176079750061035,-102.14363861083984
429.346099853,8.191378593444824,-102.35102844238281
429.545318603,8.220041275024414,-102.60530853271484
429.744537353,8.242642402648926,-102.86430358886719
429.893951416,8.258177757263184,-103.0456314086914
430.093170166,8.280730247497559,-103.29502868652344
430.292388916,8.296271324157715,-103.54632568359375
430.441802978,8.305842399597168,-103.75408935546875
430.641021728,8.331639289855957,-104.01140594482422
430.790435791,8.349184036254883,-104.1897964477539
430.989654541,8.370329856872559,-104.4393081665039
431.155670166,8.391161918640137,-104.63663482666016
431.354888916,8.414579391479492,-104.89555358886719
431.504302978,8.427139282226562,-105.09905242919922
431.703521728,8.442693710327148,-105.35172271728516
431.902740478,8.46117115020752,-105.60832977294922
432.052154541,8.470977783203125,-105.7900619506836
432.251373291,8.4819974899292,-106.0498046875
432.450592041,8.506229400634766,-106.30178833007812
432.600006103,8.527376174926758,-106.50457763671875
432.815826416,8.547622680664062,-106.7637710571289
433.015045166,8.568320274353027,-107.02156066894531
433.164459228,8.58533763885498,-107.22611236572266
433.313873291,8.596360206604004,-107.40777587890625
433.463287353,8.604007720947266,-107.61425018310547
433.662506103,8.609434127807617,-107.86322021484375
433.861724853,8.626609802246094,-108.11441802978516
434.060943603,8.644757270812988,-108.37103271484375
434.260162353,8.650588035583496,-108.6308822631836
434.426177978,8.642590522766113,-108.833251953125
434.625396728,8.637519836425781,-109.09046173095703
434.774810791,8.638788223266602,-109.2724609375
434.974029541,8.645133972167969,-109.52690124511719
435.123443603,8.650273323059082,-109.72523498535156
435.322662353,8.656747817993164,-109.97830200195312
435.521881103,8.660446166992188,-110.23829650878906
435.671295166,8.661632537841797,-110.42030334472656
435.870513916,8.658866882324219,-110.67207336425781
436.036529541,8.657898902893066,-110.87321472167969
436.235748291,8.675376892089844,-111.12841033935547
436.385162353,8.698210716247559,-111.33378601074219
436.584381103,8.720309257507324,-111.5859603881836
436.783599853,8.734736442565918,-111.84417724609375
436.933013916,8.740023612976074,-112.02609252929688
437.132232666,8.740616798400879,-112.28335571289062
437.331451416,8.733455657958984,-112.53092956542969
437.530670166,8.723407745361328,-112.77978515625
437.680084228,8.716863632202148,-112.98219299316406
437.846099853,8.729912757873535,-113.18280029296875
438.045318603,8.778509140014648,-113.43534088134766
438.244537353,8.827840805053711,-113.68362426757812
438.393951416,8.853425979614258,-113.85689544677734
438.593170166,8.883442878723145,-114.10824584960938
438.792388916,8.90614128112793,-114.36722564697266
438.941802978,8.92003059387207,-114.57339477539062
439.141021728,8.941363334655762,-114.82425689697266
439.340240478,8.977901458740234,-115.07888793945312
439.506256103,9.009359359741211,-115.28446960449219
439.705474853,9.054672241210938,-115.53768920898438
439.904693603,9.094961166381836,-115.78900146484375
440.103912353,9.130790710449219,-116.03545379638672
440.253326416,9.152395248413086,-116.21617126464844
440.452545166,9.18087100982666,-116.47461700439453
440.651763916,9.210308074951172,-116.72742462158203
440.801177978,9.23654842376709,-116.92961883544922
441.000396728,9.2772216796875,-117.18084716796875
441.216217041,9.321979522705078,-117.43277740478516
441.365631103,9.35560417175293,-117.63665008544922
441.564849853,9.389317512512207,-117.88616180419922
441.764068603,9.400004386901855,-118.13751983642578
441.963287353,9.392518043518066,-118.39740753173828
442.112701416,9.384696960449219,-118.56671905517578
442.311920166,9.383405685424805,-118.59469604492188
442.511138916,9.383405685424805,-118.59469604492188
442.710357666,9.383405685424805,-118.59469604492188
442.876373291,9.383405685424805,-118.59469604492188
443.075592041,9.382828712463379,-118.60718536376953
443.225006103,9.377427101135254,-118.78399658203125
443.374420166,9.374521255493164,-118.9563980102539
443.523834228,9.382704734802246,-119.1573486328125
443.723052978,9.413069725036621,-119.40861511230469
443.922271728,9.460121154785156,-119.66012573242188
444.121490478,9.503286361694336,-119.91650390625
444.270904541,9.530987739562988,-120.0908432006836
444.470123291,9.565778732299805,-120.33607482910156
444.636138916,9.592198371887207,-120.53549194335938
444.835357666,9.623674392700195,-120.79356384277344
445.034576416,9.65754508972168,-121.04718780517578
445.183990478,9.687826156616211,-121.24604797363281
445.383209228,9.725887298583984,-121.49632263183594
445.582427978,9.761211395263672,-121.74702453613281
445.781646728,9.793827056884766,-122.00495910644531
445.931060791,9.81168270111084,-122.18470001220703
446.130279541,9.829602241516113,-122.43445587158203
446.329498291,9.832788467407227,-122.68621063232422
446.495513916,9.828840255737305,-122.89006805419922
446.694732666,9.817142486572266,-123.14569091796875
446.893951416,9.804084777832031,-123.39439392089844
447.093170166,9.792157173156738,-123.64453125
447.242584228,9.787480354309082,-123.85247802734375
447.441802978,9.787774085998535,-124.1097412109375
447.641021728,9.788870811462402,-124.36288452148438
447.840240478,9.789950370788574,-124.61190795898438
448.006256103,9.790850639343262,-124.81991577148438
448.205474853,9.791964530944824,-125.07717895507812
448.404693603,9.793044090270996,-125.32620239257812
448.603912353,9.794146537780762,-125.58071899414062
448.803131103,9.795271873474121,-125.84072875976562
448.952545166,9.796059608459473,-126.02273559570312
449.151763916,9.797150611877441,-126.27450561523438
449.350982666,9.798247337341309,-126.52764892578125
449.550201416,9.799372673034668,-126.78765869140625
449.766021728,9.809462547302246,-127.0733871459961
449.965240478,9.83713436126709,-127.32913970947266
450.114654541,9.853972434997559,-127.51034545898438
450.313873291,9.870932579040527,-127.76704406738281
450.513092041,9.876444816589355,-128.0187225341797
450.662506103,9.870171546936035,-128.22390747070312
450.861724853,9.8585844039917,-128.48367309570312
451.060943603,9.840779304504395,-128.73756408691406
451.260162353,9.825385093688965,-128.986083984375
451.475982666,9.831923484802246,-129.24044799804688
451.625396728,9.851611137390137,-129.44332885742188
451.824615478,9.913744926452637,-129.69244384765625
452.023834228,10.041731834411621,-129.91758728027344
452.173248291,10.169426918029785,-130.04295349121094
452.372467041,10.391369819641113,-130.17703247070312
452.521881103,10.586526870727539,-130.2484893798828
452.671295166,10.763641357421875,-130.29017639160156
452.870513916,11.013444900512695,-130.33895874023438
453.019927978,11.188261032104492,-130.37191772460938
453.185943603,11.406672477722168,-130.41717529296875
453.335357666,11.582693099975586,-130.45774841308594
453.484771728,11.780585289001465,-130.50682067871094
453.683990478,12.025893211364746,-130.57467651367188
453.833404541,12.198129653930664,-130.62435913085938
453.982818603,12.396137237548828,-130.6880645751953
454.182037353,12.644166946411133,-130.76602172851562
454.331451416,12.816329956054688,-130.81594848632812
454.480865478,13.010969161987305,-130.8718719482422
454.630279541,13.179018020629883,-130.9212646484375
454.796295166,13.370010375976562,-130.9750518798828
454.995513916,13.619087219238281,-131.04954528808594
455.144927978,13.812230110168457,-131.11888122558594
455.294342041,13.97146987915039,-131.19175720214844
455.493560791,14.199274063110352,-131.314208984375
455.642974853,14.383991241455078,-131.40980529785156
455.842193603,14.620726585388184,-131.51016235351562
455.991607666,14.792877197265625,-131.55984497070312
456.190826416,15.040986061096191,-131.61004638671875
456.340240478,15.237470626831055,-131.64625549316406
456.506256103,15.433403015136719,-131.69158935546875
456.655670166,15.473358154296875,-131.7028045654297
456.854888916,15.473358154296875,-131.7028045654297
457.004302978,15.473358154296875,-131.7028045654297
457.203521728,15.473358154296875,-131.7028045654297
457.352935791,15.473358154296875,-131.7028045654297
457.552154541,15.473358154296875,-131.7028045654297
457.701568603,15.473358154296875,-131.7028045654297
457.850982666,15.473358154296875,-131.7028045654297
458.050201416,15.473358154296875,-131.7028045654297
458.216217041,15.473358154296875,-131.7028045654297
458.415435791,15.473358154296875,-131.7028045654297
458.564849853,15.473358154296875,-131.7028045654297
458.764068603,15.473358154296875,-131.7028045654297
458.913482666,15.473358154296875,-131.7028045654297
459.112701416,15.473358154296875,-131.7028045654297
459.262115478,15.473358154296875,-131.7028045654297
459.461334228,15.473358154296875,-131.7028045654297
459.610748291,15.473358154296875,-131.7028045654297
459.809967041,15.473358154296875,-131.7028045654297
459.975982666,15.473358154296875,-131.7028045654297
460.175201416,15.473358154296875,-131.7028045654297
460.324615478,15.473358154296875,-131.7028045654297
460.523834228,15.473358154296875,-131.7028045654297
460.673248291,15.473358154296875,-131.7028045654297
460.772857666,15.473358154296875,-131.7028045654297
460.972076416,15.473358154296875,-131.7028045654297
461.121490478,15.473358154296875,-131.7028045654297
461.320709228,15.473358154296875,-131.7028045654297
461.470123291,15.473358154296875,-131.7028045654297
461.636138916,15.473358154296875,-131.7028045654297
461.835357666,15.473358154296875,-131.7028045654297
461.984771728,15.473358154296875,-131.7028045654297
462.183990478,15.473358154296875,-131.7028045654297
462.333404541,15.473358154296875,-131.7028045654297
462.532623291,15.473358154296875,-131.7028045654297
462.682037353,15.473358154296875,-131.7028045654297
462.831451416,15.473358154296875,-131.7028045654297
463.030670166,15.473358154296875,-131.7028045654297
463.229888916,15.473358154296875,-131.7028045654297
463.395904541,15.473358154296875,-131.7028045654297
463.545318603,15.473358154296875,-131.7028045654297
463.744537353,15.473358154296875,-131.7028045654297
463.893951416,15.473358154296875,-131.7028045654297
464.093170166,15.473358154296875,-131.7028045654297
464.242584228,15.473358154296875,-131.7028045654297
464.441802978,15.473358154296875,-131.7028045654297
464.591217041,15.473358154296875,-131.7028045654297
464.790435791,15.473358154296875,-131.7028045654297
464.956451416,15.473358154296875,-131.7028045654297
465.155670166,15.473358154296875,-131.7028045654297
465.305084228,15.473358154296875,-131.7028045654297
465.504302978,15.473358154296875,-131.7028045654297
465.653717041,15.473358154296875,-131.7028045654297
465.852935791,15.473358154296875,-131.7028045654297
466.002349853,15.473358154296875,-131.7028045654297
466.201568603,15.473358154296875,-131.7028045654297
466.350982666,15.473358154296875,-131.7028045654297
466.550201416,15.473358154296875,-131.7028045654297
466.716217041,15.473358154296875,-131.7028045654297
466.915435791,15.473358154296875,-131.7028045654297
467.064849853,15.473358154296875,-131.7028045654297
467.264068603,15.473358154296875,-131.7028045654297
467.413482666,15.473358154296875,-131.7028045654297
467.612701416,15.473358154296875,-131.7028045654297
467.762115478,15.473358154296875,-131.7028045654297
467.961334228,15.473358154296875,-131.7028045654297
468.110748291,15.473358154296875,-131.7028045654297
468.309967041,15.473358154296875,-131.7028045654297
468.475982666,15.473358154296875,-131.7028045654297
468.675201416,15.473358154296875,-131.7028045654297
468.824615478,15.64661979675293,-131.74130249023438
468.974029541,15.823714256286621,-131.75767517089844
469.173248291,16.08089256286621,-131.7609405517578
469.322662353,16.288862228393555,-131.7576141357422
469.472076416,16.470645904541016,-131.76513671875
469.671295166,16.727764129638672,-131.802978515625
469.820709228,16.930599212646484,-131.8489532470703
469.970123291,17.107389450073242,-131.89218139648438
470.136138916,17.309871673583984,-131.939697265625
470.335357666,17.554494857788086,-131.9864501953125
470.484771728,17.7502498626709,-132.02635192871094
470.634185791,17.925304412841797,-132.07077026367188
470.833404541,18.171649932861328,-132.14486694335938
470.982818603,18.364713668823242,-132.2060546875
471.182037353,18.61345672607422,-132.2816619873047
471.331451416,18.790590286254883,-132.3233642578125
471.480865478,18.99420738220215,-132.36581420898438
471.680084228,19.24530601501465,-132.42176818847656
471.846099853,19.439735412597656,-132.46774291992188
471.995513916,19.611148834228516,-132.5098876953125
472.194732666,19.860149383544922,-132.57456970214844
472.344146728,20.061321258544922,-132.62742614746094
472.493560791,20.2377986907959,-132.6719207763672
472.692779541,20.489551544189453,-132.7311553955078
472.842193603,20.690622329711914,-132.7787628173828
473.041412353,20.935277938842773,-132.83822631835938
473.190826416,21.108795166015625,-132.87051391601562
473.390045166,21.366802215576172,-132.90264892578125
473.556060791,21.57349395751953,-132.92593383789062
473.705474853,21.777957916259766,-132.94400024414062
473.854888916,21.95957374572754,-132.95571899414062
474.054107666,22.21938705444336,-132.96548461914062
474.203521728,22.424177169799805,-132.9788818359375
474.352935791,22.60315704345703,-133.00302124023438
474.552154541,22.853200912475586,-133.0570526123047
474.701568603,23.051626205444336,-133.1095733642578
474.900787353,23.301681518554688,-133.1807861328125
475.050201416,23.478469848632812,-133.2239227294922
475.216217041,23.682231903076172,-133.26565551757812
475.415435791,23.935409545898438,-133.31129455566406
475.564849853,24.128019332885742,-133.34475708007812
475.714263916,24.142290115356445,-133.3473358154297
475.913482666,24.142290115356445,-133.3473358154297
476.062896728,24.142290115356445,-133.3473358154297
476.262115478,24.142290115356445,-133.3473358154297
476.411529541,24.291603088378906,-133.3665771484375
476.560943603,24.494489669799805,-133.3431854248047
476.760162353,24.723161697387695,-133.23321533203125
476.876373291,24.8306941986084,-133.1602020263672
477.025787353,24.992748260498047,-133.0342559814453
477.175201416,25.12681007385254,-132.9258270263672
477.324615478,25.291227340698242,-132.79844665527344
477.474029541,25.434688568115234,-132.69564819335938
477.623443603,25.60944366455078,-132.58804321289062
477.772857666,25.767227172851562,-132.50296020507812
477.922271728,25.95289421081543,-132.4092254638672
478.121490478,26.190013885498047,-132.30259704589844
478.171295166,26.23783302307129,-132.28216552734375
478.370513916,26.47600746154785,-132.1849365234375
478.470123291,26.597332000732422,-132.13824462890625
478.685943603,26.861318588256836,-132.0355682373047
478.835357666,27.023807525634766,-131.97018432617188
478.984771728,27.215496063232422,-131.89678955078125
479.134185791,27.386777877807617,-131.83523559570312
479.283599853,27.583688735961914,-131.76824951171875
479.433013916,27.75123405456543,-131.71722412109375
479.582427978,27.944528579711914,-131.67262268066406
479.731842041,28.120235443115234,-131.64500427246094
479.881256103,28.32607650756836,-131.6274871826172
480.080474853,28.586023330688477,-131.625
480.229888916,28.76254653930664,-131.62643432617188
480.395904541,28.967741012573242,-131.62298583984375
480.545318603,29.17214584350586,-131.6046905517578
480.744537353,29.428531646728516,-131.5618438720703
480.893951416,29.60486602783203,-131.52960205078125
481.043365478,29.80036735534668,-131.4956817626953
481.192779541,29.977439880371094,-131.4601287841797
481.391998291,30.22403907775879,-131.4029541015625
481.541412353,30.42537498474121,-131.37106323242188
481.690826416,30.60635757446289,-131.35189819335938
481.840240478,30.812292098999023,-131.33499145507812
482.006256103,31.011754989624023,-131.32363891601562
482.205474853,31.26753044128418,-131.3159942626953
482.354888916,31.446517944335938,-131.30657958984375
482.504302978,31.6531925201416,-131.28353881835938
482.703521728,31.89957618713379,-131.23887634277344
482.852935791,32.07358169555664,-131.2091522216797
483.002349853,32.27606201171875,-131.17550659179688
483.151763916,32.45501708984375,-131.14236450195312
483.301177978,32.65814208984375,-131.1044921875
483.450592041,32.83538818359375,-131.06967163085938
483.600006103,33.0399169921875,-131.03184509277344
483.766021728,33.23396301269531,-130.98448181152344
483.915435791,33.39970016479492,-130.9322509765625
484.114654541,33.64130783081055,-130.8521728515625
484.264068603,33.838356018066406,-130.78558349609375
484.413482666,34.01008224487305,-130.7252655029297
484.562896728,34.2050666809082,-130.66116333007812
484.712310791,34.38076400756836,-130.6138153076172
484.911529541,34.63633728027344,-130.56655883789062
485.060943603,34.83783721923828,-130.546630859375
485.210357666,35.00996017456055,-130.53659057617188
485.376373291,35.210994720458984,-130.52964782714844
485.525787353,35.414878845214844,-130.52777099609375
485.675201416,35.59406280517578,-130.52346801757812
485.874420166,35.84568786621094,-130.49667358398438
486.023834228,36.040584564208984,-130.45315551757812
486.173248291,36.215267181396484,-130.40208435058594
486.322662353,36.41215896606445,-130.34410095214844
486.472076416,36.58367156982422,-130.30245971679688
486.671295166,36.840354919433594,-130.2616729736328
486.820709228,37.04775619506836,-130.2466583251953
486.970123291,37.228355407714844,-130.2463836669922
487.136138916,37.427852630615234,-130.25692749023438
487.285552978,37.63524627685547,-130.27284240722656
487.484771728,37.888954162597656,-130.29331970214844
487.634185791,38.06748962402344,-130.30941772460938
487.833404541,38.31504821777344,-130.3366241455078
487.982818603,38.51579284667969,-130.3486328125
488.132232666,38.69227600097656,-130.34661865234375
488.281646728,38.89975357055664,-130.33206176757812
488.480865478,39.154884338378906,-130.31239318847656
488.630279541,39.3311653137207,-130.30322265625
488.779693603,39.50624084472656,-130.29798889160156
488.945709228,39.73613357543945,-130.29696655273438
489.144927978,39.99603271484375,-130.2929229736328
489.294342041,40.17448425292969,-130.2762908935547
489.443756103,40.35940933227539,-130.24571228027344
489.593170166,40.52997970581055,-130.2124481201172
489.792388916,40.77602767944336,-130.17430114746094
489.941802978,40.977970123291016,-130.1595001220703
490.091217041,41.15986633300781,-130.15345764160156
490.290435791,41.419857025146484,-130.15179443359375
490.456451416,41.623695373535156,-130.15626525878906
490.605865478,41.826019287109375,-130.1653594970703
490.755279541,42.0078125,-130.17422485351562
490.904693603,42.212860107421875,-130.1837615966797
491.103912353,42.467308044433594,-130.18948364257812
491.253326416,42.64655685424805,-130.1914825439453
491.452545166,42.9037971496582,-130.19435119628906
491.601959228,43.11178207397461,-130.1964111328125
491.751373291,43.28831100463867,-130.19549560546875
491.900787353,43.489471435546875,-130.19386291503906
492.100006103,43.7453727722168,-130.1917724609375
492.266021728,43.9533805847168,-130.1900634765625
492.415435791,44.13127899169922,-130.18861389160156
492.564849853,44.33243942260742,-130.18698120117188
492.764068603,44.59244918823242,-130.18484497070312
492.913482666,44.77445602416992,-130.183349609375
493.062896728,44.96722412109375,-130.18177795410156
493.262115478,44.98372268676758,-130.18162536621094
493.411529541,44.98372268676758,-130.18162536621094
493.610748291,44.98372268676758,-130.18162536621094
493.760162353,44.98372268676758,-130.18162536621094
493.926177978,44.98372268676758,-130.18162536621094
494.125396728,45.188724517822266,-130.17994689941406
494.274810791,45.370731353759766,-130.17845153808594
494.474029541,45.62800216674805,-130.17642211914062
494.623443603,45.8332633972168,-130.17787170410156
494.822662353,46.08913803100586,-130.18072509765625
494.972076416,46.2711181640625,-130.18275451660156
495.121490478,46.47636413574219,-130.18504333496094
495.270904541,46.65151596069336,-130.18699645996094
495.470123291,46.90192794799805,-130.18978881835938
495.536529541,46.97718811035156,-130.1906280517578
495.685943603,47.18516540527344,-130.1929473876953
495.885162353,47.439674377441406,-130.19570922851562
496.034576416,47.613460540771484,-130.19491577148438
496.233795166,47.86796951293945,-130.19207763671875
496.383209228,48.07594680786133,-130.18975830078125
496.582427978,48.33591842651367,-130.18685913085938
496.731842041,48.51243591308594,-130.1848907470703
496.881256103,48.713584899902344,-130.18264770507812
497.080474853,48.97355651855469,-130.17974853515625
497.229888916,49.15553665161133,-130.17771911621094
497.395904541,49.35942840576172,-130.17832946777344
497.595123291,49.616661071777344,-130.1819610595703
497.744537353,49.82463836669922,-130.1848907470703
497.893951416,50.00387954711914,-130.1874237060547
498.043365478,50.20774841308594,-130.1903076171875
498.242584228,50.4636116027832,-130.1939239501953
498.391998291,50.645606994628906,-130.1952667236328
498.541412353,50.84950637817383,-130.19369506835938
498.740631103,51.10403823852539,-130.19161987304688
498.890045166,51.279197692871094,-130.19020080566406
499.056060791,51.484466552734375,-130.1885223388672
499.255279541,51.741737365722656,-130.18641662597656
499.404693603,51.94426727294922,-130.1847686767578
499.603912353,52.19879913330078,-130.1826934814453
499.753326416,52.38080596923828,-130.1811981201172
499.902740478,52.58881378173828,-130.1794891357422
500.052154541,52.76808166503906,-130.1780242919922
500.251373291,53.019874572753906,-130.17771911621094
500.400787353,53.22651290893555,-130.17868041992188
500.600006103,53.48652267456055,-130.17990112304688
500.766021728,53.69316101074219,-130.1808624267578
500.915435791,53.87105941772461,-130.18167114257812
501.114654541,54.13106918334961,-130.18289184570312
501.264068603,54.33633804321289,-130.183837890625
501.413482666,54.51423645019531,-130.1846466064453
501.612701416,54.767398834228516,-130.185791015625
501.762115478,54.975406646728516,-130.186767578125
501.911529541,55.157413482666016,-130.1876220703125
502.110748291,55.40920639038086,-130.18875122070312
502.260162353,55.6089973449707,-130.18963623046875
502.409576416,55.788265228271484,-130.19046020507812
502.625396728,56.070167541503906,-130.19175720214844
502.774810791,56.24806594848633,-130.19256591796875
502.924224853,56.45059585571289,-130.1934814453125
503.123443603,56.70786666870117,-130.19467163085938
503.272857666,56.88987350463867,-130.19552612304688
503.422271728,57.09651184082031,-130.1964874267578
503.621490478,57.348304748535156,-130.19761657714844
503.770904541,57.5220947265625,-130.19830322265625
503.970123291,57.77933883666992,-130.1954345703125
504.136138916,57.9873161315918,-130.1925048828125
504.285552978,58.191184997558594,-130.1896209716797
504.434967041,58.3676872253418,-130.18711853027344
504.634185791,58.62765884399414,-130.18345642089844
504.783599853,58.834266662597656,-130.1805419921875
504.933013916,59.0094108581543,-130.1785125732422
505.132232666,59.25983428955078,-130.17916870117188
505.331451416,59.51748275756836,-130.16000366210938
505.530670166,59.75852584838867,-130.0854034423828
505.680084228,59.931705474853516,-129.9762725830078
505.895904541,60.096012115478516,-129.78175354003906
506.045318603,60.17369079589844,-129.59242248535156
506.244537353,60.2137336730957,-129.33595275878906
506.393951416,60.22187423706055,-129.1569061279297
506.593170166,60.23045349121094,-128.9025115966797
506.742584228,60.242767333984375,-128.70037841796875
506.891998291,60.26312255859375,-128.52505493164062
507.041412353,60.295799255371094,-128.31964111328125
507.240631103,60.343135833740234,-128.0681610107422
507.390045166,60.38159942626953,-127.89026641845703
507.556060791,60.429229736328125,-127.69061279296875
507.705474853,60.477088928222656,-127.4952392578125
507.854888916,60.5197868347168,-127.31830596923828
508.004302978,60.56829833984375,-127.11602783203125
508.203521728,60.629638671875,-126.86334228515625
508.352935791,60.67106246948242,-126.6875228881836
508.502349853,60.716590881347656,-126.4916000366211
508.651763916,60.75476837158203,-126.3206558227539
508.801177978,60.79492950439453,-126.12493133544922
508.950592041,60.82698440551758,-125.95133209228516
509.100006103,60.857547760009766,-125.74560546875
509.249420166,60.878623962402344,-125.5648422241211
509.415435791,60.88999938964844,-125.35991668701172
509.614654541,60.88925552368164,-125.10549926757812
