timestamp_sec,x,y
212.164474487,77.0999984741211,-6.199999809265137
212.313888549,77.0999984741211,-6.199999809265137
212.513107299,77.0999984741211,-6.199999809265137
212.712326049,77.0999984741211,-6.199999809265137
212.861740112,77.0999984741211,-6.199999809265137
213.060958862,77.0999984741211,-6.199999809265137
213.260177612,77.0999984741211,-6.199999809265137
213.475997924,77.0999984741211,-6.199999809265137
213.625411987,77.0999984741211,-6.199999809265137
213.824630737,77.0999984741211,-6.199999809265137
214.023849487,77.0999984741211,-6.199999809265137
214.223068237,77.0999984741211,-6.199999809265137
214.372482299,77.0999984741211,-6.199999809265137
214.571701049,77.0999984741211,-6.199999809265137
214.770919799,77.0999984741211,-6.199999809265137
214.920333862,77.0999984741211,-6.199999809265137
215.086349487,77.0999984741211,-6.199999809265137
215.285568237,77.0999984741211,-6.199999809265137
215.484786987,77.0999984741211,-6.199999809265137
215.634201049,77.0999984741211,-6.199999809265137
215.833419799,77.0999984741211,-6.199999809265137
215.982833862,77.0999984741211,-6.199999809265137
216.182052612,77.0999984741211,-6.199999809265137
216.331466674,77.0999984741211,-6.199999809265137
216.530685424,77.0999984741211,-6.199999809265137
216.630294799,77.0999984741211,-6.199999809265137
216.796310424,77.0999984741211,-6.199999809265137
216.945724487,77.0999984741211,-6.199999809265137
217.144943237,77.0999984741211,-6.199999809265137
217.344161987,77.0999984741211,-6.199999809265137
217.493576049,77.0999984741211,-6.199999809265137
217.642990112,77.0999984741211,-6.199999809265137
217.842208862,77.0999984741211,-6.199999809265137
217.991622924,77.0999984741211,-6.199999809265137
218.190841674,77.0999984741211,-6.199999809265137
218.340255737,77.0999984741211,-6.199999809265137
218.539474487,77.0999984741211,-6.199999809265137
218.705490112,77.0999984741211,-6.199999809265137
218.854904174,77.0999984741211,-6.199999809265137
219.054122924,77.0999984741211,-6.199999809265137
219.153732299,77.0999984741211,-6.199999809265137
219.352951049,77.0999984741211,-6.199999809265137
219.552169799,77.0999984741211,-6.199999809265137
219.701583862,77.0999984741211,-6.199999809265137
219.850997924,77.0999984741211,-6.199999809265137
220.000411987,77.0999984741211,-6.199999809265137
220.149826049,77.0999984741211,-6.199999809265137
220.315841674,77.0999984741211,-6.199999809265137
220.465255737,77.0999984741211,-6.199999809265137
220.664474487,77.0999984741211,-6.199999809265137
220.813888549,77.0999984741211,-6.199999809265137
220.963302612,77.0999984741211,-6.199999809265137
221.162521362,77.0999984741211,-6.199999809265137
221.311935424,77.0999984741211,-6.199999809265137
221.461349487,77.0999984741211,-6.199999809265137
221.610763549,77.0999984741211,-6.199999809265137
221.809982299,77.0999984741211,-6.199999809265137
221.975997924,77.0999984741211,-6.199999809265137
222.125411987,77.0999984741211,-6.199999809265137
222.274826049,77.0999984741211,-6.199999809265137
222.424240112,77.0999984741211,-6.199999809265137
222.623458862,77.0999984741211,-6.199999809265137
222.772872924,77.0999984741211,-6.199999809265137
222.922286987,77.0999984741211,-6.199999809265137
223.071701049,77.0999984741211,-6.199999809265137
223.270919799,77.0999984741211,-6.199999809265137
223.420333862,77.0999984741211,-6.199999809265137
223.586349487,77.0999984741211,-6.199999809265137
223.735763549,77.0999984741211,-6.199999809265137
223.885177612,77.0999984741211,-6.199999809265137
224.084396362,77.0999984741211,-6.199999809265137
224.233810424,77.0999984741211,-6.199999809265137
224.383224487,77.0999984741211,-6.199999809265137
224.532638549,77.0999984741211,-6.199999809265137
224.731857299,77.0999984741211,-6.199999809265137
224.881271362,77.0999984741211,-6.199999809265137
225.030685424,77.0999984741211,-6.199999809265137
225.180099487,77.0999984741211,-6.199999809265137
225.329513549,77.0999984741211,-6.199999809265137
225.495529174,77.0999984741211,-6.199999809265137
225.694747924,77.0999984741211,-6.199999809265137
225.844161987,77.0999984741211,-6.199999809265137
226.043380737,77.0999984741211,-6.199999809265137
226.192794799,77.0999984741211,-6.199999809265137
226.342208862,77.0999984741211,-6.199999809265137
226.491622924,77.0999984741211,-6.199999809265137
226.641036987,77.0999984741211,-6.199999809265137
226.790451049,77.0999984741211,-6.199999809265137
226.939865112,77.0999984741211,-6.199999809265137
227.105880737,77.0999984741211,-6.199999809265137
227.305099487,77.0999984741211,-6.199999809265137
227.454513549,77.0999984741211,-6.199999809265137
227.653732299,77.0999984741211,-6.199999809265137
227.803146362,77.0999984741211,-6.199999809265137
227.952560424,77.0999984741211,-6.199999809265137
228.151779174,77.0999984741211,-6.199999809265137
228.301193237,77.0999984741211,-6.199999809265137
228.450607299,77.0999984741211,-6.199999809265137
228.600021362,77.0999984741211,-6.199999809265137
228.766036987,77.0999984741211,-6.199999809265137
228.915451049,77.0999984741211,-6.199999809265137
229.114669799,77.0999984741211,-6.199999809265137
229.264083862,77.0999984741211,-6.199999809265137
229.413497924,77.0999984741211,-6.199999809265137
229.562911987,77.0999984741211,-6.199999809265137
229.712326049,77.0999984741211,-6.199999809265137
229.911544799,77.0999984741211,-6.199999809265137
230.060958862,77.0999984741211,-6.199999809265137
230.210372924,77.0999984741211,-6.199999809265137
230.376388549,77.0999984741211,-6.199999809265137
230.575607299,77.0999984741211,-6.199999809265137
230.725021362,77.0999984741211,-6.199999809265137
230.874435424,77.0999984741211,-6.199999809265137
231.023849487,77.0999984741211,-6.199999809265137
231.223068237,77.0999984741211,-6.199999809265137
231.372482299,77.0999984741211,-6.199999809265137
231.521896362,77.0999984741211,-6.199999809265137
231.671310424,77.0999984741211,-6.199999809265137
231.820724487,77.0999984741211,-6.199999809265137
231.970138549,77.0999984741211,-6.199999809265137
232.136154174,77.0999984741211,-6.199999809265137
232.285568237,77.0999984741211,-6.199999809265137
232.484786987,77.0999984741211,-6.199999809265137
232.634201049,77.0999984741211,-6.199999809265137
232.783615112,77.0999984741211,-6.199999809265137
232.982833862,77.0999984741211,-6.199999809265137
233.132247924,77.0999984741211,-6.199999809265137
233.281661987,77.0999984741211,-6.199999809265137
233.431076049,77.0999984741211,-6.199999809265137
233.580490112,77.0999984741211,-6.199999809265137
233.729904174,77.0999984741211,-6.199999809265137
233.945724487,77.0999984741211,-6.199999809265137
234.095138549,77.0999984741211,-6.199999809265137
234.244552612,77.0999984741211,-6.199999809265137
234.443771362,77.0999984741211,-6.199999809265137
234.593185424,77.0999984741211,-6.199999809265137
234.742599487,77.0999984741211,-6.199999809265137
234.941818237,77.0999984741211,-6.199999809265137
235.091232299,77.0999984741211,-6.199999809265137
235.240646362,77.0999984741211,-6.199999809265137
235.390060424,77.0999984741211,-6.199999809265137
235.556076049,77.0999984741211,-6.199999809265137
235.755294799,77.0999984741211,-6.199999809265137
235.904708862,77.0999984741211,-6.199999809265137
236.103927612,77.0999984741211,-6.199999809265137
236.253341674,77.0999984741211,-6.199999809265137
236.402755737,77.0999984741211,-6.199999809265137
236.552169799,77.0999984741211,-6.199999809265137
236.651779174,77.0999984741211,-6.199999809265137
236.801193237,77.0999984741211,-6.199999809265137
237.000411987,77.0999984741211,-6.199999809265137
237.149826049,77.0999984741211,-6.199999809265137
237.315841674,77.0999984741211,-6.199999809265137
237.465255737,77.0999984741211,-6.199999809265137
237.664474487,77.0999984741211,-6.199999809265137
237.813888549,77.0999984741211,-6.199999809265137
237.963302612,77.0999984741211,-6.199999809265137
238.162521362,77.0999984741211,-6.199999809265137
238.311935424,77.0999984741211,-6.199999809265137
238.461349487,77.0999984741211,-6.199999809265137
238.610763549,77.0999984741211,-6.199999809265137
238.809982299,77.0999984741211,-6.199999809265137
238.926193237,77.0999984741211,-6.199999809265137
239.125411987,77.0999984741211,-6.199999809265137
239.274826049,77.0999984741211,-6.199999809265137
239.424240112,77.0999984741211,-6.199999809265137
239.573654174,77.0999984741211,-6.199999809265137
239.772872924,77.0999984741211,-6.199999809265137
239.922286987,77.0999984741211,-6.199999809265137
240.071701049,77.0999984741211,-6.199999809265137
240.270919799,77.0999984741211,-6.199999809265137
240.420333862,77.0999984741211,-6.199999809265137
240.536544799,77.0999984741211,-6.199999809265137
240.685958862,77.0999984741211,-6.199999809265137
240.885177612,77.0999984741211,-6.199999809265137
241.034591674,77.0999984741211,-6.199999809265137
241.184005737,77.0999984741211,-6.199999809265137
241.333419799,77.0999984741211,-6.199999809265137
241.482833862,77.0999984741211,-6.199999809265137
241.682052612,77.0999984741211,-6.199999809265137
241.831466674,77.0999984741211,-6.199999809265137
241.980880737,77.0999984741211,-6.199999809265137
242.180099487,77.0999984741211,-6.199999809265137
242.346115112,77.0999984741211,-6.199999809265137
242.495529174,77.0999984741211,-6.199999809265137
242.644943237,77.0999984741211,-6.199999809265137
242.794357299,77.0999984741211,-6.199999809265137
242.993576049,77.0999984741211,-6.199999809265137
243.142990112,77.0999984741211,-6.199999809265137
243.292404174,77.0999984741211,-6.199999809265137
243.441818237,77.0999984741211,-6.199999809265137
243.591232299,77.0999984741211,-6.199999809265137
243.790451049,77.0999984741211,-6.199999809265137
243.890060424,77.0999984741211,-6.199999809265137
244.105880737,77.0999984741211,-6.199999809265137
244.255294799,77.0999984741211,-6.199999809265137
244.404708862,77.0999984741211,-6.199999809265137
244.554122924,77.0999984741211,-6.199999809265137
244.703536987,77.0999984741211,-6.199999809265137
244.852951049,77.0999984741211,-6.199999809265137
245.052169799,77.0999984741211,-6.199999809265137
245.201583862,77.0999984741211,-6.199999809265137
245.350997924,77.0999984741211,-6.199999809265137
245.500411987,77.0999984741211,-6.199999809265137
245.649826049,77.0999984741211,-6.199999809265137
245.815841674,77.0999984741211,-6.199999809265137
245.965255737,77.0999984741211,-6.199999809265137
246.114669799,77.0999984741211,-6.199999809265137
246.313888549,77.0999984741211,-6.199999809265137
246.463302612,77.0999984741211,-6.199999809265137
246.562911987,77.0999984741211,-6.199999809265137
246.762130737,76.923828125,-6.225261211395264
246.961349487,76.6934814453125,-6.121940612792969
247.160568237,76.53396606445312,-5.918712615966797
247.309982299,76.46349334716797,-5.754007339477539
247.525802612,76.35944366455078,-5.49801778793335
247.725021362,76.23519134521484,-5.2730393409729
247.924240112,76.10400390625,-5.100357532501221
248.123458862,76.09600067138672,-5.0912370681762695
248.322677612,76.09600067138672,-5.0912370681762695
248.521896362,76.09600067138672,-5.0912370681762695
248.721115112,76.09600067138672,-5.0912370681762695
248.920333862,76.09034729003906,-5.085286617279053
249.086349487,76.08139038085938,-5.079063892364502
249.235763549,76.04719543457031,-5.0751471519470215
249.434982299,75.82353210449219,-5.14155387878418
249.584396362,75.6814956665039,-5.287280082702637
249.733810424,75.6111068725586,-5.454492568969727
249.933029174,75.57374572753906,-5.711406230926514
250.082443237,75.55136108398438,-5.911270618438721
250.231857299,75.51811218261719,-6.08876895904541
250.431076049,75.43888092041016,-6.336122989654541
250.580490112,75.34999084472656,-6.519467830657959
250.729904174,75.2547607421875,-6.674531936645508
250.945724487,75.09878540039062,-6.902723789215088
251.095138549,74.99365234375,-7.0512871742248535
251.244552612,74.87625122070312,-7.216306209564209
251.443771362,74.72718811035156,-7.429326057434082
251.642990112,74.58529663085938,-7.642275810241699
251.792404174,74.48758697509766,-7.795820713043213
251.941818237,74.38200378417969,-7.970241546630859
252.141036987,74.29428100585938,-8.117169380187988
252.290451049,74.2753677368164,-8.14954662322998
252.456466674,74.19239807128906,-8.333179473876953
252.605880737,74.15679931640625,-8.53480339050293
252.805099487,74.17440795898438,-8.793587684631348
252.904708862,74.20217895507812,-8.920559883117676
253.103927612,74.26399993896484,-9.164634704589844
253.253341674,74.3036117553711,-9.332437515258789
253.402755737,74.34457397460938,-9.530760765075684
253.552169799,74.36968231201172,-9.708223342895508
253.751388549,74.3905258178711,-9.967373847961426
253.900802612,74.40365600585938,-10.173582077026367
254.050216674,74.41065979003906,-10.348597526550293
254.199630737,74.41543579101562,-10.52916145324707
254.349044799,74.43214416503906,-10.73232650756836
254.564865112,74.46163177490234,-11.0112886428833
254.714279174,74.47560119628906,-11.19000244140625
254.863693237,74.49201202392578,-11.387738227844238
255.013107299,74.5096206665039,-11.564760208129883
255.162521362,74.52655029296875,-11.769318580627441
255.311935424,74.53893280029297,-11.950896263122559
255.511154174,74.56234741210938,-12.207083702087402
255.660568237,74.58088684082031,-12.4087553024292
255.809982299,74.59304809570312,-12.58622932434082
255.975997924,74.60335540771484,-12.793971061706543
256.175201416,74.62105560302734,-13.047871589660645
256.324615478,74.63715362548828,-13.245638847351074
256.474029541,74.64933013916016,-13.423113822937012
256.573638916,74.65667724609375,-13.551533699035645
256.772857666,74.68177032470703,-13.81029224395752
256.922271728,74.70185089111328,-14.013191223144531
257.071685791,74.71517181396484,-14.190582275390625
257.221099853,74.72657012939453,-14.39415454864502
257.370513916,74.73933410644531,-14.571586608886719
257.536529541,74.75765991210938,-14.778776168823242
257.685943603,74.77206420898438,-14.983528137207031
257.885162353,74.7830581665039,-15.236438751220703
258.034576416,74.79293823242188,-15.4058198928833
258.183990478,74.81045532226562,-15.613080024719238
258.333404541,74.82454681396484,-15.794529914855957
258.532623291,74.83747100830078,-16.045976638793945
258.682037353,74.8428955078125,-16.242952346801758
258.831451416,74.8543701171875,-16.41771697998047
258.980865478,74.87284851074219,-16.61939811706543
259.130279541,74.8864517211914,-16.80088233947754
259.346099853,74.88971710205078,-16.85478401184082
259.495513916,74.8924789428711,-16.904706954956055
259.644927978,74.9004898071289,-17.112548828125
259.794342041,74.90319061279297,-17.294523239135742
259.993560791,74.90181732177734,-17.54767608642578
260.142974853,74.90033721923828,-17.75156593322754
260.292388916,74.8990478515625,-17.92945671081543
260.491607666,74.89714050292969,-18.1894474029541
260.641021728,74.8956298828125,-18.396072387695312
260.790435791,74.89435577392578,-18.572595596313477
260.956451416,74.89286041259766,-18.77785301208496
261.105865478,74.8913345336914,-18.9858455657959
261.255279541,74.89002990722656,-19.165103912353516
261.454498291,74.88821411132812,-19.416889190673828
261.603912353,74.88673400878906,-19.620779037475586
261.753326416,74.8853988647461,-19.802772521972656
261.902740478,74.88387298583984,-20.010765075683594
262.101959228,74.88441467285156,-20.263900756835938
262.251373291,74.89662170410156,-20.442716598510742
262.400787353,74.92207336425781,-20.646390914916992
262.600006103,74.95008850097656,-20.90486717224121
262.716217041,74.96092987060547,-21.03304100036621
262.865631103,74.97402954101562,-21.23788070678711
263.064849853,74.98847198486328,-21.497472763061523
263.214263916,75.00083923339844,-21.679044723510742
263.363677978,75.01115417480469,-21.879934310913086
263.562896728,75.01692962646484,-22.131649017333984
263.712310791,75.01903533935547,-22.310903549194336
263.861724853,75.0266342163086,-22.51872444152832
264.011138916,75.04327392578125,-22.699962615966797
264.210357666,75.06407165527344,-22.95088005065918
264.359771728,75.07416534423828,-23.131227493286133
264.525787353,75.081298828125,-23.363740921020508
264.675201416,75.0838623046875,-23.545719146728516
264.874420166,75.10308837890625,-23.799455642700195
264.974029541,75.11529541015625,-23.928878784179688
265.173248291,75.1335678100586,-24.18822479248047
265.322662353,75.14225769042969,-24.394670486450195
265.472076416,75.14704132080078,-24.569761276245117
265.671295166,75.16200256347656,-24.821083068847656
265.820709228,75.17754364013672,-25.028501510620117
265.970123291,75.1883316040039,-25.21017837524414
266.136138916,75.19570922851562,-25.41667366027832
266.285552978,75.19935607910156,-25.623268127441406
266.434967041,75.21119689941406,-25.804855346679688
266.584381103,75.23107147216797,-26.01053237915039
266.733795166,75.24618530273438,-26.187780380249023
266.883209228,75.25865936279297,-26.39128875732422
267.032623291,75.26538848876953,-26.57042121887207
267.231842041,75.27163696289062,-26.83032989501953
267.381256103,75.28557586669922,-27.036487579345703
267.530670166,75.29898071289062,-27.212499618530273
267.729888916,75.31185913085938,-27.46120834350586
267.895904541,75.31671142578125,-27.667776107788086
268.045318603,75.3200912475586,-27.8757381439209
268.194732666,75.33316040039062,-28.0517520904541
268.344146728,75.35448455810547,-28.253154754638672
268.543365478,75.3768081665039,-28.510812759399414
268.692779541,75.38298034667969,-28.60511016845703
268.891998291,75.38298034667969,-28.60511016845703
269.041412353,75.38298034667969,-28.60511016845703
269.190826416,75.38555145263672,-28.642152786254883
269.340240478,75.42615509033203,-28.841249465942383
269.506256103,75.53952026367188,-29.01025390625
269.705474853,75.7593002319336,-29.146528244018555
269.904693603,76.00194549560547,-29.231552124023438
270.054107666,76.17626190185547,-29.283811569213867
270.253326416,76.41474914550781,-29.372488021850586
270.402740478,76.59950256347656,-29.461755752563477
270.601959228,76.8176498413086,-29.59783363342285
270.751373291,76.9599380493164,-29.70456886291504
270.950592041,77.15725708007812,-29.858789443969727
271.149810791,77.35791778564453,-30.019771575927734
271.315826416,77.5176010131836,-30.148727416992188
271.465240478,77.68093872070312,-30.277463912963867
271.664459228,77.890380859375,-30.4291934967041
271.813873291,78.03650665283203,-30.53537368774414
272.013092041,78.24356842041016,-30.683368682861328
272.162506103,78.40818786621094,-30.803667068481445
272.361724853,78.61474609375,-30.952404022216797
272.511138916,78.76078033447266,-31.061037063598633
272.710357666,78.9697265625,-31.21111297607422
272.876373291,79.14019012451172,-31.330310821533203
273.075592041,79.35477447509766,-31.47713279724121
273.225006103,79.52477264404297,-31.59691619873047
273.374420166,79.66961669921875,-31.707117080688477
273.573638916,79.8751220703125,-31.85958480834961
273.723052978,80.0443115234375,-31.97821044921875
273.872467041,80.19476318359375,-32.08062744140625
274.071685791,80.41289520263672,-32.22213363647461
274.270904541,80.63727569580078,-32.35342788696289
274.420318603,80.82002258300781,-32.4527587890625
274.586334228,80.91500091552734,-32.502044677734375
274.785552978,80.91500091552734,-32.502044677734375
274.984771728,80.91500091552734,-32.502044677734375
275.134185791,80.91500091552734,-32.502044677734375
275.283599853,80.93729400634766,-32.51335525512695
275.532623291,81.21431732177734,-32.64624786376953
275.682037353,81.40409088134766,-32.73139953613281
275.881256103,81.6374282836914,-32.8397216796875
276.030670166,81.80062866210938,-32.920265197753906
276.229888916,82.02997589111328,-33.03981399536133
276.395904541,82.20811462402344,-33.13028335571289
276.545318603,82.3946304321289,-33.22233581542969
276.694732666,82.55341339111328,-33.299461364746094
276.893951416,82.78569793701172,-33.40681076049805
277.093170166,83.01953125,-33.5073127746582
277.292388916,83.25491333007812,-33.596622467041016
277.441802978,83.44737243652344,-33.66394805908203
277.591217041,83.61737823486328,-33.7208137512207
277.790435791,83.86040496826172,-33.796424865722656
277.956451416,84.05457305908203,-33.85395431518555
278.105865478,84.08936309814453,-33.864620208740234
278.305084228,84.08936309814453,-33.864620208740234
278.454498291,84.08936309814453,-33.864620208740234
278.653717041,84.08936309814453,-33.864620208740234
278.852935791,84.1598892211914,-33.887855529785156
279.052154541,84.37963104248047,-34.010250091552734
279.201568603,84.50205993652344,-34.168338775634766
279.400787353,84.592041015625,-34.411861419677734
279.550201416,84.64212036132812,-34.58540725708008
279.699615478,84.697509765625,-34.75873947143555
279.915435791,84.80807495117188,-35.01934051513672
280.064849853,84.90892028808594,-35.1995964050293
280.264068603,85.05084228515625,-35.41083526611328
280.413482666,85.15670013427734,-35.55888366699219
280.562896728,85.27860260009766,-35.7274169921875
280.762115478,85.42803192138672,-35.93682098388672
280.961334228,85.57945251464844,-36.1481819152832
281.110748291,85.68342590332031,-36.297550201416016
281.309967041,85.82903289794922,-36.511295318603516
281.475982666,85.94577026367188,-36.68344497680664
281.625396728,86.06061553955078,-36.85524368286133
281.774810791,86.15547943115234,-37.0008544921875
281.974029541,86.18553924560547,-37.046913146972656
282.123443603,86.18553924560547,-37.046913146972656
282.322662353,86.18553924560547,-37.046913146972656
282.472076416,86.18553924560547,-37.046913146972656
282.671295166,86.18553924560547,-37.046913146972656
282.820709228,86.3158187866211,-37.03512191772461
283.019927978,86.48101043701172,-36.9271125793457
283.185943603,86.5853500366211,-36.7264289855957
283.385162353,86.58539581298828,-36.46809768676758
283.584381103,86.52936553955078,-36.21427536010742
283.783599853,86.46784210205078,-35.96449661254883
283.933013916,86.43959045410156,-35.79033279418945
284.132232666,86.43270874023438,-35.54436492919922
284.331451416,86.46604919433594,-35.28816223144531
284.530670166,86.52910614013672,-35.043067932128906
284.680084228,86.59028625488281,-34.845703125
284.895904541,86.668701171875,-34.59782791137695
285.095123291,86.7403335571289,-34.350746154785156
285.294342041,86.80330657958984,-34.106971740722656
285.493560791,86.8585433959961,-33.861324310302734
285.692779541,86.91183471679688,-33.6124382019043
285.891998291,86.97066497802734,-33.36199188232422
286.041412353,87.0191879272461,-33.15972137451172
286.240631103,87.08014678955078,-32.906959533691406
286.390045166,87.12330627441406,-32.73014450073242
286.556060791,87.17278289794922,-32.529510498046875
286.755279541,87.23406982421875,-32.28108215332031
286.904693603,87.2469253540039,-32.22123718261719
287.103912353,87.25932312011719,-32.11003875732422
287.303131103,87.24079895019531,-32.05514907836914
287.502349853,87.08702087402344,-31.94278907775879
287.651763916,86.9102554321289,-31.9024600982666
287.850982666,86.66057586669922,-31.913164138793945
288.050201416,86.41703796386719,-31.964567184448242
288.199615478,86.24449157714844,-32.00786590576172
288.365631103,86.01681518554688,-32.05540084838867
288.564849853,85.76007843017578,-32.08588790893555
288.714263916,85.58238220214844,-32.09416198730469
288.913482666,85.32653045654297,-32.0985221862793
289.112701416,85.06656646728516,-32.09474563598633
289.262115478,84.8641586303711,-32.08779525756836
289.411529541,84.6878890991211,-32.078514099121094
289.610748291,84.43379974365234,-32.06398010253906
289.809967041,84.17412567138672,-32.051429748535156
289.975982666,83.9675521850586,-32.04711151123047
290.125396728,83.76502227783203,-32.04681396484375
290.324615478,83.50501251220703,-32.04673767089844
290.523834228,83.24909973144531,-32.046661376953125
290.673248291,83.06982421875,-32.046607971191406
290.822662353,82.86727905273438,-32.046546936035156
291.021881103,82.61000061035156,-32.046470642089844
291.221099853,82.34999084472656,-32.04639434814453
291.370513916,82.17208099365234,-32.04634094238281
291.519927978,81.99280548095703,-32.046287536621094
291.669342041,81.7916259765625,-32.046226501464844
291.885162353,81.5069808959961,-32.046142578125
292.034576416,81.33180236816406,-32.04608917236328
292.233795166,81.07998657226562,-32.04601287841797
292.383209228,80.87197875976562,-32.04619598388672
292.582427978,80.61201477050781,-32.044715881347656
292.731842041,80.43094635009766,-32.027305603027344
292.931060791,80.18584442138672,-31.95647621154785
293.080474853,80.01470947265625,-31.839860916137695
293.296295166,79.8714599609375,-31.63164520263672
293.495513916,79.81399536132812,-31.383331298828125
293.644927978,79.81014251708984,-31.180973052978516
293.844146728,79.83174133300781,-30.930198669433594
293.993560791,79.85525512695312,-30.755247116088867
294.192779541,79.88710021972656,-30.511009216308594
294.391998291,79.909912109375,-30.25893211364746
294.591217041,79.91497039794922,-30.001737594604492
294.790435791,79.91436767578125,-29.74174690246582
295.006256103,79.91366577148438,-29.465330123901367
295.155670166,79.91320037841797,-29.28607177734375
295.354888916,79.91251373291016,-29.026081085205078
295.554107666,79.911865234375,-28.77292823791504
295.703521728,79.91134643554688,-28.570405960083008
295.902740478,79.91068267822266,-28.314517974853516
296.101959228,79.90999603271484,-28.054527282714844
296.301177978,79.90934753417969,-27.801374435424805
296.400787353,79.90904235839844,-27.6782169342041
296.600006103,79.90840911865234,-27.427799224853516
296.749420166,79.90794372558594,-27.2485408782959
296.965240478,79.90721130371094,-26.96665382385254
297.164459228,79.90656280517578,-26.7135009765625
297.363677978,79.90592193603516,-26.461715698242188
297.513092041,79.90544128417969,-26.279722213745117
297.712310791,79.90475463867188,-26.019731521606445
297.911529541,79.90410614013672,-25.766578674316406
298.110748291,79.9034423828125,-25.510690689086914
298.309967041,79.90275573730469,-25.250699996948242
298.475982666,79.90221405029297,-25.04407501220703
298.675201416,79.90155792236328,-24.789554595947266
298.874420166,79.90087127685547,-24.529563903808594
299.073638916,79.90019226074219,-24.27094078063965
299.223052978,79.89966583251953,-24.06705093383789
299.422271728,79.89900207519531,-23.8111629486084
299.621490478,79.8983154296875,-23.551172256469727
299.820709228,79.89764404296875,-23.293916702270508
299.970123291,79.89718627929688,-23.116025924682617
300.185943603,79.89644622802734,-22.83277130126953
300.335357666,79.89598846435547,-22.65488052368164
300.534576416,79.89533996582031,-22.4017276763916
300.733795166,79.89624786376953,-22.143104553222656
300.933013916,79.8972396850586,-21.883113861083984
301.132232666,79.8981704711914,-21.634063720703125
301.331451416,79.89912414550781,-21.380910873413086
301.480865478,79.89991760253906,-21.17291831970215
301.680084228,79.90090942382812,-20.912927627563477
301.895904541,79.90187072753906,-20.65840721130371
302.095123291,79.9028549194336,-20.399784088134766
302.294342041,79.90384674072266,-20.139793395996094
302.443756103,79.90457916259766,-19.94274139404297
302.692779541,79.90571594238281,-19.64032554626465
302.891998291,79.90670776367188,-19.380334854125977
303.091217041,79.90769958496094,-19.120344161987305
303.290435791,79.90861511230469,-18.8740291595459
303.489654541,79.9095687866211,-18.62087631225586
303.655670166,79.91036224365234,-18.412883758544922
303.854888916,79.91133880615234,-18.155628204345703
304.054107666,79.91228485107422,-17.90384292602539
304.253326416,79.91325378417969,-17.6479549407959
304.452545166,79.91424560546875,-17.387964248657227
304.651763916,79.91520690917969,-17.13344383239746
304.850982666,79.9161376953125,-16.8843936920166
305.050201416,79.91709899902344,-16.629873275756836
305.216217041,79.91789245605469,-16.4218807220459
305.415435791,79.91839599609375,-16.167360305786133
305.614654541,79.91539001464844,-15.911479949951172
305.764068603,79.91288757324219,-15.703495025634766
306.013092041,79.90921020507812,-15.398360252380371
306.162506103,79.90682983398438,-15.201323509216309
306.311920166,79.90485382080078,-15.037309646606445
306.511138916,79.90469360351562,-15.023810386657715
306.710357666,79.90469360351562,-15.023810386657715
306.876373291,79.90469360351562,-15.023810386657715
307.075592041,79.90469360351562,-15.023810386657715
307.274810791,79.904541015625,-15.011311531066895
307.474029541,79.90161895751953,-14.768935203552246
307.673248291,79.89849090576172,-14.508954048156738
307.872467041,79.89855194091797,-14.251697540283203
308.071685791,79.90027618408203,-14.001286506652832
308.270904541,79.90185546875,-13.741294860839844
308.470123291,79.8876724243164,-13.481778144836426
308.636138916,79.86532592773438,-13.28049087524414
308.835357666,79.84241485595703,-13.024259567260742
309.034576416,79.81866455078125,-12.76535415649414
309.233795166,79.79629516601562,-12.514570236206055
309.433013916,79.78182983398438,-12.26457691192627
309.632232666,79.7696533203125,-12.015829086303711
309.831451416,79.74974060058594,-11.756596565246582
309.980865478,79.73365020751953,-11.549221992492676
310.180084228,79.72064971923828,-11.297778129577637
310.395904541,79.70335388183594,-11.045275688171387
310.545318603,79.67868041992188,-10.838746070861816
310.744537353,79.65396881103516,-10.581307411193848
310.943756103,79.6379623413086,-10.331409454345703
311.142974853,79.62845611572266,-10.075695037841797
311.342193603,79.6198501586914,-9.815839767456055
311.541412353,79.61878204345703,-9.555879592895508
311.740631103,79.64855194091797,-9.304887771606445
311.890045166,79.71074676513672,-9.135782241821289
312.105865478,79.89399719238281,-8.930998802185059
312.305084228,80.13368225097656,-8.84333324432373
312.504302978,80.38732147216797,-8.840919494628906
312.653717041,80.5570068359375,-8.87110710144043
312.852935791,80.79348754882812,-8.929497718811035
313.002349853,80.98958587646484,-8.967463493347168
313.201568603,81.24394989013672,-8.994380950927734
313.400787353,81.50385284423828,-8.997771263122559
313.550201416,81.68305969238281,-8.993349075317383
313.766021728,81.9593734741211,-8.986403465270996
313.915435791,82.13858032226562,-8.982145309448242
314.114654541,82.3985824584961,-8.981025695800781
314.264068603,82.60506439208984,-8.98819637298584
314.463287353,82.85952758789062,-9.014464378356934
314.612701416,83.03668212890625,-9.041855812072754
314.762115478,83.24199676513672,-9.075119972229004
314.961334228,83.49742889404297,-9.123664855957031
315.160552978,83.74718475341797,-9.17935562133789
315.309967041,83.92296600341797,-9.220935821533203
315.475982666,84.12044525146484,-9.265945434570312
315.675201416,84.37537384033203,-9.316734313964844
315.874420166,84.6275863647461,-9.350788116455078
316.023834228,84.82428741455078,-9.376856803894043
316.223052978,85.0760269165039,-9.403410911560059
316.372467041,85.25765991210938,-9.414765357971191
316.521881103,85.46501922607422,-9.430901527404785
316.721099853,85.71986389160156,-9.465344429016113
316.870513916,85.8897476196289,-9.501904487609863
317.036529541,86.08490753173828,-9.544628143310547
317.235748291,86.33859252929688,-9.587284088134766
317.385162353,86.5443344116211,-9.617759704589844
317.584381103,86.8012924194336,-9.657232284545898
317.733795166,86.97991943359375,-9.692020416259766
317.933013916,87.22523498535156,-9.759571075439453
318.082427978,87.41353607177734,-9.82210922241211
318.231842041,87.5841064453125,-9.885523796081543
318.431060791,87.81909942626953,-9.996466636657715
318.580474853,87.98833465576172,-10.104851722717285
318.779693603,88.15935516357422,-10.254074096679688
318.929107666,88.29315948486328,-10.404134750366211
319.045318603,88.38765716552734,-10.528229713439941
319.244537353,88.52816772460938,-10.735503196716309
319.393951416,88.62691497802734,-10.888379096984863
319.543365478,88.73677062988281,-11.053594589233398
319.742584228,88.8841323852539,-11.261094093322754
319.891998291,88.99642944335938,-11.40430736541748
320.041412353,89.1259994506836,-11.567014694213867
320.240631103,89.29215240478516,-11.761617660522461
320.390045166,89.40723419189453,-11.895474433898926
320.556060791,89.54103088378906,-12.052927017211914
320.705474853,89.66863250732422,-12.208438873291016
320.904693603,89.8322982788086,-12.408687591552734
321.054107666,89.94414520263672,-12.552254676818848
321.203521728,90.06977081298828,-12.718032836914062
321.352935791,90.17762756347656,-12.861220359802246
321.552154541,90.3356704711914,-13.065935134887695
321.701568603,90.456787109375,-13.226544380187988
321.850982666,90.56717681884766,-13.366037368774414
322.050201416,90.72779846191406,-13.570470809936523
322.216217041,90.8591079711914,-13.731790542602539
322.365631103,90.98639678955078,-13.89281177520752
322.564849853,91.14533233642578,-14.098566055297852
322.664459228,91.22118377685547,-14.197322845458984
322.863677978,91.37662506103516,-14.400591850280762
323.013092041,91.4862060546875,-14.544179916381836
323.162506103,91.6095199584961,-14.708271980285645
323.311920166,91.71896362304688,-14.85368824005127
323.511138916,91.87451934814453,-15.062020301818848
323.660552978,91.99636840820312,-15.225491523742676
323.809967041,92.1056137084961,-15.371045112609863
323.975982666,92.23253631591797,-15.53582763671875
324.125396728,92.35365295410156,-15.698152542114258
324.324615478,92.50470733642578,-15.90301513671875
324.474029541,92.613037109375,-16.04926300048828
324.673248291,92.77722930908203,-16.250825881958008
324.822662353,92.90814971923828,-16.412460327148438
324.972076416,93.022705078125,-16.553892135620117
325.171295166,93.17847442626953,-16.751707077026367
325.320709228,93.30378723144531,-16.91427230834961
325.470123291,93.41290283203125,-17.059932708740234
325.636138916,93.50541687011719,-17.186325073242188
325.785552978,93.5060043334961,-17.1871337890625
325.984771728,93.5060043334961,-17.1871337890625
326.134185791,93.5060043334961,-17.1871337890625
326.233795166,93.5060043334961,-17.1871337890625
326.383209228,93.5060043334961,-17.1871337890625
326.582427978,93.63406372070312,-17.3685245513916
326.781646728,93.77440643310547,-17.575918197631836
326.931060791,93.87617492675781,-17.726804733276367
327.080474853,93.9982681274414,-17.891769409179688
327.229888916,94.1137466430664,-18.02884292602539
327.395904541,94.25553894042969,-18.180986404418945
327.595123291,94.44733428955078,-18.35638999938965
327.744537353,94.60729217529297,-18.48936653137207
327.943756103,94.80931854248047,-18.653018951416016
328.093170166,94.9521713256836,-18.765789031982422
328.242584228,95.115966796875,-18.889480590820312
328.441802978,95.32394409179688,-19.04550552368164
328.591217041,95.4648208618164,-19.149581909179688
328.740631103,95.6258773803711,-19.272371292114258
328.956451416,95.83084106445312,-19.432289123535156
329.155670166,96.03307342529297,-19.595684051513672
329.305084228,96.19782257080078,-19.722644805908203
329.504302978,96.39924621582031,-19.8804988861084
329.653717041,96.5418701171875,-19.991336822509766
329.852935791,96.74116516113281,-20.14744758605957
330.002349853,96.90325164794922,-20.27338409423828
330.201568603,97.10993194580078,-20.431102752685547
330.350982666,97.25607299804688,-20.539575576782227
330.500396728,97.41889190673828,-20.662309646606445
330.716217041,97.62097930908203,-20.81476402282715
330.865631103,97.78601837158203,-20.94133186340332
331.015045166,97.92716979980469,-21.049602508544922
331.214263916,98.13160705566406,-21.210243225097656
331.363677978,98.29556274414062,-21.338239669799805
331.513092041,98.43799591064453,-21.451528549194336
331.712310791,98.63988494873047,-21.61317253112793
331.861724853,98.80138397216797,-21.744245529174805
332.060943603,99.00492095947266,-21.903779983520508
332.260162353,99.21406555175781,-22.05821990966797
332.426177978,99.38201141357422,-22.17859649658203
332.575592041,99.52790069580078,-22.287397384643555
332.774810791,99.73465728759766,-22.440486907958984
332.924224853,99.9024658203125,-22.56338119506836
333.123443603,100.11219787597656,-22.717029571533203
333.272857666,100.26007080078125,-22.823118209838867
333.422271728,100.42620849609375,-22.94824981689453
333.621490478,100.62796020507812,-23.10566520690918
333.820709228,100.8336410522461,-23.264684677124023
333.970123291,100.97528839111328,-23.370027542114258
334.136138916,101.13733673095703,-23.489198684692383
334.335357666,101.35050964355469,-23.638046264648438
334.484771728,101.52284240722656,-23.754499435424805
334.683990478,101.73768615722656,-23.900915145874023
334.833404541,101.88597869873047,-24.006391525268555
335.032623291,102.08403015136719,-24.174631118774414
335.182037353,102.22521209716797,-24.319740295410156
335.381256103,102.39042663574219,-24.520462036132812
335.530670166,102.49553680419922,-24.66564178466797
335.680084228,102.61202239990234,-24.83795738220215
335.846099853,102.72509002685547,-25.010900497436523
335.995513916,102.82198333740234,-25.156816482543945
336.194732666,102.97404479980469,-25.365976333618164
336.294342041,103.05282592773438,-25.469377517700195
336.493560791,103.21873474121094,-25.667753219604492
336.642974853,103.35073852539062,-25.826723098754883
336.842193603,103.50880432128906,-26.024457931518555
336.991607666,103.61883544921875,-26.1694278717041
337.190826416,103.77255249023438,-26.375717163085938
337.340240478,103.89271545410156,-26.540435791015625
337.506256103,104.01512908935547,-26.708608627319336
337.705474853,104.16918182373047,-26.91806411743164
337.854888916,104.2739486694336,-27.061826705932617
338.004302978,104.39613342285156,-27.230148315429688
338.203521728,104.548828125,-27.43889045715332
338.352935791,104.65628051757812,-27.584087371826172
338.552154541,104.81448364257812,-27.790382385253906
338.701568603,104.94523620605469,-27.952152252197266
338.900787353,105.10601806640625,-28.15648078918457
339.050201416,105.21881103515625,-28.299320220947266
339.216217041,105.33927917480469,-28.458688735961914
339.365631103,105.46156311035156,-28.62693977355957
339.564849853,105.61661529541016,-28.835649490356445
339.764068603,105.77889251708984,-29.0352783203125
339.913482666,105.89524841308594,-29.17522621154785
340.062896728,106.02751922607422,-29.33218765258789
340.212310791,106.14118957519531,-29.46724510192871
340.361724853,106.27552795410156,-29.626035690307617
340.560943603,106.44254302978516,-29.82530403137207
340.710357666,106.55657958984375,-29.96539306640625
340.909576416,106.71675872802734,-30.16494369506836
341.075592041,106.84251403808594,-30.320175170898438
341.225006103,106.97516632080078,-30.480382919311523
341.424224853,107.13827514648438,-30.6757755279541
341.573638916,107.25275421142578,-30.813732147216797
341.772857666,107.41805267333984,-31.010854721069336
341.972076416,107.57935333251953,-31.20060157775879
342.121490478,107.71533966064453,-31.358003616333008
342.320709228,107.88646697998047,-31.553743362426758
342.470123291,108.00223541259766,-31.69060516357422
342.636138916,108.13710021972656,-31.848957061767578
342.835357666,108.32128143310547,-32.02598571777344
343.034576416,108.55062866210938,-32.14274978637695
343.183990478,108.75250244140625,-32.17686080932617
343.383209228,109.00912475585938,-32.164676666259766
343.582427978,109.26042938232422,-32.124412536621094
343.781646728,109.51751708984375,-32.085628509521484
343.931060791,109.69839477539062,-32.06576156616211
344.130279541,109.9457778930664,-32.05390930175781
344.296295166,110.1454086303711,-32.0460319519043
344.495513916,110.40247344970703,-32.03617858886719
344.644927978,110.61045837402344,-32.033905029296875
344.844146728,110.85808563232422,-32.0382080078125
345.043365478,111.10546112060547,-32.05036544799805
345.242584228,111.35393524169922,-32.06687545776367
345.391998291,111.53284454345703,-32.077945709228516
345.591217041,111.79266357421875,-32.087406158447266
345.790435791,112.04853820800781,-32.090911865234375
345.956451416,112.24830627441406,-32.09345245361328
346.155670166,112.50419616699219,-32.09506607055664
346.305084228,112.70808410644531,-32.09443664550781
346.504302978,112.95573425292969,-32.09366989135742
346.703521728,113.20475769042969,-32.092899322509766
346.902740478,113.45790100097656,-32.09211730957031
347.101959228,113.71791076660156,-32.09131622314453
347.251373291,113.89991760253906,-32.090755462646484
347.500396728,114.22831726074219,-32.08974075317383
347.649810791,114.40895080566406,-32.08918380737305
347.865631103,114.69358825683594,-32.08830642700195
348.064849853,114.94398498535156,-32.08753204345703
348.264068603,115.19850158691406,-32.08674621582031
348.413482666,115.38046264648438,-32.0837287902832
348.612701416,115.63725280761719,-32.04640579223633
348.811920166,115.8714599609375,-31.94539451599121
348.961334228,116.03292846679688,-31.81928253173828
349.210357666,116.233154296875,-31.5823974609375
349.376373291,116.34580993652344,-31.410873413085938
349.575592041,116.47087860107422,-31.186098098754883
349.774810791,116.59842681884766,-30.95954704284668
349.974029541,116.73591613769531,-30.7388858795166
350.123443603,116.84767150878906,-30.568359375
350.372467041,117.01871490478516,-30.3123722076416
350.521881103,117.13677215576172,-30.141132354736328
350.721099853,117.29025268554688,-29.931262969970703
350.920318603,117.44598388671875,-29.72308349609375
351.136138916,117.60395812988281,-29.516592025756836
351.285552978,117.725830078125,-29.35313606262207
351.534576416,117.90612030029297,-29.098506927490234
351.683990478,118.02628326416016,-28.928733825683594
351.883209228,118.17792510986328,-28.71756362915039
352.082427978,118.336181640625,-28.51822853088379
352.281646728,118.49739074707031,-28.31599998474121
352.431060791,118.61253356933594,-28.178627014160156
352.680084228,118.83160400390625,-27.924833297729492
352.846099853,118.96258544921875,-27.770357131958008
353.045318603,119.12684631347656,-27.570592880249023
353.194732666,119.24319458007812,-27.432422637939453
353.443756103,119.46734619140625,-27.190563201904297
353.593170166,119.59064483642578,-27.0604305267334
353.792388916,119.76864624023438,-26.87093162536621
353.941802978,119.90543365478516,-26.721586227416992
354.141021728,120.07322692871094,-26.530181884765625
354.390045166,120.27633666992188,-26.300596237182617
354.556060791,120.41305541992188,-26.14381980895996
354.755279541,120.58048248291016,-25.95392417907715
354.954498291,120.75366973876953,-25.759990692138672
355.153717041,120.9212646484375,-25.56122398376465
355.352935791,121.08428955078125,-25.358718872070312
355.502349853,121.2110824584961,-25.1938419342041
355.701568603,121.36398315429688,-24.99725341796875
355.900787353,121.52168273925781,-24.79400062561035
356.100006103,121.67640686035156,-24.585067749023438
356.249420166,121.78276062011719,-24.4373779296875
356.415435791,121.90290832519531,-24.27094268798828
356.614654541,122.05697631835938,-24.06151580810547
356.813873291,122.21210479736328,-23.85287094116211
356.963287353,122.3415298461914,-23.70095443725586
357.212310791,122.58056640625,-23.507389068603516
357.361724853,122.74906158447266,-23.39259147644043
357.560943603,122.96794128417969,-23.252262115478516
357.760162353,123.18138885498047,-23.11115264892578
357.926177978,123.34709930419922,-22.985519409179688
358.125396728,123.53555297851562,-22.826892852783203
358.324615478,123.72875213623047,-22.663284301757812
358.523834228,123.92007446289062,-22.495407104492188
358.673248291,124.05364990234375,-22.377906799316406
358.872467041,124.25953674316406,-22.23946189880371
359.071685791,124.49671936035156,-22.212800979614258
359.270904541,124.71951293945312,-22.3258113861084
359.420318603,124.85505676269531,-22.47589683532715
359.586334228,124.98075103759766,-22.632883071899414
359.785552978,125.01683807373047,-22.659019470214844
359.984771728,125.21171569824219,-22.67939567565918
360.134185791,125.37911987304688,-22.61503028869629
360.333404541,125.5464096069336,-22.423349380493164
360.532623291,125.62725067138672,-22.176959991455078
360.731842041,125.68578338623047,-21.933622360229492
360.931060791,125.79383850097656,-21.709930419921875
361.080474853,125.91304779052734,-21.53958511352539
361.296295166,126.06658172607422,-21.336585998535156
361.495513916,126.22313690185547,-21.13591766357422
361.694732666,126.38542938232422,-20.94521141052246
361.844146728,126.5194091796875,-20.797000885009766
362.043365478,126.68999481201172,-20.60625457763672
362.242584228,126.85081481933594,-20.425134658813477
362.441802978,127.02449035644531,-20.231645584106445
362.641021728,127.21454620361328,-20.0546817779541
362.790435791,127.35884857177734,-19.948381423950195
362.989654541,127.57496643066406,-19.803836822509766
363.155670166,127.74767303466797,-19.690397262573242
363.354888916,127.96170806884766,-19.547637939453125
363.554107666,128.17359924316406,-19.397048950195312
363.703521728,128.33914184570312,-19.27113151550293
363.952545166,128.57432556152344,-19.078866958618164
364.101959228,128.7259979248047,-18.953075408935547
364.301177978,128.92703247070312,-18.788244247436523
364.500396728,129.1272735595703,-18.626741409301758
364.649810791,129.2691192626953,-18.5127010345459
364.865631103,129.49188232421875,-18.337770462036133
365.064849853,129.69564819335938,-18.178455352783203
365.214263916,129.83692932128906,-18.06378936767578
365.413482666,130.01171875,-17.881031036376953
365.612701416,130.15957641601562,-17.667491912841797
365.762115478,130.25270080566406,-17.481639862060547
366.011138916,130.360595703125,-17.19482421875
366.110748291,130.40476989746094,-17.072555541992188
366.260162353,130.42413330078125,-17.020008087158203
366.475982666,130.42413330078125,-17.020008087158203
366.675201416,130.49798583984375,-17.002460479736328
366.874420166,130.63145446777344,-17.046274185180664
367.073638916,130.7617645263672,-17.216991424560547
367.223052978,130.76266479492188,-17.219850540161133
367.422271728,130.76266479492188,-17.219850540161133
367.571685791,130.76266479492188,-17.219850540161133
367.721099853,130.76266479492188,-17.219850540161133
367.920318603,130.8856201171875,-17.24468421936035
368.136138916,130.9521484375,-17.24242401123047
368.335357666,130.9521484375,-17.24242401123047
368.484771728,130.9521484375,-17.24242401123047
368.683990478,131.00048828125,-17.281219482421875
368.833404541,131.09239196777344,-17.422388076782227
369.032623291,131.13255310058594,-17.67239761352539
369.182037353,131.13731384277344,-17.878963470458984
369.381256103,131.1554412841797,-18.13829803466797
369.530670166,131.18045043945312,-18.31853485107422
369.680084228,131.22286987304688,-18.522127151489258
369.829498291,131.257080078125,-18.688268661499023
370.045318603,131.2654266357422,-18.972213745117188
370.194732666,131.2510223388672,-19.153636932373047
370.344146728,131.22991943359375,-19.356433868408203
370.493560791,131.21115112304688,-19.52783203125
370.692779541,131.18624877929688,-19.777006149291992
370.842193603,131.1714630126953,-19.981727600097656
370.991607666,131.16262817382812,-20.16350746154785
371.141021728,131.15744018554688,-20.37143898010254
371.340240478,131.15826416015625,-20.620481491088867
371.506256103,131.1602325439453,-20.82025718688965
371.655670166,131.15771484375,-21.000869750976562
371.854888916,131.1471405029297,-21.26064109802246
372.004302978,131.13558959960938,-21.458724975585938
372.153717041,131.12599182128906,-21.63361930847168
372.303131103,131.1162872314453,-21.837278366088867
372.502349853,131.1105499267578,-22.09720802307129
372.651763916,131.10862731933594,-22.27920150756836
372.801177978,131.1064910888672,-22.48171615600586
373.000396728,131.10401916503906,-22.737598419189453
373.149810791,131.10426330566406,-22.919591903686523
373.315826416,131.10462951660156,-23.12758445739746
373.465240478,131.10418701171875,-23.330106735229492
373.664459228,131.09693908691406,-23.587257385253906
373.813873291,131.0872039794922,-23.76899528503418
373.963287353,131.080322265625,-23.97410011291504
374.112701416,131.08433532714844,-24.147836685180664
374.311920166,131.09616088867188,-24.39659881591797
374.511138916,131.10879516601562,-24.64806365966797
374.660552978,131.1145477294922,-24.843475341796875
374.809967041,131.11459350585938,-24.846473693847656
374.975982666,131.11459350585938,-24.846473693847656
375.175201416,131.11459350585938,-24.846473693847656
375.374420166,131.11459350585938,-24.846473693847656
375.523834228,131.11480712890625,-24.858972549438477
375.673248291,131.1177520751953,-25.026443481445312
375.872467041,131.12107849121094,-25.283676147460938
376.021881103,131.12025451660156,-25.48619842529297
376.121490478,131.11964416503906,-25.616193771362305
376.270904541,131.11878967285156,-25.798187255859375
376.470123291,131.11756896972656,-26.058177947998047
376.636138916,131.1166229248047,-26.26343536376953
376.785552978,131.11566162109375,-26.470060348510742
376.934967041,131.11480712890625,-26.652053833007812
377.084381103,131.11386108398438,-26.857311248779297
377.283599853,131.11277770996094,-27.10499382019043
377.482818603,131.1116180419922,-27.359514236450195
377.632232666,131.1107635498047,-27.541507720947266
377.781646728,131.1097869873047,-27.749500274658203
377.980865478,131.10862731933594,-28.00402069091797
378.130279541,131.10784912109375,-28.179176330566406
378.329498291,131.10665893554688,-28.436431884765625
378.445709228,131.10592651367188,-28.592426300048828
378.644927978,131.10482788085938,-28.841476440429688
378.794342041,131.10403442382812,-29.01799964904785
378.993560791,131.10287475585938,-29.272520065307617
379.142974853,131.10189819335938,-29.480512619018555
379.342193603,131.1028289794922,-29.736400604248047
379.491607666,131.10421752929688,-29.90882110595703
379.641021728,131.10586547851562,-30.111343383789062
379.840240478,131.1079559326172,-30.367231369018555
380.006256103,131.1096649169922,-30.575223922729492
380.155670166,131.111083984375,-30.75037956237793
380.305084228,131.11276245117188,-30.955636978149414
380.454498291,131.1142120361328,-31.133527755737305
380.653717041,131.11634826660156,-31.393518447875977
380.803131103,131.11795043945312,-31.591938018798828
381.002349853,131.11996459960938,-31.840988159179688
381.101959228,131.1209716796875,-31.965513229370117
381.301177978,131.12255859375,-32.21867370605469
381.450592041,131.12234497070312,-32.40068054199219
381.649810791,131.12203979492188,-32.66069030761719
381.815826416,131.12179565429688,-32.86458969116211
381.965240478,131.12155151367188,-33.07122802734375
382.114654541,131.121337890625,-33.25323486328125
382.313873291,131.12103271484375,-33.50913619995117
382.463287353,131.12078857421875,-33.710296630859375
382.662506103,131.1204833984375,-33.9661979675293
382.811920166,131.12026977539062,-34.1482048034668
382.961334228,131.12002563476562,-34.35073471069336
383.110748291,131.11981201171875,-34.52726364135742
383.309967041,131.1195068359375,-34.780426025390625
383.475982666,131.1192626953125,-34.987064361572266
383.625396728,131.1190185546875,-35.19096374511719
383.824615478,131.11871337890625,-35.43864822387695
383.974029541,131.11849975585938,-35.613807678222656
384.173248291,131.11819458007812,-35.87107849121094
384.322662353,131.11795043945312,-36.07908630371094
384.472076416,131.11773681640625,-36.26109313964844
384.621490478,131.11749267578125,-36.46225357055664
384.820709228,131.1171875,-36.715415954589844
384.970123291,131.11697387695312,-36.891944885253906
385.136138916,131.11672973632812,-37.099952697753906
385.285552978,131.11648559570312,-37.30385208129883
385.484771728,131.11618041992188,-37.55701446533203
385.634185791,131.115966796875,-37.73902130126953
385.783599853,131.11572265625,-37.94702911376953
385.982818603,131.11541748046875,-38.20293045043945
386.082427978,131.11526489257812,-38.331565856933594
386.231842041,131.11505126953125,-38.510833740234375
386.431060791,131.11474609375,-38.770843505859375
386.580474853,131.114501953125,-38.976112365722656
386.729888916,131.11428833007812,-39.15127182006836
386.895904541,131.11404418945312,-39.35380172729492
387.095123291,131.1132354736328,-39.613807678222656
387.244537353,131.1034698486328,-39.821533203125
387.393951416,131.07850646972656,-39.997596740722656
387.543365478,131.03536987304688,-40.19545364379883
387.742584228,130.97994995117188,-40.439666748046875
387.891998291,130.94943237304688,-40.619056701660156
388.041412353,130.92916870117188,-40.826019287109375
388.240631103,130.923583984375,-41.080440521240234
388.390045166,130.92530822753906,-41.25421905517578
388.506256103,130.9274444580078,-41.40335464477539
388.655670166,130.93524169921875,-41.58515167236328
388.854888916,130.9627685546875,-41.836788177490234
389.004302978,130.97793579101562,-42.03594970703125
389.203521728,130.97874450683594,-42.28908157348633
389.352935791,130.9847869873047,-42.46546936035156
389.502349853,131.0012969970703,-42.67280197143555
389.701568603,131.0124969482422,-42.932430267333984
389.850982666,130.99642944335938,-43.110843658447266
390.050201416,130.9463348388672,-43.35757064819336
390.149810791,130.91812133789062,-43.478858947753906
390.365631103,130.83938598632812,-43.742286682128906
390.515045166,130.7820587158203,-43.90924072265625
390.664459228,130.7216033935547,-44.10540771484375
390.863677978,130.64625549316406,-44.34709167480469
391.013092041,130.58901977539062,-44.51985168457031
391.162506103,130.51988220214844,-44.713111877441406
391.311920166,130.45559692382812,-44.88045883178711
391.511138916,130.3536834716797,-45.11962127685547
391.660552978,130.26602172851562,-45.30823516845703
391.809967041,130.1865997314453,-45.47199249267578
391.975982666,130.0962677001953,-45.65325927734375
392.125396728,129.99302673339844,-45.83378601074219
392.324615478,129.84788513183594,-46.04264831542969
392.424224853,129.7639923095703,-46.14193344116211
392.623443603,129.58164978027344,-46.32712173461914
392.772857666,129.4920196533203,-46.4061393737793
392.922271728,129.4920196533203,-46.4061393737793
393.071685791,129.4920196533203,-46.4061393737793
393.221099853,129.4920196533203,-46.4061393737793
393.420318603,129.4920196533203,-46.4061393737793
393.536529541,129.4920196533203,-46.4061393737793
393.735748291,129.3153076171875,-46.554927825927734
393.885162353,129.15701293945312,-46.683441162109375
394.034576416,129.01670837402344,-46.79500961303711
394.183990478,128.8568115234375,-46.92151641845703
394.383209228,128.65948486328125,-47.077903747558594
394.532623291,128.51930236816406,-47.18519973754883
394.682037353,128.35699462890625,-47.306365966796875
394.831451416,128.2176513671875,-47.416969299316406
395.030670166,128.01803588867188,-47.57488250732422
395.180084228,127.85807037353516,-47.70349884033203
395.296295166,127.76113891601562,-47.77946090698242
395.495513916,127.56250762939453,-47.934181213378906
395.644927978,127.39922332763672,-48.06303024291992
395.794342041,127.25614929199219,-48.17552185058594
395.943756103,127.093017578125,-48.30236053466797
396.093170166,126.94768524169922,-48.41192626953125
396.242584228,126.78250885009766,-48.53379821777344
396.391998291,126.63489532470703,-48.640262603759766
396.541412353,126.46829223632812,-48.76478576660156
396.690826416,126.32398986816406,-48.875694274902344
396.840240478,126.16297912597656,-49.00736618041992
397.006256103,126.00212860107422,-49.139244079589844
397.155670166,125.86019897460938,-49.253177642822266
397.305084228,125.6966323852539,-49.38166809082031
397.454498291,125.5569076538086,-49.48955154418945
397.653717041,125.34866333007812,-49.64521026611328
397.803131103,125.18222045898438,-49.76534652709961
397.952545166,125.03472900390625,-49.871971130371094
398.101959228,124.86805725097656,-49.99641036987305
398.251373291,124.72521209716797,-50.100154876708984
398.450592041,124.51943969726562,-50.24995803833008
398.600006103,124.35281372070312,-50.36983108520508
398.716217041,124.24848175048828,-50.447364807128906
398.915435791,124.0401382446289,-50.60288619995117
399.064849853,123.87552642822266,-50.72780227661133
399.264068603,123.66997528076172,-50.88479232788086
399.363677978,123.56661224365234,-50.96363067626953
399.562896728,123.36151885986328,-51.12339401245117
399.712310791,123.22079467773438,-51.22996520996094
399.861724853,123.05874633789062,-51.35147476196289
400.060943603,122.84898376464844,-51.50510025024414
400.210357666,122.70018005371094,-51.60988998413086
400.376373291,122.53025817871094,-51.729854583740234
400.525787353,122.37533569335938,-51.84022903442383
400.675201416,122.23748016357422,-51.94599914550781
400.824615478,122.08740997314453,-52.08384704589844
400.974029541,121.9694595336914,-52.2222785949707
401.173248291,121.84388732910156,-52.44902801513672
401.322662353,121.79308319091797,-52.64604568481445
401.472076416,121.78716278076172,-52.805782318115234
401.621490478,121.80753326416016,-53.004451751708984
401.820709228,121.84856414794922,-53.259803771972656
401.970123291,121.87389373779297,-53.43449783325195
402.185943603,121.90036010742188,-53.713661193847656
402.335357666,121.90701293945312,-53.89553451538086
402.534576416,121.90951538085938,-54.147300720214844
402.683990478,121.90647888183594,-54.34843444824219
402.833404541,121.90007781982422,-54.52621078491211
403.032623291,121.88522338867188,-54.78166580200195
403.182037353,121.87422943115234,-54.98937225341797
403.381256103,121.86780548095703,-55.24517822265625
403.530670166,121.86650848388672,-55.418968200683594
403.680084228,121.87378692626953,-55.62541961669922
403.846099853,121.89570617675781,-55.83222961425781
404.045318603,121.92378234863281,-56.0851936340332
404.244537353,121.94379425048828,-56.33755111694336
404.393951416,121.95332336425781,-56.51929473876953
404.543365478,121.95928955078125,-56.727203369140625
404.742584228,121.95938110351562,-56.984458923339844
404.891998291,121.95469665527344,-57.160919189453125
405.041412353,121.94560241699219,-57.36598587036133
405.240631103,121.93427276611328,-57.62574768066406
405.439849853,121.92964935302734,-57.854217529296875
405.556060791,121.92900085449219,-58.00337600708008
405.755279541,121.9278793334961,-58.25927734375
405.904693603,121.92696380615234,-58.46728515625
406.054107666,121.92620086669922,-58.6424446105957
406.203521728,121.92533874511719,-58.84086608886719
406.402740478,121.92424774169922,-59.09128952026367
406.552154541,121.92417907714844,-59.26644515991211
406.751373291,121.94502258300781,-59.52407455444336
406.950592041,122.00507354736328,-59.770938873291016
407.100006103,122.0897445678711,-59.96060562133789
407.266021728,122.2108383178711,-60.129295349121094
407.465240478,122.39979553222656,-60.29928207397461
407.614654541,122.54595184326172,-60.405391693115234
407.813873291,122.7562255859375,-60.55121994018555
408.013092041,122.96662139892578,-60.699275970458984
408.212310791,123.17448425292969,-60.84852981567383
408.361724853,123.33879852294922,-60.97152328491211
408.560943603,123.53862762451172,-61.13353729248047
408.710357666,123.67788696289062,-61.25069046020508
408.876373291,123.83128356933594,-61.39116287231445
409.075592041,124.01776123046875,-61.56236267089844
409.274810791,124.20558166503906,-61.73211669921875
409.424224853,124.36343383789062,-61.86753463745117
409.623443603,124.56549072265625,-62.0245475769043
409.772857666,124.70844268798828,-62.13719177246094
409.972076416,124.91407012939453,-62.29407501220703
410.171295166,125.11874389648438,-62.44993209838867
410.320709228,125.28409576416016,-62.57612991333008
410.519927978,125.46550750732422,-62.71509552001953
410.685943603,125.65399169921875,-62.8537712097168
410.885162353,125.86237335205078,-63.00925827026367
411.034576416,126.0067367553711,-63.120086669921875
411.233795166,126.21026611328125,-63.28187561035156
411.383209228,126.37308502197266,-63.41130447387695
411.582427978,126.5726318359375,-63.57367706298828
411.781646728,126.77610778808594,-63.735530853271484
411.980865478,126.97522735595703,-63.89406967163086
412.130279541,127.11787414550781,-64.0071029663086
412.329498291,127.31710052490234,-64.16548156738281
412.495513916,127.47993469238281,-64.29490661621094
412.694732666,127.68534851074219,-64.45430755615234
412.844146728,127.84847259521484,-64.58334350585938
413.043365478,128.05442810058594,-64.74202728271484
413.242584228,128.257568359375,-64.89981842041016
413.391998291,128.40081787109375,-65.00757598876953
413.591217041,128.6082000732422,-65.15747833251953
413.740631103,128.77157592773438,-65.27481079101562
413.890045166,128.91769409179688,-65.38101959228516
414.105865478,129.14797973632812,-65.55057525634766
414.305084228,129.3529510498047,-65.71051788330078
414.504302978,129.5596160888672,-65.86827850341797
414.653717041,129.70294189453125,-65.98047637939453
414.852935791,129.89358520507812,-66.15294647216797
415.052154541,130.04812622070312,-66.3561019897461
415.251373291,130.14251708984375,-66.58281707763672
415.400787353,130.17889404296875,-66.77899932861328
415.600006103,130.17726135253906,-67.03864288330078
415.766021728,130.16525268554688,-67.24626922607422
415.865631103,130.16542053222656,-67.37625885009766
416.064849853,130.18238830566406,-67.62055206298828
416.264068603,130.2080535888672,-67.8792724609375
416.413482666,130.22207641601562,-68.06072998046875
416.612701416,130.23487854003906,-68.3149185180664
416.762115478,130.23936462402344,-68.52012634277344
416.961334228,130.2376708984375,-68.78012084960938
417.110748291,130.23245239257812,-68.9620361328125
417.309967041,130.22482299804688,-69.2150650024414
417.475982666,130.21868896484375,-69.41885375976562
417.675201416,130.2111358642578,-69.67872619628906
417.874420166,130.20904541015625,-69.92639923095703
418.023834228,130.20867919921875,-70.12894439697266
418.173248291,130.20835876464844,-70.30821990966797
418.372467041,130.20559692382812,-70.56820678710938
418.521881103,130.19789123535156,-70.77195739746094
418.721099853,130.18186950683594,-71.02734375
418.870513916,130.1718292236328,-71.19947052001953
419.069732666,130.15768432617188,-71.45497131347656
419.285552978,130.1499786376953,-71.73948669433594
419.434967041,130.14797973632812,-71.91188049316406
419.634185791,130.1399383544922,-72.16490936279297
419.783599853,130.12777709960938,-72.37118530273438
419.933013916,130.11602783203125,-72.55281829833984
420.132232666,130.09947204589844,-72.80956268310547
420.331451416,130.082763671875,-73.06490325927734
420.530670166,130.06126403808594,-73.317138671875
420.680084228,130.04171752929688,-73.52418518066406
420.846099853,130.00064086914062,-73.72795867919922
421.045318603,129.89927673339844,-73.94803619384766
421.194732666,129.77210998535156,-74.07707214355469
421.344146728,129.5863037109375,-74.16866302490234
421.493560791,129.4080047607422,-74.20368957519531
421.692779541,129.1537322998047,-74.21046447753906
421.842193603,128.95535278320312,-74.21309661865234
421.991607666,128.7803192138672,-74.21929168701172
422.141021728,128.5738067626953,-74.2275390625
422.290435791,128.39190673828125,-74.23358917236328
422.390045166,128.2619171142578,-74.236328125
422.605865478,127.97711944580078,-74.26129913330078
422.755279541,127.80120086669922,-74.29530334472656
422.954498291,127.55613708496094,-74.37320709228516
423.054107666,127.43427276611328,-74.41846466064453
423.253326416,127.19044494628906,-74.5086669921875
423.402740478,126.9887466430664,-74.55890655517578
423.552154541,126.81684875488281,-74.58436584472656
423.751373291,126.56712341308594,-74.61665344238281
423.850982666,126.44253540039062,-74.63465881347656
424.050201416,126.19198608398438,-74.68635559082031
424.216217041,125.98772430419922,-74.7254409790039
424.365631103,125.78216552734375,-74.7571792602539
424.564849853,125.53462219238281,-74.79508209228516
424.714263916,125.35521697998047,-74.82567596435547
424.863677978,125.15679931640625,-74.87236785888672
425.013092041,124.97960662841797,-74.91346740722656
425.162506103,124.77217102050781,-74.92338562011719
425.361724853,124.52421569824219,-74.89030456542969
425.461334228,124.39718627929688,-74.8626937866211
425.660552978,124.14854431152344,-74.80831146240234
425.809967041,123.9718017578125,-74.76493835449219
425.909576416,123.85089874267578,-74.72984313964844
426.075592041,123.6601791381836,-74.67034149169922
426.225006103,123.46424865722656,-74.60054779052734
426.374420166,123.29224395751953,-74.5411376953125
426.523834228,123.09010314941406,-74.49266815185547
426.723052978,122.84210205078125,-74.45831298828125
426.872467041,122.6667251586914,-74.43815612792969
427.021881103,122.46174621582031,-74.41200256347656
427.171295166,122.2842025756836,-74.38726043701172
427.370513916,122.02802276611328,-74.3708724975586
427.470123291,121.90259552001953,-74.3916015625
427.685943603,121.63491821289062,-74.4872055053711
427.835357666,121.47108459472656,-74.56637573242188
428.034576416,121.24547576904297,-74.69554901123047
428.183990478,121.05596923828125,-74.78034210205078
428.333404541,120.87803649902344,-74.81673431396484
428.482818603,120.67037963867188,-74.81105041503906
428.632232666,120.48906707763672,-74.7951431274414
428.781646728,120.28150939941406,-74.78199768066406
428.980865478,120.02290344238281,-74.77932739257812
429.130279541,119.84119415283203,-74.7890625
429.296295166,119.63528442382812,-74.81780242919922
429.445709228,119.43391418457031,-74.86392974853516
429.644927978,119.18659210205078,-74.9393310546875
429.794342041,119.01918029785156,-74.99079895019531
429.943756103,118.8179931640625,-75.0435791015625
430.142974853,118.57023620605469,-75.1019287109375
430.242584228,118.44355010986328,-75.13114929199219
430.441802978,118.19229888916016,-75.197998046875
430.591217041,118.01463317871094,-75.23707580566406
430.740631103,117.80896759033203,-75.26805114746094
430.890045166,117.63430786132812,-75.2936019897461
431.056060791,117.43104553222656,-75.33052062988281
431.255279541,117.17875671386719,-75.38736724853516
431.404693603,116.973876953125,-75.42288970947266
431.603912353,116.7254409790039,-75.43893432617188
431.753326416,116.55034637451172,-75.43602752685547
431.902740478,116.34552764892578,-75.42256164550781
432.052154541,116.17054748535156,-75.4150390625
432.201568603,115.96267700195312,-75.40791320800781
432.400787353,115.70577239990234,-75.39405059814453
432.550201416,115.53071594238281,-75.38935852050781
432.699615478,115.34889221191406,-75.3966064453125
432.865631103,115.12784576416016,-75.41360473632812
433.064849853,114.87890625,-75.44970703125
433.214263916,114.703857421875,-75.49919891357422
433.363677978,114.5091781616211,-75.57231903076172
433.513092041,114.34150695800781,-75.64311218261719
433.712310791,114.10493469238281,-75.74065399169922
433.861724853,113.9081039428711,-75.80775451660156
434.060943603,113.65907287597656,-75.87213134765625
434.210357666,113.48313903808594,-75.91307830810547
434.376373291,113.28375244140625,-75.96183776855469
434.525787353,113.08257293701172,-76.01457977294922
434.725006103,112.82989501953125,-76.07579040527344
434.874420166,112.65457916259766,-76.11322021484375
435.073638916,112.3999252319336,-76.16557312011719
435.223052978,112.19824981689453,-76.21632385253906
435.422271728,111.95405578613281,-76.29276275634766
435.571685791,111.78376770019531,-76.33927154541016
435.721099853,111.58122253417969,-76.38645935058594
435.920318603,111.3268814086914,-76.44041442871094
436.069732666,111.14937591552734,-76.4805908203125
436.235748291,110.9557876586914,-76.53509521484375
436.434967041,110.70804595947266,-76.60387420654297
436.584381103,110.50223541259766,-76.63323974609375
436.783599853,110.24345397949219,-76.65819549560547
436.933013916,110.06373596191406,-76.67617797851562
437.082427978,109.86602020263672,-76.70491790771484
437.281646728,109.61019897460938,-76.73152923583984
437.431060791,109.42857360839844,-76.7431640625
437.630279541,109.16968536376953,-76.76620483398438
437.796295166,108.96483612060547,-76.80200958251953
437.945709228,108.77408599853516,-76.85115051269531
438.095123291,108.61433410644531,-76.91206359863281
438.294342041,108.38555145263672,-77.02650451660156
438.393951416,108.27243041992188,-77.090576171875
438.593170166,108.04753875732422,-77.22105407714844
438.742584228,107.86671447753906,-77.3238525390625
438.941802978,107.63246154785156,-77.4363021850586
439.091217041,107.4645767211914,-77.49498748779297
439.240631103,107.26432800292969,-77.55120086669922
439.439849853,107.04084777832031,-77.61067962646484
439.589263916,106.87667083740234,-77.65666961669922
439.755279541,106.8740234375,-77.65736389160156
439.954498291,106.8740234375,-77.65736389160156
440.103912353,106.7789077758789,-77.55613708496094
440.253326416,106.71414947509766,-77.38866424560547
440.452545166,106.73501586914062,-77.13185119628906
440.601959228,106.80177307128906,-76.94506072998047
440.751373291,106.8512191772461,-76.77154541015625
440.950592041,106.87644958496094,-76.51718139648438
441.100006103,106.87532806396484,-76.31060791015625
441.315826416,106.86507415771484,-76.05220031738281
441.465240478,106.86213684082031,-75.84969329833984
441.664459228,106.8656997680664,-75.59109497070312
441.813873291,106.87356567382812,-75.4092788696289
441.963287353,106.8937759399414,-75.20227813720703
442.162506103,106.92340087890625,-74.95775604248047
442.311920166,106.9399185180664,-74.78201293945312
442.511138916,106.96135711669922,-74.52427673339844
442.660552978,106.9798583984375,-74.31709289550781
442.809967041,106.9983901977539,-74.13740539550781
442.975982666,107.01895904541016,-73.93592834472656
443.175201416,107.035400390625,-73.67787170410156
443.324615478,107.04014587402344,-73.46993255615234
443.523834228,107.04129791259766,-73.21678924560547
443.673248291,107.04393005371094,-73.04166412353516
443.822662353,107.05113220214844,-72.83377075195312
444.021881103,107.06502532958984,-72.57826232910156
444.171295166,107.07978057861328,-72.39685821533203
444.370513916,107.11383056640625,-72.13915252685547
444.536529541,107.15069580078125,-71.93721771240234
444.685943603,107.1911849975586,-71.73600006103516
444.835357666,107.20868682861328,-71.55513763427734
444.984771728,107.18189239501953,-71.3577880859375
445.183990478,107.08782196044922,-71.12600708007812
445.383209228,106.97480773925781,-70.89337921142578
445.532623291,106.8968505859375,-70.72892761230469
445.682037353,106.8276138305664,-70.53301239013672
445.831451416,106.78907012939453,-70.355224609375
445.980865478,106.76726531982422,-70.15393829345703
446.180084228,106.74983215332031,-69.8945083618164
446.329498291,106.73724365234375,-69.71293640136719
446.545318603,106.69999694824219,-69.4294204711914
446.694732666,106.66422271728516,-69.2537841796875
446.844146728,106.60838317871094,-69.05348205566406
446.993560791,106.54953002929688,-68.88126373291016
447.192779541,106.46029663085938,-68.63996887207031
447.342193603,106.3841781616211,-68.45231628417969
447.541412353,106.27388763427734,-68.21688842773438
447.690826416,106.1945571899414,-68.05309295654297
447.890045166,106.07164764404297,-67.82398223876953
448.006256103,105.99700927734375,-67.6869888305664
448.155670166,105.92407989501953,-67.52934265136719
448.354888916,105.84514617919922,-67.29033660888672
448.504302978,105.78964233398438,-67.09556579589844
448.703521728,105.7215347290039,-66.85030364990234
448.852935791,105.66820526123047,-66.67630767822266
449.002349853,105.60901641845703,-66.47702026367188
449.201568603,105.59574127197266,-66.2225341796875
449.400787353,105.64981842041016,-65.9686050415039
449.550201416,105.70668029785156,-65.79571533203125
449.716217041,105.76730346679688,-65.59678649902344
449.915435791,105.81949615478516,-65.35614776611328
450.064849853,105.8529052734375,-65.15223693847656
450.264068603,105.89295196533203,-64.89534759521484
450.463287353,105.9375228881836,-64.63919830322266
450.612701416,105.97321319580078,-64.46073150634766
450.762115478,105.99906158447266,-64.25458526611328
450.961334228,105.97366333007812,-64.01172637939453
451.110748291,105.92672729492188,-63.844444274902344
451.260162353,105.86994171142578,-63.695377349853516
451.426177978,105.85154724121094,-63.648887634277344
451.625396728,105.79386901855469,-63.3973388671875
451.774810791,105.79100799560547,-63.21548843383789
451.974029541,105.81036376953125,-62.96586608886719
452.173248291,105.8402328491211,-62.710350036621094
452.372467041,105.86921691894531,-62.45198059082031
452.521881103,105.88658905029297,-62.244712829589844
452.721099853,105.9004898071289,-61.990577697753906
452.870513916,105.90084075927734,-61.81269836425781
453.086334228,105.89630889892578,-61.526729583740234
453.235748291,105.89351654052734,-61.35022735595703
453.434967041,105.88944244384766,-61.092994689941406
453.584381103,105.88614654541016,-60.88501739501953
453.783599853,105.88204956054688,-60.62641525268555
453.982818603,105.88008880615234,-60.3746337890625
454.132232666,105.88008880615234,-60.19673538208008
454.331451416,105.88008880615234,-59.9394645690918
454.480865478,105.88008880615234,-59.7314567565918
454.630279541,105.88008880615234,-59.553558349609375
454.846099853,105.88008880615234,-59.28124237060547
454.995513916,105.88008880615234,-59.09923553466797
455.194732666,105.88328552246094,-58.843379974365234
455.344146728,105.89448547363281,-58.64116668701172
455.543365478,105.91194915771484,-58.389984130859375
455.692779541,105.92383575439453,-58.21110916137695
455.842193603,105.93431091308594,-58.05345153808594
456.041412353,105.93437957763672,-58.052452087402344
456.190826416,105.93437957763672,-58.052452087402344
456.390045166,105.93437957763672,-58.052452087402344
456.556060791,105.93437957763672,-58.052452087402344
456.755279541,105.93707275390625,-58.002891540527344
456.904693603,105.9233627319336,-57.79853820800781
457.103912353,105.83523559570312,-57.55510330200195
457.303131103,105.69486999511719,-57.33647918701172
457.452545166,105.58677673339844,-57.1917610168457
457.651763916,105.42802429199219,-56.98585510253906
457.801177978,105.30432891845703,-56.825496673583984
458.000396728,105.15644073486328,-56.62174606323242
458.149810791,105.05835723876953,-56.47663116455078
458.315826416,104.94596099853516,-56.30160903930664
458.515045166,104.8125228881836,-56.081661224365234
458.714263916,104.68281555175781,-55.8626708984375
458.863677978,104.57897186279297,-55.68244552612305
459.062896728,104.45075988769531,-55.45624923706055
459.212310791,104.3628158569336,-55.29690933227539
459.411529541,104.23725891113281,-55.07394790649414
459.610748291,104.1966552734375,-55.00385665893555
459.760162353,104.1966552734375,-55.00385665893555
459.909576416,104.1966552734375,-55.00385665893555
460.125396728,104.1966552734375,-55.00385665893555
460.324615478,104.14967346191406,-54.91686248779297
460.474029541,104.09107971191406,-54.74947738647461
460.673248291,104.11628723144531,-54.495357513427734
460.822662353,104.22639465332031,-54.31998062133789
461.021881103,104.41152954101562,-54.13758850097656
461.171295166,104.53919219970703,-54.017669677734375
461.370513916,104.7137680053711,-53.83253479003906
461.586334228,104.8881607055664,-53.60603332519531
461.735748291,104.98168182373047,-53.45475387573242
461.934967041,105.1004409790039,-53.22659683227539
462.134185791,105.21282196044922,-52.99212646484375
462.283599853,105.30130767822266,-52.803890228271484
462.482818603,105.40670013427734,-52.57672882080078
462.682037353,105.4172134399414,-52.55486297607422
462.831451416,105.4172134399414,-52.55486297607422
462.980865478,105.42794036865234,-52.532283782958984
463.180084228,105.49779510498047,-52.310035705566406
463.296295166,105.49239349365234,-52.192874908447266
463.495513916,105.37721252441406,-51.976318359375
463.694732666,105.1522216796875,-51.852230072021484
463.844146728,104.94920349121094,-51.82371139526367
464.043365478,104.6983413696289,-51.792118072509766
464.192779541,104.53298950195312,-51.735225677490234
464.391998291,104.3233871459961,-51.59019470214844
464.541412353,104.18597412109375,-51.4453239440918
464.690826416,104.07997131347656,-51.3128547668457
464.890045166,103.927978515625,-51.10869598388672
465.056060791,103.80342102050781,-50.94210433959961
465.255279541,103.64214324951172,-50.741764068603516
465.404693603,103.50274658203125,-50.58743667602539
465.554107666,103.3769760131836,-50.45589828491211
465.753326416,103.19413757324219,-50.27107620239258
465.902740478,103.07769012451172,-50.15606689453125
466.101959228,103.07769012451172,-50.15606689453125
466.301177978,103.07769012451172,-50.15606689453125
466.450592041,103.07769012451172,-50.15606689453125
466.649810791,103.07769012451172,-50.15606689453125
466.749420166,103.07769012451172,-50.15606689453125
466.965240478,103.07769012451172,-50.15606689453125
467.164459228,103.07769012451172,-50.15606689453125
467.313873291,103.07769012451172,-50.15606689453125
467.463287353,103.07769012451172,-50.15606689453125
467.662506103,103.07769012451172,-50.15606689453125
467.861724853,103.07769012451172,-50.15606689453125
468.060943603,103.07769012451172,-50.15606689453125
468.210357666,103.07769012451172,-50.15606689453125
468.376373291,103.07769012451172,-50.15606689453125
468.575592041,103.07769012451172,-50.15606689453125
468.774810791,103.07769012451172,-50.15606689453125
468.924224853,103.07769012451172,-50.15606689453125
469.073638916,103.07769012451172,-50.15606689453125
469.272857666,103.07769012451172,-50.15606689453125
469.422271728,103.07769012451172,-50.15606689453125
469.621490478,103.07769012451172,-50.15606689453125
469.820709228,103.07769012451172,-50.15606689453125
469.970123291,103.07769012451172,-50.15606689453125
470.136138916,103.07769012451172,-50.15606689453125
470.335357666,103.07769012451172,-50.15606689453125
470.534576416,103.07769012451172,-50.15606689453125
470.733795166,103.07769012451172,-50.15606689453125
470.883209228,103.07769012451172,-50.15606689453125
471.082427978,103.07769012451172,-50.15606689453125
471.231842041,103.07769012451172,-50.15606689453125
471.381256103,103.07769012451172,-50.15606689453125
471.580474853,103.07769012451172,-50.15606689453125
471.796295166,103.07769012451172,-50.15606689453125
471.945709228,103.07769012451172,-50.15606689453125
472.144927978,103.07769012451172,-50.15606689453125
472.294342041,103.07769012451172,-50.15606689453125
472.493560791,103.07769012451172,-50.15606689453125
472.642974853,103.07769012451172,-50.15606689453125
472.842193603,103.07769012451172,-50.15606689453125
473.041412353,103.07769012451172,-50.15606689453125
473.190826416,103.07769012451172,-50.15606689453125
473.390045166,103.07769012451172,-50.15606689453125
473.489654541,103.07769012451172,-50.15606689453125
473.705474853,103.07769012451172,-50.15606689453125
473.904693603,103.07769012451172,-50.15606689453125
474.054107666,103.07769012451172,-50.15606689453125
474.253326416,103.07769012451172,-50.15606689453125
474.402740478,103.07769012451172,-50.15606689453125
474.601959228,103.07769012451172,-50.15606689453125
474.751373291,103.07769012451172,-50.15606689453125
474.950592041,103.07769012451172,-50.15606689453125
475.149810791,103.07769012451172,-50.15606689453125
475.315826416,103.07769012451172,-50.15606689453125
475.465240478,103.07769012451172,-50.15606689453125
475.614654541,103.07769012451172,-50.15606689453125
475.764068603,103.07769012451172,-50.15606689453125
475.963287353,103.07769012451172,-50.15606689453125
476.162506103,103.07769012451172,-50.15606689453125
476.311920166,103.07769012451172,-50.15606689453125
476.511138916,103.07769012451172,-50.15606689453125
476.710357666,103.07769012451172,-50.15606689453125
476.876373291,103.07769012451172,-50.15606689453125
477.025787353,103.07769012451172,-50.15606689453125
477.225006103,103.07769012451172,-50.15606689453125
477.424224853,103.07769012451172,-50.15606689453125
477.573638916,103.07769012451172,-50.15606689453125
477.772857666,103.07769012451172,-50.15606689453125
477.922271728,103.07769012451172,-50.15606689453125
478.121490478,103.07769012451172,-50.15606689453125
478.270904541,103.07769012451172,-50.15606689453125
478.470123291,103.07769012451172,-50.15606689453125
478.636138916,103.07769012451172,-50.15606689453125
478.835357666,103.07769012451172,-50.15606689453125
478.984771728,103.07769012451172,-50.15606689453125
479.183990478,103.07769012451172,-50.15606689453125
479.383209228,103.07769012451172,-50.15606689453125
479.532623291,103.07769012451172,-50.15606689453125
479.682037353,103.07769012451172,-50.15606689453125
479.881256103,103.07769012451172,-50.15606689453125
480.080474853,103.07769012451172,-50.15606689453125
480.229888916,103.07769012451172,-50.15606689453125
480.445709228,103.07769012451172,-50.15606689453125
480.595123291,103.07769012451172,-50.15606689453125
480.794342041,103.07769012451172,-50.15606689453125
480.943756103,103.07769012451172,-50.15606689453125
481.142974853,103.07769012451172,-50.15606689453125
481.342193603,103.07769012451172,-50.15606689453125
481.541412353,103.07769012451172,-50.15606689453125
481.690826416,103.07769012451172,-50.15606689453125
481.890045166,103.07769012451172,-50.15606689453125
482.056060791,103.07769012451172,-50.15606689453125
482.205474853,103.07769012451172,-50.15606689453125
482.354888916,103.07769012451172,-50.15606689453125
482.554107666,103.07769012451172,-50.15606689453125
482.753326416,103.07769012451172,-50.15606689453125
482.902740478,103.07769012451172,-50.15606689453125
483.101959228,103.07769012451172,-50.15606689453125
483.301177978,103.07769012451172,-50.15606689453125
483.450592041,103.07769012451172,-50.15606689453125
483.649810791,103.07769012451172,-50.15606689453125
483.815826416,103.07769012451172,-50.15606689453125
484.015045166,103.07769012451172,-50.15606689453125
484.164459228,103.07769012451172,-50.15606689453125
484.363677978,103.07769012451172,-50.15606689453125
484.513092041,103.07769012451172,-50.15606689453125
484.762115478,103.07769012451172,-50.15606689453125
484.911529541,103.07769012451172,-50.15606689453125
485.110748291,103.07769012451172,-50.15606689453125
485.260162353,103.07769012451172,-50.15606689453125
485.426177978,103.07769012451172,-50.15606689453125
485.625396728,103.07769012451172,-50.15606689453125
485.824615478,103.07769012451172,-50.15606689453125
485.974029541,103.07769012451172,-50.15606689453125
486.173248291,103.07769012451172,-50.15606689453125
486.372467041,103.07769012451172,-50.15606689453125
486.521881103,103.07769012451172,-50.15606689453125
486.721099853,103.07769012451172,-50.15606689453125
486.870513916,103.07769012451172,-50.15606689453125
487.036529541,103.07769012451172,-50.15606689453125
487.235748291,103.07769012451172,-50.15606689453125
487.385162353,103.07769012451172,-50.15606689453125
487.584381103,103.07769012451172,-50.15606689453125
487.733795166,103.07769012451172,-50.15606689453125
487.933013916,103.07769012451172,-50.15606689453125
488.082427978,103.07769012451172,-50.15606689453125
488.231842041,103.07769012451172,-50.15606689453125
488.381256103,103.07769012451172,-50.15606689453125
488.580474853,103.07769012451172,-50.15606689453125
488.779693603,103.07769012451172,-50.15606689453125
488.945709228,103.07769012451172,-50.15606689453125
489.144927978,103.07769012451172,-50.15606689453125
489.294342041,103.07769012451172,-50.15606689453125
489.443756103,103.07769012451172,-50.15606689453125
489.642974853,103.07769012451172,-50.15606689453125
489.842193603,103.07769012451172,-50.15606689453125
489.991607666,103.07769012451172,-50.15606689453125
490.190826416,103.07769012451172,-50.15606689453125
490.340240478,103.07769012451172,-50.15606689453125
490.506256103,103.07769012451172,-50.15606689453125
490.705474853,103.07769012451172,-50.15606689453125
490.904693603,103.07769012451172,-50.15606689453125
491.054107666,103.07769012451172,-50.15606689453125
491.203521728,103.07769012451172,-50.15606689453125
491.352935791,103.07769012451172,-50.15606689453125
491.552154541,103.07769012451172,-50.15606689453125
491.751373291,103.07769012451172,-50.15606689453125
491.950592041,103.07769012451172,-50.15606689453125
492.100006103,103.07769012451172,-50.15606689453125
492.266021728,103.07769012451172,-50.15606689453125
492.465240478,103.07769012451172,-50.15606689453125
492.614654541,103.07769012451172,-50.15606689453125
492.813873291,103.07769012451172,-50.15606689453125
492.963287353,103.07769012451172,-50.15606689453125
493.162506103,103.07769012451172,-50.15606689453125
493.361724853,103.07769012451172,-50.15606689453125
493.511138916,103.07769012451172,-50.15606689453125
493.710357666,103.07769012451172,-50.15606689453125
493.876373291,103.07769012451172,-50.15606689453125
494.075592041,103.07769012451172,-50.15606689453125
494.274810791,103.07769012451172,-50.15606689453125
494.424224853,103.07769012451172,-50.15606689453125
494.573638916,103.07769012451172,-50.15606689453125
494.772857666,103.07769012451172,-50.15606689453125
494.922271728,103.07769012451172,-50.15606689453125
495.171295166,103.07769012451172,-50.15606689453125
495.320709228,103.07769012451172,-50.15606689453125
495.519927978,103.07769012451172,-50.15606689453125
495.636138916,103.07769012451172,-50.15606689453125
495.835357666,103.07769012451172,-50.15606689453125
496.034576416,103.07769012451172,-50.15606689453125
496.183990478,103.07769012451172,-50.15606689453125
496.383209228,103.07769012451172,-50.15606689453125
496.582427978,103.07769012451172,-50.15606689453125
496.781646728,103.07769012451172,-50.15606689453125
496.931060791,103.07769012451172,-50.15606689453125
497.130279541,103.07769012451172,-50.15606689453125
497.296295166,103.07769012451172,-50.15606689453125
497.495513916,103.07769012451172,-50.15606689453125
497.694732666,103.07769012451172,-50.15606689453125
497.844146728,103.07769012451172,-50.15606689453125
497.993560791,103.07769012451172,-50.15606689453125
498.192779541,103.07769012451172,-50.15606689453125
498.391998291,103.07769012451172,-50.15606689453125
498.541412353,103.07769012451172,-50.15606689453125
498.740631103,103.07769012451172,-50.15606689453125
498.890045166,103.07769012451172,-50.15606689453125
499.105865478,103.07769012451172,-50.15606689453125
499.255279541,103.07769012451172,-50.15606689453125
499.454498291,103.07769012451172,-50.15606689453125
499.603912353,103.07769012451172,-50.15606689453125
499.803131103,103.07769012451172,-50.15606689453125
500.002349853,103.07769012451172,-50.15606689453125
500.101959228,103.07769012451172,-50.15606689453125
500.301177978,103.07769012451172,-50.15606689453125
500.500396728,103.07769012451172,-50.15606689453125
500.649810791,103.07769012451172,-50.15606689453125
500.865631103,103.07769012451172,-50.15606689453125
501.015045166,103.07769012451172,-50.15606689453125
501.164459228,103.07769012451172,-50.15606689453125
501.363677978,103.07769012451172,-50.15606689453125
501.513092041,103.07769012451172,-50.15606689453125
501.712310791,103.07769012451172,-50.15606689453125
501.911529541,103.07769012451172,-50.15606689453125
502.060943603,103.07769012451172,-50.15606689453125
502.260162353,103.07769012451172,-50.15606689453125
502.426177978,103.07769012451172,-50.15606689453125
502.625396728,103.07769012451172,-50.15606689453125
502.824615478,103.07769012451172,-50.15606689453125
503.023834228,103.07769012451172,-50.15606689453125
503.123443603,103.07769012451172,-50.15606689453125
503.272857666,103.07769012451172,-50.15606689453125
503.472076416,103.07769012451172,-50.15606689453125
503.621490478,103.07769012451172,-50.15606689453125
503.820709228,103.07769012451172,-50.15606689453125
503.970123291,103.07769012451172,-50.15606689453125
504.185943603,103.07769012451172,-50.15606689453125
504.335357666,103.07769012451172,-50.15606689453125
504.484771728,103.07769012451172,-50.15606689453125
504.683990478,103.07769012451172,-50.15606689453125
504.883209228,103.07769012451172,-50.15606689453125
505.032623291,103.07769012451172,-50.15606689453125
505.231842041,103.07769012451172,-50.15606689453125
505.381256103,103.07769012451172,-50.15606689453125
505.580474853,103.07769012451172,-50.15606689453125
505.779693603,103.07769012451172,-50.15606689453125
505.945709228,103.07769012451172,-50.15606689453125
506.095123291,103.07769012451172,-50.15606689453125
506.294342041,103.07769012451172,-50.15606689453125
506.443756103,103.07769012451172,-50.15606689453125
506.642974853,103.07769012451172,-50.15606689453125
506.792388916,103.07769012451172,-50.15606689453125
506.991607666,103.07769012451172,-50.15606689453125
507.190826416,103.07769012451172,-50.15606689453125
507.390045166,103.07769012451172,-50.15606689453125
507.556060791,103.07769012451172,-50.15606689453125
507.755279541,103.07769012451172,-50.15606689453125
507.904693603,103.07769012451172,-50.15606689453125
508.054107666,103.07769012451172,-50.15606689453125
508.253326416,103.07769012451172,-50.15606689453125
508.452545166,103.07769012451172,-50.15606689453125
508.601959228,103.07769012451172,-50.15606689453125
508.801177978,103.07769012451172,-50.15606689453125
508.950592041,103.07769012451172,-50.15606689453125
509.149810791,103.07769012451172,-50.15606689453125
509.315826416,103.07769012451172,-50.15606689453125
509.465240478,103.07769012451172,-50.15606689453125
509.664459228,103.07769012451172,-50.15606689453125
509.863677978,103.07769012451172,-50.15606689453125
510.013092041,103.07769012451172,-50.15606689453125
510.212310791,103.07769012451172,-50.15606689453125
510.361724853,103.07769012451172,-50.15606689453125
510.560943603,103.07769012451172,-50.15606689453125
510.760162353,103.07769012451172,-50.15606689453125
510.909576416,103.07769012451172,-50.15606689453125
511.125396728,103.07769012451172,-50.15606689453125
511.274810791,103.07769012451172,-50.15606689453125
511.474029541,103.07769012451172,-50.15606689453125
511.673248291,103.07769012451172,-50.15606689453125
511.822662353,103.07769012451172,-50.15606689453125
512.021850585,103.07769012451172,-50.15606689453125
512.171264648,103.07769012451172,-50.15606689453125
512.370483398,103.07769012451172,-50.15606689453125
512.536499023,103.07769012451172,-50.15606689453125
512.735717773,103.07769012451172,-50.15606689453125
512.885131835,103.07769012451172,-50.15606689453125
513.084350585,103.07769012451172,-50.15606689453125
513.283569335,103.07769012451172,-50.15606689453125
513.432983398,103.07769012451172,-50.15606689453125
513.632202148,103.07769012451172,-50.15606689453125
513.781616210,103.07769012451172,-50.15606689453125
513.980834960,103.07769012451172,-50.15606689453125
514.130249023,103.07769012451172,-50.15606689453125
514.296264648,103.07769012451172,-50.15606689453125
514.445678710,103.07769012451172,-50.15606689453125
514.644897460,103.07769012451172,-50.15606689453125
514.844116210,103.07769012451172,-50.15606689453125
514.993530273,103.07769012451172,-50.15606689453125
515.192749023,103.07769012451172,-50.15606689453125
515.342163085,103.07769012451172,-50.15606689453125
515.541381835,103.07769012451172,-50.15606689453125
515.690795898,103.07769012451172,-50.15606689453125
515.890014648,103.07769012451172,-50.15606689453125
516.105834960,103.07769012451172,-50.15606689453125
516.255249023,103.07769012451172,-50.15606689453125
516.454467773,103.07769012451172,-50.15606689453125
516.603881835,103.07769012451172,-50.15606689453125
516.803100585,103.07769012451172,-50.15606689453125
517.002319335,103.07769012451172,-50.15606689453125
517.201538085,103.07769012451172,-50.15606689453125
517.350952148,103.07769012451172,-50.15606689453125
517.550170898,103.07769012451172,-50.15606689453125
517.716186523,103.07769012451172,-50.15606689453125
517.865600585,103.07769012451172,-50.15606689453125
517.965209960,103.07769012451172,-50.15606689453125
518.164428710,103.07769012451172,-50.15606689453125
518.313842773,103.07769012451172,-50.15606689453125
518.513061523,103.07769012451172,-50.15606689453125
518.662475585,103.07769012451172,-50.15606689453125
518.811889648,103.07769012451172,-50.15606689453125
519.011108398,103.07769012451172,-50.15606689453125
519.210327148,103.07769012451172,-50.15606689453125
519.376342773,103.07769012451172,-50.15606689453125
519.575561523,103.07769012451172,-50.15606689453125
519.774780273,103.07769012451172,-50.15606689453125
519.924194335,103.07769012451172,-50.15606689453125
520.123413085,103.07769012451172,-50.15606689453125
520.322631835,103.07769012451172,-50.15606689453125
520.472045898,103.07769012451172,-50.15606689453125
520.621459960,103.07769012451172,-50.15606689453125
520.870483398,103.07769012451172,-50.15606689453125
521.036499023,103.07769012451172,-50.15606689453125
521.185913085,103.07769012451172,-50.15606689453125
521.385131835,103.07769012451172,-50.15606689453125
521.534545898,103.07769012451172,-50.15606689453125
521.733764648,103.07769012451172,-50.15606689453125
521.932983398,103.07769012451172,-50.15606689453125
522.082397460,103.07769012451172,-50.15606689453125
522.281616210,103.07769012451172,-50.15606689453125
522.431030273,103.07769012451172,-50.15606689453125
522.630249023,103.07769012451172,-50.15606689453125
522.796264648,103.07769012451172,-50.15606689453125
522.995483398,103.07769012451172,-50.15606689453125
523.144897460,103.07769012451172,-50.15606689453125
523.344116210,103.07769012451172,-50.15606689453125
523.543334960,103.07769012451172,-50.15606689453125
523.692749023,103.07769012451172,-50.15606689453125
523.891967773,103.07769012451172,-50.15606689453125
524.041381835,103.07769012451172,-50.15606689453125
524.240600585,103.07769012451172,-50.15606689453125
524.390014648,103.07769012451172,-50.15606689453125
524.605834960,103.07769012451172,-50.15606689453125
524.805053710,103.07769012451172,-50.15606689453125
524.954467773,103.07769012451172,-50.15606689453125
525.203491210,103.07769012451172,-50.15606689453125
525.352905273,103.07769012451172,-50.15606689453125
525.552124023,103.07769012451172,-50.15606689453125
525.751342773,103.07769012451172,-50.15606689453125
525.900756835,103.07769012451172,-50.15606689453125
526.050170898,103.07769012451172,-50.15606689453125
526.265991210,103.07769012451172,-50.15606689453125
526.465209960,103.07769012451172,-50.15606689453125
526.614624023,103.07769012451172,-50.15606689453125
526.764038085,103.07769012451172,-50.15606689453125
526.963256835,103.07769012451172,-50.15606689453125
527.112670898,103.07769012451172,-50.15606689453125
527.262084960,103.07769012451172,-50.15606689453125
527.461303710,103.07769012451172,-50.15606689453125
527.660522460,103.07769012451172,-50.15606689453125
527.809936523,103.07769012451172,-50.15606689453125
527.975952148,103.07769012451172,-50.15606689453125
528.175170898,103.07769012451172,-50.15606689453125
528.374389648,103.07769012451172,-50.15606689453125
528.523803710,103.07769012451172,-50.15606689453125
528.723022460,103.07769012451172,-50.15606689453125
528.872436523,103.07769012451172,-50.15606689453125
529.071655273,103.07769012451172,-50.15606689453125
529.270874023,103.07769012451172,-50.15606689453125
529.420288085,103.07769012451172,-50.15606689453125
529.636108398,103.07769012451172,-50.15606689453125
529.785522460,103.07769012451172,-50.15606689453125
529.984741210,103.07769012451172,-50.15606689453125
530.134155273,103.07769012451172,-50.15606689453125
530.333374023,103.07769012451172,-50.15606689453125
530.482788085,103.07769012451172,-50.15606689453125
530.682006835,103.07769012451172,-50.15606689453125
530.881225585,103.07769012451172,-50.15606689453125
531.030639648,103.07769012451172,-50.15606689453125
531.180053710,103.07769012451172,-50.15606689453125
531.395874023,103.07769012451172,-50.15606689453125
531.595092773,103.07769012451172,-50.15606689453125
531.744506835,103.07769012451172,-50.15606689453125
531.943725585,103.07769012451172,-50.15606689453125
532.093139648,103.07769012451172,-50.15606689453125
532.292358398,103.07769012451172,-50.15606689453125
532.441772460,103.07769012451172,-50.15606689453125
532.591186523,103.07769012451172,-50.15606689453125
532.740600585,103.07769012451172,-50.15606689453125
532.939819335,103.07769012451172,-50.15606689453125
533.105834960,103.07769012451172,-50.15606689453125
533.255249023,103.06755828857422,-50.15198516845703
533.454467773,103.05274200439453,-50.151851654052734
533.603881835,102.99066162109375,-50.19619369506836
533.803100585,102.864013671875,-50.412559509277344
533.952514648,102.85719299316406,-50.5933837890625
534.151733398,102.93724822998047,-50.83574295043945
534.301147460,103.0170669555664,-51.027809143066406
534.450561523,103.07727813720703,-51.198062896728516
534.616577148,103.1240463256836,-51.393577575683594
534.815795898,103.14939880371094,-51.638423919677734
534.965209960,103.15162658691406,-51.83951950073242
535.114624023,103.14356231689453,-52.02133560180664
535.313842773,103.12641143798828,-52.280765533447266
535.413452148,103.1171875,-52.40769577026367
535.612670898,103.10132598876953,-52.65623474121094
535.762084960,103.09394073486328,-52.858619689941406
535.911499023,103.09114074707031,-53.04059600830078
536.110717773,103.08786010742188,-53.300567626953125
536.260131835,103.08529663085938,-53.50306701660156
536.426147460,103.0844955444336,-53.70285415649414
536.575561523,103.0844955444336,-53.88349151611328
536.724975585,103.0844955444336,-54.08876037597656
536.924194335,103.0844955444336,-54.343292236328125
537.073608398,103.0844955444336,-54.52119064331055
537.272827148,103.0844955444336,-54.78120040893555
537.422241210,103.0844955444336,-54.98920822143555
537.571655273,103.0844955444336,-55.16710662841797
537.721069335,103.0844955444336,-55.36689758300781
537.920288085,103.0844955444336,-55.620059967041016
538.086303710,103.0844955444336,-55.828067779541016
538.235717773,103.0844955444336,-56.00459671020508
538.385131835,103.0844955444336,-56.20575714111328
538.584350585,103.0844955444336,-56.457550048828125
538.733764648,103.0844955444336,-56.639556884765625
538.883178710,103.0844955444336,-56.847564697265625
539.082397460,103.0844955444336,-57.10209655761719
539.231811523,103.0844955444336,-57.27862548828125
539.381225585,103.0844955444336,-57.48663330078125
539.580444335,103.0844955444336,-57.74664306640625
539.729858398,103.0844955444336,-57.92317199707031
539.829467773,103.0844955444336,-58.049068450927734
540.045288085,103.0844955444336,-58.330970764160156
540.194702148,103.0844955444336,-58.512977600097656
540.344116210,103.0844955444336,-58.71687698364258
540.443725585,103.0844955444336,-58.84003448486328
540.642944335,103.0844955444336,-59.091827392578125
540.792358398,103.0844955444336,-59.26972579956055
540.941772460,103.0844955444336,-59.47773361206055
541.091186523,103.0844955444336,-59.65974044799805
541.290405273,103.0844955444336,-59.91016387939453
541.456420898,103.0844955444336,-60.112693786621094
541.605834960,103.0844955444336,-60.315223693847656
541.755249023,103.0844955444336,-60.497230529785156
541.954467773,103.08283996582031,-60.746273040771484
542.103881835,103.07618713378906,-60.945945739746094
542.303100585,103.06066131591797,-61.1986198425293
542.452514648,103.04827117919922,-61.38019561767578
542.601928710,103.03873443603516,-61.587974548339844
542.801147460,103.03300476074219,-61.84518051147461
542.950561523,103.02788543701172,-62.02436828613281
543.116577148,103.017333984375,-62.23073196411133
543.265991210,103.00335693359375,-62.43414306640625
543.465209960,102.9849853515625,-62.68800735473633
543.614624023,102.97218322753906,-62.86955261230469
543.764038085,102.95405578613281,-63.076751708984375
543.913452148,102.93689727783203,-63.256561279296875
544.062866210,102.92135620117188,-63.45711135864258
544.212280273,102.91194152832031,-63.629276275634766
544.411499023,102.8946533203125,-63.883201599121094
544.560913085,102.87672424316406,-64.08905029296875
544.710327148,102.86408233642578,-64.2706069946289
544.926147460,102.85235595703125,-64.5508804321289
545.075561523,102.8456802368164,-64.7286605834961
545.274780273,102.82966613769531,-64.9881591796875
545.374389648,102.82024383544922,-65.1178207397461
545.573608398,102.80235290527344,-65.37034606933594
545.723022460,102.78723907470703,-65.57366943359375
545.922241210,102.76278686523438,-65.82841491699219
546.071655273,102.74785614013672,-66.00979614257812
546.270874023,102.73263549804688,-66.2666015625
546.420288085,102.71817779541016,-66.46723175048828
546.636108398,102.69908905029297,-66.7182846069336
546.785522460,102.68456268310547,-66.92577362060547
546.934936523,102.67532348632812,-67.10205078125
547.134155273,102.65762329101562,-67.3504638671875
547.283569335,102.63986206054688,-67.55084991455078
547.482788085,102.61885833740234,-67.8072509765625
547.632202148,102.60507202148438,-67.98871612548828
547.781616210,102.58617401123047,-68.19036865234375
547.931030273,102.56995391845703,-68.36615753173828
548.130249023,102.5527114868164,-68.61734771728516
548.279663085,102.53977966308594,-68.79476165771484
548.445678710,102.51986694335938,-69.02787780761719
548.644897460,102.49915313720703,-69.2842788696289
548.794311523,102.48763275146484,-69.45905303955078
548.943725585,102.4704818725586,-69.66632843017578
549.142944335,102.44962310791016,-69.92546844482422
549.292358398,102.43869018554688,-70.1043930053711
549.491577148,102.42088317871094,-70.35005950927734
549.640991210,102.40243530273438,-70.5517578125
549.840209960,102.38038635253906,-70.8053207397461
550.006225585,102.3659439086914,-71.0128173828125
550.155639648,102.35126495361328,-71.18736267089844
550.354858398,102.33661651611328,-71.35879516601562
550.504272460,102.33661651611328,-71.35879516601562
550.653686523,102.33661651611328,-71.35879516601562
550.852905273,102.33661651611328,-71.35879516601562
551.002319335,102.33661651611328,-71.35879516601562
551.201538085,102.33661651611328,-71.35879516601562
551.350952148,102.32530975341797,-71.51036834716797
551.550170898,102.3116683959961,-71.77001953125
551.716186523,102.29914855957031,-71.97352600097656
551.865600585,102.28302001953125,-72.17813873291016
552.015014648,102.2686538696289,-72.35955810546875
552.214233398,102.24446105957031,-72.61841583251953
552.363647460,102.21992492675781,-72.81944274902344
552.562866210,102.18107604980469,-73.07233428955078
552.712280273,102.1489486694336,-73.24591827392578
552.861694335,102.10425567626953,-73.44058227539062
553.060913085,102.01690673828125,-73.6734848022461
553.210327148,101.92481231689453,-73.8270034790039
553.426147460,101.72563171386719,-74.02641296386719
553.575561523,101.56648254394531,-74.11421203613281
553.724975585,101.38308715820312,-74.17762756347656
553.924194335,101.13369750976562,-74.20893096923828
554.073608398,100.95182037353516,-74.20507049560547
554.272827148,100.70393371582031,-74.18119812011719
554.422241210,100.5000228881836,-74.15753173828125
554.621459960,100.24153137207031,-74.12953186035156
554.721069335,100.11199951171875,-74.11846923828125
554.920288085,99.86070251464844,-74.10295867919922
555.069702148,99.68292999267578,-74.09676361083984
555.285522460,99.40653228759766,-74.09507751464844
555.434936523,99.22457122802734,-74.0978775024414
555.584350585,99.02481842041016,-74.10103607177734
555.733764648,98.84969329833984,-74.10380554199219
555.883178710,98.64720916748047,-74.10700988769531
556.082397460,98.39000701904297,-74.111083984375
556.231811523,98.20805358886719,-74.11396789550781
556.381225585,98.00556945800781,-74.11717224121094
556.530639648,97.83317565917969,-74.11981964111328
556.729858398,97.58274841308594,-74.12028503417969
556.895874023,97.38020324707031,-74.12028503417969
557.045288085,97.17219543457031,-74.12028503417969
557.194702148,96.99565124511719,-74.12028503417969
557.344116210,96.79310607910156,-74.12028503417969
557.543334960,96.53595733642578,-74.11376953125
557.692749023,96.35417938232422,-74.10475158691406
557.891967773,96.09700012207031,-74.09864807128906
558.041381835,95.89859771728516,-74.09957122802734
558.190795898,95.72073364257812,-74.10222625732422
558.390014648,95.46072387695312,-74.10205841064453
558.556030273,95.25271606445312,-74.10272979736328
558.705444335,95.05157470703125,-74.10336303710938
558.854858398,94.87094116210938,-74.10394287109375
559.054077148,94.61093139648438,-74.10478210449219
559.203491210,94.40567016601562,-74.10543823242188
559.402709960,94.15802001953125,-74.10620880126953
559.552124023,93.98150634765625,-74.10676574707031
559.701538085,93.77349853515625,-74.10743713378906
559.850952148,93.59149169921875,-74.10802459716797
560.000366210,93.38760375976562,-74.10867309570312
560.166381835,93.189208984375,-74.10929107666016
560.315795898,93.00857543945312,-74.10987091064453
560.465209960,92.80056762695312,-74.11054229736328
560.614624023,92.61856079101562,-74.11112976074219
560.764038085,92.420166015625,-74.11174774169922
560.913452148,92.24090576171875,-74.11231994628906
561.112670898,91.98501586914062,-74.1131362915039
561.262084960,91.77700805664062,-74.11380767822266
561.461303710,91.52935791015625,-74.11457824707031
561.610717773,91.35421752929688,-74.11512756347656
561.809936523,91.10244750976562,-74.11592102050781
561.909545898,90.9765625,-74.11631774902344
562.125366210,90.69467163085938,-74.11721801757812
562.274780273,90.51815795898438,-74.1177749633789
562.473999023,90.27188110351562,-74.11853790283203
562.623413085,90.06524658203125,-74.11920166015625
562.772827148,89.885986328125,-74.1197738647461
562.972045898,89.6259765625,-74.12061309814453
563.121459960,89.42483520507812,-74.12124633789062
563.320678710,89.1744384765625,-74.12203216552734
563.470092773,88.9979248046875,-74.12258911132812
563.636108398,88.79129028320312,-74.12325286865234
563.785522460,88.58740234375,-74.1239013671875
563.984741210,88.34111785888672,-74.12458801269531
564.134155273,88.16460418701172,-74.12315368652344
564.283569335,87.96483612060547,-74.12124633789062
564.482788085,87.70482635498047,-74.11880493164062
564.632202148,87.52281951904297,-74.11709594726562
564.781616210,87.32305145263672,-74.11518859863281
564.931030273,87.14928436279297,-74.113525390625
565.130249023,86.89476776123047,-74.11111450195312
565.229858398,86.76476287841797,-74.10989379882812
565.445678710,86.48424530029297,-74.10723876953125
565.595092773,86.31047821044922,-74.10557556152344
565.794311523,86.05870056152344,-74.10365295410156
565.943725585,85.85069274902344,-74.10432434082031
566.093139648,85.66868591308594,-74.10491180419922
566.292358398,85.41416931152344,-74.10572052001953
566.441772460,85.21165466308594,-74.10636138916016
566.591186523,85.02964782714844,-74.10694885253906
566.790405273,84.76963806152344,-74.1077880859375
566.956420898,84.56437683105469,-74.10844421386719
567.105834960,84.35774230957031,-74.1091079711914
567.255249023,84.17573547363281,-74.10969543457031
567.454467773,83.91984558105469,-74.11051177978516
567.603881835,83.71870422363281,-74.11114501953125
567.803100585,83.46286010742188,-74.1144027709961
567.952514648,83.28827667236328,-74.12818145751953
568.101928710,83.0846939086914,-74.15441131591797
568.301147460,82.82697296142578,-74.18863677978516
568.450561523,82.65018463134766,-74.20804595947266
568.599975585,82.48077392578125,-74.21075439453125
568.765991210,82.47877502441406,-74.21067810058594
568.965209960,82.47877502441406,-74.21067810058594
569.114624023,82.47877502441406,-74.21067810058594
569.313842773,82.47877502441406,-74.21067810058594
569.463256835,82.47877502441406,-74.21067810058594
569.612670898,82.47877502441406,-74.21067810058594
569.811889648,82.47877502441406,-74.21067810058594
569.961303710,82.47877502441406,-74.21067810058594
570.160522460,82.47877502441406,-74.21067810058594
570.309936523,82.49082946777344,-74.1744155883789
570.475952148,82.59661865234375,-74.05393981933594
570.675170898,82.83245086669922,-73.97126007080078
570.824584960,83.03863525390625,-73.99226379394531
570.973999023,83.2106704711914,-74.04253387451172
571.173217773,83.45075988769531,-74.12274932861328
571.372436523,83.701904296875,-74.1841049194336
571.521850585,83.90737915039062,-74.21614074707031
571.721069335,84.16118621826172,-74.23387908935547
571.870483398,84.33767700195312,-74.23213195800781
572.036499023,84.54273986816406,-74.22325134277344
572.185913085,84.75050354003906,-74.21372985839844
572.385131835,84.99939727783203,-74.20515441894531
572.584350585,85.25116729736328,-74.20271301269531
572.733764648,85.43180084228516,-74.20128631591797
572.883178710,85.63980865478516,-74.19963836669922
572.982788085,85.76981353759766,-74.1986083984375
573.182006835,86.02021026611328,-74.19673156738281
573.331420898,86.1939926147461,-74.1976547241211
573.530639648,86.44988250732422,-74.19969177246094
573.680053710,86.65789031982422,-74.20133972167969
573.846069335,86.86589813232422,-74.20298767089844
573.995483398,87.04241180419922,-74.20439910888672
574.194702148,87.30242156982422,-74.20645904541016
574.344116210,87.51042938232422,-74.2081069946289
574.543334960,87.76082611083984,-74.21011352539062
574.692749023,87.93733978271484,-74.2115249633789
574.891967773,88.1946029663086,-74.21356964111328
575.041381835,88.4026107788086,-74.21521759033203
575.190795898,88.58049774169922,-74.21663665771484
575.390014648,88.82953643798828,-74.21556091308594
575.556030273,89.02930450439453,-74.21339416503906
575.705444335,89.23319244384766,-74.211181640625
575.904663085,89.4904556274414,-74.20838928222656
576.054077148,89.66559600830078,-74.20648956298828
576.203491210,89.86811065673828,-74.20429229736328
576.402709960,90.1240005493164,-74.2015151977539
576.552124023,90.3060073852539,-74.19953918457031
576.701538085,90.51126861572266,-74.1973876953125
576.900756835,90.7603530883789,-74.1975326538086
577.050170898,90.93689727783203,-74.19782257080078
577.216186523,91.14080810546875,-74.19816589355469
577.365600585,91.34881591796875,-74.19853210449219
577.564819335,91.60336303710938,-74.19895935058594
577.714233398,91.7812728881836,-74.19925689697266
577.913452148,92.0412826538086,-74.19971466064453
578.062866210,92.2492904663086,-74.20008087158203
578.262084960,92.49837493896484,-74.20047760009766
578.411499023,92.67628479003906,-74.20077514648438
578.610717773,92.93219757080078,-74.20121002197266
578.760131835,93.14020538330078,-74.20157623291016
578.926147460,93.34821319580078,-74.20194244384766
579.125366210,93.6054916381836,-74.20238494873047
579.274780273,93.7874984741211,-74.20270538330078
579.473999023,94.04341125488281,-74.20314025878906
579.623413085,94.24049377441406,-74.20344543457031
579.822631835,94.4923095703125,-74.203857421875
579.972045898,94.67158508300781,-74.20416259765625
580.171264648,94.93159484863281,-74.20462036132812
580.320678710,95.13823699951172,-74.2049789428711
580.470092773,95.31341552734375,-74.20526123046875
580.685913085,95.59123229980469,-74.20571899414062
580.835327148,95.77323913574219,-74.20603942871094
581.034545898,96.02778625488281,-74.20646667480469
581.183959960,96.22760009765625,-74.206787109375
581.333374023,96.40687561035156,-74.20709228515625
581.482788085,96.61488342285156,-74.20745849609375
581.682006835,96.87352752685547,-74.2079086303711
581.831420898,97.05143737792969,-74.20820617675781
582.030639648,97.3073501586914,-74.2086410522461
582.180053710,97.5153579711914,-74.2090072631836
582.346069335,97.7233657836914,-74.2093734741211
582.545288085,97.97518157958984,-74.20978546142578
582.694702148,98.15718841552734,-74.2101058959961
582.844116210,98.36519622802734,-74.2104721069336
583.043334960,98.61564636230469,-74.21087646484375
583.242553710,98.87019348144531,-74.2113037109375
583.391967773,99.05083465576172,-74.21161651611328
583.591186523,99.31084442138672,-74.21207427978516
583.740600585,99.51748657226562,-74.21243286132812
583.890014648,99.69266510009766,-74.21271514892578
584.056030273,99.89384460449219,-74.21304321289062
584.255249023,100.1524887084961,-74.21349334716797
584.454467773,100.40293884277344,-74.21389770507812
584.603881835,100.60002136230469,-74.21420288085938
584.803100585,100.85183715820312,-74.21461486816406
584.952514648,101.03111267089844,-74.21492004394531
585.101928710,101.23912048339844,-74.21528625488281
585.301147460,101.49913024902344,-74.21574401855469
585.450561523,101.67840576171875,-74.21604919433594
585.616577148,101.88504791259766,-74.2164077758789
585.815795898,102.13959503173828,-74.21683502197266
585.965209960,102.33940887451172,-74.21715545654297
586.164428710,102.59122467041016,-74.21756744384766
586.313842773,102.77050018310547,-74.2178726196289
586.513061523,103.03050994873047,-74.21833038330078
586.662475585,103.23442077636719,-74.21867370605469
586.861694335,103.48760223388672,-74.2190933227539
586.961303710,103.61487579345703,-74.21930694580078
587.160522460,103.87215423583984,-74.21728515625
587.309936523,104.0291519165039,-74.21558380126953
587.525756835,104.0311508178711,-74.21556854248047
587.724975585,104.0311508178711,-74.21556854248047
587.874389648,104.0311508178711,-74.21556854248047
588.073608398,104.0311508178711,-74.21556854248047
588.272827148,104.0311508178711,-74.21556854248047
588.422241210,104.13214874267578,-74.21446228027344
588.621459960,104.38666534423828,-74.21170043945312
588.770874023,104.56317901611328,-74.20978546142578
588.970092773,104.8190689086914,-74.2070083618164
589.136108398,105.0270767211914,-74.20475006103516
589.335327148,105.27884674072266,-74.20201873779297
589.484741210,105.48548126220703,-74.19977569580078
589.683959960,105.74549102783203,-74.19743347167969
589.833374023,105.92337799072266,-74.19821166992188
590.032592773,106.17377471923828,-74.19943237304688
590.182006835,106.37491607666016,-74.20040893554688
590.381225585,106.63492584228516,-74.20162963867188
590.530639648,106.81693267822266,-74.20248413085938
590.729858398,107.07007598876953,-74.20370483398438
590.895874023,107.2712173461914,-74.20468139648438
591.045288085,107.4737319946289,-74.20565795898438
591.244506835,107.73236846923828,-74.20687866210938
591.443725585,107.98413848876953,-74.20809936523438
591.593139648,108.16065216064453,-74.20895385742188
591.792358398,108.41233825683594,-74.20504760742188
591.991577148,108.66569519042969,-74.18102264404297
592.140991210,108.8712387084961,-74.15979766845703
592.340209960,109.12092590332031,-74.14083099365234
592.489624023,109.29314422607422,-74.13241577148438
592.655639648,109.49423217773438,-74.12737274169922
592.854858398,109.75423431396484,-74.12821197509766
593.054077148,110.00597381591797,-74.13412475585938
593.203491210,110.20436096191406,-74.13885498046875
593.402709960,110.45746612548828,-74.14488220214844
593.552124023,110.63941955566406,-74.14920806884766
593.751342773,110.8993911743164,-74.15316009521484
593.900756835,111.10053253173828,-74.15413665771484
594.116577148,111.35504913330078,-74.15535736083984
594.315795898,111.61505889892578,-74.15657806396484
594.415405273,111.74231719970703,-74.15718841552734
594.614624023,111.98997497558594,-74.1583251953125
594.813842773,112.24312591552734,-74.15553283691406
595.013061523,112.50176239013672,-74.15188598632812
595.162475585,112.70977020263672,-74.14895629882812
595.311889648,112.88628387451172,-74.14645385742188
595.511108398,113.13256072998047,-74.1429443359375
595.710327148,113.38707733154297,-74.13934326171875
595.876342773,113.59508514404297,-74.13788604736328
596.075561523,113.8496322631836,-74.13750457763672
596.224975585,114.05354309082031,-74.13719940185547
596.424194335,114.31355285644531,-74.1368179321289
596.623413085,114.57083129882812,-74.13643646240234
596.772827148,114.74600982666016,-74.13616943359375
596.972045898,114.9950942993164,-74.13578796386719
597.171264648,115.24964141845703,-74.13540649414062
597.320678710,115.45764923095703,-74.13510131835938
597.519897460,115.69029235839844,-74.13475799560547
597.685913085,115.91881561279297,-74.13577270507812
597.885131835,116.17745208740234,-74.13699340820312
598.034545898,116.35945892333984,-74.13784790039062
598.283569335,116.68648529052734,-74.13943481445312
598.432983398,116.8602523803711,-74.14028930664062
598.632202148,117.11751556396484,-74.14151000976562
598.781616210,117.32552337646484,-74.14248657226562
598.980834960,117.58003997802734,-74.14370727539062
599.130249023,117.75518035888672,-74.14456176757812
599.296264648,117.9563217163086,-74.14553833007812
599.495483398,118.2163314819336,-74.14675903320312
599.694702148,118.46672821044922,-74.14797973632812
599.844116210,118.66924285888672,-74.14895629882812
600.043334960,118.92513275146484,-74.15017700195312
600.192749023,119.10713958740234,-74.15103149414062
600.342163085,119.31377410888672,-74.15200805664062
600.541381835,119.56554412841797,-74.15322875976562
600.690795898,119.74205780029297,-74.15408325195312
600.890014648,119.9979476928711,-74.15530395507812
601.056030273,120.2059555053711,-74.15628051757812
601.255249023,120.45909881591797,-74.15750122070312
601.404663085,120.66573333740234,-74.15766906738281
601.603881835,120.92574310302734,-74.15484619140625
601.803100585,121.18163299560547,-74.15206909179688
601.952514648,121.35677337646484,-74.1501693725586
602.151733398,121.60991668701172,-74.14742279052734
602.350952148,121.86992645263672,-74.14459991455078
602.500366210,122.07381439208984,-74.14238739013672
602.716186523,122.32146453857422,-74.13970184326172
602.865600585,122.52672576904297,-74.13771057128906
603.064819335,122.78673553466797,-74.1386947631836
603.264038085,123.03987884521484,-74.1399154663086
603.413452148,123.21639251708984,-74.1407699584961
603.612670898,123.46953582763672,-74.1419906616211
603.811889648,123.72954559326172,-74.1432113647461
603.961303710,123.93755340576172,-74.1441879272461
604.160522460,124.1906967163086,-74.1454086303711
604.309936523,124.36858367919922,-74.1462631225586
604.525756835,124.65184783935547,-74.1476058959961
604.675170898,124.82698822021484,-74.1484603881836
604.874389648,125.07601165771484,-74.1496810913086
605.073608398,125.32915496826172,-74.1509017944336
605.223022460,125.53716278076172,-74.1518783569336
605.422241210,125.79717254638672,-74.1530990600586
605.621459960,126.0503158569336,-74.1543197631836
605.820678710,126.30620574951172,-74.1555404663086
605.970092773,126.48821258544922,-74.1563949584961
606.185913085,126.69921112060547,-74.15740203857422
606.335327148,126.70021057128906,-74.15740966796875
606.534545898,126.70021057128906,-74.15740966796875
606.733764648,126.70021057128906,-74.15740966796875
606.932983398,126.70021057128906,-74.15740966796875
607.082397460,126.70021057128906,-74.15740966796875
607.281616210,126.82621002197266,-74.1568603515625
607.480834960,127.08072662353516,-74.15409851074219
607.630249023,127.26273345947266,-74.1521224975586
607.796264648,127.47074127197266,-74.14986419677734
607.995483398,127.72937774658203,-74.14705657958984
608.144897460,127.93738555908203,-74.1447982788086
608.344116210,128.1973876953125,-74.14197540283203
608.543334960,128.45053100585938,-74.13922882080078
608.742553710,128.7064208984375,-74.13927459716797
608.891967773,128.888427734375,-74.14012908935547
609.091186523,129.14837646484375,-74.1376724243164
609.290405273,129.40292358398438,-74.11265563964844
609.456420898,129.60385131835938,-74.06515502929688
609.655639648,129.83047485351562,-73.95733642578125
609.805053710,129.9864044189453,-73.82068634033203
610.004272460,130.1193084716797,-73.59871673583984
610.153686523,130.16671752929688,-73.42613983154297
610.352905273,130.18701171875,-73.16729736328125
610.502319335,130.17758178710938,-72.97051239013672
610.701538085,130.15237426757812,-72.71173095703125
610.850952148,130.13763427734375,-72.53032684326172
611.000366210,130.12591552734375,-72.32676696777344
611.166381835,130.11940002441406,-72.12434387207031
611.365600585,130.11846923828125,-71.86570739746094
611.515014648,130.12039184570312,-71.68370056152344
611.714233398,130.12301635742188,-71.43467712402344
611.863647460,130.12515258789062,-71.23216247558594
612.013061523,130.12698364257812,-71.05839538574219
612.212280273,130.12973022460938,-70.79838562011719
612.361694335,130.13192749023438,-70.59037780761719
612.511108398,130.13380432128906,-70.41249084472656
612.610717773,130.1351318359375,-70.28660583496094
612.809936523,130.13499450683594,-70.03482055664062
612.975952148,130.13389587402344,-69.82818603515625
613.175170898,130.1325225830078,-69.57366943359375
613.324584960,130.1314239501953,-69.3739013671875
613.523803710,130.1300506591797,-69.11801147460938
613.673217773,130.12908935546875,-68.93600463867188
613.872436523,130.12771606445312,-68.67874145507812
614.021850585,130.12661743164062,-68.47622680664062
614.221069335,130.125244140625,-68.22308349609375
614.370483398,130.12428283691406,-68.04107666015625
614.536499023,130.12318420410156,-67.83306884765625
614.685913085,130.12208557128906,-67.6278076171875
614.885131835,130.12071228027344,-67.36917114257812
615.084350585,130.1186065673828,-67.10916900634766
615.233764648,130.10731506347656,-66.92755126953125
615.432983398,130.08309936523438,-66.67418670654297
615.582397460,130.0566864013672,-66.47344207763672
615.731811523,130.01724243164062,-66.30708312988281
615.931030273,129.91903686523438,-66.08477783203125
616.080444335,129.7986297607422,-65.92054748535156
616.229858398,129.67213439941406,-65.79367065429688
616.395874023,129.51171875,-65.6657943725586
616.545288085,129.34063720703125,-65.54996490478516
616.694702148,129.19178771972656,-65.45256042480469
616.844116210,129.0192413330078,-65.33644104003906
616.993530273,128.87254333496094,-65.22872161865234
617.192749023,128.67001342773438,-65.07230377197266
617.342163085,128.51133728027344,-64.93781280517578
617.491577148,128.37332153320312,-64.81915283203125
617.640991210,128.21644592285156,-64.68255615234375
617.790405273,128.07843017578125,-64.56602478027344
618.006225585,127.86024475097656,-64.38755798339844
618.155639648,127.7179183959961,-64.27412414550781
618.305053710,127.5565185546875,-64.14509582519531
618.454467773,127.41607666015625,-64.03589630126953
618.603881835,127.25186920166016,-63.90822982788086
618.803100585,127.04856872558594,-63.74615478515625
618.952514648,126.9072036743164,-63.63153076171875
619.101928710,126.74697875976562,-63.503238677978516
619.251342773,126.60863494873047,-63.39360809326172
619.450561523,126.40492248535156,-63.23650360107422
619.599975585,126.26121520996094,-63.124847412109375
619.765991210,126.08200073242188,-62.98305892944336
619.915405273,125.94071197509766,-62.86834716796875
620.064819335,125.77996826171875,-62.73635482788086
620.214233398,125.63899230957031,-62.62126159667969
620.363647460,125.47845458984375,-62.489013671875
620.562866210,125.27625274658203,-62.33000183105469
620.662475585,125.17304229736328,-62.25096130371094
620.811889648,125.03025817871094,-62.144840240478516
621.011108398,124.82334899902344,-61.98965835571289
621.160522460,124.6648941040039,-61.863529205322266
621.309936523,124.52290344238281,-61.74968338012695
621.475952148,124.36260986328125,-61.623653411865234
621.675170898,124.16297912597656,-61.46579360961914
621.824584960,124.00242614746094,-61.337928771972656
621.973999023,123.86175537109375,-61.22461700439453
622.173217773,123.6552734375,-61.06666564941406
622.322631835,123.48847198486328,-60.94240951538086
622.472045898,123.34651947021484,-60.83982849121094
622.621459960,123.17918395996094,-60.7162971496582
622.820678710,122.9715805053711,-60.55977249145508
622.970092773,122.83067321777344,-60.44677734375
623.136108398,122.66773223876953,-60.317508697509766
623.285522460,122.50118255615234,-60.19292068481445
623.484741210,122.29622650146484,-60.03971862792969
623.634155273,122.157958984375,-59.92151641845703
623.783569335,122.02259063720703,-59.76760482788086
623.932983398,121.9336929321289,-59.612274169921875
624.132202148,121.86250305175781,-59.36310958862305
624.331420898,121.85139465332031,-59.10639953613281
624.480834960,121.86035919189453,-58.89859390258789
624.630249023,121.86968231201172,-58.754398345947266
624.846069335,121.86983489990234,-58.75240707397461
624.995483398,121.86983489990234,-58.75240707397461
625.144897460,121.86983489990234,-58.75240707397461
625.294311523,121.86983489990234,-58.75240707397461
625.493530273,121.86983489990234,-58.75240707397461
625.642944335,121.87713623046875,-58.65267562866211
625.842163085,121.89525604248047,-58.39878463745117
626.041381835,121.90692901611328,-58.145904541015625
626.190795898,121.91039276123047,-57.96668243408203
626.390014648,121.91020202636719,-57.70667266845703
626.556030273,121.90966796875,-57.50140380859375
626.755249023,121.90899658203125,-57.24413299560547
626.904663085,121.908447265625,-57.03612518310547
627.054077148,121.9079818725586,-56.85685729980469
627.253295898,121.9073715209961,-56.61054229736328
627.452514648,121.90673065185547,-56.35874938964844
627.651733398,121.90605163574219,-56.1001091003418
627.801147460,121.90550231933594,-55.8921012878418
628.000366210,121.90484619140625,-55.637569427490234
628.149780273,121.90438842773438,-55.45967102050781
628.365600585,121.90367126464844,-55.18050765991211
628.515014648,121.90319061279297,-54.99850082397461
628.714233398,121.90257263183594,-54.750816345214844
628.863647460,121.90206146240234,-54.54965591430664
629.013061523,121.90159606933594,-54.37038803100586
629.162475585,121.90104675292969,-54.16238021850586
629.361694335,121.9003677368164,-53.90373992919922
629.560913085,121.89973449707031,-53.653316497802734
629.710327148,121.89928436279297,-53.47678756713867
629.876342773,121.89899444580078,-53.27014923095703
630.025756835,121.90740203857422,-53.06645584106445
630.224975585,121.92707824707031,-52.81269836425781
630.424194335,121.95149993896484,-52.55935287475586
630.573608398,121.98242950439453,-52.38009262084961
630.772827148,122.06187438964844,-52.13871383666992
630.972045898,122.19892883300781,-51.918487548828125
631.121459960,122.33635711669922,-51.76993179321289
631.320678710,122.53650665283203,-51.60641098022461
631.470092773,122.68473052978516,-51.500816345214844
631.685913085,122.91588592529297,-51.341915130615234
631.835327148,123.06144714355469,-51.24205780029297
632.034545898,123.26750946044922,-51.09736251831055
632.233764648,123.46581268310547,-50.94668960571289
632.432983398,123.6606216430664,-50.79151916503906
632.582397460,123.82019805908203,-50.65810775756836
632.781616210,124.0173568725586,-50.48857116699219
632.931030273,124.15587615966797,-50.37051010131836
633.130249023,124.35248565673828,-50.206729888916016
633.296264648,124.5116195678711,-50.07706832885742
633.495483398,124.71016693115234,-49.913475036621094
633.694702148,124.90972137451172,-49.75326919555664
633.844116210,125.06896209716797,-49.62812042236328
634.043334960,125.26800537109375,-49.47390365600586
634.192749023,125.40731811523438,-49.3632698059082
634.391967773,125.60688018798828,-49.20528030395508
634.591186523,125.81033325195312,-49.043392181396484
634.740600585,125.97128295898438,-48.92046356201172
634.890014648,126.1119155883789,-48.811527252197266
635.105834960,126.33464813232422,-48.64098358154297
635.305053710,126.54014587402344,-48.48393249511719
635.454467773,126.68214416503906,-48.3701171875
635.653686523,126.88066864013672,-48.202205657958984
635.803100585,127.0403823852539,-48.07109451293945
636.002319335,127.24137878417969,-47.9105110168457
636.151733398,127.38178253173828,-47.80126190185547
636.350952148,127.58282470703125,-47.64969253540039
636.550170898,127.78483581542969,-47.49486541748047
636.716186523,127.94855499267578,-47.36880111694336
636.915405273,128.1479949951172,-47.20412826538086
637.114624023,128.34976196289062,-47.042335510253906
637.264038085,128.51327514648438,-46.91378402709961
637.463256835,128.71945190429688,-46.755374908447266
637.662475585,128.92779541015625,-46.59984588623047
637.861694335,129.13404846191406,-46.45075607299805
638.011108398,129.27835083007812,-46.3443717956543
638.210327148,129.4883575439453,-46.193477630615234
638.376342773,129.65750122070312,-46.07248306274414
638.575561523,129.8535919189453,-45.91053009033203
638.724975585,129.98655700683594,-45.75100326538086
638.924194335,130.09991455078125,-45.52099609375
639.073608398,130.13873291015625,-45.34349060058594
639.223022460,130.1465606689453,-45.1385612487793
639.372436523,130.1329803466797,-44.95985412597656
639.571655273,130.09674072265625,-44.70517349243164
639.721069335,130.06976318359375,-44.498939514160156
639.920288085,130.04360961914062,-44.24302291870117
640.086303710,130.031494140625,-44.0463752746582
640.235717773,130.03036499023438,-43.86574935913086
640.434936523,130.035888671875,-43.6058235168457
640.634155273,130.0470733642578,-43.35289764404297
640.833374023,130.0583953857422,-43.10271453857422
640.982788085,130.06663513183594,-42.90172576904297
641.132202148,130.07022094726562,-42.71976852416992
641.331420898,130.07009887695312,-42.45975875854492
641.530639648,130.06948852539062,-42.20659637451172
641.680053710,130.06900024414062,-42.004066467285156
641.846069335,130.06851196289062,-41.796058654785156
642.045288085,130.06790161132812,-41.541526794433594
642.244506835,130.06729125976562,-41.28836441040039
642.393920898,130.06686401367188,-41.10772705078125
642.543334960,130.06637573242188,-40.89971923828125
642.692749023,130.06594848632812,-40.71771240234375
642.842163085,130.06546020507812,-40.519290924072266
643.041381835,130.06484985351562,-40.27023696899414
643.240600585,130.06460571289062,-40.170711517333984
643.390014648,130.06460571289062,-40.170711517333984
643.605834960,130.06460571289062,-40.170711517333984
643.755249023,130.06460571289062,-40.170711517333984
643.954467773,130.06460571289062,-40.170711517333984
644.153686523,130.06460571289062,-40.170711517333984
644.303100585,130.06460571289062,-40.170711517333984
644.502319335,130.06480407714844,-40.108577728271484
644.701538085,130.07086181640625,-39.85824203491211
644.850952148,130.0797882080078,-39.68468475341797
645.000366210,130.09483337402344,-39.484092712402344
645.166381835,130.1118621826172,-39.276790618896484
645.365600585,130.12612915039062,-39.02267837524414
645.515014648,130.1311492919922,-38.85033416748047
645.764038085,130.132568359375,-38.521915435791016
645.913452148,130.13267517089844,-38.339908599853516
646.062866210,130.13279724121094,-38.131900787353516
646.262084960,130.13294982910156,-37.874629974365234
646.461303710,130.1331024169922,-37.62283706665039
646.660522460,130.1332550048828,-37.36282730102539
646.809936523,130.13336181640625,-37.18082046508789
646.975952148,130.13348388671875,-36.97692108154297
647.175170898,130.13363647460938,-36.71965026855469
647.324584960,130.13375854492188,-36.51164245605469
647.473999023,130.1338653564453,-36.332374572753906
647.673217773,130.13401794433594,-36.08058166503906
647.822631835,130.13414001464844,-35.87668228149414
648.021850585,130.13429260253906,-35.61667251586914
648.221069335,130.1344451904297,-35.36214065551758
648.370483398,130.13455200195312,-35.189720153808594
648.586303710,130.1347198486328,-34.91329574584961
648.785522460,130.13487243652344,-34.65328598022461
648.934936523,130.13497924804688,-34.47401809692383
649.134155273,130.1351318359375,-34.223594665527344
649.283569335,130.13525390625,-34.0238037109375
649.482788085,130.13540649414062,-33.7637939453125
649.682006835,130.13555908203125,-33.5037841796875
649.831420898,130.1356658935547,-33.3286247253418
649.980834960,130.1357879638672,-33.127464294433594
650.180053710,130.1359405517578,-32.87430191040039
650.329467773,130.13604736328125,-32.69229507446289
650.495483398,130.13616943359375,-32.48428726196289
650.694702148,130.13626098632812,-32.353023529052734
650.893920898,130.13641357421875,-32.13825225830078
651.043334960,130.13653564453125,-31.935726165771484
651.192749023,130.1366424560547,-31.78693962097168
651.391967773,130.1367950439453,-31.535154342651367
651.541381835,130.1369171142578,-31.33536720275879
651.740600585,130.13706970214844,-31.08221435546875
651.890014648,130.13717651367188,-30.90022087097168
652.105834960,130.13734436035156,-30.616966247558594
652.255249023,130.137451171875,-30.44044303894043
652.454467773,130.13760375976562,-30.181819915771484
652.554077148,130.13768005371094,-30.05182456970215
652.803100585,130.13787841796875,-29.7152042388916
652.952514648,130.1379852294922,-29.540048599243164
653.101928710,130.1381072998047,-29.333423614501953
653.301147460,130.1382598876953,-29.07343292236328
653.500366210,130.13841247558594,-28.818912506103516
653.666381835,130.13853454589844,-28.619125366210938
653.865600585,130.13868713378906,-28.36186981201172
654.064819335,130.1388397216797,-28.101879119873047
654.214233398,130.13894653320312,-27.923988342285156
654.413452148,130.13909912109375,-27.670835494995117
654.612670898,130.13925170898438,-27.410844802856445
654.811889648,130.139404296875,-27.153589248657227
654.961303710,130.1395263671875,-26.951066970825195
655.160522460,130.1396026611328,-26.693811416625977
655.309936523,130.13734436035156,-26.511825561523438
655.525756835,130.13304138183594,-26.228591918945312
655.675170898,130.1304168701172,-26.053449630737305
655.824584960,130.1272430419922,-25.84547233581543
656.023803710,130.1233367919922,-25.58823585510254
656.223022460,130.1195526123047,-25.336469650268555
656.372436523,130.11856079101562,-25.161317825317383
656.521850585,130.12109375,-24.956073760986328
656.721069335,130.11351013183594,-24.6962833404541
656.920288085,130.0796661376953,-24.43867301940918
657.069702148,130.0292205810547,-24.268291473388672
657.285522460,129.8830108642578,-24.029085159301758
657.434936523,129.7459259033203,-23.921234130859375
657.534545898,129.62806701660156,-23.86668586730957
657.733764648,129.3827362060547,-23.806169509887695
657.883178710,129.18235778808594,-23.789791107177734
658.082397460,128.92234802246094,-23.787797927856445
658.231811523,128.7404327392578,-23.783645629882812
658.381225585,128.5408172607422,-23.77560043334961
658.530639648,128.36326599121094,-23.7646484375
658.680053710,128.16278076171875,-23.74839210510254
658.879272460,127.9297103881836,-23.727815628051758
658.995483398,127.77411651611328,-23.716630935668945
659.144897460,127.5691146850586,-23.70643424987793
659.344116210,127.31328582763672,-23.70102882385254
659.493530273,127.13128662109375,-23.702043533325195
659.642944335,126.9247055053711,-23.705150604248047
659.792358398,126.74954986572266,-23.705583572387695
659.941772460,126.54845428466797,-23.7012882232666
660.091186523,126.37211608886719,-23.693334579467773
660.290405273,126.11272430419922,-23.675920486450195
660.456420898,125.90795135498047,-23.661996841430664
660.605834960,125.70291900634766,-23.652448654174805
660.755249023,125.5209732055664,-23.648296356201172
660.904663085,125.3129653930664,-23.64674949645996
661.054077148,125.13507843017578,-23.645496368408203
661.253295898,124.88330841064453,-23.643722534179688
661.402709960,124.7057876586914,-23.642471313476562
661.552124023,124.7057876586914,-23.642471313476562
661.701538085,124.7057876586914,-23.642471313476562
661.900756835,124.7057876586914,-23.642471313476562
662.050170898,124.7057876586914,-23.642471313476562
662.216186523,124.7057876586914,-23.642471313476562
662.365600585,124.55352020263672,-23.64280891418457
662.515014648,124.37151336669922,-23.643823623657227
662.664428710,124.16625213623047,-23.644968032836914
662.863647460,123.91997528076172,-23.64634132385254
663.013061523,123.74346160888672,-23.64732551574707
663.162475585,123.5395736694336,-23.648462295532227
663.311889648,123.35757446289062,-23.649723052978516
663.511108398,123.09819793701172,-23.666650772094727
663.660522460,122.89410400390625,-23.688474655151367
663.809936523,122.71379089355469,-23.713111877441406
663.975952148,122.50983428955078,-23.753530502319336
664.125366210,122.3198471069336,-23.814897537231445
664.274780273,122.1667709350586,-23.89084243774414
664.424194335,122.00127410888672,-24.011796951293945
664.573608398,121.87109375,-24.136892318725586
664.723022460,121.74176788330078,-24.2908878326416
664.872436523,121.63514709472656,-24.4383544921875
665.021850585,121.52034759521484,-24.605201721191406
665.171264648,121.42366027832031,-24.749605178833008
665.370483398,121.28296661376953,-24.96331214904785
665.470092773,121.21026611328125,-25.067758560180664
665.685913085,121.04583740234375,-25.296695709228516
665.785522460,120.96745300292969,-25.400405883789062
665.984741210,120.8133316040039,-25.596010208129883
666.134155273,120.69902801513672,-25.732318878173828
666.283569335,120.5676498413086,-25.891807556152344
666.432983398,120.45293426513672,-26.033105850219727
666.632202148,120.2935562133789,-26.23504066467285
666.731811523,120.21375274658203,-26.3376522064209
666.881225585,120.09056854248047,-26.496671676635742
667.030639648,119.9814453125,-26.638891220092773
667.229858398,119.82720184326172,-26.839632034301758
667.395874023,119.7010726928711,-27.001556396484375
667.495483398,119.62126922607422,-27.104167938232422
667.644897460,119.49495697021484,-27.269405364990234
667.794311523,119.38404846191406,-27.4137020111084
667.943725585,119.25944519042969,-27.575088500976562
668.093139648,119.14762878417969,-27.71868133544922
668.292358398,118.99129486083984,-27.91952896118164
668.441772460,118.86211395263672,-28.08255386352539
668.591186523,118.7508316040039,-28.223094940185547
668.740600585,118.62321472167969,-28.387331008911133
668.890014648,118.51042938232422,-28.530166625976562
669.056030273,118.38684844970703,-28.694049835205078
669.205444335,118.2637939453125,-28.86174964904785
669.404663085,118.1068344116211,-29.069019317626953
669.554077148,117.99639129638672,-29.213665008544922
669.703491210,117.87313079833984,-29.37434959411621
669.852905273,117.76414489746094,-29.518400192260742
670.002319335,117.64114379882812,-29.68101692199707
670.151733398,117.53450012207031,-29.828502655029297
670.350952148,117.38245391845703,-30.036020278930664
670.450561523,117.32107543945312,-30.121212005615234
670.616577148,117.19857788085938,-30.287612915039062
670.765991210,117.07311248779297,-30.453500747680664
670.915405273,116.96202087402344,-30.594196319580078
671.064819335,116.83348083496094,-30.757740020751953
671.264038085,116.67534637451172,-30.958942413330078
671.413452148,116.5663833618164,-31.099563598632812
671.513061523,116.48934936523438,-31.202577590942383
671.612670898,116.41077423095703,-31.306150436401367
671.811889648,116.25767517089844,-31.51290512084961
671.961303710,116.13855743408203,-31.67329216003418
672.110717773,116.02388000488281,-31.8145809173584
672.260131835,115.87983703613281,-31.960474014282227
672.409545898,115.73194122314453,-32.06624221801758
672.575561523,115.54441833496094,-32.15530776977539
672.724975585,115.34733581542969,-32.20035934448242
672.924194335,115.09739685058594,-32.21063995361328
673.073608398,114.92823791503906,-32.19780731201172
673.223022460,114.73015594482422,-32.171749114990234
673.422241210,114.48190307617188,-32.13894271850586
673.571655273,114.30091094970703,-32.11991500854492
673.721069335,114.09346008300781,-32.10552215576172
673.920288085,113.8389663696289,-32.101783752441406
674.086303710,113.63644409179688,-32.10286331176758
674.235717773,113.45443725585938,-32.103904724121094
674.385131835,113.247802734375,-32.10508728027344
674.584350585,113.00152587890625,-32.10649871826172
674.733764648,112.82363891601562,-32.10751724243164
674.883178710,112.61837768554688,-32.10869216918945
675.032592773,112.43637084960938,-32.10973358154297
675.182006835,112.23248291015625,-32.11090087890625
675.381225585,111.98345947265625,-32.112327575683594
675.530639648,111.81106567382812,-32.11331558227539
675.630249023,111.68380737304688,-32.114044189453125
675.846069335,111.40054321289062,-32.115665435791016
675.945678710,111.27053833007812,-32.11640930175781
676.144897460,111.02151489257812,-32.117835998535156
676.294311523,110.8436279296875,-32.11885452270508
676.443725585,110.64111328125,-32.12001419067383
676.593139648,110.4591064453125,-32.121055603027344
676.792358398,110.1990966796875,-32.12254333496094
676.941772460,109.99657440185547,-32.12362289428711
677.091186523,109.81867980957031,-32.12262725830078
677.240600585,109.61067199707031,-32.121192932128906
677.390014648,109.42866516113281,-32.119937896728516
677.556030273,109.22203063964844,-32.11851119995117
677.755249023,108.97163391113281,-32.11677169799805
677.904663085,108.76363372802734,-32.11484146118164
678.054077148,108.58316040039062,-32.107852935791016
678.253295898,108.32969665527344,-32.06595230102539
678.402709960,108.1457290649414,-31.996152877807617
678.552124023,107.99022674560547,-31.904611587524414
678.751342773,107.84089660644531,-31.77581024169922
678.900756835,107.8402099609375,-31.775081634521484
679.099975585,107.8402099609375,-31.775081634521484
679.315795898,107.8402099609375,-31.775081634521484
679.465209960,107.8402099609375,-31.775081634521484
679.664428710,107.8402099609375,-31.775081634521484
679.813842773,107.7336196899414,-31.6535701751709
679.963256835,107.61124420166016,-31.493961334228516
680.162475585,107.46267700195312,-31.283939361572266
680.311889648,107.36151885986328,-31.139272689819336
680.511108398,107.21817779541016,-30.933937072753906
680.710327148,107.0688705444336,-30.727806091308594
680.876342773,106.94498443603516,-30.565885543823242
681.025756835,106.81523895263672,-30.408586502075195
681.224975585,106.65056610107422,-30.20737648010254
681.424194335,106.48892211914062,-30.005483627319336
681.573608398,106.37525177001953,-29.865131378173828
681.772827148,106.21084594726562,-29.670827865600586
681.922241210,106.07957458496094,-29.509490966796875
682.121459960,105.92127990722656,-29.303239822387695
682.270874023,105.81680297851562,-29.162647247314453
682.470092773,105.66815185546875,-28.95604705810547
682.636108398,105.5449447631836,-28.788480758666992
682.835327148,105.38958740234375,-28.58172607421875
683.034545898,105.23326110839844,-28.373994827270508
683.183959960,105.10433197021484,-28.21426773071289
683.383178710,104.94366455078125,-28.013355255126953
683.532592773,104.90023040771484,-27.9591121673584
683.682006835,104.7710189819336,-27.796125411987305
683.881225585,104.61212921142578,-27.59205436706543
684.030639648,104.50289154052734,-27.449914932250977
684.229858398,104.35253143310547,-27.251380920410156
684.395874023,104.22602844238281,-27.086273193359375
684.595092773,104.07074737548828,-26.882883071899414
684.744506835,103.94888305664062,-26.717714309692383
684.893920898,103.84639739990234,-26.57567596435547
685.043334960,103.7247085571289,-26.40868377685547
685.242553710,103.57011413574219,-26.20134162902832
685.441772460,103.4185791015625,-25.998554229736328
685.591186523,103.30970001220703,-25.85272979736328
685.740600585,103.1816177368164,-25.688825607299805
685.956420898,103.02811431884766,-25.48752212524414
686.105834960,102.90351867675781,-25.32097625732422
686.305053710,102.74916076660156,-25.111759185791016
686.454467773,102.640869140625,-24.965476989746094
686.653686523,102.49251556396484,-24.760353088378906
686.852905273,102.33824157714844,-24.55109977722168
687.002319335,102.2179946899414,-24.39155387878418
687.151733398,102.1120376586914,-24.253793716430664
687.350952148,101.94698333740234,-24.0565128326416
687.550170898,101.7670669555664,-23.868860244750977
687.666381835,101.65419006347656,-23.761219024658203
687.865600585,101.46044158935547,-23.596187591552734
688.064819335,101.25601959228516,-23.43780517578125
688.214233398,101.11243438720703,-23.33047866821289
688.363647460,100.9471435546875,-23.204204559326172
688.513061523,100.8045883178711,-23.0932674407959
688.712280273,100.64921569824219,-22.971330642700195
688.861694335,100.52656555175781,-22.87613868713379
689.060913085,100.3238296508789,-22.720008850097656
689.260131835,100.12451934814453,-22.568395614624023
689.426147460,99.96178436279297,-22.443265914916992
689.575561523,99.81829071044922,-22.33580780029297
689.774780273,99.61170196533203,-22.177947998046875
689.924194335,99.44601440429688,-22.052196502685547
690.123413085,99.23947143554688,-21.89427375793457
690.272827148,99.10226440429688,-21.789854049682617
690.472045898,98.90319061279297,-21.635704040527344
690.671264648,98.69783020019531,-21.478483200073242
690.820678710,98.53219604492188,-21.352664947509766
690.970092773,98.38652801513672,-21.243555068969727
691.185913085,98.15919494628906,-21.070030212402344
691.385131835,97.951416015625,-20.913742065429688
691.534545898,97.80545043945312,-20.805028915405273
691.733764648,97.63233947753906,-20.674135208129883
691.883178710,97.46992492675781,-20.55315589904785
692.082397460,97.2626953125,-20.396142959594727
692.231811523,97.1197509765625,-20.287975311279297
692.381225585,96.9546127319336,-20.161502838134766
692.530639648,96.8100357055664,-20.05095672607422
692.729858398,96.60221099853516,-19.89472770690918
692.879272460,96.45931243896484,-19.78649139404297
693.045288085,96.2744140625,-19.649873733520508
693.194702148,96.13008880615234,-19.53900146484375
693.393920898,95.92196655273438,-19.383174896240234
693.593139648,95.71379852294922,-19.227407455444336
693.742553710,95.54712677001953,-19.10527992248535
693.941772460,95.337646484375,-18.953615188598633
694.091186523,95.19100189208984,-18.8458251953125
694.240600585,95.02359771728516,-18.724695205688477
694.456420898,94.81651306152344,-18.567489624023438
694.605834960,94.67098999023438,-18.456533432006836
694.805053710,94.46671295166016,-18.295692443847656
695.004272460,94.26384735107422,-18.139686584472656
695.153686523,94.1232681274414,-18.026302337646484
695.352905273,93.94353485107422,-17.856008529663086
695.502319335,93.80531311035156,-17.700653076171875
695.701538085,93.64717102050781,-17.501216888427734
695.850952148,93.5359878540039,-17.357114791870117
696.050170898,93.38082122802734,-17.15191078186035
696.216186523,93.26438903808594,-16.998289108276367
696.415405273,93.26258087158203,-16.99590301513672
696.614624023,93.1533432006836,-16.855037689208984
696.813842773,93.01527404785156,-16.678579330444336
696.963256835,93.01527404785156,-16.678579330444336
697.162475585,92.89774322509766,-16.527387619018555
697.311889648,92.78993225097656,-16.389333724975586
697.511108398,92.62930297851562,-16.191905975341797
697.710327148,92.47000885009766,-15.99515151977539
697.926147460,92.29358673095703,-15.771783828735352
698.075561523,92.2137222290039,-15.666682243347168
698.224975585,92.21311950683594,-15.665882110595703
698.473999023,92.21311950683594,-15.665882110595703
698.623413085,92.21311950683594,-15.665882110595703
698.822631835,92.21311950683594,-15.665882110595703
699.021850585,92.21311950683594,-15.665882110595703
699.221069335,92.08040618896484,-15.483091354370117
699.370483398,91.97726440429688,-15.333144187927246
699.569702148,91.8364486694336,-15.126077651977539
699.785522460,91.67289733886719,-14.898183822631836
699.934936523,91.5628433227539,-14.753242492675781
700.183959960,91.34986114501953,-14.490772247314453
700.333374023,91.23501586914062,-14.349569320678711
700.532592773,91.08172607421875,-14.155261039733887
700.731811523,91.02725219726562,-14.083459854125977
700.931030273,90.87200927734375,-13.87661361694336
701.130249023,90.76206970214844,-13.727829933166504
701.296264648,90.7314453125,-13.687053680419922
701.495483398,90.57422637939453,-13.48421859741211
701.694702148,90.4256820678711,-13.293131828308105
701.844116210,90.39215087890625,-13.250795364379883
702.043334960,90.23943328857422,-13.050609588623047
702.192749023,90.13434600830078,-12.910484313964844
702.391967773,89.99136352539062,-12.723983764648438
702.591186523,89.83647918701172,-12.52029037475586
702.790405273,89.68283081054688,-12.315671920776367
702.956420898,89.5595474243164,-12.148155212402344
703.155639648,89.40428924560547,-11.943022727966309
703.354858398,89.24494934082031,-11.737556457519531
703.504272460,89.13263702392578,-11.593073844909668
703.753295898,88.94648742675781,-11.352986335754395
703.902709960,88.82213592529297,-11.191393852233887
704.101928710,88.66731262207031,-10.98764419555664
704.251342773,88.56366729736328,-10.84475326538086
704.500366210,88.37529754638672,-10.577393531799316
704.666381835,88.29730987548828,-10.469661712646484
704.865600585,88.29730987548828,-10.469661712646484
705.064819335,88.29730987548828,-10.469661712646484
705.214233398,88.29730987548828,-10.469661712646484
705.413452148,88.29730987548828,-10.469661712646484
705.612670898,88.29730987548828,-10.469661712646484
705.762084960,88.19595336914062,-10.338835716247559
705.961303710,88.02674865722656,-10.150696754455566
706.160522460,87.82734680175781,-9.984379768371582
706.309936523,87.67949676513672,-9.895834922790527
706.525756835,87.41976928710938,-9.783586502075195
706.675170898,87.24629211425781,-9.733386993408203
706.774780273,87.11955261230469,-9.704496383666992
706.973999023,86.86547088623047,-9.656181335449219
707.173217773,86.61563873291016,-9.625597953796387
707.322631835,86.41893005371094,-9.614076614379883
707.521850585,86.16864013671875,-9.606505393981934
707.671264648,85.99353790283203,-9.602591514587402
707.870483398,85.73418426513672,-9.58526611328125
708.036499023,85.5332260131836,-9.551513671875
708.235717773,85.28485870361328,-9.475154876708984
708.385131835,85.09430694580078,-9.402616500854492
708.584350585,84.86152648925781,-9.3180513381958
708.733764648,84.69556427001953,-9.271583557128906
708.932983398,84.52652740478516,-9.243101119995117
709.082397460,84.39065551757812,-9.227533340454102
709.281616210,84.1402816772461,-9.200844764709473
709.480834960,83.96096801757812,-9.17701530456543
709.630249023,83.96096801757812,-9.17701530456543
709.796264648,83.96096801757812,-9.17701530456543
709.995483398,83.96096801757812,-9.17701530456543
710.144897460,83.96096801757812,-9.17701530456543
710.294311523,83.96096801757812,-9.17701530456543
710.493530273,83.96096801757812,-9.17701530456543
710.692749023,83.96096801757812,-9.17701530456543
710.842163085,83.96096801757812,-9.17701530456543
711.041381835,83.73272705078125,-9.146729469299316
711.190795898,83.55400085449219,-9.133199691772461
711.390014648,83.29740142822266,-9.101709365844727
711.556030273,83.09660339355469,-9.05940055847168
711.755249023,82.84379577636719,-8.998658180236816
711.954467773,82.59394073486328,-8.943431854248047
712.103881835,82.39395141601562,-8.911787033081055
712.303100585,82.14024353027344,-8.891968727111816
712.452514648,82.09879302978516,-8.88988208770752
712.601928710,81.8939208984375,-8.88295841217041
712.801147460,81.63392639160156,-8.880215644836426
712.950561523,81.4713134765625,-8.876676559448242
713.166381835,81.19246673583984,-8.863697052001953
713.315795898,81.01345825195312,-8.853952407836914
713.515014648,80.75656127929688,-8.839967727661133
713.664428710,80.54874420166016,-8.831605911254883
713.813842773,80.37225341796875,-8.828660011291504
714.013061523,80.11636352539062,-8.826848030090332
714.212280273,79.85910034179688,-8.825026512145996
714.361694335,79.65109252929688,-8.823554039001465
714.511108398,79.47183227539062,-8.822772979736328
714.710327148,79.21868896484375,-8.824174880981445
714.809936523,79.09005737304688,-8.8248872756958
715.025756835,78.80404663085938,-8.826471328735352
715.175170898,78.63027954101562,-8.827433586120605
715.324584960,78.42501831054688,-8.828570365905762
715.473999023,78.24850463867188,-8.829547882080078
715.673217773,77.98849487304688,-8.830987930297852
715.872436523,77.75897216796875,-8.832258224487305
716.021850585,77.56758117675781,-8.833317756652832
716.221069335,77.31031799316406,-8.834742546081543
716.370483398,77.13517761230469,-8.835712432861328
716.586303710,76.86289978027344,-8.837220191955566
716.735717773,76.68226623535156,-8.838220596313477
716.885131835,76.47425842285156,-8.839372634887695
717.084350585,76.21562194824219,-8.840805053710938
717.233764648,76.03910827636719,-8.841782569885254
717.432983398,75.77909851074219,-8.843222618103027
717.582397460,75.57109069824219,-8.844128608703613
717.781616210,75.31112670898438,-8.840237617492676
717.931030273,75.13327026367188,-8.836732864379883
718.130249023,74.87333679199219,-8.831611633300781
718.296264648,74.6681137084961,-8.827810287475586
718.445678710,74.46283721923828,-8.82699203491211
718.644897460,74.20314025878906,-8.81605339050293
718.844116210,73.95068359375,-8.77584171295166
718.993530273,73.7774658203125,-8.724920272827148
719.192749023,73.53376770019531,-8.634303092956543
719.391967773,73.37223815917969,-8.582162857055664
719.541381835,73.2493896484375,-8.55008602142334
719.690795898,73.06983184814453,-8.520852088928223
719.840209960,72.86652374267578,-8.506193161010742
719.956420898,72.74201965332031,-8.504924774169922
720.155639648,72.48640441894531,-8.516355514526367
720.354858398,72.22674560546875,-8.529664039611816
720.504272460,72.02294158935547,-8.535700798034668
720.703491210,71.77391815185547,-8.537134170532227
720.902709960,71.5207748413086,-8.537801742553711
721.052124023,71.3387680053711,-8.53828239440918
721.201538085,71.1307601928711,-8.53883171081543
721.450561523,70.82836151123047,-8.539628982543945
721.599975585,70.65184783935547,-8.540094375610352
721.765991210,70.42333221435547,-8.54069709777832
721.915405273,70.24132537841797,-8.541177749633789
722.114624023,69.99230194091797,-8.541833877563477
722.313842773,69.7391586303711,-8.542501449584961
722.463256835,69.5311508178711,-8.543050765991211
722.662475585,69.2711410522461,-8.543737411499023
722.811889648,69.09188079833984,-8.544210433959961
723.011108398,68.83873748779297,-8.544878005981445
723.160522460,68.63209533691406,-8.544198036193848
723.376342773,68.38459014892578,-8.543290138244629
723.525756835,68.31847381591797,-8.543046951293945
723.724975585,68.06807708740234,-8.542126655578613
723.874389648,67.89293670654297,-8.541482925415039
724.073608398,67.7576675415039,-8.540985107421875
724.223022460,67.56591033935547,-8.540281295776367
724.422241210,67.31002044677734,-8.539341926574707
724.571655273,67.12801361083984,-8.538674354553223
724.721069335,66.92137908935547,-8.53791618347168
724.870483398,66.7462387084961,-8.537272453308105
725.086303710,66.46297454833984,-8.536232948303223
725.235717773,66.28096771240234,-8.535565376281738
725.385131835,66.0811996459961,-8.534831047058105
725.584350585,65.82942962646484,-8.533905982971191
725.783569335,65.5721664428711,-8.53296184539795
725.932983398,65.3901596069336,-8.532294273376465
726.132202148,65.13426971435547,-8.531354904174805
726.281616210,64.93587493896484,-8.530625343322754
726.431030273,64.75936126708984,-8.529976844787598
726.630249023,64.50072479248047,-8.529027938842773
726.796264648,64.29271697998047,-8.528264999389648
726.995483398,64.03545379638672,-8.527320861816406
727.194702148,63.7781867980957,-8.526376724243164
727.344116210,63.5701789855957,-8.525613784790039
727.543334960,63.41865158081055,-8.525056838989258
727.692749023,63.41865158081055,-8.525056838989258
727.891967773,63.41865158081055,-8.525056838989258
728.091186523,63.41865158081055,-8.525056838989258
728.240600585,63.41865158081055,-8.525056838989258
728.390014648,63.41865158081055,-8.525056838989258
728.605834960,63.41865158081055,-8.525056838989258
728.805053710,63.41865158081055,-8.525056838989258
729.004272460,63.41865158081055,-8.525056838989258
729.153686523,63.41865158081055,-8.525056838989258
729.352905273,63.41865158081055,-8.525056838989258
729.552124023,63.41865158081055,-8.525056838989258
729.651733398,63.41865158081055,-8.525056838989258
729.900756835,63.41865158081055,-8.525056838989258
730.050170898,63.406150817871094,-8.52501106262207
730.265991210,63.14823532104492,-8.51878833770752
730.415405273,62.97057342529297,-8.509745597839355
730.614624023,62.71788787841797,-8.4944486618042
730.813842773,62.4597053527832,-8.479313850402832
731.013061523,62.19986343383789,-8.470568656921387
731.162475585,61.9959716796875,-8.469013214111328
731.361694335,61.7428092956543,-8.468083381652832
731.511108398,61.5608024597168,-8.467415809631348
731.710327148,61.3007926940918,-8.466462135314941
731.876342773,61.098262786865234,-8.465718269348145
732.075561523,60.84373092651367,-8.464783668518066
732.224975585,60.63572311401367,-8.464020729064941
732.424194335,60.38256072998047,-8.463090896606445
732.623413085,60.130767822265625,-8.462165832519531
