timestamp_sec,x,y
3.784789800,77.0999984741211,-6.199999809265137
3.983988523,77.0999984741211,-6.199999809265137
4.183189868,77.0999984741211,-6.199999809265137
4.382391452,77.0999984741211,-6.199999809265137
4.581593036,77.0999984741211,-6.199999809265137
4.780794620,77.0999984741211,-6.199999809265137
4.930195808,77.0999984741211,-6.199999809265137
5.145997524,77.0999984741211,-6.199999809265137
5.295398712,77.0999984741211,-6.199999809265137
5.494600296,77.0999984741211,-6.199999809265137
5.693801879,77.0999984741211,-6.199999809265137
5.893003463,77.0999984741211,-6.199999809265137
6.042404651,77.0999984741211,-6.199999809265137
6.191805839,77.0999984741211,-6.199999809265137
6.391007423,77.0999984741211,-6.199999809265137
6.540408611,77.0999984741211,-6.199999809265137
6.756210327,77.0999984741211,-6.199999809265137
6.905611515,77.0999984741211,-6.199999809265137
7.104813098,77.0999984741211,-6.199999809265137
7.254214286,77.0999984741211,-6.199999809265137
7.453415870,77.0999984741211,-6.199999809265137
7.602817058,77.0999984741211,-6.199999809265137
7.752218246,77.0999984741211,-6.199999809265137
7.951419830,77.0999984741211,-6.199999809265137
8.150616645,77.0999984741211,-6.199999809265137
8.349812507,77.0999984741211,-6.199999809265137
8.515809059,77.0999984741211,-6.199999809265137
8.715004920,77.0999984741211,-6.199999809265137
8.914200782,77.0999984741211,-6.199999809265137
9.113396644,77.0999984741211,-6.199999809265137
9.312592506,77.0999984741211,-6.199999809265137
9.461989402,77.0999984741211,-6.199999809265137
9.661185264,77.0999984741211,-6.199999809265137
9.860381126,77.0999984741211,-6.199999809265137
10.009778022,77.0999984741211,-6.199999809265137
10.225573539,77.0999984741211,-6.199999809265137
10.374970436,77.0999984741211,-6.199999809265137
10.574166297,77.0999984741211,-6.199999809265137
10.723563194,77.0999984741211,-6.199999809265137
10.922759056,77.0999984741211,-6.199999809265137
11.072155952,77.0999984741211,-6.199999809265137
11.271351814,77.0999984741211,-6.199999809265137
11.370949745,77.0999984741211,-6.199999809265137
11.520346641,77.0999984741211,-6.199999809265137
11.686343193,77.0999984741211,-6.199999809265137
11.885539054,77.0999984741211,-6.199999809265137
12.034935951,77.0999984741211,-6.199999809265137
12.234131813,77.0999984741211,-6.199999809265137
12.383528709,77.0999984741211,-6.199999809265137
12.582724571,77.0999984741211,-6.199999809265137
12.732121467,77.0999984741211,-6.199999809265137
12.881518363,77.0999984741211,-6.199999809265137
13.080714225,77.0999984741211,-6.199999809265137
13.230111122,77.0999984741211,-6.199999809265137
13.396107673,77.0999984741211,-6.199999809265137
13.595303535,77.0999984741211,-6.199999809265137
13.744700431,77.0999984741211,-6.199999809265137
13.943896293,77.0999984741211,-6.199999809265137
14.093293190,77.0999984741211,-6.199999809265137
14.292489051,77.0999984741211,-6.199999809265137
14.441885948,77.0999984741211,-6.199999809265137
14.641081809,77.0999984741211,-6.199999809265137
14.790478706,77.0999984741211,-6.199999809265137
15.006274223,77.0999984741211,-6.199999809265137
15.155671119,77.0999984741211,-6.199999809265137
15.354866981,77.0999984741211,-6.199999809265137
15.504263877,77.0999984741211,-6.199999809265137
15.703459739,77.0999984741211,-6.199999809265137
15.852856636,77.0999984741211,-6.199999809265137
16.002254486,77.0999984741211,-6.199999809265137
16.201450347,77.0999984741211,-6.199999809265137
16.350847244,77.0999984741211,-6.199999809265137
16.550043106,77.0999984741211,-6.199999809265137
16.716039657,77.0999984741211,-6.199999809265137
16.865436553,77.0999984741211,-6.199999809265137
17.014833450,77.0999984741211,-6.199999809265137
17.214029312,77.0999984741211,-6.199999809265137
17.363426208,77.0999984741211,-6.199999809265137
17.512823104,77.0999984741211,-6.199999809265137
17.712018966,77.0999984741211,-6.199999809265137
17.861415863,77.0999984741211,-6.199999809265137
18.060611724,77.0999984741211,-6.199999809265137
18.210008621,77.0999984741211,-6.199999809265137
18.376005172,77.0999984741211,-6.199999809265137
18.525402069,77.0999984741211,-6.199999809265137
18.674798965,77.0999984741211,-6.199999809265137
18.873994827,77.0999984741211,-6.199999809265137
19.023391723,77.0999984741211,-6.199999809265137
19.222587585,77.0999984741211,-6.199999809265137
19.371984481,77.0999984741211,-6.199999809265137
19.521381378,77.0999984741211,-6.199999809265137
19.670778274,77.0999984741211,-6.199999809265137
19.820175170,77.0999984741211,-6.199999809265137
19.986171722,77.0999984741211,-6.199999809265137
20.185367584,77.0999984741211,-6.199999809265137
20.334764480,77.0999984741211,-6.199999809265137
20.484161376,77.0999984741211,-6.199999809265137
20.683357238,77.0999984741211,-6.199999809265137
20.832754135,77.0999984741211,-6.199999809265137
20.982151031,77.0999984741211,-6.199999809265137
21.181346893,77.0999984741211,-6.199999809265137
21.330743789,77.0999984741211,-6.199999809265137
21.480140686,77.0999984741211,-6.199999809265137
21.629537582,77.0999984741211,-6.199999809265137
21.795534133,77.0999984741211,-6.199999809265137
21.994729995,77.0999984741211,-6.199999809265137
22.144126892,77.0999984741211,-6.199999809265137
22.293523788,77.0999984741211,-6.199999809265137
22.393121719,77.0999984741211,-6.199999809265137
22.542518615,77.0999984741211,-6.199999809265137
22.741714477,77.0999984741211,-6.199999809265137
22.891111373,77.0999984741211,-6.199999809265137
23.040508270,77.0999984741211,-6.199999809265137
23.189905166,77.0999984741211,-6.199999809265137
23.405700683,77.0999984741211,-6.199999809265137
23.555097579,77.0999984741211,-6.199999809265137
23.704494476,77.0999984741211,-6.199999809265137
23.853891372,77.0999984741211,-6.199999809265137
24.053087234,77.0999984741211,-6.199999809265137
24.202484130,77.0999984741211,-6.199999809265137
24.351881027,77.0999984741211,-6.199999809265137
24.551076889,77.0999984741211,-6.199999809265137
24.700473785,77.0999984741211,-6.199999809265137
24.849870681,77.0999984741211,-6.199999809265137
25.015867233,77.0999984741211,-6.199999809265137
25.215063095,77.0999984741211,-6.199999809265137
25.364459991,77.0999984741211,-6.199999809265137
25.513856887,77.0999984741211,-6.199999809265137
25.713052749,77.0999984741211,-6.199999809265137
25.862449645,77.0999984741211,-6.199999809265137
26.011846542,77.0999984741211,-6.199999809265137
26.211042404,77.0999984741211,-6.199999809265137
26.360439300,77.0999984741211,-6.199999809265137
26.509836196,77.0999984741211,-6.199999809265137
26.675832748,77.0999984741211,-6.199999809265137
26.875028610,77.0999984741211,-6.199999809265137
27.024425506,77.0999984741211,-6.199999809265137
27.173822402,77.0999984741211,-6.199999809265137
27.323219299,77.0999984741211,-6.199999809265137
27.522415161,77.0999984741211,-6.199999809265137
27.671812057,77.0999984741211,-6.199999809265137
27.821208953,77.0999984741211,-6.199999809265137
27.970605850,77.0999984741211,-6.199999809265137
28.169801712,77.0999984741211,-6.199999809265137
28.335798263,77.0999984741211,-6.199999809265137
28.485195159,77.0999984741211,-6.199999809265137
28.684391021,77.0999984741211,-6.199999809265137
28.833787918,77.0999984741211,-6.199999809265137
28.983184814,77.0999984741211,-6.199999809265137
29.182380676,77.0999984741211,-6.199999809265137
29.331777572,77.0999984741211,-6.199999809265137
29.481174468,77.0999984741211,-6.199999809265137
29.680370330,77.0999984741211,-6.199999809265137
29.846366882,77.0999984741211,-6.199999809265137
29.995763778,77.0999984741211,-6.199999809265137
30.194959640,77.0999984741211,-6.199999809265137
30.344356536,77.0999984741211,-6.199999809265137
30.493753433,77.0999984741211,-6.199999809265137
30.643150329,77.0999984741211,-6.199999809265137
30.842346191,77.0999984741211,-6.199999809265137
30.991743087,77.0999984741211,-6.199999809265137
31.141139984,77.0999984741211,-6.199999809265137
31.340335845,77.0999984741211,-6.199999809265137
31.489732742,77.0999984741211,-6.199999809265137
31.655729293,77.0999984741211,-6.199999809265137
31.854925155,77.0999984741211,-6.199999809265137
32.004322052,77.0999984741211,-6.199999809265137
32.153736114,77.0999984741211,-6.199999809265137
32.303150177,77.0999984741211,-6.199999809265137
32.502368927,77.0999984741211,-6.199999809265137
32.651782989,77.0999984741211,-6.199999809265137
32.801197052,77.0999984741211,-6.199999809265137
32.950611114,77.0999984741211,-6.199999809265137
33.149829864,77.0999984741211,-6.199999809265137
33.315845489,77.0999984741211,-6.199999809265137
33.465259552,77.0999984741211,-6.199999809265137
33.614673614,77.0999984741211,-6.199999809265137
33.813892364,77.0999984741211,-6.199999809265137
33.963306427,77.0999984741211,-6.199999809265137
34.112720489,77.0999984741211,-6.199999809265137
34.311939239,77.0999984741211,-6.199999809265137
34.461353302,77.0999984741211,-6.199999809265137
34.610767364,77.0999984741211,-6.199999809265137
34.809986114,77.0999984741211,-6.199999809265137
34.926197052,77.0999984741211,-6.199999809265137
35.125415802,77.0999984741211,-6.199999809265137
35.274829864,77.0999984741211,-6.199999809265137
35.424243927,77.0999984741211,-6.199999809265137
35.623462677,77.0999984741211,-6.199999809265137
35.772876739,77.0999984741211,-6.199999809265137
35.922290802,77.0999984741211,-6.199999809265137
36.071704864,77.0999984741211,-6.199999809265137
36.270923614,77.0999984741211,-6.199999809265137
36.420337677,77.0999984741211,-6.199999809265137
36.586353302,77.0999984741211,-6.199999809265137
36.735767364,77.0999984741211,-6.199999809265137
36.885181427,77.0999984741211,-6.199999809265137
37.084400177,77.0999984741211,-6.199999809265137
37.233814239,77.0999984741211,-6.199999809265137
37.383228302,77.0999984741211,-6.199999809265137
37.582447052,77.0999984741211,-6.199999809265137
37.731861114,77.0999984741211,-6.199999809265137
37.881275177,77.0999984741211,-6.199999809265137
38.080493927,77.0999984741211,-6.199999809265137
38.229907989,77.0999984741211,-6.199999809265137
38.395923614,77.0999984741211,-6.199999809265137
38.545337677,77.0999984741211,-6.199999809265137
38.744556427,77.0999984741211,-6.199999809265137
38.893970489,77.0999984741211,-6.199999809265137
39.043384552,77.0999984741211,-6.199999809265137
39.242603302,77.0999984741211,-6.199999809265137
39.392017364,77.0999984741211,-6.199999809265137
39.541431427,77.0999984741211,-6.199999809265137
39.740650177,77.0999984741211,-6.199999809265137
39.840259552,77.0999984741211,-6.199999809265137
40.006275177,77.0999984741211,-6.199999809265137
40.155689239,77.0999984741211,-6.199999809265137
40.305103302,77.0999984741211,-6.199999809265137
40.454517364,77.0999984741211,-6.199999809265137
40.653736114,77.0999984741211,-6.199999809265137
40.803150177,77.0999984741211,-6.199999809265137
40.952564239,77.0999984741211,-6.199999809265137
41.101978302,77.0999984741211,-6.199999809265137
41.301197052,77.0999984741211,-6.199999809265137
41.450611114,77.0999984741211,-6.199999809265137
41.600025177,77.0999984741211,-6.199999809265137
41.766040802,77.0999984741211,-6.199999809265137
41.965259552,77.0999984741211,-6.199999809265137
42.114673614,77.0999984741211,-6.199999809265137
42.264087677,77.0999984741211,-6.199999809265137
42.463306427,77.0999984741211,-6.199999809265137
42.612720489,77.0999984741211,-6.199999809265137
42.762134552,77.0999984741211,-6.199999809265137
42.911548614,77.0999984741211,-6.199999809265137
43.110767364,77.0999984741211,-6.199999809265137
43.260181427,77.0999984741211,-6.199999809265137
43.426197052,77.0999984741211,-6.199999809265137
43.575611114,77.0999984741211,-6.199999809265137
43.725025177,77.0999984741211,-6.199999809265137
43.924243927,77.0999984741211,-6.199999809265137
44.073657989,77.0999984741211,-6.199999809265137
44.223072052,77.0999984741211,-6.199999809265137
44.372486114,77.0999984741211,-6.199999809265137
44.571704864,77.0999984741211,-6.199999809265137
44.721118927,77.0999984741211,-6.199999809265137
44.870532989,77.0999984741211,-6.199999809265137
45.019947052,77.0999984741211,-6.199999809265137
45.185962677,77.0999984741211,-6.199999809265137
45.335376739,77.0999984741211,-6.199999809265137
45.534595489,77.0999984741211,-6.199999809265137
45.684009552,77.0999984741211,-6.199999809265137
45.833423614,77.0999984741211,-6.199999809265137
46.032642364,77.0999984741211,-6.199999809265137
46.182056427,77.0999984741211,-6.199999809265137
46.331470489,77.0999984741211,-6.199999809265137
46.530689239,77.0999984741211,-6.199999809265137
46.680103302,77.0999984741211,-6.199999809265137
46.846118927,77.0999984741211,-6.199999809265137
46.995532989,77.0999984741211,-6.199999809265137
47.144947052,77.0999984741211,-6.199999809265137
47.344165802,77.0999984741211,-6.199999809265137
47.493579864,77.0999984741211,-6.199999809265137
47.642993927,77.0999984741211,-6.199999809265137
47.842212677,77.0999984741211,-6.199999809265137
47.991626739,77.0999984741211,-6.199999809265137
48.141040802,77.0999984741211,-6.199999809265137
48.290454864,77.0999984741211,-6.199999809265137
48.456470489,77.0999984741211,-6.199999809265137
48.655689239,77.0999984741211,-6.199999809265137
48.805103302,77.0999984741211,-6.199999809265137
48.954517364,77.0999984741211,-6.199999809265137
49.103931427,77.0999984741211,-6.199999809265137
49.303150177,77.0999984741211,-6.199999809265137
49.452564239,77.0999984741211,-6.199999809265137
49.601978302,77.0999984741211,-6.199999809265137
49.751392364,77.0999984741211,-6.199999809265137
49.950611114,77.0999984741211,-6.199999809265137
50.100025177,77.0999984741211,-6.199999809265137
50.266040802,77.0999984741211,-6.199999809265137
50.415454864,77.0999984741211,-6.199999809265137
50.564868927,77.0999984741211,-6.199999809265137
50.764087677,77.0999984741211,-6.199999809265137
50.913501739,77.0999984741211,-6.199999809265137
51.062915802,77.0999984741211,-6.199999809265137
51.212329864,77.0999984741211,-6.199999809265137
51.411548614,77.0999984741211,-6.199999809265137
51.560962677,77.0999984741211,-6.199999809265137
51.710376739,77.0999984741211,-6.199999809265137
51.876392364,77.0999984741211,-6.199999809265137
52.025806427,77.0999984741211,-6.199999809265137
52.175220489,77.0999984741211,-6.199999809265137
52.374439239,77.0999984741211,-6.199999809265137
52.523853302,77.0999984741211,-6.199999809265137
52.673267364,77.0999984741211,-6.199999809265137
52.872486114,77.0999984741211,-6.199999809265137
53.021900177,77.0999984741211,-6.199999809265137
53.171314239,77.0999984741211,-6.199999809265137
53.320728302,77.0999984741211,-6.199999809265137
53.470142364,77.0999984741211,-6.199999809265137
53.685962677,77.0999984741211,-6.199999809265137
53.835376739,77.0999984741211,-6.199999809265137
53.984790802,77.0999984741211,-6.199999809265137
54.134204864,77.0999984741211,-6.199999809265137
54.333423614,77.0999984741211,-6.199999809265137
54.482837677,77.0999984741211,-6.199999809265137
54.632251739,77.0999984741211,-6.199999809265137
54.831470489,76.91165924072266,-6.230977535247803
55.030689239,76.6832046508789,-6.145256519317627
55.180103302,76.55427551269531,-5.989080905914307
55.395923614,76.4642562866211,-5.752952575683594
55.595142364,76.3810806274414,-5.512535572052002
55.794361114,76.26599884033203,-5.290441513061523
55.993579864,76.11572265625,-5.092145919799805
56.192798614,76.0605697631836,-5.031463623046875
56.392017364,76.0605697631836,-5.031463623046875
56.591236114,76.0605697631836,-5.031463623046875
56.790454864,76.0605697631836,-5.031463623046875
57.006275177,76.0605697631836,-5.031463623046875
57.205493927,76.0605697631836,-5.031463623046875
57.305103302,76.04920959472656,-5.026756763458252
57.504322052,75.80792999267578,-5.022977352142334
57.703540802,75.5982666015625,-5.158291339874268
57.852954864,75.51302337646484,-5.31156063079834
58.002368927,75.4800796508789,-5.516310214996338
58.151782989,75.47429656982422,-5.696848392486572
58.301197052,75.45996856689453,-5.904294013977051
58.500415802,75.40982818603516,-6.154963493347168
58.649829864,75.34955596923828,-6.326555252075195
58.815845489,75.25720977783203,-6.503592014312744
58.965259552,75.14544677734375,-6.678956508636475
59.164478302,74.9952392578125,-6.891161918640137
59.313892364,74.891357421875,-7.03726053237915
59.513111114,74.74404907226562,-7.248170852661133
59.662525177,74.62394714355469,-7.417995929718018
59.861743927,74.47683715820312,-7.629040718078613
60.011157989,74.37744140625,-7.776576995849609
60.210376739,74.23400115966797,-7.9934210777282715
60.376392364,74.1214599609375,-8.168336868286133
60.525806427,74.0394287109375,-8.29573917388916
60.725025177,74.0394287109375,-8.29573917388916
60.924243927,74.0394287109375,-8.29573917388916
61.073657989,74.0394287109375,-8.29573917388916
61.272876739,74.0394287109375,-8.29573917388916
61.472095489,73.92687225341797,-8.440725326538086
61.621509552,73.7614974975586,-8.544831275939941
61.820728302,73.50926208496094,-8.555920600891113
62.036548614,73.27570343017578,-8.466962814331055
62.185962677,73.091796875,-8.385519981384277
62.385181427,72.8572998046875,-8.310989379882812
62.584400177,72.60995483398438,-8.273343086242676
62.783618927,72.355712890625,-8.263354301452637
62.982837677,72.09585571289062,-8.271763801574707
63.132251739,71.91679382324219,-8.280219078063965
63.331470489,71.66387939453125,-8.291370391845703
63.530689239,71.40668487548828,-8.296607971191406
63.680103302,71.19873809814453,-8.299858093261719
63.895923614,70.94149017333984,-8.301069259643555
64.095138549,70.68148040771484,-8.29939079284668
64.244552612,70.47347259521484,-8.29804801940918
64.443771362,70.22032928466797,-8.296417236328125
64.642990112,69.9671859741211,-8.29478645324707
64.842208862,69.70993041992188,-8.29460334777832
64.991622924,69.52828216552734,-8.3054780960083
65.190841674,69.27259826660156,-8.333939552307129
65.390060424,69.02322387695312,-8.356847763061523
65.556076049,68.8231201171875,-8.377415657043457
65.705490112,68.62040710449219,-8.409380912780762
65.904708862,68.36557006835938,-8.460922241210938
66.103927612,68.12026977539062,-8.511271476745605
66.253341674,67.94988250732422,-8.54548454284668
66.452560424,67.70342254638672,-8.58981704711914
66.651779174,67.4509506225586,-8.6219482421875
66.801193237,67.24449157714844,-8.647119522094727
67.000411987,66.99153900146484,-8.693365097045898
67.199630737,66.76631164550781,-8.756580352783203
67.365646362,66.54415893554688,-8.830085754394531
67.564865112,66.30194091796875,-8.908211708068848
67.714279174,66.12942504882812,-8.951476097106934
67.913497924,65.87419891357422,-9.001006126403809
68.112716674,65.61885833740234,-9.049970626831055
68.262130737,65.4160385131836,-9.089458465576172
68.461349487,65.16741180419922,-9.143792152404785
68.660568237,64.91578674316406,-9.209236145019531
68.809982299,64.74009704589844,-9.256721496582031
69.025802612,64.46206665039062,-9.32371997833252
69.225021362,64.21385955810547,-9.380114555358887
69.374435424,64.04109954833984,-9.42249584197998
69.573654174,63.79082489013672,-9.481956481933594
69.723068237,63.585609436035156,-9.515567779541016
69.922286987,63.3279914855957,-9.53796672821045
70.121505737,63.076507568359375,-9.550251960754395
70.320724487,62.82340621948242,-9.555387496948242
70.470138549,62.65398025512695,-9.560023307800293
70.685958862,62.62501907348633,-9.56157398223877
70.885177612,62.62501907348633,-9.56157398223877
71.084396362,62.62501907348633,-9.56157398223877
71.283615112,62.62501907348633,-9.56157398223877
71.482833862,62.62501907348633,-9.56157398223877
71.632247924,62.459632873535156,-9.561310768127441
71.831466674,62.215694427490234,-9.514376640319824
72.030685424,61.9753303527832,-9.419278144836426
72.229904174,61.74119186401367,-9.312697410583496
72.346115112,61.6055793762207,-9.253950119018555
72.545333862,61.36382293701172,-9.162247657775879
72.744552612,61.1162223815918,-9.08300495147705
72.943771362,60.866031646728516,-9.012316703796387
73.142990112,60.621978759765625,-8.950432777404785
73.342208862,60.379390716552734,-8.908244132995605
73.491622924,60.204994201660156,-8.892236709594727
73.690841674,59.950592041015625,-8.884915351867676
73.890060424,59.69060134887695,-8.885586738586426
74.105880737,59.404632568359375,-8.888219833374023
74.255294799,59.226749420166016,-8.88985824584961
74.454513549,58.96677780151367,-8.892251968383789
74.653732299,58.7136344909668,-8.894583702087402
74.852951049,58.46322250366211,-8.896890640258789
75.002365112,58.2620735168457,-8.898743629455566
75.201583862,58.00210189819336,-8.901137351989746
75.400802612,57.74622344970703,-8.902711868286133
75.600021362,57.49306106567383,-8.901047706604004
75.766036987,57.291900634765625,-8.899724960327148
75.965255737,57.033260345458984,-8.898026466369629
76.164474487,56.78009796142578,-8.8963623046875
76.363693237,56.52556610107422,-8.894689559936523
76.513107299,56.34355926513672,-8.893494606018066
76.712326049,56.08354949951172,-8.8917875289917
76.911544799,55.833126068115234,-8.890140533447266
77.060958862,55.63470458984375,-8.888834953308105
77.260177612,55.382911682128906,-8.887179374694824
77.475997924,55.122901916503906,-8.885472297668457
77.625411987,54.916263580322266,-8.884115219116211
77.824630737,54.66584014892578,-8.882468223571777
78.023849487,54.405853271484375,-8.884041786193848
78.223068237,54.151344299316406,-8.886385917663574
78.372482299,53.97892379760742,-8.887974739074707
78.571701049,53.728511810302734,-8.890281677246094
78.770919799,53.47673416137695,-8.892601013183594
78.970138549,53.2181282043457,-8.89498233795166
79.136154174,53.01015090942383,-8.896897315979004
79.385177612,52.67628479003906,-8.899971961975098
79.534591674,52.49430465698242,-8.901647567749023
79.733810424,52.23705291748047,-8.902815818786621
79.933029174,51.986629486083984,-8.901168823242188
80.132247924,51.73209762573242,-8.899496078491211
80.331466674,51.47208786010742,-8.897789001464844
80.530685424,51.21481704711914,-8.896099090576172
80.729904174,50.964393615722656,-8.894452095031738
80.945724487,50.683860778808594,-8.892608642578125
81.095138549,50.501853942871094,-8.891413688659668
81.294357299,50.250083923339844,-8.888566970825195
81.493576049,50.12609100341797,-8.882302284240723
81.692794799,50.12609100341797,-8.882302284240723
81.892013549,50.12609100341797,-8.882302284240723
82.091232299,49.910804748535156,-8.877669334411621
82.290451049,49.65359878540039,-8.882792472839355
82.506271362,49.38136672973633,-8.888738632202148
82.705490112,49.12143325805664,-8.894412994384766
82.904708862,48.865577697753906,-8.898818969726562
83.103927612,48.6124153137207,-8.899553298950195
83.303146362,48.35788345336914,-8.900291442871094
83.502365112,48.09787368774414,-8.901044845581055
83.701583862,47.8460807800293,-8.901775360107422
83.850997924,47.669551849365234,-8.902287483215332
84.050216674,47.41775894165039,-8.9030179977417
84.266036987,47.13448715209961,-8.903839111328125
84.465255737,46.882694244384766,-8.904491424560547
84.664474487,46.63227081298828,-8.902922630310059
84.863693237,46.37226104736328,-8.901215553283691
85.062911987,46.11225128173828,-8.899508476257324
85.262130737,45.86045837402344,-8.897852897644043
85.461349487,45.608665466308594,-8.896197319030762
85.660568237,45.35002517700195,-8.894498825073242
85.809982299,45.16801834106445,-8.893303871154785
86.025802612,44.88474655151367,-8.891443252563477
86.225021362,44.62747573852539,-8.889753341674805
86.424240112,44.37157440185547,-8.88807201385498
86.623458862,44.119781494140625,-8.8864164352417
86.822677612,43.86524963378906,-8.884743690490723
87.021896362,43.60797882080078,-8.88305377960205
87.221115112,43.35207748413086,-8.883359909057617
87.420333862,43.10029983520508,-8.885679244995117
87.636154174,42.84988784790039,-8.887986183166504
87.835372924,42.61491012573242,-8.890149116516113
88.034591674,42.61191177368164,-8.890177726745605
88.233810424,42.61191177368164,-8.890177726745605
88.433029174,42.61191177368164,-8.890177726745605
88.632247924,42.61191177368164,-8.890177726745605
88.831466674,42.61191177368164,-8.890177726745605
89.030685424,42.383663177490234,-8.892279624938965
89.229904174,42.1269645690918,-8.907885551452637
89.395919799,41.923583984375,-8.935211181640625
89.595138549,41.672542572021484,-8.99100399017334
89.694747924,41.548606872558594,-9.025433540344238
89.893966674,41.30671691894531,-9.095297813415527
90.093185424,41.06230163574219,-9.166302680969238
90.292404174,40.81605911254883,-9.24077320098877
90.491622924,40.57021713256836,-9.325333595275879
90.690841674,40.332122802734375,-9.415297508239746
90.890060424,40.09339904785156,-9.499463081359863
91.056076049,39.9003791809082,-9.556076049804688
91.255294799,39.649169921875,-9.623072624206543
91.454513549,39.39631271362305,-9.683550834655762
91.653732299,39.14482116699219,-9.737700462341309
91.852951049,38.894203186035156,-9.795740127563477
92.052169799,38.64518356323242,-9.860304832458496
92.251388549,38.403629302978516,-9.940229415893555
92.450607299,38.1675910949707,-10.048760414123535
92.649826049,37.95654296875,-10.195205688476562
92.815841674,37.88680648803711,-10.258957862854004
93.015060424,37.88680648803711,-10.258957862854004
93.214279174,37.88680648803711,-10.258957862854004
93.413497924,37.88680648803711,-10.258957862854004
93.612716674,37.88680648803711,-10.258957862854004
93.811935424,37.740657806396484,-10.41983699798584
94.011154174,37.59014892578125,-10.624978065490723
94.160568237,37.48046875,-10.79847240447998
94.309982299,37.382781982421875,-10.952038764953613
94.525802612,37.22356033325195,-11.189557075500488
94.725021362,37.07118606567383,-11.400213241577148
94.874435424,37.03053665161133,-11.45534896850586
95.073654174,37.03053665161133,-11.45534896850586
95.272872924,37.03053665161133,-11.45534896850586
95.472091674,37.02313232421875,-11.465418815612793
95.621505737,36.93253707885742,-11.612692832946777
95.820724487,36.87443542480469,-11.861536026000977
95.970138549,36.882476806640625,-12.036324501037598
96.136154174,36.917850494384766,-12.239839553833008
96.285568237,36.96253204345703,-12.438772201538086
96.484786987,37.006797790527344,-12.64404296875
96.634201049,37.006996154785156,-12.64502239227295
96.783615112,37.006996154785156,-12.64502239227295
96.933029174,37.006996154785156,-12.64502239227295
97.132247924,37.006996154785156,-12.64502239227295
97.281661987,37.029903411865234,-12.809773445129395
97.480880737,36.97742462158203,-13.051308631896973
97.630294799,36.86164093017578,-13.186641693115234
97.846115112,36.60465621948242,-13.306818008422852
98.045333862,36.35149383544922,-13.352170944213867
98.244552612,36.10173797607422,-13.407047271728516
98.443771362,35.872127532958984,-13.499245643615723
98.642990112,35.65330123901367,-13.636303901672363
98.792404174,35.512901306152344,-13.752073287963867
98.991622924,35.32532501220703,-13.924099922180176
99.190841674,35.14027404785156,-14.094841957092285
99.390060424,34.94908905029297,-14.266975402832031
99.556076049,34.79004669189453,-14.40100383758545
99.755294799,34.58684158325195,-14.563187599182129
99.954513549,34.380001068115234,-14.720715522766113
100.153732299,34.17655563354492,-14.873658180236816
100.303146362,34.014610290527344,-14.997540473937988
100.502365112,33.807273864746094,-15.154415130615234
100.701583862,33.5987548828125,-15.30971622467041
100.900802612,33.391571044921875,-15.45988655090332
101.100021362,33.36772918701172,-15.478092193603516
101.266036987,33.36772918701172,-15.478092193603516
101.465255737,33.36772918701172,-15.478092193603516
101.664474487,33.36772918701172,-15.478092193603516
101.863693237,33.36772918701172,-15.478092193603516
102.062911987,33.219154357910156,-15.619039535522461
102.212326049,33.14427947998047,-15.768613815307617
102.411544799,33.14047622680664,-16.02585792541504
102.560958862,33.19813537597656,-16.214155197143555
102.710372924,33.26200866699219,-16.380178451538086
102.876388549,33.334476470947266,-16.573657989501953
103.025802612,33.39193344116211,-16.773462295532227
103.225021362,33.427860260009766,-17.01968002319336
103.374435424,33.435890197753906,-17.191883087158203
103.523849487,33.431358337402344,-17.395694732666016
103.723068237,33.415245056152344,-17.6538143157959
103.872482299,33.40087890625,-17.83386993408203
104.071701049,33.38288497924805,-18.087751388549805
104.221115112,33.374183654785156,-18.288715362548828
104.370529174,33.37066650390625,-18.463838577270508
104.536544799,33.367889404296875,-18.671815872192383
104.735763549,33.36494064331055,-18.92905616760254
104.885177612,33.36478805541992,-19.13157844543457
105.084396362,33.36459732055664,-19.390201568603516
105.233810424,33.364463806152344,-19.572195053100586
105.383224487,33.36431121826172,-19.774717330932617
105.532638549,33.36417770385742,-19.952608108520508
105.731857299,33.36398696899414,-20.207128524780273
105.881271362,33.363834381103516,-20.41512107849121
106.080490112,33.36195755004883,-20.672367095947266
106.229904174,33.356353759765625,-20.8460636138916
106.395919799,33.346412658691406,-21.044231414794922
106.545333862,33.33313751220703,-21.251811981201172
106.744552612,33.319602966308594,-21.508710861206055
106.893966674,33.3142204284668,-21.685157775878906
107.093185424,33.30857849121094,-21.9368839263916
107.142990112,33.30773162841797,-22.012142181396484
107.342208862,33.3000373840332,-22.2692813873291
107.491622924,33.290714263916016,-22.451040267944336
107.641036987,33.2784309387207,-22.653188705444336
107.840255737,33.26339340209961,-22.904523849487305
108.006271362,33.25523376464844,-23.106882095336914
108.155685424,33.249271392822266,-23.288782119750977
108.354904174,33.23426818847656,-23.542856216430664
108.504318237,33.21983337402344,-23.7393741607666
108.653732299,33.207237243652344,-23.91407585144043
108.852951049,33.19456481933594,-24.169647216796875
109.002365112,33.185546875,-24.3774471282959
109.201583862,33.16875076293945,-24.6341552734375
109.350997924,33.15602111816406,-24.80747413635254
109.500411987,33.142181396484375,-25.006778717041016
109.649826049,33.13356399536133,-25.185832977294922
109.865646362,33.122074127197266,-25.470224380493164
110.015060424,33.11052322387695,-25.644996643066406
110.214279174,33.093448638916016,-25.893461227416992
110.363693237,33.080753326416016,-26.099702835083008
110.562911987,33.07112121582031,-26.359516143798828
110.712326049,33.066307067871094,-26.54145050048828
110.911544799,33.05302429199219,-26.79288101196289
111.060958862,33.03929138183594,-26.997684478759766
111.210372924,33.02719497680664,-27.179283142089844
111.409591674,33.015106201171875,-27.43899154663086
111.575607299,33.00907516479492,-27.645540237426758
111.725021362,33.000099182128906,-27.851972579956055
111.924240112,32.987159729003906,-28.111621856689453
112.073654174,32.99000930786133,-28.289472579956055
112.272872924,33.000205993652344,-28.54241943359375
112.422286987,33.00865936279297,-28.750244140625
112.621505737,33.01142501831055,-29.010164260864258
112.770919799,33.00578308105469,-29.18659782409668
112.920333862,32.99649429321289,-29.358396530151367
113.086349487,32.99649429321289,-29.358396530151367
113.285568237,32.99649429321289,-29.358396530151367
113.434982299,32.99649429321289,-29.358396530151367
113.634201049,32.99649429321289,-29.358396530151367
113.783615112,32.978450775146484,-29.536449432373047
113.982833862,32.93897247314453,-29.790639877319336
114.132247924,32.901859283447266,-29.968782424926758
114.331466674,32.83091354370117,-30.2188720703125
114.530685424,32.754905700683594,-30.458913803100586
114.680099487,32.692604064941406,-30.6516170501709
114.895919799,32.61362838745117,-30.893577575683594
115.045333862,32.5509033203125,-31.084705352783203
115.244552612,32.472686767578125,-31.32403564453125
115.443771362,32.39464569091797,-31.569175720214844
115.642990112,32.30208206176758,-31.8060245513916
115.792404174,32.209678649902344,-31.956037521362305
115.991622924,32.018802642822266,-32.12238311767578
116.190841674,31.780046463012695,-32.214473724365234
116.390060424,31.529090881347656,-32.21875
116.556076049,31.33196449279785,-32.187049865722656
116.755294799,31.093908309936523,-32.11933135986328
116.954513549,31.018327713012695,-32.08760452270508
117.153732299,31.018327713012695,-32.08760452270508
117.352951049,31.018327713012695,-32.08760452270508
117.552169799,31.018327713012695,-32.08760452270508
117.751388549,31.01725196838379,-32.08509063720703
117.950607299,31.018543243408203,-32.07290267944336
118.100021362,31.04717254638672,-32.02998733520508
118.315841674,31.2291316986084,-31.92626953125
118.465255737,31.43572998046875,-31.913246154785156
118.614669799,31.611976623535156,-31.945083618164062
118.813888549,31.85761833190918,-32.01661682128906
118.963302612,32.05681610107422,-32.07645034790039
119.112716674,32.23367691040039,-32.119239807128906
119.262130737,32.434696197509766,-32.1530647277832
119.411544799,32.61310577392578,-32.17018508911133
119.610763549,32.86477279663086,-32.17400360107422
119.760177612,33.07257843017578,-32.165218353271484
119.926193237,33.280372619628906,-32.156185150146484
120.075607299,33.456764221191406,-32.14932632446289
120.225021362,33.6619873046875,-32.14542770385742
120.424240112,33.921958923339844,-32.141536712646484
120.573654174,34.099849700927734,-32.13983917236328
120.723068237,34.29964065551758,-32.13872528076172
120.872482299,34.4775390625,-32.137733459472656
121.071701049,34.73207092285156,-32.136314392089844
121.221115112,34.94007873535156,-32.135894775390625
121.370529174,35.1207160949707,-32.13602828979492
121.536544799,35.32050704956055,-32.13618087768555
121.685958862,35.52303695678711,-32.13633346557617
121.885177612,35.78304672241211,-32.13652420043945
122.034591674,35.96231460571289,-32.13665771484375
122.233810424,36.211368560791016,-32.13684844970703
122.383224487,36.41389846801758,-32.137001037597656
122.532638549,36.59316635131836,-32.13713455200195
122.731857299,36.85317611694336,-32.137325286865234
122.881271362,37.059814453125,-32.13747787475586
123.030685424,37.23634338378906,-32.137611389160156
123.229904174,37.493614196777344,-32.13780212402344
123.395919799,37.701622009277344,-32.13795471191406
123.545333862,37.89867401123047,-32.13810729980469
123.694747924,38.07520294189453,-32.138240814208984
123.893966674,38.33384323120117,-32.13851547241211
124.043380737,38.54170608520508,-32.145729064941406
124.192794799,38.723365783691406,-32.156776428222656
124.342208862,38.921146392822266,-32.17271041870117
124.491622924,39.098426818847656,-32.18742752075195
124.641036987,39.30175018310547,-32.202598571777344
124.790451049,39.4835090637207,-32.2119255065918
124.956466674,39.69143295288086,-32.21553039550781
125.155685424,39.92454528808594,-32.189002990722656
125.305099487,39.926483154296875,-32.188507080078125
125.504318237,39.926483154296875,-32.188507080078125
125.653732299,39.926483154296875,-32.188507080078125
125.852951049,39.926483154296875,-32.188507080078125
126.002365112,39.926483154296875,-32.188507080078125
126.151779174,39.926483154296875,-32.188507080078125
126.350997924,39.926483154296875,-32.188507080078125
126.500411987,39.9245491027832,-32.19926071166992
126.699630737,39.8857307434082,-32.244659423828125
126.865646362,39.679962158203125,-32.351287841796875
127.064865112,39.42986297607422,-32.36503219604492
127.264083862,39.18415832519531,-32.31808090209961
127.463302612,38.939903259277344,-32.24654006958008
127.662521362,38.68678665161133,-32.18753433227539
127.861740112,38.429222106933594,-32.152713775634766
128.060958862,38.173614501953125,-32.142513275146484
128.260177612,37.92485427856445,-32.15385818481445
128.475997924,37.66534423828125,-32.169761657714844
128.675216674,37.4136962890625,-32.17799377441406
128.874435424,37.16327667236328,-32.179080963134766
129.073654174,36.90463638305664,-32.17900466918945
129.223068237,36.69662857055664,-32.1789436340332
129.422286987,36.44072723388672,-32.17886734008789
129.621505737,36.190303802490234,-32.17879104614258
129.820724487,35.93440246582031,-32.178714752197266
130.036544799,35.67439270019531,-32.17863845825195
130.235763549,35.41849136352539,-32.17856216430664
130.385177612,35.21048355102539,-32.17850112915039
130.584396362,34.95047378540039,-32.17842483520508
130.783615112,34.69731140136719,-32.178348541259766
131.032638549,34.393516540527344,-32.17825698852539
131.182052612,34.185508728027344,-32.17819595336914
131.381271362,33.9268684387207,-32.17811965942383
131.580490112,33.67233657836914,-32.178043365478516
131.796310424,33.41917419433594,-32.1779670715332
131.995529174,33.1605339050293,-32.17789077758789
132.194747924,32.91011047363281,-32.17781448364258
132.344161987,32.70484161376953,-32.17775344848633
132.543380737,32.44894027709961,-32.177677154541016
132.742599487,32.18893051147461,-32.1776008605957
132.941818237,31.935771942138672,-32.17752456665039
133.141036987,31.682619094848633,-32.17744827270508
133.340255737,31.42262840270996,-32.177371978759766
133.556076049,31.16263771057129,-32.17729568481445
133.755294799,30.90538215637207,-32.17721939086914
133.904708862,30.697389602661133,-32.17715835571289
134.103927612,30.44970703125,-32.17708206176758
134.303146362,30.199289321899414,-32.177005767822266
134.502365112,29.94476890563965,-32.17692947387695
134.701583862,29.68751335144043,-32.17685317993164
134.900802612,29.431625366210938,-32.17677688598633
135.100021362,29.1784725189209,-32.176700592041016
135.315841674,28.92531967163086,-32.1766242980957
135.465255737,28.717327117919922,-32.17656326293945
135.664474487,28.46143913269043,-32.17648696899414
135.863693237,28.211021423339844,-32.17641067504883
136.062911987,27.953765869140625,-32.176334381103516
136.262130737,27.693775177001953,-32.1762580871582
136.461349487,27.443357467651367,-32.17618179321289
136.660568237,27.191572189331055,-32.17610549926758
136.809982299,27.01094627380371,-32.17605209350586
137.025802612,26.727691650390625,-32.175968170166016
137.225021362,26.47317123413086,-32.1758918762207
137.424240112,26.218650817871094,-32.17581558227539
137.623458862,25.958660125732422,-32.17573928833008
137.822677612,25.70687484741211,-32.175662994384766
138.021896362,25.459192276000977,-32.17558670043945
138.221115112,25.20467185974121,-32.17551040649414
138.420333862,24.946048736572266,-32.17543411254883
138.586349487,24.738056182861328,-32.17537307739258
138.785568237,24.48490333557129,-32.175296783447266
138.984786987,24.224912643432617,-32.17522048950195
139.184005737,23.969024658203125,-32.17514419555664
139.383224487,23.719974517822266,-32.17506790161133
139.582443237,23.4654541015625,-32.174991607666016
139.781661987,23.20819854736328,-32.1749153137207
139.980880737,22.95231056213379,-32.17483901977539
140.180099487,22.700525283813477,-32.17476272583008
140.395919799,22.447372436523438,-32.174686431884766
140.595138549,22.187381744384766,-32.17461013793945
140.794357299,21.932861328125,-32.17453384399414
140.943771362,21.731706619262695,-32.17447280883789
141.142990112,21.47308349609375,-32.17439651489258
141.342208862,21.213092803955078,-32.174320220947266
141.541427612,20.958572387695312,-32.17424392700195
141.740646362,20.706787109375,-32.17416763305664
141.956466674,20.450899124145508,-32.17409133911133
142.056076049,20.320903778076172,-32.17405319213867
142.255294799,20.071853637695312,-32.17397689819336
142.454513549,19.817333221435547,-32.17390060424805
142.653732299,19.557342529296875,-32.173824310302734
142.852951049,19.297351837158203,-32.17374801635742
143.002365112,19.100299835205078,-32.17368698120117
143.201583862,18.84714698791504,-32.17361068725586
143.400802612,18.592626571655273,-32.17353439331055
143.600021362,18.3326358795166,-32.173458099365234
143.815841674,18.079483032226562,-32.17338180541992
143.965255737,17.871490478515625,-32.17332077026367
144.164474487,17.611499786376953,-32.17324447631836
144.363693237,17.35561180114746,-32.17316818237305
144.562911987,17.10382652282715,-32.173091888427734
144.762130737,16.843835830688477,-32.17301559448242
144.961349487,16.587947845458984,-32.17293930053711
145.110763549,16.414159774780273,-32.17288589477539
145.309982299,16.165109634399414,-32.17280960083008
145.525802612,15.8845853805542,-32.172725677490234
145.725021362,15.628690719604492,-32.17264938354492
145.924240112,15.381007194519043,-32.17257308959961
146.123458862,15.356743812561035,-32.17256546020508
146.322677612,15.356743812561035,-32.17256546020508
146.521896362,15.356743812561035,-32.17256546020508
146.721115112,15.356743812561035,-32.17256546020508
146.920333862,15.356743812561035,-32.17256546020508
147.086349487,15.165263175964355,-32.17022705078125
147.335372924,14.859034538269043,-32.15712356567383
147.484786987,14.655618667602539,-32.143150329589844
147.684005737,14.401678085327148,-32.12590789794922
147.883224487,14.141927719116211,-32.1147575378418
148.132247924,13.838177680969238,-32.11001968383789
148.281661987,13.641140937805176,-32.107486724853516
148.480880737,13.382524490356445,-32.104637145996094
148.680099487,13.122537612915039,-32.107017517089844
148.879318237,12.888554573059082,-32.109901428222656
149.045333862,12.660045623779297,-32.112709045410156
149.244552612,12.401432991027832,-32.11589431762695
149.443771362,12.14418888092041,-32.11906051635742
149.642990112,11.900805473327637,-32.12102508544922
149.842208862,11.896803855895996,-32.121009826660156
150.041427612,11.67091178894043,-32.119991302490234
150.240646362,11.419224739074707,-32.11318588256836
150.456466674,11.169244766235352,-32.09849548339844
150.655685424,10.914249420166016,-32.077110290527344
150.854904174,10.659074783325195,-32.0579719543457
151.054122924,10.403725624084473,-32.027488708496094
151.253341674,10.154605865478516,-31.95496940612793
151.452560424,9.942880630493164,-31.830486297607422
151.651779174,9.76329231262207,-31.652772903442383
151.850997924,9.613978385925293,-31.44512367248535
152.050216674,9.483779907226562,-31.220184326171875
152.216232299,9.391141891479492,-31.033960342407227
152.415451049,9.282002449035645,-30.797988891601562
152.614669799,9.180360794067383,-30.558691024780273
152.813888549,9.08402156829834,-30.317201614379883
153.013107299,9.068211555480957,-30.27775001525879
153.212326049,9.068211555480957,-30.27775001525879
153.411544799,9.068211555480957,-30.27775001525879
153.610763549,9.068211555480957,-30.27775001525879
153.809982299,9.068211555480957,-30.27775001525879
154.025802612,9.068211555480957,-30.27775001525879
154.225021362,9.068211555480957,-30.27775001525879
154.424240112,9.068211555480957,-30.27775001525879
154.623458862,9.068211555480957,-30.27775001525879
154.822677612,9.068211555480957,-30.27775001525879
155.021896362,9.068211555480957,-30.27775001525879
155.221115112,9.068211555480957,-30.27775001525879
155.420333862,9.068211555480957,-30.27775001525879
155.636154174,9.068211555480957,-30.27775001525879
155.835372924,9.068211555480957,-30.27775001525879
156.034591674,9.068211555480957,-30.27775001525879
156.233810424,9.068211555480957,-30.27775001525879
156.433029174,9.068211555480957,-30.27775001525879
156.682052612,9.068211555480957,-30.27775001525879
156.831466674,9.068211555480957,-30.27775001525879
157.080490112,9.068211555480957,-30.27775001525879
157.229904174,9.068211555480957,-30.27775001525879
157.445724487,9.068211555480957,-30.27775001525879
157.694747924,9.068211555480957,-30.27775001525879
157.893966674,9.068211555480957,-30.27775001525879
158.093185424,9.068211555480957,-30.27775001525879
158.292404174,9.068211555480957,-30.27775001525879
158.491622924,9.068211555480957,-30.27775001525879
158.690841674,9.068211555480957,-30.27775001525879
158.890060424,9.068211555480957,-30.27775001525879
159.056076049,9.068211555480957,-30.27775001525879
159.255294799,9.068211555480957,-30.27775001525879
159.404708862,9.068211555480957,-30.27775001525879
159.603927612,9.068211555480957,-30.27775001525879
159.803146362,9.068211555480957,-30.27775001525879
159.952560424,9.068211555480957,-30.27775001525879
160.151779174,9.06885814666748,-30.27509117126465
160.350997924,9.08011245727539,-30.261686325073242
160.500411987,9.237510681152344,-30.19377326965332
160.649826049,9.412764549255371,-30.196090698242188
160.815841674,9.591742515563965,-30.286935806274414
160.965255737,9.731546401977539,-30.440174102783203
161.114669799,9.835858345031738,-30.58930778503418
161.313888549,9.852147102355957,-30.61330223083496
161.463302612,9.852147102355957,-30.61330223083496
161.612716674,9.852147102355957,-30.61330223083496
161.762130737,9.852147102355957,-30.61330223083496
161.911544799,9.852147102355957,-30.61330223083496
162.060958862,9.852147102355957,-30.61330223083496
162.260177612,9.891368865966797,-30.589439392089844
162.459396362,9.990967750549316,-30.4008846282959
162.608810424,10.013729095458984,-30.198928833007812
162.874435424,9.968655586242676,-29.878530502319336
163.023849487,9.916489601135254,-29.67718505859375
163.223068237,9.867813110351562,-29.42188262939453
163.372482299,9.84875774383545,-29.24641990661621
163.571701049,9.841388702392578,-28.99344825744629
163.770919799,9.846538543701172,-28.733510971069336
163.970138549,9.854436874389648,-28.56119155883789
164.136154174,9.854436874389648,-28.56119155883789
164.335372924,9.852169036865234,-28.39409828186035
164.534591674,9.770123481750488,-28.17502784729004
164.733810424,9.569499015808105,-28.028779983520508
164.933029174,9.316909790039062,-28.009016036987305
165.132247924,9.065670013427734,-28.074710845947266
165.331466674,8.819314002990723,-28.15773582458496
165.530685424,8.56765365600586,-28.209686279296875
165.729904174,8.312498092651367,-28.203285217285156
165.945724487,8.036441802978516,-28.13543701171875
166.144943237,7.792758464813232,-28.05298614501953
166.344161987,7.542304992675781,-27.98328971862793
166.543380737,7.291258335113525,-27.934207916259766
166.742599487,7.040775299072266,-27.909526824951172
166.941818237,6.78769063949585,-27.904245376586914
167.141036987,6.529060363769531,-27.904054641723633
167.340255737,6.512561321258545,-27.90386962890625
167.506271362,6.512561321258545,-27.90386962890625
167.755294799,6.512561321258545,-27.90386962890625
167.954513549,6.512561321258545,-27.90386962890625
168.153732299,6.512561321258545,-27.90386962890625
168.303146362,6.497525691986084,-27.90325355529785
168.552169799,6.475663661956787,-27.89288902282715
168.751388549,6.371407985687256,-27.719852447509766
168.950607299,6.344951629638672,-27.462764739990234
169.100021362,6.375409126281738,-27.261320114135742
169.315841674,6.438792705535889,-27.013442993164062
169.515060424,6.5029754638671875,-26.765785217285156
169.664474487,6.539057731628418,-26.56098747253418
169.863693237,6.5621514320373535,-26.303483963012695
170.062911987,6.5607709884643555,-26.049057006835938
170.262130737,6.543491363525391,-25.793750762939453
170.461349487,6.537981986999512,-25.533905029296875
170.660568237,6.549478530883789,-25.27828025817871
170.859786987,6.565524578094482,-25.054433822631836
171.025802612,6.581451892852783,-24.826465606689453
171.225021362,6.591941833496094,-24.692880630493164
171.374435424,6.591941833496094,-24.692880630493164
171.573654174,6.591941833496094,-24.692880630493164
171.772872924,6.591941833496094,-24.692880630493164
171.972091674,6.591941833496094,-24.692880630493164
172.171310424,6.605583190917969,-24.53179931640625
172.370529174,6.632014751434326,-24.273157119750977
172.536544799,6.659952640533447,-24.068439483642578
172.735763549,6.707653999328613,-23.81844139099121
172.934982299,6.763068199157715,-23.564416885375977
173.134201049,6.824236869812012,-23.31171417236328
173.333419799,6.88818883895874,-23.063945770263672
173.532638549,6.957031726837158,-22.81606674194336
173.682052612,7.009608745574951,-22.619068145751953
173.881271362,7.0737080574035645,-22.371334075927734
174.080490112,7.132880210876465,-22.118162155151367
174.229904174,7.170619010925293,-21.94011878967285
174.445724487,7.2286176681518555,-21.668453216552734
174.644943237,7.284535884857178,-21.427167892456055
174.844161987,7.34237003326416,-21.184926986694336
175.043380737,7.401780128479004,-20.944475173950195
175.242599487,7.462947845458984,-20.700231552124023
175.441818237,7.526197910308838,-20.45227813720703
175.641036987,7.587577819824219,-20.203847885131836
175.840255737,7.653121471405029,-19.952251434326172
175.989669799,7.700507640838623,-19.776531219482422
176.205490112,7.7763285636901855,-19.500762939453125
176.404708862,7.8447723388671875,-19.257036209106445
176.603927612,7.908327579498291,-19.004934310913086
176.753341674,7.949269771575928,-18.827604293823242
176.902755737,7.998841285705566,-18.625600814819336
177.052169799,8.045198440551758,-18.449607849121094
177.251388549,8.109790802001953,-18.2048282623291
177.450607299,8.171507835388184,-17.963546752929688
177.600021362,8.220071792602539,-17.768341064453125
177.815841674,8.281678199768066,-17.528444290161133
178.015060424,8.344605445861816,-17.28182029724121
178.164474487,8.395051956176758,-17.080026626586914
178.363693237,8.457412719726562,-16.827608108520508
178.562911987,8.51991081237793,-16.576637268066406
178.762130737,8.586950302124023,-16.328269958496094
178.961349487,8.658151626586914,-16.08106231689453
179.110763549,8.705957412719727,-15.9111328125
179.309982299,8.725835800170898,-15.84034538269043
179.525802612,8.725835800170898,-15.84034538269043
179.725021362,8.761601448059082,-15.677849769592285
179.924240112,8.771490097045898,-15.418560028076172
180.123458862,8.734795570373535,-15.161352157592773
180.322677612,8.687636375427246,-14.905675888061523
180.472091674,8.659989356994629,-14.72994613647461
180.721115112,8.61943531036377,-14.405440330505371
180.870529174,8.602323532104492,-14.224248886108398
181.086349487,8.5772066116333,-13.939359664916992
181.285568237,8.561198234558105,-13.685346603393555
181.484786987,8.547011375427246,-13.429876327514648
181.684005737,8.521773338317871,-13.171104431152344
181.883224487,8.501507759094238,-12.91601848602295
182.082443237,8.477579116821289,-12.666749000549316
182.231857299,8.460628509521484,-12.489666938781738
182.431076049,8.441681861877441,-12.230361938476562
182.630294799,8.4144926071167,-11.974565505981445
182.846115112,8.384475708007812,-11.698413848876953
183.045333862,8.361566543579102,-11.440800666809082
183.194747924,8.34437370300293,-11.259613037109375
183.393966674,8.326057434082031,-11.007128715515137
183.593185424,8.312289237976074,-10.752988815307617
183.792404174,8.28341293334961,-10.497369766235352
183.991622924,8.257278442382812,-10.238697052001953
184.190841674,8.238970756530762,-9.9862060546875
184.390060424,8.221968650817871,-9.734991073608398
184.556076049,8.209223747253418,-9.528756141662598
184.755294799,8.200398445129395,-9.271655082702637
184.954513549,8.185181617736816,-9.02041244506836
185.153732299,8.15343189239502,-8.767876625061035
185.352951049,8.128716468811035,-8.534187316894531
185.552169799,8.127289772033691,-8.518753051757812
185.751388549,8.127289772033691,-8.518753051757812
185.900802612,8.246186256408691,-8.430574417114258
186.100021362,8.497057914733887,-8.393972396850586
186.266036987,8.689041137695312,-8.469808578491211
186.415451049,8.821111679077148,-8.59402847290039
186.564865112,8.932040214538574,-8.769706726074219
186.714279174,9.02066707611084,-8.925491333007812
186.863693237,9.140673637390137,-9.091828346252441
187.013107299,9.26180648803711,-9.221959114074707
187.162521362,9.417010307312012,-9.347549438476562
187.311935424,9.5702543258667,-9.445635795593262
187.461349487,9.753710746765137,-9.543549537658691
187.610763549,9.91610336303711,-9.616108894348145
187.760177612,10.10457706451416,-9.693891525268555
187.926193237,10.29787540435791,-9.770711898803711
188.075607299,10.465739250183105,-9.837424278259277
188.225021362,10.653461456298828,-9.916939735412598
188.374435424,10.726334571838379,-9.952285766601562
188.523849487,10.726334571838379,-9.952285766601562
188.673263549,10.726334571838379,-9.952285766601562
188.822677612,10.726334571838379,-9.952285766601562
189.021896362,10.726334571838379,-9.952285766601562
189.171310424,10.726334571838379,-9.952285766601562
189.320724487,10.726334571838379,-9.952285766601562
189.470138549,10.726334571838379,-9.952285766601562
189.636154174,10.726334571838379,-9.952285766601562
189.785568237,10.726334571838379,-9.952285766601562
189.934982299,10.726334571838379,-9.952285766601562
190.084396362,10.726334571838379,-9.952285766601562
190.233810424,10.726334571838379,-9.952285766601562
190.383224487,10.726334571838379,-9.952285766601562
190.582443237,10.726334571838379,-9.952285766601562
190.731857299,10.726334571838379,-9.952285766601562
190.881271362,10.726334571838379,-9.952285766601562
191.030685424,10.86583423614502,-10.01485538482666
191.180099487,11.069063186645508,-10.05578899383545
191.346115112,11.268577575683594,-10.050989151000977
191.545333862,11.514775276184082,-10.013937950134277
191.694747924,11.688727378845215,-9.984014511108398
191.844161987,11.89555835723877,-9.962458610534668
192.043380737,12.155405044555664,-9.958099365234375
192.192794799,12.171881675720215,-9.958979606628418
192.342208862,12.171881675720215,-9.958979606628418
192.491622924,12.171881675720215,-9.958979606628418
192.690841674,12.171881675720215,-9.958979606628418
192.840255737,12.171881675720215,-9.958979606628418
193.006271362,12.171881675720215,-9.958979606628418
193.155685424,12.171881675720215,-9.958979606628418
193.305099487,12.171881675720215,-9.958979606628418
193.504318237,12.289857864379883,-9.960634231567383
193.653732299,12.455217361450195,-9.926351547241211
193.852951049,12.624938011169434,-9.786808013916016
194.002365112,12.688469886779785,-9.602231979370117
194.201583862,12.659579277038574,-9.345291137695312
194.301193237,12.622625350952148,-9.220662117004395
194.500411987,12.544898986816406,-8.972566604614258
194.716232299,12.49499797821045,-8.723370552062988
194.915451049,12.501049995422363,-8.476393699645996
195.114669799,12.569615364074707,-8.23047924041748
195.313888549,12.6812162399292,-8.001860618591309
195.513107299,12.801502227783203,-7.771362781524658
195.712326049,12.913320541381836,-7.5442728996276855
195.911544799,13.00886344909668,-7.305464267730713
196.110763549,13.096331596374512,-7.060623645782471
196.309982299,13.176616668701172,-6.817657470703125
196.475997924,13.240487098693848,-6.619709491729736
196.675216674,13.324520111083984,-6.3780107498168945
196.874435424,13.416375160217285,-6.134786605834961
197.073654174,13.510964393615723,-5.895544052124023
197.272872924,13.604353904724121,-5.655831813812256
197.472091674,13.697972297668457,-5.416209697723389
197.671310424,13.727812767028809,-5.3398332595825195
197.870529174,13.727812767028809,-5.3398332595825195
198.036544799,13.727812767028809,-5.3398332595825195
198.235763549,13.727812767028809,-5.3398332595825195
198.434982299,13.727812767028809,-5.3398332595825195
198.584396362,13.794857025146484,-5.32456111907959
198.733810424,13.96242618560791,-5.34165620803833
198.883224487,14.128619194030762,-5.443931579589844
199.032638549,14.233485221862793,-5.590054512023926
199.182052612,14.31250286102295,-5.78227424621582
199.331466674,14.369368553161621,-5.949380397796631
199.480880737,14.448237419128418,-6.132838726043701
199.630294799,14.534523010253906,-6.288348197937012
199.779708862,14.637166976928711,-6.435207843780518
199.945724487,14.79335880279541,-6.609251499176025
200.095138549,14.924430847167969,-6.7355122566223145
200.244552612,15.074872970581055,-6.879146099090576
200.393966674,15.205204963684082,-7.0061750411987305
200.543380737,15.352495193481445,-7.1530375480651855
200.692794799,15.470988273620605,-7.276391506195068
200.842208862,15.608942031860352,-7.428376197814941
200.991622924,15.728924751281738,-7.565225601196289
201.141036987,15.863310813903809,-7.7239766120910645
201.290451049,15.975441932678223,-7.860315322875977
201.456466674,16.106037139892578,-8.022204399108887
201.605880737,16.23872947692871,-8.182384490966797
201.755294799,16.35509490966797,-8.322322845458984
201.904708862,16.488616943359375,-8.47639274597168
202.054122924,16.600746154785156,-8.605563163757324
202.203536987,16.736942291259766,-8.762771606445312
202.352951049,16.85108757019043,-8.895631790161133
202.502365112,16.98185157775879,-9.046688079833984
202.651779174,17.100595474243164,-9.184615135192871
202.801193237,17.236047744750977,-9.342466354370117
203.000411987,17.4050350189209,-9.53644847869873
203.100021362,17.48754119873047,-9.633343696594238
203.266036987,17.623180389404297,-9.791034698486328
203.415451049,17.739944458007812,-9.927053451538086
203.564865112,17.864410400390625,-10.076271057128906
203.714279174,17.967056274414062,-10.214682579040527
203.913497924,18.07244110107422,-10.446931838989258
204.062911987,18.109859466552734,-10.651230812072754
204.212326049,18.116153717041016,-10.830312728881836
204.361740112,18.10679817199707,-11.036684036254883
204.560958862,18.075878143310547,-11.290665626525879
204.710372924,18.050630569458008,-11.470907211303711
204.876388549,18.02768325805664,-11.672096252441406
205.075607299,18.02570915222168,-11.922411918640137
205.225021362,18.02609634399414,-12.127670288085938
205.424240112,18.022192001342773,-12.387642860412598
205.573654174,18.014265060424805,-12.568059921264648
205.723068237,18.009056091308594,-12.616674423217773
205.922286987,18.009056091308594,-12.616674423217773
206.071701049,18.000669479370117,-12.700268745422363
206.270919799,18.03260040283203,-12.942438125610352
206.420333862,18.145809173583984,-13.098140716552734
206.569747924,18.303377151489258,-13.187400817871094
206.685958862,18.454151153564453,-13.226325035095215
206.885177612,18.706674575805664,-13.241172790527344
207.034591674,18.883100509643555,-13.246872901916504
207.184005737,19.083011627197266,-13.268251419067383
207.333419799,19.256105422973633,-13.308825492858887
207.482833862,19.448455810546875,-13.383774757385254
207.632247924,19.610063552856445,-13.467411041259766
207.781661987,19.785457611083984,-13.57397174835205
207.931076049,19.936325073242188,-13.67573070526123
208.130294799,20.143848419189453,-13.832348823547363
208.229904174,20.247371673583984,-13.910977363586426
208.379318237,20.397249221801758,-14.014188766479492
208.545333862,20.59000587463379,-14.128987312316895
208.694747924,20.7484073638916,-14.212911605834961
208.844161987,20.9300479888916,-14.308509826660156
208.993576049,21.087791442871094,-14.390743255615234
209.142990112,21.271682739257812,-14.48193645477295
209.292404174,21.433677673339844,-14.56489086151123
209.491622924,21.6630916595459,-14.687237739562988
209.641036987,21.842723846435547,-14.780777931213379
209.790451049,22.003887176513672,-14.865333557128906
209.956466674,22.183698654174805,-14.964324951171875
210.105880737,22.3641357421875,-15.06218147277832
210.255294799,22.52382469177246,-15.14659595489502
210.404708862,22.712047576904297,-15.23508358001709
210.554122924,22.880434036254883,-15.304101943969727
210.703536987,23.017675399780273,-15.352388381958008
210.852951049,23.01862335205078,-15.35270881652832
211.002365112,23.01862335205078,-15.35270881652832
211.151779174,23.01862335205078,-15.35270881652832
211.350997924,23.01862335205078,-15.35270881652832
211.500411987,23.01862335205078,-15.35270881652832
211.649826049,23.01862335205078,-15.35270881652832
211.749435424,23.022565841674805,-15.351580619812012
211.915451049,23.030717849731445,-15.346648216247559
212.114669799,23.057052612304688,-15.278310775756836
212.264083862,23.050569534301758,-15.07504653930664
212.463302612,22.918529510498047,-14.86778736114502
212.662521362,22.70322608947754,-14.731061935424805
212.861740112,22.463842391967773,-14.629655838012695
213.060958862,22.233749389648438,-14.518041610717773
213.260177612,22.026203155517578,-14.373644828796387
213.475997924,21.839630126953125,-14.19683837890625
213.625411987,21.70543670654297,-14.041555404663086
213.824630737,21.545434951782227,-13.847146987915039
214.023849487,21.377328872680664,-13.654282569885254
214.223068237,21.200998306274414,-13.468862533569336
214.422286987,21.022239685058594,-13.285765647888184
214.621505737,20.844417572021484,-13.105578422546387
214.820724487,20.666595458984375,-12.92731761932373
214.970138549,20.539579391479492,-12.800817489624023
215.185958862,20.355470657348633,-12.617233276367188
215.385177612,20.18035125732422,-12.440140724182129
215.584396362,20.002347946166992,-12.260129928588867
215.783615112,19.82366180419922,-12.078868865966797
215.982833862,19.64356803894043,-11.8932523727417
216.182052612,19.47212791442871,-11.710723876953125
216.381271362,19.296382904052734,-11.519119262695312
216.580490112,19.126203536987305,-11.331698417663574
216.729904174,19.00776481628418,-11.20639705657959
216.945724487,18.80532455444336,-11.012248992919922
217.144943237,18.61998748779297,-10.835811614990234
217.344161987,18.43744659423828,-10.662394523620605
217.543380737,18.25333595275879,-10.484682083129883
217.742599487,18.080341339111328,-10.309350967407227
217.941818237,17.914134979248047,-10.142765998840332
218.141036987,17.709545135498047,-9.982916831970215
218.340255737,17.479263305664062,-9.876365661621094
218.556076049,17.23128890991211,-9.837604522705078
218.755294799,16.991317749023438,-9.854483604431152
218.954513549,16.742958068847656,-9.895828247070312
219.103927612,16.537189483642578,-9.92607593536377
219.352951049,16.23146629333496,-9.946846008300781
219.502365112,16.030345916748047,-9.950514793395996
219.701583862,15.77447509765625,-9.947871208190918
219.900802612,15.514713287353516,-9.937018394470215
220.149826049,15.210033416748047,-9.919947624206543
220.315841674,15.00905704498291,-9.911556243896484
220.515060424,14.749089241027832,-9.908084869384766
220.714279174,14.49183464050293,-9.909841537475586
220.913497924,14.241423606872559,-9.911627769470215
221.112716674,13.985538482666016,-9.913455963134766
221.311935424,13.725547790527344,-9.915315628051758
221.511154174,13.471031188964844,-9.917133331298828
221.710372924,13.21925163269043,-9.918930053710938
221.909591674,12.963366508483887,-9.920758247375488
222.075607299,12.75537395477295,-9.922245979309082
222.274826049,12.504959106445312,-9.922837257385254
222.474044799,12.250442504882812,-9.920641899108887
222.673263549,11.99045181274414,-9.918400764465332
222.872482299,11.733198165893555,-9.916182518005371
223.071701049,11.48141860961914,-9.914010047912598
223.270919799,11.231006622314453,-9.912069320678711
223.470138549,10.971015930175781,-9.914749145507812
223.636154174,10.763165473937988,-9.921646118164062
223.835372924,10.508820533752441,-9.949162483215332
224.034591674,10.265585899353027,-10.007372856140137
224.233810424,10.047039031982422,-10.124613761901855
224.433029174,9.89189624786377,-10.303056716918945
224.632247924,9.821321487426758,-10.529162406921387
224.781661987,9.815420150756836,-10.724442481994629
224.931076049,9.836664199829102,-10.902371406555176
225.080490112,9.872457504272461,-11.101707458496094
225.229904174,9.902941703796387,-11.281131744384766
225.395919799,9.930479049682617,-11.487263679504395
225.595138549,9.944127082824707,-11.741358757019043
225.744552612,9.946592330932617,-11.946600914001465
225.893966674,9.944496154785156,-12.128585815429688
226.093185424,9.936877250671387,-12.38709831237793
226.242599487,9.928793907165527,-12.58946418762207
226.441818237,9.914114952087402,-12.844926834106445
226.591232299,9.898829460144043,-13.026281356811523
226.740646362,9.879525184631348,-13.232010841369629
226.956466674,9.85874080657959,-13.484304428100586
227.105880737,9.847646713256836,-13.689262390136719
227.255294799,9.84161376953125,-13.871161460876465
227.454513549,9.82845401763916,-14.129447937011719
227.603927612,9.813495635986328,-14.332791328430176
227.753341674,9.800414085388184,-14.508831024169922
227.952560424,9.78635025024414,-14.768440246582031
228.101974487,9.77941608428955,-14.974955558776855
228.301193237,9.765016555786133,-15.22632122039795
228.450607299,9.752411842346191,-15.402395248413086
228.649826049,9.736889839172363,-15.660551071166992
228.815841674,9.730229377746582,-15.868439674377441
228.965255737,9.727185249328613,-16.06957244873047
229.114669799,9.721244812011719,-16.245996475219727
229.214279174,9.71441650390625,-16.375816345214844
229.413497924,9.69584846496582,-16.635156631469727
229.562911987,9.681122779846191,-16.83852195739746
229.762130737,9.668623924255371,-17.089996337890625
229.911544799,9.658148765563965,-17.267580032348633
230.110763549,9.638842582702637,-17.526870727539062
230.260177612,9.624006271362305,-17.73160171508789
230.426193237,9.613654136657715,-17.933856964111328
230.575607299,9.60873794555664,-18.114416122436523
230.774826049,9.60508918762207,-18.247364044189453
230.924240112,9.60508918762207,-18.247364044189453
231.123458862,9.60508918762207,-18.247364044189453
231.272872924,9.60508918762207,-18.247364044189453
231.472091674,9.60508918762207,-18.247364044189453
231.621505737,9.60201358795166,-18.373323440551758
231.820724487,9.601889610290527,-18.633310317993164
231.970138549,9.604865074157715,-18.809812545776367
232.136154174,9.60830307006836,-19.013681411743164
232.335372924,9.612607955932617,-19.273653030395508
232.484786987,9.611064910888672,-19.48025894165039
232.634201049,9.604667663574219,-19.653926849365234
232.833419799,9.588554382324219,-19.90656089782715
232.982833862,9.572395324707031,-20.113927841186523
233.182052612,9.547698974609375,-20.372743606567383
233.331466674,9.528360366821289,-20.548206329345703
233.530685424,9.50512409210205,-20.8002872467041
233.680099487,9.492107391357422,-21.0051326751709
233.846115112,9.478236198425293,-21.212665557861328
234.045333862,9.457171440124512,-21.463565826416016
234.194747924,9.44456672668457,-21.639638900756836
234.393966674,9.43319034576416,-21.89527130126953
234.543380737,9.423905372619629,-22.103059768676758
234.742599487,9.405950546264648,-22.359695434570312
234.892013549,9.392991065979004,-22.533000946044922
235.041427612,9.378887176513672,-22.732290267944336
235.240646362,9.360358238220215,-22.984760284423828
235.390060424,9.343437194824219,-23.165973663330078
235.556076049,9.325337409973145,-23.371809005737305
235.755294799,9.310213088989258,-23.621763229370117
235.904708862,9.302681922912598,-23.826887130737305
236.054122924,9.293123245239258,-24.00863265991211
236.253341674,9.277351379394531,-24.262664794921875
236.402755737,9.264801025390625,-24.464797973632812
236.601974487,9.253662109375,-24.713590621948242
236.751388549,9.247957229614258,-24.895498275756836
236.900802612,9.236705780029297,-25.10318946838379
237.100021362,9.216835975646973,-25.358312606811523
237.266036987,9.20307445526123,-25.554880142211914
237.465255737,9.192364692687988,-25.81328010559082
237.614669799,9.186249732971191,-25.995174407958984
237.764083862,9.175151824951172,-26.19876480102539
237.963302612,9.158928871154785,-26.447288513183594
238.112716674,9.147989273071289,-26.623472213745117
238.262130737,9.136903762817383,-26.829801559448242
238.461349487,9.122757911682129,-27.08940887451172
238.610763549,9.108278274536133,-27.268083572387695
238.809982299,9.085789680480957,-27.5216121673584
238.975997924,9.072126388549805,-27.726415634155273
239.125411987,9.061933517456055,-27.932796478271484
239.324630737,9.04436206817627,-28.183969497680664
239.474044799,9.031198501586914,-28.36000633239746
239.623458862,9.016814231872559,-28.563392639160156
239.822677612,9.005208015441895,-28.823123931884766
239.972091674,8.999598503112793,-29.002296447753906
240.171310424,8.986137390136719,-29.249610900878906
240.320724487,8.973670959472656,-29.45037841796875
240.470138549,8.962815284729004,-29.62519645690918
240.685958862,8.950499534606934,-29.910917282104492
240.835372924,8.945737838745117,-30.088747024536133
240.984786987,8.93680477142334,-30.288330078125
241.184005737,8.919814109802246,-30.54366111755371
241.333419799,8.909106254577637,-30.7253475189209
241.532638549,8.895645141601562,-30.982254028320312
241.632247924,8.891409873962402,-31.108078002929688
241.781661987,8.883964538574219,-31.306358337402344
241.931076049,8.873416900634766,-31.485309600830078
242.130294799,8.85787582397461,-31.74484634399414
242.296310424,8.845719337463379,-31.951122283935547
242.445724487,8.835954666137695,-32.1547737121582
242.644943237,8.824020385742188,-32.41448211669922
242.794357299,8.811596870422363,-32.59605407714844
242.993576049,8.792033195495605,-32.847068786621094
243.142990112,8.778607368469238,-33.04777526855469
243.342208862,8.76855182647705,-33.2979850769043
243.491622924,8.759566307067871,-33.47975158691406
243.641036987,8.74463176727295,-33.68721008300781
243.840255737,8.72510051727295,-33.940975189208984
244.006271362,8.713603973388672,-34.14179611206055
244.205490112,8.704517364501953,-34.400264739990234
244.354904174,8.694957733154297,-34.58200454711914
244.554122924,8.676658630371094,-34.82900619506836
244.703536987,8.662847518920898,-35.029685974121094
244.902755737,8.652322769165039,-35.28398132324219
245.052169799,8.649406433105469,-35.4659538269043
245.251388549,8.641955375671387,-35.72446823120117
245.400802612,8.630450248718262,-35.925289154052734
245.600021362,8.61266040802002,-36.1737174987793
245.766036987,8.59903335571289,-36.381263732910156
245.965255737,8.584569931030273,-36.63947677612305
246.114669799,8.571381568908691,-36.81688690185547
246.313888549,8.552605628967285,-37.06797790527344
246.463302612,8.538323402404785,-37.27548599243164
246.662521362,8.52757453918457,-37.533878326416016
246.811935424,8.52054214477539,-37.71025848388672
246.961349487,8.507832527160645,-37.90964126586914
247.160568237,8.488832473754883,-38.164833068847656
247.309982299,8.478126525878906,-38.34651184082031
247.525802612,8.469524383544922,-38.626888275146484
247.675216674,8.467248916625977,-38.803401947021484
247.824630737,8.460895538330078,-39.00856399536133
248.023849487,8.448387145996094,-39.268245697021484
248.223068237,8.431001663208008,-39.52355194091797
248.372482299,8.419281959533691,-39.69831848144531
248.571701049,8.399069786071777,-39.952030181884766
248.770919799,8.3722505569458,-40.21063995361328
248.920333862,8.354554176330566,-40.416507720947266
249.086349487,8.34228801727295,-40.618656158447266
249.285568237,8.337218284606934,-40.87721252441406
249.434982299,8.332822799682617,-41.05915832519531
249.634201049,8.328701972961426,-41.158599853515625
249.783615112,8.328701972961426,-41.158599853515625
249.982833862,8.328701972961426,-41.158599853515625
250.182052612,8.328701972961426,-41.158599853515625
250.331466674,8.328701972961426,-41.158599853515625
250.530685424,8.322253227233887,-41.297950744628906
250.729904174,8.3104887008667,-41.55219268798828
250.895919799,8.301190376281738,-41.75312805175781
251.045333862,8.29232120513916,-41.95545196533203
251.244552612,8.287269592285156,-42.215396881103516
251.393966674,8.287381172180176,-42.39192581176758
251.593185424,8.287653923034668,-42.64645767211914
251.792404174,8.287928581237793,-42.90372848510742
251.941818237,8.288148880004883,-43.11036682128906
252.141036987,8.288420677185059,-43.363529205322266
252.290451049,8.28861141204834,-43.54142761230469
252.506271362,8.305037498474121,-43.82408905029297
252.655685424,8.328300476074219,-44.00459289550781
252.805099487,8.352438926696777,-44.20567321777344
253.004318237,8.375211715698242,-44.45504379272461
253.153732299,8.386883735656738,-44.63666534423828
253.352951049,8.39888858795166,-44.89639663696289
253.552169799,8.41016674041748,-45.150672912597656
253.701583862,8.415135383605957,-45.35176467895508
253.900802612,8.417800903320312,-45.60490798950195
254.050216674,8.41968822479248,-45.784156799316406
254.249435424,8.434966087341309,-46.04364013671875
254.415451049,8.454340934753418,-46.24799346923828
254.614669799,8.474695205688477,-46.50718688964844
254.764083862,8.48503303527832,-46.713558197021484
254.963302612,8.493696212768555,-46.96245574951172
255.112716674,8.503905296325684,-47.13867950439453
255.311935424,8.522710800170898,-47.392513275146484
255.511154174,8.535698890686035,-47.652183532714844
255.660568237,8.540188789367676,-47.86012649536133
255.809982299,8.543642044067383,-48.03660583496094
255.975997924,8.558930397033691,-48.23442077636719
256.175201416,8.582653045654297,-48.493324279785156
256.374420166,8.59880256652832,-48.748695373535156
256.474029541,8.603747367858887,-48.874488830566406
256.623443603,8.60929012298584,-49.07556915283203
256.772857666,8.62263011932373,-49.254310607910156
256.972076416,8.64553451538086,-49.51328659057617
257.171295166,8.66087818145752,-49.768707275390625
257.320709228,8.667193412780762,-49.969757080078125
257.519927978,8.669183731079102,-50.19690704345703
257.669342041,8.678816795349121,-50.40190124511719
257.835357666,8.697224617004395,-50.60907745361328
258.034576416,8.715629577636719,-50.8629264831543
258.183990478,8.724575996398926,-51.06661605834961
258.383209228,8.732091903686523,-51.32649612426758
258.532623291,8.745736122131348,-51.50523376464844
258.731842041,8.765850067138672,-51.7562141418457
258.881256103,8.776602745056152,-51.95707702636719
259.080474853,8.783135414123535,-52.21697998046875
259.229888916,8.78987979888916,-52.398826599121094
259.395904541,8.807967185974121,-52.60053634643555
259.595123291,8.830368995666504,-52.856807708740234
259.794342041,8.845094680786133,-53.11638641357422
259.943756103,8.85103988647461,-53.320186614990234
260.093170166,8.857332229614258,-53.49386215209961
260.292388916,8.873045921325684,-53.746524810791016
260.491607666,8.888507843017578,-54.00606155395508
260.641021728,8.895018577575684,-54.21258544921875
260.840240478,8.899470329284668,-54.46979522705078
261.006256103,8.91562271118164,-54.66477584838867
261.155670166,8.935468673706055,-54.84431457519531
261.354888916,8.9583740234375,-55.10328674316406
261.504302978,8.97041130065918,-55.304080963134766
261.703521728,8.979233741760254,-55.55434799194336
261.902740478,8.992594718933105,-55.81262969970703
262.052154541,9.003189086914062,-55.99431610107422
262.251373291,9.013484001159668,-56.24587631225586
262.400787353,9.016010284423828,-56.44701385498047
262.600006103,9.021432876586914,-56.7014274597168
262.766021728,9.041144371032715,-56.9084587097168
262.915435791,9.05980110168457,-57.08673858642578
263.114654541,9.079617500305176,-57.337738037109375
263.313873291,9.09162712097168,-57.59196853637695
263.463287353,9.096525192260742,-57.79990768432617
263.662506103,9.107975006103516,-58.05964660644531
263.861724853,9.123594284057617,-58.313697814941406
264.011138916,9.132469177246094,-58.495479583740234
264.210357666,9.13843059539795,-58.755401611328125
264.359771728,9.148473739624023,-58.93708801269531
264.525787353,9.172396659851074,-59.1671028137207
264.725006103,9.196008682250977,-59.42464065551758
264.874420166,9.207693099975586,-59.604888916015625
265.073638916,9.217310905456543,-59.85922622680664
265.272857666,9.224804878234863,-60.116371154785156
265.422271728,9.235384941101074,-60.32411575317383
265.621490478,9.248774528503418,-60.5810432434082
265.770904541,9.255668640136719,-60.75605773925781
265.970123291,9.260422706604004,-61.010536193847656
266.136138916,9.275429725646973,-61.21520233154297
266.335357666,9.301176071166992,-61.448787689208984
266.484771728,9.301382064819336,-61.45077896118164
266.683990478,9.301382064819336,-61.45077896118164
266.883209228,9.301382064819336,-61.45077896118164
267.032623291,9.301382064819336,-61.45077896118164
267.182037353,9.301382064819336,-61.45077896118164
267.381256103,9.301382064819336,-61.45077896118164
267.530670166,9.301382064819336,-61.45077896118164
267.680084228,9.301382064819336,-61.45077896118164
267.829498291,9.31906795501709,-61.45034408569336
267.995513916,9.38570499420166,-61.41661071777344
268.194732666,9.52022647857666,-61.218536376953125
268.393951416,9.536458015441895,-60.96574020385742
268.543365478,9.484503746032715,-60.768836975097656
268.742584228,9.398869514465332,-60.52336120605469
268.941802978,9.330253601074219,-60.27268600463867
269.141021728,9.296562194824219,-60.027523040771484
269.340240478,9.291255950927734,-59.777252197265625
269.506256103,9.300704956054688,-59.57632827758789
269.705474853,9.318658828735352,-59.31833267211914
269.854888916,9.331192970275879,-59.1395149230957
270.054107666,9.343282699584961,-58.88665771484375
270.253326416,9.348610877990723,-58.63081741333008
270.452545166,9.35312557220459,-58.370845794677734
270.651763916,9.353231430053711,-58.11494827270508
270.801177978,9.352349281311035,-57.913787841796875
271.000396728,9.351244926452637,-57.66199493408203
271.216217041,9.35010051727295,-57.40198516845703
271.365631103,9.349191665649414,-57.19534683227539
271.564849853,9.34809398651123,-56.944923400878906
271.764068603,9.346949577331543,-56.684913635253906
271.963287353,9.3458251953125,-56.429012298583984
272.162506103,9.344734191894531,-56.17995834350586
272.311920166,9.343966484069824,-56.004798889160156
272.511138916,9.342848777770996,-55.750267028808594
272.710357666,9.341704368591309,-55.490257263183594
272.876373291,9.340795516967773,-55.28361892700195
273.075592041,9.339677810668945,-55.02908706665039
273.274810791,9.338533401489258,-54.76907730102539
273.424224853,9.337624549865723,-54.56243896484375
273.623443603,9.33651351928711,-54.30927658081055
273.822662353,9.335382461547852,-54.052005767822266
273.972076416,9.33540153503418,-53.869998931884766
274.171295166,9.339704513549805,-53.61276626586914
274.370513916,9.344158172607422,-53.36101150512695
274.536529541,9.347764015197754,-53.157142639160156
274.735748291,9.352360725402832,-52.89717102050781
274.934967041,9.354756355285645,-52.64265060424805
275.134185791,9.356039047241211,-52.389488220214844
275.333404541,9.357355117797852,-52.129478454589844
275.482818603,9.357922554016113,-51.9228401184082
275.682037353,9.356010437011719,-51.669677734375
275.881256103,9.354066848754883,-51.41240692138672
276.080474853,9.352102279663086,-51.15239715576172
276.229888916,9.350748062133789,-50.97312927246094
276.395904541,9.349239349365234,-50.773338317871094
276.545318603,9.347667694091797,-50.565330505371094
276.744537353,9.34571361541748,-50.30669021606445
276.893951416,9.344380378723145,-50.13016128540039
277.093170166,9.342489242553711,-49.879737854003906
277.292388916,9.340535163879395,-49.621097564697266
277.491607666,9.338570594787598,-49.361087799072266
277.690826416,9.336726188659668,-49.1065559387207
277.890045166,9.338794708251953,-48.85614013671875
278.056060791,9.341129302978516,-48.65089416503906
278.205474853,9.34347915649414,-48.44428253173828
278.404693603,9.349188804626465,-48.19256591796875
278.603912353,9.36292839050293,-47.93842697143555
278.803131103,9.382844924926758,-47.67919921875
279.002349853,9.402100563049316,-47.421295166015625
279.151763916,9.411261558532715,-47.24637985229492
279.350982666,9.42635440826416,-46.99642562866211
279.550201416,9.446515083312988,-46.73721694946289
279.749420166,9.464960098266602,-46.477882385253906
279.915435791,9.47411060333252,-46.272830963134766
280.114654541,9.48420238494873,-46.013038635253906
280.313873291,9.501407623291016,-45.75498962402344
280.513092041,9.519116401672363,-45.503822326660156
280.662506103,9.529328346252441,-45.30293273925781
280.861724853,9.536795616149902,-45.04304122924805
281.060943603,9.54747200012207,-44.78464126586914
281.260162353,9.562880516052246,-44.531944274902344
281.426177978,9.575573921203613,-44.327064514160156
281.625396728,9.588650703430176,-44.06877517700195
281.824615478,9.600162506103516,-43.81863021850586
282.023834228,9.617258071899414,-43.56742858886719
282.223052978,9.636322021484375,-43.31087112426758
282.422271728,9.650348663330078,-43.051265716552734
282.621490478,9.660664558410645,-42.79421615600586
282.770904541,9.672057151794434,-42.61943435668945
282.970123291,9.691203117370605,-42.36288070678711
283.185943603,9.707082748413086,-42.07734298706055
283.385162353,9.71363639831543,-41.82701110839844
283.584381103,9.725054740905762,-41.57138442993164
283.733795166,9.736716270446777,-41.3897590637207
283.933013916,9.754157066345215,-41.133087158203125
284.082427978,9.764387130737305,-40.93219757080078
284.281646728,9.772058486938477,-40.676414489746094
284.480865478,9.784446716308594,-40.416725158691406
284.680084228,9.802438735961914,-40.161468505859375
284.846099853,9.816492080688477,-39.95806121826172
285.045318603,9.827980041503906,-39.69969940185547
285.244537353,9.840368270874023,-39.44001007080078
285.443756103,9.85788631439209,-39.19157028198242
285.642974853,9.875633239746094,-38.93629455566406
285.792388916,9.887049674987793,-38.75465774536133
285.991607666,9.918042182922363,-38.496734619140625
286.190826416,9.9962739944458,-38.252262115478516
286.340240478,10.102795600891113,-38.07891082763672
286.489654541,10.227821350097656,-37.948944091796875
286.705474853,10.296679496765137,-37.89577865600586
286.904693603,10.296679496765137,-37.89577865600586
287.054107666,10.296679496765137,-37.89577865600586
287.253326416,10.296679496765137,-37.89577865600586
287.402740478,10.296679496765137,-37.89577865600586
287.601959228,10.436943054199219,-37.80800247192383
287.751373291,10.597156524658203,-37.72172164916992
287.900787353,10.786046981811523,-37.634708404541016
288.100006103,11.02665901184082,-37.53617858886719
288.266021728,11.211929321289062,-37.46141815185547
288.415435791,11.375078201293945,-37.394020080566406
288.564849853,11.55733871459961,-37.315582275390625
288.764068603,11.793932914733887,-37.21112060546875
288.913482666,11.955322265625,-37.13629913330078
289.112701416,12.19179630279541,-37.0283088684082
289.262115478,12.3860502243042,-36.9539794921875
289.411529541,12.558042526245117,-36.894474029541016
289.610748291,12.801939964294434,-36.82196044921875
289.760162353,12.999451637268066,-36.7773323059082
289.926177978,13.194287300109863,-36.74817657470703
290.075592041,13.374346733093262,-36.734222412109375
290.225006103,13.58229923248291,-36.73038864135742
290.374420166,13.758817672729492,-36.73172378540039
290.523834228,13.95996379852295,-36.73186111450195
290.673248291,14.135055541992188,-36.727108001708984
290.872467041,14.38636302947998,-36.71220016479492
291.021881103,14.589839935302734,-36.68536376953125
291.171295166,14.769608497619629,-36.65700912475586
291.320709228,14.972220420837402,-36.610286712646484
291.470123291,15.147335052490234,-36.56071472167969
291.685943603,15.421192169189453,-36.47828674316406
291.835357666,15.592159271240234,-36.429161071777344
291.984771728,15.794997215270996,-36.383235931396484
292.183990478,16.05016326904297,-36.33335494995117
292.333404541,16.225730895996094,-36.297149658203125
292.482818603,16.425390243530273,-36.25581741333008
292.632232666,16.597745895385742,-36.224647521972656
292.781646728,16.794763565063477,-36.20146942138672
292.980865478,17.05450439453125,-36.19073486328125
293.130279541,17.236492156982422,-36.189247131347656
293.279693603,17.41299819946289,-36.19173049926758
293.445709228,17.64270782470703,-36.200714111328125
293.595123291,17.824434280395508,-36.21070098876953
293.744537353,18.030792236328125,-36.22124099731445
293.844146728,18.1566162109375,-36.225379943847656
293.993560791,18.330364227294922,-36.22898483276367
294.142974853,18.530109405517578,-36.233036041259766
294.342193603,18.7873592376709,-36.233985900878906
294.491607666,18.96935272216797,-36.23307800292969
294.641021728,19.17597770690918,-36.23204803466797
294.790435791,19.351133346557617,-36.231178283691406
295.006256103,19.62755012512207,-36.22980499267578
295.155670166,19.808176040649414,-36.228904724121094
295.305084228,20.014801025390625,-36.227874755859375
295.454498291,20.19132423400879,-36.22699737548828
295.653717041,20.4431095123291,-36.225746154785156
295.803131103,20.648366928100586,-36.22472381591797
295.952545166,20.830360412597656,-36.22381591796875
296.151763916,21.087615966796875,-36.2225341796875
296.301177978,21.28877067565918,-36.221534729003906
296.450592041,21.468029022216797,-36.22064208984375
296.600006103,21.676021575927734,-36.2196044921875
296.766021728,21.884014129638672,-36.21856689453125
296.965240478,22.13716697692871,-36.217308044433594
297.114654541,22.31916046142578,-36.216400146484375
297.264068603,22.52715301513672,-36.215362548828125
297.413482666,22.705036163330078,-36.21670150756836
297.612701416,22.956783294677734,-36.22098922729492
297.762115478,23.157907485961914,-36.22441482543945
297.911529541,23.339874267578125,-36.22751235961914
298.060943603,23.547836303710938,-36.23105239868164
298.210357666,23.727069854736328,-36.23402404785156
298.376373291,23.928224563598633,-36.23445510864258
298.525787353,24.130746841430664,-36.234073638916016
298.725006103,24.390737533569336,-36.233577728271484
298.874420166,24.568628311157227,-36.23324203491211
299.023834228,24.772518157958984,-36.23285675048828
299.173248291,24.953144073486328,-36.232513427734375
299.372467041,25.213134765625,-36.232017517089844
299.521881103,25.417024612426758,-36.231632232666016
299.671295166,25.589445114135742,-36.2313117980957
299.820709228,25.794702529907227,-36.23092269897461
300.019927978,26.02869415283203,-36.23047637939453
300.136138916,26.184688568115234,-36.23017883300781
300.335357666,26.439208984375,-36.229698181152344
300.434967041,26.566469192504883,-36.22945785522461
300.634185791,26.826459884643555,-36.22896194458008
300.783599853,27.033084869384766,-36.22856903076172
300.933013916,27.206872940063477,-36.22824478149414
301.082427978,27.40802764892578,-36.227867126464844
301.281646728,27.665283203125,-36.227378845214844
301.381256103,27.795278549194336,-36.22713088989258
301.580474853,28.052534103393555,-36.22664260864258
301.729888916,28.227689743041992,-36.226314544677734
301.895904541,28.428844451904297,-36.22593688964844
302.095123291,28.68883514404297,-36.225440979003906
302.244537353,28.89546012878418,-36.22504806518555
302.393951416,29.070615768432617,-36.2247200012207
302.593170166,29.32240104675293,-36.224246978759766
302.742584228,29.530393600463867,-36.22385025024414
302.941802978,29.79038429260254,-36.22335433959961
303.091217041,29.96827507019043,-36.223018646240234
303.240631103,30.172164916992188,-36.222633361816406
303.390045166,30.350055694580078,-36.22229766845703
303.605865478,30.631942749023438,-36.221763610839844
303.755279541,30.8084659576416,-36.221431732177734
303.904693603,31.01235580444336,-36.221046447753906
304.054107666,31.191614151000977,-36.220706939697266
304.253326416,31.45160484313965,-36.220211029052734
304.402740478,31.65822982788086,-36.219818115234375
304.552154541,31.80147361755371,-36.216495513916016
304.701568603,32.00248336791992,-36.17230224609375
304.900787353,32.22636795043945,-36.04423904418945
305.050201416,32.36189270019531,-35.93552017211914
305.266021728,32.568668365478516,-35.75833511352539
305.415435791,32.62234115600586,-35.71577453613281
305.614654541,32.62234115600586,-35.71577453613281
305.813873291,32.62234115600586,-35.71577453613281
305.963287353,32.62234115600586,-35.71577453613281
306.162506103,32.62234115600586,-35.71577453613281
306.361724853,32.768428802490234,-35.61248779296875
306.511138916,32.926170349121094,-35.521759033203125
306.710357666,33.15823745727539,-35.40460205078125
306.876373291,33.3402214050293,-35.322166442871094
307.025787353,33.53140640258789,-35.24025344848633
307.225006103,33.76995849609375,-35.136878967285156
307.374420166,33.93593215942383,-35.062198638916016
307.573638916,34.157997131347656,-34.95884323120117
307.723052978,34.3397331237793,-34.872615814208984
307.872467041,34.5039176940918,-34.794063568115234
308.071685791,34.73262023925781,-34.682373046875
308.221099853,34.92061233520508,-34.593353271484375
308.420318603,35.156005859375,-34.48295211791992
308.586334228,35.34540557861328,-34.39698791503906
308.735748291,35.50994873046875,-34.32586669921875
308.885162353,35.696197509765625,-34.24987030029297
309.084381103,35.930938720703125,-34.16273880004883
309.233795166,36.101959228515625,-34.10902404785156
309.433013916,36.34687805175781,-34.050994873046875
309.582427978,36.55256652832031,-34.02040100097656
309.731842041,36.7339973449707,-34.00646209716797
309.931060791,36.9897575378418,-33.99851989746094
310.080474853,37.188175201416016,-33.99800491333008
310.229888916,37.36605453491211,-33.997676849365234
310.395904541,37.5707893371582,-33.98357009887695
310.545318603,37.774715423583984,-33.950862884521484
310.744537353,38.027976989746094,-33.8984489440918
310.893951416,38.20044708251953,-33.86790084838867
311.093170166,38.448062896728516,-33.8222770690918
311.242584228,38.64973449707031,-33.784034729003906
311.292388916,38.700958251953125,-33.775089263916016
311.491607666,38.957759857177734,-33.7344856262207
311.641021728,39.15995407104492,-33.70829391479492
311.840240478,39.40637969970703,-33.6834831237793
311.956451416,39.53059387207031,-33.67486572265625
312.155670166,39.784912109375,-33.66501235961914
312.305084228,39.992652893066406,-33.65513610839844
312.454498291,40.173492431640625,-33.63490676879883
312.653717041,40.4267463684082,-33.59830856323242
312.803131103,40.63321304321289,-33.57307434082031
312.952545166,40.81345748901367,-33.54804992675781
313.151763916,41.06576156616211,-33.49782180786133
313.301177978,41.26744079589844,-33.452857971191406
313.500396728,41.508331298828125,-33.40147399902344
313.649810791,41.684913635253906,-33.36347961425781
313.815826416,41.88511276245117,-33.3072395324707
314.015045166,42.13181686401367,-33.22516632080078
314.164459228,42.328067779541016,-33.15624237060547
314.313873291,42.49913024902344,-33.09410095214844
314.513092041,42.74427795410156,-33.00761032104492
314.662506103,42.94267654418945,-32.9552001953125
314.861724853,43.18806457519531,-32.91316604614258
315.011138916,43.364891052246094,-32.89371871948242
315.160552978,43.56795883178711,-32.86406326293945
315.359771728,43.790645599365234,-32.813045501708984
315.525787353,44.01161193847656,-32.74489212036133
315.675201416,44.18363571166992,-32.6945686340332
315.824615478,44.37883758544922,-32.64599609375
316.023834228,44.6285285949707,-32.59001922607422
316.173248291,44.80367660522461,-32.55905532836914
316.322662353,45.009151458740234,-32.53767776489258
316.521881103,45.268619537353516,-32.520851135253906
316.671295166,45.44758224487305,-32.51050567626953
316.820709228,45.65376663208008,-32.497066497802734
317.036529541,45.89945602416992,-32.466121673583984
317.185943603,46.10099792480469,-32.427268981933594
317.335357666,46.28001403808594,-32.39447784423828
317.534576416,46.52854919433594,-32.36456298828125
317.683990478,46.73067092895508,-32.35186004638672
317.833404541,46.908424377441406,-32.34489822387695
318.032623291,47.16839599609375,-32.3416748046875
318.182037353,47.37363052368164,-32.344932556152344
318.331451416,47.55000686645508,-32.351932525634766
318.530670166,47.80423355102539,-32.364437103271484
318.680084228,48.00925827026367,-32.3745231628418
318.846099853,48.217037200927734,-32.38425064086914
318.995513916,48.39623260498047,-32.389122009277344
319.194732666,48.65324783325195,-32.380149841308594
319.344146728,48.85584259033203,-32.35734176635742
319.543365478,49.114253997802734,-32.32875061035156
319.692779541,49.290157318115234,-32.31403732299805
319.891998291,49.54426574707031,-32.29965591430664
320.041412353,49.75217819213867,-32.29379653930664
320.240631103,50.01217269897461,-32.293853759765625
320.390045166,50.18864440917969,-32.29813766479492
320.556060791,50.389591217041016,-32.307212829589844
320.705474853,50.597354888916016,-32.31743621826172
320.904693603,50.85716247558594,-32.32725524902344
321.054107666,51.03367614746094,-32.32948684692383
321.253326416,51.28546905517578,-32.33151626586914
321.402740478,51.49347686767578,-32.333194732666016
321.552154541,51.67548370361328,-32.33466339111328
321.751373291,51.927276611328125,-32.336692810058594
321.900787353,52.12569808959961,-32.33711242675781
322.100006103,52.374752044677734,-32.33522033691406
322.249420166,52.556758880615234,-32.333831787109375
322.415435791,52.764766693115234,-32.332244873046875
322.614654541,53.0192985534668,-32.33030700683594
322.764068603,53.22456741333008,-32.32874298095703
322.963287353,53.48457717895508,-32.326759338378906
323.112701416,53.66384506225586,-32.32539367675781
323.311920166,53.914268493652344,-32.323490142822266
323.461334228,54.11542892456055,-32.32196044921875
323.660552978,54.37543869018555,-32.319976806640625
323.809967041,54.55744552612305,-32.31858825683594
323.959381103,54.64447021484375,-32.317928314208984
324.175201416,54.64447021484375,-32.317928314208984
324.324615478,54.64447021484375,-32.317928314208984
324.474029541,54.64447021484375,-32.317928314208984
324.673248291,54.64447021484375,-32.317928314208984
324.822662353,54.8179931640625,-32.31707000732422
325.021881103,55.06828308105469,-32.31161117553711
325.171295166,55.249786376953125,-32.29817199707031
325.370513916,55.50901794433594,-32.27823257446289
325.536529541,55.71127700805664,-32.268028259277344
325.685943603,55.91783905029297,-32.26285934448242
325.835357666,56.0998420715332,-32.26178741455078
326.034576416,56.3598518371582,-32.26060485839844
326.183990478,56.55964279174805,-32.25970458984375
326.383209228,56.81143569946289,-32.258567810058594
326.532623291,56.99207305908203,-32.257747650146484
326.682037353,57.20008087158203,-32.25680160522461
326.881256103,57.45872116088867,-32.2556266784668
327.030670166,57.633880615234375,-32.25657653808594
327.229888916,57.88704299926758,-32.25861740112305
327.395904541,58.09505081176758,-32.26029586791992
327.595123291,58.34547424316406,-32.26231384277344
327.744537353,58.548004150390625,-32.263946533203125
327.893951416,58.72588348388672,-32.262962341308594
328.093170166,58.982200622558594,-32.24205780029297
328.242584228,59.18706130981445,-32.2065315246582
328.441802978,59.43747329711914,-32.136932373046875
328.641021728,59.66591262817383,-32.04185104370117
328.690826416,59.710533142089844,-32.01792526245117
328.890045166,59.91735076904297,-31.86144256591797
329.056060791,60.04595947265625,-31.700366973876953
329.255279541,60.141754150390625,-31.465579986572266
329.454498291,60.17376708984375,-31.212106704711914
329.653717041,60.164886474609375,-30.957923889160156
329.803131103,60.143096923828125,-30.751070022583008
330.002349853,60.11870574951172,-30.501850128173828
330.151763916,60.10639190673828,-30.328502655029297
330.350982666,60.09526062011719,-30.076967239379883
330.550201416,60.092018127441406,-29.818368911743164
330.716217041,60.09406280517578,-29.610376358032227
330.915435791,60.096893310546875,-29.353124618530273
331.114654541,60.099754333496094,-29.0931339263916
331.264068603,60.10199737548828,-28.889249801635742
331.463287353,60.10479736328125,-28.634737014770508
331.662506103,60.107566833496094,-28.382963180541992
331.861724853,60.11042785644531,-28.12297248840332
332.011138916,60.112430572509766,-27.94097900390625
332.210357666,60.1152458190918,-27.685096740722656
332.409576416,60.116024017333984,-27.430580139160156
332.575592041,60.11505889892578,-27.2266902923584
332.774810791,60.113853454589844,-26.972169876098633
332.974029541,60.112648010253906,-26.717649459838867
333.173248291,60.111427307128906,-26.457658767700195
333.372467041,60.110206604003906,-26.197668075561523
333.521881103,60.10926055908203,-26.0006160736084
333.721099853,60.108055114746094,-25.746095657348633
333.920318603,60.106842041015625,-25.488840103149414
334.086334228,60.105865478515625,-25.280847549438477
334.285552978,60.104652404785156,-25.023591995239258
334.484771728,60.10111999511719,-24.76911735534668
334.634185791,60.08674621582031,-24.593215942382812
334.833404541,60.033660888671875,-24.346128463745117
335.032623291,59.92493438720703,-24.124465942382812
335.182037353,59.79428482055664,-23.98532485961914
335.381256103,59.57318115234375,-23.877405166625977
335.580474853,59.31843948364258,-23.848276138305664
335.729888916,59.1410026550293,-23.860021591186523
335.945709228,58.859737396240234,-23.903236389160156
336.095123291,58.68016052246094,-23.932796478271484
336.294342041,58.42258071899414,-23.968130111694336
336.443756103,58.22346496582031,-23.983999252319336
336.642974853,57.97589111328125,-23.99117660522461
336.842193603,57.722740173339844,-23.990516662597656
336.991607666,57.54082489013672,-23.98518943786621
337.190826416,57.28110885620117,-23.972904205322266
337.390045166,57.029598236083984,-23.96076202392578
337.556060791,56.82855987548828,-23.953908920288086
337.755279541,56.5685920715332,-23.94949722290039
337.954498291,56.312721252441406,-23.946033477783203
338.103912353,56.11429977416992,-23.945234298706055
338.303131103,55.8583984375,-23.944202423095703
338.452545166,55.6763916015625,-23.94346809387207
338.651763916,55.41912078857422,-23.94243049621582
338.850982666,55.167327880859375,-23.941492080688477
339.050201416,54.91007995605469,-23.94401741027832
339.216217041,54.70210266113281,-23.94645881652832
339.415435791,54.46128463745117,-23.949281692504883
339.564849853,54.26150131225586,-23.95162010192871
339.764068603,54.00699234008789,-23.95460319519043
339.963287353,53.749752044677734,-23.95762062072754
340.162506103,53.48978042602539,-23.96067237854004
340.361724853,53.2407341003418,-23.96187973022461
340.511138916,53.062835693359375,-23.961719512939453
340.710357666,52.80830383300781,-23.961490631103516
340.926177978,52.52229309082031,-23.961238861083984
341.075592041,52.34850311279297,-23.961078643798828
341.274810791,52.096710205078125,-23.96084976196289
341.474029541,51.83835983276367,-23.949562072753906
341.673248291,51.57893371582031,-23.932607650756836
341.872467041,51.3299560546875,-23.92689323425293
342.071685791,51.0732421875,-23.91280746459961
342.221099853,50.867191314697266,-23.88448143005371
342.420318603,50.610660552978516,-23.842193603515625
342.636138916,50.361045837402344,-23.809852600097656
342.785552978,50.15602493286133,-23.80097770690918
342.984771728,49.89602279663086,-23.801687240600586
343.183990478,49.64426040649414,-23.801435470581055
343.383209228,49.391422271728516,-23.813905715942383
343.532623291,49.2110481262207,-23.823379516601562
343.731842041,48.9519157409668,-23.843721389770508
343.931060791,48.89729690551758,-23.85015296936035
344.080474853,48.89729690551758,-23.85015296936035
344.279693603,48.89729690551758,-23.85015296936035
344.495513916,48.89729690551758,-23.85015296936035
344.694732666,48.89729690551758,-23.85015296936035
344.844146728,48.89729690551758,-23.85015296936035
345.043365478,48.89729690551758,-23.85015296936035
345.242584228,48.89729690551758,-23.85015296936035
345.441802978,48.89729690551758,-23.85015296936035
345.641021728,48.89729690551758,-23.85015296936035
345.840240478,48.89729690551758,-23.85015296936035
346.006256103,48.89729690551758,-23.85015296936035
346.155670166,48.89729690551758,-23.85015296936035
346.305084228,48.89729690551758,-23.85015296936035
346.504302978,48.89729690551758,-23.85015296936035
346.703521728,48.89729690551758,-23.85015296936035
346.902740478,48.89729690551758,-23.85015296936035
347.101959228,48.89729690551758,-23.85015296936035
347.301177978,48.89729690551758,-23.85015296936035
347.450592041,48.896385192871094,-23.843399047851562
347.649810791,48.90177536010742,-23.832469940185547
347.815826416,49.03002166748047,-23.742538452148438
348.015045166,49.283348083496094,-23.693347930908203
348.164459228,49.480831146240234,-23.710407257080078
348.363677978,49.735042572021484,-23.764598846435547
348.513092041,49.908050537109375,-23.80599594116211
348.662506103,50.11256790161133,-23.843624114990234
348.811920166,50.293418884277344,-23.863773345947266
349.011138916,50.54770278930664,-23.87403106689453
349.160552978,50.74885177612305,-23.875083923339844
349.309967041,50.92811965942383,-23.874048233032227
349.525787353,51.21276092529297,-23.872400283813477
349.675201416,51.38928985595703,-23.871383666992188
349.824615478,51.59318923950195,-23.870206832885742
350.023834228,51.850460052490234,-23.86871910095215
350.173248291,52.032466888427734,-23.867664337158203
350.322662353,52.239105224609375,-23.86646842956543
350.521881103,52.48952865600586,-23.865028381347656
350.671295166,52.66742706298828,-23.864002227783203
350.820709228,52.87543487548828,-23.862796783447266
351.019927978,53.10807418823242,-23.8614501953125
351.169342041,53.310604095458984,-23.86028289794922
351.335357666,53.51039505004883,-23.859134674072266
351.534576416,53.77040481567383,-23.857627868652344
351.683990478,53.97704315185547,-23.85643196105957
351.833404541,54.15220260620117,-23.856447219848633
352.032623291,54.402626037597656,-23.85658073425293
352.182037353,54.60789489746094,-23.856687545776367
352.381256103,54.86790466308594,-23.856821060180664
352.530670166,55.04854202270508,-23.856914520263672
352.680084228,55.24696350097656,-23.85702133178711
352.879302978,55.47138595581055,-23.857141494750977
353.045318603,55.70128631591797,-23.857261657714844
353.194732666,55.88055419921875,-23.85735511779785
353.393951416,56.13508605957031,-23.85748863220215
353.543365478,56.334877014160156,-23.857595443725586
353.742584228,56.594886779785156,-23.857728958129883
353.891998291,56.776893615722656,-23.85782241821289
354.041412353,56.9766845703125,-23.857929229736328
354.240631103,57.23121643066406,-23.858062744140625
354.390045166,57.410484313964844,-23.858156204223633
354.556060791,57.618492126464844,-23.85826301574707
354.755279541,57.87165451049805,-23.858396530151367
354.904693603,58.07281494140625,-23.858503341674805
355.103912353,58.32871627807617,-23.8586368560791
355.253326416,58.51072311401367,-23.858976364135742
355.452545166,58.76649475097656,-23.86626625061035
355.601959228,58.96730041503906,-23.878097534179688
355.801177978,59.21139144897461,-23.898500442504883
355.950592041,59.38825225830078,-23.917566299438477
356.100006103,59.584815979003906,-23.95280647277832
356.266021728,59.777130126953125,-24.019620895385742
356.465240478,59.976627349853516,-24.157150268554688
356.614654541,60.080997467041016,-24.305330276489258
356.813873291,60.14979934692383,-24.554645538330078
356.963287353,60.152801513671875,-24.762407302856445
357.112701416,60.13584899902344,-24.940839767456055
357.262115478,60.11015319824219,-25.14724349975586
357.411529541,60.08905029296875,-25.32801055908203
357.610748291,60.06814193725586,-25.584369659423828
357.760162353,60.065250396728516,-25.785493850708008
357.926177978,60.06572341918945,-25.98801612854004
358.075592041,60.0661506652832,-26.17000961303711
358.225006103,60.06663513183594,-26.37663459777832
358.424224853,60.06722640991211,-26.62978744506836
358.573638916,60.06764221191406,-26.80767822265625
358.723052978,60.06813049316406,-27.015670776367188
358.922271728,60.068729400634766,-27.27155876159668
359.071685791,60.06914138793945,-27.448081970214844
359.221099853,60.069610595703125,-27.64923667907715
359.370513916,60.070030212402344,-27.828495025634766
359.536529541,60.070518493652344,-28.036487579345703
359.735748291,60.07111358642578,-28.29100799560547
359.885162353,60.07158279418945,-28.492162704467773
360.034576416,60.07200622558594,-28.672788619995117
360.183990478,60.07249450683594,-28.880781173706055
360.383209228,60.07309341430664,-29.136669158935547
360.532623291,60.07349395751953,-29.30908966064453
360.682037353,60.073974609375,-29.514347076416016
360.881256103,60.0745849609375,-29.774337768554688
361.030670166,60.07501220703125,-29.956331253051758
361.180084228,60.07548522949219,-30.15885353088379
361.329498291,60.07589340209961,-30.334009170532227
361.495513916,60.076358795166016,-30.533796310424805
361.644927978,60.076847076416016,-30.741788864135742
361.844146728,60.07743453979492,-30.993574142456055
361.993560791,60.07777404785156,-31.171464920043945
362.142974853,60.07240676879883,-31.369779586791992
362.292388916,60.052459716796875,-31.55059242248535
362.491607666,59.97439193725586,-31.797801971435547
362.641021728,59.86658477783203,-31.96856117248535
362.840240478,59.66983413696289,-32.12281036376953
363.006256103,59.491058349609375,-32.176753997802734
363.205474853,59.24009323120117,-32.17613220214844
363.404693603,58.995235443115234,-32.131134033203125
363.554107666,58.822330474853516,-32.0955696105957
363.653717041,58.69950866699219,-32.07511901855469
363.852935791,58.443458557128906,-32.051082611083984
364.052154541,58.18351364135742,-32.04657745361328
364.251373291,57.94559097290039,-32.04561233520508
364.400787353,57.921329498291016,-32.04551315307617
364.600006103,57.921329498291016,-32.04551315307617
364.815826416,57.921329498291016,-32.04551315307617
364.965240478,57.921329498291016,-32.04551315307617
365.164459228,57.921329498291016,-32.04551315307617
365.363677978,57.7933235168457,-32.04499053955078
365.562896728,57.53605270385742,-32.04393768310547
365.712310791,57.35404586791992,-32.043190002441406
365.911529541,57.09814453125,-32.042144775390625
366.110748291,56.850460052490234,-32.041221618652344
366.309967041,56.60006332397461,-32.04454803466797
366.459381103,56.42082214355469,-32.04777908325195
366.675201416,56.13622283935547,-32.052913665771484
366.824615478,55.93509292602539,-32.05653381347656
367.023834228,55.68333435058594,-32.060585021972656
367.223052978,55.42332458496094,-32.06001281738281
367.422271728,55.16331481933594,-32.05894470214844
367.621490478,54.911521911621094,-32.05792236328125
367.820709228,54.65562057495117,-32.05687713623047
367.970123291,54.47361373901367,-32.056129455566406
368.185943603,54.19171142578125,-32.05497741699219
368.335357666,54.01518249511719,-32.05426025390625
368.534576416,53.75517272949219,-32.053192138671875
368.733795166,53.499271392822266,-32.052146911621094
368.933013916,53.240631103515625,-32.05108642578125
369.082427978,53.035362243652344,-32.05024719238281
369.281646728,52.775352478027344,-32.04917907714844
369.431060791,52.59608459472656,-32.04844665527344
369.630279541,52.34429168701172,-32.04742431640625
369.846099853,52.063758850097656,-32.04627990722656
369.995513916,51.881752014160156,-32.0455322265625
370.194732666,51.63269805908203,-32.044525146484375
370.393951416,51.38090515136719,-32.04350280761719
370.543365478,51.175636291503906,-32.04266357421875
370.742584228,50.915626525878906,-32.041595458984375
370.941802978,50.65974426269531,-32.04391860961914
371.091217041,50.48461151123047,-32.04706954956055
371.290435791,50.23011779785156,-32.05165481567383
371.456451416,50.02214050292969,-32.0554084777832
371.655670166,49.766273498535156,-32.05978775024414
371.854888916,49.510372161865234,-32.059547424316406
372.054107666,49.250362396240234,-32.05847930908203
372.253326416,48.991722106933594,-32.05741882324219
372.402740478,48.79056167602539,-32.056602478027344
372.601959228,48.53466033935547,-32.05555725097656
372.801177978,48.27465057373047,-32.05448913574219
373.000396728,48.01737976074219,-32.053436279296875
373.149810791,47.842220306396484,-32.05272674560547
373.365631103,47.56442642211914,-32.051597595214844
373.564849853,47.3057861328125,-32.050537109375
373.714263916,47.12925720214844,-32.04981994628906
373.913482666,46.874725341796875,-32.04878234863281
374.112701416,46.614715576171875,-32.04771423339844
374.311920166,46.357444763183594,-32.046661376953125
374.461334228,46.15628433227539,-32.04584503173828
374.660552978,45.90312194824219,-32.04481506347656
374.809967041,45.72111511230469,-32.0440673828125
375.025787353,45.43647384643555,-32.04290008544922
375.225006103,45.183311462402344,-32.0418701171875
375.424224853,44.92332077026367,-32.04327392578125
375.573638916,44.74134063720703,-32.04541015625
375.772857666,44.490928649902344,-32.0483283996582
375.972076416,44.23915100097656,-32.051265716552734
376.171295166,43.981910705566406,-32.05427932739258
376.320709228,43.77393341064453,-32.05672073364258
376.536529541,43.51805877685547,-32.059715270996094
376.685943603,43.31554412841797,-32.06208038330078
376.885162353,43.0555534362793,-32.061100006103516
377.084381103,42.79831314086914,-32.05842208862305
377.283599853,42.54790115356445,-32.05582046508789
377.482818603,42.28792953491211,-32.0531120300293
377.682037353,42.02932357788086,-32.050418853759766
377.831451416,41.852806091308594,-32.048583984375
378.030670166,41.60102844238281,-32.04596710205078
378.229888916,41.345149993896484,-32.04338836669922
378.395904541,41.13715744018555,-32.044342041015625
378.595123291,40.881282806396484,-32.0465202331543
378.744537353,40.6760368347168,-32.04826736450195
378.943756103,40.41606521606445,-32.050479888916016
379.142974853,40.1574592590332,-32.05268096923828
379.292388916,39.98230743408203,-32.05417251586914
379.491607666,39.729164123535156,-32.05632781982422
379.690826416,39.46919250488281,-32.05854034423828
379.890045166,39.211952209472656,-32.06072998046875
380.056060791,39.00670623779297,-32.062477111816406
380.255279541,38.7521858215332,-32.06288146972656
380.454498291,38.49225616455078,-32.057884216308594
380.653717041,38.237388610839844,-32.01063919067383
380.852935791,38.025169372558594,-31.88920783996582
381.002349853,37.90128707885742,-31.726778030395508
381.151763916,37.83572769165039,-31.557342529296875
381.301177978,37.805294036865234,-31.36032485961914
381.500396728,37.8175048828125,-31.1104679107666
381.649810791,37.84034729003906,-30.932668685913086
381.865631103,37.88046646118164,-30.656410217285156
382.064849853,37.90571975708008,-30.39772605895996
382.264068603,37.91239929199219,-30.141935348510742
382.413482666,37.91238021850586,-29.962677001953125
382.612701416,37.91122055053711,-29.710891723632812
382.811920166,37.910037994384766,-29.45090103149414
382.961334228,37.909095764160156,-29.24427604675293
383.160552978,37.907936096191406,-28.992490768432617
383.376373291,37.90678024291992,-28.74207305908203
383.525787353,37.90583419799805,-28.534080505371094
383.725006103,37.904666900634766,-28.279560089111328
383.924224853,37.90350341796875,-28.02640724182129
384.073638916,37.90267562866211,-27.84441375732422
384.272857666,37.901493072509766,-27.584423065185547
384.472076416,37.90032196044922,-27.328535079956055
384.671295166,37.899166107177734,-27.07811737060547
384.820709228,37.89882278442383,-27.004592895507812
385.019927978,37.89882278442383,-27.004592895507812
385.235748291,37.89882278442383,-27.004592895507812
385.434967041,37.89882278442383,-27.004592895507812
385.634185791,37.89882278442383,-27.004592895507812
385.783599853,37.89882278442383,-27.004592895507812
385.982818603,37.89882278442383,-27.004592895507812
386.182037353,37.89882278442383,-27.004592895507812
386.381256103,37.89882278442383,-27.004592895507812
386.580474853,37.89882278442383,-27.004592895507812
386.796295166,37.89818572998047,-26.865095138549805
386.945709228,37.89724349975586,-26.658470153808594
387.144927978,37.896087646484375,-26.408052444458008
387.344146728,37.8966178894043,-26.152164459228516
387.493560791,37.897254943847656,-25.970170974731445
387.692779541,37.883522033691406,-25.710599899291992
387.891998291,37.86075973510742,-25.45846939086914
388.041412353,37.8459358215332,-25.25374984741211
388.240631103,37.83449172973633,-24.994014739990234
388.456451416,37.83127212524414,-24.739517211914062
388.605865478,37.83403396606445,-24.53701400756836
388.805084228,37.833412170410156,-24.27707290649414
389.004302978,37.81229019165039,-24.019346237182617
389.153717041,37.79557800292969,-23.844989776611328
389.352935791,37.7780876159668,-23.592449188232422
389.552154541,37.76828384399414,-23.332645416259766
389.751373291,37.76668167114258,-23.07539939880371
389.950592041,37.772911071777344,-22.825069427490234
390.149810791,37.78212356567383,-22.57208824157715
390.315826416,37.7919921875,-22.364328384399414
390.515045166,37.80940246582031,-22.113147735595703
390.714263916,37.829349517822266,-21.866270065307617
390.913482666,37.8471794128418,-21.624723434448242
391.112701416,37.858306884765625,-21.373193740844727
391.311920166,37.86162567138672,-21.11322593688965
391.511138916,37.85802459716797,-20.855995178222656
391.710357666,37.85369873046875,-20.604248046875
391.876373291,37.850242614746094,-20.40312385559082
392.075592041,37.84577941894531,-20.143171310424805
392.274810791,37.841407775878906,-19.888689041137695
392.424224853,37.838768005371094,-19.688920974731445
392.623443603,37.84082794189453,-19.433032989501953
392.822662353,37.843727111816406,-19.17304229736328
393.021881103,37.846519470214844,-18.922637939453125
393.221099853,37.84931182861328,-18.67223358154297
393.420318603,37.85216522216797,-18.416351318359375
393.586334228,37.85448455810547,-18.208358764648438
393.785552978,37.8550910949707,-17.959312438964844
393.984771728,37.85158157348633,-17.710281372070312
394.183990478,37.848472595214844,-17.45440673828125
394.333404541,37.84993362426758,-17.272418975830078
394.532623291,37.85881423950195,-17.01668930053711
394.731842041,37.873374938964844,-16.766691207885742
394.931060791,37.887298583984375,-16.515287399291992
395.130279541,37.90339660644531,-16.255788803100586
395.346099853,37.92863464355469,-15.9750337600708
395.495513916,37.942020416259766,-15.826848983764648
395.694732666,37.96242904663086,-15.575896263122559
395.893951416,37.97517776489258,-15.32443904876709
396.093170166,37.980037689208984,-15.06860065460205
396.292388916,37.977291107177734,-14.808621406555176
396.491607666,37.97287368774414,-14.551396369934082
396.690826416,37.96854782104492,-14.29964542388916
396.840240478,37.965023040771484,-14.094412803649902
397.056060791,37.9605598449707,-13.834450721740723
397.205474853,37.959957122802734,-13.63466739654541
397.404693603,37.96198654174805,-13.382887840270996
397.603912353,37.96408462524414,-13.122897148132324
397.803131103,37.96617126464844,-12.864274978637695
398.002349853,37.96821212768555,-12.611126899719238
398.201568603,37.97031021118164,-12.351136207580566
398.350982666,37.971778869628906,-12.169142723083496
398.500396728,37.97345733642578,-11.961150169372559
398.699615478,37.975311279296875,-11.731264114379883
398.865631103,37.97709274291992,-11.500008583068848
399.064849853,37.974666595458984,-11.240025520324707
399.264068603,37.97115707397461,-10.990994453430176
399.463287353,37.967533111572266,-10.733757972717285
399.662506103,37.96945571899414,-10.473834991455078
399.861724853,38.01667022705078,-10.2258882522583
400.011138916,38.099674224853516,-10.064654350280762
400.210357666,38.279815673828125,-9.899168968200684
400.359771728,38.43684768676758,-9.836477279663086
400.525787353,38.66488265991211,-9.812296867370605
400.675201416,38.831153869628906,-9.825980186462402
400.874420166,39.08192825317383,-9.869340896606445
401.023834228,39.28095626831055,-9.906824111938477
401.173248291,39.45418930053711,-9.93251895904541
401.372467041,39.7093505859375,-9.951208114624023
401.521881103,39.917213439941406,-9.958585739135742
401.671295166,40.09919738769531,-9.960735321044922
401.820709228,40.301700592041016,-9.958318710327148
401.970123291,40.47543716430664,-9.954341888427734
402.185943603,40.75862503051758,-9.947858810424805
402.335357666,40.94057846069336,-9.943693161010742
402.484771728,41.14170455932617,-9.940263748168945
402.683990478,41.39484786987305,-9.941679000854492
402.833404541,41.5740966796875,-9.943231582641602
403.032623291,41.834068298339844,-9.94548225402832
403.182037353,42.036582946777344,-9.947237014770508
403.331451416,42.20900344848633,-9.948732376098633
403.530670166,42.459415435791016,-9.950902938842773
403.680084228,42.6646614074707,-9.952680587768555
403.846099853,42.87263870239258,-9.95448112487793
403.995513916,43.04779052734375,-9.955999374389648
404.194732666,43.30094909667969,-9.956426620483398
404.344146728,43.50758743286133,-9.955608367919922
404.493560791,43.68959426879883,-9.954887390136719
404.692779541,43.94823455810547,-9.953863143920898
404.842193603,44.14665603637695,-9.953079223632812
404.991607666,44.323184967041016,-9.952381134033203
405.190826416,44.5804557800293,-9.951362609863281
405.340240478,44.7884635925293,-9.950538635253906
405.506256103,44.99373245239258,-9.949726104736328
405.655670166,45.17300033569336,-9.949016571044922
405.854888916,45.40800857543945,-9.94808578491211
406.004302978,45.61601638793945,-9.947261810302734
406.153717041,45.79802322387695,-9.946540832519531
406.352935791,46.0498161315918,-9.945545196533203
406.502349853,46.24960708618164,-9.944755554199219
406.651763916,46.42887496948242,-9.944046020507812
406.850982666,46.68888473510742,-9.943016052246094
407.000396728,46.89552307128906,-9.942197799682617
407.149810791,47.074790954589844,-9.941488265991211
407.315826416,47.27458190917969,-9.940698623657227
407.515045166,47.53459167480469,-9.939668655395508
407.664459228,47.73712158203125,-9.938867568969727
407.813873291,47.909542083740234,-9.938186645507812
408.013092041,48.1640739440918,-9.937179565429688
408.162506103,48.36934280395508,-9.93636703491211
408.311920166,48.55134963989258,-9.935646057128906
408.511138916,48.80588150024414,-9.935027122497559
408.660552978,49.004302978515625,-9.935495376586914
408.859771728,49.23009490966797,-9.936027526855469
409.009185791,49.43536376953125,-9.93651008605957
409.175201416,49.64337158203125,-9.93699836730957
409.324615478,49.840423583984375,-9.937463760375977
409.523834228,50.09084701538086,-9.938054084777832
409.723052978,50.34537887573242,-9.938652992248535
409.872467041,50.52738571166992,-9.939080238342285
410.021881103,50.73539352416992,-9.939568519592285
410.221099853,50.988555908203125,-9.940164566040039
410.420318603,51.24445724487305,-9.940766334533691
410.569732666,51.42646408081055,-9.941193580627441
410.735748291,51.63310241699219,-9.941679000854492
410.885162353,51.83700180053711,-9.942158699035645
411.084381103,52.09701156616211,-9.942769050598145
411.283599853,52.35565185546875,-9.943376541137695
411.433013916,52.53218078613281,-9.943792343139648
411.582427978,52.733341217041016,-9.944266319274902
411.781646728,52.993350982666016,-9.944876670837402
411.980865478,53.251991271972656,-9.945484161376953
412.130279541,53.42852020263672,-9.945899963378906
412.296295166,53.61444091796875,-9.946338653564453
412.495513916,53.68870544433594,-9.946514129638672
412.644927978,53.89671325683594,-9.947002410888672
412.844146728,54.13172149658203,-9.947553634643555
413.043365478,54.38899230957031,-9.948158264160156
413.192779541,54.568260192871094,-9.948579788208008
413.391998291,54.81868362426758,-9.949170112609863
413.491607666,54.94731903076172,-9.949472427368164
413.641021728,55.15532684326172,-9.949960708618164
413.840240478,55.41533660888672,-9.950571060180664
414.006256103,55.61512756347656,-9.951042175292969
414.155670166,55.7957649230957,-9.95146656036377
414.354888916,56.0557746887207,-9.95207691192627
414.504302978,56.259674072265625,-9.952556610107422
414.703521728,56.50872802734375,-9.953144073486328
414.852935791,56.68799591064453,-9.95356559753418
415.052154541,56.94800567626953,-9.95417594909668
415.201568603,57.15464401245117,-9.95466136932373
415.400787353,57.4036979675293,-9.955248832702637
415.550201416,57.578857421875,-9.95566177368164
415.749420166,57.83612823486328,-9.956266403198242
415.915435791,58.04413604736328,-9.956754684448242
416.064849853,58.243927001953125,-9.957225799560547
416.264068603,58.49571990966797,-9.957818984985352
416.463287353,58.75572967529297,-9.958429336547852
416.612701416,58.93773651123047,-9.958856582641602
416.811920166,59.193626403808594,-9.957782745361328
416.961334228,59.394744873046875,-9.953816413879395
417.160552978,59.65467834472656,-9.948685646057129
417.309967041,59.836631774902344,-9.945094108581543
417.525787353,60.11709976196289,-9.939802169799805
417.675201416,60.299102783203125,-9.939409255981445
417.874420166,60.559112548828125,-9.940019607543945
418.023834228,60.76301193237305,-9.940499305725098
418.223052978,60.97730255126953,-9.941003799438477
418.372467041,61.15930938720703,-9.941431045532227
418.571685791,61.411102294921875,-9.942024230957031
418.721099853,61.61226272583008,-9.942498207092285
418.920318603,61.86953353881836,-9.943102836608887
419.086334228,62.07754135131836,-9.943591117858887
419.285552978,62.33070373535156,-9.94418716430664
419.434967041,62.508602142333984,-9.944605827331543
419.584381103,62.716609954833984,-9.945094108581543
419.783599853,62.976619720458984,-9.945704460144043
419.933013916,63.03764343261719,-9.94584846496582
420.132232666,63.03764343261719,-9.94584846496582
420.331451416,63.03764343261719,-9.94584846496582
420.480865478,63.03764343261719,-9.94584846496582
420.680084228,63.03764343261719,-9.94584846496582
420.829498291,63.03764343261719,-9.94584846496582
421.045318603,63.03764343261719,-9.94584846496582
421.194732666,63.03764343261719,-9.94584846496582
421.393951416,63.22978210449219,-9.946300506591797
421.543365478,63.43778991699219,-9.946788787841797
421.742584228,63.69369125366211,-9.94739055633545
421.891998291,63.87022018432617,-9.947806358337402
422.091217041,64.12065887451172,-9.948396682739258
422.290435791,64.37930297851562,-9.949004173278809
422.456451416,64.58731079101562,-9.949492454528809
422.605865478,64.79258728027344,-9.94997501373291
422.805084228,65.05123138427734,-9.950582504272461
423.004302978,65.31124114990234,-9.951192855834961
423.153717041,65.48505401611328,-9.951602935791016
423.303131103,65.68623352050781,-9.95207691192627
423.502349853,65.94078063964844,-9.952675819396973
423.651763916,66.12278747558594,-9.953103065490723
423.850982666,66.38279724121094,-9.953713417053223
424.000396728,66.43778991699219,-9.953841209411621
424.216217041,66.43778991699219,-9.953841209411621
424.365631103,66.43778991699219,-9.953841209411621
424.564849853,66.43778991699219,-9.953841209411621
424.714263916,66.43778991699219,-9.953841209411621
424.913482666,66.56378936767578,-9.95413875579834
425.112701416,66.81014251708984,-9.954720497131348
425.262115478,67.01132202148438,-9.955194473266602
425.461334228,67.2645034790039,-9.955790519714355
425.610748291,67.4465103149414,-9.956217765808105
425.809967041,67.70105743408203,-9.956816673278809
425.975982666,67.90360260009766,-9.957293510437012
426.175201416,68.16224670410156,-9.957901000976562
426.324615478,68.37025451660156,-9.958389282226562
426.523834228,68.6234359741211,-9.958985328674316
426.723052978,68.87384796142578,-9.957202911376953
426.872467041,69.05585479736328,-9.95475959777832
427.071685791,69.31586456298828,-9.951269149780273
427.221099853,69.5197525024414,-9.948531150817871
427.420318603,69.77014923095703,-9.945167541503906
427.586334228,69.97403717041016,-9.942429542541504
427.735748291,70.15604400634766,-9.939986228942871
427.934967041,70.40644836425781,-9.93939208984375
428.084381103,70.60758972167969,-9.94113540649414
428.283599853,70.86210632324219,-9.943340301513672
428.433013916,71.04411315917969,-9.944915771484375
428.632232666,71.30137634277344,-9.9471435546875
428.781646728,71.50114440917969,-9.948875427246094
428.980865478,71.75016784667969,-9.951034545898438
429.130279541,71.92942810058594,-9.952587127685547
429.329498291,72.1644287109375,-9.954622268676758
429.495513916,72.36968994140625,-9.956399917602539
429.644927978,72.57632446289062,-9.957386016845703
429.844146728,72.82672119140625,-9.954893112182617
430.043365478,73.08261108398438,-9.952265739440918
430.192779541,73.25912475585938,-9.950453758239746
430.342193603,73.46572875976562,-9.952203750610352
430.541412353,73.70820617675781,-9.984148025512695
430.690826416,73.8712158203125,-10.043201446533203
430.790435791,73.98011779785156,-10.113759994506836
430.956451416,74.11268615722656,-10.27245807647705
431.105865478,74.18059539794922,-10.462312698364258
431.255279541,74.19978332519531,-10.643170356750488
431.404693603,74.20075225830078,-10.842926025390625
431.554107666,74.19688415527344,-11.020776748657227
431.703521728,74.19364166259766,-11.223244667053223
431.852935791,74.20285034179688,-11.404983520507812
432.052154541,74.23542785644531,-11.66283893585205
432.201568603,74.27532958984375,-11.86417007446289
432.350982666,74.3143310546875,-12.037737846374512
432.550201416,74.37164306640625,-12.285723686218262
432.716217041,74.41010284423828,-12.456229209899902
432.865631103,74.41010284423828,-12.456229209899902
433.064849853,74.41010284423828,-12.456229209899902
433.214263916,74.41010284423828,-12.456229209899902
433.413482666,74.41010284423828,-12.456229209899902
433.562896728,74.4113998413086,-12.461546897888184
433.762115478,74.41722106933594,-12.473821640014648
433.911529541,74.445556640625,-12.497971534729004
434.060943603,74.61225891113281,-12.543743133544922
434.260162353,74.85601806640625,-12.483372688293457
434.475982666,75.05791473388672,-12.323150634765625
434.675201416,75.2240219116211,-12.132196426391602
434.874420166,75.3988265991211,-11.941705703735352
435.073638916,75.48780059814453,-11.857535362243652
435.272857666,75.6878433227539,-11.698101997375488
435.472076416,75.89459991455078,-11.56220531463623
435.671295166,76.11624145507812,-11.44292163848877
435.870513916,76.34928131103516,-11.333953857421875
436.019927978,76.51382446289062,-11.25617504119873
436.235748291,76.7656478881836,-11.129521369934082
436.434967041,76.99639892578125,-11.009663581848145
436.584381103,77.17568969726562,-10.912566184997559
436.783599853,77.39777374267578,-10.788220405578613
436.982818603,77.62432861328125,-10.660642623901367
437.182037353,77.84137725830078,-10.538506507873535
437.331451416,77.99637603759766,-10.451225280761719
437.530670166,78.21770477294922,-10.32833480834961
437.729888916,78.44327545166016,-10.204652786254883
437.895904541,78.62564849853516,-10.104654312133789
438.095123291,78.8547592163086,-9.984681129455566
438.294342041,79.08430480957031,-9.881328582763672
438.493560791,79.32665252685547,-9.7871675491333
438.642974853,79.5225830078125,-9.717371940612793
438.842193603,79.7708969116211,-9.640408515930176
439.041412353,79.9970932006836,-9.576739311218262
439.240631103,80.24754333496094,-9.506927490234375
439.390045166,80.42241668701172,-9.467646598815918
439.605865478,80.70086669921875,-9.423795700073242
439.755279541,80.88141632080078,-9.40090560913086
439.954498291,81.1369857788086,-9.371286392211914
440.153717041,81.3832015991211,-9.334054946899414
440.303131103,81.58210754394531,-9.304062843322754
440.502349853,81.83203887939453,-9.273621559143066
440.651763916,82.01063537597656,-9.258352279663086
440.850982666,82.27053833007812,-9.251729965209961
441.000396728,82.4771728515625,-9.252708435058594
441.216217041,82.72882080078125,-9.26097297668457
441.365631103,82.93119049072266,-9.268457412719727
441.564849853,83.19096374511719,-9.259541511535645
441.714263916,83.36844635009766,-9.247220993041992
441.913482666,83.52356719970703,-9.23730754852295
442.062896728,83.52356719970703,-9.23730754852295
442.262115478,83.52356719970703,-9.23730754852295
442.461334228,83.52356719970703,-9.23730754852295
442.660552978,83.52356719970703,-9.23730754852295
442.809967041,83.53604888916016,-9.23659896850586
443.025787353,83.7938461303711,-9.22650146484375
443.225006103,84.0385513305664,-9.215603828430176
443.374420166,84.21224975585938,-9.209824562072754
443.573638916,84.46509552001953,-9.197361946105957
443.772857666,84.63621520996094,-9.185957908630371
443.922271728,84.76100158691406,-9.181095123291016
444.121490478,85.01130676269531,-9.186044692993164
444.320709228,85.26152038574219,-9.213310241699219
444.470123291,85.4359130859375,-9.248322486877441
444.636138916,85.63731384277344,-9.300199508666992
444.835357666,85.88681030273438,-9.3733491897583
444.984771728,85.95100402832031,-9.394243240356445
445.183990478,85.97474670410156,-9.402067184448242
445.333404541,86.13921356201172,-9.45619010925293
445.532623291,86.25630950927734,-9.493148803710938
445.682037353,86.25630950927734,-9.493148803710938
445.881256103,86.48786163330078,-9.56846809387207
446.080474853,86.7339859008789,-9.652181625366211
446.229888916,86.9062728881836,-9.71078109741211
446.395904541,87.09188842773438,-9.7721586227417
446.545318603,87.10665893554688,-9.776870727539062
446.744537353,87.2890625,-9.83273983001709
446.893951416,87.45201873779297,-9.884714126586914
447.093170166,87.54532623291016,-9.916328430175781
447.242584228,87.73381042480469,-9.996627807617188
447.441802978,87.95271301269531,-10.13597297668457
447.591217041,88.08556365966797,-10.256206512451172
447.790435791,88.25336456298828,-10.45447826385498
447.956451416,88.37043762207031,-10.624711036682129
448.105865478,88.48410034179688,-10.797259330749512
448.255279541,88.58515930175781,-10.946969032287598
448.354888916,88.6553955078125,-11.049803733825684
448.504302978,88.76962280273438,-11.217050552368164
448.703521728,88.9167709350586,-11.428032875061035
448.852935791,89.01045989990234,-11.550579071044922
449.052154541,89.1741943359375,-11.750768661499023
449.201568603,89.30308532714844,-11.906991004943848
449.350982666,89.41812133789062,-12.048008918762207
449.500396728,89.54563903808594,-12.207100868225098
449.649810791,89.65908813476562,-12.349403381347656
449.815826416,89.78865814208984,-12.512109756469727
449.965240478,89.91683197021484,-12.675938606262207
450.164459228,90.07748413085938,-12.880365371704102
450.313873291,90.1861801147461,-13.022913932800293
450.463287353,90.31082153320312,-13.18942928314209
450.612701416,90.42108917236328,-13.33419132232666
450.811920166,90.58140563964844,-13.538869857788086
450.961334228,90.70451354980469,-13.699666023254395
451.110748291,90.81352233886719,-13.843695640563965
451.260162353,90.9365234375,-14.008016586303711
451.409576416,91.04925537109375,-14.15088176727295
451.625396728,91.22306823730469,-14.374566078186035
451.774810791,91.33334350585938,-14.519340515136719
451.924224853,91.45856475830078,-14.68541145324707
452.123443603,91.61026763916016,-14.889780044555664
452.272857666,91.71924591064453,-15.035542488098145
452.422271728,91.84112548828125,-15.197291374206543
452.571685791,91.9502182006836,-15.3395414352417
452.770904541,92.10643768310547,-15.54736042022705
452.920318603,92.23342895507812,-15.712089538574219
453.086334228,92.35880279541016,-15.876334190368652
453.285552978,92.51842498779297,-16.081567764282227
453.434967041,92.62659454345703,-16.221065521240234
453.584381103,92.75254821777344,-16.3865966796875
453.733795166,92.85858154296875,-16.527732849121094
453.933013916,93.0125732421875,-16.737220764160156
454.082427978,93.12183380126953,-16.884029388427734
454.231842041,93.22916412353516,-17.027606964111328
454.381256103,93.35214233398438,-17.186786651611328
454.530670166,93.45930480957031,-17.323596954345703
454.729888916,93.61180877685547,-17.525667190551758
454.895904541,93.73612213134766,-17.692428588867188
455.045318603,93.85318756103516,-17.857683181762695
455.194732666,93.95646667480469,-18.000808715820312
455.393951416,94.11620330810547,-18.18819236755371
455.543365478,94.26138305664062,-18.337114334106445
455.692779541,94.39228820800781,-18.455488204956055
455.891998291,94.59356689453125,-18.615673065185547
456.041412353,94.7562026977539,-18.738658905029297
456.190826416,94.89823150634766,-18.843494415283203
456.390045166,95.07766723632812,-18.977632522583008
456.556060791,95.2394790649414,-19.10392951965332
456.705474853,95.3980712890625,-19.22988510131836
456.854888916,95.53363037109375,-19.34081268310547
457.054107666,95.73103332519531,-19.50580406188965
457.203521728,95.88356018066406,-19.632713317871094
457.402740478,96.07864379882812,-19.79402732849121
457.552154541,96.2169418334961,-19.908063888549805
457.751373291,96.41801452636719,-20.068532943725586
457.900787353,96.58036804199219,-20.198522567749023
458.100006103,96.75125885009766,-20.334487915039062
458.266021728,96.86520385742188,-20.42495346069336
458.415435791,97.00556945800781,-20.534238815307617
458.614654541,97.21330261230469,-20.69057273864746
458.764068603,97.35708618164062,-20.79700469970703
458.963287353,97.5619125366211,-20.950382232666016
459.112701416,97.70137023925781,-21.056350708007812
459.311920166,97.90503692626953,-21.213512420654297
459.461334228,98.06697082519531,-21.339643478393555
459.660552978,98.26551818847656,-21.507518768310547
459.809967041,98.40435791015625,-21.620899200439453
459.975982666,98.56806182861328,-21.749217987060547
460.175201416,98.77648162841797,-21.904632568359375
460.324615478,98.80982971191406,-21.929323196411133
460.523834228,98.80982971191406,-21.929323196411133
460.723052978,98.80982971191406,-21.929323196411133
460.872467041,98.80982971191406,-21.929323196411133
461.071685791,98.80982971191406,-21.929323196411133
461.221099853,98.80982971191406,-21.929323196411133
461.420318603,98.80982971191406,-21.929323196411133
461.569732666,98.80982971191406,-21.929323196411133
461.785552978,98.80982971191406,-21.929323196411133
461.984771728,98.82904815673828,-21.884105682373047
462.183990478,98.81622314453125,-21.64865493774414
462.333404541,98.72480010986328,-21.503923416137695
462.532623291,98.51117706298828,-21.36606216430664
462.731842041,98.26560974121094,-21.280879974365234
462.881256103,98.06999206542969,-21.21027946472168
463.030670166,97.90354919433594,-21.13676643371582
463.180084228,97.72686767578125,-21.035297393798828
463.346099853,97.56596374511719,-20.91242027282715
463.495513916,97.43172454833984,-20.793642044067383
463.694732666,97.24586486816406,-20.615787506103516
463.844146728,97.09661102294922,-20.472877502441406
464.043365478,96.90900421142578,-20.294857025146484
464.242584228,96.71910095214844,-20.127456665039062
464.391998291,96.58079528808594,-20.011268615722656
464.591217041,96.4670181274414,-19.91752052307129
464.790435791,96.27831268310547,-19.76422882080078
464.956451416,96.11699676513672,-19.63730239868164
465.105865478,95.98190307617188,-19.533288955688477
465.305084228,95.77556610107422,-19.379663467407227
465.504302978,95.56575775146484,-19.22844886779785
465.653717041,95.42083740234375,-19.12062644958496
465.852935791,95.21599578857422,-18.96500015258789
466.052154541,95.01734924316406,-18.805889129638672
466.251373291,94.8179931640625,-18.638980865478516
466.400787353,94.65789794921875,-18.50620460510254
466.600006103,94.45875549316406,-18.33904266357422
466.766021728,94.29988098144531,-18.211244583129883
466.965240478,94.10501098632812,-18.0561580657959
467.114654541,93.9663314819336,-17.942581176757812
467.313873291,93.78067779541016,-17.770610809326172
467.463287353,93.64141845703125,-17.621715545654297
467.662506103,93.47813415527344,-17.41943359375
467.861724853,93.32111358642578,-17.21221351623535
468.011138916,93.21379089355469,-17.07034683227539
468.210357666,93.05970764160156,-16.86432456970215
468.376373291,92.93362426757812,-16.698904037475586
468.575592041,92.7924575805664,-16.514474868774414
468.725006103,92.72637176513672,-16.429059982299805
468.924224853,92.56378173828125,-16.226181030273438
469.123443603,92.42082977294922,-16.055694580078125
469.322662353,92.41954803466797,-16.054157257080078
469.472076416,92.41954803466797,-16.054157257080078
469.671295166,92.41954803466797,-16.054157257080078
469.870513916,92.41954803466797,-16.054157257080078
470.086334228,92.41954803466797,-16.054157257080078
470.235748291,92.41954803466797,-16.054157257080078
470.434967041,92.309814453125,-15.919258117675781
470.634185791,92.15464782714844,-15.71750545501709
470.833404541,91.99798583984375,-15.509997367858887
471.032623291,91.84530639648438,-15.299565315246582
471.182037353,91.72333526611328,-15.131081581115723
471.381256103,91.5746841430664,-14.926170349121094
471.580474853,91.4201889038086,-14.722183227539062
471.729888916,91.31472778320312,-14.580617904663086
471.945709228,91.14486694335938,-14.350515365600586
472.144927978,90.98882293701172,-14.142581939697266
472.294342041,90.87631225585938,-13.999517440795898
472.493560791,90.70999145507812,-13.799681663513184
472.692779541,90.54268646240234,-13.60067367553711
472.891998291,90.38089752197266,-13.397147178649902
473.041412353,90.25902557373047,-13.23710823059082
473.240631103,90.10399627685547,-13.028385162353516
473.390045166,90.00127410888672,-12.884828567504883
473.605865478,89.83451843261719,-12.655852317810059
473.805084228,89.67655944824219,-12.449357032775879
474.004302978,89.51238250732422,-12.2477445602417
474.153717041,89.40035247802734,-12.104324340820312
474.352935791,89.2430191040039,-11.899068832397461
474.552154541,89.09095001220703,-11.693266868591309
474.751373291,88.94169616699219,-11.487092018127441
474.900787353,88.82366180419922,-11.319160461425781
475.100006103,88.66992950439453,-11.10947036743164
475.315826416,88.51598358154297,-10.90335750579834
475.465240478,88.39044952392578,-10.740952491760254
475.664459228,88.23274993896484,-10.534246444702148
475.863677978,88.07311248779297,-10.329039573669434
476.013092041,88.06304168701172,-10.31596851348877
476.212310791,88.06304168701172,-10.31596851348877
476.411529541,88.06304168701172,-10.31596851348877
476.610748291,88.06304168701172,-10.31596851348877
476.809967041,88.06304168701172,-10.31596851348877
476.975982666,88.06304168701172,-10.31596851348877
477.175201416,88.06304168701172,-10.31596851348877
477.374420166,88.06304168701172,-10.31596851348877
477.523834228,88.06304168701172,-10.31596851348877
477.723052978,87.9842758178711,-10.220849990844727
477.922271728,87.79932403564453,-10.044376373291016
478.121490478,87.58992004394531,-9.900146484375
478.270904541,87.42892456054688,-9.818445205688477
478.470123291,87.19279479980469,-9.723499298095703
478.685943603,86.92919921875,-9.623649597167969
478.835357666,86.7578125,-9.562433242797852
479.034576416,86.51083374023438,-9.481186866760254
479.233795166,86.26184844970703,-9.406355857849121
479.383209228,86.06541442871094,-9.351703643798828
479.582427978,85.8211441040039,-9.280220031738281
479.781646728,85.57354736328125,-9.200843811035156
479.931060791,85.4040298461914,-9.1469087600708
480.130279541,85.16264343261719,-9.086003303527832
480.296295166,84.9653091430664,-9.055403709411621
480.495513916,84.70829772949219,-9.046733856201172
480.595123291,84.5783920288086,-9.051267623901367
480.744537353,84.37614440917969,-9.061569213867188
480.893951416,84.20121765136719,-9.070311546325684
481.093170166,83.94406127929688,-9.077383041381836
481.242584228,83.73605346679688,-9.07894515991211
481.441802978,83.48292541503906,-9.081485748291016
481.591217041,83.30543518066406,-9.09284496307373
481.790435791,83.05769348144531,-9.128771781921387
481.956451416,82.85905456542969,-9.168131828308105
482.105865478,82.65402221679688,-9.202911376953125
482.255279541,82.47613525390625,-9.225069046020508
482.454498291,82.22418212890625,-9.24959659576416
482.603912353,82.03325653076172,-9.262893676757812
482.803131103,81.79427337646484,-9.274737358093262
482.952545166,81.61674499511719,-9.28610610961914
483.151763916,81.36702728271484,-9.31759262084961
483.301177978,81.17171478271484,-9.35938549041748
483.500396728,80.93150329589844,-9.42990779876709
483.649810791,80.76237487792969,-9.49690055847168
483.815826416,80.58108520507812,-9.595661163330078
483.965240478,80.41431427001953,-9.71973991394043
484.114654541,80.28414154052734,-9.842864036560059
484.264068603,80.15052795410156,-10.00035285949707
484.463287353,80.01520538330078,-10.220341682434082
484.612701416,79.94461822509766,-10.387913703918457
484.762115478,79.89718627929688,-10.585948944091797
484.911529541,79.88240051269531,-10.742188453674316
485.060943603,79.88159942626953,-10.947404861450195
485.210357666,79.89264678955078,-11.129036903381348
485.309967041,79.9044418334961,-11.253002166748047
485.525787353,79.92208862304688,-11.528759956359863
485.675201416,79.9192886352539,-11.71071720123291
485.824615478,79.90937042236328,-11.917104721069336
485.974029541,79.89808654785156,-12.09052848815918
486.123443603,79.88493347167969,-12.291257858276367
486.272857666,79.87555694580078,-12.468901634216309
486.472076416,79.86880493164062,-12.728803634643555
486.621490478,79.86849212646484,-12.935434341430664
486.770904541,79.86865234375,-13.110591888427734
486.920318603,79.86883544921875,-13.309012413024902
487.069732666,79.8689956665039,-13.488275527954102
487.235748291,79.86917877197266,-13.694907188415527
487.385162353,79.8693618774414,-13.896064758300781
487.534576416,79.86952209472656,-14.068485260009766
487.733795166,79.8697509765625,-14.325748443603516
487.883209228,79.86993408203125,-14.531011581420898
488.032623291,79.8700942993164,-14.713011741638184
488.182037353,79.87027740478516,-14.91964340209961
488.331451416,79.87043762207031,-15.097537994384766
488.480865478,79.87062072753906,-15.301432609558105
488.630279541,79.87078094482422,-15.48343276977539
488.829498291,79.87100982666016,-15.742064476013184
488.945709228,79.87114715576172,-15.893959045410156
489.144927978,79.87133026123047,-16.10687828063965
489.294342041,79.87149047851562,-16.286136627197266
489.443756103,79.87167358398438,-16.488658905029297
489.593170166,79.87183380126953,-16.666549682617188
489.742584228,79.87201690673828,-16.874542236328125
489.891998291,79.87217712402344,-17.056535720825195
490.041412353,79.87236022949219,-17.260425567626953
490.190826416,79.87252044677734,-17.43558120727539
490.390045166,79.87274932861328,-17.690101623535156
490.556060791,79.87293243408203,-17.898094177246094
490.705474853,79.87311553955078,-18.103351593017578
490.854888916,79.87318420410156,-18.19048309326172
491.004302978,79.87336730957031,-18.39710807800293
491.153717041,79.87352752685547,-18.57089614868164
491.303131103,79.87371063232422,-18.7747859954834
491.502349853,79.87393951416016,-19.03067398071289
491.651763916,79.87409973144531,-19.21266746520996
491.801177978,79.87428283691406,-19.419292449951172
491.950592041,79.87444305419922,-19.597183227539062
492.100006103,79.87462615966797,-19.798337936401367
492.266021728,79.87480926513672,-20.006330490112305
492.415435791,79.87496948242188,-20.18285369873047
492.564849853,79.87515258789062,-20.38127326965332
492.714263916,79.87303924560547,-20.559152603149414
492.863677978,79.8656997680664,-20.765647888183594
493.013092041,79.85494232177734,-20.947324752807617
493.162506103,79.83927917480469,-21.150617599487305
493.311920166,79.82588195800781,-21.328006744384766
493.511138916,79.81060028076172,-21.579328536987305
493.660552978,79.79745483398438,-21.746580123901367
493.809967041,79.79737091064453,-21.747577667236328
493.975982666,79.7923583984375,-21.80913543701172
494.125396728,79.77604675292969,-22.009628295898438
494.274810791,79.76898956298828,-22.096364974975586
494.474029541,79.76248168945312,-22.18462371826172
494.623443603,79.75117492675781,-22.392311096191406
494.772857666,79.74559020996094,-22.57421875
494.922271728,79.74372100830078,-22.77263069152832
495.071685791,79.74273681640625,-22.949153900146484
495.221099853,79.7424087524414,-23.153043746948242
495.370513916,79.74368286132812,-23.333669662475586
495.536529541,79.74341583251953,-23.541650772094727
495.735748291,79.71087646484375,-23.793725967407227
495.885162353,79.65531921386719,-23.988353729248047
496.034576416,79.59420776367188,-24.155424118041992
496.183990478,79.52152252197266,-24.345918655395508
496.333404541,79.45726776123047,-24.514724731445312
496.532623291,79.400390625,-24.762388229370117
496.682037353,79.37767791748047,-24.9691162109375
496.831451416,79.36181640625,-25.150415420532227
496.980865478,79.34367370605469,-25.354869842529297
497.130279541,79.32672882080078,-25.527830123901367
497.296295166,79.31855773925781,-25.72603416442871
497.445709228,79.31954956054688,-25.928556442260742
497.644927978,79.32229614257812,-26.188547134399414
497.794342041,79.32417297363281,-26.366432189941406
497.943756103,79.32133483886719,-26.566125869750977
498.043365478,79.3005599975586,-26.692913055419922
498.192779541,79.23844909667969,-26.85928726196289
498.342193603,79.13062286376953,-27.033618927001953
498.541412353,78.96807098388672,-27.231130599975586
498.690826416,78.84878540039062,-27.368553161621094
498.890045166,78.73275756835938,-27.58366584777832
499.056060791,78.7316665649414,-27.778911590576172
499.205474853,78.8118667602539,-27.96660804748535
499.404693603,78.97111511230469,-28.157800674438477
499.554107666,79.07718658447266,-28.29346466064453
499.703521728,79.14326477050781,-28.477338790893555
499.852935791,79.12792205810547,-28.656343460083008
500.052154541,79.02642822265625,-28.894878387451172
500.201568603,78.92537689208984,-29.076669692993164
500.350982666,78.84088134765625,-29.237821578979492
500.500396728,78.76264953613281,-29.42606544494629
500.649810791,78.69894409179688,-29.596546173095703
500.865631103,78.59880828857422,-29.861509323120117
501.015045166,78.52982330322266,-30.02992820739746
501.164459228,78.44856262207031,-30.209362030029297
501.313873291,78.34928894042969,-30.354955673217773
501.513092041,78.1578598022461,-30.52996063232422
501.662506103,77.98812103271484,-30.650169372558594
501.861724853,77.77423095703125,-30.79802703857422
502.011138916,77.66166687011719,-30.882715225219727
502.160552978,77.5393295288086,-31.033971786499023
502.309967041,77.49027252197266,-31.202293395996094
502.525787353,77.55720520019531,-31.475482940673828
502.675201416,77.67118835449219,-31.615108489990234
502.824615478,77.81079864501953,-31.750261306762695
503.023834228,77.94461822509766,-31.950010299682617
503.173248291,77.97001647949219,-32.11518859863281
503.322662353,77.91107940673828,-32.30863952636719
503.521881103,77.7382583618164,-32.49786376953125
503.671295166,77.57676696777344,-32.577430725097656
503.820709228,77.37432861328125,-32.62428665161133
504.036529541,77.12356567382812,-32.658870697021484
504.185943603,76.92254638671875,-32.68365478515625
504.385162353,76.6727523803711,-32.724491119384766
504.534576416,76.60597229003906,-32.73966979980469
504.733795166,76.60597229003906,-32.73966979980469
504.883209228,76.60597229003906,-32.73966979980469
505.032623291,76.6053695678711,-32.7451057434082
505.231842041,76.61929321289062,-32.79312515258789
505.381256103,76.74115753173828,-32.92125701904297
505.530670166,76.90616607666016,-32.99624252319336
505.729888916,77.16254425048828,-33.03702926635742
505.895904541,77.37025451660156,-33.04744338989258
506.045318603,77.57551574707031,-33.04609680175781
506.244537353,77.70545959472656,-33.04722595214844
506.393951416,77.7327880859375,-33.05558776855469
506.543365478,77.83757781982422,-33.15868377685547
506.742584228,77.9206314086914,-33.4019775390625
506.891998291,77.90563201904297,-33.58283615112305
507.041412353,77.85562896728516,-33.784698486328125
507.240631103,77.8237075805664,-34.038970947265625
507.390045166,77.8546142578125,-34.21384048461914
507.556060791,77.92772674560547,-34.4083251953125
507.705474853,78.01995086669922,-34.59321594238281
507.854888916,78.09976196289062,-34.7521858215332
508.054107666,78.26042938232422,-34.95419692993164
508.203521728,78.44740295410156,-35.041996002197266
508.402740478,78.7038345336914,-35.07197570800781
508.552154541,78.88304901123047,-35.076019287109375
508.701568603,79.08251953125,-35.086246490478516
508.900787353,79.32552337646484,-35.16121292114258
509.050201416,79.48009490966797,-35.257015228271484
509.216217041,79.64360809326172,-35.38328552246094
509.365631103,79.80101776123047,-35.51072692871094
509.564849853,79.9985580444336,-35.67959976196289
509.714263916,80.04584503173828,-35.729156494140625
509.863677978,80.04584503173828,-35.729156494140625
510.062896728,80.16305541992188,-35.872520446777344
510.212310791,80.26427459716797,-36.023738861083984
510.361724853,80.29289245605469,-36.070709228515625
510.560943603,80.38267517089844,-36.2408561706543
510.710357666,80.44886016845703,-36.40592956542969
510.876373291,80.51819610595703,-36.59767150878906
511.075592041,80.6101303100586,-36.84086990356445
511.225006103,80.64515686035156,-36.928627014160156
511.424224853,80.64515686035156,-36.928627014160156
511.573638916,80.65400695800781,-36.932212829589844
511.772857666,80.70233917236328,-36.92597198486328
511.922271728,80.82227325439453,-36.83745193481445
512.121459960,80.93152618408203,-36.61204147338867
512.320678710,80.968505859375,-36.36174011230469
512.519897460,81.01224517822266,-36.14041519165039
512.735717773,81.10790252685547,-35.87994384765625
512.885131835,81.14178466796875,-35.805267333984375
513.084350585,81.18011474609375,-35.72662353515625
513.233764648,81.27432250976562,-35.575889587402344
513.432983398,81.39994049072266,-35.42113494873047
513.632202148,81.39994049072266,-35.42113494873047
513.831420898,81.54203033447266,-35.261085510253906
513.980834960,81.67916870117188,-35.10470962524414
514.180053710,81.83881378173828,-34.90472412109375
514.395874023,81.99616241455078,-34.70293045043945
514.595092773,82.09830474853516,-34.567352294921875
514.744506835,82.20079803466797,-34.4257698059082
514.943725585,82.3321304321289,-34.24788284301758
515.142944335,82.33332061767578,-34.246280670166016
515.292358398,82.33332061767578,-34.246280670166016
515.491577148,82.33332061767578,-34.246280670166016
515.591186523,82.33332061767578,-34.246280670166016
515.790405273,82.35321044921875,-34.220149993896484
516.006225585,82.38726806640625,-34.18276596069336
516.205444335,82.61265563964844,-34.15296173095703
516.354858398,82.77857971191406,-34.21345138549805
516.504272460,82.93441772460938,-34.350093841552734
516.703491210,83.0860824584961,-34.56098937988281
516.852905273,83.18692779541016,-34.71249008178711
517.052124023,83.3458023071289,-34.91460418701172
517.201538085,83.492431640625,-35.056095123291016
517.400756835,83.699951171875,-35.2125244140625
517.550170898,83.84703063964844,-35.30503845214844
517.716186523,84.02547454833984,-35.403682708740234
517.915405273,84.25296020507812,-35.5267333984375
518.064819335,84.43436431884766,-35.62849807739258
518.264038085,84.53715515136719,-35.689422607421875
518.413452148,84.66946411132812,-35.769798278808594
518.562866210,84.84483337402344,-35.88163375854492
518.762084960,85.03994750976562,-36.01260757446289
518.911499023,85.08192443847656,-36.040916442871094
519.110717773,85.29496765136719,-36.185142517089844
519.260131835,85.46539306640625,-36.301944732666016
519.426147460,85.54723358154297,-36.35749435424805
519.625366210,85.76166534423828,-36.50276565551758
519.774780273,85.91259002685547,-36.60199737548828
519.973999023,86.0630111694336,-36.70000457763672
520.123413085,86.21703338623047,-36.79884719848633
520.322631835,86.43260955810547,-36.93922424316406
520.472045898,86.58631134033203,-37.03666305541992
520.671264648,86.80581665039062,-37.17599105834961
520.820678710,86.98246002197266,-37.28580093383789
520.970092773,87.13777923583984,-37.380653381347656
521.185913085,87.37777709960938,-37.5361442565918
521.335327148,87.52877044677734,-37.63775634765625
521.534545898,87.74285125732422,-37.78044128417969
521.683959960,87.91635131835938,-37.895164489746094
521.883178710,88.13211059570312,-38.032772064208984
522.032592773,88.2840805053711,-38.13288879394531
522.182006835,88.45592498779297,-38.24513626098633
522.381225585,88.67035675048828,-38.382225036621094
522.530639648,88.82310485839844,-38.48117446899414
522.729858398,89.037841796875,-38.61784362792969
522.879272460,89.19031524658203,-38.71720504760742
523.028686523,89.36331176757812,-38.832679748535156
523.244506835,89.59654998779297,-38.98602294921875
523.393920898,89.74851989746094,-39.08613967895508
523.593139648,89.96629333496094,-39.228153228759766
523.742553710,90.14041137695312,-39.341915130615234
523.941772460,90.35536193847656,-39.483238220214844
524.140991210,90.57245635986328,-39.62628173828125
524.290405273,90.72483825683594,-39.72578048706055
524.456420898,90.9012222290039,-39.83601379394531
524.605834960,91.0755844116211,-39.944297790527344
524.805053710,91.29129028320312,-40.08447265625
524.954467773,91.44084167480469,-40.18818283081055
525.153686523,91.64936065673828,-40.3388671875
525.303100585,91.80369567871094,-40.45466995239258
525.502319335,92.01397705078125,-40.6075325012207
525.651733398,92.168212890625,-40.7041130065918
525.850952148,92.39000701904297,-40.831756591796875
526.000366210,92.5708999633789,-40.92868423461914
526.166381835,92.75707244873047,-41.015098571777344
526.315795898,92.9200668334961,-41.09601593017578
526.515014648,93.14574432373047,-41.21949768066406
526.664428710,93.31332397460938,-41.33052444458008
526.813842773,93.44819641113281,-41.446346282958984
527.013061523,93.59741973876953,-41.65432357788086
527.162475585,93.66319274902344,-41.851070404052734
527.311889648,93.68477630615234,-42.02751541137695
527.461303710,93.68603515625,-42.229957580566406
527.660522460,93.6732406616211,-42.48143005371094
527.809936523,93.66072845458984,-42.66299819946289
527.975952148,93.64424896240234,-42.87033462524414
528.125366210,93.6293716430664,-43.076412200927734
528.274780273,93.62724304199219,-43.25425720214844
528.473999023,93.65441131591797,-43.508460998535156
528.623413085,93.68424224853516,-43.65083694458008
528.822631835,93.72484588623047,-43.79934310913086
528.972045898,93.77936553955078,-43.97011184692383
529.171264648,93.86151885986328,-44.2153434753418
529.320678710,93.92669677734375,-44.401302337646484
529.470092773,93.98410034179688,-44.56822967529297
529.636108398,94.05126953125,-44.76507568359375
529.785522460,94.11688232421875,-44.96245574951172
529.984741210,94.19313049316406,-45.208152770996094
530.134155273,94.24161529541016,-45.37504196166992
530.333374023,94.29578399658203,-45.5927619934082
530.482788085,94.32011413574219,-45.781272888183594
530.632202148,94.32254028320312,-45.836769104003906
530.781616210,94.32254028320312,-45.836769104003906
530.980834960,94.32254028320312,-45.836769104003906
531.130249023,94.32254028320312,-45.836769104003906
531.296264648,94.32254028320312,-45.836769104003906
