timestamp_sec,x,y
1.925601243,77.0999984741211,-6.199999809265137
2.124800443,77.0999984741211,-6.199999809265137
2.274199485,77.0999984741211,-6.199999809265137
2.473398208,77.0999984741211,-6.199999809265137
2.622797250,77.0999984741211,-6.199999809265137
2.821995973,77.0999984741211,-6.199999809265137
2.971395015,77.0999984741211,-6.199999809265137
3.170593738,77.0999984741211,-6.199999809265137
3.336592674,77.0999984741211,-6.199999809265137
3.535791397,77.0999984741211,-6.199999809265137
3.734990119,77.0999984741211,-6.199999809265137
3.884389162,77.0999984741211,-6.199999809265137
4.083589076,77.0999984741211,-6.199999809265137
4.232990264,77.0999984741211,-6.199999809265137
4.432191848,77.0999984741211,-6.199999809265137
4.631393432,77.0999984741211,-6.199999809265137
4.780794620,77.0999984741211,-6.199999809265137
4.996596336,77.0999984741211,-6.199999809265137
5.145997524,77.0999984741211,-6.199999809265137
5.345199108,77.0999984741211,-6.199999809265137
5.494600296,77.0999984741211,-6.199999809265137
5.693801879,77.0999984741211,-6.199999809265137
5.843203067,77.0999984741211,-6.199999809265137
6.042404651,77.0999984741211,-6.199999809265137
6.191805839,77.0999984741211,-6.199999809265137
6.391007423,77.0999984741211,-6.199999809265137
6.540408611,77.0999984741211,-6.199999809265137
6.689809799,77.0999984741211,-6.199999809265137
6.905611515,77.0999984741211,-6.199999809265137
7.055012702,77.0999984741211,-6.199999809265137
7.254214286,77.0999984741211,-6.199999809265137
7.403615474,77.0999984741211,-6.199999809265137
7.553016662,77.0999984741211,-6.199999809265137
7.752218246,77.0999984741211,-6.199999809265137
7.901619434,77.0999984741211,-6.199999809265137
8.051018714,77.0999984741211,-6.199999809265137
8.250214576,77.0999984741211,-6.199999809265137
8.416211128,77.0999984741211,-6.199999809265137
8.565608024,77.0999984741211,-6.199999809265137
8.715004920,77.0999984741211,-6.199999809265137
8.914200782,77.0999984741211,-6.199999809265137
9.063597679,77.0999984741211,-6.199999809265137
9.262793540,77.0999984741211,-6.199999809265137
9.412190437,77.0999984741211,-6.199999809265137
9.561587333,77.0999984741211,-6.199999809265137
9.760783195,77.0999984741211,-6.199999809265137
9.910180091,77.0999984741211,-6.199999809265137
10.076176643,77.0999984741211,-6.199999809265137
10.225573539,77.0999984741211,-6.199999809265137
10.374970436,77.0999984741211,-6.199999809265137
10.574166297,77.0999984741211,-6.199999809265137
10.723563194,77.0999984741211,-6.199999809265137
10.922759056,77.0999984741211,-6.199999809265137
11.072155952,77.0999984741211,-6.199999809265137
11.221552848,77.0999984741211,-6.199999809265137
11.420748710,77.0999984741211,-6.199999809265137
11.570145606,77.0999984741211,-6.199999809265137
11.736142158,77.0999984741211,-6.199999809265137
11.885539054,77.0999984741211,-6.199999809265137
12.034935951,77.0999984741211,-6.199999809265137
12.234131813,77.0999984741211,-6.199999809265137
12.383528709,77.0999984741211,-6.199999809265137
12.532925605,77.0999984741211,-6.199999809265137
12.732121467,77.0999984741211,-6.199999809265137
12.881518363,77.0999984741211,-6.199999809265137
13.030915260,77.0999984741211,-6.199999809265137
13.230111122,77.0999984741211,-6.199999809265137
13.396107673,77.0999984741211,-6.199999809265137
13.545504570,77.0999984741211,-6.199999809265137
13.744700431,77.0999984741211,-6.199999809265137
13.894097328,77.0999984741211,-6.199999809265137
14.043494224,77.0999984741211,-6.199999809265137
14.192891120,77.0999984741211,-6.199999809265137
14.342288017,77.0999984741211,-6.199999809265137
14.541483879,77.0999984741211,-6.199999809265137
14.690880775,77.0999984741211,-6.199999809265137
14.840277671,77.0999984741211,-6.199999809265137
15.006274223,77.0999984741211,-6.199999809265137
15.155671119,77.0999984741211,-6.199999809265137
15.354866981,77.0999984741211,-6.199999809265137
15.504263877,77.0999984741211,-6.199999809265137
15.653660774,77.0999984741211,-6.199999809265137
15.852856636,77.0999984741211,-6.199999809265137
16.002254486,77.0999984741211,-6.199999809265137
16.201450347,77.0999984741211,-6.199999809265137
16.350847244,77.0999984741211,-6.199999809265137
16.500244140,77.0999984741211,-6.199999809265137
16.666240692,77.0999984741211,-6.199999809265137
16.815637588,77.0999984741211,-6.199999809265137
17.014833450,77.0999984741211,-6.199999809265137
17.164230346,77.0999984741211,-6.199999809265137
17.313627243,77.0999984741211,-6.199999809265137
17.512823104,77.0999984741211,-6.199999809265137
17.662220001,77.0999984741211,-6.199999809265137
17.861415863,77.0999984741211,-6.199999809265137
18.010812759,77.0999984741211,-6.199999809265137
18.160209655,77.0999984741211,-6.199999809265137
18.326206207,77.0999984741211,-6.199999809265137
18.475603103,77.0999984741211,-6.199999809265137
18.674798965,77.0999984741211,-6.199999809265137
18.824195861,77.0999984741211,-6.199999809265137
18.973592758,77.0999984741211,-6.199999809265137
19.172788619,77.0999984741211,-6.199999809265137
19.322185516,77.0999984741211,-6.199999809265137
19.471582412,77.0999984741211,-6.199999809265137
19.620979309,77.0999984741211,-6.199999809265137
19.820175170,77.0999984741211,-6.199999809265137
19.936372756,77.0999984741211,-6.199999809265137
20.035970687,77.0999984741211,-6.199999809265137
20.235166549,77.0999984741211,-6.199999809265137
20.384563446,77.0999984741211,-6.199999809265137
20.533960342,77.0999984741211,-6.199999809265137
20.733156204,77.0999984741211,-6.199999809265137
20.882553100,77.0999984741211,-6.199999809265137
21.031949996,77.0999984741211,-6.199999809265137
21.231145858,77.0999984741211,-6.199999809265137
21.380542755,77.0999984741211,-6.199999809265137
21.529939651,77.0999984741211,-6.199999809265137
21.745735168,77.0999984741211,-6.199999809265137
21.895132064,77.0999984741211,-6.199999809265137
22.044528961,77.0999984741211,-6.199999809265137
22.243724822,77.0999984741211,-6.199999809265137
22.393121719,77.0999984741211,-6.199999809265137
22.542518615,77.0999984741211,-6.199999809265137
22.741714477,77.0999984741211,-6.199999809265137
22.891111373,77.0999984741211,-6.199999809265137
23.090307235,77.0999984741211,-6.199999809265137
23.256303787,77.0999984741211,-6.199999809265137
23.405700683,77.0999984741211,-6.199999809265137
23.555097579,77.0999984741211,-6.199999809265137
23.704494476,77.0999984741211,-6.199999809265137
23.903690338,77.0999984741211,-6.199999809265137
24.053087234,77.0999984741211,-6.199999809265137
24.202484130,77.0999984741211,-6.199999809265137
24.401679992,77.0999984741211,-6.199999809265137
24.551076889,77.0999984741211,-6.199999809265137
24.700473785,77.0999984741211,-6.199999809265137
24.849870681,77.0999984741211,-6.199999809265137
25.065666198,77.0999984741211,-6.199999809265137
25.215063095,77.0999984741211,-6.199999809265137
25.414258956,77.0999984741211,-6.199999809265137
25.563655853,77.0999984741211,-6.199999809265137
25.762851715,77.0999984741211,-6.199999809265137
25.912248611,77.0999984741211,-6.199999809265137
26.061645507,77.0999984741211,-6.199999809265137
26.260841369,77.0999984741211,-6.199999809265137
26.410238265,77.0999984741211,-6.199999809265137
26.576234817,77.0999984741211,-6.199999809265137
26.725631713,77.0999984741211,-6.199999809265137
26.924827575,77.0999984741211,-6.199999809265137
27.074224472,77.0999984741211,-6.199999809265137
27.223621368,77.0999984741211,-6.199999809265137
27.422817230,77.0999984741211,-6.199999809265137
27.572214126,77.0999984741211,-6.199999809265137
27.721611022,77.0999984741211,-6.199999809265137
27.871007919,77.0999984741211,-6.199999809265137
28.070203781,77.0999984741211,-6.199999809265137
28.236200332,77.0999984741211,-6.199999809265137
28.385597229,77.0999984741211,-6.199999809265137
28.534994125,77.0999984741211,-6.199999809265137
28.734189987,77.0999984741211,-6.199999809265137
28.883586883,77.0999984741211,-6.199999809265137
29.082782745,77.0999984741211,-6.199999809265137
29.232179641,77.0999984741211,-6.199999809265137
29.381576538,77.0999984741211,-6.199999809265137
29.530973434,77.0999984741211,-6.199999809265137
29.730169296,77.0999984741211,-6.199999809265137
29.896165847,77.0999984741211,-6.199999809265137
30.045562744,77.0999984741211,-6.199999809265137
30.194959640,77.0999984741211,-6.199999809265137
30.394155502,77.0999984741211,-6.199999809265137
30.543552398,77.0999984741211,-6.199999809265137
30.692949295,77.0999984741211,-6.199999809265137
30.842346191,77.0999984741211,-6.199999809265137
31.041542053,77.0999984741211,-6.199999809265137
31.190938949,77.0999984741211,-6.199999809265137
31.340335845,77.0999984741211,-6.199999809265137
31.506332397,77.0999984741211,-6.199999809265137
31.655729293,77.0999984741211,-6.199999809265137
31.854925155,77.0999984741211,-6.199999809265137
32.004322052,77.0999984741211,-6.199999809265137
32.153736114,77.0999984741211,-6.199999809265137
32.352954864,77.0999984741211,-6.199999809265137
32.502368927,77.0999984741211,-6.199999809265137
32.651782989,77.0999984741211,-6.199999809265137
32.801197052,77.0999984741211,-6.199999809265137
33.000415802,77.0999984741211,-6.199999809265137
33.149829864,77.0999984741211,-6.199999809265137
33.315845489,77.0999984741211,-6.199999809265137
33.465259552,77.0999984741211,-6.199999809265137
33.614673614,77.0999984741211,-6.199999809265137
33.813892364,77.0999984741211,-6.199999809265137
33.963306427,77.0999984741211,-6.199999809265137
34.112720489,77.0999984741211,-6.199999809265137
34.311939239,77.0999984741211,-6.199999809265137
34.461353302,77.0999984741211,-6.199999809265137
34.610767364,77.0999984741211,-6.199999809265137
34.760181427,77.0999984741211,-6.199999809265137
34.926197052,77.0999984741211,-6.199999809265137
35.125415802,77.0999984741211,-6.199999809265137
35.274829864,77.0999984741211,-6.199999809265137
35.474048614,77.0999984741211,-6.199999809265137
35.623462677,77.0999984741211,-6.199999809265137
35.772876739,77.0999984741211,-6.199999809265137
35.922290802,77.0999984741211,-6.199999809265137
36.071704864,77.0999984741211,-6.199999809265137
36.270923614,77.0999984741211,-6.199999809265137
36.420337677,77.0999984741211,-6.199999809265137
36.586353302,77.0999984741211,-6.199999809265137
36.735767364,77.0999984741211,-6.199999809265137
36.934986114,77.0999984741211,-6.199999809265137
37.084400177,77.0999984741211,-6.199999809265137
37.233814239,77.0999984741211,-6.199999809265137
37.333423614,77.0999984741211,-6.199999809265137
37.482837677,77.0999984741211,-6.199999809265137
37.632251739,77.0999984741211,-6.199999809265137
37.831470489,77.0999984741211,-6.199999809265137
37.980884552,77.0999984741211,-6.199999809265137
38.130298614,77.0999984741211,-6.199999809265137
38.296314239,77.0999984741211,-6.199999809265137
38.445728302,77.0999984741211,-6.199999809265137
38.644947052,77.0999984741211,-6.199999809265137
38.794361114,77.0999984741211,-6.199999809265137
38.943775177,77.0999984741211,-6.199999809265137
39.093189239,77.0999984741211,-6.199999809265137
39.242603302,77.0999984741211,-6.199999809265137
39.441822052,77.0999984741211,-6.199999809265137
39.591236114,77.0999984741211,-6.199999809265137
39.740650177,77.0999984741211,-6.199999809265137
39.890064239,77.0999984741211,-6.199999809265137
40.056079864,77.0999984741211,-6.199999809265137
40.255298614,77.0999984741211,-6.199999809265137
40.404712677,77.0999984741211,-6.199999809265137
40.554126739,77.0999984741211,-6.199999809265137
40.753345489,77.0999984741211,-6.199999809265137
40.902759552,77.0999984741211,-6.199999809265137
41.052173614,77.0999984741211,-6.199999809265137
41.251392364,77.0999984741211,-6.199999809265137
41.400806427,77.0999984741211,-6.199999809265137
41.550220489,77.0999984741211,-6.199999809265137
41.716236114,77.0999984741211,-6.199999809265137
41.915454864,77.0999984741211,-6.199999809265137
42.064868927,77.0999984741211,-6.199999809265137
42.214282989,77.0999984741211,-6.199999809265137
42.413501739,77.0999984741211,-6.199999809265137
42.562915802,77.0999984741211,-6.199999809265137
42.762134552,77.0999984741211,-6.199999809265137
42.911548614,77.0999984741211,-6.199999809265137
43.060962677,77.0999984741211,-6.199999809265137
43.260181427,77.0999984741211,-6.199999809265137
43.409595489,77.0999984741211,-6.199999809265137
43.575611114,77.0999984741211,-6.199999809265137
43.725025177,77.0999984741211,-6.199999809265137
43.874439239,77.0999984741211,-6.199999809265137
44.023853302,77.0999984741211,-6.199999809265137
44.223072052,77.0999984741211,-6.199999809265137
44.372486114,77.0999984741211,-6.199999809265137
44.521900177,77.0999984741211,-6.199999809265137
44.721118927,77.0999984741211,-6.199999809265137
44.870532989,77.0999984741211,-6.199999809265137
45.036548614,77.0999984741211,-6.199999809265137
45.235767364,77.0999984741211,-6.199999809265137
45.385181427,77.0999984741211,-6.199999809265137
45.534595489,77.0999984741211,-6.199999809265137
45.684009552,77.0999984741211,-6.199999809265137
45.883228302,77.0999984741211,-6.199999809265137
46.032642364,77.0999984741211,-6.199999809265137
46.182056427,77.0999984741211,-6.199999809265137
46.381275177,77.0999984741211,-6.199999809265137
46.530689239,77.0999984741211,-6.199999809265137
46.680103302,77.0999984741211,-6.199999809265137
46.846118927,77.0999984741211,-6.199999809265137
46.995532989,77.0999984741211,-6.199999809265137
47.144947052,77.0999984741211,-6.199999809265137
47.294361114,77.0999984741211,-6.199999809265137
47.493579864,77.0999984741211,-6.199999809265137
47.642993927,77.0999984741211,-6.199999809265137
47.792407989,77.0999984741211,-6.199999809265137
47.941822052,77.0999984741211,-6.199999809265137
48.141040802,77.0999984741211,-6.199999809265137
48.290454864,77.0999984741211,-6.199999809265137
48.456470489,77.0999984741211,-6.199999809265137
48.655689239,77.0999984741211,-6.199999809265137
48.805103302,77.04033660888672,-6.2146077156066895
49.004322052,76.79415893554688,-6.174134731292725
49.203540802,76.59957885742188,-6.0058112144470215
49.452564239,76.4451904296875,-5.735067367553711
49.601978302,76.35358428955078,-5.554452896118164
49.801197052,76.22198486328125,-5.335108757019043
50.050220489,76.03902435302734,-5.098036766052246
50.266040802,75.8429183959961,-4.899528503417969
50.465259552,75.78913116455078,-4.849940776824951
50.714282989,75.78913116455078,-4.849940776824951
50.913501739,75.78913116455078,-4.849940776824951
51.162525177,75.78913116455078,-4.849940776824951
51.361743927,75.7829360961914,-4.844552993774414
51.560962677,75.65169525146484,-4.780862808227539
51.760181427,75.40766143798828,-4.78726863861084
51.926197052,75.2342300415039,-4.8985090255737305
52.125415802,75.10626220703125,-5.122604846954346
52.324634552,75.04399108886719,-5.3749165534973145
52.474048614,74.99544525146484,-5.547411918640137
52.673267364,74.88396453857422,-5.781716346740723
52.822681427,74.76068878173828,-5.949024200439453
52.972095489,74.6356201171875,-6.081126689910889
53.171314239,74.44441986083984,-6.246918678283691
53.370532989,74.24019622802734,-6.407829284667969
53.536548614,74.08000183105469,-6.531763076782227
53.735767364,73.88870239257812,-6.695330619812012
53.885181427,73.73906707763672,-6.839790344238281
54.084400177,73.55474090576172,-7.023159503936768
54.233814239,73.42977142333984,-7.149777889251709
54.433032989,73.251953125,-7.3260955810546875
54.632251739,73.07762145996094,-7.500088691711426
54.781665802,72.93621826171875,-7.641216278076172
54.881275177,72.84790802001953,-7.729005336761475
55.080493927,72.66539764404297,-7.906393527984619
55.229907989,72.53559112548828,-8.032004356384277
55.445728302,72.32984161376953,-8.228668212890625
55.595142364,72.19547271728516,-8.35141658782959
55.794361114,72.00858306884766,-8.522197723388672
55.943775177,71.86190032958984,-8.657857894897461
56.093189239,71.7363510131836,-8.776039123535156
56.292407989,71.5563735961914,-8.952134132385254
56.491626739,71.37947082519531,-9.131328582763672
56.641040802,71.23747253417969,-9.275741577148438
56.840259552,71.21195220947266,-9.3016939163208
57.006275177,71.21195220947266,-9.3016939163208
57.155689239,71.21195220947266,-9.3016939163208
57.354907989,71.21195220947266,-9.3016939163208
57.504322052,71.21195220947266,-9.3016939163208
57.703540802,71.20509338378906,-9.316591262817383
57.852954864,71.19738006591797,-9.417473793029785
58.052173614,71.28707885742188,-9.643270492553711
58.201587677,71.44451904296875,-9.77698802947998
58.400806427,71.6942138671875,-9.838313102722168
58.600025177,71.9501953125,-9.796622276306152
58.766040802,72.15154266357422,-9.74439525604248
58.965259552,72.40380859375,-9.695043563842773
59.164478302,72.65779876708984,-9.6918363571167
59.313892364,72.83450317382812,-9.721229553222656
59.513111114,73.08269500732422,-9.798175811767578
59.662525177,73.27720642089844,-9.871868133544922
59.861743927,73.51829528808594,-9.961584091186523
60.011157989,73.68353271484375,-10.037674903869629
60.210376739,73.90193176269531,-10.177712440490723
60.376392364,74.0384750366211,-10.33361530303955
60.525806427,74.11656951904297,-10.519536972045898
60.675220489,74.14498901367188,-10.699142456054688
60.824634552,74.15177917480469,-10.902813911437988
61.023853302,74.14141082763672,-11.151637077331543
61.173267364,74.13135528564453,-11.329246520996094
61.322681427,74.12845611572266,-11.537178039550781
61.472095489,74.13899230957031,-11.71883487701416
61.671314239,74.17621612548828,-11.976055145263672
61.820728302,74.22318267822266,-12.178642272949219
61.970142364,74.26997375488281,-12.353106498718262
62.136157989,74.32292938232422,-12.54858684539795
62.335376739,74.38629913330078,-12.79932689666748
62.484790802,74.43101501464844,-12.999653816223145
62.634204864,74.46560668945312,-13.174147605895996
62.833423614,74.5079574584961,-13.422338485717773
62.982837677,74.53734588623047,-13.62134075164795
63.132251739,74.56290435791016,-13.801535606384277
63.331470489,74.6015396118164,-14.058640480041504
63.480884552,74.6354751586914,-14.263848304748535
63.630298614,74.66828155517578,-14.440081596374512
63.796314239,74.70907592773438,-14.639849662780762
63.945728302,74.7495346069336,-14.839690208435059
64.144943237,74.80046844482422,-15.09465503692627
64.294357299,74.83475494384766,-15.273397445678711
64.443771362,74.8720474243164,-15.47385311126709
64.593185424,74.90526580810547,-15.651402473449707
64.792404174,74.9540023803711,-15.906784057617188
64.941818237,74.99784088134766,-16.110105514526367
65.141036987,75.0497817993164,-16.356470108032227
65.290451049,75.0849380493164,-16.528060913085938
65.456466674,75.12391662597656,-16.72540283203125
65.605880737,75.1622085571289,-16.924270629882812
65.755294799,75.19478607177734,-17.10332679748535
65.904708862,75.23001098632812,-17.308319091796875
66.103927612,75.2728271484375,-17.560609817504883
66.253341674,75.30208587646484,-17.736080169677734
66.402755737,75.33748626708984,-17.93409538269043
66.552169799,75.37067413330078,-18.107467651367188
66.751388549,75.4194564819336,-18.358661651611328
66.900802612,75.46049499511719,-18.562570571899414
67.050216674,75.49536895751953,-18.741199493408203
67.216232299,75.53382873535156,-18.94003677368164
67.415451049,75.58229064941406,-19.19268798828125
67.564865112,75.61786651611328,-19.39763069152832
67.714279174,75.64949798583984,-19.576860427856445
67.863693237,75.68899536132812,-19.776885986328125
68.062911987,75.73649597167969,-20.024150848388672
68.212326049,75.76761627197266,-20.197908401489258
68.361740112,75.80207824707031,-20.393312454223633
68.511154174,75.8336181640625,-20.568389892578125
68.660568237,75.8699951171875,-20.773189544677734
68.809982299,75.8991928100586,-20.95283317565918
68.975997924,75.93435668945312,-21.15784454345703
69.175216674,75.95492553710938,-21.269357681274414
69.324630737,75.95492553710938,-21.269357681274414
69.523849487,75.95492553710938,-21.269357681274414
69.673263549,75.95492553710938,-21.269357681274414
69.822677612,75.95492553710938,-21.269357681274414
69.972091674,75.9640884399414,-21.31813621520996
70.171310424,76.0079116821289,-21.570249557495117
70.320724487,76.04707336425781,-21.76753807067871
70.519943237,76.10436248779297,-21.994384765625
70.669357299,76.16011047363281,-22.186233520507812
70.835372924,76.22508239746094,-22.383811950683594
70.984786987,76.29293060302734,-22.580429077148438
71.184005737,76.38121032714844,-22.81622314453125
71.333419799,76.44781494140625,-22.981172561645508
71.532638549,76.54852294921875,-23.220876693725586
71.682052612,76.62771606445312,-23.413206100463867
71.831466674,76.6960220336914,-23.58042335510254
72.030685424,76.78936767578125,-23.812789916992188
72.180099487,76.86432647705078,-23.999446868896484
72.296310424,76.91307830810547,-24.11995506286621
72.445724487,76.98870086669922,-24.30487632751465
72.644943237,77.0850830078125,-24.54486846923828
72.794357299,77.15347290039062,-24.710567474365234
72.993576049,77.25033569335938,-24.947418212890625
73.142990112,77.32763671875,-25.1390380859375
73.292404174,77.39469909667969,-25.308225631713867
73.491622924,77.48560333251953,-25.545963287353516
73.641036987,77.55811309814453,-25.735065460205078
73.790451049,77.62364959716797,-25.90485382080078
73.956466674,77.70093536376953,-26.09795379638672
74.155685424,77.80195617675781,-26.334556579589844
74.305099487,77.88452911376953,-26.52396583557129
74.504318237,77.98523712158203,-26.757719039916992
74.653732299,78.05474090576172,-26.92591667175293
74.803146362,78.13347625732422,-27.118436813354492
75.002365112,78.23311614990234,-27.35858154296875
75.151779174,78.30200958251953,-27.527036666870117
75.350997924,78.40035247802734,-27.76771354675293
75.500411987,78.4806900024414,-27.95956802368164
75.649826049,78.55118560791016,-28.127355575561523
75.865646362,78.6619644165039,-28.391021728515625
76.015060424,78.73223114013672,-28.55890464782715
76.214279174,78.82970428466797,-28.79106903076172
76.363693237,78.90874481201172,-28.983461380004883
76.562911987,79.0075454711914,-29.21802520751953
76.712326049,79.07704162597656,-29.381786346435547
76.911544799,79.17771911621094,-29.61556053161621
77.060958862,79.25788116455078,-29.803037643432617
77.210372924,79.32830047607422,-29.97085952758789
77.409591674,79.42755889892578,-30.211162567138672
77.575607299,79.50495910644531,-30.401268005371094
77.725021362,79.58476257324219,-30.593341827392578
77.924240112,79.6873779296875,-30.832246780395508
78.073654174,79.75543212890625,-30.995113372802734
78.223068237,79.82111358642578,-31.186635971069336
78.422286987,79.88529205322266,-31.432905197143555
78.571701049,79.92958068847656,-31.598115921020508
78.770919799,79.9638442993164,-31.704954147338867
78.920333862,80.02550506591797,-31.85126304626465
79.086349487,80.14897155761719,-32.017539978027344
79.235763549,80.28974151611328,-32.11835479736328
79.434982299,80.53956604003906,-32.184364318847656
79.634201049,80.79849243164062,-32.169063568115234
79.783615112,80.99478149414062,-32.1200065612793
79.982833862,81.09387969970703,-32.08347702026367
80.182052612,81.09387969970703,-32.08347702026367
80.381271362,81.09387969970703,-32.08347702026367
80.580490112,81.09387969970703,-32.08347702026367
80.729904174,81.09387969970703,-32.08347702026367
80.945724487,81.09387969970703,-32.08347702026367
81.144943237,81.09387969970703,-32.08347702026367
81.344161987,81.09387969970703,-32.08347702026367
81.493576049,81.09387969970703,-32.08347702026367
81.692794799,81.09387969970703,-32.08347702026367
81.892013549,81.09387969970703,-32.08347702026367
82.091232299,81.09387969970703,-32.08347702026367
82.290451049,81.09387969970703,-32.08347702026367
82.506271362,81.09387969970703,-32.08347702026367
82.655685424,81.09387969970703,-32.08347702026367
82.854904174,81.09387969970703,-32.08347702026367
83.054122924,81.09387969970703,-32.08347702026367
83.253341674,81.09387969970703,-32.08347702026367
83.452560424,81.09387969970703,-32.08347702026367
83.651779174,81.09387969970703,-32.08347702026367
83.850997924,81.09387969970703,-32.08347702026367
84.000411987,81.09387969970703,-32.08347702026367
84.199630737,81.09387969970703,-32.08347702026367
84.415451049,81.09387969970703,-32.08347702026367
84.614669799,81.09387969970703,-32.08347702026367
84.764083862,81.09387969970703,-32.08347702026367
84.963302612,81.09387969970703,-32.08347702026367
85.162521362,81.09387969970703,-32.08347702026367
85.361740112,81.09387969970703,-32.08347702026367
85.560958862,81.09387969970703,-32.08347702026367
85.760177612,81.09387969970703,-32.08347702026367
85.975997924,81.09387969970703,-32.08347702026367
86.175216674,81.09387969970703,-32.08347702026367
86.374435424,81.09387969970703,-32.08347702026367
86.573654174,81.09387969970703,-32.08347702026367
86.723068237,81.09387969970703,-32.08347702026367
86.922286987,81.09387969970703,-32.08347702026367
87.121505737,81.09387969970703,-32.08347702026367
87.370529174,81.09387969970703,-32.08347702026367
87.536544799,81.09387969970703,-32.08347702026367
87.735763549,81.09387969970703,-32.08347702026367
87.934982299,81.18302154541016,-32.05023193359375
88.134201049,81.42252349853516,-32.01076126098633
88.283615112,81.62449645996094,-32.022457122802734
88.482833862,81.87549591064453,-32.06434631347656
88.682052612,82.1206283569336,-32.10829544067383
88.831466674,82.2952651977539,-32.13395309448242
89.030685424,82.5504150390625,-32.15216827392578
89.229904174,82.81036376953125,-32.15666961669922
89.395919799,83.015625,-32.155616760253906
89.595138549,83.2701416015625,-32.15400695800781
89.694747924,83.400146484375,-32.15441131591797
89.844161987,83.54561614990234,-32.157257080078125
90.043380737,83.54661560058594,-32.157283782958984
90.242599487,83.54661560058594,-32.157283782958984
90.441818237,83.54661560058594,-32.157283782958984
90.641036987,83.65936279296875,-32.159053802490234
90.790451049,83.84136962890625,-32.15855407714844
90.989669799,84.09039306640625,-32.15619659423828
91.155685424,84.29153442382812,-32.15428924560547
91.354904174,84.55154418945312,-32.15180969238281
91.554122924,84.8046875,-32.14940643310547
91.703536987,85.00582885742188,-32.147499084472656
91.902755737,85.25897216796875,-32.14509582519531
92.101974487,85.40547180175781,-32.14370346069336
92.251388549,85.40547180175781,-32.14370346069336
92.450607299,85.4929428100586,-32.1448860168457
92.649826049,85.75257873535156,-32.158409118652344
92.815841674,85.95722961425781,-32.17409133911133
93.015060424,86.21365356445312,-32.19460678100586
93.214279174,86.47209930419922,-32.222679138183594
93.413497924,86.71757507324219,-32.271732330322266
93.562911987,86.91657257080078,-32.3221321105957
93.762130737,87.1597900390625,-32.381771087646484
93.911544799,87.32894134521484,-32.41512680053711
94.110763549,87.49847412109375,-32.444454193115234
94.309982299,87.49847412109375,-32.444454193115234
94.475997924,87.49847412109375,-32.444454193115234
94.675216674,87.49847412109375,-32.444454193115234
94.874435424,87.49847412109375,-32.444454193115234
95.073654174,87.49847412109375,-32.444454193115234
95.223068237,87.56029510498047,-32.45359420776367
95.422286987,87.81558227539062,-32.46903991699219
95.621505737,88.06907653808594,-32.449180603027344
95.820724487,88.3122787475586,-32.39060974121094
95.970138549,88.48441314697266,-32.331512451171875
96.185958862,88.7499008178711,-32.24091720581055
96.385177612,88.99937438964844,-32.16775894165039
96.584396362,89.24986267089844,-32.11583709716797
96.733810424,89.42501831054688,-32.094181060791016
96.933029174,89.67623901367188,-32.077491760253906
97.132247924,89.84312438964844,-32.064762115478516
97.331466674,89.84312438964844,-32.064762115478516
97.530685424,89.84312438964844,-32.064762115478516
97.680099487,89.84312438964844,-32.064762115478516
97.895919799,89.84312438964844,-32.064762115478516
98.095138549,89.84312438964844,-32.064762115478516
98.294357299,89.84312438964844,-32.064762115478516
98.443771362,89.86772918701172,-32.09090042114258
98.642990112,89.95487976074219,-32.3079719543457
98.792404174,89.94635009765625,-32.485023498535156
98.941818237,89.89306640625,-32.68013381958008
99.141036987,89.7969741821289,-32.91876220703125
99.290451049,89.7327651977539,-33.083187103271484
99.456466674,89.67205047607422,-33.274906158447266
99.655685424,89.61210632324219,-33.522254943847656
99.805099487,89.56910705566406,-33.72573471069336
99.954513549,89.53532409667969,-33.90455627441406
100.103927612,89.50061798095703,-34.10963439941406
100.253341674,89.47391510009766,-34.2855110168457
100.452560424,89.4340591430664,-34.53135299682617
100.601974487,89.40032958984375,-34.73659896850586
100.801193237,89.35417175292969,-34.98967361450195
100.950607299,89.31892395019531,-35.16822052001953
101.100021362,89.28018188476562,-35.36699676513672
101.266036987,89.24261474609375,-35.56739044189453
101.415451049,89.21070861816406,-35.739620208740234
101.564865112,89.1713638305664,-35.93967819213867
101.764083862,89.11952209472656,-36.19306182861328
101.913497924,89.08547973632812,-36.3718376159668
102.062911987,89.04729461669922,-36.576290130615234
102.262130737,89.00091552734375,-36.8223762512207
102.411544799,88.96843719482422,-36.995887756347656
102.560958862,88.93067169189453,-37.19763946533203
102.760177612,88.8827133178711,-37.44898986816406
102.926193237,88.84534454345703,-37.653594970703125
103.075607299,88.81261444091797,-37.82844924926758
103.274826049,88.76641082763672,-38.073177337646484
103.424240112,88.72809600830078,-38.26646041870117
103.623458862,88.67725372314453,-38.513057708740234
103.772872924,88.6458969116211,-38.685386657714844
103.972091674,88.59952545166016,-38.939815521240234
104.121505737,88.55859375,-39.14374923706055
104.270919799,88.5210952758789,-39.32184982299805
104.470138549,88.48129272460938,-39.52998733520508
104.636154174,88.48129272460938,-39.52998733520508
104.785568237,88.47142791748047,-39.59170150756836
104.984786987,88.4458999633789,-39.8493766784668
105.134201049,88.43978881835938,-40.03124237060547
105.283615112,88.44137573242188,-40.23649597167969
105.482833862,88.44194793701172,-40.488277435302734
105.632247924,88.43775939941406,-40.662010192871094
105.831466674,88.42533874511719,-40.921695709228516
105.980880737,88.4114761352539,-41.12922668457031
106.180099487,88.38761138916016,-41.37987518310547
106.346115112,88.36613464355469,-41.578514099121094
106.495529174,88.34636688232422,-41.759429931640625
106.694747924,88.31377410888672,-42.01600646972656
106.844161987,88.29105377197266,-42.214500427246094
106.993576049,88.27198028564453,-42.38861846923828
107.093185424,88.25746154785156,-42.513671875
107.292404174,88.23235321044922,-42.76144790649414
107.441818237,88.21620178222656,-42.968814849853516
107.641036987,88.20680236816406,-43.07439422607422
107.790451049,88.20680236816406,-43.07439422607422
107.956466674,88.20680236816406,-43.07439422607422
108.155685424,88.20680236816406,-43.07439422607422
108.305099487,88.20680236816406,-43.07439422607422
108.504318237,88.20574188232422,-43.075260162353516
108.653732299,88.2010498046875,-43.07804870605469
108.852951049,88.1822738647461,-43.075477600097656
109.052169799,88.10964965820312,-43.00453186035156
109.251388549,88.02880096435547,-42.7634162902832
109.450607299,88.04441833496094,-42.50878143310547
109.600021362,88.08914184570312,-42.311283111572266
109.815841674,88.1473159790039,-42.06631088256836
109.965255737,88.1844482421875,-41.86170196533203
110.164474487,88.20892333984375,-41.60295486450195
110.363693237,88.2090072631836,-41.3485221862793
110.562911987,88.19327545166016,-41.0944938659668
110.762130737,88.18089294433594,-40.83480453491211
110.911544799,88.17716217041016,-40.655582427978516
111.110763549,88.1781997680664,-40.40516662597656
111.309982299,88.18099212646484,-40.147926330566406
111.475997924,88.1832504272461,-39.93994903564453
111.675216674,88.18596649169922,-39.689537048339844
111.874435424,88.18878936767578,-39.4295654296875
112.073654174,88.19161224365234,-39.169593811035156
112.272872924,88.19441986083984,-38.910987854003906
112.422286987,88.19660186767578,-38.7098388671875
112.621505737,88.18571472167969,-38.454345703125
112.820724487,88.12871551513672,-38.208133697509766
112.970138549,88.0538558959961,-38.042564392089844
113.185958862,87.88294982910156,-37.81412124633789
113.385177612,87.6925048828125,-37.6456298828125
113.534591674,87.54698944091797,-37.54331970214844
113.733810424,87.3342514038086,-37.401092529296875
113.933029174,87.11742401123047,-37.25758361816406
114.132247924,86.90352630615234,-37.11220169067383
114.281661987,86.73942565917969,-36.988922119140625
114.480880737,86.54351043701172,-36.83075714111328
114.630294799,86.40294647216797,-36.71514892578125
114.846115112,86.18048095703125,-36.53541564941406
115.045333862,85.98186492919922,-36.371917724609375
115.194747924,85.84133911132812,-36.25843048095703
115.393966674,85.64286041259766,-36.10124588012695
115.593185424,85.44176483154297,-35.940765380859375
115.792404174,85.24102020263672,-35.77988815307617
115.941818237,85.0798568725586,-35.65276336669922
116.141036987,84.87503051757812,-35.49262237548828
116.340255737,84.66942596435547,-35.33799362182617
116.506271362,84.50111389160156,-35.21578598022461
116.705490112,84.28827667236328,-35.06646728515625
116.854904174,84.13943481445312,-34.961753845214844
117.054122924,83.92989349365234,-34.80783462524414
117.253341674,83.72441864013672,-34.65300750732422
117.402755737,83.56217193603516,-34.531776428222656
117.601974487,83.35709381103516,-34.3719596862793
117.801193237,83.1541976928711,-34.20938491821289
117.950607299,83.011474609375,-34.09645462036133
118.149826049,82.80437469482422,-33.939247131347656
118.315841674,82.64375305175781,-33.81589126586914
118.515060424,82.43543243408203,-33.66033172607422
118.664474487,82.26827239990234,-33.536537170410156
118.863693237,82.05963134765625,-33.38136672973633
119.062911987,81.85095977783203,-33.226261138916016
119.212326049,81.70574951171875,-33.12114334106445
119.411544799,81.4957275390625,-32.967891693115234
119.610763549,81.28584289550781,-32.8144416809082
119.760177612,81.11859893798828,-32.69078063964844
119.975997924,80.91647338867188,-32.5383415222168
120.125411987,80.75321960449219,-32.409461975097656
120.324630737,80.54995727539062,-32.247337341308594
120.523849487,80.34298706054688,-32.09689712524414
120.723068237,80.13521575927734,-31.945213317871094
120.872482299,80.0003433227539,-31.82328987121582
121.071701049,79.85720825195312,-31.607751846313477
121.270919799,79.79754638671875,-31.364389419555664
121.470138549,79.80896759033203,-31.113327026367188
121.636154174,79.83723449707031,-30.918317794799805
121.835372924,79.87615966796875,-30.662635803222656
122.034591674,79.90707397460938,-30.404512405395508
122.233810424,79.91705322265625,-30.147531509399414
122.433029174,79.91527557373047,-29.894378662109375
122.632247924,79.91321563720703,-29.634387969970703
122.781661987,79.91157531738281,-29.427762985229492
122.980880737,79.9095458984375,-29.173242568969727
123.180099487,79.90756225585938,-28.92692756652832
123.395919799,79.90550231933594,-28.66693687438965
123.545333862,79.90386199951172,-28.460311889648438
123.744552612,79.90185546875,-28.20989418029785
123.943771362,79.89983367919922,-27.956741333007812
124.142990112,79.89777374267578,-27.69675064086914
124.342208862,79.89653015136719,-27.43675994873047
124.491622924,79.89789581298828,-27.26160430908203
124.641036987,79.89949798583984,-27.057714462280273
124.840255737,79.90155792236328,-26.7977237701416
125.006271362,79.9031753540039,-26.592466354370117
125.205490112,79.90520477294922,-26.3352108001709
125.404708862,79.90726470947266,-26.075220108032227
125.603927612,79.90926361083984,-25.82069969177246
125.803146362,79.91120147705078,-25.5716495513916
126.002365112,79.9131088256836,-25.325334548950195
126.201583862,79.91516876220703,-25.065343856811523
126.400802612,79.91722869873047,-24.80535316467285
126.600021362,79.90826416015625,-24.548343658447266
126.766036987,79.88460540771484,-24.3444766998291
126.965255737,79.85338592529297,-24.091880798339844
127.164474487,79.83586883544922,-23.836673736572266
127.363693237,79.83507537841797,-23.584896087646484
127.562911987,79.83789825439453,-23.324905395507812
127.762130737,79.83920288085938,-23.203414916992188
127.911544799,79.83920288085938,-23.203414916992188
128.110763549,79.83920288085938,-23.203414916992188
128.309982299,79.83920288085938,-23.203414916992188
128.525802612,79.83920288085938,-23.203414916992188
128.675216674,79.83920288085938,-23.203414916992188
128.924240112,79.83920288085938,-23.203414916992188
129.073654174,79.83920288085938,-23.203414916992188
129.272872924,79.83920288085938,-23.203414916992188
129.472091674,79.83920288085938,-23.203414916992188
129.671310424,79.83920288085938,-23.203414916992188
129.870529174,79.83920288085938,-23.203414916992188
130.086349487,79.83920288085938,-23.203414916992188
130.285568237,79.83920288085938,-23.203414916992188
130.484786987,79.83920288085938,-23.203414916992188
130.634201049,79.83920288085938,-23.203414916992188
130.833419799,79.83920288085938,-23.203414916992188
131.032638549,79.83920288085938,-23.203414916992188
131.231857299,79.83920288085938,-23.203414916992188
131.431076049,79.83920288085938,-23.203414916992188
131.630294799,79.83920288085938,-23.203414916992188
131.846115112,79.83920288085938,-23.203414916992188
131.995529174,79.83920288085938,-23.203414916992188
132.194747924,79.83920288085938,-23.203414916992188
132.393966674,79.83920288085938,-23.203414916992188
132.593185424,79.83920288085938,-23.203414916992188
132.792404174,79.83920288085938,-23.203414916992188
132.991622924,79.83920288085938,-23.203414916992188
133.190841674,79.83920288085938,-23.203414916992188
133.340255737,79.83920288085938,-23.203414916992188
133.556076049,79.83920288085938,-23.203414916992188
133.705490112,79.83920288085938,-23.203414916992188
133.904708862,79.83920288085938,-23.203414916992188
134.103927612,79.83920288085938,-23.203414916992188
134.303146362,79.83920288085938,-23.203414916992188
134.502365112,79.83920288085938,-23.203414916992188
134.701583862,79.83920288085938,-23.203414916992188
134.900802612,79.83920288085938,-23.203414916992188
135.100021362,79.83920288085938,-23.203414916992188
135.249435424,79.83920288085938,-23.203414916992188
135.465255737,79.83920288085938,-23.203414916992188
135.664474487,79.83920288085938,-23.203414916992188
135.863693237,79.83920288085938,-23.203414916992188
136.062911987,79.83920288085938,-23.203414916992188
136.262130737,79.83920288085938,-23.203414916992188
136.461349487,79.83920288085938,-23.203414916992188
136.660568237,79.83920288085938,-23.203414916992188
136.809982299,79.83920288085938,-23.203414916992188
137.025802612,79.83920288085938,-23.203414916992188
137.225021362,79.83920288085938,-23.203414916992188
137.374435424,79.83920288085938,-23.203414916992188
137.573654174,79.83920288085938,-23.203414916992188
137.772872924,79.83920288085938,-23.203414916992188
137.972091674,79.83920288085938,-23.203414916992188
138.171310424,79.83920288085938,-23.203414916992188
138.370529174,79.83920288085938,-23.203414916992188
138.586349487,79.83920288085938,-23.203414916992188
138.785568237,79.83920288085938,-23.203414916992188
138.934982299,79.83920288085938,-23.203414916992188
139.134201049,79.83920288085938,-23.203414916992188
139.333419799,79.83757019042969,-23.178468704223633
139.532638549,79.83544158935547,-22.921573638916016
139.731857299,79.85041809082031,-22.662015914916992
139.931076049,79.87120819091797,-22.415205001831055
140.130294799,79.89119720458984,-22.169710159301758
140.346115112,79.90848541259766,-21.892475128173828
140.545333862,79.916015625,-21.63396644592285
140.744552612,79.9159164428711,-21.379446029663086
140.943771362,79.91413116455078,-21.127660751342773
141.142990112,79.91231536865234,-20.870405197143555
141.292404174,79.9110336303711,-20.688411712646484
141.491622924,79.90923309326172,-20.43389129638672
141.690841674,79.9074478149414,-20.182106018066406
141.890060424,79.90565490722656,-19.928953170776367
141.989669799,79.90473937988281,-19.79895782470703
142.205490112,79.90274047851562,-19.515703201293945
142.354904174,79.9014892578125,-19.33917999267578
142.603927612,79.89911651611328,-19.002559661865234
142.753341674,79.89783477783203,-18.820566177368164
142.952560424,79.89684295654297,-18.570148468017578
143.101974487,79.8996353149414,-18.369007110595703
143.301193237,79.90348052978516,-18.11313819885254
143.500411987,79.9073715209961,-17.853166580200195
143.716232299,79.91117095947266,-17.60140037536621
143.915451049,79.91475677490234,-17.346895217895508
144.114669799,79.91374206542969,-17.086904525756836
144.264083862,79.91228485107422,-16.880279541015625
144.463302612,79.9104995727539,-16.628494262695312
144.662521362,79.90868377685547,-16.371238708496094
144.861740112,79.90685272216797,-16.111248016357422
145.060958862,79.90506744384766,-15.859466552734375
145.260177612,79.90327453613281,-15.606318473815918
145.475997924,79.90144348144531,-15.346327781677246
145.625411987,79.90000915527344,-15.14380931854248
145.824630737,79.8982162475586,-14.890661239624023
146.023849487,79.89663696289062,-14.632037162780762
146.223068237,79.89867401123047,-14.372044563293457
146.372482299,79.90019989013672,-14.196893692016602
146.571701049,79.90238189697266,-13.94648265838623
146.770919799,79.9046401977539,-13.689229011535645
146.970138549,79.90692901611328,-13.429238319396973
147.136154174,79.90874481201172,-13.222614288330078
147.335372924,79.9109878540039,-12.966729164123535
147.534591674,79.91327667236328,-12.706738471984863
147.733810424,79.91551971435547,-12.45085334777832
147.933029174,79.9165267944336,-12.200438499450684
148.132247924,79.91471099853516,-11.943184852600098
148.331466674,79.91287994384766,-11.683194160461426
148.530685424,79.91108703613281,-11.430046081542969
148.729904174,79.9093017578125,-11.178266525268555
148.895919799,79.90785217285156,-10.973011016845703
149.095138549,79.90892028808594,-10.71712875366211
149.294357299,79.93380737304688,-10.465548515319824
149.493576049,80.0198974609375,-10.225695610046387
149.692794799,80.1821517944336,-10.03708267211914
149.892013549,80.41118621826172,-9.916352272033691
150.091232299,80.66368865966797,-9.856504440307617
150.290451049,80.90911102294922,-9.836661338806152
150.456466674,81.10747528076172,-9.837600708007812
150.655685424,81.36296081542969,-9.851613998413086
150.854904174,81.62236022949219,-9.868770599365234
151.004318237,81.82445526123047,-9.881646156311035
151.203536987,82.08014678955078,-9.891670227050781
151.352951049,82.26213073730469,-9.893926620483398
151.552169799,82.52214050292969,-9.893131256103516
151.751388549,82.76841735839844,-9.892301559448242
151.950607299,83.01744079589844,-9.891462326049805
152.100021362,83.21858215332031,-9.89078426361084
152.315841674,83.47859191894531,-9.889906883239746
152.465255737,83.68110656738281,-9.8892240524292
152.664474487,83.93013000488281,-9.888384819030762
152.863693237,84.18739318847656,-9.887516975402832
153.062911987,84.44740295410156,-9.886639595031738
153.262130737,84.70329284667969,-9.88577651977539
153.411544799,84.87843322753906,-9.885186195373535
153.610763549,85.13706970214844,-9.884313583374023
153.809982299,85.39707946777344,-9.88343620300293
153.975997924,85.60096740722656,-9.8827486038208
154.175216674,85.85960388183594,-9.881875991821289
154.374435424,86.11961364746094,-9.880998611450195
154.523849487,86.32212829589844,-9.880315780639648
154.723068237,86.57664489746094,-9.879457473754883
154.922286987,86.83665466308594,-9.878580093383789
155.121505737,87.0911865234375,-9.877721786499023
155.270919799,87.26768493652344,-9.875662803649902
155.470138549,87.52156066894531,-9.857796669006348
155.685958862,87.80719757080078,-9.849373817443848
155.835372924,87.98213958740234,-9.871088027954102
155.984786987,88.1688232421875,-9.94717788696289
156.134201049,88.30193328857422,-10.062163352966309
156.333419799,88.42571258544922,-10.282562255859375
156.482833862,88.4601058959961,-10.484489440917969
156.632247924,88.46439361572266,-10.666374206542969
156.781661987,88.44934844970703,-10.873781204223633
156.931076049,88.43073272705078,-11.054824829101562
157.080490112,88.4128646850586,-11.25791072845459
157.229904174,88.41069030761719,-11.43301010131836
157.395919799,88.42184448242188,-11.639322280883789
157.545333862,88.44457244873047,-11.841898918151855
157.694747924,88.47467803955078,-12.019998550415039
157.893966674,88.52831268310547,-12.26878547668457
158.043380737,88.56909942626953,-12.464364051818848
158.192794799,88.60205841064453,-12.639175415039062
158.342208862,88.63488006591797,-12.839019775390625
158.491622924,88.66156768798828,-13.019051551818848
158.641036987,88.68172454833984,-13.175758361816406
158.840255737,88.68184661865234,-13.176751136779785
159.006271362,88.68184661865234,-13.176751136779785
159.155685424,88.68184661865234,-13.176751136779785
159.305099487,88.68184661865234,-13.176751136779785
159.404708862,88.68184661865234,-13.176751136779785
159.554122924,88.68861389160156,-13.357285499572754
159.703536987,88.63343048095703,-13.550914764404297
159.852951049,88.53353881835938,-13.7025728225708
160.052169799,88.46694946289062,-13.776497840881348
160.201583862,88.46694946289062,-13.776497840881348
160.400802612,88.46694946289062,-13.776497840881348
160.550216674,88.46694946289062,-13.776497840881348
160.716232299,88.46694946289062,-13.776497840881348
160.915451049,88.46694946289062,-13.776497840881348
161.064865112,88.46694946289062,-13.776497840881348
161.214279174,88.46694946289062,-13.776497840881348
161.413497924,88.45112609863281,-13.780548095703125
161.612716674,88.36124420166016,-13.751681327819824
161.811935424,88.25250244140625,-13.6099853515625
162.011154174,88.2471923828125,-13.594840049743652
162.210372924,88.2471923828125,-13.594840049743652
162.426193237,88.2471923828125,-13.594840049743652
162.625411987,88.2471923828125,-13.594840049743652
162.824630737,88.2471923828125,-13.594840049743652
163.023849487,88.2471923828125,-13.594840049743652
163.223068237,88.2471923828125,-13.594840049743652
163.422286987,88.2471923828125,-13.594840049743652
163.621505737,88.2471923828125,-13.594840049743652
163.820724487,88.2471923828125,-13.594840049743652
164.019943237,88.2471923828125,-13.594840049743652
164.235763549,88.2471923828125,-13.594840049743652
164.434982299,88.2471923828125,-13.594840049743652
164.634201049,88.2471923828125,-13.594840049743652
164.833419799,88.2471923828125,-13.594840049743652
165.032638549,88.2471923828125,-13.594840049743652
165.231857299,88.2471923828125,-13.594840049743652
165.431076049,88.2471923828125,-13.594840049743652
165.630294799,88.2471923828125,-13.594840049743652
165.796310424,88.2471923828125,-13.594840049743652
165.995529174,88.2471923828125,-13.594840049743652
166.194747924,88.2471923828125,-13.594840049743652
166.393966674,88.2471923828125,-13.594840049743652
166.593185424,88.2471923828125,-13.594840049743652
166.792404174,88.2471923828125,-13.594840049743652
166.991622924,88.2471923828125,-13.594840049743652
167.190841674,88.2471923828125,-13.594840049743652
167.390060424,88.2471923828125,-13.594840049743652
167.605880737,88.2471923828125,-13.594840049743652
167.805099487,88.2471923828125,-13.594840049743652
168.004318237,88.2471923828125,-13.594840049743652
168.153732299,88.23104858398438,-13.5973539352417
168.352951049,88.15808868408203,-13.662635803222656
168.502365112,88.06925964355469,-13.844600677490234
168.701583862,88.04966735839844,-14.097265243530273
168.850997924,88.07282257080078,-14.270758628845215
169.000411987,88.1195297241211,-14.473402976989746
169.149826049,88.16456604003906,-14.649735450744629
169.315841674,88.2035140991211,-14.852614402770996
169.465255737,88.22763061523438,-15.05505084991455
169.614669799,88.24269104003906,-15.233671188354492
169.764083862,88.25272369384766,-15.441415786743164
169.963302612,88.24440002441406,-15.701143264770508
170.112716674,88.22441101074219,-15.877896308898926
170.262130737,88.19844818115234,-16.080135345458984
170.411544799,88.17552947998047,-16.26068687438965
170.560958862,88.14613342285156,-16.466598510742188
170.760177612,88.11505889892578,-16.64951515197754
170.926193237,88.11505889892578,-16.64951515197754
171.075607299,88.11505889892578,-16.64951515197754
171.225021362,88.1082992553711,-16.686399459838867
171.374435424,88.08462524414062,-16.86267852783203
171.523849487,88.07908630371094,-17.07039451599121
171.673263549,88.09666442871094,-17.246000289916992
171.872482299,88.14408111572266,-17.49738311767578
172.021896362,88.1776351928711,-17.647571563720703
172.171310424,88.17787170410156,-17.648544311523438
172.320724487,88.17787170410156,-17.648544311523438
172.470138549,88.17787170410156,-17.648544311523438
172.636154174,88.17787170410156,-17.648544311523438
172.835372924,88.18684387207031,-17.684955596923828
172.984786987,88.24478149414062,-17.882606506347656
173.134201049,88.30217742919922,-18.055315017700195
173.283615112,88.37493896484375,-18.250152587890625
173.482833862,88.47425079345703,-18.487470626831055
173.632247924,88.54420471191406,-18.64804458618164
173.781661987,88.6311264038086,-18.836986541748047
173.931076049,88.71259307861328,-18.999732971191406
174.080490112,88.80709838867188,-19.181936264038086
174.229904174,88.89035034179688,-19.340681076049805
174.395919799,88.98359680175781,-19.52507209777832
174.595138549,89.10001373291016,-19.75755500793457
174.744552612,89.19153594970703,-19.944332122802734
174.893966674,89.2445297241211,-20.056617736816406
175.043380737,89.2445297241211,-20.056617736816406
175.192794799,89.24569702148438,-20.059093475341797
175.392013549,89.25994873046875,-20.08233070373535
175.541427612,89.33316040039062,-20.124807357788086
175.740646362,89.58314514160156,-20.149831771850586
175.890060424,89.74559020996094,-20.086647033691406
176.105880737,89.9640121459961,-19.90536117553711
176.305099487,90.13629150390625,-19.719873428344727
176.454513549,90.26116180419922,-19.59708023071289
176.653732299,90.46485137939453,-19.44276237487793
176.803146362,90.64457702636719,-19.343841552734375
176.952560424,90.81069946289062,-19.269590377807617
177.151779174,91.05243682861328,-19.181692123413086
177.301193237,91.2479248046875,-19.12379264831543
177.500411987,91.49227905273438,-19.057687759399414
177.649826049,91.66383361816406,-19.0161075592041
177.865646362,91.93476104736328,-18.96137237548828
178.015060424,92.11479187011719,-18.93492889404297
178.214279174,92.36715698242188,-18.91531753540039
178.413497924,92.61722564697266,-18.901704788208008
178.562911987,92.8194808959961,-18.891183853149414
178.762130737,93.0793685913086,-18.884021759033203
178.911544799,93.2613754272461,-18.882658004760742
179.110763549,93.50902557373047,-18.880680084228516
179.309982299,93.7656021118164,-18.86319923400879
179.475997924,93.96961975097656,-18.84050941467285
179.675216674,94.22586822509766,-18.817996978759766
179.874435424,94.47724914550781,-18.803911209106445
180.073654174,94.73031616210938,-18.797765731811523
180.223068237,94.93824005126953,-18.79252815246582
180.422286987,95.19698333740234,-18.7681884765625
180.621505737,95.287353515625,-18.75382423400879
180.770919799,95.46144104003906,-18.70527458190918
180.970138549,95.68801879882812,-18.579286575317383
181.185958862,95.90364074707031,-18.402233123779297
181.385177612,95.9367904663086,-18.37211799621582
181.584396362,95.9367904663086,-18.37211799621582
181.733810424,95.9367904663086,-18.37211799621582
181.933029174,95.9367904663086,-18.37211799621582
182.132247924,95.9367904663086,-18.37211799621582
182.331466674,95.9367904663086,-18.37211799621582
182.530685424,95.9367904663086,-18.37211799621582
182.729904174,95.9367904663086,-18.37211799621582
182.895919799,95.9367904663086,-18.37211799621582
183.095138549,95.9367904663086,-18.37211799621582
183.294357299,95.9367904663086,-18.37211799621582
183.493576049,95.9367904663086,-18.37211799621582
183.692794799,95.9367904663086,-18.37211799621582
183.892013549,95.9367904663086,-18.37211799621582
184.041427612,95.9367904663086,-18.37211799621582
184.240646362,95.9367904663086,-18.37211799621582
184.456466674,95.946044921875,-18.363712310791016
184.655685424,96.14094543457031,-18.218412399291992
184.854904174,96.37747192382812,-18.112064361572266
185.054122924,96.63359069824219,-18.07138442993164
185.253341674,96.87680053710938,-18.079296112060547
185.402755737,97.07503509521484,-18.104028701782227
185.601974487,97.33287811279297,-18.1374568939209
185.801193237,97.5914535522461,-18.164531707763672
186.000411987,97.84295654296875,-18.175199508666992
186.149826049,98.02222442626953,-18.175512313842773
186.365646362,98.30548858642578,-18.17243766784668
186.564865112,98.5613784790039,-18.169660568237305
186.714279174,98.72383117675781,-18.16211700439453
186.913497924,98.73592376708984,-18.161182403564453
187.112716674,98.73592376708984,-18.161182403564453
187.311935424,98.73592376708984,-18.161182403564453
187.511154174,98.73592376708984,-18.161182403564453
187.710372924,98.73592376708984,-18.161182403564453
187.876388549,98.73592376708984,-18.161182403564453
188.075607299,98.73592376708984,-18.161182403564453
188.225021362,98.7483901977539,-18.160219192504883
188.424240112,98.98898315429688,-18.14603614807129
188.623458862,99.24203491210938,-18.138954162597656
188.822677612,99.50203704833984,-18.139822006225586
189.021896362,99.75782012939453,-18.147523880004883
189.171310424,99.93289184570312,-18.153356552124023
189.370529174,100.18455505371094,-18.161741256713867
189.586349487,100.47042846679688,-18.17003631591797
189.785568237,100.7249755859375,-18.171306610107422
189.934982299,100.90151977539062,-18.171619415283203
190.134201049,101.1601333618164,-18.17502784729004
190.333419799,101.41986846923828,-18.18655776977539
190.482833862,101.62324523925781,-18.20090103149414
190.682052612,101.87445831298828,-18.217924118041992
190.881271362,102.12295532226562,-18.234119415283203
191.080490112,102.13501739501953,-18.235401153564453
191.229904174,102.13501739501953,-18.235401153564453
191.445724487,102.13501739501953,-18.235401153564453
191.644943237,102.13501739501953,-18.235401153564453
191.794357299,102.13501739501953,-18.235401153564453
191.993576049,102.13774108886719,-18.23569107055664
192.192794799,102.16436004638672,-18.241641998291016
192.392013549,102.24219512939453,-18.325475692749023
192.541427612,102.31492614746094,-18.515949249267578
192.690841674,102.32351684570312,-18.695934295654297
192.840255737,102.29542541503906,-18.899120330810547
193.006271362,102.24759674072266,-19.093055725097656
193.155685424,102.1987075805664,-19.26837158203125
193.305099487,102.1524429321289,-19.471111297607422
193.504318237,102.1173324584961,-19.721729278564453
193.653732299,102.10700988769531,-19.89792251586914
193.803146362,102.109375,-20.100391387939453
193.952560424,102.11853790283203,-20.282155990600586
194.101974487,102.12969970703125,-20.48985481262207
194.251388549,102.13607025146484,-20.666261672973633
194.350997924,102.13816833496094,-20.789400100708008
194.550216674,102.13935852050781,-21.043920516967773
194.716232299,102.1402587890625,-21.249177932739258
194.865646362,102.14115142822266,-21.453067779541016
195.015060424,102.14192199707031,-21.62959098815918
195.164474487,102.14280700683594,-21.83211326599121
195.363693237,102.14393615722656,-22.08936882019043
195.513107299,102.1446533203125,-22.2713623046875
195.662521362,102.1427993774414,-22.47661590576172
195.811935424,102.14082336425781,-22.649023056030273
195.961349487,102.13851928710938,-22.850168228149414
196.160568237,102.13558959960938,-23.106050491333008
196.309982299,102.13350677490234,-23.288043975830078
196.475997924,102.13481903076172,-23.49601173400879
196.625411987,102.15072631835938,-23.700611114501953
196.774826049,102.1701889038086,-23.881563186645508
196.974044799,102.19221496582031,-24.1406192779541
197.123458862,102.20365142822266,-24.342815399169922
197.272872924,102.20985412597656,-24.517864227294922
197.472091674,102.21454620361328,-24.624393463134766
197.621505737,102.21672821044922,-24.66183090209961
197.770919799,102.24418640136719,-24.83941650390625
197.970138549,102.36542510986328,-25.064054489135742
198.136154174,102.51124572753906,-25.202268600463867
198.335372924,102.67708587646484,-25.33197593688965
198.484786987,102.6969223022461,-25.347192764282227
198.684005737,102.79613494873047,-25.434099197387695
198.833419799,102.79613494873047,-25.434099197387695
199.032638549,102.79613494873047,-25.434099197387695
199.231857299,102.79613494873047,-25.434099197387695
199.381271362,102.79613494873047,-25.434099197387695
199.580490112,102.79613494873047,-25.434099197387695
199.729904174,102.79613494873047,-25.434099197387695
199.945724487,102.79613494873047,-25.434099197387695
200.095138549,102.79613494873047,-25.434099197387695
200.294357299,102.79613494873047,-25.434099197387695
200.493576049,102.79613494873047,-25.434099197387695
200.642990112,102.79613494873047,-25.434099197387695
200.842208862,102.79613494873047,-25.434099197387695
200.991622924,102.79613494873047,-25.434099197387695
201.190841674,102.79613494873047,-25.434099197387695
201.340255737,102.79613494873047,-25.434099197387695
201.556076049,102.79613494873047,-25.434099197387695
201.705490112,102.79613494873047,-25.434099197387695
201.904708862,102.79613494873047,-25.434099197387695
202.054122924,102.80458068847656,-25.443317413330078
202.253341674,102.94462585449219,-25.636878967285156
202.402755737,102.98834991455078,-25.82996368408203
202.601974487,102.92558288574219,-26.079805374145508
202.751388549,102.82341003417969,-26.2300968170166
202.900802612,102.6974868774414,-26.390438079833984
203.100021362,102.56458282470703,-26.61351776123047
203.266036987,102.4869384765625,-26.80629539489746
203.415451049,102.44112396240234,-26.97809600830078
203.564865112,102.40628051757812,-27.1747989654541
203.764083862,102.3702621459961,-27.42952537536621
203.913497924,102.34172821044922,-27.60927391052246
204.062911987,102.30445098876953,-27.813901901245117
204.212326049,102.2900161743164,-27.88599967956543
204.411544799,102.2900161743164,-27.88599967956543
204.560958862,102.2900161743164,-27.88599967956543
204.760177612,102.2900161743164,-27.88599967956543
204.876388549,102.2900161743164,-27.88599967956543
205.075607299,102.2900161743164,-27.88599967956543
205.225021362,102.2900161743164,-27.88599967956543
205.374435424,102.28752136230469,-27.89824867248535
205.523849487,102.25531768798828,-28.100656509399414
205.723068237,102.23641967773438,-28.358503341674805
205.872482299,102.23617553710938,-28.53912353515625
206.021896362,102.24081420898438,-28.744335174560547
206.221115112,102.2476806640625,-29.004249572753906
206.370529174,102.25241088867188,-29.183454513549805
206.536544799,102.2572021484375,-29.383190155029297
206.735763549,102.25788116455078,-29.637706756591797
206.885177612,102.25745391845703,-29.845699310302734
207.034591674,102.25709533691406,-30.02495765686035
207.233810424,102.25659942626953,-30.27811050415039
207.383224487,102.25328063964844,-30.481975555419922
207.532638549,102.24604034423828,-30.663827896118164
207.682052612,102.23295593261719,-30.870038986206055
207.881271362,102.22265625,-31.01984405517578
208.030685424,102.22265625,-31.01984405517578
208.229904174,102.22265625,-31.01984405517578
208.395919799,102.22265625,-31.01984405517578
208.545333862,102.22265625,-31.01984405517578
208.694747924,102.2218017578125,-31.03231430053711
208.844161987,102.21736907958984,-31.224721908569336
209.043380737,102.22919464111328,-31.480318069458008
209.192794799,102.24038696289062,-31.655115127563477
209.342208862,102.24996948242188,-31.858779907226562
209.491622924,102.25421142578125,-32.04072952270508
209.690841674,102.25779724121094,-32.30070114135742
209.840255737,102.26054382324219,-32.504573822021484
209.989669799,102.26043701171875,-32.67973327636719
210.155685424,102.2594223022461,-32.88363265991211
210.354904174,102.2581558227539,-33.13816452026367
210.504318237,102.25426483154297,-33.34064865112305
210.653732299,102.24673461914062,-33.51564025878906
210.852951049,102.22901916503906,-33.7695426940918
211.002365112,102.21156311035156,-33.9768180847168
211.151779174,102.19859313964844,-34.15835189819336
211.301193237,102.18903350830078,-34.359275817871094
211.500411987,102.18421173095703,-34.609642028808594
211.649826049,102.18508911132812,-34.788909912109375
211.749435424,102.18608093261719,-34.918914794921875
211.915451049,102.18766784667969,-35.126922607421875
212.114669799,102.18598937988281,-35.3828125
212.214279174,102.18211364746094,-35.51001739501953
212.413497924,102.16808319091797,-35.769622802734375
212.562911987,102.1541976928711,-35.973045349121094
212.712326049,102.14273071289062,-36.1478271484375
212.861740112,102.13274383544922,-36.350101470947266
213.060958862,102.11568450927734,-36.60541534423828
213.210372924,102.10806274414062,-36.712135314941406
213.376388549,102.10806274414062,-36.712135314941406
213.525802612,102.10806274414062,-36.712135314941406
213.725021362,102.10806274414062,-36.712135314941406
213.874435424,102.10806274414062,-36.712135314941406
214.023849487,102.11640167236328,-36.71916198730469
214.223068237,102.32129669189453,-36.771141052246094
214.422286987,102.56749725341797,-36.698387145996094
214.621505737,102.751708984375,-36.518638610839844
214.770919799,102.86009979248047,-36.37415313720703
214.970138549,103.02980041503906,-36.17744445800781
215.185958862,103.24820709228516,-35.993255615234375
215.385177612,103.46139526367188,-35.85188674926758
215.584396362,103.68550109863281,-35.72557067871094
215.733810424,103.84403228759766,-35.64188766479492
215.933029174,104.07046508789062,-35.522682189941406
216.132247924,104.29263305664062,-35.40134811401367
216.331466674,104.51786804199219,-35.271480560302734
216.530685424,104.74244689941406,-35.145992279052734
216.680099487,104.92362976074219,-35.0438346862793
216.895919799,105.1472396850586,-34.913883209228516
217.045333862,105.32038879394531,-34.811519622802734
217.244552612,105.54466247558594,-34.68002700805664
217.443771362,105.76625061035156,-34.54402160644531
217.642990112,105.9884262084961,-34.40900421142578
217.792404174,106.14537048339844,-34.316864013671875
217.991622924,106.37154388427734,-34.18863296508789
218.190841674,106.58910369873047,-34.064632415771484
218.340255737,106.77012634277344,-33.962188720703125
218.556076049,106.9926528930664,-33.841487884521484
218.755294799,107.22235870361328,-33.719669342041016
218.904708862,107.40140533447266,-33.62213897705078
219.103927612,107.6269760131836,-33.498443603515625
219.303146362,107.85669708251953,-33.3766975402832
219.502365112,108.0799331665039,-33.26329040527344
219.701583862,108.3080825805664,-33.15045166015625
219.900802612,108.54154968261719,-33.04240417480469
220.050216674,108.70470428466797,-32.97148895263672
220.266036987,108.96155548095703,-32.86936950683594
220.465255737,109.01924133300781,-32.849483489990234
220.664474487,109.01924133300781,-32.849483489990234
220.813888549,109.01924133300781,-32.849483489990234
221.013107299,109.01924133300781,-32.849483489990234
221.212326049,109.01924133300781,-32.849483489990234
221.361740112,109.01924133300781,-32.849483489990234
221.560958862,109.01924133300781,-32.849483489990234
221.760177612,109.05462646484375,-32.837059020996094
221.926193237,109.23796081542969,-32.75019836425781
222.125411987,109.43589782714844,-32.58271789550781
222.324630737,109.59838104248047,-32.38176345825195
222.523849487,109.72685241699219,-32.19142150878906
222.673263549,109.73175048828125,-32.18340301513672
222.872482299,109.73175048828125,-32.18340301513672
223.071701049,109.73175048828125,-32.18340301513672
223.270919799,109.73175048828125,-32.18340301513672
223.420333862,109.73175048828125,-32.18340301513672
223.636154174,109.73175048828125,-32.18340301513672
223.785568237,109.73175048828125,-32.18340301513672
223.984786987,109.73175048828125,-32.18340301513672
224.184005737,109.73175048828125,-32.18340301513672
224.383224487,109.73175048828125,-32.18340301513672
224.582443237,109.73175048828125,-32.18340301513672
224.781661987,109.73175048828125,-32.18340301513672
224.980880737,109.73175048828125,-32.18340301513672
225.180099487,109.73175048828125,-32.18340301513672
225.329513549,109.73175048828125,-32.18340301513672
225.545333862,109.73175048828125,-32.18340301513672
225.744552612,109.73175048828125,-32.18340301513672
225.943771362,109.73175048828125,-32.18340301513672
226.093185424,109.73175048828125,-32.18340301513672
226.292404174,109.73175048828125,-32.18340301513672
226.491622924,109.73175048828125,-32.18340301513672
226.690841674,109.74488067626953,-32.16212844848633
226.890060424,109.90499114990234,-31.967430114746094
227.056076049,110.08489990234375,-31.878570556640625
227.255294799,110.34154510498047,-31.891271591186523
227.454513549,110.58032989501953,-31.993385314941406
227.603927612,110.76466369628906,-32.07719421386719
227.803146362,111.01160430908203,-32.157676696777344
228.002365112,111.26811218261719,-32.1983757019043
228.201583862,111.51969146728516,-32.199161529541016
228.350997924,111.6941909790039,-32.184329986572266
228.550216674,111.94461059570312,-32.15824890136719
228.716232299,112.14785766601562,-32.14213180541992
228.915451049,112.40751647949219,-32.128910064697266
229.114669799,112.66609954833984,-32.123905181884766
229.214279174,112.79473876953125,-32.12446594238281
229.413497924,113.05464172363281,-32.13090896606445
229.612716674,113.30903625488281,-32.138423919677734
229.762130737,113.51009368896484,-32.14436721801758
229.961349487,113.76591491699219,-32.150203704833984
230.160568237,114.02592468261719,-32.150753021240234
230.309982299,114.18985748291016,-32.146484375
230.525802612,114.21875762939453,-32.1441535949707
230.675216674,114.21875762939453,-32.1441535949707
230.874435424,114.21875762939453,-32.1441535949707
231.073654174,114.21875762939453,-32.1441535949707
231.223068237,114.231201171875,-32.14298629760742
231.422286987,114.48634338378906,-32.123538970947266
231.621505737,114.74607849121094,-32.11192321777344
231.820724487,115.00194549560547,-32.108543395996094
231.970138549,115.17709350585938,-32.106510162353516
232.136154174,115.37669372558594,-32.0982666015625
232.335372924,115.62972259521484,-32.061767578125
232.534591674,115.87783813476562,-31.984956741333008
232.684005737,116.05516052246094,-31.90567398071289
232.883224487,116.27391815185547,-31.78391456604004
233.082443237,116.48980712890625,-31.65167999267578
233.281661987,116.71154022216797,-31.515899658203125
233.431076049,116.86612701416016,-31.41983985900879
233.630294799,117.08329010009766,-31.28973388671875
233.796310424,117.25871276855469,-31.191268920898438
233.995529174,117.48809814453125,-31.07183837890625
234.194747924,117.72509002685547,-30.96506690979004
234.393966674,117.96849060058594,-30.87375259399414
234.543380737,118.167236328125,-30.812477111816406
234.742599487,118.30773162841797,-30.759769439697266
234.941818237,118.30773162841797,-30.759769439697266
235.141036987,118.30773162841797,-30.759769439697266
235.290451049,118.30773162841797,-30.759769439697266
235.506271362,118.30773162841797,-30.759769439697266
235.705490112,118.30773162841797,-30.759769439697266
235.854904174,118.30773162841797,-30.759769439697266
236.054122924,118.30773162841797,-30.759769439697266
236.253341674,118.30773162841797,-30.759769439697266
236.452560424,118.30773162841797,-30.759769439697266
236.651779174,118.30773162841797,-30.759769439697266
236.801193237,118.30773162841797,-30.759769439697266
237.050216674,118.30773162841797,-30.759769439697266
237.216232299,118.30773162841797,-30.759769439697266
237.415451049,118.30773162841797,-30.759769439697266
237.614669799,118.30773162841797,-30.759769439697266
237.813888549,118.30773162841797,-30.759769439697266
238.013107299,118.30773162841797,-30.759769439697266
238.212326049,118.30773162841797,-30.759769439697266
238.411544799,118.30773162841797,-30.759769439697266
238.610763549,118.30773162841797,-30.759769439697266
238.809982299,118.30773162841797,-30.759769439697266
238.975997924,118.30773162841797,-30.759769439697266
239.175216674,118.30773162841797,-30.759769439697266
239.374435424,118.30773162841797,-30.759769439697266
239.573654174,118.30773162841797,-30.759769439697266
239.772872924,118.30773162841797,-30.759769439697266
239.972091674,118.30773162841797,-30.759769439697266
240.121505737,118.30773162841797,-30.759769439697266
240.320724487,118.30773162841797,-30.759769439697266
240.536544799,118.30773162841797,-30.759769439697266
240.685958862,118.30773162841797,-30.759769439697266
240.934982299,118.30773162841797,-30.759769439697266
241.084396362,118.30773162841797,-30.759769439697266
241.283615112,118.30773162841797,-30.759769439697266
241.482833862,118.30773162841797,-30.759769439697266
241.682052612,118.30773162841797,-30.759769439697266
241.881271362,118.30773162841797,-30.759769439697266
242.080490112,118.30773162841797,-30.759769439697266
242.229904174,118.30773162841797,-30.759769439697266
242.445724487,118.30773162841797,-30.759769439697266
242.595138549,118.30773162841797,-30.759769439697266
242.844161987,118.30773162841797,-30.759769439697266
242.993576049,118.30773162841797,-30.759769439697266
243.192794799,118.30773162841797,-30.759769439697266
243.392013549,118.30773162841797,-30.759769439697266
243.591232299,118.30773162841797,-30.759769439697266
243.790451049,118.30773162841797,-30.759769439697266
243.956466674,118.30773162841797,-30.759769439697266
244.155685424,118.30773162841797,-30.759769439697266
244.354904174,118.30773162841797,-30.759769439697266
244.554122924,118.30773162841797,-30.759769439697266
244.753341674,118.30773162841797,-30.759769439697266
244.952560424,118.30773162841797,-30.759769439697266
245.101974487,118.30773162841797,-30.759769439697266
245.301193237,118.30773162841797,-30.759769439697266
245.500411987,118.30773162841797,-30.759769439697266
245.716232299,118.30773162841797,-30.759769439697266
245.915451049,118.30773162841797,-30.759769439697266
246.114669799,118.30773162841797,-30.759769439697266
246.264083862,118.30773162841797,-30.759769439697266
246.413497924,118.30773162841797,-30.759769439697266
246.562911987,118.30773162841797,-30.759769439697266
246.762130737,118.30773162841797,-30.759769439697266
246.961349487,118.30773162841797,-30.759769439697266
247.110763549,118.30773162841797,-30.759769439697266
247.309982299,118.30773162841797,-30.759769439697266
247.525802612,118.30773162841797,-30.759769439697266
247.675216674,118.30773162841797,-30.759769439697266
247.874435424,118.30773162841797,-30.759769439697266
248.073654174,118.30773162841797,-30.759769439697266
248.272872924,118.30773162841797,-30.759769439697266
248.472091674,118.30773162841797,-30.759769439697266
248.671310424,118.30773162841797,-30.759769439697266
248.820724487,118.30773162841797,-30.759769439697266
249.036544799,118.30773162841797,-30.759769439697266
249.185958862,118.30773162841797,-30.759769439697266
249.385177612,118.30773162841797,-30.759769439697266
249.584396362,118.30773162841797,-30.759769439697266
249.733810424,118.30773162841797,-30.759769439697266
249.933029174,118.30773162841797,-30.759769439697266
250.132247924,118.322509765625,-30.75261116027832
250.331466674,118.39077758789062,-30.705360412597656
250.530685424,118.51010131835938,-30.506080627441406
250.729904174,118.51464080810547,-30.482254028320312
250.895919799,118.51464080810547,-30.482254028320312
251.095138549,118.51464080810547,-30.482254028320312
251.294357299,118.51464080810547,-30.482254028320312
251.493576049,118.51464080810547,-30.482254028320312
251.692794799,118.51464080810547,-30.482254028320312
251.892013549,118.51464080810547,-30.482254028320312
252.091232299,118.51464080810547,-30.482254028320312
252.240646362,118.51464080810547,-30.482254028320312
252.456466674,118.51464080810547,-30.482254028320312
252.655685424,118.51464080810547,-30.482254028320312
252.854904174,118.51464080810547,-30.482254028320312
253.054122924,118.51464080810547,-30.482254028320312
253.253341674,118.51464080810547,-30.482254028320312
253.452560424,118.51464080810547,-30.482254028320312
253.601974487,118.51464080810547,-30.482254028320312
253.801193237,118.51464080810547,-30.482254028320312
254.000411987,118.51464080810547,-30.482254028320312
254.216232299,118.51464080810547,-30.482254028320312
254.415451049,118.51464080810547,-30.482254028320312
254.614669799,118.51464080810547,-30.482254028320312
254.813888549,118.51464080810547,-30.482254028320312
254.963302612,118.51109313964844,-30.45750617980957
255.162521362,118.47978210449219,-30.20518684387207
255.361740112,118.45670318603516,-29.953096389770508
255.560958862,118.45037078857422,-29.70417594909668
255.760177612,118.45436096191406,-29.444215774536133
255.926193237,118.46320343017578,-29.236412048339844
256.125396728,118.47537994384766,-28.984920501708984
256.324615478,118.48428344726562,-28.725114822387695
256.474029541,118.47760772705078,-28.543272018432617
256.673248291,118.45411682128906,-28.289836883544922
256.872467041,118.431884765625,-28.030797958374023
257.071685791,118.41079711914062,-27.77169418334961
257.221099853,118.38607025146484,-27.566547393798828
257.420318603,118.36238861083984,-27.318632125854492
257.586334228,118.34925842285156,-27.12202262878418
257.785552978,118.33594512939453,-26.863739013671875
257.984771728,118.3188247680664,-26.608415603637695
258.183990478,118.3074951171875,-26.35552215576172
258.383209228,118.3037109375,-26.10239601135254
258.582427978,118.29300689697266,-25.849546432495117
258.731842041,118.27405548095703,-25.67129135131836
258.931060791,118.25064086914062,-25.41785430908203
259.080474853,118.2381362915039,-25.22120475769043
259.296295166,118.22615051269531,-24.973817825317383
259.495513916,118.20796203613281,-24.719940185546875
259.644927978,118.19369506835938,-24.51243019104004
259.844146728,118.18318176269531,-24.259502410888672
260.043365478,118.17794036865234,-24.002304077148438
260.242584228,118.15621948242188,-23.747377395629883
260.441802978,118.13248443603516,-23.489845275878906
260.591217041,118.12088012695312,-23.312332153320312
260.790435791,118.1111831665039,-23.059371948242188
261.006256103,118.09619140625,-22.773815155029297
261.205474853,118.075927734375,-22.518726348876953
261.404693603,118.07185363769531,-22.457836151123047
261.554107666,118.07185363769531,-22.457836151123047
261.753326416,118.07185363769531,-22.457836151123047
261.952545166,118.07185363769531,-22.457836151123047
262.151763916,118.07185363769531,-22.457836151123047
262.350982666,118.07185363769531,-22.457836151123047
262.550201416,118.07185363769531,-22.457836151123047
262.766021728,118.07185363769531,-22.457836151123047
262.965240478,118.07185363769531,-22.457836151123047
263.164459228,118.07185363769531,-22.457836151123047
263.363677978,118.07185363769531,-22.457836151123047
263.562896728,118.07185363769531,-22.457836151123047
263.762115478,118.07185363769531,-22.457836151123047
263.961334228,118.07185363769531,-22.457836151123047
264.011138916,118.07185363769531,-22.457836151123047
264.210357666,118.07185363769531,-22.457836151123047
264.376373291,118.07185363769531,-22.457836151123047
264.575592041,118.07185363769531,-22.457836151123047
264.774810791,118.07185363769531,-22.457836151123047
264.974029541,118.07185363769531,-22.457836151123047
265.173248291,118.07185363769531,-22.457836151123047
265.322662353,118.07185363769531,-22.457836151123047
265.521881103,118.07185363769531,-22.457836151123047
265.721099853,118.07185363769531,-22.457836151123047
265.920318603,118.07185363769531,-22.457836151123047
266.086334228,118.07185363769531,-22.457836151123047
266.285552978,118.07185363769531,-22.457836151123047
266.484771728,118.07185363769531,-22.457836151123047
266.683990478,118.07185363769531,-22.457836151123047
266.883209228,118.07185363769531,-22.457836151123047
267.032623291,118.07185363769531,-22.457836151123047
267.231842041,118.07185363769531,-22.457836151123047
267.431060791,118.07185363769531,-22.457836151123047
267.630279541,118.07185363769531,-22.457836151123047
267.829498291,118.07185363769531,-22.457836151123047
268.045318603,118.07185363769531,-22.457836151123047
268.194732666,118.07185363769531,-22.457836151123047
268.393951416,118.07185363769531,-22.457836151123047
268.593170166,118.07185363769531,-22.457836151123047
268.792388916,118.07185363769531,-22.457836151123047
268.941802978,118.07185363769531,-22.457836151123047
269.141021728,118.07185363769531,-22.457836151123047
269.340240478,118.07185363769531,-22.457836151123047
269.556060791,118.07185363769531,-22.457836151123047
269.755279541,118.07185363769531,-22.457836151123047
269.954498291,118.07185363769531,-22.457836151123047
270.103912353,118.07185363769531,-22.457836151123047
270.303131103,118.07185363769531,-22.457836151123047
270.502349853,118.07185363769531,-22.457836151123047
270.701568603,118.07185363769531,-22.457836151123047
270.900787353,118.07185363769531,-22.457836151123047
271.100006103,118.07185363769531,-22.457836151123047
271.315826416,118.07185363769531,-22.457836151123047
271.515045166,118.07185363769531,-22.457836151123047
271.714263916,118.07185363769531,-22.457836151123047
271.913482666,118.07185363769531,-22.457836151123047
272.112701416,118.07185363769531,-22.457836151123047
272.311920166,118.07276153564453,-22.45383644104004
272.461334228,118.08689880371094,-22.435422897338867
272.660552978,118.29133605957031,-22.330562591552734
272.876373291,118.54723358154297,-22.319534301757812
273.075592041,118.7923355102539,-22.36236572265625
273.274810791,119.03510284423828,-22.42915153503418
273.474029541,119.28839874267578,-22.487316131591797
273.673248291,119.54420471191406,-22.513118743896484
273.822662353,119.74942016601562,-22.51492691040039
274.021881103,120.00511169433594,-22.504297256469727
274.221099853,120.264892578125,-22.493024826049805
274.420318603,120.52201080322266,-22.4841365814209
274.586334228,120.7217788696289,-22.482257843017578
274.785552978,120.98041534423828,-22.4808349609375
274.984771728,121.23905181884766,-22.479412078857422
275.183990478,121.48944854736328,-22.47803497314453
275.383209228,121.74671173095703,-22.476619720458984
275.532623291,121.92871856689453,-22.475618362426758
275.731842041,122.18871307373047,-22.47705841064453
275.931060791,122.4390869140625,-22.48120880126953
276.130279541,122.6976547241211,-22.485496520996094
276.346099853,122.98358154296875,-22.490238189697266
276.545318603,123.23532104492188,-22.49441146850586
276.744537353,123.42031860351562,-22.495115280151367
276.893951416,123.42131805419922,-22.49510955810547
277.093170166,123.42131805419922,-22.49510955810547
277.342193603,123.42131805419922,-22.49510955810547
277.491607666,123.42131805419922,-22.49510955810547
277.740631103,123.42131805419922,-22.49510955810547
277.890045166,123.42679595947266,-22.495105743408203
278.105865478,123.45647430419922,-22.499183654785156
278.255279541,123.4727554321289,-22.5090389251709
278.454498291,123.58390045166016,-22.713499069213867
278.603912353,123.58170318603516,-22.919692993164062
278.753326416,123.5213623046875,-23.086740493774414
278.952545166,123.42436981201172,-23.311370849609375
279.101959228,123.4146957397461,-23.338712692260742
279.251373291,123.4146957397461,-23.338712692260742
279.450592041,123.4146957397461,-23.338712692260742
279.600006103,123.4146957397461,-23.338712692260742
279.766021728,123.4146957397461,-23.338712692260742
279.915435791,123.4146957397461,-23.338712692260742
280.114654541,123.4146957397461,-23.338712692260742
280.264068603,123.4146957397461,-23.338712692260742
280.413482666,123.4146957397461,-23.338712692260742
280.562896728,123.4146957397461,-23.338712692260742
280.762115478,123.4146957397461,-23.338712692260742
280.911529541,123.4146957397461,-23.338712692260742
281.110748291,123.4146957397461,-23.338712692260742
281.260162353,123.4146957397461,-23.338712692260742
281.409576416,123.4146957397461,-23.338712692260742
281.525787353,123.4146957397461,-23.338712692260742
281.675201416,123.4146957397461,-23.338712692260742
281.824615478,123.4146957397461,-23.338712692260742
282.023834228,123.4146957397461,-23.338712692260742
282.173248291,123.4146957397461,-23.338712692260742
282.322662353,123.4146957397461,-23.338712692260742
282.472076416,123.4146957397461,-23.338712692260742
282.671295166,123.4146957397461,-23.338712692260742
282.820709228,123.413818359375,-23.341304779052734
282.970123291,123.41158294677734,-23.350601196289062
283.185943603,123.41649627685547,-23.371627807617188
283.335357666,123.46255493164062,-23.426244735717773
283.534576416,123.680419921875,-23.52903175354004
283.733795166,123.93770599365234,-23.54212760925293
283.933013916,124.18954467773438,-23.49773406982422
284.132232666,124.4422607421875,-23.436626434326172
284.331451416,124.69781494140625,-23.389659881591797
284.530670166,124.9574203491211,-23.38129234313965
284.680084228,125.16403198242188,-23.4040584564209
284.895904541,125.4165267944336,-23.46544075012207
285.095123291,125.66383361816406,-23.54562759399414
285.294342041,125.90904998779297,-23.613679885864258
285.443756103,126.1064682006836,-23.658668518066406
285.642974853,126.35291290283203,-23.7031307220459
285.842193603,126.60157012939453,-23.750545501708984
286.041412353,126.84877014160156,-23.805065155029297
286.240631103,127.09941101074219,-23.87409019470215
286.456451416,127.34661102294922,-23.940122604370117
286.605865478,127.45614624023438,-23.9648380279541
286.805084228,127.45712280273438,-23.965051651000977
287.004302978,127.45712280273438,-23.965051651000977
287.203521728,127.45712280273438,-23.965051651000977
287.402740478,127.45712280273438,-23.965051651000977
287.601959228,127.45712280273438,-23.965051651000977
287.801177978,127.45712280273438,-23.965051651000977
288.000396728,127.45712280273438,-23.965051651000977
288.149810791,127.45712280273438,-23.965051651000977
288.365631103,127.45712280273438,-23.965051651000977
288.515045166,127.45712280273438,-23.965051651000977
288.764068603,127.45712280273438,-23.965051651000977
288.963287353,127.45712280273438,-23.965051651000977
289.162506103,127.45712280273438,-23.965051651000977
289.311920166,127.45712280273438,-23.965051651000977
289.511138916,127.45712280273438,-23.965051651000977
289.710357666,127.45712280273438,-23.965051651000977
289.926177978,127.45712280273438,-23.965051651000977
290.125396728,127.45712280273438,-23.965051651000977
290.324615478,127.45712280273438,-23.965051651000977
290.474029541,127.45712280273438,-23.965051651000977
290.723052978,127.45712280273438,-23.965051651000977
290.872467041,127.45712280273438,-23.965051651000977
291.121490478,127.45712280273438,-23.965051651000977
291.270904541,127.45712280273438,-23.965051651000977
291.470123291,127.45712280273438,-23.965051651000977
291.685943603,127.45712280273438,-23.965051651000977
291.885162353,127.45712280273438,-23.965051651000977
292.034576416,127.45712280273438,-23.965051651000977
292.233795166,127.45712280273438,-23.965051651000977
292.433013916,127.45712280273438,-23.965051651000977
292.632232666,127.45712280273438,-23.965051651000977
292.831451416,127.45712280273438,-23.965051651000977
293.030670166,127.45712280273438,-23.965051651000977
293.229888916,127.45712280273438,-23.965051651000977
293.445709228,127.51840209960938,-23.97735595703125
293.644927978,127.7703857421875,-23.983186721801758
293.794342041,127.93470001220703,-23.920940399169922
293.993560791,128.13449096679688,-23.772865295410156
294.192779541,128.32305908203125,-23.599897384643555
294.342193603,128.48072814941406,-23.46430015563965
294.541412353,128.68777465820312,-23.314077377319336
294.740631103,128.91220092773438,-23.183067321777344
294.956451416,129.14772033691406,-23.07639503479004
295.155670166,129.38922119140625,-22.98391342163086
295.305084228,129.58291625976562,-22.916027069091797
295.504302978,129.82611083984375,-22.836328506469727
295.703521728,130.067626953125,-22.76044273376465
295.902740478,130.30975341796875,-22.686538696289062
296.101959228,130.54701232910156,-22.620386123657227
296.301177978,130.79705810546875,-22.54921531677246
296.500396728,131.03912353515625,-22.479896545410156
296.699615478,131.26622009277344,-22.423824310302734
296.865631103,131.49717712402344,-22.38679313659668
297.064849853,131.55284118652344,-22.38083839416504
297.264068603,131.55284118652344,-22.38083839416504
297.463287353,131.55284118652344,-22.38083839416504
297.662506103,131.55284118652344,-22.38083839416504
297.861724853,131.55284118652344,-22.38083839416504
298.060943603,131.55284118652344,-22.38083839416504
298.260162353,131.55284118652344,-22.38083839416504
298.475982666,131.55284118652344,-22.38083839416504
298.675201416,131.55284118652344,-22.38083839416504
298.824615478,131.55284118652344,-22.38083839416504
298.974029541,131.55284118652344,-22.38083839416504
299.173248291,131.60227966308594,-22.37636375427246
299.372467041,131.84561157226562,-22.391538619995117
299.571685791,132.06312561035156,-22.52690887451172
299.721099853,132.15859985351562,-22.709735870361328
299.920318603,132.1929473876953,-22.962820053100586
300.086334228,132.20492553710938,-23.166357040405273
300.235748291,132.22593688964844,-23.347089767456055
300.434967041,132.29052734375,-23.598548889160156
300.634185791,132.40322875976562,-23.83074378967285
300.783599853,132.52377319335938,-23.99506950378418
300.982818603,132.69216918945312,-24.19306182861328
301.132232666,132.8104705810547,-24.32590675354004
301.331451416,132.97445678710938,-24.52410888671875
301.480865478,133.1031494140625,-24.687519073486328
301.680084228,133.2517852783203,-24.89410400390625
301.846099853,133.326416015625,-25.00417709350586
302.045318603,133.326416015625,-25.00417709350586
302.244537353,133.326416015625,-25.00417709350586
302.393951416,133.326416015625,-25.00417709350586
302.593170166,133.326416015625,-25.00417709350586
302.742584228,133.326416015625,-25.00417709350586
302.941802978,133.326416015625,-25.00417709350586
303.091217041,133.326416015625,-25.00417709350586
303.290435791,133.326416015625,-25.00417709350586
303.489654541,133.326416015625,-25.00417709350586
303.655670166,133.326416015625,-25.00417709350586
303.854888916,133.326416015625,-25.00417709350586
304.004302978,133.326416015625,-25.00417709350586
304.203521728,133.326416015625,-25.00417709350586
304.352935791,133.326416015625,-25.00417709350586
304.552154541,133.326416015625,-25.00417709350586
304.701568603,133.326416015625,-25.00417709350586
304.900787353,133.326416015625,-25.00417709350586
305.100006103,133.3358612060547,-25.003080368041992
305.315826416,133.38687133789062,-24.965303421020508
305.465240478,133.4687957763672,-24.79643440246582
305.664459228,133.4739532470703,-24.544919967651367
305.813873291,133.42864990234375,-24.368837356567383
306.013092041,133.3298797607422,-24.1358585357666
306.212310791,133.2266845703125,-23.901710510253906
306.361724853,133.15196228027344,-23.71204376220703
306.560943603,133.0810089111328,-23.476259231567383
306.760162353,133.02304077148438,-23.23124885559082
306.926177978,132.98464965820312,-23.03380012512207
307.125396728,132.939697265625,-22.777711868286133
307.274810791,132.90728759765625,-22.598615646362305
307.474029541,132.8579559326172,-22.346120834350586
307.623443603,132.8177032470703,-22.150440216064453
307.822662353,132.76229858398438,-21.904829025268555
307.972076416,132.72296142578125,-21.728534698486328
308.171295166,132.6644287109375,-21.480838775634766
308.370513916,132.60377502441406,-21.22801971435547
308.536529541,132.559326171875,-21.029035568237305
308.735748291,132.5045928955078,-20.78187370300293
308.934967041,132.44818115234375,-20.539297103881836
309.084381103,132.4015655517578,-20.3436222076416
309.283599853,132.34278869628906,-20.09457015991211
309.482818603,132.28369140625,-19.844188690185547
309.632232666,132.24249267578125,-19.666900634765625
309.831451416,132.18101501464844,-19.414278030395508
310.030670166,132.1211395263672,-19.16971778869629
310.180084228,132.07395935058594,-18.971359252929688
310.329498291,132.03271484375,-18.79409408569336
310.545318603,131.97085571289062,-18.521888732910156
310.744537353,131.91409301757812,-18.268159866333008
310.893951416,131.87368774414062,-18.090702056884766
311.093170166,131.8155059814453,-17.844324111938477
311.292388916,131.75448608398438,-17.60285758972168
311.491607666,131.69580078125,-17.356599807739258
311.641021728,131.65049743652344,-17.162015914916992
311.840240478,131.59368896484375,-16.913915634155273
312.006256103,131.54615783691406,-16.71141242980957
312.205474853,131.48892211914062,-16.46199607849121
312.404693603,131.433837890625,-16.21771812438965
312.603912353,131.37538146972656,-15.969999313354492
312.753326416,131.33763122558594,-15.80897331237793
312.952545166,131.33694458007812,-15.806052207946777
313.151763916,131.33694458007812,-15.806052207946777
313.301177978,131.33694458007812,-15.806052207946777
313.500396728,131.33694458007812,-15.806052207946777
313.716217041,131.33694458007812,-15.806052207946777
313.865631103,131.33694458007812,-15.806052207946777
314.064849853,131.33694458007812,-15.806052207946777
314.264068603,131.32504272460938,-15.803022384643555
314.413482666,131.28599548339844,-15.808825492858887
314.562896728,131.22164916992188,-15.851737976074219
314.712310791,131.1236114501953,-16.003665924072266
314.861724853,131.09153747558594,-16.203723907470703
315.060943603,131.13323974609375,-16.459861755371094
315.210357666,131.17626953125,-16.636701583862305
315.376373291,131.22018432617188,-16.838577270507812
315.525787353,131.24864196777344,-17.03904914855957
315.725006103,131.2584686279297,-17.298627853393555
315.874420166,131.2460479736328,-17.480175018310547
316.023834228,131.22442626953125,-17.68016242980957
316.173248291,131.19984436035156,-17.85358428955078
316.272857666,131.18028259277344,-17.979333877563477
316.422271728,131.1495819091797,-18.1767520904541
316.571685791,131.12078857421875,-18.350908279418945
316.721099853,131.0866241455078,-18.55607795715332
316.920318603,131.0532989501953,-18.81117057800293
317.069732666,131.03114318847656,-18.99044418334961
317.185943603,131.01356506347656,-19.14269256591797
317.385162353,130.98678588867188,-19.40130615234375
317.534576416,130.96749877929688,-19.580909729003906
317.683990478,130.94912719726562,-19.778474807739258
317.833404541,130.93441772460938,-19.950265884399414
317.982818603,130.91456604003906,-20.153196334838867
318.132232666,130.89732360839844,-20.330257415771484
318.331451416,130.87387084960938,-20.589195251464844
318.480865478,130.85157775878906,-20.793243408203125
318.630279541,130.83229064941406,-20.97008514404297
318.796295166,130.81228637695312,-21.17437171936035
318.945709228,130.78929138183594,-21.37834358215332
319.095123291,130.77041625976562,-21.55936050415039
319.244537353,130.7535858154297,-21.75706672668457
319.393951416,130.73704528808594,-21.928693771362305
319.593170166,130.7136688232422,-22.184892654418945
319.742584228,130.69882202148438,-22.392358779907227
319.891998291,130.6845245361328,-22.573793411254883
320.091217041,130.6619415283203,-22.825944900512695
320.240631103,130.6448211669922,-23.02911949157715
320.390045166,130.6310272216797,-23.20922088623047
320.556060791,130.6128692626953,-23.416431427001953
320.705474853,130.5954132080078,-23.614084243774414
320.904693603,130.57627868652344,-23.86239242553711
321.054107666,130.56304931640625,-24.037046432495117
321.203521728,130.54481506347656,-24.23737335205078
321.402740478,130.52342224121094,-24.496484756469727
321.552154541,130.5121612548828,-24.678136825561523
321.701568603,130.4958038330078,-24.88136863708496
321.900787353,130.47215270996094,-25.136173248291016
322.050201416,130.45921325683594,-25.314966201782227
322.216217041,130.44566345214844,-25.52252197265625
322.415435791,130.42474365234375,-25.77481460571289
322.564849853,130.40834045410156,-25.97804832458496
322.714263916,130.39642333984375,-26.159658432006836
322.913482666,130.37539672851562,-26.41742706298828
323.062896728,130.35708618164062,-26.617746353149414
323.212310791,130.34298706054688,-26.789587020874023
323.411529541,130.328857421875,-27.043710708618164
323.560943603,130.3161163330078,-27.25131607055664
323.710357666,130.3024444580078,-27.432802200317383
323.909576416,130.28407287597656,-27.686662673950195
324.075592041,130.27427673339844,-27.8875789642334
324.225006103,130.26507568359375,-28.070341110229492
324.374420166,130.2650146484375,-28.071338653564453
324.573638916,130.2650146484375,-28.071338653564453
324.723052978,130.2650146484375,-28.071338653564453
324.872467041,130.2650146484375,-28.071338653564453
325.021881103,130.26426696777344,-28.083816528320312
325.221099853,130.2456512451172,-28.341142654418945
325.370513916,130.2319793701172,-28.522628784179688
325.536529541,130.21929931640625,-28.719266891479492
325.685943603,130.21139526367188,-28.921634674072266
325.835357666,130.2083282470703,-29.10360336303711
326.034576416,130.2051544189453,-29.36083984375
326.183990478,130.20489501953125,-29.563356399536133
326.383209228,130.20741271972656,-29.816499710083008
326.532623291,130.209228515625,-29.998493194580078
326.731842041,130.21182250976562,-30.25848388671875
326.881256103,130.21383666992188,-30.46099853515625
327.030670166,130.215576171875,-30.636144638061523
327.180084228,130.2176055908203,-30.840028762817383
327.395904541,130.22019958496094,-31.100019454956055
327.545318603,130.2219696044922,-31.30116844177246
327.694732666,130.2207794189453,-31.477689743041992
327.893951416,130.23165893554688,-31.733264923095703
328.043365478,130.2498321533203,-31.94046974182129
328.192779541,130.26422119140625,-32.12189483642578
328.391998291,130.27716064453125,-32.369239807128906
328.541412353,130.28382873535156,-32.57302474975586
328.740631103,130.3041229248047,-32.8294677734375
328.890045166,130.3208465576172,-33.01069259643555
329.056060791,130.33547973632812,-33.21542739868164
329.205474853,130.3447723388672,-33.41637420654297
329.354888916,130.3493194580078,-33.59831619262695
329.554107666,130.3616943359375,-33.85251235961914
329.703521728,130.37672424316406,-34.0586051940918
329.902740478,130.39207458496094,-34.30854797363281
330.052154541,130.39834594726562,-34.487701416015625
330.201568603,130.40069580078125,-34.69157409667969
330.400787353,130.40689086914062,-34.95006561279297
330.550201416,130.4227294921875,-35.12037658691406
330.766021728,130.4479522705078,-35.39426040649414
330.915435791,130.4594268798828,-35.574527740478516
331.064849853,130.4677276611328,-35.7823600769043
331.264068603,130.48117065429688,-36.03376770019531
331.413482666,130.49395751953125,-36.208465576171875
331.562896728,130.50643920898438,-36.40923309326172
331.762115478,130.5149383544922,-36.663604736328125
331.911529541,130.51669311523438,-36.84560012817383
332.060943603,130.52499389648438,-37.05339050292969
332.260162353,130.54835510253906,-37.30546951293945
332.426177978,130.5638885498047,-37.5046501159668
332.575592041,130.57373046875,-37.68638229370117
332.725006103,130.5800323486328,-37.892913818359375
332.874420166,130.58566284179688,-38.06932830810547
333.073638916,130.6084747314453,-38.32282638549805
333.223052978,130.62661743164062,-38.530029296875
333.422271728,130.64195251464844,-38.78956985473633
333.571685791,130.64773559570312,-38.96873474121094
333.671295166,130.65093994140625,-39.09185028076172
333.820709228,130.6609649658203,-39.290008544921875
333.970123291,130.67295837402344,-39.4688835144043
334.136138916,130.68605041503906,-39.67647933959961
334.335357666,130.6952667236328,-39.92535400390625
334.484771728,130.69761657714844,-40.12239074707031
334.634185791,130.70704650878906,-40.297264099121094
334.833404541,130.733154296875,-40.55181884765625
334.982818603,130.75,-40.75912857055664
335.132232666,130.7604522705078,-40.94083023071289
335.281646728,130.7669677734375,-41.129364013671875
335.431060791,130.76724243164062,-41.1414909362793
335.630279541,130.76724243164062,-41.1414909362793
335.796295166,130.7675323486328,-41.153987884521484
335.945709228,130.79100036621094,-41.35414505004883
336.144927978,130.8745574951172,-41.592586517333984
336.294342041,130.96018981933594,-41.75307083129883
336.493560791,131.10415649414062,-41.9661979675293
336.692779541,131.25440979003906,-42.168251037597656
336.842193603,131.30247497558594,-42.23347091674805
337.041412353,131.30247497558594,-42.23347091674805
337.240631103,131.30247497558594,-42.23347091674805
337.439849853,131.30247497558594,-42.23347091674805
337.605865478,131.30247497558594,-42.23347091674805
337.755279541,131.30247497558594,-42.23347091674805
337.954498291,131.30247497558594,-42.23347091674805
338.153717041,131.30247497558594,-42.23347091674805
338.352935791,131.30247497558594,-42.23347091674805
338.502349853,131.30247497558594,-42.23347091674805
338.701568603,131.30247497558594,-42.23347091674805
338.900787353,131.30247497558594,-42.23347091674805
339.100006103,131.30247497558594,-42.23347091674805
339.249420166,131.30247497558594,-42.23347091674805
339.465240478,131.3314208984375,-42.27423858642578
339.664459228,131.44444274902344,-42.499671936035156
339.813873291,131.4801483154297,-42.677852630615234
340.013092041,131.4949493408203,-42.93050765991211
340.162506103,131.5004425048828,-43.131595611572266
340.361724853,131.50387573242188,-43.21718215942383
340.511138916,131.50387573242188,-43.21718215942383
340.710357666,131.50387573242188,-43.21718215942383
340.876373291,131.50387573242188,-43.21718215942383
341.025787353,131.50387573242188,-43.21718215942383
341.225006103,131.50387573242188,-43.21718215942383
341.374420166,131.50387573242188,-43.21718215942383
341.573638916,131.50387573242188,-43.21718215942383
341.723052978,131.50387573242188,-43.21718215942383
341.922271728,131.50387573242188,-43.21718215942383
342.071685791,131.50387573242188,-43.21718215942383
342.270904541,131.50387573242188,-43.21718215942383
342.470123291,131.50387573242188,-43.21718215942383
342.636138916,131.50387573242188,-43.21718215942383
342.785552978,131.50387573242188,-43.21718215942383
342.984771728,131.50387573242188,-43.21718215942383
343.134185791,131.50387573242188,-43.21718215942383
343.333404541,131.50387573242188,-43.21718215942383
343.482818603,131.50387573242188,-43.21718215942383
343.682037353,131.50387573242188,-43.21718215942383
343.831451416,131.50440979003906,-43.229671478271484
344.030670166,131.5102996826172,-43.46451187133789
344.180084228,131.50973510742188,-43.66292953491211
344.346099853,131.50477600097656,-43.86265182495117
344.545318603,131.48936462402344,-44.120792388916016
344.694732666,131.46910095214844,-44.30165481567383
344.893951416,131.43994140625,-44.54762268066406
345.043365478,131.41612243652344,-44.744606018066406
345.242584228,131.3856201171875,-44.9973030090332
345.391998291,131.3670654296875,-45.17835235595703
345.541412353,131.3497772216797,-45.38562774658203
345.740631103,131.32489013671875,-45.64167022705078
345.890045166,131.30813598632812,-45.81876754760742
346.105865478,131.28932189941406,-46.0972785949707
346.255279541,131.27764892578125,-46.278900146484375
346.454498291,131.25830078125,-46.52995300292969
346.603912353,131.24313354492188,-46.73328399658203
346.753326416,131.23008728027344,-46.909324645996094
346.952545166,131.20570373535156,-47.168190002441406
347.151763916,131.18502807617188,-47.42049026489258
347.301177978,131.17266845703125,-47.62263870239258
347.500396728,131.1518096923828,-47.8735466003418
347.649810791,131.13601684570312,-48.05072784423828
347.865631103,131.11691284179688,-48.33332824707031
348.015045166,131.11178588867188,-48.43883514404297
348.214263916,131.11178588867188,-48.43883514404297
348.363677978,131.11178588867188,-48.43883514404297
348.562896728,131.11178588867188,-48.43883514404297
348.712310791,131.11178588867188,-48.43883514404297
348.911529541,131.11178588867188,-48.43883514404297
349.060943603,131.11163330078125,-48.441566467285156
349.260162353,131.10887145996094,-48.45489501953125
349.376373291,131.105224609375,-48.460655212402344
349.525787353,131.0416717529297,-48.5005989074707
349.725006103,130.79400634765625,-48.52014923095703
349.874420166,130.63050842285156,-48.44926071166992
350.073638916,130.4419403076172,-48.27565383911133
350.223052978,130.3104705810547,-48.11446762084961
350.372467041,130.19488525390625,-47.97925567626953
350.571685791,130.0072021484375,-47.7996711730957
350.721099853,129.8438720703125,-47.68248748779297
350.920318603,129.6322784423828,-47.56234359741211
351.086334228,129.6175994873047,-47.554840087890625
351.185943603,129.6175994873047,-47.554840087890625
351.385162353,129.6175994873047,-47.554840087890625
351.534576416,129.6175994873047,-47.554840087890625
351.733795166,129.6175994873047,-47.554840087890625
351.883209228,129.6175994873047,-47.554840087890625
352.082427978,129.6175994873047,-47.554840087890625
352.231842041,129.6175994873047,-47.554840087890625
352.431060791,129.6175994873047,-47.554840087890625
352.630279541,129.6175994873047,-47.554840087890625
352.796295166,129.6175994873047,-47.554840087890625
352.945709228,129.6175994873047,-47.554840087890625
353.095123291,129.6175994873047,-47.554840087890625
353.294342041,129.6175994873047,-47.554840087890625
353.443756103,129.6175994873047,-47.554840087890625
353.642974853,129.6175994873047,-47.554840087890625
353.842193603,129.6175994873047,-47.554840087890625
353.991607666,129.6175994873047,-47.554840087890625
354.141021728,129.60646057128906,-47.549156188964844
354.340240478,129.42674255371094,-47.48509979248047
354.506256103,129.22134399414062,-47.501712799072266
354.655670166,129.06988525390625,-47.58988571166992
354.805084228,128.95355224609375,-47.76023483276367
355.004302978,128.89927673339844,-48.01367950439453
355.153717041,128.8936004638672,-48.19544219970703
355.352935791,128.89926147460938,-48.448482513427734
355.502349853,128.88172912597656,-48.65150833129883
355.701568603,128.8164520263672,-48.90264129638672
355.850982666,128.74102783203125,-49.068180084228516
356.000396728,128.69525146484375,-49.15082931518555
356.149810791,128.69525146484375,-49.15082931518555
356.365631103,128.69525146484375,-49.15082931518555
356.515045166,128.69525146484375,-49.15082931518555
356.664459228,128.69525146484375,-49.15082931518555
356.863677978,128.69525146484375,-49.15082931518555
357.013092041,128.69525146484375,-49.15082931518555
357.162506103,128.69525146484375,-49.15082931518555
357.311920166,128.69525146484375,-49.15082931518555
357.511138916,128.69525146484375,-49.15082931518555
357.660552978,128.69525146484375,-49.15082931518555
357.809967041,128.69525146484375,-49.15082931518555
357.975982666,128.69525146484375,-49.15082931518555
358.175201416,128.69525146484375,-49.15082931518555
358.324615478,128.69525146484375,-49.15082931518555
358.474029541,128.69525146484375,-49.15082931518555
358.623443603,128.68365478515625,-49.155487060546875
358.822662353,128.4500732421875,-49.16322326660156
358.972076416,128.28793334960938,-49.08344268798828
359.171295166,128.13839721679688,-48.87445068359375
359.320709228,128.08424377441406,-48.676883697509766
359.470123291,128.05819702148438,-48.50090789794922
359.685943603,128.00608825683594,-48.2198486328125
359.885162353,127.92062377929688,-47.98048400878906
360.034576416,127.83811950683594,-47.81832504272461
360.233795166,127.77974700927734,-47.72751235961914
360.383209228,127.77974700927734,-47.72751235961914
360.582427978,127.77974700927734,-47.72751235961914
360.781646728,127.77974700927734,-47.72751235961914
360.931060791,127.77974700927734,-47.72751235961914
361.130279541,127.77974700927734,-47.72751235961914
361.279693603,127.77974700927734,-47.72751235961914
361.495513916,127.77974700927734,-47.72751235961914
361.644927978,127.77974700927734,-47.72751235961914
361.844146728,127.77974700927734,-47.72751235961914
361.993560791,127.77974700927734,-47.72751235961914
362.192779541,127.77974700927734,-47.72751235961914
362.342193603,127.77974700927734,-47.72751235961914
362.541412353,127.77974700927734,-47.72751235961914
362.690826416,127.77974700927734,-47.72751235961914
362.890045166,127.77974700927734,-47.72751235961914
363.056060791,127.77974700927734,-47.72751235961914
363.255279541,127.77974700927734,-47.72751235961914
363.454498291,127.77974700927734,-47.72751235961914
363.603912353,127.77974700927734,-47.72751235961914
363.803131103,127.77974700927734,-47.72751235961914
363.952545166,127.77974700927734,-47.72751235961914
364.151763916,127.77974700927734,-47.72751235961914
364.301177978,127.77974700927734,-47.72751235961914
364.500396728,127.74290466308594,-47.67919921875
364.649810791,127.64212799072266,-47.573394775390625
364.815826416,127.45860290527344,-47.48255157470703
364.965240478,127.25239562988281,-47.48505401611328
365.164459228,127.01976013183594,-47.59784698486328
365.313873291,126.87383270263672,-47.704254150390625
365.463287353,126.71466064453125,-47.82725524902344
365.612701416,126.56776428222656,-47.924991607666016
365.762115478,126.3861312866211,-48.01414489746094
365.911529541,126.21527099609375,-48.07674026489258
366.060943603,126.01644897460938,-48.13779830932617
366.260162353,125.7730484008789,-48.20729446411133
366.376373291,125.65269470214844,-48.239261627197266
366.525787353,125.45329284667969,-48.29341125488281
366.725006103,125.20154571533203,-48.358341217041016
366.824615478,125.07615661621094,-48.38705062866211
366.974029541,124.90083312988281,-48.42451858520508
367.173248291,124.64879608154297,-48.48252487182617
367.322662353,124.45281219482422,-48.527862548828125
367.472076416,124.27816009521484,-48.56825256347656
367.621490478,124.08323669433594,-48.6179084777832
367.770904541,123.9120864868164,-48.66638946533203
367.920318603,123.7176742553711,-48.71803665161133
368.069732666,123.54226684570312,-48.76116943359375
368.235748291,123.34213256835938,-48.80678939819336
368.434967041,123.0926284790039,-48.863651275634766
368.534576416,122.96806335449219,-48.88969421386719
368.634185791,122.84310913085938,-48.91376495361328
368.833404541,122.58807373046875,-48.95665740966797
368.982818603,122.38198852539062,-48.98482894897461
369.132232666,122.20056915283203,-48.998939514160156
369.281646728,122.00242614746094,-49.0091438293457
369.431060791,121.82888793945312,-49.018314361572266
369.580474853,121.62471771240234,-49.03910827636719
369.729888916,121.57024383544922,-49.046695709228516
369.945709228,121.52066802978516,-49.053226470947266
370.095123291,121.34283447265625,-49.056400299072266
370.244537353,121.15831756591797,-48.988616943359375
370.443756103,120.99744415283203,-48.79224395751953
370.642974853,120.9305191040039,-48.55295181274414
370.792388916,120.89604949951172,-48.37843704223633
370.991607666,120.82101440429688,-48.12987518310547
371.141021728,120.73558807373047,-47.95244598388672
371.340240478,120.59396362304688,-47.73625183105469
371.506256103,120.46471405029297,-47.57861328125
371.705474853,120.42398071289062,-47.53316116333008
371.854888916,120.42398071289062,-47.53316116333008
372.054107666,120.42398071289062,-47.53316116333008
372.203521728,120.42398071289062,-47.53316116333008
372.402740478,120.42398071289062,-47.53316116333008
372.601959228,120.42398071289062,-47.53316116333008
372.751373291,120.42398071289062,-47.53316116333008
372.950592041,120.42398071289062,-47.53316116333008
373.149810791,120.42398071289062,-47.53316116333008
373.315826416,120.42398071289062,-47.53316116333008
373.515045166,120.42398071289062,-47.53316116333008
373.664459228,120.42398071289062,-47.53316116333008
373.863677978,120.42398071289062,-47.53316116333008
374.062896728,120.42398071289062,-47.53316116333008
374.212310791,120.42398071289062,-47.53316116333008
374.411529541,120.42398071289062,-47.53316116333008
374.560943603,120.42398071289062,-47.53316116333008
374.760162353,120.4037094116211,-47.53047561645508
374.926177978,120.35002899169922,-47.54487228393555
375.075592041,120.2799301147461,-47.607276916503906
375.225006103,120.19234466552734,-47.783355712890625
375.424224853,120.19799041748047,-48.03459548950195
375.573638916,120.24073028564453,-48.211463928222656
375.772857666,120.30780792236328,-48.4626579284668
375.922271728,120.34870147705078,-48.66654968261719
376.121490478,120.37212371826172,-48.922607421875
376.270904541,120.36865997314453,-49.10447692871094
376.470123291,120.33412170410156,-49.355201721191406
376.636138916,120.29914093017578,-49.55051040649414
376.785552978,120.25790405273438,-49.7543830871582
376.934967041,120.2249984741211,-49.93336486816406
377.134185791,120.18428802490234,-50.186004638671875
377.283599853,120.15633392333984,-50.38105392456055
377.482818603,120.12602233886719,-50.63376998901367
377.632232666,120.10503387451172,-50.810428619384766
377.831451416,120.07708740234375,-51.06892013549805
377.980865478,120.05189514160156,-51.271263122558594
378.130279541,120.03135681152344,-51.447967529296875
378.296295166,120.00979614257812,-51.647972106933594
378.495513916,119.9819107055664,-51.902339935302734
378.644927978,119.96339416503906,-52.10951614379883
378.794342041,119.94538879394531,-52.283748626708984
378.993560791,119.91876220703125,-52.52999496459961
379.142974853,119.90113067626953,-52.731754302978516
379.342193603,119.8742446899414,-52.987606048583984
379.491607666,119.85487365722656,-53.16857147216797
379.641021728,119.83138275146484,-53.37385940551758
379.840240478,119.800537109375,-53.621009826660156
380.006256103,119.77983856201172,-53.8183479309082
380.155670166,119.7642822265625,-53.99831008911133
380.305084228,119.76068878173828,-54.03671646118164
380.504302978,119.76234436035156,-54.126670837402344
380.653717041,119.77679443359375,-54.16196060180664
380.852935791,119.93154907226562,-54.26813507080078
381.052154541,120.15556335449219,-54.29947280883789
381.251373291,120.15853118896484,-54.29901885986328
381.450592041,120.15853118896484,-54.29901885986328
381.649810791,120.15853118896484,-54.29901885986328
381.815826416,120.15853118896484,-54.29901885986328
382.015045166,120.15853118896484,-54.29901885986328
382.214263916,120.15853118896484,-54.29901885986328
382.413482666,120.15853118896484,-54.29901885986328
382.612701416,120.15853118896484,-54.29901885986328
382.811920166,120.15853118896484,-54.29901885986328
383.011138916,120.15853118896484,-54.29901885986328
383.210357666,120.15853118896484,-54.29901885986328
383.409576416,120.15853118896484,-54.29901885986328
383.625396728,120.15853118896484,-54.29901885986328
383.774810791,120.15853118896484,-54.29901885986328
384.023834228,120.15853118896484,-54.29901885986328
384.173248291,120.15853118896484,-54.29901885986328
384.372467041,120.15853118896484,-54.29901885986328
384.571685791,120.15853118896484,-54.29901885986328
384.770904541,120.15853118896484,-54.29901885986328
384.970123291,120.15853118896484,-54.29901885986328
385.136138916,120.18270111083984,-54.292640686035156
385.335357666,120.43279266357422,-54.259830474853516
385.534576416,120.67745208740234,-54.31955337524414
385.733795166,120.90129089355469,-54.44282531738281
385.883209228,120.96902465820312,-54.48905563354492
385.982818603,120.96902465820312,-54.48905563354492
386.182037353,120.96902465820312,-54.48905563354492
386.381256103,120.96902465820312,-54.48905563354492
386.580474853,120.96902465820312,-54.48905563354492
386.729888916,120.96902465820312,-54.48905563354492
386.945709228,120.96902465820312,-54.48905563354492
387.144927978,120.96902465820312,-54.48905563354492
387.344146728,120.96902465820312,-54.48905563354492
387.493560791,120.96902465820312,-54.48905563354492
387.692779541,120.96902465820312,-54.48905563354492
387.891998291,120.96902465820312,-54.48905563354492
388.091217041,120.96902465820312,-54.48905563354492
388.290435791,120.96902465820312,-54.48905563354492
388.456451416,120.96902465820312,-54.48905563354492
388.655670166,120.96902465820312,-54.48905563354492
388.854888916,120.96902465820312,-54.48905563354492
389.054107666,120.96902465820312,-54.48905563354492
389.253326416,120.96902465820312,-54.48905563354492
389.402740478,120.96902465820312,-54.48905563354492
389.601959228,120.96902465820312,-54.48905563354492
389.801177978,120.96902465820312,-54.48905563354492
390.000396728,120.96902465820312,-54.48905563354492
390.149810791,120.96902465820312,-54.48905563354492
390.365631103,120.96902465820312,-54.48905563354492
390.564849853,120.96902465820312,-54.48905563354492
390.714263916,120.97928619384766,-54.49619674682617
390.913482666,121.1597671508789,-54.656761169433594
391.112701416,121.2672119140625,-54.88671875
391.262115478,121.2761459350586,-55.09367370605469
391.461334228,121.2375259399414,-55.35073471069336
391.610748291,121.2066421508789,-55.52870559692383
391.809967041,121.16891479492188,-55.778995513916016
391.975982666,121.15650177001953,-55.976924896240234
392.125396728,121.16909790039062,-56.18441390991211
392.324615478,121.21530151367188,-56.440093994140625
392.474029541,121.26087951660156,-56.61628723144531
392.673248291,121.32340240478516,-56.85879135131836
392.822662353,121.37133026123047,-57.056968688964844
393.021881103,121.42732238769531,-57.29963684082031
393.221099853,121.47822570800781,-57.55459213256836
393.370513916,121.51068878173828,-57.73367691040039
393.536529541,121.54657745361328,-57.938560485839844
393.685943603,121.5847396850586,-58.13884735107422
393.885162353,121.63478088378906,-58.38979721069336
394.084381103,121.68753051757812,-58.644386291503906
394.233795166,121.72553253173828,-58.82238006591797
394.433013916,121.77767944335938,-59.07291030883789
394.582427978,121.81682586669922,-59.26742935180664
394.781646728,121.87374877929688,-59.518245697021484
394.931060791,121.93193817138672,-59.68770217895508
395.130279541,121.95447540283203,-59.73786163330078
395.296295166,121.95447540283203,-59.73786163330078
395.495513916,121.95447540283203,-59.73786163330078
395.644927978,121.95447540283203,-59.73786163330078
395.844146728,121.95447540283203,-59.73786163330078
395.993560791,121.95447540283203,-59.73786163330078
396.192779541,121.95447540283203,-59.73786163330078
396.391998291,121.95447540283203,-59.73786163330078
396.541412353,121.95447540283203,-59.73786163330078
396.740631103,121.95447540283203,-59.73786163330078
396.890045166,121.96576690673828,-59.760169982910156
397.056060791,122.04560089111328,-59.94993209838867
397.205474853,122.1059799194336,-60.148921966552734
397.404693603,122.16242218017578,-60.40263748168945
397.603912353,122.20315551757812,-60.65110778808594
397.753326416,122.2372817993164,-60.82566833496094
397.902740478,122.29136657714844,-61.026466369628906
398.101959228,122.3768310546875,-61.27199172973633
398.301177978,122.46482849121094,-61.50645065307617
398.450592041,122.52961730957031,-61.672122955322266
398.649810791,122.62460327148438,-61.90678405761719
398.815826416,122.70436096191406,-62.09889221191406
398.965240478,122.78251647949219,-62.29164123535156
399.164459228,122.87605285644531,-62.53129577636719
399.363677978,122.90666198730469,-62.611289978027344
399.513092041,122.90666198730469,-62.611289978027344
399.712310791,122.90666198730469,-62.611289978027344
399.911529541,122.90666198730469,-62.611289978027344
400.110748291,122.90666198730469,-62.611289978027344
400.260162353,122.90666198730469,-62.611289978027344
400.475982666,122.90666198730469,-62.611289978027344
400.625396728,122.90666198730469,-62.611289978027344
400.824615478,122.90666198730469,-62.611289978027344
400.974029541,122.90666198730469,-62.611289978027344
401.173248291,122.90666198730469,-62.611289978027344
401.372467041,122.90666198730469,-62.611289978027344
401.521881103,122.90666198730469,-62.611289978027344
401.721099853,122.90666198730469,-62.611289978027344
401.920318603,122.90666198730469,-62.611289978027344
402.086334228,122.90666198730469,-62.611289978027344
402.285552978,122.92040252685547,-62.64617919921875
402.434967041,123.00323486328125,-62.805145263671875
402.634185791,123.17401123046875,-62.955135345458984
402.833404541,123.1767349243164,-62.95638656616211
402.982818603,123.1767349243164,-62.95638656616211
403.182037353,123.1767349243164,-62.95638656616211
403.381256103,123.1767349243164,-62.95638656616211
403.480865478,123.1767349243164,-62.95638656616211
403.680084228,123.1767349243164,-62.95638656616211
403.829498291,123.1767349243164,-62.95638656616211
404.045318603,123.1767349243164,-62.95638656616211
404.244537353,123.1767349243164,-62.95638656616211
404.393951416,123.1767349243164,-62.95638656616211
404.593170166,123.1767349243164,-62.95638656616211
404.792388916,123.1767349243164,-62.95638656616211
404.991607666,123.1767349243164,-62.95638656616211
405.190826416,123.1767349243164,-62.95638656616211
405.340240478,123.1767349243164,-62.95638656616211
405.556060791,123.1767349243164,-62.95638656616211
405.755279541,123.1767349243164,-62.95638656616211
405.904693603,123.1767349243164,-62.95638656616211
406.103912353,123.1767349243164,-62.95638656616211
406.303131103,123.1767349243164,-62.95638656616211
406.452545166,123.1767349243164,-62.95638656616211
406.651763916,123.1767349243164,-62.95638656616211
406.850982666,123.1767349243164,-62.95638656616211
407.000396728,123.1767349243164,-62.95638656616211
407.216217041,123.1767349243164,-62.95638656616211
407.415435791,123.1767349243164,-62.95638656616211
407.564849853,123.1767349243164,-62.95638656616211
407.764068603,123.20027160644531,-62.964820861816406
407.963287353,123.41476440429688,-63.07450866699219
408.162506103,123.60017395019531,-63.2556266784668
408.361724853,123.74327850341797,-63.469207763671875
408.511138916,123.83258819580078,-63.62464141845703
408.710357666,123.96358489990234,-63.84764099121094
408.876373291,124.07734680175781,-64.0217514038086
409.075592041,124.22616577148438,-64.2264633178711
409.274810791,124.32806396484375,-64.3484878540039
409.474029541,124.32806396484375,-64.3484878540039
409.623443603,124.32806396484375,-64.3484878540039
409.822662353,124.32806396484375,-64.3484878540039
410.021881103,124.32806396484375,-64.3484878540039
410.171295166,124.32806396484375,-64.3484878540039
410.370513916,124.32806396484375,-64.3484878540039
410.586334228,124.32806396484375,-64.3484878540039
410.735748291,124.32806396484375,-64.3484878540039
410.934967041,124.32806396484375,-64.3484878540039
411.134185791,124.32806396484375,-64.3484878540039
411.283599853,124.32806396484375,-64.3484878540039
411.482818603,124.32806396484375,-64.3484878540039
411.632232666,124.32806396484375,-64.3484878540039
411.831451416,124.32806396484375,-64.3484878540039
412.030670166,124.32806396484375,-64.3484878540039
412.180084228,124.32806396484375,-64.3484878540039
412.346099853,124.32806396484375,-64.3484878540039
412.545318603,124.32806396484375,-64.3484878540039
412.744537353,124.32806396484375,-64.3484878540039
412.893951416,124.32806396484375,-64.3484878540039
413.093170166,124.32806396484375,-64.3484878540039
413.292388916,124.36114501953125,-64.38597106933594
413.441802978,124.51528930664062,-64.521728515625
413.641021728,124.75921630859375,-64.60614776611328
413.840240478,125.0181655883789,-64.6277847290039
414.006256103,125.22065734863281,-64.62539672851562
414.205474853,125.4792251586914,-64.62078857421875
414.354888916,125.66067504882812,-64.6330795288086
414.554107666,125.90973663330078,-64.69059753417969
414.703521728,126.10426330566406,-64.76405334472656
414.902740478,126.3399658203125,-64.86009979248047
415.101959228,126.58345794677734,-64.94725799560547
415.301177978,126.82685852050781,-65.02157592773438
415.450592041,126.99612426757812,-65.06660461425781
415.649810791,127.15089416503906,-65.10535430908203
415.865631103,127.15089416503906,-65.10535430908203
416.015045166,127.15089416503906,-65.10535430908203
416.214263916,127.15089416503906,-65.10535430908203
416.363677978,127.15089416503906,-65.10535430908203
416.562896728,127.15089416503906,-65.10535430908203
416.762115478,127.15089416503906,-65.10535430908203
416.961334228,127.15089416503906,-65.10535430908203
417.160552978,127.15089416503906,-65.10535430908203
417.309967041,127.15089416503906,-65.10535430908203
417.509185791,127.15089416503906,-65.10535430908203
417.725006103,127.15089416503906,-65.10535430908203
417.874420166,127.15089416503906,-65.10535430908203
418.073638916,127.15089416503906,-65.10535430908203
418.272857666,127.15089416503906,-65.10535430908203
418.422271728,127.15089416503906,-65.10535430908203
418.571685791,127.15089416503906,-65.10535430908203
418.770904541,127.15089416503906,-65.10535430908203
418.970123291,127.15089416503906,-65.10535430908203
419.136138916,127.15089416503906,-65.10535430908203
419.335357666,127.15089416503906,-65.10535430908203
419.534576416,127.15089416503906,-65.10535430908203
419.683990478,127.16304016113281,-65.1082992553711
419.883209228,127.37859344482422,-65.13308715820312
420.082427978,127.61994934082031,-65.04702758789062
420.281646728,127.77494049072266,-64.84205627441406
420.480865478,127.84738159179688,-64.59284973144531
420.630279541,127.88616943359375,-64.4150390625
420.846099853,127.97484588623047,-64.14934539794922
420.995513916,128.06007385253906,-63.99336242675781
421.194732666,128.21868896484375,-63.793033599853516
421.393951416,128.40501403808594,-63.61573791503906
421.593170166,128.5946044921875,-63.43783950805664
421.792388916,128.7819366455078,-63.259525299072266
421.941802978,128.92613220214844,-63.11537170410156
422.141021728,129.1011199951172,-62.923118591308594
422.340240478,129.2696990966797,-62.728759765625
422.489654541,129.38487243652344,-62.59314727783203
422.705474853,129.56671142578125,-62.37950897216797
422.904693603,129.73031616210938,-62.18810272216797
423.103912353,129.8977813720703,-61.98922348022461
423.253326416,130.0158233642578,-61.85068893432617
423.452545166,130.18505859375,-61.65329360961914
423.651763916,130.35450744628906,-61.456058502197266
423.850982666,130.5136260986328,-61.26803207397461
424.000396728,130.6503448486328,-61.11125183105469
424.216217041,130.8134765625,-60.926719665527344
424.415435791,130.98727416992188,-60.733333587646484
424.614654541,131.15826416015625,-60.541114807128906
424.764068603,131.2885284423828,-60.38962173461914
424.963287353,131.3851776123047,-60.27292251586914
425.162506103,131.3851776123047,-60.27292251586914
425.361724853,131.3851776123047,-60.27292251586914
425.511138916,131.3851776123047,-60.27292251586914
425.710357666,131.3851776123047,-60.27292251586914
425.876373291,131.3851776123047,-60.27292251586914
426.075592041,131.3851776123047,-60.27292251586914
426.274810791,131.3851776123047,-60.27292251586914
426.424224853,131.3801727294922,-60.27070617675781
426.573638916,131.3801727294922,-60.27070617675781
426.723052978,131.3776397705078,-60.271732330322266
426.922271728,131.24305725097656,-60.400230407714844
427.071685791,131.17694091796875,-60.568538665771484
427.270904541,131.1788787841797,-60.82046127319336
427.470123291,131.24147033691406,-61.071250915527344
427.636138916,131.29824829101562,-61.268497467041016
427.835357666,131.3507537841797,-61.523048400878906
427.984771728,131.37510681152344,-61.728187561035156
428.134185791,131.38026428222656,-61.90865707397461
428.333404541,131.3603973388672,-62.16646194458008
428.482818603,131.3378448486328,-62.37186050415039
428.682037353,131.31190490722656,-62.619564056396484
428.831451416,131.29586791992188,-62.79124069213867
429.030670166,131.26856994628906,-63.04155349731445
429.229888916,131.24356079101562,-63.30033874511719
429.395904541,131.2294464111328,-63.50785446166992
429.595123291,131.21238708496094,-63.75905227661133
429.744537353,131.1943359375,-63.96352005004883
429.943756103,131.17752075195312,-64.22296905517578
430.093170166,131.17056274414062,-64.402099609375
430.292388916,131.1576690673828,-64.64942932128906
430.441802978,131.142578125,-64.85138702392578
430.641021728,131.12380981445312,-65.10520935058594
430.790435791,131.11404418945312,-65.28694915771484
430.956451416,131.10330200195312,-65.49330139160156
431.155670166,131.08319091796875,-65.75250244140625
431.305084228,131.0666046142578,-65.95982360839844
431.504302978,131.05230712890625,-66.21805572509766
431.653717041,131.04725646972656,-66.39450073242188
431.852935791,131.03793334960938,-66.65022277832031
432.052154541,131.02053833007812,-66.90962982177734
432.201568603,131.006103515625,-67.10459899902344
432.400787353,131.00592041015625,-67.10759735107422
432.600006103,131.00592041015625,-67.10759735107422
432.766021728,131.00592041015625,-67.10759735107422
432.965240478,131.00592041015625,-67.10759735107422
433.164459228,131.00592041015625,-67.10759735107422
433.313873291,131.00592041015625,-67.10759735107422
433.513092041,131.00592041015625,-67.10759735107422
433.662506103,131.00592041015625,-67.10759735107422
433.861724853,131.00592041015625,-67.10759735107422
434.060943603,131.00592041015625,-67.10759735107422
434.210357666,131.00592041015625,-67.10759735107422
434.426177978,131.00592041015625,-67.10759735107422
434.575592041,131.00592041015625,-67.10759735107422
434.774810791,131.00592041015625,-67.10759735107422
434.974029541,131.00592041015625,-67.10759735107422
435.123443603,131.00592041015625,-67.10759735107422
435.322662353,131.00592041015625,-67.10759735107422
435.472076416,131.00592041015625,-67.10759735107422
435.671295166,131.00592041015625,-67.10759735107422
435.770904541,131.00592041015625,-67.10759735107422
435.970123291,131.00592041015625,-67.10759735107422
436.136138916,131.00592041015625,-67.10759735107422
436.335357666,131.00592041015625,-67.10759735107422
436.534576416,131.00592041015625,-67.10759735107422
436.683990478,131.00592041015625,-67.10759735107422
436.883209228,131.00592041015625,-67.10759735107422
437.032623291,131.00592041015625,-67.10759735107422
437.231842041,131.00592041015625,-67.10759735107422
437.381256103,131.00592041015625,-67.10759735107422
437.580474853,131.00592041015625,-67.10759735107422
437.729888916,131.004150390625,-67.13253784179688
437.895904541,130.9835968017578,-67.25528717041016
438.095123291,130.8873291015625,-67.38264465332031
438.244537353,130.70233154296875,-67.47344970703125
438.393951416,130.5228729248047,-67.47862243652344
438.543365478,130.37228393554688,-67.4365234375
438.742584228,130.37228393554688,-67.4365234375
438.891998291,130.37228393554688,-67.4365234375
439.041412353,130.37228393554688,-67.4365234375
439.240631103,130.37228393554688,-67.4365234375
439.390045166,130.37228393554688,-67.4365234375
439.556060791,130.37228393554688,-67.4365234375
439.705474853,130.37228393554688,-67.4365234375
439.904693603,130.37228393554688,-67.4365234375
440.054107666,130.37228393554688,-67.4365234375
440.203521728,130.37228393554688,-67.4365234375
440.352935791,130.37228393554688,-67.4365234375
440.552154541,130.37228393554688,-67.4365234375
440.701568603,130.37228393554688,-67.4365234375
440.850982666,130.37228393554688,-67.4365234375
441.050201416,130.37228393554688,-67.4365234375
441.216217041,130.37228393554688,-67.4365234375
441.365631103,130.37228393554688,-67.4365234375
441.515045166,130.37228393554688,-67.4365234375
441.714263916,130.37228393554688,-67.4365234375
441.863677978,130.37228393554688,-67.4365234375
442.013092041,130.37228393554688,-67.4365234375
442.212310791,130.37228393554688,-67.4365234375
442.361724853,130.37228393554688,-67.4365234375
442.560943603,130.37228393554688,-67.4365234375
442.710357666,130.37228393554688,-67.4365234375
442.876373291,130.37228393554688,-67.4365234375
443.025787353,130.37228393554688,-67.4365234375
443.175201416,130.37228393554688,-67.4365234375
443.374420166,130.37228393554688,-67.4365234375
443.523834228,130.37228393554688,-67.4365234375
443.673248291,130.3682861328125,-67.43560791015625
443.822662353,130.35340881347656,-67.43694305419922
444.021881103,130.29164123535156,-67.48780822753906
444.221099853,130.19142150878906,-67.71625518798828
444.370513916,130.19981384277344,-67.89332580566406
444.586334228,130.276611328125,-68.16569519042969
444.785552978,130.3601837158203,-68.4002914428711
444.934967041,130.4086151123047,-68.57283782958984
445.134185791,130.4461669921875,-68.82984924316406
445.333404541,130.45184326171875,-69.08284759521484
445.482818603,130.44227600097656,-69.2851333618164
445.682037353,130.4256591796875,-69.53911590576172
445.831451416,130.41331481933594,-69.72069549560547
446.030670166,130.39903259277344,-69.98028564453125
446.180084228,130.39320373535156,-70.18273162841797
446.395904541,130.38787841796875,-70.43173217773438
446.545318603,130.38197326660156,-70.63416290283203
446.744537353,130.3684539794922,-70.89105224609375
446.893951416,130.35751342773438,-71.06858825683594
447.043365478,130.3452911376953,-71.27484130859375
447.242584228,130.33619689941406,-71.53057861328125
447.391998291,130.33128356933594,-71.71253204345703
447.591217041,130.32339477539062,-71.965576171875
447.740631103,130.31211853027344,-72.1636734008789
447.956451416,130.295166015625,-72.41351318359375
448.105865478,130.28350830078125,-72.62117767333984
448.305084228,130.27305603027344,-72.87684631347656
448.504302978,130.26499938964844,-73.12439727783203
448.653717041,130.254638671875,-73.30198669433594
448.852935791,130.23558044433594,-73.55994415283203
449.052154541,130.22000122070312,-73.81946563720703
449.201568603,130.21347045898438,-74.02325439453125
449.400787353,130.2115020751953,-74.09674835205078
449.550201416,130.2115020751953,-74.09674835205078
449.766021728,130.20794677734375,-74.17166137695312
449.915435791,130.19102478027344,-74.34632873535156
450.114654541,130.1509552001953,-74.59208679199219
450.264068603,130.1013946533203,-74.79405975341797
450.413482666,130.05226135253906,-74.96929931640625
450.612701416,129.97804260253906,-75.21420288085938
450.811920166,129.90187072753906,-75.45706939697266
450.961334228,129.83863830566406,-75.65090942382812
451.160552978,129.76434326171875,-75.88861846923828
451.309967041,129.71377563476562,-76.05775451660156
451.525787353,129.63255310058594,-76.32340240478516
451.675201416,129.58482360839844,-76.49192810058594
451.824615478,129.52676391601562,-76.6888198852539
452.023834228,129.45094299316406,-76.93466186523438
452.223052978,129.3792266845703,-77.1803207397461
452.372467041,129.327880859375,-77.35493469238281
452.571685791,129.2515869140625,-77.6034927368164
452.721099853,129.1891326904297,-77.80189514160156
452.920318603,129.10963439941406,-78.04946899414062
453.086334228,129.04734802246094,-78.24362182617188
453.235748291,128.99205017089844,-78.4126968383789
453.385162353,128.93051147460938,-78.60423278808594
453.534576416,128.87774658203125,-78.76840209960938
453.733795166,128.79989624023438,-79.01075744628906
453.933013916,128.71876525878906,-79.25777435302734
454.082427978,128.65187072753906,-79.45471954345703
454.281646728,128.6425323486328,-79.48323059082031
454.431060791,128.6425323486328,-79.48323059082031
454.630279541,128.6425323486328,-79.48323059082031
454.796295166,128.6425323486328,-79.48323059082031
454.995513916,128.6425323486328,-79.48323059082031
455.144927978,128.6425323486328,-79.48323059082031
455.344146728,128.6425323486328,-79.48323059082031
455.543365478,128.6425323486328,-79.48323059082031
455.692779541,128.6425323486328,-79.48323059082031
455.842193603,128.6425323486328,-79.48323059082031
456.041412353,128.6425323486328,-79.48323059082031
456.190826416,128.6425323486328,-79.48323059082031
456.390045166,128.6425323486328,-79.48323059082031
456.556060791,128.6425323486328,-79.48323059082031
456.755279541,128.6425323486328,-79.48323059082031
456.904693603,128.6425323486328,-79.48323059082031
457.103912353,128.6425323486328,-79.48323059082031
457.253326416,128.6425323486328,-79.48323059082031
457.452545166,128.6425323486328,-79.48323059082031
457.651763916,128.6425323486328,-79.48323059082031
457.801177978,128.6425323486328,-79.48323059082031
458.000396728,128.6425323486328,-79.48323059082031
458.149810791,128.6425323486328,-79.48323059082031
458.365631103,128.6425323486328,-79.48323059082031
458.515045166,128.6425323486328,-79.48323059082031
458.714263916,128.6425323486328,-79.48323059082031
458.863677978,128.6425323486328,-79.48323059082031
459.013092041,128.6425323486328,-79.48323059082031
459.212310791,128.6425323486328,-79.48323059082031
459.361724853,128.6425323486328,-79.48323059082031
459.560943603,128.6425323486328,-79.48323059082031
459.760162353,128.6425323486328,-79.48323059082031
459.926177978,128.6425323486328,-79.48323059082031
460.125396728,128.6425323486328,-79.48323059082031
460.274810791,128.6425323486328,-79.48323059082031
460.474029541,128.6425323486328,-79.48323059082031
460.623443603,128.6425323486328,-79.48323059082031
460.822662353,128.6425323486328,-79.48323059082031
461.021881103,128.6425323486328,-79.48323059082031
461.171295166,128.6425323486328,-79.48323059082031
461.370513916,128.6425323486328,-79.48323059082031
461.536529541,128.6425323486328,-79.48323059082031
461.685943603,128.6425323486328,-79.48323059082031
461.885162353,128.6425323486328,-79.48323059082031
462.034576416,128.6425323486328,-79.48323059082031
462.233795166,128.6425323486328,-79.48323059082031
462.383209228,128.6425323486328,-79.48323059082031
462.532623291,128.6425323486328,-79.48323059082031
462.731842041,128.6318359375,-79.47675323486328
462.881256103,128.5172576904297,-79.34745025634766
463.030670166,128.46141052246094,-79.17964172363281
463.229888916,128.47689819335938,-78.93085479736328
463.395904541,128.5263671875,-78.74019622802734
463.545318603,128.5848388671875,-78.5520248413086
463.744537353,128.6527862548828,-78.30396270751953
463.943756103,128.69667053222656,-78.05889129638672
464.093170166,128.71290588378906,-77.88864135742188
464.292388916,128.71697998046875,-77.62876892089844
464.441802978,128.70721435546875,-77.42237091064453
464.641021728,128.6933135986328,-77.17096710205078
464.790435791,128.68597412109375,-76.99596405029297
464.956451416,128.667724609375,-76.78878021240234
465.155670166,128.64385986328125,-76.53401184082031
465.305084228,128.62997436523438,-76.33470916748047
465.454498291,128.6217803955078,-76.15699768066406
465.653717041,128.61676025390625,-75.89704895019531
465.852935791,128.61822509765625,-75.63841247558594
466.002349853,128.61968994140625,-75.44139099121094
466.201568603,128.62042236328125,-75.34324645996094
466.400787353,128.62042236328125,-75.34324645996094
466.550201416,128.62042236328125,-75.34324645996094
466.716217041,128.62042236328125,-75.34324645996094
466.915435791,128.62042236328125,-75.34324645996094
467.114654541,128.62042236328125,-75.34324645996094
467.264068603,128.62042236328125,-75.34324645996094
467.463287353,128.62042236328125,-75.34324645996094
467.662506103,128.62042236328125,-75.34324645996094
467.811920166,128.62042236328125,-75.34324645996094
468.011138916,128.62042236328125,-75.34324645996094
468.160552978,128.62042236328125,-75.34324645996094
468.376373291,128.62042236328125,-75.34324645996094
468.525787353,128.61392211914062,-75.3282241821289
468.725006103,128.55413818359375,-75.29573059082031
468.874420166,128.3802947998047,-75.27095031738281
469.023834228,128.18692016601562,-75.3248291015625
469.173248291,128.0472869873047,-75.43608093261719
469.372467041,127.89472198486328,-75.64429473876953
469.521881103,127.79373931884766,-75.81666564941406
469.671295166,127.69805908203125,-75.96497344970703
469.870513916,127.53498077392578,-76.1599349975586
470.036529541,127.38670349121094,-76.29777526855469
470.185943603,127.22772979736328,-76.42317962646484
470.385162353,127.01461029052734,-76.56721496582031
470.534576416,126.85990142822266,-76.66307067871094
470.634185791,126.74934387207031,-76.73146057128906
470.833404541,126.53217315673828,-76.86933135986328
470.982818603,126.36039733886719,-76.98661041259766
471.132232666,126.21000671386719,-77.08912658691406
471.331451416,125.99652862548828,-77.23754119873047
471.480865478,125.83212280273438,-77.35813903808594
471.680084228,125.62120056152344,-77.51016998291016
471.829498291,125.4754867553711,-77.61457824707031
471.995513916,125.30613708496094,-77.7353515625
472.144927978,125.14250183105469,-77.86372375488281
472.344146728,124.93936920166016,-78.02600860595703
472.493560791,124.79529571533203,-78.13721466064453
472.692779541,124.58901977539062,-78.29548645019531
472.842193603,124.42346954345703,-78.41683197021484
473.041412353,124.2103271484375,-78.56571960449219
473.190826416,124.0614242553711,-78.66553497314453
473.340240478,123.89202880859375,-78.77651977539062
473.506256103,123.72299194335938,-78.88803100585938
473.705474853,123.50885009765625,-79.03302764892578
473.854888916,123.36494445800781,-79.13988494873047
474.054107666,123.15872955322266,-79.29823303222656
474.203521728,122.99263763427734,-79.42342376708984
474.352935791,122.8488998413086,-79.53282165527344
474.552154541,122.64045715332031,-79.68821716308594
474.701568603,122.47240447998047,-79.810791015625
474.900787353,122.2596435546875,-79.96021270751953
475.050201416,122.11286926269531,-80.06781768798828
475.216217041,121.94693756103516,-80.18865203857422
475.365631103,121.78206634521484,-80.31321716308594
475.564849853,121.58541107177734,-80.48104858398438
475.714263916,121.45790100097656,-80.60894775390625
475.913482666,121.28421020507812,-80.79498291015625
476.062896728,121.18401336669922,-80.9004898071289
476.262115478,121.18401336669922,-80.9004898071289
476.411529541,121.18401336669922,-80.9004898071289
476.560943603,121.16677856445312,-80.9186019897461
476.760162353,121.00736999511719,-81.10523223876953
476.926177978,120.99769592285156,-81.11734008789062
477.075592041,120.99769592285156,-81.11734008789062
477.274810791,120.99769592285156,-81.11734008789062
477.424224853,120.99769592285156,-81.11734008789062
477.623443603,120.99769592285156,-81.11734008789062
477.772857666,120.99769592285156,-81.11734008789062
477.972076416,120.99769592285156,-81.11734008789062
478.121490478,120.99769592285156,-81.11734008789062
478.320709228,120.99769592285156,-81.11734008789062
478.470123291,120.99769592285156,-81.11734008789062
478.685943603,120.99769592285156,-81.11734008789062
478.835357666,120.99769592285156,-81.11734008789062
479.034576416,120.99769592285156,-81.11734008789062
479.233795166,120.99769592285156,-81.11734008789062
479.383209228,120.99769592285156,-81.11734008789062
479.582427978,120.99769592285156,-81.11734008789062
479.781646728,120.99769592285156,-81.11734008789062
479.931060791,120.99769592285156,-81.11734008789062
480.130279541,120.99769592285156,-81.11734008789062
480.296295166,120.99769592285156,-81.11734008789062
480.445709228,120.99769592285156,-81.11734008789062
480.644927978,120.99769592285156,-81.11734008789062
480.794342041,120.99769592285156,-81.11734008789062
480.993560791,120.98200988769531,-81.13680267333984
481.142974853,120.84805297851562,-81.28779602050781
481.342193603,120.66541290283203,-81.46894073486328
481.541412353,120.4768295288086,-81.64793395996094
481.690826416,120.34430694580078,-81.7726821899414
481.890045166,120.16163635253906,-81.9399185180664
482.056060791,120.01947021484375,-82.06629943847656
482.205474853,119.96452331542969,-82.11515808105469
482.404693603,119.96452331542969,-82.11515808105469
482.554107666,119.96452331542969,-82.11515808105469
482.753326416,119.96452331542969,-82.11515808105469
482.902740478,119.96452331542969,-82.11515808105469
483.101959228,119.96452331542969,-82.11515808105469
483.251373291,119.96452331542969,-82.11515808105469
483.450592041,119.96452331542969,-82.11515808105469
483.649810791,119.96452331542969,-82.11515808105469
483.815826416,119.96452331542969,-82.11515808105469
483.965240478,119.96452331542969,-82.11515808105469
484.164459228,119.96452331542969,-82.11515808105469
484.363677978,119.96452331542969,-82.11515808105469
484.513092041,119.96452331542969,-82.11515808105469
484.712310791,119.96452331542969,-82.11515808105469
484.861724853,119.96452331542969,-82.11515808105469
485.060943603,119.96452331542969,-82.11515808105469
485.210357666,119.96452331542969,-82.11515808105469
485.376373291,119.96452331542969,-82.11515808105469
485.575592041,119.96452331542969,-82.11515808105469
485.725006103,119.96452331542969,-82.11515808105469
485.924224853,119.96452331542969,-82.11515808105469
486.073638916,119.96452331542969,-82.11515808105469
486.272857666,119.96452331542969,-82.11515808105469
486.422271728,119.96452331542969,-82.11515808105469
486.621490478,119.96452331542969,-82.11515808105469
486.770904541,119.96452331542969,-82.11515808105469
486.970123291,119.96452331542969,-82.11515808105469
487.136138916,119.93785095214844,-82.13897705078125
487.285552978,119.7929458618164,-82.27249145507812
487.484771728,119.60922241210938,-82.44865417480469
487.634185791,119.48470306396484,-82.57181549072266
487.833404541,119.31089782714844,-82.74826049804688
487.982818603,119.17103576660156,-82.89286041259766
488.082427978,119.08195495605469,-82.98564147949219
488.281646728,118.90550231933594,-83.16716766357422
488.431060791,118.78242492675781,-83.293701171875
488.580474853,118.64167785644531,-83.43933868408203
488.796295166,118.46592712402344,-83.61578369140625
488.945709228,118.32563018798828,-83.7541732788086
489.095123291,118.20075988769531,-83.87506103515625
489.294342041,118.02335357666016,-84.04594421386719
489.443756103,117.89053344726562,-84.1782455444336
489.593170166,117.76451873779297,-84.30572509765625
489.792388916,117.5921859741211,-84.48171997070312
489.941802978,117.44820404052734,-84.62413787841797
490.141021728,117.35759735107422,-84.71324157714844
490.290435791,117.35759735107422,-84.71324157714844
490.456451416,117.35759735107422,-84.71324157714844
490.605865478,117.35759735107422,-84.71324157714844
490.805084228,117.35759735107422,-84.71324157714844
490.954498291,117.35759735107422,-84.71324157714844
491.153717041,117.35759735107422,-84.71324157714844
491.303131103,117.35759735107422,-84.71324157714844
491.502349853,117.35759735107422,-84.71324157714844
491.651763916,117.35759735107422,-84.71324157714844
491.850982666,117.35759735107422,-84.71324157714844
492.000396728,117.35759735107422,-84.71324157714844
492.216217041,117.35759735107422,-84.71324157714844
492.365631103,117.35759735107422,-84.71324157714844
492.515045166,117.35759735107422,-84.71324157714844
492.714263916,117.35759735107422,-84.71324157714844
492.863677978,117.35759735107422,-84.71324157714844
493.062896728,117.35469818115234,-84.71614837646484
493.212310791,117.3487777709961,-84.72366333007812
493.411529541,117.33814239501953,-84.83242797851562
493.560943603,117.3963623046875,-85.02156066894531
493.760162353,117.58341979980469,-85.19344329833984
493.909576416,117.75379180908203,-85.25597381591797
494.125396728,118.03788757324219,-85.25333404541016
494.324615478,118.2916030883789,-85.19660186767578
494.523834228,118.54386138916016,-85.14640808105469
494.673248291,118.72500610351562,-85.13040924072266
494.872467041,118.98353576660156,-85.153564453125
495.071685791,119.22991180419922,-85.2168960571289
495.221099853,119.42654418945312,-85.28467559814453
495.420318603,119.66741943359375,-85.37104034423828
495.636138916,119.91141510009766,-85.45680236816406
495.785552978,120.10417938232422,-85.51891326904297
495.984771728,120.34646606445312,-85.5923080444336
496.183990478,120.58673095703125,-85.66292572021484
496.383209228,120.82707977294922,-85.7281723022461
496.532623291,120.99581146240234,-85.76979064941406
496.731842041,121.05023193359375,-85.782958984375
496.931060791,121.05023193359375,-85.782958984375
497.130279541,121.05023193359375,-85.782958984375
497.346099853,121.05023193359375,-85.782958984375
497.495513916,121.05023193359375,-85.782958984375
497.694732666,121.05023193359375,-85.782958984375
497.893951416,121.05023193359375,-85.782958984375
498.093170166,121.05023193359375,-85.782958984375
498.292388916,121.05023193359375,-85.782958984375
498.491607666,121.05023193359375,-85.782958984375
498.641021728,121.05023193359375,-85.782958984375
498.840240478,121.05023193359375,-85.782958984375
499.056060791,121.05023193359375,-85.782958984375
499.205474853,121.05023193359375,-85.782958984375
499.454498291,121.05023193359375,-85.782958984375
499.603912353,121.07450103759766,-85.78894805908203
499.803131103,121.29728698730469,-85.8781967163086
500.002349853,121.46538543701172,-86.07189178466797
500.151763916,121.51014709472656,-86.24755096435547
500.350982666,121.51348876953125,-86.50184631347656
500.550201416,121.51367950439453,-86.75899505615234
500.749420166,121.55057525634766,-87.01056671142578
500.915435791,121.60917663574219,-87.20856475830078
501.114654541,121.71038055419922,-87.44048309326172
501.313873291,121.82469940185547,-87.6694107055664
501.463287353,121.92457580566406,-87.84872436523438
501.662506103,122.05696105957031,-88.07245635986328
501.811920166,122.15271759033203,-88.22722625732422
502.011138916,122.29218292236328,-88.44335174560547
502.210357666,122.44047546386719,-88.653564453125
502.376373291,122.52271270751953,-88.77359008789062
502.575592041,122.52271270751953,-88.77359008789062
502.774810791,122.52271270751953,-88.77359008789062
502.924224853,122.52271270751953,-88.77359008789062
503.123443603,122.52271270751953,-88.77359008789062
503.322662353,122.52271270751953,-88.77359008789062
503.521881103,122.52271270751953,-88.77359008789062
503.721099853,122.52271270751953,-88.77359008789062
503.870513916,122.52271270751953,-88.77359008789062
504.086334228,122.52271270751953,-88.77359008789062
504.285552978,122.52271270751953,-88.77359008789062
504.434967041,122.52271270751953,-88.77359008789062
504.634185791,122.52271270751953,-88.77359008789062
504.833404541,122.52271270751953,-88.77359008789062
505.032623291,122.52271270751953,-88.77359008789062
505.231842041,122.52271270751953,-88.77359008789062
505.431060791,122.52271270751953,-88.77359008789062
505.530670166,122.52271270751953,-88.77359008789062
505.729888916,122.52271270751953,-88.77359008789062
505.895904541,122.52271270751953,-88.77359008789062
506.095123291,122.53683471679688,-88.79422760009766
506.294342041,122.70598602294922,-88.98678588867188
506.493560791,122.91687774658203,-89.13069152832031
506.692779541,123.10671997070312,-89.2203369140625
506.891998291,123.10855102539062,-89.22113037109375
507.041412353,123.10855102539062,-89.22113037109375
507.290435791,123.10855102539062,-89.22113037109375
507.489654541,123.10855102539062,-89.22113037109375
507.655670166,123.10855102539062,-89.22113037109375
507.854888916,123.10855102539062,-89.22113037109375
508.054107666,123.10855102539062,-89.22113037109375
508.253326416,123.10855102539062,-89.22113037109375
508.452545166,123.10855102539062,-89.22113037109375
508.651763916,123.10855102539062,-89.22113037109375
508.801177978,123.10855102539062,-89.22113037109375
509.000396728,123.10855102539062,-89.22113037109375
509.149810791,123.10855102539062,-89.22113037109375
509.365631103,123.10855102539062,-89.22113037109375
509.564849853,123.10855102539062,-89.22113037109375
509.764068603,123.10855102539062,-89.22113037109375
509.963287353,123.10855102539062,-89.22113037109375
510.112701416,123.10855102539062,-89.22113037109375
510.311920166,123.10855102539062,-89.22113037109375
510.511138916,123.10855102539062,-89.22113037109375
510.710357666,123.10855102539062,-89.22113037109375
510.876373291,123.10855102539062,-89.22113037109375
511.125396728,123.10855102539062,-89.22113037109375
511.274810791,123.10855102539062,-89.22113037109375
511.474029541,123.10855102539062,-89.22113037109375
511.673248291,123.10855102539062,-89.22113037109375
511.872467041,123.10855102539062,-89.22113037109375
512.071655273,123.10855102539062,-89.22113037109375
512.270874023,123.10855102539062,-89.22113037109375
512.420288085,123.10855102539062,-89.22113037109375
512.636108398,123.10855102539062,-89.22113037109375
512.785522460,123.13156127929688,-89.23089599609375
512.984741210,123.36156463623047,-89.30155944824219
513.183959960,123.60243225097656,-89.32257843017578
513.383178710,123.86197662353516,-89.30874633789062
513.582397460,124.11669158935547,-89.28430938720703
513.781616210,124.36650085449219,-89.26692962646484
513.980834960,124.61672973632812,-89.25738525390625
514.180053710,124.87672424316406,-89.25568389892578
514.346069335,125.08464050292969,-89.26104736328125
514.545288085,125.33281707763672,-89.28108978271484
514.744506835,125.41401672363281,-89.29259490966797
514.943725585,125.41401672363281,-89.29259490966797
515.142944335,125.41401672363281,-89.29259490966797
515.292358398,125.41401672363281,-89.29259490966797
515.491577148,125.41401672363281,-89.29259490966797
515.690795898,125.41401672363281,-89.29259490966797
515.890014648,125.41401672363281,-89.29259490966797
516.105834960,125.41401672363281,-89.29259490966797
516.305053710,125.41401672363281,-89.29259490966797
516.504272460,125.41401672363281,-89.29259490966797
516.653686523,125.41401672363281,-89.29259490966797
516.852905273,125.41401672363281,-89.29259490966797
517.052124023,125.41401672363281,-89.29259490966797
517.251342773,125.41401672363281,-89.29259490966797
517.450561523,125.41401672363281,-89.29259490966797
517.616577148,125.41401672363281,-89.29259490966797
517.815795898,125.41401672363281,-89.29259490966797
518.015014648,125.41401672363281,-89.29259490966797
518.214233398,125.41401672363281,-89.29259490966797
518.413452148,125.41401672363281,-89.29259490966797
518.612670898,125.41401672363281,-89.29259490966797
518.811889648,125.41401672363281,-89.29259490966797
519.011108398,125.41401672363281,-89.29259490966797
519.210327148,125.41401672363281,-89.29259490966797
519.426147460,125.41401672363281,-89.29259490966797
519.575561523,125.42637634277344,-89.2944564819336
519.774780273,125.66631317138672,-89.30399322509766
519.973999023,125.91386413574219,-89.23748779296875
520.173217773,126.13687896728516,-89.11532592773438
520.372436523,126.35851287841797,-88.97940063476562
520.521850585,126.53557586669922,-88.87560272216797
520.721069335,126.7649917602539,-88.76570892333984
520.920288085,126.90753173828125,-88.71434783935547
521.136108398,126.90753173828125,-88.71434783935547
521.335327148,126.90753173828125,-88.71434783935547
521.534545898,126.90753173828125,-88.71434783935547
521.683959960,126.90753173828125,-88.71434783935547
521.932983398,126.90753173828125,-88.71434783935547
522.082397460,126.90753173828125,-88.71434783935547
522.281616210,126.90753173828125,-88.71434783935547
522.480834960,126.90753173828125,-88.71434783935547
522.680053710,126.90753173828125,-88.71434783935547
522.895874023,126.90753173828125,-88.71434783935547
522.995483398,126.90753173828125,-88.71434783935547
523.194702148,126.90753173828125,-88.71434783935547
523.393920898,126.90753173828125,-88.71434783935547
523.543334960,126.90753173828125,-88.71434783935547
523.742553710,126.90753173828125,-88.71434783935547
523.941772460,126.90753173828125,-88.71434783935547
524.140991210,126.90753173828125,-88.71434783935547
524.340209960,126.90753173828125,-88.71434783935547
524.556030273,126.90753173828125,-88.71434783935547
524.705444335,126.90753173828125,-88.71434783935547
524.904663085,126.90753173828125,-88.71434783935547
525.103881835,126.90753173828125,-88.71434783935547
525.303100585,126.90753173828125,-88.71434783935547
525.502319335,126.90753173828125,-88.71434783935547
525.701538085,126.90753173828125,-88.71434783935547
525.900756835,126.90753173828125,-88.71434783935547
526.116577148,126.90753173828125,-88.71434783935547
526.265991210,126.90753173828125,-88.71434783935547
526.465209960,126.90753173828125,-88.71434783935547
526.664428710,126.90753173828125,-88.71434783935547
526.863647460,126.90753173828125,-88.71434783935547
527.062866210,126.90753173828125,-88.71434783935547
