timestamp_sec,x,y
1.975401282,77.0999984741211,-6.199999809265137
2.124800443,77.0999984741211,-6.199999809265137
2.323999166,77.0999984741211,-6.199999809265137
2.523197889,77.0999984741211,-6.199999809265137
2.672596931,77.0999984741211,-6.199999809265137
2.821995973,77.0999984741211,-6.199999809265137
2.971395015,77.0999984741211,-6.199999809265137
3.170593738,77.0999984741211,-6.199999809265137
3.386392354,77.0999984741211,-6.199999809265137
3.535791397,77.0999984741211,-6.199999809265137
3.734990119,77.0999984741211,-6.199999809265137
3.884389162,77.0999984741211,-6.199999809265137
4.083589076,77.0999984741211,-6.199999809265137
4.232990264,77.0999984741211,-6.199999809265137
4.432191848,77.0999984741211,-6.199999809265137
4.581593036,77.0999984741211,-6.199999809265137
4.780794620,77.0999984741211,-6.199999809265137
4.930195808,77.0999984741211,-6.199999809265137
5.145997524,77.0999984741211,-6.199999809265137
5.295398712,77.0999984741211,-6.199999809265137
5.494600296,77.0999984741211,-6.199999809265137
5.644001483,77.0999984741211,-6.199999809265137
5.843203067,77.0999984741211,-6.199999809265137
5.992604255,77.0999984741211,-6.199999809265137
6.191805839,77.0999984741211,-6.199999809265137
6.341207027,77.0999984741211,-6.199999809265137
6.540408611,77.0999984741211,-6.199999809265137
6.689809799,77.0999984741211,-6.199999809265137
6.855811119,77.0999984741211,-6.199999809265137
7.055012702,77.0999984741211,-6.199999809265137
7.204413890,77.0999984741211,-6.199999809265137
7.353815078,77.0999984741211,-6.199999809265137
7.503216266,77.0999984741211,-6.199999809265137
7.702417850,77.0999984741211,-6.199999809265137
7.851819038,77.0999984741211,-6.199999809265137
8.051018714,77.0999984741211,-6.199999809265137
8.200415611,77.0999984741211,-6.199999809265137
8.349812507,77.0999984741211,-6.199999809265137
8.515809059,77.0999984741211,-6.199999809265137
8.715004920,77.0999984741211,-6.199999809265137
8.864401817,77.0999984741211,-6.199999809265137
9.013798713,77.0999984741211,-6.199999809265137
9.163195610,77.0999984741211,-6.199999809265137
9.362391471,77.0999984741211,-6.199999809265137
9.511788368,77.0999984741211,-6.199999809265137
9.661185264,77.0999984741211,-6.199999809265137
9.860381126,77.0999984741211,-6.199999809265137
10.026377677,77.0999984741211,-6.199999809265137
10.175774574,77.0999984741211,-6.199999809265137
10.325171470,77.0999984741211,-6.199999809265137
10.524367332,77.0999984741211,-6.199999809265137
10.673764228,77.0999984741211,-6.199999809265137
10.823161125,77.0999984741211,-6.199999809265137
11.022356986,77.0999984741211,-6.199999809265137
11.171753883,77.0999984741211,-6.199999809265137
11.321150779,77.0999984741211,-6.199999809265137
11.470547676,77.0999984741211,-6.199999809265137
11.636544227,77.09647369384766,-6.202101230621338
11.835740089,76.95330047607422,-6.21797513961792
11.985136985,76.76252746582031,-6.151618003845215
12.184332847,76.58253479003906,-5.968243598937988
12.383528709,76.46537780761719,-5.739696502685547
12.582724571,76.36953735351562,-5.502467155456543
12.781920433,76.24585723876953,-5.277151107788086
12.981116294,76.10038757324219,-5.078745365142822
13.180312156,76.08914184570312,-5.065323352813721
13.396107673,76.08914184570312,-5.065323352813721
13.595303535,76.08914184570312,-5.065323352813721
13.794499397,76.08914184570312,-5.065323352813721
13.993695259,76.08914184570312,-5.065323352813721
14.192891120,76.08914184570312,-5.065323352813721
14.392086982,76.08914184570312,-5.065323352813721
14.591282844,76.08914184570312,-5.065323352813721
14.790478706,76.08914184570312,-5.065323352813721
14.989674568,76.08914184570312,-5.065323352813721
15.205470085,76.08914184570312,-5.065323352813721
15.404665946,76.08914184570312,-5.065323352813721
15.603861808,76.08914184570312,-5.065323352813721
15.803057670,76.188232421875,-5.027069568634033
16.002254486,76.42591857910156,-5.0488505363464355
16.201450347,76.62640380859375,-5.205356121063232
16.350847244,76.72195434570312,-5.35672664642334
16.500244140,76.81381225585938,-5.543338775634766
16.666240692,76.90642547607422,-5.726503372192383
16.865436553,77.04786682128906,-5.944308280944824
17.014833450,77.16510009765625,-6.079812049865723
17.214029312,77.35350799560547,-6.246501922607422
17.363426208,77.52153015136719,-6.369072914123535
17.562622070,77.73177337646484,-6.5173211097717285
17.712018966,77.87699127197266,-6.620049476623535
17.911214828,78.08052825927734,-6.772862434387207
18.110410690,78.2841567993164,-6.930063724517822
18.276407241,78.43861389160156,-7.061046600341797
18.425804138,78.59597778320312,-7.1970438957214355
18.625000000,78.79053497314453,-7.365339279174805
18.774396896,78.92752075195312,-7.4851579666137695
18.973592758,79.1218490600586,-7.657901287078857
19.122989654,79.27713775634766,-7.792114734649658
19.322185516,79.47584533691406,-7.959768295288086
19.471582412,79.613525390625,-8.07025146484375
19.670778274,79.81381225585938,-8.225066184997559
19.869974136,80.01750946044922,-8.382189750671387
20.035970687,80.17218780517578,-8.508638381958008
20.185367584,80.33222198486328,-8.641488075256348
20.384563446,80.53189849853516,-8.807989120483398
20.533960342,80.666015625,-8.920662879943848
20.733156204,80.8632583618164,-9.08580493927002
20.882553100,81.0163803100586,-9.226546287536621
21.081748962,81.20394134521484,-9.406617164611816
21.231145858,81.33829498291016,-9.529332160949707
21.430341720,81.36043548583984,-9.548064231872559
21.596338272,81.36043548583984,-9.548064231872559
21.795534133,81.36043548583984,-9.548064231872559
21.944931030,81.36043548583984,-9.548064231872559
22.144126892,81.36997985839844,-9.55613899230957
22.293523788,81.49951171875,-9.650236129760742
22.492719650,81.74103546142578,-9.721206665039062
22.691915512,81.99761199951172,-9.68577766418457
22.891111373,82.2472152709961,-9.613068580627441
23.090307235,82.49898529052734,-9.54857349395752
23.256303787,82.70414733886719,-9.514690399169922
23.455499649,82.95549774169922,-9.50526237487793
23.654695510,83.21471405029297,-9.524819374084473
23.853891372,83.47329711914062,-9.551897048950195
24.003288269,83.67622375488281,-9.571672439575195
24.152685165,83.8481674194336,-9.584372520446777
24.302082061,84.04769897460938,-9.594361305236816
24.501277923,84.30352783203125,-9.599875450134277
24.700473785,84.56353759765625,-9.598130226135254
24.849870681,84.73867797851562,-9.596123695373535
25.015867233,84.94119262695312,-9.593804359436035
25.215063095,85.20120239257812,-9.590910911560059
25.414258956,85.46111297607422,-9.595725059509277
25.613454818,85.71876525878906,-9.629295349121094
25.762851715,85.91525268554688,-9.672280311584473
25.962047576,86.15806579589844,-9.733501434326172
26.161243438,86.40703582763672,-9.792438507080078
26.310640335,86.5864486694336,-9.822936058044434
26.509836196,86.84369659423828,-9.860589027404785
26.725631713,87.12353515625,-9.904468536376953
26.924827575,87.3799819946289,-9.947312355041504
27.074224472,87.55868530273438,-9.981680870056152
27.273420333,87.80218505859375,-10.050348281860352
27.472616195,88.03720092773438,-10.147865295410156
27.622013092,88.22295379638672,-10.238332748413086
27.821208953,88.45244598388672,-10.360498428344727
28.020404815,88.6754379272461,-10.49416732788086
28.169801712,88.826904296875,-10.584815979003906
28.335798263,89.0049819946289,-10.686898231506348
28.534994125,89.23283386230469,-10.81210708618164
28.734189987,89.45829010009766,-10.936001777648926
28.883586883,89.63450622558594,-11.02714729309082
29.082782745,89.8700942993164,-11.130352020263672
29.232179641,90.0344467163086,-11.194755554199219
29.431375503,90.2784652709961,-11.284465789794922
29.580772399,90.47346496582031,-11.356819152832031
29.730169296,90.63880920410156,-11.418617248535156
29.945964813,90.89463806152344,-11.51961898803711
30.145160675,91.1323013305664,-11.614474296569824
30.294557571,91.29566955566406,-11.677647590637207
30.493753433,91.53660583496094,-11.76383113861084
30.692949295,91.77903747558594,-11.84572982788086
30.842346191,91.93971252441406,-11.902745246887207
31.041542053,91.9406509399414,-11.90308666229248
31.240737915,91.95862579345703,-11.909708976745605
31.390134811,91.99019622802734,-11.922868728637695
31.605930328,92.1469955444336,-12.106741905212402
31.755327224,92.17974853515625,-12.270624160766602
31.904724121,92.13394165039062,-12.472159385681152
32.103931427,92.00894165039062,-12.69652271270752
32.253345489,91.91424560546875,-12.840612411499023
32.402759552,91.8128433227539,-13.01584529876709
32.601978302,91.71759796142578,-13.242734909057617
32.751392364,91.66673278808594,-13.410311698913574
32.900806427,91.62307739257812,-13.606612205505371
33.050220489,91.59739685058594,-13.781227111816406
33.216236114,91.57489013671875,-13.98800277709961
33.415454864,91.54508209228516,-14.246286392211914
33.564868927,91.5184555053711,-14.442912101745605
33.714282989,91.49195861816406,-14.618819236755371
33.863697052,91.4559097290039,-14.813910484313965
34.013111114,91.41578674316406,-14.982999801635742
34.162525177,91.36476135253906,-15.18181324005127
34.311939239,91.32129669189453,-15.354312896728516
34.511157989,91.26231384277344,-15.606125831604004
34.660572052,91.21849060058594,-15.809454917907715
34.809986114,91.18040466308594,-15.987422943115234
34.976001739,91.1361312866211,-16.186450958251953
35.125415802,91.09293365478516,-16.388507843017578
35.274829864,91.0565185546875,-16.566829681396484
35.424243927,91.0135726928711,-16.770343780517578
35.623462677,90.9590835571289,-17.01896095275879
35.772876739,90.92391204833984,-17.18915557861328
35.922290802,90.88416290283203,-17.3863468170166
36.121509552,90.83250427246094,-17.63277816772461
36.270923614,90.79658508300781,-17.807010650634766
36.420337677,90.75641632080078,-18.0083065032959
36.586353302,90.71562957763672,-18.212270736694336
36.785572052,90.66423797607422,-18.461557388305664
36.934986114,90.62848663330078,-18.63302993774414
37.084400177,90.58477783203125,-18.83357810974121
37.283618927,90.5323486328125,-19.079845428466797
37.433032989,90.49505615234375,-19.257978439331055
37.582447052,90.45291137695312,-19.461660385131836
37.731861114,90.4143295288086,-19.6395206451416
37.881275177,90.37310028076172,-19.837800979614258
38.080493927,90.32298278808594,-20.08176040649414
38.229907989,90.28588104248047,-20.252939224243164
38.395923614,90.2413101196289,-20.45330238342285
38.545337677,90.21601104736328,-20.570087432861328
38.694751739,90.21601104736328,-20.570087432861328
38.893970489,90.21601104736328,-20.570087432861328
39.043384552,90.21601104736328,-20.570087432861328
39.242603302,90.38153076171875,-20.66017723083496
39.441822052,90.6290512084961,-20.639368057250977
39.641040802,90.84156036376953,-20.49258041381836
39.840259552,91.01399230957031,-20.298086166381836
40.006275177,91.14979553222656,-20.140560150146484
40.205493927,91.33480072021484,-19.960105895996094
40.404712677,91.54273986816406,-19.8113956451416
40.603931427,91.7698745727539,-19.687929153442383
40.803150177,92.00530242919922,-19.577621459960938
41.002368927,92.24362182617188,-19.47366714477539
41.201587677,92.47921752929688,-19.373802185058594
41.400806427,92.71534729003906,-19.271682739257812
41.600025177,92.94676208496094,-19.1724796295166
41.766040802,93.13599395751953,-19.096561431884766
41.965259552,93.37739562988281,-19.007661819458008
42.164478302,93.61981964111328,-18.925682067871094
42.313892364,93.79234313964844,-18.867677688598633
42.513111114,94.03768157958984,-18.790424346923828
42.662525177,94.23438262939453,-18.742231369018555
42.861743927,94.48323059082031,-18.696176528930664
43.060962677,94.73483276367188,-18.66822052001953
43.260181427,94.98690795898438,-18.644853591918945
43.426197052,95.19293212890625,-18.616474151611328
43.625415802,95.44237518310547,-18.56003189086914
43.824634552,95.68645477294922,-18.478939056396484
44.023853302,95.92622375488281,-18.38954734802246
44.223072052,96.16349029541016,-18.30541229248047
44.422290802,96.40609741210938,-18.250242233276367
44.621509552,96.6570053100586,-18.216720581054688
44.820728302,96.91032409667969,-18.18071174621582
44.970142364,97.08946228027344,-18.14866828918457
45.185962677,97.23783111572266,-18.111234664916992
45.385181427,97.45532989501953,-18.069259643554688
45.584400177,97.68901062011719,-18.124483108520508
45.783618927,97.86322021484375,-18.312379837036133
45.933032989,97.91703796386719,-18.485572814941406
46.132251739,97.94620513916016,-18.743871688842773
46.331470489,98.0015640258789,-18.994626998901367
46.480884552,98.08333587646484,-19.181150436401367
46.680103302,98.22367858886719,-19.38967514038086
46.829517364,98.34241485595703,-19.520183563232422
47.045337677,98.55059814453125,-19.712223052978516
47.194751739,98.68294525146484,-19.83313751220703
47.393970489,98.8681411743164,-20.0017147064209
47.543384552,99.01821899414062,-20.141712188720703
47.742603302,99.19743347167969,-20.330055236816406
47.941822052,99.3702392578125,-20.524290084838867
48.091236114,99.48583984375,-20.661296844482422
48.290454864,99.64733123779297,-20.85802459716797
48.456470489,99.77035522460938,-21.01021385192871
48.655689239,99.9281005859375,-21.21170425415039
48.854907989,100.09468841552734,-21.411272048950195
49.004322052,100.23283386230469,-21.56675910949707
49.203540802,100.40436553955078,-21.75847053527832
49.352954864,100.52579498291016,-21.89402198791504
49.552173614,100.6917724609375,-22.086986541748047
49.751392364,100.85250091552734,-22.28078842163086
49.801197052,100.90129852294922,-22.339866638183594
50.000415802,101.0649185180664,-22.541919708251953
50.149829864,101.18101501464844,-22.678512573242188
50.365650177,101.36189270019531,-22.891128540039062
50.515064239,101.48228454589844,-23.027606964111328
50.714282989,101.6497802734375,-23.217435836791992
50.863697052,101.78582763671875,-23.374774932861328
51.062915802,101.95635223388672,-23.571027755737305
51.212329864,102.07139587402344,-23.70850372314453
51.411548614,102.23503875732422,-23.907011032104492
51.560962677,102.36793518066406,-24.063438415527344
51.760181427,102.52153015136719,-24.25072479248047
51.926197052,102.65230560302734,-24.412485122680664
52.125415802,102.81351470947266,-24.61121368408203
52.274829864,102.92790985107422,-24.75277328491211
52.474048614,103.09000396728516,-24.948999404907227
52.623462677,103.21992492675781,-25.106130599975586
52.822681427,103.38345336914062,-25.308292388916016
53.021900177,103.54752349853516,-25.509990692138672
53.171314239,103.65991973876953,-25.649635314941406
53.370532989,103.82274627685547,-25.850582122802734
53.519947052,103.88800048828125,-25.931909561157227
53.735767364,103.88800048828125,-25.931909561157227
53.934986114,103.88800048828125,-25.931909561157227
54.084400177,103.88800048828125,-25.931909561157227
54.283618927,104.01688385009766,-26.134380340576172
54.433032989,104.05354309082031,-26.30866050720215
54.632251739,103.9996566772461,-26.561132431030273
54.781665802,103.90237426757812,-26.741676330566406
54.931079864,103.80308532714844,-26.894193649291992
55.130298614,103.66664123535156,-27.107376098632812
55.296314239,103.57012939453125,-27.288482666015625
55.445728302,103.48755645751953,-27.476350784301758
55.595142364,103.42813873291016,-27.642547607421875
55.744556427,103.37211608886719,-27.83715057373047
55.943775177,103.30899810791016,-28.086544036865234
56.043384552,103.2779769897461,-28.21278953552246
56.192798614,103.2315444946289,-28.388761520385742
56.392017364,103.16180419921875,-28.63922691345215
56.541431427,103.10265350341797,-28.838634490966797
56.690845489,103.04829406738281,-29.009456634521484
56.890064239,102.96665954589844,-29.25629997253418
57.056079864,102.90232849121094,-29.44977569580078
57.205493927,102.83757019042969,-29.644550323486328
57.404712677,102.75675201416016,-29.88734245300293
57.554126739,102.70043182373047,-30.053197860717773
57.703540802,102.6348648071289,-30.246267318725586
57.902759552,102.55265045166016,-30.488601684570312
58.052173614,102.49652099609375,-30.657405853271484
58.201587677,102.43186950683594,-30.85365867614746
58.400806427,102.351318359375,-31.097978591918945
58.550220489,102.29612731933594,-31.268535614013672
58.716236114,102.22970581054688,-31.465648651123047
58.865650177,102.16325378417969,-31.661312103271484
59.064868927,102.1500244140625,-31.70064353942871
59.214282989,102.13072204589844,-31.778907775878906
59.413501739,102.1411361694336,-31.86885643005371
59.562915802,102.22663879394531,-31.97140121459961
59.762134552,102.45362091064453,-32.066219329833984
59.961353302,102.70967864990234,-32.03733444213867
60.110767364,102.87862396240234,-31.969806671142578
60.309986114,103.11454010009766,-31.878393173217773
60.476001739,103.31391906738281,-31.836929321289062
60.675220489,103.56246185302734,-31.835874557495117
60.874439239,103.81391143798828,-31.8818416595459
61.073657989,104.0606918334961,-31.954498291015625
61.272876739,104.3035888671875,-32.039241790771484
61.472095489,104.54500579833984,-32.128135681152344
61.621509552,104.73979949951172,-32.20109558105469
61.820728302,104.97651672363281,-32.278236389160156
62.036548614,105.21578216552734,-32.33668518066406
62.235767364,105.46182250976562,-32.39017105102539
62.434986114,105.71062469482422,-32.44384765625
62.634204864,105.96334075927734,-32.49888229370117
62.833423614,106.21705627441406,-32.555721282958984
63.032642364,106.46917724609375,-32.6192512512207
63.182056427,106.66287231445312,-32.668216705322266
63.381275177,106.90286254882812,-32.72364044189453
63.580493927,107.14883422851562,-32.78355407714844
63.796314239,107.39440155029297,-32.83891677856445
63.945728302,107.59468841552734,-32.877010345458984
64.144943237,107.8520736694336,-32.91309356689453
64.344161987,108.10480499267578,-32.9270133972168
64.543380737,108.35652923583984,-32.933170318603516
64.742599487,108.61628723144531,-32.94411849975586
64.941818237,108.87467193603516,-32.972225189208984
65.141036987,109.12118530273438,-33.02304458618164
65.290451049,109.29685974121094,-33.07062530517578
65.506271362,109.56746673583984,-33.14963150024414
65.655685424,109.74398040771484,-33.19387435913086
65.854904174,109.99979400634766,-33.24024963378906
66.054122924,110.25064849853516,-33.2834358215332
66.253341674,110.50203704833984,-33.33114242553711
66.452560424,110.75225067138672,-33.37772750854492
66.601974487,110.95635223388672,-33.41773223876953
66.801193237,111.1493911743164,-33.45945358276367
67.000411987,111.1503677368164,-33.45966720581055
67.149826049,111.1503677368164,-33.45966720581055
67.365646362,111.1503677368164,-33.45966720581055
67.564865112,111.1503677368164,-33.45966720581055
67.764083862,111.1503677368164,-33.45966720581055
67.963302612,111.1503677368164,-33.45966720581055
68.162521362,111.1503677368164,-33.45966720581055
68.361740112,111.16731262207031,-33.40430450439453
68.560958862,111.13774108886719,-33.16199493408203
68.710372924,111.03252410888672,-33.01508712768555
68.909591674,110.80167388916016,-32.90266036987305
69.075607299,110.59574890136719,-32.8929328918457
69.225021362,110.39081573486328,-32.90453338623047
69.424240112,110.13151550292969,-32.892276763916016
69.573654174,109.95574188232422,-32.85145950317383
69.723068237,109.76704406738281,-32.771427154541016
69.822677612,109.6531753540039,-32.70870590209961
70.021896362,109.43560791015625,-32.574119567871094
70.221115112,109.22174072265625,-32.426292419433594
70.370529174,109.07373809814453,-32.32761001586914
70.586349487,108.8323974609375,-32.17943572998047
70.735763549,108.67051696777344,-32.10262680053711
70.885177612,108.48165893554688,-32.02949142456055
71.084396362,108.24786376953125,-31.929086685180664
71.283615112,108.0256118774414,-31.805444717407227
71.433029174,107.88231658935547,-31.695640563964844
71.632247924,107.70458221435547,-31.513790130615234
71.831466674,107.54747009277344,-31.315370559692383
71.980880737,107.427734375,-31.15034294128418
72.180099487,107.28515625,-30.944486618041992
72.346115112,107.17017364501953,-30.77777099609375
72.545333862,107.0213623046875,-30.567951202392578
72.744552612,106.86109161376953,-30.36672019958496
72.893966674,106.74919128417969,-30.23019027709961
73.093185424,106.58699035644531,-30.032262802124023
73.292404174,106.42510223388672,-29.835851669311523
73.441818237,106.29410552978516,-29.67782211303711
73.641036987,106.12985229492188,-29.48337173461914
73.790451049,106.01382446289062,-29.3431396484375
73.956466674,105.88188934326172,-29.182323455810547
74.155685424,105.71772766113281,-28.980714797973633
74.354904174,105.55375671386719,-28.778949737548828
74.504318237,105.42446899414062,-28.616024017333984
74.703536987,105.26913452148438,-28.414409637451172
74.852951049,105.15928649902344,-28.271026611328125
75.052169799,105.00260925292969,-28.066993713378906
75.251388549,104.84224700927734,-27.862356185913086
75.450607299,104.67794036865234,-27.660846710205078
75.600021362,104.54865264892578,-27.499656677246094
75.766036987,104.42332458496094,-27.340566635131836
75.965255737,104.26885986328125,-27.136571884155273
76.164474487,104.11175537109375,-26.929454803466797
76.313888549,103.99913787841797,-26.7864933013916
76.513107299,103.83248901367188,-26.588760375976562
76.712326049,103.67086791992188,-26.397489547729492
76.861740112,103.54239654541016,-26.239160537719727
77.060958862,103.38214111328125,-26.034420013427734
77.260177612,103.2261962890625,-25.826400756835938
77.426193237,103.10369110107422,-25.658306121826172
77.625411987,102.9493179321289,-25.4491024017334
77.824630737,102.79097747802734,-25.242931365966797
77.974044799,102.67835235595703,-25.099971771240234
78.173263549,102.52297973632812,-24.90184211730957
78.322677612,102.39669799804688,-24.740026473999023
78.521896362,102.23919677734375,-24.536611557006836
78.721115112,102.08341217041016,-24.331893920898438
78.870529174,101.9737777709961,-24.19181251525879
79.036544799,101.84782409667969,-24.042076110839844
79.235763549,101.6683120727539,-23.857925415039062
79.385177612,101.51461029052734,-23.721893310546875
79.584396362,101.31805419921875,-23.558059692382812
79.783615112,101.11792755126953,-23.394264221191406
79.933029174,100.98133850097656,-23.2824649810791
80.132247924,100.77962493896484,-23.118438720703125
80.331466674,100.5798110961914,-22.956388473510742
80.480880737,100.41776275634766,-22.82599639892578
80.680099487,100.21953582763672,-22.666337966918945
80.846115112,100.05722045898438,-22.5362606048584
81.045333862,99.85684967041016,-22.37489891052246
81.194747924,99.7159423828125,-22.26409339904785
81.393966674,99.50984954833984,-22.105600357055664
81.593185424,99.30419158935547,-21.95103645324707
81.742599487,99.13945770263672,-21.824073791503906
81.941818237,98.93929290771484,-21.65814208984375
82.091232299,98.79881286621094,-21.54243278503418
82.290451049,98.59954833984375,-21.381858825683594
82.456466674,98.43993377685547,-21.25279426574707
82.655685424,98.2387466430664,-21.088132858276367
82.805099487,98.07916259765625,-20.959054946899414
83.004318237,97.876708984375,-20.80030632019043
83.153732299,97.73451232910156,-20.691144943237305
83.303146362,97.5690689086914,-20.565078735351562
83.502365112,97.36407470703125,-20.41421890258789
83.701583862,97.15545654296875,-20.259057998657227
83.850997924,97.01634216308594,-20.1549129486084
84.050216674,96.81034851074219,-19.996278762817383
84.249435424,96.60505676269531,-19.83673667907715
84.415451049,96.44157409667969,-19.70814323425293
84.614669799,96.23609161376953,-19.548860549926758
84.764083862,96.0781478881836,-19.422080993652344
84.963302612,95.88447570800781,-19.27210807800293
85.162521362,95.67802429199219,-19.114057540893555
85.361740112,95.47237396240234,-18.95496940612793
85.511154174,95.32696533203125,-18.845521926879883
85.710372924,95.1200942993164,-18.690319061279297
85.876388549,94.95560455322266,-18.56753158569336
86.075607299,94.75011444091797,-18.40825080871582
86.274826049,94.54486846923828,-18.24864387512207
86.424240112,94.38008117675781,-18.121736526489258
86.623458862,94.35707092285156,-18.10407829284668
86.822677612,94.35707092285156,-18.10407829284668
87.021896362,94.35707092285156,-18.10407829284668
87.221115112,94.35707092285156,-18.10407829284668
87.370529174,94.35707092285156,-18.10407829284668
87.586349487,94.1968765258789,-17.984060287475586
87.735763549,94.05715942382812,-17.876216888427734
87.934982299,93.86871337890625,-17.707279205322266
88.134201049,93.69612121582031,-17.52401351928711
88.333419799,93.53023529052734,-17.327388763427734
88.482833862,93.40081024169922,-17.164566040039062
88.682052612,93.24959564208984,-16.966665267944336
88.881271362,93.0936508178711,-16.758621215820312
89.080490112,92.9336929321289,-16.55713653564453
89.229904174,92.82083892822266,-16.417877197265625
89.445724487,92.63648223876953,-16.19921875
89.644943237,92.47463989257812,-16.006345748901367
89.744552612,92.39193725585938,-15.90961742401123
89.943771362,92.22940063476562,-15.713756561279297
90.142990112,92.06838989257812,-15.513116836547852
90.342208862,91.90821838378906,-15.308317184448242
90.491622924,91.80260467529297,-15.166876792907715
90.690841674,91.64733123779297,-14.958346366882324
90.890060424,91.48698425292969,-14.76070785522461
91.105880737,91.30857849121094,-14.540692329406738
91.255294799,91.19426727294922,-14.399068832397461
91.454513549,91.03351593017578,-14.198206901550293
91.653732299,90.8731460571289,-13.99355697631836
91.852951049,90.71842956542969,-13.793179512023926
92.052169799,90.56258392333984,-13.58849811553955
92.201583862,90.43600463867188,-13.423452377319336
92.400802612,90.27970123291016,-13.21912670135498
92.550216674,90.1746826171875,-13.078946113586426
92.766036987,90.00341796875,-12.849874496459961
92.965255737,89.8397445678711,-12.647931098937988
93.114669799,89.72227478027344,-12.50892162322998
93.313888549,89.55823516845703,-12.307194709777832
93.513107299,89.39969635009766,-12.101144790649414
93.712326049,89.24482727050781,-11.894003868103027
93.911544799,89.0927505493164,-11.68651294708252
94.110763549,88.93656158447266,-11.478672981262207
94.309982299,88.78237915039062,-11.274458885192871
94.475997924,88.66185760498047,-11.113411903381348
94.675216674,88.51075744628906,-10.908607482910156
94.874435424,88.35099792480469,-10.706962585449219
95.073654174,88.19244384765625,-10.511361122131348
95.272872924,88.0335464477539,-10.314285278320312
95.422286987,87.90164947509766,-10.158854484558105
95.621505737,87.70812225341797,-9.986040115356445
95.820724487,87.48472595214844,-9.868067741394043
95.970138549,87.31835174560547,-9.813536643981934
96.185958862,87.04598236083984,-9.75971794128418
96.335372924,86.86534881591797,-9.737536430358887
96.534591674,86.6073989868164,-9.705023765563965
96.684005737,86.40303802490234,-9.666577339172363
96.883224487,86.15262603759766,-9.596969604492188
97.032638549,85.9840087890625,-9.536169052124023
97.231857299,85.74491119384766,-9.445019721984863
97.381271362,85.5566177368164,-9.370442390441895
97.580490112,85.32152557373047,-9.276531219482422
97.779708862,85.10749053955078,-9.204957008361816
97.945724487,84.88048553466797,-9.161857604980469
98.144943237,84.62242126464844,-9.145891189575195
98.344161987,84.37080383300781,-9.136804580688477
98.493576049,84.19163513183594,-9.131155014038086
98.692794799,83.931640625,-9.128414154052734
98.842208862,83.7237548828125,-9.13386344909668
99.041427612,83.47064971923828,-9.16025161743164
99.240646362,83.21650695800781,-9.189970016479492
99.390060424,83.03510284423828,-9.20462703704834
99.605880737,82.75209045410156,-9.2136812210083
99.755294799,82.57718658447266,-9.204743385314941
99.954513549,82.3182601928711,-9.181282043457031
100.153732299,82.05952453613281,-9.155777931213379
100.303146362,81.86036682128906,-9.140061378479004
100.502365112,81.61164093017578,-9.127548217773438
100.701583862,81.35443115234375,-9.122743606567383
100.900802612,81.09442138671875,-9.124349594116211
101.050216674,80.91790771484375,-9.125772476196289
101.216232299,80.71676635742188,-9.12739372253418
101.415451049,80.463623046875,-9.129434585571289
101.614669799,80.20361328125,-9.131532669067383
101.764083862,80.00247192382812,-9.133153915405273
101.963302612,79.75344848632812,-9.135160446166992
102.112716674,79.57830810546875,-9.136571884155273
102.311935424,79.32241821289062,-9.138635635375977
102.511154174,79.06240844726562,-9.14073371887207
102.660568237,78.8585205078125,-9.142377853393555
102.809982299,78.6833724975586,-9.142594337463379
103.025802612,78.40560150146484,-9.140454292297363
103.225021362,78.1483383178711,-9.138472557067871
103.374435424,77.97319793701172,-9.137123107910156
103.573654174,77.72417449951172,-9.135204315185547
103.772872924,77.47103118896484,-9.133254051208496
103.922286987,77.26302337646484,-9.131651878356934
104.121505737,77.00438690185547,-9.129659652709961
104.270919799,76.8292465209961,-9.128310203552246
104.470138549,76.5747299194336,-9.126349449157715
104.636154174,76.3667221069336,-9.124747276306152
104.835372924,76.11083221435547,-9.12277603149414
105.034591674,75.85905456542969,-9.124015808105469
105.184005737,75.65242004394531,-9.125682830810547
105.383224487,75.39241027832031,-9.12778091430664
105.582443237,75.13789367675781,-9.129833221435547
105.731857299,74.95863342285156,-9.131278991699219
105.931076049,74.70137023925781,-9.133354187011719
106.080490112,74.49336242675781,-9.135032653808594
106.229904174,74.31410217285156,-9.136478424072266
106.445724487,74.03770446777344,-9.13870620727539
106.595138549,73.86820220947266,-9.140073776245117
106.794357299,73.8392105102539,-9.14030647277832
106.993576049,73.8392105102539,-9.14030647277832
107.192794799,73.8392105102539,-9.14030647277832
107.342208862,73.8392105102539,-9.14030647277832
107.541427612,73.8392105102539,-9.14030647277832
107.740646362,73.62171173095703,-9.142061233520508
107.890060424,73.43972778320312,-9.141069412231445
108.105880737,73.15538024902344,-9.112935066223145
108.255294799,72.9780502319336,-9.072190284729004
108.454513549,72.73744201660156,-9.002826690673828
108.653732299,72.4951171875,-8.93465805053711
108.852951049,72.24236297607422,-8.887213706970215
109.052169799,71.98443603515625,-8.854537963867188
109.201583862,71.78287506103516,-8.834790229797363
109.400802612,71.5286636352539,-8.823816299438477
109.550216674,71.35076141357422,-8.824141502380371
109.716232299,71.14275360107422,-8.826476097106934
109.865646362,70.93611907958984,-8.828795433044434
110.064865112,70.68572235107422,-8.8316068649292
110.214279174,70.50371551513672,-8.833649635314941
110.413497924,70.24370574951172,-8.836567878723145
110.612716674,69.99056243896484,-8.839409828186035
110.762130737,69.78804779052734,-8.841683387756348
110.911544799,69.61016082763672,-8.842052459716797
111.110763549,69.35015106201172,-8.840869903564453
111.309982299,69.09288787841797,-8.839698791503906
111.475997924,68.89311981201172,-8.838787078857422
111.675216674,68.63860321044922,-8.837627410888672
111.824630737,68.43059539794922,-8.836681365966797
112.023849487,68.17745208740234,-8.835527420043945
112.223068237,67.92293548583984,-8.834367752075195
112.372482299,67.74092864990234,-8.833539962768555
112.571701049,67.48091888427734,-8.832357406616211
112.770919799,67.22777557373047,-8.83120346069336
112.920333862,67.02388763427734,-8.83027458190918
113.136154174,66.76387786865234,-8.829092025756836
113.285568237,66.55998992919922,-8.828163146972656
113.484786987,66.30821990966797,-8.827014923095703
113.684005737,66.05233001708984,-8.825849533081055
113.833419799,65.87032318115234,-8.825021743774414
114.032638549,65.61168670654297,-8.823844909667969
114.231857299,65.36128997802734,-8.822702407836914
114.381271362,65.15465545654297,-8.821844100952148
114.580490112,64.89464569091797,-8.824762344360352
114.729904174,64.71538543701172,-8.827339172363281
114.945724487,64.43761444091797,-8.831331253051758
115.144943237,64.17760467529297,-8.83506965637207
115.294357299,64.00109100341797,-8.837606430053711
115.493576049,63.74658966064453,-8.841023445129395
115.692794799,63.48956298828125,-8.83132553100586
115.842208862,63.28231430053711,-8.813995361328125
116.041427612,63.03127670288086,-8.772564888000488
116.240646362,62.77971267700195,-8.712517738342285
116.390060424,62.60589599609375,-8.668685913085938
116.605880737,62.33238220214844,-8.613432884216309
116.805099487,62.07379913330078,-8.587285995483398
117.004318237,61.82209777832031,-8.581403732299805
117.203536987,61.57596969604492,-8.572126388549805
117.352951049,61.39566421508789,-8.561300277709961
117.552169799,61.1402473449707,-8.545616149902344
117.751388549,60.88066482543945,-8.530905723571777
117.950607299,60.62680435180664,-8.512612342834473
118.100021362,60.423614501953125,-8.495621681213379
118.315841674,60.164249420166016,-8.47763729095459
118.515060424,59.91265106201172,-8.468118667602539
118.664474487,59.71287155151367,-8.466206550598145
118.863693237,59.45833969116211,-8.465851783752441
119.062911987,59.198341369628906,-8.464341163635254
119.262130737,58.94108200073242,-8.463545799255371
119.411544799,58.76181411743164,-8.464991569519043
119.610763549,58.50180435180664,-8.467089653015137
119.809982299,58.24179458618164,-8.46918773651123
119.975997924,58.03652572631836,-8.470843315124512
120.175216674,57.77925491333008,-8.472918510437012
120.324630737,57.57124710083008,-8.474596977233887
120.523849487,57.3139762878418,-8.476672172546387
120.723068237,57.06218338012695,-8.4787015914917
120.922286987,56.80217361450195,-8.480799674987793
121.121505737,56.54490280151367,-8.482797622680664
121.270919799,56.369754791259766,-8.483905792236328
121.470138549,56.11737823486328,-8.502813339233398
121.636154174,55.92011642456055,-8.52424144744873
121.835372924,55.66291046142578,-8.562142372131348
122.034591674,55.41081619262695,-8.597186088562012
122.184005737,55.214115142822266,-8.623198509216309
122.383224487,54.962608337402344,-8.65201187133789
122.532638549,54.78130340576172,-8.667881965637207
122.731857299,54.52198028564453,-8.6867094039917
122.931076049,54.269039154052734,-8.695690155029297
123.130294799,54.017276763916016,-8.69266128540039
123.296310424,53.8094482421875,-8.684247970581055
123.495529174,53.552650451660156,-8.668819427490234
123.694747924,53.299896240234375,-8.654598236083984
123.893966674,53.040008544921875,-8.647359848022461
124.043380737,52.83200454711914,-8.64665412902832
124.242599487,52.57747268676758,-8.646394729614258
124.441818237,52.325679779052734,-8.646139144897461
124.591232299,52.14778137207031,-8.645957946777344
124.790451049,51.88777160644531,-8.64569091796875
125.006271362,51.60723876953125,-8.645404815673828
125.205490112,51.34859848022461,-8.645139694213867
125.404708862,51.09269714355469,-8.645124435424805
125.554122924,50.91102981567383,-8.655346870422363
125.753341674,50.65620040893555,-8.690080642700195
125.952560424,50.40689468383789,-8.741312980651855
126.151779174,50.152198791503906,-8.793512344360352
126.350997924,49.90010070800781,-8.837209701538086
126.550216674,49.64491653442383,-8.869763374328613
126.699630737,49.47335433959961,-8.88696575164795
126.915451049,49.20740509033203,-8.906221389770508
127.114669799,49.17845153808594,-8.9078369140625
127.313888549,49.17845153808594,-8.9078369140625
127.513107299,49.17845153808594,-8.9078369140625
127.712326049,49.17845153808594,-8.9078369140625
127.911544799,49.15348815917969,-8.909191131591797
128.110763549,48.928096771240234,-8.916839599609375
128.309982299,48.67631530761719,-8.917773246765137
128.475997924,48.47248077392578,-8.912954330444336
128.675216674,48.21806335449219,-8.905466079711914
128.874435424,47.97049331665039,-8.898178100585938
129.023849487,47.76531219482422,-8.892385482788086
129.223068237,47.508079528808594,-8.888642311096191
129.422286987,47.25357437133789,-8.885636329650879
129.521896362,47.12630844116211,-8.885506629943848
129.721115112,46.873146057128906,-8.885249137878418
129.870529174,46.6979866027832,-8.885071754455566
130.086349487,46.4119758605957,-8.884778022766113
130.285568237,46.16155242919922,-8.88452434539795
130.434982299,45.986392974853516,-8.884346961975098
130.634201049,45.729122161865234,-8.88408374786377
130.833419799,45.469112396240234,-8.883816719055176
131.032638549,45.21321105957031,-8.88355541229248
131.231857299,44.96552658081055,-8.883305549621582
131.431076049,44.708255767822266,-8.883042335510254
131.630294799,44.448246002197266,-8.88277530670166
131.796310424,44.2457160949707,-8.882569313049316
131.995529174,43.98707580566406,-8.882304191589355
132.194747924,43.72706604003906,-8.882037162780762
132.393966674,43.47390365600586,-8.881779670715332
132.593185424,43.22758865356445,-8.88176441192627
132.792404174,42.9710807800293,-8.899954795837402
132.991622924,42.712974548339844,-8.931193351745605
133.190841674,42.4554328918457,-8.966490745544434
133.390060424,42.203819274902344,-9.020017623901367
133.556076049,42.00407028198242,-9.067225456237793
133.755294799,41.75050735473633,-9.12471866607666
133.904708862,41.54689407348633,-9.167184829711914
134.103927612,41.30109405517578,-9.206823348999023
134.303146362,41.050601959228516,-9.23228645324707
134.502365112,40.797691345214844,-9.260296821594238
134.701583862,40.54711151123047,-9.311738014221191
134.900802612,40.29855728149414,-9.38773250579834
135.050216674,40.126243591308594,-9.44632339477539
135.266036987,39.85279083251953,-9.529906272888184
135.465255737,39.6069221496582,-9.590188026428223
135.664474487,39.355281829833984,-9.643664360046387
135.863693237,39.10019302368164,-9.693997383117676
136.013107299,38.9212646484375,-9.72729778289795
136.212326049,38.66996383666992,-9.782182693481445
136.411544799,38.42690658569336,-9.857422828674316
136.610763549,38.19175720214844,-9.961116790771484
136.809982299,37.98029327392578,-10.111405372619629
136.975997924,37.84109115600586,-10.265653610229492
137.175216674,37.697349548339844,-10.475564002990723
137.324630737,37.5898551940918,-10.653631210327148
137.523849487,37.45771789550781,-10.877555847167969
137.723068237,37.32947540283203,-11.098999977111816
137.872482299,37.24004364013672,-11.249605178833008
138.071701049,37.1052360534668,-11.471922874450684
138.221115112,37.000099182128906,-11.640198707580566
138.420333862,36.85976791381836,-11.857447624206543
138.586349487,36.752262115478516,-12.032299995422363
138.735763549,36.65983581542969,-12.18908405303955
138.885177612,36.55502700805664,-12.368742942810059
139.084396362,36.43148422241211,-12.594390869140625
139.233810424,36.34839630126953,-12.756314277648926
139.433029174,36.245811462402344,-12.990642547607422
139.582443237,36.17136001586914,-13.184859275817871
139.781661987,36.083953857421875,-13.42827033996582
139.931076049,36.024818420410156,-13.59749698638916
140.130294799,35.941158294677734,-13.839326858520508
140.279708862,35.87857437133789,-14.010222434997559
140.445724487,35.796958923339844,-14.22951889038086
140.595138549,35.73782730102539,-14.39584732055664
140.794357299,35.65165328979492,-14.638248443603516
140.943771362,35.58312225341797,-14.830281257629395
141.142990112,35.495582580566406,-15.069283485412598
141.292404174,35.43232727050781,-15.238472938537598
141.491622924,35.34294509887695,-15.47824478149414
141.641036987,35.27375793457031,-15.667134284973145
141.840255737,35.18879699707031,-15.908513069152832
142.006271362,35.12394332885742,-16.096036911010742
142.155685424,35.0671272277832,-16.267507553100586
142.354904174,34.98899841308594,-16.509746551513672
142.504318237,34.928009033203125,-16.70573616027832
142.653732299,34.876792907714844,-16.8803768157959
142.852951049,34.801849365234375,-17.129344940185547
143.002365112,34.74151611328125,-17.328411102294922
143.151779174,34.688724517822266,-17.502593994140625
143.350997924,34.61321258544922,-17.744226455688477
143.500411987,34.54889678955078,-17.93915557861328
143.716232299,34.468379974365234,-18.182050704956055
143.865646362,34.40583801269531,-18.374677658081055
144.064865112,34.33089828491211,-18.62362289428711
144.214279174,34.28243637084961,-18.799053192138672
144.413497924,34.214115142822266,-19.049907684326172
144.562911987,34.15910720825195,-19.247655868530273
144.762130737,34.09132385253906,-19.49014663696289
144.961349487,34.026100158691406,-19.730499267578125
145.110763549,33.98115539550781,-19.89978790283203
145.309982299,33.91981506347656,-20.13833999633789
145.475997924,33.869110107421875,-20.335826873779297
145.625411987,33.81770706176758,-20.537370681762695
145.824630737,33.75852966308594,-20.790536880493164
145.974044799,33.72074508666992,-20.968576431274414
146.173263549,33.673065185546875,-21.214391708374023
146.322677612,33.641387939453125,-21.414417266845703
146.521896362,33.61591720581055,-21.67031478881836
146.671310424,33.618045806884766,-21.85221290588379
146.820724487,33.64046096801758,-22.033737182617188
147.019943237,33.64081954956055,-22.03570556640625
147.136154174,33.64081954956055,-22.03570556640625
147.285568237,33.64081954956055,-22.03570556640625
147.484786987,33.64081954956055,-22.03570556640625
147.634201049,33.64308166503906,-22.04800033569336
147.783615112,33.665130615234375,-22.225566864013672
147.933029174,33.6727180480957,-22.40460205078125
148.132247924,33.6480712890625,-22.65767478942871
148.281661987,33.60621643066406,-22.86138343811035
148.480880737,33.54377365112305,-23.1137638092041
148.630294799,33.49797821044922,-23.28990364074707
148.829513549,33.431800842285156,-23.54133415222168
148.995529174,33.38225173950195,-23.743350982666016
149.144943237,33.337215423583984,-23.9436092376709
149.344161987,33.28540802001953,-24.198392868041992
149.543380737,33.23561477661133,-24.453580856323242
149.692794799,33.200435638427734,-24.62936019897461
149.842208862,33.162315368652344,-24.82965850830078
150.041427612,33.112457275390625,-25.079261779785156
150.190841674,33.07648849487305,-25.257675170898438
150.390060424,33.022438049316406,-25.511991500854492
150.556076049,32.98041534423828,-25.712907791137695
150.755294799,32.93316650390625,-25.957433700561523
150.904708862,32.89313507080078,-26.157360076904297
151.103927612,32.838043212890625,-26.411460876464844
151.253341674,32.79975128173828,-26.58938980102539
151.452560424,32.743377685546875,-26.84320068359375
151.601974487,32.697784423828125,-27.041929244995117
151.751388549,32.65900421142578,-27.212739944458008
151.900802612,32.613136291503906,-27.415620803833008
152.050216674,32.57391357421875,-27.589136123657227
152.216232299,32.52970886230469,-27.79098129272461
152.365646362,32.490455627441406,-27.991060256958008
152.515060424,32.45909881591797,-28.16478157043457
152.714279174,32.4124755859375,-28.41638946533203
152.913497924,32.36351776123047,-28.664764404296875
153.062911987,32.3204345703125,-28.86264991760254
153.212326049,32.28038024902344,-29.040184020996094
153.411544799,32.22416687011719,-29.294029235839844
153.610763549,32.16787338256836,-29.5478572845459
153.760177612,32.125186920166016,-29.74163055419922
153.926193237,32.09315490722656,-29.896535873413086
154.125411987,32.09315490722656,-29.896535873413086
154.274826049,32.09315490722656,-29.896535873413086
154.474044799,32.09062957763672,-29.908777236938477
154.623458862,32.06813049316406,-30.112133026123047
154.772872924,32.10367202758789,-30.2866268157959
154.972091674,32.263145446777344,-30.473228454589844
155.121505737,32.45330047607422,-30.555469512939453
155.270919799,32.63243103027344,-30.586700439453125
155.420333862,32.8398323059082,-30.60137176513672
155.586349487,33.047821044921875,-30.601619720458984
155.735763549,33.22705841064453,-30.59859275817871
155.885177612,33.4349479675293,-30.603269577026367
156.034591674,33.61536407470703,-30.626523971557617
156.184005737,33.81694412231445,-30.677248001098633
156.333419799,33.98649978637695,-30.73941421508789
156.532638549,34.22462844848633,-30.840299606323242
156.682052612,34.41618347167969,-30.921354293823242
156.831466674,34.58515930175781,-30.98896026611328
156.980880737,34.78081130981445,-31.059463500976562
157.180099487,35.02558898925781,-31.13863754272461
157.296310424,35.14471435546875,-31.174901962280273
157.495529174,35.38683319091797,-31.24401092529297
157.644943237,35.585052490234375,-31.297304153442383
157.794357299,35.758460998535156,-31.34272003173828
157.943771362,35.960533142089844,-31.392040252685547
158.142990112,36.21342849731445,-31.45245361328125
158.292404174,36.38978958129883,-31.497377395629883
158.441818237,36.586273193359375,-31.551849365234375
158.591232299,36.75719451904297,-31.601179122924805
158.740646362,36.95589065551758,-31.662673950195312
158.890060424,37.12324142456055,-31.718828201293945
159.056076049,37.31681823730469,-31.7871150970459
159.255294799,37.55879592895508,-31.86594581604004
159.404708862,37.75839614868164,-31.92445945739746
159.554122924,37.931087493896484,-31.972549438476562
159.703536987,38.12730026245117,-32.02267837524414
159.852951049,38.30326461791992,-32.056766510009766
160.052169799,38.554771423339844,-32.08478927612305
160.201583862,38.681495666503906,-32.091312408447266
160.350997924,38.681495666503906,-32.091312408447266
160.500411987,38.681495666503906,-32.091312408447266
160.649826049,38.681495666503906,-32.091312408447266
160.865646362,38.684226989746094,-32.091434478759766
161.015060424,38.69103240966797,-32.09208679199219
161.164474487,38.69103240966797,-32.09208679199219
161.363693237,38.69853591918945,-32.10329055786133
161.513107299,38.702659606933594,-32.20535659790039
161.712326049,38.618228912353516,-32.383056640625
161.911544799,38.401573181152344,-32.518741607666016
162.110763549,38.15093231201172,-32.52979278564453
162.260177612,37.948978424072266,-32.480499267578125
162.475997924,37.70045852661133,-32.40418243408203
162.675216674,37.45268630981445,-32.3409309387207
162.874435424,37.199378967285156,-32.32184600830078
163.023849487,36.99320983886719,-32.34724807739258
163.223068237,36.74538803100586,-32.424903869628906
163.422286987,36.51039505004883,-32.535972595214844
163.621505737,36.27735137939453,-32.65119934082031
163.770919799,36.10834884643555,-32.71864318847656
163.970138549,35.862728118896484,-32.794883728027344
164.136154174,35.66146469116211,-32.84736633300781
164.335372924,35.414794921875,-32.904273986816406
164.534591674,35.16554260253906,-32.95581817626953
164.733810424,34.91144943237305,-33.0108757019043
164.883224487,34.71267318725586,-33.056251525878906
165.082443237,34.459320068359375,-33.114627838134766
165.281661987,34.211639404296875,-33.1732292175293
165.480880737,33.97243881225586,-33.23201370239258
165.680099487,33.72344207763672,-33.290958404541016
165.846115112,33.51849365234375,-33.326202392578125
166.045333862,33.26089859008789,-33.348236083984375
166.244552612,33.010704040527344,-33.35887145996094
166.443771362,32.75921630859375,-33.371002197265625
166.642990112,32.5080680847168,-33.40205764770508
166.842208862,32.254173278808594,-33.45769119262695
166.991622924,32.0781135559082,-33.50379943847656
167.190841674,31.8288631439209,-33.57775115966797
167.390060424,31.581357955932617,-33.637054443359375
167.556076049,31.38448143005371,-33.678321838378906
167.755294799,31.12907600402832,-33.72700881958008
167.954513549,30.98516273498535,-33.75443649291992
168.153732299,30.98516273498535,-33.75443649291992
168.352951049,30.96059226989746,-33.759056091308594
168.502365112,30.774066925048828,-33.77634811401367
168.701583862,30.532817840576172,-33.716041564941406
168.900802612,30.31319236755371,-33.577964782714844
169.100021362,30.1142578125,-33.410606384277344
169.266036987,29.956302642822266,-33.28392791748047
169.465255737,29.74605369567871,-33.14308166503906
169.664474487,29.52689552307129,-33.02789306640625
169.863693237,29.290159225463867,-32.930992126464844
170.062911987,29.04995346069336,-32.85108184814453
170.262130737,28.806873321533203,-32.7756233215332
170.461349487,28.563396453857422,-32.706336975097656
170.610763549,28.392080307006836,-32.66377258300781
170.809982299,28.1368350982666,-32.61478805541992
171.025802612,27.853492736816406,-32.589080810546875
171.225021362,27.60173988342285,-32.58561706542969
171.424240112,27.341773986816406,-32.582176208496094
171.623458862,27.087509155273438,-32.5709114074707
171.822677612,26.83599090576172,-32.55975341796875
171.872482299,26.785377502441406,-32.55839157104492
172.071701049,26.529571533203125,-32.551513671875
172.270919799,26.269657135009766,-32.544532775878906
172.470138549,26.012481689453125,-32.537620544433594
172.636154174,25.811397552490234,-32.53220748901367
172.835372924,25.55145263671875,-32.52694320678711
173.034591674,25.292829513549805,-32.52766036987305
173.184005737,25.090307235717773,-32.52860641479492
173.433029174,24.779685974121094,-32.53006362915039
173.582443237,24.571693420410156,-32.53104019165039
173.781661987,24.31717300415039,-32.532230377197266
173.980880737,24.065387725830078,-32.53340530395508
174.180099487,23.809499740600586,-32.534603118896484
174.346115112,23.60150718688965,-32.535579681396484
174.595138549,23.289518356323242,-32.537044525146484
174.744552612,23.081525802612305,-32.538021087646484
174.993576049,22.773639678955078,-32.53946304321289
175.142990112,22.572484970092773,-32.540401458740234
175.392013549,22.260496139526367,-32.541866302490234
175.591232299,22.000505447387695,-32.543087005615234
175.790451049,21.751455307006836,-32.54347229003906
175.956466674,21.547571182250977,-32.54119873046875
176.155685424,21.293058395385742,-32.538360595703125
176.354904174,21.03306770324707,-32.53546142578125
176.554122924,20.781293869018555,-32.53265380859375
176.753341674,20.52541160583496,-32.52980041503906
176.952560424,20.26542091369629,-32.52690124511719
177.151779174,20.008169174194336,-32.52403259277344
177.350997924,19.75639533996582,-32.52554702758789
177.550216674,19.500545501708984,-32.52997970581055
177.749435424,19.24059295654297,-32.534481048583984
177.965255737,18.957378387451172,-32.539302825927734
178.114669799,18.7753849029541,-32.54006576538086
178.313888549,18.51539421081543,-32.54044723510742
178.513107299,18.26634407043457,-32.540828704833984
178.712326049,18.01319122314453,-32.54121017456055
178.911544799,17.75320053100586,-32.54159164428711
179.110763549,17.494577407836914,-32.54197311401367
179.309982299,17.244159698486328,-32.542354583740234
179.475997924,17.04026985168457,-32.542659759521484
179.675216674,16.7802791595459,-32.54304122924805
179.874435424,16.52712631225586,-32.54342269897461
180.073654174,16.276708602905273,-32.54380416870117
180.272872924,16.019453048706055,-32.544185638427734
180.472091674,15.759472846984863,-32.5423583984375
180.671310424,15.506856918334961,-32.52610397338867
180.870529174,15.257478713989258,-32.503273010253906
181.086349487,14.973995208740234,-32.477779388427734
181.235763549,14.79387378692627,-32.45189666748047
181.434982299,14.54977798461914,-32.4099006652832
181.634201049,14.296314239501953,-32.365875244140625
181.833419799,14.042878150939941,-32.32170867919922
182.032638549,13.785833358764648,-32.282630920410156
182.231857299,13.534234046936035,-32.24415588378906
182.431076049,13.283663749694824,-32.22039031982422
182.630294799,13.030567169189453,-32.21940612792969
182.796310424,12.822580337524414,-32.219600677490234
182.995529174,12.563413619995117,-32.200313568115234
183.194747924,12.314226150512695,-32.15602111816406
183.344161987,12.110479354858398,-32.11418914794922
183.543380737,11.85414981842041,-32.07096862792969
183.742599487,11.59915542602539,-32.05060577392578
183.941818237,11.347455978393555,-32.04431915283203
184.141036987,11.091562271118164,-32.04430389404297
184.340255737,10.831562042236328,-32.044761657714844
184.556076049,10.572966575622559,-32.0413703918457
184.755294799,10.314432144165039,-32.015892028808594
184.954513549,10.071393966674805,-31.95146369934082
185.153732299,9.839510917663574,-31.837663650512695
185.303146362,9.668758392333984,-31.72635269165039
185.552169799,9.423589706420898,-31.53797721862793
185.701583862,9.26089096069336,-31.408395767211914
185.950607299,9.014885902404785,-31.216493606567383
186.149826049,8.806242942810059,-31.061399459838867
186.315841674,8.63969612121582,-30.9461727142334
186.515060424,8.421256065368652,-30.810317993164062
186.714279174,8.199898719787598,-30.673946380615234
186.913497924,7.979448318481445,-30.53611183166504
187.112716674,7.75874662399292,-30.40127944946289
187.311935424,7.540669918060303,-30.267398834228516
187.511154174,7.326815605163574,-30.131927490234375
187.710372924,7.113875389099121,-29.992511749267578
187.926193237,6.8860979080200195,-29.828800201416016
188.125411987,6.673400402069092,-29.679323196411133
188.324630737,6.626743316650391,-29.648353576660156
188.474044799,6.626743316650391,-29.648353576660156
188.673263549,6.626743316650391,-29.648353576660156
188.922286987,6.626743316650391,-29.648353576660156
189.121505737,6.626743316650391,-29.648353576660156
189.270919799,6.626743316650391,-29.648353576660156
189.470138549,6.626743316650391,-29.648353576660156
189.685958862,6.626743316650391,-29.648353576660156
189.885177612,6.626743316650391,-29.648353576660156
190.134201049,6.626743316650391,-29.648353576660156
190.333419799,6.626743316650391,-29.648353576660156
190.532638549,6.626743316650391,-29.648353576660156
190.731857299,6.626743316650391,-29.648353576660156
190.931076049,6.626743316650391,-29.648353576660156
191.130294799,6.626743316650391,-29.648353576660156
191.346115112,6.626743316650391,-29.648353576660156
191.545333862,6.626743316650391,-29.648353576660156
191.744552612,6.626743316650391,-29.648353576660156
191.943771362,6.626743316650391,-29.648353576660156
192.142990112,6.626743316650391,-29.648353576660156
192.342208862,6.626743316650391,-29.648353576660156
192.541427612,6.626743316650391,-29.648353576660156
192.740646362,6.626743316650391,-29.648353576660156
192.890060424,6.626743316650391,-29.648353576660156
193.105880737,6.626743316650391,-29.648353576660156
193.305099487,6.626743316650391,-29.648353576660156
193.504318237,6.626743316650391,-29.648353576660156
193.703536987,6.616318702697754,-29.641456604003906
193.902755737,6.434248447418213,-29.489225387573242
194.101974487,6.325248718261719,-29.265544891357422
194.251388549,6.3247456550598145,-29.08867073059082
194.400802612,6.380781650543213,-28.888566970825195
194.600021362,6.427366733551025,-28.76186180114746
194.766036987,6.480018615722656,-28.56521987915039
194.965255737,6.488495826721191,-28.480031967163086
195.164474487,6.488495826721191,-28.480031967163086
195.363693237,6.488495826721191,-28.480031967163086
195.562911987,6.488495826721191,-28.480031967163086
195.762130737,6.488495826721191,-28.480031967163086
195.961349487,6.488495826721191,-28.480031967163086
196.160568237,6.488495826721191,-28.480031967163086
196.376388549,6.488495826721191,-28.480031967163086
196.575607299,6.488594055175781,-28.467533111572266
196.774826049,6.494685649871826,-28.23233413696289
196.974044799,6.513546466827393,-27.98403549194336
197.173263549,6.542388916015625,-27.73116111755371
197.372482299,6.579570293426514,-27.47384262084961
197.571701049,6.6236371994018555,-27.217613220214844
197.721115112,6.6633172035217285,-27.017620086669922
197.920333862,6.716580867767334,-26.770130157470703
198.086349487,6.758796215057373,-26.57485580444336
198.285568237,6.811035633087158,-26.321563720703125
198.484786987,6.859462261199951,-26.066120147705078
198.684005737,6.90207576751709,-25.816574096679688
198.833419799,6.929523468017578,-25.642192840576172
199.032638549,6.968461036682129,-25.39481544494629
199.231857299,7.009515762329102,-25.140850067138672
199.431076049,7.052694797515869,-24.884464263916016
199.630294799,7.098773956298828,-24.631362915039062
199.829513549,7.144829750061035,-24.387996673583984
199.995529174,7.18010950088501,-24.204057693481445
200.194747924,7.18471097946167,-24.180234909057617
200.393966674,7.187081813812256,-24.16796112060547
200.593185424,7.222556114196777,-23.927093505859375
200.792404174,7.248513698577881,-23.671167373657227
200.991622924,7.269793510437012,-23.418912887573242
201.141036987,7.292403221130371,-23.214906692504883
201.340255737,7.328366279602051,-22.957420349121094
201.556076049,7.372433185577393,-22.701190948486328
201.755294799,7.422427177429199,-22.451627731323242
201.954513549,7.479477882385254,-22.199373245239258
202.153732299,7.534414291381836,-21.945241928100586
202.352951049,7.5870232582092285,-21.69062614440918
202.502365112,7.628288745880127,-21.4881591796875
202.701583862,7.677639007568359,-21.235671997070312
202.900802612,7.721949100494385,-20.979482650756836
203.100021362,7.762559413909912,-20.724061965942383
203.315841674,7.805635929107666,-20.471824645996094
203.465255737,7.845248699188232,-20.26763153076172
203.664474487,7.895369052886963,-20.01250457763672
203.863693237,7.946409225463867,-19.758962631225586
204.062911987,7.997699737548828,-19.508264541625977
204.262130737,8.04404354095459,-19.260780334472656
204.411544799,8.077816009521484,-19.084728240966797
204.610763549,8.128737449645996,-18.829769134521484
204.809982299,8.181986808776855,-18.575275421142578
205.025802612,8.2376070022583,-18.297534942626953
205.175216674,8.27075481414795,-18.118579864501953
205.374435424,8.315711975097656,-17.862497329711914
205.573654174,8.332935333251953,-17.7685604095459
205.772872924,8.332935333251953,-17.7685604095459
205.972091674,8.332935333251953,-17.7685604095459
206.171310424,8.335189819335938,-17.75626564025879
206.370529174,8.382453918457031,-17.516382217407227
206.519943237,8.422269821166992,-17.33880043029785
206.735763549,8.499393463134766,-17.06348991394043
206.934982299,8.582828521728516,-16.82013702392578
207.134201049,8.673552513122559,-16.57648468017578
207.283615112,8.745833396911621,-16.385831832885742
207.482833862,8.84069538116455,-16.14375877380371
207.682052612,8.934706687927246,-15.904293060302734
207.831466674,9.00131607055664,-15.7349214553833
208.030685424,9.094552993774414,-15.498089790344238
208.229904174,9.186217308044434,-15.257711410522461
208.445724487,9.289188385009766,-14.993828773498535
208.595138549,9.354248046875,-14.83120059967041
208.794357299,9.45230770111084,-14.590409278869629
208.993576049,9.553779602050781,-14.352518081665039
209.192794799,9.65112590789795,-14.114389419555664
209.392013549,9.74361515045166,-13.877263069152832
209.591232299,9.828991889953613,-13.640439987182617
209.790451049,9.888998031616211,-13.39614200592041
210.006271362,9.914080619812012,-13.114188194274902
210.205490112,9.910368919372559,-12.859777450561523
210.404708862,9.895751953125,-12.607040405273438
210.603927612,9.886031150817871,-12.349971771240234
210.803146362,9.882658958435059,-12.089997291564941
211.002365112,9.87988567352295,-11.839595794677734
211.201583862,9.877903938293457,-11.58781909942627
211.400802612,9.879104614257812,-11.331924438476562
211.600021362,9.880325317382812,-11.071924209594727
211.815841674,9.883191108703613,-10.817419052124023
211.965255737,9.892476081848145,-10.611028671264648
212.164474487,9.934309959411621,-10.363028526306152
212.363693237,10.027583122253418,-10.12679672241211
212.562911987,10.182415962219238,-9.919002532958984
212.762130737,10.383220672607422,-9.759063720703125
212.911544799,10.540237426757812,-9.667160034179688
213.110763549,10.772911071777344,-9.55429744720459
213.260177612,10.955499649047852,-9.476663589477539
213.475997924,11.201292991638184,-9.392191886901855
213.625411987,11.392298698425293,-9.338473320007324
213.774826049,11.563301086425781,-9.294678688049316
213.974044799,11.81065559387207,-9.234684944152832
214.123458862,12.013082504272461,-9.18685245513916
214.223068237,12.139592170715332,-9.156927108764648
214.372482299,12.316189765930176,-9.11291217803955
214.571701049,12.568280220031738,-9.05519962310791
214.721115112,12.768258094787598,-9.023489952087402
214.870529174,12.944089889526367,-9.008210182189941
215.036544799,13.151998519897461,-9.00251579284668
215.185958862,13.359971046447754,-8.99936294555664
215.335372924,13.536134719848633,-8.988576889038086
215.534591674,13.78752326965332,-8.958775520324707
215.684005737,13.992281913757324,-8.931028366088867
215.833419799,14.172540664672852,-8.905943870544434
216.032638549,14.42766284942627,-8.88723087310791
216.182052612,14.630136489868164,-8.88301944732666
216.331466674,14.806427955627441,-8.890655517578125
216.480880737,15.009286880493164,-8.921290397644043
216.630294799,15.182848930358887,-8.96592903137207
216.729904174,15.306467056274414,-9.006123542785645
216.945724487,15.575718879699707,-9.102556228637695
217.095138549,15.742522239685059,-9.160325050354004
217.244552612,15.938539505004883,-9.225690841674805
217.393966674,16.10909652709961,-9.285170555114746
217.543380737,16.30620574951172,-9.351590156555176
217.692794799,16.478212356567383,-9.411053657531738
217.842208862,16.67217445373535,-9.478205680847168
217.991622924,16.843748092651367,-9.538909912109375
218.141036987,17.038171768188477,-9.612817764282227
218.290451049,17.202280044555664,-9.681429862976074
218.456466674,17.388120651245117,-9.771735191345215
218.605880737,17.572141647338867,-9.868648529052734
218.755294799,17.723970413208008,-9.963813781738281
218.904708862,17.88397216796875,-10.08775806427002
219.054122924,18.007413864135742,-10.213813781738281
219.203536987,18.128267288208008,-10.37102222442627
219.352951049,18.21639633178711,-10.523787498474121
219.502365112,18.28936195373535,-10.71828556060791
219.701583862,18.334646224975586,-10.96433162689209
219.850997924,18.349834442138672,-11.14017105102539
220.000411987,18.35529899597168,-11.345352172851562
220.149826049,18.358890533447266,-11.527318954467773
220.365646362,18.375322341918945,-11.809989929199219
220.515060424,18.400413513183594,-11.98469066619873
220.664474487,18.43993377685547,-12.187503814697266
220.813888549,18.47529411315918,-12.366025924682617
220.963302612,18.520784378051758,-12.568990707397461
221.112716674,18.55959701538086,-12.746800422668457
221.311935424,18.611276626586914,-12.99742603302002
221.461349487,18.6528377532959,-13.201231956481934
221.610763549,18.689237594604492,-13.37675952911377
221.760177612,18.72870445251465,-13.580979347229004
221.909591674,18.761859893798828,-13.757149696350098
222.075607299,18.802324295043945,-13.958385467529297
222.274826049,18.850141525268555,-14.20559310913086
222.424240112,18.88797950744629,-14.40872859954834
222.573654174,18.92140769958496,-14.587632179260254
222.723068237,18.96119499206543,-14.791790008544922
222.872482299,18.99420928955078,-14.963804244995117
223.071701049,19.043439865112305,-15.21630859375
223.221115112,19.082674026489258,-15.416389465332031
223.370529174,19.116621017456055,-15.5924072265625
223.536544799,19.155200958251953,-15.796793937683105
223.685958862,19.194347381591797,-16.001075744628906
223.885177612,19.24266815185547,-16.2509765625
224.034591674,19.272310256958008,-16.416471481323242
224.184005737,19.277162551879883,-16.4450626373291
224.333419799,19.277162551879883,-16.4450626373291
224.532638549,19.277162551879883,-16.4450626373291
224.682052612,19.277162551879883,-16.4450626373291
224.831466674,19.279253005981445,-16.457386016845703
224.980880737,19.300996780395508,-16.636030197143555
225.180099487,19.31239128112793,-16.89297866821289
225.346115112,19.312898635864258,-17.092763900756836
225.495529174,19.309043884277344,-17.273347854614258
225.644943237,19.305437088012695,-17.367778778076172
225.844161987,19.305437088012695,-17.367778778076172
225.993576049,19.305437088012695,-17.367778778076172
226.192794799,19.305437088012695,-17.367778778076172
226.392013549,19.305437088012695,-17.367778778076172
226.541427612,19.305437088012695,-17.367778778076172
226.740646362,19.303621292114258,-17.381301879882812
226.956466674,19.27142906188965,-17.417966842651367
227.105880737,19.09339141845703,-17.504671096801758
227.354904174,18.78706169128418,-17.480064392089844
227.554122924,18.568634033203125,-17.37323570251465
227.753341674,18.554271697998047,-17.3651180267334
227.952560424,18.554271697998047,-17.3651180267334
228.151779174,18.554271697998047,-17.3651180267334
228.350997924,18.554271697998047,-17.3651180267334
228.550216674,18.547103881835938,-17.361112594604492
228.699630737,18.5209903717041,-17.349201202392578
228.915451049,18.483417510986328,-17.348033905029297
229.114669799,18.36813735961914,-17.435455322265625
229.264083862,18.27242660522461,-17.615032196044922
229.463302612,18.268335342407227,-17.86683464050293
229.612716674,18.324716567993164,-18.039718627929688
229.762130737,18.39919090270996,-18.22952651977539
229.911544799,18.41665267944336,-18.275197982788086
230.060958862,18.41665267944336,-18.275197982788086
230.260177612,18.425434112548828,-18.29860496520996
230.376388549,18.466123580932617,-18.41917610168457
230.575607299,18.533586502075195,-18.663110733032227
230.725021362,18.579957962036133,-18.865873336791992
230.874435424,18.623323440551758,-19.04262924194336
231.023849487,18.682836532592773,-19.237594604492188
231.223068237,18.77107810974121,-19.482149124145508
231.372482299,18.83634376525879,-19.652042388916016
231.521896362,18.911067962646484,-19.837331771850586
231.671310424,18.97976303100586,-20.00586700439453
231.870529174,19.079397201538086,-20.246013641357422
231.970138549,19.128673553466797,-20.361865997314453
232.136154174,19.21169662475586,-20.552587509155273
232.335372924,19.31443977355957,-20.79143524169922
232.484786987,19.39555549621582,-20.977006912231445
232.634201049,19.466583251953125,-21.138607025146484
232.783615112,19.55050277709961,-21.328922271728516
232.933029174,19.62449836730957,-21.48918914794922
233.082443237,19.709537506103516,-21.67299461364746
233.231857299,19.780521392822266,-21.8331241607666
233.381271362,19.86210060119629,-22.02297592163086
233.580490112,19.959924697875977,-22.257951736450195
233.729904174,20.02864646911621,-22.423519134521484
233.895919799,20.106895446777344,-22.61623764038086
234.045333862,20.18577003479004,-22.805736541748047
234.144943237,20.236572265625,-22.925399780273438
234.294357299,20.30890464782715,-23.092411041259766
234.443771362,20.39349937438965,-23.282426834106445
234.593185424,20.47016716003418,-23.447486877441406
234.792404174,20.552295684814453,-23.627092361450195
234.941818237,20.552295684814453,-23.627092361450195
235.091232299,20.552295684814453,-23.627092361450195
235.240646362,20.552295684814453,-23.627092361450195
235.439865112,20.552295684814453,-23.627092361450195
235.655685424,20.552295684814453,-23.627092361450195
235.854904174,20.503549575805664,-23.622068405151367
236.054122924,20.39971160888672,-23.54714012145996
236.203536987,20.31096649169922,-23.364120483398438
236.402755737,20.31363868713379,-23.106103897094727
236.601974487,20.38394546508789,-22.855876922607422
236.801193237,20.437467575073242,-22.601778030395508
236.950607299,20.44344711303711,-22.420042037963867
237.149826049,20.414770126342773,-22.16877555847168
237.365646362,20.34438133239746,-21.891706466674805
237.515060424,20.2904109954834,-21.717893600463867
237.714279174,20.221887588500977,-21.467138290405273
237.913497924,20.165449142456055,-21.213350296020508
238.112716674,20.11564064025879,-20.965147018432617
238.311935424,20.072683334350586,-20.717052459716797
238.461349487,20.03964614868164,-20.51585578918457
238.660568237,20.001266479492188,-20.25870132446289
238.876388549,19.96457290649414,-20.004072189331055
239.075607299,19.92470932006836,-19.752687454223633
239.225021362,19.88751792907715,-19.548044204711914
239.424240112,19.836376190185547,-19.29313087463379
239.623458862,19.78734016418457,-19.043373107910156
239.822677612,19.74046516418457,-18.794593811035156
239.972091674,19.70856285095215,-18.61819076538086
240.171310424,19.665752410888672,-18.368682861328125
240.370529174,19.620010375976562,-18.112743377685547
240.536544799,19.580322265625,-17.908567428588867
240.735763549,19.53256607055664,-17.65299415588379
240.934982299,19.484590530395508,-17.40024757385254
241.134201049,19.43691062927246,-17.144662857055664
241.283615112,19.400928497314453,-16.939804077148438
241.482833862,19.3546085357666,-16.689537048339844
241.682052612,19.308727264404297,-16.439178466796875
241.831466674,19.276336669921875,-16.260082244873047
242.030685424,19.229305267333984,-16.004375457763672
242.229904174,19.184295654296875,-15.748299598693848
242.395919799,19.149818420410156,-15.547341346740723
242.595138549,19.103675842285156,-15.291470527648926
242.794357299,19.060115814208984,-15.035147666931152
242.943771362,19.022842407226562,-14.83051586151123
243.142990112,18.973981857299805,-14.58211898803711
243.342208862,18.925973892211914,-14.326591491699219
243.491622924,18.893098831176758,-14.14758586883545
243.690841674,18.845905303955078,-13.891910552978516
243.890060424,18.801591873168945,-13.639881134033203
244.056076049,18.76878547668457,-13.438642501831055
244.255294799,18.72846221923828,-13.181791305541992
244.454513549,18.68181037902832,-12.92743968963623
244.603927612,18.641523361206055,-12.730359077453613
244.803146362,18.593046188354492,-12.480499267578125
245.002365112,18.546916961669922,-12.224626541137695
245.151779174,18.51537322998047,-12.04538345336914
245.350997924,18.470046997070312,-11.790755271911621
245.550216674,18.427553176879883,-11.543966293334961
245.716232299,18.393259048461914,-11.344366073608398
245.915451049,18.35125160217285,-11.087783813476562
246.114669799,18.304367065429688,-10.836236000061035
246.264083862,18.252796173095703,-10.634779930114746
246.463302612,18.164714813232422,-10.390361785888672
246.662521362,18.03182029724121,-10.167497634887695
246.811935424,17.908716201782227,-10.033843994140625
247.011154174,17.691545486450195,-9.89289665222168
247.210372924,17.44435691833496,-9.830684661865234
247.426193237,17.175466537475586,-9.840283393859863
247.625411987,16.92740249633789,-9.883240699768066
247.774826049,16.752241134643555,-9.914288520812988
247.974044799,16.493865966796875,-9.942439079284668
248.173263549,16.236751556396484,-9.950586318969727
248.372482299,15.98497486114502,-9.950165748596191
248.571701049,15.73607349395752,-9.941805839538574
248.770919799,15.479246139526367,-9.926791191101074
248.970138549,15.219623565673828,-9.912854194641113
249.136154174,15.01717758178711,-9.907354354858398
249.335372924,14.759918212890625,-9.906488418579102
249.534591674,14.499917984008789,-9.906412124633789
249.684005737,14.294654846191406,-9.906351089477539
249.933029174,13.990865707397461,-9.906259536743164
250.082443237,13.782865524291992,-9.906198501586914
250.281661987,13.5242338180542,-9.906122207641602
250.480880737,13.273813247680664,-9.906045913696289
250.680099487,13.013813018798828,-9.905969619750977
250.829513549,12.831812858581543,-9.905916213989258
251.045333862,12.54854965209961,-9.905832290649414
251.194747924,12.370655059814453,-9.905778884887695
251.393966674,12.110654830932617,-9.905702590942383
251.593185424,11.852023124694824,-9.90562629699707
251.792404174,11.598865509033203,-9.905550003051758
251.991622924,11.341602325439453,-9.905473709106445
252.190841674,11.081602096557617,-9.905397415161133
252.390060424,10.831182479858398,-9.904850959777832
252.556076049,10.630083084106445,-9.900179862976074
252.755294799,10.370463371276855,-9.908538818359375
252.954513549,10.122941970825195,-9.983662605285645
253.153732299,9.92544174194336,-10.145597457885742
253.303146362,9.831719398498535,-10.32690143585205
253.502365112,9.799630165100098,-10.583805084228516
253.651779174,9.816171646118164,-10.756677627563477
253.801193237,9.855727195739746,-10.959458351135254
254.000411987,9.905702590942383,-11.209017753601074
254.050216674,9.914454460144043,-11.260274887084961
254.216232299,9.939718246459961,-11.466684341430664
254.415451049,9.94820499420166,-11.676426887512207
254.564865112,9.948186874389648,-11.6774263381958
254.764083862,9.948186874389648,-11.6774263381958
254.913497924,9.948186874389648,-11.6774263381958
255.112716674,9.948186874389648,-11.6774263381958
255.262130737,9.948186874389648,-11.6774263381958
255.411544799,9.943527221679688,-11.84038257598877
255.610763549,9.930702209472656,-12.08910083770752
255.760177612,9.919560432434082,-12.288578033447266
255.975997924,9.910740852355957,-12.53609561920166
256.125396728,9.907910346984863,-12.744074821472168
256.274810791,9.902364730834961,-12.923249244689941
256.474029541,9.88953971862793,-13.169230461120605
256.623443603,9.875340461730957,-13.372627258300781
256.822662353,9.858657836914062,-13.627970695495605
256.972076416,9.851301193237305,-13.809818267822266
257.171295166,9.847765922546387,-14.067047119140625
257.320709228,9.848525047302246,-14.269573211669922
257.470123291,9.849196434020996,-14.448836326599121
257.636138916,9.849974632263184,-14.65683650970459
257.835357666,9.850918769836426,-14.908625602722168
257.984771728,9.851658821105957,-15.105677604675293
258.183990478,9.852593421936035,-15.354729652404785
258.333404541,9.85327434539795,-15.53672981262207
258.532623291,9.854247093200684,-15.796730041503906
258.682037353,9.854987144470215,-15.993782043457031
258.831451416,9.8556489944458,-16.170305252075195
259.030670166,9.856583595275879,-16.419355392456055
259.180084228,9.85734748840332,-16.623245239257812
259.346099853,9.858125686645508,-16.83123779296875
259.545318603,9.859055519104004,-17.078920364379883
259.694732666,9.859712600708008,-17.25407600402832
259.844146728,9.860466957092285,-17.455230712890625
259.993560791,9.8611478805542,-17.637224197387695
260.192779541,9.86211109161377,-17.894479751586914
260.342193603,9.862857818603516,-18.094266891479492
260.541412353,9.863313674926758,-18.333742141723633
260.690826416,9.860936164855957,-18.50478172302246
260.890045166,9.857155799865723,-18.753812789916992
261.006256103,9.854870796203613,-18.904325485229492
261.205474853,9.850922584533691,-19.164297103881836
261.354888916,9.84826374053955,-19.339439392089844
261.554107666,9.844611167907715,-19.59531021118164
261.703521728,9.845455169677734,-19.79646110534668
261.852935791,9.847284317016602,-19.97845458984375
262.052154541,9.849884033203125,-20.237075805664062
262.251373291,9.85244369506836,-20.491588592529297
262.400787353,9.854494094848633,-20.695472717285156
262.550201416,9.856283187866211,-20.87335777282715
262.766021728,9.85915756225586,-21.159347534179688
262.915435791,9.860906600952148,-21.3331241607666
263.064849853,9.862449645996094,-21.53290557861328
263.264068603,9.860387802124023,-21.792896270751953
263.413482666,9.858784675598145,-21.973522186279297
263.562896728,9.856975555419922,-22.177412033081055
263.762115478,9.854754447937012,-22.42782974243164
263.911529541,9.85317611694336,-22.60572052001953
264.110748291,9.850868225097656,-22.865711212158203
264.260162353,9.849059104919434,-23.06960105895996
264.426177978,9.847274780273438,-23.270755767822266
264.575592041,9.845708847045898,-23.44727897644043
264.774810791,9.843482971191406,-23.7072696685791
264.924224853,9.84475326538086,-23.91526222229004
265.123443603,9.847339630126953,-24.172513961791992
265.272857666,9.84916877746582,-24.354507446289062
265.472076416,9.851781845092773,-24.614498138427734
265.621490478,9.853832244873047,-24.818382263183594
265.820709228,9.85641860961914,-25.075634002685547
265.970123291,9.858247756958008,-25.257627487182617
266.136138916,9.86033821105957,-25.465620040893555
266.335357666,9.86264705657959,-25.718765258789062
266.484771728,9.861303329467773,-25.92265510559082
266.683990478,9.85899543762207,-26.182645797729492
266.833404541,9.857392311096191,-26.363271713256836
266.982818603,9.855620384216309,-26.563058853149414
267.182037353,9.853374481201172,-26.816211700439453
267.331451416,9.85175895690918,-26.998205184936523
267.530670166,9.849451065063477,-27.258195877075195
267.680084228,9.847641944885254,-27.462085723876953
267.846099853,9.845870018005371,-27.66187286376953
268.045318603,9.84407901763916,-27.91912841796875
268.194732666,9.84525203704834,-28.10112190246582
268.393951416,9.8469877243042,-28.352907180786133
268.543365478,9.848422050476074,-28.56089973449707
268.692779541,9.849677085876465,-28.74289321899414
268.891998291,9.851469993591309,-29.002883911132812
269.041412353,9.852856636047363,-29.204038619995117
269.190826416,9.854044914245605,-29.3764591217041
269.390045166,9.855809211730957,-29.632347106933594
269.556060791,9.857243537902832,-29.84033966064453
269.705474853,9.858677864074707,-30.04833221435547
269.904693603,9.860451698303223,-30.305587768554688
270.054107666,9.861706733703613,-30.487581253051758
270.253326416,9.863239288330078,-30.744836807250977
270.402740478,9.865821838378906,-30.952796936035156
270.601959228,9.885059356689453,-31.20383071899414
270.751373291,9.900290489196777,-31.382448196411133
270.950592041,9.930663108825684,-31.637741088867188
271.100006103,9.9920072555542,-31.825958251953125
271.266021728,10.107258796691895,-31.99146270751953
271.415435791,10.244307518005371,-32.10184097290039
271.465240478,10.308819770812988,-32.13490295410156
271.614654541,10.47791576385498,-32.18364715576172
271.813873291,10.731834411621094,-32.190879821777344
271.963287353,10.927223205566406,-32.1660270690918
272.112701416,11.100373268127441,-32.13169860839844
272.262115478,11.304691314697266,-32.0927619934082
272.411529541,11.479462623596191,-32.06816101074219
272.560943603,11.681458473205566,-32.054107666015625
272.710357666,11.85927677154541,-32.048973083496094
272.876373291,12.027033805847168,-32.047725677490234
273.025787353,12.029034614562988,-32.047733306884766
273.175201416,12.029034614562988,-32.047733306884766
273.324615478,12.029034614562988,-32.047733306884766
273.523834228,12.029034614562988,-32.047733306884766
273.673248291,12.041534423828125,-32.04776382446289
273.822662353,12.21702766418457,-32.050933837890625
273.972076416,12.389305114746094,-32.05790328979492
274.121490478,12.59146499633789,-32.070091247558594
274.320709228,12.848352432250977,-32.0838623046875
274.470123291,13.030278205871582,-32.08891677856445
274.636138916,13.236899375915527,-32.09098434448242
274.785552978,13.43804931640625,-32.09275817871094
274.934967041,13.62004280090332,-32.0943603515625
275.084381103,13.828035354614258,-32.09619140625
275.233795166,14.003190040588379,-32.0965576171875
275.383209228,14.207077026367188,-32.09514617919922
275.582427978,14.460225105285645,-32.09339141845703
275.731842041,14.642218589782715,-32.09213638305664
275.881256103,14.850211143493652,-32.090702056884766
276.030670166,15.026731491088867,-32.08955764770508
276.180084228,15.22376823425293,-32.091617584228516
276.346099853,15.42479419708252,-32.098777770996094
276.495513916,15.605103492736816,-32.10950469970703
276.644927978,15.812561988830566,-32.12445831298828
276.794342041,15.98731803894043,-32.13627624511719
276.943756103,16.18963623046875,-32.145381927490234
277.093170166,16.366119384765625,-32.14916229248047
277.242584228,16.574111938476562,-32.14992904663086
277.391998291,16.756105422973633,-32.15038299560547
277.541412353,16.962730407714844,-32.150901794433594
277.740631103,17.21310806274414,-32.15509796142578
277.890045166,17.390830993652344,-32.162845611572266
278.056060791,17.5983829498291,-32.176414489746094
278.205474853,17.80170440673828,-32.19173049926758
278.354888916,17.979248046875,-32.202816009521484
278.504302978,18.182985305786133,-32.210697174072266
278.703521728,18.442955017089844,-32.212913513183594
278.852935791,18.62485694885254,-32.20746994018555
279.002349853,18.824405670166016,-32.19780731201172
279.151763916,19.00636863708496,-32.1965446472168
279.350982666,19.25766372680664,-32.21187973022461
279.500396728,19.464815139770508,-32.230594635009766
279.649810791,19.6446533203125,-32.24747848510742
279.815826416,19.842487335205078,-32.26266860961914
279.965240478,20.044742584228516,-32.273067474365234
280.114654541,20.226667404174805,-32.27812194824219
280.264068603,20.43465805053711,-32.27897644042969
280.463287353,20.680953979492188,-32.27581024169922
280.612701416,20.85883140563965,-32.27346420288086
280.762115478,21.066808700561523,-32.27071762084961
280.911529541,21.240583419799805,-32.26841735839844
281.060943603,21.448570251464844,-32.26689529418945
281.210357666,21.630563735961914,-32.268836975097656
281.376373291,21.834447860717773,-32.27129364013672
281.525787353,22.042369842529297,-32.27674102783203
281.725006103,22.296552658081055,-32.289878845214844
281.874420166,22.46854591369629,-32.302040100097656
282.023834228,22.670549392700195,-32.31659698486328
282.173248291,22.849456787109375,-32.327781677246094
282.372467041,23.109172821044922,-32.340003967285156
282.521881103,23.31436538696289,-32.34336471557617
282.671295166,23.48537826538086,-32.339569091796875
282.820709228,23.682384490966797,-32.335113525390625
282.970123291,23.8602352142334,-32.331077575683594
283.185943603,24.144794464111328,-32.324607849121094
283.335357666,24.324018478393555,-32.320777893066406
283.484771728,24.52653694152832,-32.32010269165039
283.634185791,24.708524703979492,-32.32179260253906
283.783599853,24.91640853881836,-32.32855224609375
283.982818603,25.170583724975586,-32.34183883666992
284.132232666,25.347970962524414,-32.355262756347656
284.281646728,25.545974731445312,-32.36811828613281
284.431060791,25.72355079650879,-32.37874984741211
284.580474853,25.92865562438965,-32.38669204711914
284.729888916,26.11063003540039,-32.38945007324219
284.895904541,26.315887451171875,-32.390625
285.045318603,26.515674591064453,-32.39176940917969
285.194732666,26.697649002075195,-32.394527435302734
285.344146728,26.905488967895508,-32.4025993347168
285.493560791,27.085779190063477,-32.413631439208984
285.692779541,27.334291458129883,-32.42998123168945
285.842193603,27.53096580505371,-32.442138671875
285.991607666,27.70871353149414,-32.44929885864258
286.190826416,27.96867561340332,-32.45290756225586
286.340240478,28.173933029174805,-32.453426361083984
286.489654541,28.351823806762695,-32.453880310058594
286.655670166,28.550243377685547,-32.45439910888672
286.805084228,28.758235931396484,-32.454917907714844
286.954498291,28.940229415893555,-32.45537185668945
287.103912353,29.14548683166504,-32.45589065551758
287.303131103,29.399988174438477,-32.458797454833984
287.452545166,29.581832885742188,-32.466064453125
287.601959228,29.78734016418457,-32.48711013793945
287.751373291,29.966590881347656,-32.5184211730957
287.900787353,30.16329574584961,-32.560508728027344
288.050201416,30.33664894104004,-32.59370803833008
288.216217041,30.537647247314453,-32.618133544921875
288.365631103,30.745361328125,-32.628501892089844
288.515045166,30.919118881225586,-32.63167190551758
288.714263916,31.172271728515625,-32.633121490478516
288.863677978,31.37342643737793,-32.63402557373047
289.013092041,31.55113410949707,-32.6265869140625
289.162506103,31.757394790649414,-32.60029983520508
289.361724853,32.00935745239258,-32.53693771362305
289.511138916,32.182777404785156,-32.48173141479492
289.660552978,32.378509521484375,-32.42465591430664
289.809967041,32.55057144165039,-32.385353088378906
289.975982666,32.745269775390625,-32.355262756347656
290.125396728,32.952598571777344,-32.33913803100586
290.324615478,33.137577056884766,-32.337459564208984
290.474029541,33.258827209472656,-32.3327751159668
290.623443603,33.332489013671875,-32.31317901611328
290.822662353,33.41856002807617,-32.20696258544922
291.021881103,33.468772888183594,-31.95777702331543
291.171295166,33.4373664855957,-31.77884864807129
291.370513916,33.36384582519531,-31.52948570251465
291.470123291,33.342105865478516,-31.409820556640625
291.636138916,33.361446380615234,-31.21724510192871
291.835357666,33.44570541381836,-30.97743797302246
292.034576416,33.54740524291992,-30.741147994995117
292.183990478,33.57233810424805,-30.676557540893555
292.383209228,33.60934066772461,-30.624595642089844
292.532623291,33.73843765258789,-30.55459976196289
292.682037353,33.9439582824707,-30.53782081604004
292.831451416,34.10957336425781,-30.596027374267578
293.030670166,34.303855895996094,-30.76313018798828
293.180084228,34.447872161865234,-30.911191940307617
293.329498291,34.59347915649414,-31.012468338012695
293.495513916,34.785343170166016,-31.084274291992188
293.644927978,34.986942291259766,-31.12223243713379
293.794342041,35.167503356933594,-31.14506721496582
293.993560791,35.419769287109375,-31.178831100463867
294.142974853,35.61827850341797,-31.218725204467773
294.292388916,35.79108428955078,-31.26628875732422
294.441802978,35.98273849487305,-31.331605911254883
294.641021728,36.04670333862305,-31.356130599975586
294.790435791,36.04670333862305,-31.356130599975586
294.956451416,36.04670333862305,-31.356130599975586
295.105865478,36.04670333862305,-31.356130599975586
295.305084228,36.04670333862305,-31.356130599975586
295.454498291,36.04670333862305,-31.356130599975586
295.603912353,36.04670333862305,-31.356130599975586
295.803131103,36.04670333862305,-31.356130599975586
295.952545166,36.04670333862305,-31.356130599975586
296.101959228,36.04670333862305,-31.356130599975586
296.251373291,36.20269775390625,-31.41432762145996
296.400787353,36.39915466308594,-31.48263931274414
296.600006103,36.64105987548828,-31.557170867919922
296.749420166,36.8124885559082,-31.604703903198242
296.865631103,36.96308898925781,-31.64537811279297
297.064849853,37.206363677978516,-31.715415954589844
297.214263916,37.37608337402344,-31.768709182739258
297.363677978,37.5725212097168,-31.832794189453125
297.513092041,37.746158599853516,-31.88732147216797
297.662506103,37.94599533081055,-31.945005416870117
297.811920166,38.1215705871582,-31.992921829223633
298.011138916,38.366668701171875,-32.05031204223633
298.160552978,38.56151580810547,-32.07938766479492
298.309967041,38.73884963989258,-32.093055725097656
298.475982666,38.946720123291016,-32.100242614746094
298.625396728,39.15196990966797,-32.1021728515625
298.774810791,39.32847595214844,-32.099666595458984
298.974029541,39.58430099487305,-32.09357833862305
299.123443603,39.79087829589844,-32.08866500854492
299.272857666,39.97283172607422,-32.0843391418457
299.422271728,40.17807388305664,-32.08161163330078
299.621490478,40.429866790771484,-32.08037567138672
299.770904541,40.609134674072266,-32.07950210571289
299.920318603,40.817142486572266,-32.078495025634766
300.086334228,41.023780822753906,-32.077491760253906
300.235748291,41.19894027709961,-32.076629638671875
300.385162353,41.40694808959961,-32.07562255859375
300.584381103,41.66695785522461,-32.076820373535156
300.733795166,41.84622573852539,-32.07821273803711
300.883209228,42.047386169433594,-32.07977294921875
301.032623291,42.2225456237793,-32.08113098144531
301.231842041,42.4825553894043,-32.083152770996094
301.381256103,42.6905632019043,-32.08477020263672
301.530670166,42.86709213256836,-32.08621597290039
301.729888916,43.11876678466797,-32.093345642089844
301.895904541,43.319419860839844,-32.10708999633789
302.045318603,43.52592849731445,-32.13193130493164
302.194732666,43.702117919921875,-32.156558990478516
302.344146728,43.900238037109375,-32.18228530883789
302.543365478,44.150753021240234,-32.20744323730469
302.692779541,44.32982635498047,-32.21514892578125
302.842193603,44.53782272338867,-32.2164306640625
303.041412353,44.79509353637695,-32.21435546875
303.190826416,44.971622467041016,-32.21293258666992
303.340240478,45.17552185058594,-32.21128845214844
303.506256103,45.38352966308594,-32.20960998535156
303.705474853,45.6380615234375,-32.207557678222656
303.854888916,45.81459045410156,-32.20613479614258
304.004302978,46.019859313964844,-32.2044792175293
304.203521728,46.279869079589844,-32.2023811340332
304.352935791,46.461875915527344,-32.20091247558594
304.502349853,46.65892791748047,-32.19932556152344
304.651763916,46.83682632446289,-32.19789123535156
304.801177978,47.04072570800781,-32.19705581665039
304.950592041,47.22273254394531,-32.19847106933594
305.149810791,47.48274230957031,-32.20049285888672
305.315826416,47.6811637878418,-32.202030181884766
305.465240478,47.88780212402344,-32.203636169433594
305.614654541,48.06980895996094,-32.20505142211914
305.813873291,48.32297134399414,-32.20701599121094
305.963287353,48.524131774902344,-32.20857620239258
306.112701416,48.69929122924805,-32.20993423461914
306.311920166,48.95793151855469,-32.211944580078125
306.461334228,49.16593933105469,-32.21356201171875
306.610748291,49.34246826171875,-32.21493148803711
306.809967041,49.588783264160156,-32.21683883666992
306.975982666,49.79131317138672,-32.21696853637695
307.125396728,49.99384307861328,-32.21597671508789
307.324615478,50.25111389160156,-32.214725494384766
307.474029541,50.426273345947266,-32.213863372802734
307.623443603,50.62606430053711,-32.2128791809082
307.822662353,50.87785720825195,-32.21164321899414
307.972076416,51.05986404418945,-32.21076202392578
308.171295166,51.31987380981445,-32.209503173828125
308.320709228,51.521034240722656,-32.20851516723633
308.470123291,51.69619369506836,-32.2076530456543
308.636138916,51.89735412597656,-32.2066650390625
308.835357666,52.15736389160156,-32.205406188964844
308.984771728,52.357154846191406,-32.20442199707031
309.183990478,52.60620880126953,-32.20319366455078
309.333404541,52.781368255615234,-32.20233154296875
309.482818603,52.988006591796875,-32.20132827758789
309.682037353,53.248016357421875,-32.200069427490234
309.831451416,53.42454528808594,-32.19920349121094
309.980865478,53.62433624267578,-32.198219299316406
310.180084228,53.878868103027344,-32.19697570800781
310.346099853,54.086875915527344,-32.19596862792969
310.545318603,54.33866882324219,-32.19615173339844
310.694732666,54.51519775390625,-32.1975212097168
310.893951416,54.77246856689453,-32.199520111083984
311.043365478,54.98047637939453,-32.20113754272461
311.192779541,55.16248321533203,-32.202552795410156
311.292388916,55.285640716552734,-32.20350646972656
311.491607666,55.53743362426758,-32.20545959472656
311.641021728,55.74270248413086,-32.207054138183594
311.840240478,56.00271224975586,-32.20882797241211
312.006256103,56.204994201660156,-32.199954986572266
312.155670166,56.38167190551758,-32.179466247558594
312.354888916,56.63216781616211,-32.1343994140625
312.504302978,56.83802032470703,-32.10495376586914
312.703521728,57.094547271728516,-32.08573913574219
312.852935791,57.270877838134766,-32.07762908935547
313.002349853,57.47471618652344,-32.073089599609375
313.201568603,57.734718322753906,-32.07329559326172
313.350982666,57.91532897949219,-32.07639694213867
313.550201416,58.03772735595703,-32.0787353515625
313.716217041,58.03772735595703,-32.0787353515625
313.865631103,58.03772735595703,-32.0787353515625
314.064849853,58.03772735595703,-32.0787353515625
314.214263916,58.03772735595703,-32.0787353515625
314.413482666,58.054115295410156,-32.07966232299805
314.562896728,58.06222915649414,-32.080909729003906
314.712310791,58.066219329833984,-32.08463668823242
314.911529541,58.0693359375,-32.09355926513672
315.060943603,58.06474304199219,-32.11753845214844
315.260162353,57.96429443359375,-32.22261428833008
315.426177978,57.78156661987305,-32.292232513427734
315.625396728,57.5266227722168,-32.29045486450195
315.824615478,57.285648345947266,-32.23391342163086
316.023834228,57.034793853759766,-32.16569519042969
316.223052978,56.778629302978516,-32.12248992919922
316.422271728,56.52846908569336,-32.11872482299805
316.571685791,56.35243606567383,-32.131797790527344
316.770904541,56.09336471557617,-32.15379333496094
316.970123291,55.84062576293945,-32.168067932128906
317.136138916,55.63679504394531,-32.17213439941406
317.335357666,55.37689208984375,-32.16543960571289
317.534576416,55.11733627319336,-32.15055465698242
317.683990478,54.92079162597656,-32.136409759521484
317.833404541,54.74323654174805,-32.12545394897461
318.032623291,54.48482131958008,-32.115116119384766
318.231842041,54.224876403808594,-32.109981536865234
318.431060791,53.97308349609375,-32.10787582397461
318.580474853,53.773292541503906,-32.106204986572266
318.796295166,53.52286911010742,-32.10411071777344
318.945709228,53.31486129760742,-32.103187561035156
319.144927978,53.06443786621094,-32.10504150390625
319.344146728,52.81538391113281,-32.10688781738281
319.543365478,52.56085205078125,-32.1087646484375
319.692779541,52.37884521484375,-32.11009979248047
319.891998291,52.12020492553711,-32.11199951171875
320.091217041,51.869781494140625,-32.113853454589844
320.240631103,51.66725158691406,-32.11534881591797
320.439849853,51.43598175048828,-32.11705017089844
320.605865478,51.20197296142578,-32.11876678466797
320.805084228,50.95018005371094,-32.120628356933594
321.004302978,50.694278717041016,-32.12251281738281
321.153717041,50.512271881103516,-32.12303161621094
321.352935791,50.25774002075195,-32.12090301513672
321.552154541,50.01142501831055,-32.11884307861328
321.701568603,49.808895111083984,-32.117149353027344
321.900787353,49.550254821777344,-32.114986419677734
322.050201416,49.368247985839844,-32.11346435546875
322.266021728,49.08771514892578,-32.11111831665039
322.415435791,48.90707778930664,-32.1096076965332
322.564849853,48.69906997680664,-32.10786819458008
322.764068603,48.44316864013672,-32.10572814941406
322.963287353,48.192745208740234,-32.103633880615234
323.162506103,47.94232177734375,-32.104705810546875
323.311920166,47.76031494140625,-32.106040954589844
323.511138916,47.50167465209961,-32.107940673828125
323.710357666,47.2553596496582,-32.109771728515625
323.876373291,47.05693817138672,-32.111244201660156
324.075592041,46.8010368347168,-32.113128662109375
324.274810791,46.5410270690918,-32.11503601074219
324.424224853,46.339866638183594,-32.11652374267578
324.623443603,46.08670425415039,-32.11839294433594
324.822662353,45.82669448852539,-32.12030029296875
325.021881103,45.56942367553711,-32.1221923828125
325.221099853,45.319000244140625,-32.12263870239258
325.370513916,45.1439094543457,-32.12639617919922
325.586334228,44.859764099121094,-32.142791748046875
325.785552978,44.603275299072266,-32.16272735595703
325.934967041,44.42841339111328,-32.17282485961914
326.134185791,44.17127990722656,-32.18074035644531
326.333404541,43.911346435546875,-32.1780891418457
326.532623291,43.65461730957031,-32.16169357299805
326.731842041,43.405174255371094,-32.13949203491211
326.881256103,43.201927185058594,-32.12327194213867
327.080474853,42.942283630371094,-32.10995864868164
327.229888916,42.760337829589844,-32.10551834106445
327.495513916,42.42780685424805,-32.10621643066406
327.644927978,42.21979904174805,-32.10771179199219
327.844146728,41.961158752441406,-32.10956954956055
328.043365478,41.7079963684082,-32.11138153076172
328.242584228,41.45072555541992,-32.11322784423828
328.391998291,41.26871871948242,-32.11453628540039
328.591217041,41.01418685913086,-32.11635971069336
328.790435791,40.7596549987793,-32.11818313598633
329.006256103,40.4736442565918,-32.1202392578125
329.205474853,40.220481872558594,-32.12205123901367
329.404693603,39.96458053588867,-32.123390197753906
329.603912353,39.70867919921875,-32.12200164794922
329.803131103,39.45277786254883,-32.12061309814453
329.952545166,39.27350997924805,-32.1196403503418
330.201568603,38.94508361816406,-32.11785888671875
330.350982666,38.767208099365234,-32.115177154541016
330.550201416,38.51627731323242,-32.09632873535156
330.766021728,38.257503509521484,-32.02872848510742
330.965240478,38.0412483215332,-31.896284103393555
331.164459228,37.88621520996094,-31.693660736083984
331.214263916,37.86643981933594,-31.645578384399414
331.413482666,37.814971923828125,-31.394420623779297
331.612701416,37.82905960083008,-31.137935638427734
331.762115478,37.866493225097656,-30.938941955566406
331.961334228,37.9146842956543,-30.684955596923828
332.160552978,37.91801071166992,-30.439002990722656
332.309967041,37.89962387084961,-30.268970489501953
332.525787353,37.862510681152344,-29.990915298461914
332.725006103,37.8354606628418,-29.732337951660156
332.874420166,37.82170486450195,-29.554981231689453
333.073638916,37.80888366699219,-29.30078887939453
333.272857666,37.803924560546875,-29.04084587097168
333.472076416,37.807167053222656,-28.7808780670166
333.621490478,37.81536865234375,-28.579891204833984
333.820709228,37.82909393310547,-28.331222534179688
333.970123291,37.83836364746094,-28.159053802490234
334.185943603,37.847023010253906,-27.887065887451172
334.385162353,37.85234451293945,-27.63962173461914
334.584381103,37.853206634521484,-27.382366180419922
334.733795166,37.85423278808594,-27.209949493408203
334.933013916,37.86231994628906,-26.95282554626465
335.132232666,37.87744903564453,-26.693267822265625
335.331451416,37.89093780517578,-26.433639526367188
335.480865478,37.88713073730469,-26.233932495117188
335.680084228,37.87082290649414,-25.981298446655273
335.829498291,37.859127044677734,-25.799673080444336
336.045318603,37.84699249267578,-25.516685485839844
336.194732666,37.843994140625,-25.340187072753906
336.393951416,37.84027862548828,-25.08158302307129
336.593170166,37.83983612060547,-24.821592330932617
336.792388916,37.8401985168457,-24.568439483642578
336.991607666,37.84055709838867,-24.316654205322266
337.141021728,37.840858459472656,-24.110029220581055
337.340240478,37.84123992919922,-23.850038528442383
337.506256103,37.84153366088867,-23.646148681640625
337.705474853,37.8419075012207,-23.388893127441406
337.904693603,37.83702087402344,-23.133085250854492
338.103912353,37.81781005859375,-22.876564025878906
338.303131103,37.796730041503906,-22.624290466308594
338.452545166,37.786094665527344,-22.442604064941406
338.651763916,37.77787780761719,-22.184112548828125
338.850982666,37.77670669555664,-21.950302124023438
339.050201416,37.776309967041016,-21.720783233642578
339.216217041,37.775943756103516,-21.51279067993164
339.415435791,37.775489807128906,-21.254167556762695
339.614654541,37.77503204345703,-20.994176864624023
339.813873291,37.775779724121094,-20.74102783203125
340.013092041,37.77909851074219,-20.487892150878906
340.162506103,37.771358489990234,-20.28556251525879
340.361724853,37.749515533447266,-20.0319766998291
340.560943603,37.732112884521484,-19.780797958374023
340.710357666,37.72433853149414,-19.598968505859375
340.926177978,37.720428466796875,-19.32669448852539
341.125396728,37.72236251831055,-19.068071365356445
341.274810791,37.723777770996094,-18.886077880859375
341.474029541,37.725730895996094,-18.634292602539062
341.673248291,37.727684020996094,-18.38250732421875
341.872467041,37.729705810546875,-18.122516632080078
342.071685791,37.731727600097656,-17.862525939941406
342.270904541,37.73369216918945,-17.609373092651367
342.470123291,37.73564529418945,-17.357587814331055
342.636138916,37.73698425292969,-17.155065536499023
342.835357666,37.73418426513672,-16.90192413330078
343.034576416,37.730560302734375,-16.64879035949707
343.233795166,37.72693634033203,-16.39565658569336
343.433013916,37.72319793701172,-16.135684967041016
343.582427978,37.72027587890625,-15.93181324005127
343.781646728,37.71874237060547,-15.681401252746582
343.980865478,37.711708068847656,-15.432516098022461
344.180084228,37.693973541259766,-15.211913108825684
344.395904541,37.67377853393555,-14.95682144165039
344.595123291,37.66062927246094,-14.697165489196777
344.744537353,37.656005859375,-14.489222526550293
344.943756103,37.65673065185547,-14.2401762008667
345.142974853,37.65867233276367,-13.989765167236328
345.342193603,37.660648345947266,-13.735248565673828
345.541412353,37.66438674926758,-13.4752836227417
345.740631103,37.67549514770508,-13.222379684448242
345.890045166,37.68684768676758,-13.050336837768555
346.105865478,37.710777282714844,-12.774956703186035
346.305084228,37.728939056396484,-12.515599250793457
346.504302978,37.74699020385742,-12.264460563659668
346.653717041,37.762367248535156,-12.089981079101562
346.852935791,37.7906608581543,-11.841171264648438
347.052154541,37.81825256347656,-11.618825912475586
347.251373291,37.84536361694336,-11.374009132385254
347.450592041,37.874393463134766,-11.129410743713379
347.649810791,37.900062561035156,-10.880314826965332
347.865631103,37.931549072265625,-10.598812103271484
348.064849853,37.97980499267578,-10.358940124511719
348.264068603,38.079166412353516,-10.126851081848145
348.413482666,38.1901741027832,-9.983183860778809
348.612701416,38.39600372314453,-9.835269927978516
348.762115478,38.58492660522461,-9.759095191955566
348.961334228,38.83784866333008,-9.700571060180664
349.110748291,39.018978118896484,-9.683159828186035
349.309967041,39.266239166259766,-9.66881275177002
349.475982666,39.462955474853516,-9.65739917755127
349.625396728,39.66582489013672,-9.637377738952637
349.774810791,39.84647750854492,-9.615315437316895
349.974029541,40.10352325439453,-9.586770057678223
350.123443603,40.3077278137207,-9.555487632751465
350.322662353,40.555728912353516,-9.504688262939453
350.472076416,40.72932052612305,-9.465825080871582
350.621490478,40.85941696166992,-9.438199043273926
350.820709228,40.85941696166992,-9.438199043273926
350.970123291,40.85941696166992,-9.438199043273926
351.136138916,40.85941696166992,-9.438199043273926
351.235748291,40.85941696166992,-9.438199043273926
351.385162353,40.94546890258789,-9.422418594360352
351.584381103,41.20036697387695,-9.403118133544922
351.733795166,41.3808708190918,-9.40906810760498
351.933013916,41.636077880859375,-9.427714347839355
352.082427978,41.843353271484375,-9.44519329071045
352.231842041,42.01934814453125,-9.45885944366455
352.431060791,42.27216339111328,-9.47179126739502
352.580474853,42.47189712524414,-9.476292610168457
352.729888916,42.651161193847656,-9.476089477539062
352.895904541,42.85913848876953,-9.473243713378906
353.095123291,43.11226272583008,-9.469781875610352
353.244537353,43.313392639160156,-9.467031478881836
353.393951416,43.4953727722168,-9.4645414352417
353.593170166,43.75534439086914,-9.460984230041504
353.742584228,43.95921325683594,-9.458195686340332
353.891998291,44.13300323486328,-9.457939147949219
354.091217041,44.386165618896484,-9.459269523620605
354.240631103,44.594173431396484,-9.460360527038574
354.390045166,44.776180267333984,-9.461315155029297
354.556060791,44.981449127197266,-9.462392807006836
354.705474853,45.18671798706055,-9.463470458984375
354.854888916,45.36872482299805,-9.464425086975098
355.054107666,45.62462615966797,-9.465768814086914
355.203521728,45.82304763793945,-9.466813087463379
355.352935791,46.002315521240234,-9.467754364013672
355.552154541,46.259586334228516,-9.469104766845703
355.701568603,46.467594146728516,-9.470195770263672
355.850982666,46.64412307739258,-9.471123695373535
356.050201416,46.89865493774414,-9.472460746765137
356.216217041,47.10255432128906,-9.473531723022461
356.365631103,47.31056213378906,-9.47462272644043
356.515045166,47.489830017089844,-9.475564002990723
356.664459228,47.69099044799805,-9.476621627807617
356.863677978,47.94689178466797,-9.477883338928223
357.013092041,48.128883361816406,-9.476049423217773
357.212310791,48.38885498046875,-9.471672058105469
357.361724853,48.59135437011719,-9.46826171875
357.511138916,48.77059555053711,-9.465243339538574
357.710357666,49.03056716918945,-9.46086597442627
357.876373291,49.2371826171875,-9.458189964294434
358.025787353,49.406314849853516,-9.459468841552734
358.175201416,49.54395294189453,-9.461493492126465
358.324615478,49.751930236816406,-9.464552879333496
358.523834228,50.01053237915039,-9.46835708618164
358.673248291,50.187034606933594,-9.470953941345215
358.872467041,50.43878936767578,-9.474575996398926
359.021881103,50.6426887512207,-9.47449779510498
359.171295166,50.8246955871582,-9.473730087280273
359.370513916,51.083335876464844,-9.472639083862305
359.536529541,51.285865783691406,-9.471784591674805
359.685943603,51.48976516723633,-9.470924377441406
359.835357666,51.67177200317383,-9.4701566696167
360.034576416,51.92767333984375,-9.469077110290527
360.183990478,52.12883377075195,-9.468228340148926
360.333404541,52.308101654052734,-9.467472076416016
360.482818603,52.516109466552734,-9.466594696044922
360.682037353,52.774749755859375,-9.465503692626953
360.831451416,52.94990921020508,-9.464764595031738
361.030670166,53.1989631652832,-9.463713645935059
361.180084228,53.402862548828125,-9.46285343170166
361.346099853,53.610870361328125,-9.461976051330566
361.545318603,53.86266326904297,-9.46091365814209
361.694732666,54.04056167602539,-9.460163116455078
361.844146728,54.24583053588867,-9.459297180175781
362.043365478,54.50584030151367,-9.458200454711914
362.192779541,54.68510818481445,-9.457444190979004
362.391998291,54.93553161621094,-9.456387519836426
362.541412353,55.13532257080078,-9.456024169921875
362.690826416,55.31732940673828,-9.456978797912598
362.890045166,55.57733917236328,-9.458342552185059
363.056060791,55.7812385559082,-9.459413528442383
363.255279541,56.038509368896484,-9.460763931274414
363.404693603,56.246517181396484,-9.461854934692383
363.554107666,56.425785064697266,-9.462796211242676
363.753326416,56.67894744873047,-9.464126586914062
363.902740478,56.88284683227539,-9.465197563171387
364.101959228,57.14285659790039,-9.466561317443848
364.251373291,57.32212448120117,-9.46750259399414
364.450592041,57.49828338623047,-9.468428611755371
364.600006103,57.690792083740234,-9.469439506530762
364.815826416,57.94395446777344,-9.470769882202148
364.965240478,58.146484375,-9.471834182739258
365.164459228,58.406494140625,-9.473197937011719
365.313873291,58.58713150024414,-9.474145889282227
365.513092041,58.838924407958984,-9.475469589233398
365.662506103,59.044193267822266,-9.476547241210938
365.861724853,59.304203033447266,-9.477910995483398
366.011138916,59.484832763671875,-9.477235794067383
366.160552978,59.64847946166992,-9.475512504577637
366.309967041,59.749473571777344,-9.474449157714844
366.525787353,60.03407669067383,-9.471452713012695
366.675201416,60.207862854003906,-9.469622611999512
366.874420166,60.458274841308594,-9.466985702514648
367.023834228,60.66215515136719,-9.464838981628418
367.173248291,60.84413528442383,-9.462923049926758
367.372467041,61.101375579833984,-9.460214614868164
367.521881103,61.30252456665039,-9.458096504211426
367.721099853,61.5543098449707,-9.458309173583984
367.870513916,61.736289978027344,-9.460986137390137
368.036529541,61.94426727294922,-9.464045524597168
368.235748291,62.200130462646484,-9.467809677124023
368.385162353,62.40536880493164,-9.470829010009766
368.584381103,62.665340423583984,-9.474653244018555
368.733795166,62.84049606323242,-9.475042343139648
368.933013916,63.0366096496582,-9.472977638244629
369.082427978,63.16276550292969,-9.471649169921875
369.281646728,63.17526626586914,-9.471517562866211
369.480865478,63.41464614868164,-9.46899700164795
369.630279541,63.56890106201172,-9.46737289428711
369.796295166,63.634033203125,-9.466687202453613
369.995513916,63.891273498535156,-9.46397876739502
370.194732666,64.1512680053711,-9.461241722106934
370.344146728,64.35515594482422,-9.459095001220703
370.543365478,64.60694122314453,-9.458595275878906
370.692779541,64.78482818603516,-9.460089683532715
370.891998291,65.04483795166016,-9.462273597717285
371.041412353,65.25284576416016,-9.463282585144043
371.141021728,65.37999725341797,-9.458370208740234
371.290435791,65.55451202392578,-9.44332218170166
371.489654541,65.81210327148438,-9.420323371887207
371.655670166,66.01698303222656,-9.40799617767334
371.854888916,66.27143859863281,-9.409785270690918
372.004302978,66.4780502319336,-9.413147926330566
372.153717041,66.6600570678711,-9.414102554321289
372.352935791,66.9200668334961,-9.41546630859375
372.552154541,67.17183685302734,-9.416790008544922
372.701568603,67.3770980834961,-9.417621612548828
372.900787353,67.63679504394531,-9.40693473815918
373.100006103,67.89433288574219,-9.371918678283691
373.266021728,68.03695678710938,-9.343168258666992
373.465240478,68.22957611083984,-9.299480438232422
373.614654541,68.40795135498047,-9.26335620880127
373.813873291,68.65629577636719,-9.222269058227539
373.963287353,68.85393524169922,-9.205036163330078
374.162506103,69.10557556152344,-9.201420783996582
374.361724853,69.35528564453125,-9.220052719116211
374.511138916,69.53685760498047,-9.232481002807617
374.710357666,69.796630859375,-9.24327564239502
374.876373291,70.0005111694336,-9.245972633361816
375.075592041,70.25773620605469,-9.242012977600098
375.225006103,70.46562194824219,-9.235886573791504
375.424224853,70.72001647949219,-9.228388786315918
375.573638916,70.896484375,-9.223978996276855
375.772857666,71.15512084960938,-9.220440864562988
375.922271728,71.36312866210938,-9.218415260314941
376.121490478,71.48729705810547,-9.218283653259277
376.270904541,71.48729705810547,-9.218283653259277
376.470123291,71.48729705810547,-9.218283653259277
376.685943603,71.48729705810547,-9.218283653259277
376.835357666,71.48729705810547,-9.218283653259277
377.034576416,71.66529846191406,-9.218093872070312
377.233795166,71.9171142578125,-9.217828750610352
377.383209228,72.12239074707031,-9.217611312866211
377.582427978,72.38240051269531,-9.217334747314453
377.731842041,72.56167602539062,-9.217144966125488
377.931060791,72.81076049804688,-9.216883659362793
378.130279541,73.0653076171875,-9.216614723205566
378.296295166,73.2733154296875,-9.21639347076416
378.445709228,73.47722625732422,-9.216177940368652
378.644927978,73.72767639160156,-9.215914726257324
378.844146728,73.9794921875,-9.215649604797363
378.993560791,74.12398529052734,-9.215496063232422
379.192779541,74.3703384399414,-9.215238571166992
379.391998291,74.62078857421875,-9.214975357055664
379.541412353,74.82743072509766,-9.21475601196289
379.740631103,75.08744049072266,-9.214479446411133
379.890045166,75.26671600341797,-9.21469497680664
380.105865478,75.5431137084961,-9.216148376464844
380.255279541,75.7251205444336,-9.217103004455566
380.404693603,75.92900848388672,-9.21817398071289
380.603912353,76.18489837646484,-9.219517707824707
380.803131103,76.43254852294922,-9.220821380615234
380.952545166,76.61180877685547,-9.221762657165527
381.151763916,76.87181854248047,-9.223126411437988
381.301177978,77.0757064819336,-9.224197387695312
381.500396728,77.3247299194336,-9.225507736206055
381.699615478,77.5532455444336,-9.22670841217041
381.865631103,77.78450775146484,-9.227922439575195
382.015045166,77.96239471435547,-9.228857040405273
382.214263916,78.21004486083984,-9.2301607131958
382.413482666,78.46593475341797,-9.231504440307617
382.562896728,78.67394256591797,-9.232595443725586
382.762115478,78.9298324584961,-9.233939170837402
382.961334228,79.18022918701172,-9.23525619506836
383.110748291,79.35674285888672,-9.236184120178223
383.309967041,79.61675262451172,-9.237547874450684
383.475982666,79.8233871459961,-9.237173080444336
383.675201416,80.06966400146484,-9.235361099243164
383.824615478,80.2749252319336,-9.233848571777344
384.023834228,80.53218841552734,-9.231952667236328
384.223052978,80.69217681884766,-9.23077392578125
384.372467041,80.8714370727539,-9.229453086853027
384.571685791,81.1314468383789,-9.22753620147705
384.721099853,81.33533477783203,-9.226034164428711
384.920318603,81.5829849243164,-9.224211692810059
385.069732666,81.75812530517578,-9.222922325134277
385.285552978,82.04138946533203,-9.220834732055664
385.434967041,82.21927642822266,-9.219524383544922
385.634185791,82.46967315673828,-9.217680931091309
385.833404541,82.72968292236328,-9.216994285583496
385.982818603,82.78567504882812,-9.2174654006958
386.182037353,82.9103012084961,-9.218511581420898
386.381256103,83.1648178100586,-9.220649719238281
386.530670166,83.25930786132812,-9.221444129943848
386.729888916,83.48036193847656,-9.226861000061035
386.895904541,83.68399047851562,-9.237234115600586
387.095123291,83.83010864257812,-9.247803688049316
387.244537353,83.83010864257812,-9.247803688049316
387.443756103,83.83010864257812,-9.247803688049316
387.593170166,83.83010864257812,-9.247803688049316
387.792388916,83.83010864257812,-9.247803688049316
387.941802978,83.83010864257812,-9.247803688049316
388.141021728,83.83010864257812,-9.247803688049316
388.340240478,83.83010864257812,-9.247803688049316
388.506256103,83.83010864257812,-9.247803688049316
388.655670166,83.95436096191406,-9.257493019104004
388.854888916,84.20547485351562,-9.276028633117676
389.004302978,84.4062728881836,-9.287877082824707
389.203521728,84.65589904785156,-9.307753562927246
389.402740478,84.91034698486328,-9.334752082824707
389.552154541,85.08991241455078,-9.364278793334961
389.751373291,85.34391784667969,-9.419754981994629
389.900787353,85.54273223876953,-9.464999198913574
390.100006103,85.79048919677734,-9.517085075378418
390.266021728,85.98656463623047,-9.5554780960083
390.465240478,86.24076080322266,-9.603235244750977
390.614654541,86.4183578491211,-9.642989158630371
390.813873291,86.66787719726562,-9.710799217224121
390.963287353,86.86117553710938,-9.77131175994873
391.162506103,87.1085205078125,-9.846863746643066
391.361724853,87.35391235351562,-9.914278030395508
391.511138916,87.52781677246094,-9.95776081085205
391.710357666,87.7764892578125,-10.032855033874512
391.859771728,87.87435913085938,-10.075997352600098
392.025787353,88.04105377197266,-10.179513931274414
392.225006103,88.22152709960938,-10.35629940032959
392.374420166,88.33070373535156,-10.501815795898438
392.523834228,88.4357681274414,-10.670090675354004
392.673248291,88.52798461914062,-10.826985359191895
392.872467041,88.65409088134766,-11.043333053588867
393.021881103,88.76335144042969,-11.218676567077637
393.171295166,88.86711883544922,-11.364811897277832
393.320709228,88.99085998535156,-11.528578758239746
393.470123291,89.09966278076172,-11.671048164367676
393.586334228,89.1901626586914,-11.789627075195312
393.735748291,89.30012512207031,-11.932927131652832
393.934967041,89.45977783203125,-12.1381196975708
394.084381103,89.58705139160156,-12.302623748779297
394.233795166,89.69287109375,-12.443916320800781
394.433013916,89.85438537597656,-12.647621154785156
394.582427978,89.98028564453125,-12.806265830993652
394.731842041,90.09282684326172,-12.94929313659668
394.881256103,90.21821594238281,-13.115242004394531
395.080474853,90.36897277832031,-13.320328712463379
395.229888916,90.47489166259766,-13.468328475952148
395.395904541,90.58939361572266,-13.626787185668945
395.595123291,90.74221801757812,-13.833746910095215
395.744537353,90.86320495605469,-13.997868537902832
395.893951416,90.97085571289062,-14.144617080688477
396.043365478,91.09508514404297,-14.311453819274902
396.192779541,91.20264434814453,-14.456572532653809
396.391998291,91.35880279541016,-14.664457321166992
396.541412353,91.47856903076172,-14.8294677734375
396.740631103,91.62822723388672,-15.040395736694336
396.890045166,91.7349853515625,-15.187799453735352
397.056060791,91.85807037353516,-15.355463981628418
397.205474853,91.9822998046875,-15.522297859191895
397.354888916,92.08798217773438,-15.665401458740234
397.504302978,92.20581817626953,-15.830117225646973
397.703521728,92.35491180419922,-16.036399841308594
397.852935791,92.4590835571289,-16.178922653198242
398.002349853,92.5812759399414,-16.340421676635742
398.151763916,92.69052124023438,-16.480823516845703
398.350982666,92.84210205078125,-16.68014907836914
398.500396728,92.966064453125,-16.847179412841797
398.649810791,93.0704116821289,-16.99294662475586
398.815826416,93.19178771972656,-17.161861419677734
399.015045166,93.34185028076172,-17.37250518798828
399.164459228,93.4576644897461,-17.541967391967773
399.313873291,93.55816650390625,-17.69040298461914
399.513092041,93.7066879272461,-17.886795043945312
399.662506103,93.84098815917969,-18.03270149230957
399.861724853,94.0389404296875,-18.196685791015625
400.011138916,94.18936920166016,-18.299072265625
400.210357666,94.4052505493164,-18.43644142150879
400.376373291,94.58113098144531,-18.544910430908203
400.525787353,94.75836181640625,-18.651142120361328
400.675201416,94.91416931152344,-18.745189666748047
400.874420166,95.13685607910156,-18.87939453125
401.023834228,95.31350708007812,-18.98920440673828
401.223052978,95.53240966796875,-19.12954330444336
401.372467041,95.68505096435547,-19.228666305541992
401.571685791,95.90029907226562,-19.372020721435547
401.721099853,96.0732421875,-19.4875545501709
401.870513916,96.22248840332031,-19.59170913696289
402.036529541,96.38986206054688,-19.70815086364746
402.235748291,96.60592651367188,-19.852733612060547
402.434967041,96.81613159179688,-19.98883056640625
402.584381103,96.99099731445312,-20.101486206054688
402.733795166,97.14019012451172,-20.195829391479492
402.933013916,97.36031341552734,-20.33422088623047
403.082427978,97.53561401367188,-20.446184158325195
403.281646728,97.75261688232422,-20.579200744628906
403.431060791,97.90728759765625,-20.675138473510742
403.630279541,98.12767028808594,-20.813121795654297
403.796295166,98.30221557617188,-20.918508529663086
403.995513916,98.525146484375,-21.052366256713867
404.144927978,98.70056915283203,-21.156299591064453
404.344146728,98.92157745361328,-21.293228149414062
404.493560791,99.07544708251953,-21.390413284301758
404.692779541,99.2762451171875,-21.51545524597168
404.842193603,99.45174407958984,-21.62706756591797
405.041412353,99.67058563232422,-21.767471313476562
405.190826416,99.82525634765625,-21.8634090423584
405.390045166,100.04353332519531,-21.996923446655273
405.556060791,100.21912384033203,-22.105871200561523
405.705474853,100.39401245117188,-22.213333129882812
405.904693603,100.61811828613281,-22.345142364501953
406.054107666,100.77494812011719,-22.437501907348633
406.253326416,100.9896011352539,-22.560693740844727
406.402740478,100.99223327636719,-22.56214714050293
406.601959228,100.99223327636719,-22.56214714050293
406.751373291,100.99223327636719,-22.56214714050293
406.950592041,100.99223327636719,-22.56214714050293
407.100006103,100.99223327636719,-22.56214714050293
407.249420166,101.09150695800781,-22.617168426513672
407.465240478,101.3370590209961,-22.758350372314453
407.664459228,101.55748748779297,-22.882835388183594
407.813873291,101.71670532226562,-22.968103408813477
408.013092041,101.94501495361328,-23.092485427856445
408.162506103,102.1255874633789,-23.195661544799805
408.361724853,102.3338851928711,-23.343952178955078
408.511138916,102.46658325195312,-23.46433448791504
408.710357666,102.63089752197266,-23.658418655395508
408.876373291,102.74430084228516,-23.824504852294922
409.025787353,102.84706115722656,-23.99582862854004
409.225006103,102.97428131103516,-24.21942138671875
409.374420166,103.06460571289062,-24.37742042541504
409.573638916,103.19400787353516,-24.59975814819336
409.723052978,103.2967300415039,-24.76952362060547
409.872467041,103.35164642333984,-24.859760284423828
410.071685791,103.4760513305664,-25.04417610168457
410.221099853,103.59495544433594,-25.21484375
410.370513916,103.69822692871094,-25.36136817932129
410.536529541,103.8162841796875,-25.52760887145996
410.735748291,103.96039581298828,-25.739059448242188
410.885162353,104.07413482666016,-25.906633377075195
411.084381103,104.21562194824219,-26.116559982299805
411.233795166,104.31368255615234,-26.264984130859375
411.383209228,104.42704010009766,-26.43608856201172
411.582427978,104.56903839111328,-26.648958206176758
411.731842041,104.66974639892578,-26.798904418945312
411.931060791,104.81136322021484,-27.007076263427734
412.080474853,104.92662048339844,-27.176921844482422
412.229888916,105.02843475341797,-27.327774047851562
412.395904541,105.14508819580078,-27.499975204467773
412.595123291,105.28614044189453,-27.71183967590332
412.744537353,105.40018463134766,-27.88413429260254
412.943756103,105.53975677490234,-28.09204864501953
413.093170166,105.6426010131836,-28.242204666137695
413.242584228,105.75527954101562,-28.412128448486328
413.391998291,105.85338592529297,-28.565412521362305
413.541412353,105.96605682373047,-28.740234375
413.690826416,106.06636047363281,-28.8920841217041
413.840240478,106.18102264404297,-29.0639705657959
413.989654541,106.28194427490234,-29.215415954589844
414.205474853,106.44187927246094,-29.4525089263916
414.354888916,106.54424285888672,-29.60298728942871
414.504302978,106.66014099121094,-29.77570152282715
414.653717041,106.75981140136719,-29.92469596862793
414.852935791,106.9049072265625,-30.140439987182617
415.002349853,107.01996612548828,-30.31206703186035
415.151763916,107.12101745605469,-30.458477020263672
415.350982666,107.26781463623047,-30.669750213623047
415.500396728,107.38301849365234,-30.841279983520508
415.649810791,107.48233795166016,-30.988866806030273
415.865631103,107.63946533203125,-31.224544525146484
416.015045166,107.7350845336914,-31.372920989990234
416.164459228,107.84624481201172,-31.548721313476562
416.363677978,107.98259735107422,-31.77009391784668
416.513092041,108.08760070800781,-31.918630599975586
416.712310791,108.2754898071289,-32.08842468261719
416.911529541,108.39825439453125,-32.14308547973633
417.060943603,108.5911865234375,-32.16264724731445
417.260162353,108.84371185302734,-32.147098541259766
417.426177978,108.97283172607422,-32.12992858886719
417.625396728,109.2184066772461,-32.099205017089844
417.824615478,109.4745101928711,-32.07512283325195
417.974029541,109.65337371826172,-32.06313705444336
418.173248291,109.90631866455078,-32.05305099487305
418.372467041,110.16630554199219,-32.05085754394531
418.521881103,110.37289428710938,-32.05496597290039
418.721099853,110.62442016601562,-32.06633377075195
418.920318603,110.87588500976562,-32.07889175415039
419.086334228,111.08373260498047,-32.086978912353516
419.285552978,111.33683776855469,-32.0913200378418
419.484771728,111.58311462402344,-32.09505844116211
419.634185791,111.7596206665039,-32.09608840942383
419.833404541,112.01545715332031,-32.092384338378906
420.032623291,112.275390625,-32.08815002441406
420.231842041,112.5312271118164,-32.083984375
420.431060791,112.78296661376953,-32.07988739013672
420.580474853,112.98685455322266,-32.07884216308594
420.779693603,113.22086334228516,-32.08018112182617
420.995513916,113.50687408447266,-32.081817626953125
421.144927978,113.7121353149414,-32.08299255371094
421.344146728,113.9721450805664,-32.08448028564453
421.543365478,114.22391510009766,-32.08592224121094
421.742584228,114.47705841064453,-32.087371826171875
421.941802978,114.73706817626953,-32.08885955810547
422.141021728,114.9902114868164,-32.090309143066406
422.340240478,115.24060821533203,-32.09174346923828
422.506256103,115.44833374023438,-32.08359909057617
422.705474853,115.69515228271484,-32.03045654296875
422.904693603,115.92088317871094,-31.914613723754883
423.054107666,116.05690002441406,-31.79617691040039
423.253326416,116.21179962158203,-31.594818115234375
423.402740478,116.31422424316406,-31.41383171081543
423.601959228,116.42987823486328,-31.18253517150879
423.801177978,116.50690460205078,-31.024106979370117
423.950592041,116.5699691772461,-30.89967918395996
424.149810791,116.69924926757812,-30.680532455444336
424.365631103,116.81017303466797,-30.51814842224121
424.564849853,116.92700958251953,-30.357656478881836
424.714263916,117.03610229492188,-30.21197509765625
424.913482666,117.19127655029297,-30.006772994995117
425.112701416,117.34580993652344,-29.802814483642578
425.311920166,117.4948501586914,-29.593170166015625
425.511138916,117.63591766357422,-29.376384735107422
425.710357666,117.7628402709961,-29.178606033325195
425.876373291,117.77115631103516,-29.1655330657959
426.075592041,117.77115631103516,-29.1655330657959
426.274810791,117.77115631103516,-29.1655330657959
426.474029541,117.77115631103516,-29.1655330657959
426.673248291,117.77787017822266,-29.15498924255371
426.822662353,117.88196563720703,-28.993059158325195
427.021881103,118.02532958984375,-28.781099319458008
427.221099853,118.17105102539062,-28.5740966796875
427.420318603,118.3169174194336,-28.3671932220459
427.569732666,118.34175872802734,-28.33269500732422
427.785552978,118.47432708740234,-28.1444091796875
427.984771728,118.62552642822266,-27.932903289794922
428.134185791,118.65779113769531,-27.88836097717285
428.333404541,118.79605102539062,-27.70330047607422
428.532623291,118.9520263671875,-27.495281219482422
428.731842041,118.99276733398438,-27.440208435058594
428.881256103,119.08195495605469,-27.315902709960938
429.080474853,119.23228454589844,-27.108842849731445
429.296295166,119.38700103759766,-26.899904251098633
429.495513916,119.53569793701172,-26.688310623168945
429.644927978,119.65767669677734,-26.51986312866211
429.844146728,119.81201934814453,-26.31063461303711
430.043365478,119.95844268798828,-26.099138259887695
430.242584228,120.0929946899414,-25.876691818237305
430.441802978,120.17415618896484,-25.738801956176758
430.591217041,120.17415618896484,-25.738801956176758
430.790435791,120.17415618896484,-25.738801956176758
430.956451416,120.17415618896484,-25.738801956176758
431.155670166,120.17415618896484,-25.738801956176758
431.354888916,120.18046569824219,-25.728010177612305
431.554107666,120.32201385498047,-25.53384017944336
431.753326416,120.51255798339844,-25.36347198486328
431.902740478,120.68292999267578,-25.244232177734375
432.101959228,120.89874267578125,-25.109312057495117
432.301177978,121.1192855834961,-24.97166633605957
432.500396728,121.3259048461914,-24.825395584106445
432.649810791,121.46814727783203,-24.718595504760742
432.865631103,121.6830062866211,-24.544668197631836
433.064849853,121.8796157836914,-24.374605178833008
433.264068603,122.06373596191406,-24.198945999145508
433.413482666,122.19303894042969,-24.0728702545166
433.612701416,122.40288543701172,-23.927722930908203
433.811920166,122.64833068847656,-23.844621658325195
434.011138916,122.79171752929688,-23.829710006713867
434.210357666,122.96961975097656,-23.83458137512207
434.426177978,123.24893951416016,-23.860347747802734
434.625396728,123.43124389648438,-23.882286071777344
434.824615478,123.65242004394531,-23.906509399414062
435.023834228,123.90885925292969,-23.926998138427734
435.223052978,124.02916717529297,-23.933868408203125
435.422271728,124.23967742919922,-23.941631317138672
435.621490478,124.49005889892578,-23.94190216064453
435.770904541,124.57559204101562,-23.937414169311523
435.920318603,124.70301055908203,-23.925588607788086
436.086334228,124.90731048583984,-23.886972427368164
436.285552978,125.0875473022461,-23.845293045043945
436.484771728,125.28196716308594,-23.81085777282715
436.683990478,125.5407485961914,-23.78636360168457
436.883209228,125.7379379272461,-23.77544403076172
437.082427978,125.94354248046875,-23.764917373657227
437.281646728,126.20320129394531,-23.75211524963379
437.480865478,126.4562759399414,-23.74594497680664
437.680084228,126.70941925048828,-23.74418067932129
437.846099853,126.91193389892578,-23.742769241333008
438.045318603,127.17194366455078,-23.740957260131836
438.244537353,127.41959381103516,-23.73923110961914
438.443756103,127.6713638305664,-23.737476348876953
438.642974853,127.93119812011719,-23.744352340698242
438.842193603,128.19036865234375,-23.764986038208008
439.041412353,128.43983459472656,-23.78691864013672
439.240631103,128.69114685058594,-23.80219841003418
439.390045166,128.87030029296875,-23.808277130126953
439.605865478,129.1562957763672,-23.809646606445312
439.805084228,129.4122314453125,-23.785905838012695
440.004302978,129.66683959960938,-23.733320236206055
440.203521728,129.921875,-23.683000564575195
440.402740478,130.17449951171875,-23.63461685180664
440.601959228,130.4215850830078,-23.604373931884766
440.751373291,130.44578552246094,-23.602680206298828
440.950592041,130.44578552246094,-23.602680206298828
441.149810791,130.46217346191406,-23.60354232788086
441.365631103,130.48080444335938,-23.620203018188477
441.515045166,130.57435607910156,-23.764902114868164
441.714263916,130.59881591796875,-24.02075958251953
441.863677978,130.54298400878906,-24.2150936126709
442.013092041,130.47886657714844,-24.38542938232422
442.162506103,130.4088592529297,-24.578359603881836
442.311920166,130.35548400878906,-24.752344131469727
442.511138916,130.299072265625,-24.997636795043945
442.660552978,130.2679901123047,-25.19914436340332
442.809967041,130.2438201904297,-25.379528045654297
442.975982666,130.22120666503906,-25.58491325378418
443.175201416,130.19985961914062,-25.830297470092773
443.324615478,130.18209838867188,-26.022245407104492
443.474029541,130.1655731201172,-26.197998046875
443.623443603,130.1526641845703,-26.31780242919922
443.822662353,130.1526641845703,-26.31780242919922
443.972076416,130.1526641845703,-26.31780242919922
444.121490478,130.1526641845703,-26.31780242919922
444.320709228,130.1526641845703,-26.31780242919922
444.470123291,130.1526641845703,-26.31780242919922
444.636138916,130.1526641845703,-26.31780242919922
444.835357666,130.1526641845703,-26.31780242919922
445.034576416,130.1844482421875,-26.326337814331055
445.233795166,130.4060516357422,-26.291399002075195
445.433013916,130.59706115722656,-26.124526977539062
445.632232666,130.66537475585938,-25.880727767944336
445.781646728,130.6506805419922,-25.673723220825195
445.980865478,130.5908203125,-25.420738220214844
446.180084228,130.54266357421875,-25.16533660888672
446.395904541,130.5280303955078,-24.910123825073242
446.545318603,130.5453643798828,-24.708473205566406
446.744537353,130.6019744873047,-24.461978912353516
446.893951416,130.65817260742188,-24.29755401611328
447.093170166,130.71551513671875,-24.149255752563477
447.292388916,130.71551513671875,-24.149255752563477
447.491607666,130.71551513671875,-24.149255752563477
447.690826416,130.71551513671875,-24.149255752563477
447.890045166,130.71551513671875,-24.149255752563477
448.056060791,130.71551513671875,-24.149255752563477
448.255279541,130.7796630859375,-23.941707611083984
448.454498291,130.8114013671875,-23.68400764465332
448.653717041,130.80245971679688,-23.427040100097656
448.852935791,130.7770538330078,-23.179292678833008
449.052154541,130.75753784179688,-22.924158096313477
449.201568603,130.7475128173828,-22.71640396118164
449.400787353,130.74403381347656,-22.464675903320312
449.600006103,130.7614288330078,-22.209436416625977
449.815826416,130.78916931152344,-21.95781135559082
449.965240478,130.8145751953125,-21.751373291015625
450.164459228,130.84539794921875,-21.50010108947754
450.363677978,130.87742614746094,-21.251741409301758
450.562896728,130.90255737304688,-21.001220703125
450.712310791,130.91571044921875,-20.8197021484375
450.911529541,130.9290771484375,-20.56004524230957
451.110748291,130.9473114013672,-20.306171417236328
451.309967041,130.9615478515625,-20.053424835205078
451.475982666,130.96734619140625,-19.845508575439453
451.675201416,130.9759979248047,-19.591136932373047
451.824615478,130.98753356933594,-19.3875732421875
452.023834228,131.00567626953125,-19.12957191467285
452.223052978,131.0210418701172,-18.870033264160156
452.372467041,131.02809143066406,-18.69365119934082
452.571685791,131.04298400878906,-18.443683624267578
452.770904541,131.0615997314453,-18.191207885742188
452.970123291,131.07899475097656,-17.931793212890625
453.136138916,131.0889129638672,-17.726770401000977
453.335357666,131.10763549804688,-17.46745491027832
453.534576416,131.1295623779297,-17.2083797454834
453.733795166,131.14500427246094,-16.9488468170166
453.883209228,131.15284729003906,-16.74784278869629
454.082427978,131.1685028076172,-16.491058349609375
454.281646728,131.18605041503906,-16.231639862060547
454.480865478,131.2015380859375,-15.97758674621582
454.630279541,131.20790100097656,-15.802545547485352
454.846099853,131.21287536621094,-15.66497802734375
455.045318603,131.21287536621094,-15.66497802734375
455.244537353,131.21287536621094,-15.66497802734375
455.393951416,131.21287536621094,-15.66497802734375
455.593170166,131.21287536621094,-15.66497802734375
455.692779541,131.21287536621094,-15.66497802734375
455.891998291,131.21287536621094,-15.66497802734375
456.041412353,131.21505737304688,-15.66334342956543
456.240631103,131.2215118408203,-15.661691665649414
456.439849853,131.24945068359375,-15.672107696533203
456.605865478,131.3485870361328,-15.793161392211914
456.805084228,131.41627502441406,-16.042295455932617
456.954498291,131.40823364257812,-16.22382354736328
457.103912353,131.36737060546875,-16.419273376464844
457.253326416,131.321044921875,-16.589614868164062
457.452545166,131.26304626464844,-16.83034896850586
457.601959228,131.23162841796875,-17.03176498413086
457.751373291,131.21664428710938,-17.210372924804688
457.900787353,131.21380615234375,-17.418306350708008
458.100006103,131.2195281982422,-17.672773361206055
458.266021728,131.22422790527344,-17.872514724731445
458.415435791,131.2284698486328,-18.0531005859375
458.614654541,131.2345733642578,-18.313034057617188
458.764068603,131.23861694335938,-18.505756378173828
458.913482666,131.23963928222656,-18.68227767944336
459.062896728,131.24057006835938,-18.886167526245117
459.262115478,131.24172973632812,-19.140687942504883
459.411529541,131.24258422851562,-19.322681427001953
459.560943603,131.24356079101562,-19.53067398071289
459.760162353,131.2423553466797,-19.778348922729492
459.926177978,131.24012756347656,-19.978124618530273
460.075592041,131.2381134033203,-20.158748626708984
460.225006103,131.2357940673828,-20.366741180419922
460.374420166,131.23379516601562,-20.545995712280273
460.523834228,131.23158264160156,-20.744401931762695
460.723052978,131.22872924804688,-21.00028419494629
460.872467041,131.22669982910156,-21.18227767944336
461.021881103,131.22445678710938,-21.390270233154297
461.221099853,131.22451782226562,-21.639320373535156
461.370513916,131.2247314453125,-21.81584358215332
461.536529541,131.2249755859375,-22.01836585998535
461.735748291,131.22525024414062,-22.253358840942383
461.885162353,131.22549438476562,-22.46135139465332
462.034576416,131.2257080078125,-22.63924217224121
462.233795166,131.22601318359375,-22.891027450561523
462.383209228,131.22625732421875,-23.09491729736328
462.582427978,131.2265625,-23.354907989501953
462.731842041,131.22677612304688,-23.536901473999023
462.881256103,131.22702026367188,-23.74079132080078
463.080474853,131.22732543945312,-23.992576599121094
463.229888916,131.2275390625,-24.17183494567871
463.395904541,131.227783203125,-24.37982749938965
463.595123291,131.22808837890625,-24.632980346679688
463.744537353,131.22833251953125,-24.8396053314209
463.893951416,131.22854614257812,-25.02159881591797
464.093170166,131.22885131835938,-25.28158950805664
464.242584228,131.22630310058594,-25.48135757446289
464.391998291,131.2198944091797,-25.65639305114746
464.591217041,131.20431518554688,-25.90906524658203
464.740631103,131.19015502929688,-26.11658477783203
464.890045166,131.1794891357422,-26.298269271850586
465.056060791,131.17237854003906,-26.50066375732422
465.205474853,131.1705780029297,-26.599172592163086
465.354888916,131.16746520996094,-26.777036666870117
465.554107666,131.16635131835938,-27.030183792114258
465.703521728,131.1670684814453,-27.183073043823242
465.852935791,131.1676483154297,-27.31007194519043
466.052154541,131.16514587402344,-27.568679809570312
466.201568603,131.15740966796875,-27.77105140686035
466.350982666,131.14633178710938,-27.95134162902832
466.550201416,131.12863159179688,-28.21074104309082
466.716217041,131.1164093017578,-28.414262771606445
466.865631103,131.10826110839844,-28.619361877441406
467.015045166,131.09869384765625,-28.801111221313477
467.214263916,131.08148193359375,-29.0605411529541
467.363677978,131.06777954101562,-29.261232376098633
467.562896728,131.0535430908203,-29.51260757446289
467.712310791,131.0465087890625,-29.691730499267578
467.861724853,131.03440856933594,-29.899375915527344
468.011138916,131.021484375,-30.080915451049805
468.210357666,131.00379943847656,-30.332080841064453
468.376373291,130.99356079101562,-30.53434181213379
468.525787353,130.9866943359375,-30.739486694335938
468.675201416,130.97718811035156,-30.921234130859375
468.824615478,130.96218872070312,-31.12869644165039
469.023834228,130.94467163085938,-31.385364532470703
469.173248291,130.93621826171875,-31.542133331298828
469.322662353,130.93275451660156,-31.631567001342773
469.521881103,130.9244842529297,-31.891427993774414
469.671295166,130.91615295410156,-32.066383361816406
469.820709228,130.90660095214844,-32.2381706237793
469.970123291,130.8959197998047,-32.419857025146484
470.185943603,130.87945556640625,-32.701271057128906
470.335357666,130.87002563476562,-32.883026123046875
470.484771728,130.85498046875,-33.090476989746094
470.683990478,130.83482360839844,-33.340087890625
470.833404541,130.82177734375,-33.5161247253418
470.982818603,130.8115997314453,-33.71701431274414
471.182037353,130.8056182861328,-33.97693634033203
471.331451416,130.80068969726562,-34.15886688232422
471.480865478,130.79042053222656,-34.36112594604492
471.680084228,130.77255249023438,-34.615013122558594
471.829498291,130.76132202148438,-34.79665756225586
471.995513916,130.7532958984375,-35.00450134277344
472.144927978,130.74661254882812,-35.20828628540039
472.294342041,130.7373809814453,-35.38456344604492
472.443756103,130.72238159179688,-35.59202194213867
472.642974853,130.7036895751953,-35.84860610961914
472.792388916,130.6944580078125,-36.02488327026367
472.941802978,130.68597412109375,-36.21471405029297
473.091217041,130.6851043701172,-36.23019027709961
473.290435791,130.6851043701172,-36.23019027709961
473.456451416,130.6851043701172,-36.23019027709961
473.605865478,130.6851043701172,-36.23019027709961
473.755279541,130.6851043701172,-36.23019027709961
473.954498291,130.67434692382812,-36.39396286010742
474.103912353,130.6579132080078,-36.598575592041016
474.303131103,130.63990783691406,-36.857940673828125
474.452545166,130.63211059570312,-37.03976821899414
474.601959228,130.628173828125,-37.243621826171875
474.801177978,130.62330627441406,-37.49672317504883
474.950592041,130.61492919921875,-37.678524017333984
475.100006103,130.60281372070312,-37.886165618896484
475.315826416,130.5873260498047,-38.13883590698242
475.465240478,130.5690460205078,-38.34465408325195
475.614654541,130.54989624023438,-38.52565383911133
475.714263916,130.53695678710938,-38.65501022338867
475.863677978,130.51637268066406,-38.85786056518555
476.062896728,130.48776245117188,-39.105262756347656
476.212310791,130.47019958496094,-39.280914306640625
476.361724853,130.45465087890625,-39.48558044433594
476.511138916,130.4416961669922,-39.6671142578125
476.710357666,130.4201202392578,-39.92347717285156
476.876373291,130.40428161621094,-40.12126159667969
477.025787353,130.39268493652344,-40.32482147216797
477.175201416,130.3841552734375,-40.506614685058594
477.374420166,130.36549377441406,-40.76593780517578
477.523834228,130.34927368164062,-40.96781539916992
477.723052978,130.33370971679688,-41.22322463989258
477.872467041,130.3218994140625,-41.40483474731445
478.071685791,130.2999725341797,-41.661163330078125
478.221099853,130.28390502929688,-41.86167907714844
478.420318603,130.27029418945312,-42.111717224121094
478.569732666,130.25978088378906,-42.29066467285156
478.735748291,130.24363708496094,-42.49666976928711
478.934967041,130.22467041015625,-42.75185775756836
479.084381103,130.21499633789062,-42.955509185791016
479.283599853,130.20631408691406,-43.179378509521484
479.433013916,130.19610595703125,-43.35560989379883
479.582427978,130.18130493164062,-43.55622100830078
479.781646728,130.1670379638672,-43.75319290161133
479.931060791,130.1670379638672,-43.75319290161133
480.130279541,130.1670379638672,-43.75319290161133
480.296295166,130.1670379638672,-43.75319290161133
480.445709228,130.1670379638672,-43.75319290161133
480.644927978,130.1670379638672,-43.75319290161133
480.794342041,130.1670379638672,-43.75319290161133
480.943756103,130.1670379638672,-43.75319290161133
481.142974853,130.1670379638672,-43.75319290161133
481.342193603,130.1670379638672,-43.75319290161133
481.491607666,130.1670379638672,-43.75319290161133
481.690826416,130.1670379638672,-43.75319290161133
481.840240478,130.1670379638672,-43.75319290161133
482.006256103,130.1670379638672,-43.75319290161133
482.205474853,130.1670379638672,-43.75319290161133
482.354888916,130.1600799560547,-43.87763214111328
482.554107666,130.15206909179688,-44.1292839050293
482.703521728,130.15017700195312,-44.33317947387695
482.902740478,130.14688110351562,-44.587684631347656
483.052154541,130.1403045654297,-44.76955795288086
483.251373291,130.12742614746094,-45.026485443115234
483.400787353,130.11000061035156,-45.22276306152344
483.550201416,130.08953857421875,-45.39670944213867
483.716217041,130.05767822265625,-45.59390640258789
483.915435791,129.97943115234375,-45.841304779052734
484.064849853,129.87603759765625,-46.01652526855469
484.214263916,129.755126953125,-46.152320861816406
484.363677978,129.59747314453125,-46.287845611572266
484.513092041,129.44918823242188,-46.39335250854492
484.662506103,129.27871704101562,-46.50267791748047
484.861724853,129.06163024902344,-46.6407356262207
484.961334228,128.9559783935547,-46.711673736572266
485.110748291,128.80990600585938,-46.817909240722656
485.309967041,128.61065673828125,-46.97172164916992
485.475982666,128.45713806152344,-47.099609375
485.625396728,128.3043670654297,-47.23255157470703
485.774810791,128.16929626464844,-47.35449981689453
485.924224853,128.01307678222656,-47.49182891845703
486.073638916,127.87511444091797,-47.61051559448242
486.223052978,127.71463775634766,-47.74283981323242
486.422271728,127.51107788085938,-47.904579162597656
486.571685791,127.36986541748047,-48.01500701904297
486.721099853,127.20564270019531,-48.14266586303711
486.870513916,127.06263732910156,-48.250755310058594
487.036529541,126.90585327148438,-48.372352600097656
487.185943603,126.74346923828125,-48.5023193359375
487.385162353,126.54289245605469,-48.66776657104492
487.534576416,126.40232849121094,-48.77901077270508
487.683990478,126.23833465576172,-48.906944274902344
487.833404541,126.1029281616211,-49.0114631652832
488.032623291,125.90007019042969,-49.16967010498047
488.182037353,125.73564147949219,-49.29481506347656
488.331451416,125.593994140625,-49.40468978881836
488.480865478,125.45044708251953,-49.513736724853516
488.630279541,125.44886016845703,-49.514949798583984
488.846099853,125.44886016845703,-49.514949798583984
488.995513916,125.44886016845703,-49.514949798583984
489.144927978,125.44886016845703,-49.514949798583984
489.294342041,125.44886016845703,-49.514949798583984
489.443756103,125.44886016845703,-49.514949798583984
489.593170166,125.35950469970703,-49.582088470458984
489.792388916,125.1480941772461,-49.73343276977539
489.941802978,124.98278045654297,-49.85043716430664
490.091217041,124.83457946777344,-49.95604705810547
490.240631103,124.6698226928711,-50.080745697021484
490.390045166,124.52549743652344,-50.191627502441406
490.605865478,124.30343627929688,-50.36747741699219
490.755279541,124.16073608398438,-50.480430603027344
490.904693603,123.99641418457031,-50.60796356201172
491.054107666,123.89244079589844,-50.689292907714844
491.253326416,123.89244079589844,-50.689292907714844
491.402740478,123.89244079589844,-50.689292907714844
491.552154541,123.89244079589844,-50.689292907714844
491.701568603,123.89244079589844,-50.689292907714844
491.900787353,123.87271881103516,-50.70465087890625
492.050201416,123.73175048828125,-50.81150817871094
492.216217041,123.56903839111328,-50.93665313720703
492.365631103,123.40949249267578,-51.06361770629883
492.515045166,123.26969146728516,-51.1713981628418
492.714263916,123.0657958984375,-51.32830047607422
492.863677978,122.9068832397461,-51.453853607177734
493.013092041,122.7697982788086,-51.56724548339844
493.162506103,122.61152648925781,-51.69579315185547
493.311920166,122.47024536132812,-51.810523986816406
493.511138916,122.26837158203125,-51.96999740600586
493.660552978,122.1144027709961,-52.1076545715332
493.809967041,121.99414825439453,-52.24409866333008
493.975982666,121.8890151977539,-52.41988754272461
494.175201416,121.8141098022461,-52.666744232177734
494.324615478,121.7956314086914,-52.86956787109375
494.523834228,121.81050872802734,-53.123443603515625
494.673248291,121.82296752929688,-53.21711730957031
494.872467041,121.83747100830078,-53.330692291259766
495.021881103,121.85960388183594,-53.53750991821289
495.221099853,121.87911224365234,-53.78422927856445
495.370513916,121.88009643554688,-53.79970169067383
495.536529541,121.88580322265625,-53.900543212890625
495.685943603,121.89353942871094,-54.108394622802734
495.835357666,121.89537048339844,-54.20790481567383
496.034576416,121.89584350585938,-54.25753402709961
496.233795166,121.893310546875,-54.509300231933594
496.383209228,121.88768768310547,-54.71311950683594
496.582427978,121.8777084350586,-54.942413330078125
496.731842041,121.86612701416016,-55.11992645263672
496.931060791,121.84343719482422,-55.378936767578125
497.080474853,121.82585144042969,-55.5861930847168
497.229888916,121.81431579589844,-55.76371383666992
497.445709228,121.79924774169922,-56.036983489990234
497.595123291,121.78646850585938,-56.218528747558594
497.794342041,121.7689437866211,-56.477928161621094
497.943756103,121.75843048095703,-56.678794860839844
498.093170166,121.76019287109375,-56.855281829833984
498.292388916,121.78111267089844,-57.11165237426758
498.491607666,121.80305480957031,-57.37071990966797
498.641021728,121.81453704833984,-57.574283599853516
498.840240478,121.82149505615234,-57.82460021972656
499.006256103,121.82183074951172,-58.024391174316406
499.155670166,121.82140350341797,-58.206398010253906
499.354888916,121.8208236694336,-58.46092987060547
499.504302978,121.82037353515625,-58.66209030151367
499.703521728,121.81983184814453,-58.90977478027344
499.852935791,121.81941986083984,-59.08904266357422
500.052154541,121.8188705444336,-59.32405090332031
500.201568603,121.8187484741211,-59.377052307128906
500.400787353,121.82203674316406,-59.63188552856445
500.550201416,121.84239959716797,-59.809898376464844
500.749420166,121.86305236816406,-59.905818939208984
500.915435791,121.90237426757812,-60.026527404785156
501.114654541,122.02520751953125,-60.24687957763672
501.313873291,122.11429595947266,-60.3467903137207
501.463287353,122.11429595947266,-60.3467903137207
501.662506103,122.29492950439453,-60.48944091796875
501.861724853,122.42857360839844,-60.57735824584961
502.011138916,122.42857360839844,-60.57735824584961
502.210357666,122.44978332519531,-60.5905876159668
502.376373291,122.59869384765625,-60.683475494384766
502.575592041,122.80949401855469,-60.81858444213867
502.774810791,123.0197982788086,-60.96672821044922
502.924224853,123.10529327392578,-61.03271484375
503.123443603,123.20335388183594,-61.111812591552734
503.322662353,123.40060424804688,-61.281192779541016
503.521881103,123.44286346435547,-61.31639099121094
503.671295166,123.44286346435547,-61.31639099121094
503.870513916,123.44286346435547,-61.31639099121094
504.086334228,123.46208953857422,-61.332359313964844
504.235748291,123.59664916992188,-61.444091796875
504.434967041,123.80339813232422,-61.601600646972656
504.634185791,124.01725006103516,-61.74946975708008
504.833404541,124.2308578491211,-61.89773941040039
505.032623291,124.4453353881836,-62.04472732543945
505.182037353,124.61426544189453,-62.16135787963867
505.381256103,124.82713317871094,-62.310630798339844
505.580474853,125.0362777709961,-62.465110778808594
505.729888916,125.18004608154297,-62.56987762451172
505.945709228,125.21472930908203,-62.59443283081055
506.144927978,125.38282775878906,-62.710025787353516
506.344146728,125.57687377929688,-62.84260177612305
506.543365478,125.58963012695312,-62.85141372680664
506.742584228,125.6612319946289,-62.901702880859375
506.941802978,125.81462097167969,-63.01323699951172
507.091217041,125.81462097167969,-63.01323699951172
507.290435791,125.81462097167969,-63.01323699951172
507.506256103,125.81462097167969,-63.01323699951172
507.705474853,125.81462097167969,-63.01323699951172
507.904693603,125.81462097167969,-63.01323699951172
508.103912353,125.98077392578125,-63.131587982177734
508.303131103,126.19401550292969,-63.28034210205078
508.502349853,126.40835571289062,-63.42753219604492
508.701568603,126.62223815917969,-63.575401306152344
508.900787353,126.83318328857422,-63.72502899169922
509.100006103,127.04185485839844,-63.87776565551758
509.315826416,127.24282836914062,-64.03614807128906
509.465240478,127.40914916992188,-64.16104125976562
509.664459228,127.6171646118164,-64.3100814819336
509.863677978,127.82996368408203,-64.45706939697266
510.062896728,128.04598999023438,-64.60175323486328
510.262115478,128.25575256347656,-64.7334976196289
510.461334228,128.45130920410156,-64.85626983642578
510.660552978,128.66354370117188,-65.00641632080078
510.809967041,128.80780029296875,-65.11737060546875
511.025787353,128.97653198242188,-65.24404907226562
511.175201416,129.02793884277344,-65.28132629394531
511.374420166,129.23495483398438,-65.4270248413086
511.573638916,129.43650817871094,-65.5800552368164
511.772857666,129.62693786621094,-65.74879455566406
511.922271728,129.76976013183594,-65.8999252319336
512.121459960,129.9219207763672,-66.10365295410156
512.320678710,130.03883361816406,-66.33534240722656
512.470092773,130.08934020996094,-66.510009765625
512.685913085,130.1170654296875,-66.770751953125
512.885131835,130.11732482910156,-66.78624725341797
513.034545898,130.11732482910156,-66.78624725341797
513.233764648,130.11732482910156,-66.78624725341797
513.432983398,130.11732482910156,-66.78624725341797
513.632202148,130.11732482910156,-66.78624725341797
513.781616210,130.11732482910156,-66.78624725341797
513.980834960,130.11732482910156,-66.78624725341797
514.130249023,130.11732482910156,-66.78624725341797
514.329467773,130.11732482910156,-66.78624725341797
514.545288085,130.1175537109375,-66.81124114990234
514.694702148,130.11663818359375,-66.98576354980469
514.893920898,130.1097412109375,-67.2374496459961
515.043334960,130.10357666015625,-67.43987274169922
515.242553710,130.09564208984375,-67.6997299194336
515.441772460,130.089599609375,-67.95417785644531
515.541381835,130.0885009765625,-68.01556396484375
515.690795898,130.08656311035156,-68.17720031738281
515.890014648,130.08364868164062,-68.43171691894531
516.056030273,130.08447265625,-68.62584686279297
516.205444335,130.08505249023438,-68.6798324584961
516.404663085,130.0877685546875,-68.9378433227539
516.554077148,130.08969116210938,-69.1198501586914
516.753295898,130.0906982421875,-69.21434783935547
516.902709960,130.09231567382812,-69.3666000366211
517.101928710,130.09506225585938,-69.6266098022461
517.301147460,130.09774780273438,-69.8811264038086
517.450561523,130.09959411621094,-70.05626678466797
517.666381835,130.1020965576172,-70.33953094482422
517.815795898,130.1016845703125,-70.52017211914062
518.015014648,130.1011962890625,-70.76925659179688
518.164428710,130.1007537841797,-70.9731674194336
518.363647460,130.1001739501953,-71.2304458618164
518.562866210,130.0995635986328,-71.4904556274414
518.712280273,130.09921264648438,-71.66563415527344
518.911499023,130.09872436523438,-71.91471862792969
519.110717773,130.09844970703125,-72.05038452148438
519.260131835,130.09796142578125,-72.25839233398438
519.426147460,130.09747314453125,-72.46640014648438
519.625366210,130.09719848632812,-72.59766387939453
519.824584960,130.0967559814453,-72.80166625976562
519.973999023,130.09637451171875,-72.97957611083984
520.123413085,130.095947265625,-73.18212127685547
520.322631835,130.09323120117188,-73.43389892578125
520.472045898,130.07455444335938,-73.60786437988281
520.621459960,130.01104736328125,-73.80252075195312
520.820678710,129.86334228515625,-74.00454711914062
520.970092773,129.71359252929688,-74.10694122314453
521.136108398,129.51800537109375,-74.17635345458984
521.285522460,129.31869506835938,-74.21199035644531
521.434936523,129.1466522216797,-74.23643493652344
521.584350585,128.94598388671875,-74.2637939453125
521.733764648,128.76661682128906,-74.28500366210938
521.883178710,128.55996704101562,-74.3086166381836
522.032592773,128.37948608398438,-74.33193969726562
522.182006835,128.17422485351562,-74.36547088623047
522.381225585,127.9217300415039,-74.42705535888672
522.530639648,127.74748229980469,-74.47956848144531
522.680053710,127.54943084716797,-74.54313659667969
522.846069335,127.35206604003906,-74.60881042480469
522.995483398,127.17876434326172,-74.66435241699219
523.144897460,127.00393676757812,-74.71839141845703
523.344116210,126.75473022460938,-74.79241943359375
523.493530273,126.57901000976562,-74.83979797363281
523.642944335,126.41460418701172,-74.8849868774414
523.792358398,126.28759002685547,-74.92089080810547
523.991577148,126.0491943359375,-74.99737548828125
