timestamp_sec,x,y
2.025201082,77.0999984741211,-6.199999809265137
2.274199485,77.0999984741211,-6.199999809265137
2.423598527,77.0999984741211,-6.199999809265137
2.622797250,77.0999984741211,-6.199999809265137
2.821995973,77.0999984741211,-6.199999809265137
3.021194696,77.0999984741211,-6.199999809265137
3.220393419,77.0999984741211,-6.199999809265137
3.386392354,77.0999984741211,-6.199999809265137
3.585591077,77.0999984741211,-6.199999809265137
3.784789800,77.0999984741211,-6.199999809265137
3.934188842,77.0999984741211,-6.199999809265137
4.133389472,77.0999984741211,-6.199999809265137
4.332591056,77.0999984741211,-6.199999809265137
4.531792640,77.0999984741211,-6.199999809265137
4.730994224,77.0999984741211,-6.199999809265137
4.880395412,77.0999984741211,-6.199999809265137
5.046396732,77.0999984741211,-6.199999809265137
5.245598316,77.0999984741211,-6.199999809265137
5.444799900,77.0999984741211,-6.199999809265137
5.594201087,77.0999984741211,-6.199999809265137
5.793402671,77.0999984741211,-6.199999809265137
5.992604255,77.0999984741211,-6.199999809265137
6.191805839,77.0999984741211,-6.199999809265137
6.391007423,77.0999984741211,-6.199999809265137
6.540408611,77.0999984741211,-6.199999809265137
6.756210327,77.0999984741211,-6.199999809265137
6.905611515,77.0999984741211,-6.199999809265137
7.104813098,77.0999984741211,-6.199999809265137
7.254214286,77.0999984741211,-6.199999809265137
7.453415870,77.0999984741211,-6.199999809265137
7.602817058,77.0999984741211,-6.199999809265137
7.802018642,77.0999984741211,-6.199999809265137
7.951419830,77.0999984741211,-6.199999809265137
8.150616645,77.0999984741211,-6.199999809265137
8.300013542,77.0999984741211,-6.199999809265137
8.466010093,77.0999984741211,-6.199999809265137
8.665205955,77.0999984741211,-6.199999809265137
8.864401817,77.0999984741211,-6.199999809265137
9.013798713,77.0999984741211,-6.199999809265137
9.212994575,77.0999984741211,-6.199999809265137
9.362391471,77.0999984741211,-6.199999809265137
9.561587333,77.0999984741211,-6.199999809265137
9.710984230,77.0999984741211,-6.199999809265137
9.910180091,77.0999984741211,-6.199999809265137
10.076176643,77.0999984741211,-6.199999809265137
10.275372505,77.0999984741211,-6.199999809265137
10.424769401,77.0999984741211,-6.199999809265137
10.623965263,77.0999984741211,-6.199999809265137
10.823161125,77.0999984741211,-6.199999809265137
10.972558021,77.0999984741211,-6.199999809265137
11.171753883,77.0999984741211,-6.199999809265137
11.321150779,77.0999984741211,-6.199999809265137
11.520346641,77.0999984741211,-6.199999809265137
11.686343193,77.0999984741211,-6.199999809265137
11.885539054,77.0999984741211,-6.199999809265137
12.034935951,77.0999984741211,-6.199999809265137
12.234131813,77.0999984741211,-6.199999809265137
12.383528709,77.0999984741211,-6.199999809265137
12.582724571,77.0999984741211,-6.199999809265137
12.732121467,77.0999984741211,-6.199999809265137
12.881518363,77.0999984741211,-6.199999809265137
12.981116294,77.0999984741211,-6.199999809265137
13.180312156,77.0999984741211,-6.199999809265137
13.346308708,77.0999984741211,-6.199999809265137
13.545504570,77.0999984741211,-6.199999809265137
13.744700431,77.0999984741211,-6.199999809265137
13.943896293,77.0999984741211,-6.199999809265137
14.143092155,77.0999984741211,-6.199999809265137
14.342288017,77.0999984741211,-6.199999809265137
14.541483879,77.0999984741211,-6.199999809265137
14.690880775,77.0999984741211,-6.199999809265137
14.890076637,77.0999984741211,-6.199999809265137
15.105872154,77.0999984741211,-6.199999809265137
15.255269050,77.0999984741211,-6.199999809265137
15.454464912,77.0999984741211,-6.199999809265137
15.653660774,77.0999984741211,-6.199999809265137
15.803057670,77.0999984741211,-6.199999809265137
16.002254486,77.0999984741211,-6.199999809265137
16.201450347,77.0999984741211,-6.199999809265137
16.400646209,77.0999984741211,-6.199999809265137
16.616441726,77.0999984741211,-6.199999809265137
16.815637588,77.0999984741211,-6.199999809265137
16.965034484,77.0999984741211,-6.199999809265137
17.214029312,77.0999984741211,-6.199999809265137
17.413225173,77.0999984741211,-6.199999809265137
17.562622070,77.0999984741211,-6.199999809265137
17.761817932,77.0999984741211,-6.199999809265137
17.911214828,77.0999984741211,-6.199999809265137
18.110410690,77.0999984741211,-6.199999809265137
18.276407241,77.0999984741211,-6.199999809265137
18.475603103,77.0999984741211,-6.199999809265137
18.674798965,77.0999984741211,-6.199999809265137
18.873994827,77.0999984741211,-6.199999809265137
19.023391723,77.0999984741211,-6.199999809265137
19.222587585,77.0999984741211,-6.199999809265137
19.371984481,77.0999984741211,-6.199999809265137
19.571180343,77.0999984741211,-6.199999809265137
19.770376205,77.0999984741211,-6.199999809265137
19.936372756,77.0999984741211,-6.199999809265137
20.135568618,77.0999984741211,-6.199999809265137
20.284965515,77.0999984741211,-6.199999809265137
20.484161376,77.0999984741211,-6.199999809265137
20.683357238,77.0999984741211,-6.199999809265137
20.832754135,77.0999984741211,-6.199999809265137
21.031949996,77.0999984741211,-6.199999809265137
21.181346893,77.0999984741211,-6.199999809265137
21.380542755,77.0999984741211,-6.199999809265137
21.529939651,77.0999984741211,-6.199999809265137
21.745735168,76.9552230834961,-6.238885879516602
21.944931030,76.7149658203125,-6.176933765411377
22.144126892,76.54121398925781,-5.990858554840088
22.393121719,76.4240951538086,-5.711062908172607
22.592317581,76.33145141601562,-5.477019786834717
22.791513442,76.21083068847656,-5.246931552886963
23.040508270,76.08545684814453,-5.0728864669799805
23.256303787,76.08545684814453,-5.0728864669799805
23.505298614,76.08545684814453,-5.0728864669799805
23.754293441,76.08545684814453,-5.0728864669799805
23.953489303,76.08545684814453,-5.0728864669799805
24.202484130,76.08545684814453,-5.0728864669799805
24.451478958,76.08545684814453,-5.0728864669799805
24.650674819,76.06291198730469,-5.062102317810059
24.849870681,75.81739807128906,-5.037215232849121
25.065666198,75.57621765136719,-5.178624629974365
25.264862060,75.45851135253906,-5.408247947692871
25.414258956,75.41841125488281,-5.585714340209961
25.613454818,75.37027740478516,-5.841172695159912
25.812650680,75.29354858398438,-6.084988117218018
25.962047576,75.20014953613281,-6.264492511749268
26.161243438,75.05412292480469,-6.476094722747803
26.360439300,74.88539123535156,-6.668384075164795
26.509836196,74.7617416381836,-6.800057411193848
26.675832748,74.618896484375,-6.951246738433838
26.875028610,74.44839477539062,-7.143887519836426
27.074224472,74.28063201904297,-7.338894367218018
27.273420333,74.11360168457031,-7.538145065307617
27.472616195,73.95384216308594,-7.739803314208984
27.671812057,73.79161071777344,-7.943003177642822
27.821208953,73.66921997070312,-8.102629661560059
28.070203781,73.48650360107422,-8.353837013244629
28.236200332,73.36363983154297,-8.514838218688965
28.435396194,73.20275115966797,-8.715575218200684
28.634592056,73.0389404296875,-8.91747760772705
28.833787918,72.8790054321289,-9.118977546691895
29.032983779,72.71793365478516,-9.31956958770752
29.182380676,72.63348388671875,-9.432968139648438
29.381576538,72.63289642333984,-9.433775901794434
29.580772399,72.63289642333984,-9.433775901794434
29.730169296,72.63289642333984,-9.433775901794434
29.896165847,72.63289642333984,-9.433775901794434
30.095361709,72.61344146728516,-9.461902618408203
30.244758605,72.58558654785156,-9.525593757629395
30.443954467,72.60458374023438,-9.738510131835938
30.643150329,72.75386047363281,-9.933686256408691
30.842346191,72.98887634277344,-10.028899192810059
31.041542053,73.23849487304688,-10.035645484924316
31.240737915,73.48394012451172,-10.015728950500488
31.456533432,73.73788452148438,-10.047195434570312
31.605930328,73.91544342041016,-10.13978099822998
31.854925155,74.10496520996094,-10.377954483032227
32.004322052,74.15534210205078,-10.576242446899414
32.153736114,74.16376495361328,-10.757933616638184
32.352954864,74.14340209960938,-11.00600814819336
32.502368927,74.11712646484375,-11.201298713684082
32.701587677,74.0836181640625,-11.44946575164795
32.900806427,74.055908203125,-11.703826904296875
33.050220489,74.0458984375,-11.88554573059082
33.216236114,74.03963470458984,-12.090707778930664
33.415454864,74.03910064697266,-12.347960472106934
33.564868927,74.04227447509766,-12.555937767028809
33.764087677,74.04619598388672,-12.813172340393066
33.913501739,74.04883575439453,-12.98694133758545
34.062915802,74.05187225341797,-13.186707496643066
34.212329864,74.05458068847656,-13.364582061767578
34.411548614,74.05854797363281,-13.624553680419922
34.560962677,74.06088256835938,-13.829802513122559
34.760181427,74.06156921386719,-14.080223083496094
34.926197052,74.05988311767578,-14.28136920928955
35.125415802,74.05032348632812,-14.541183471679688
35.324634552,74.03861999511719,-14.796801567077637
35.523853302,74.03498840332031,-15.047185897827148
35.673267364,74.03720092773438,-15.229169845581055
35.872486114,74.04436492919922,-15.489068031311035
36.021900177,74.05008697509766,-15.694249153137207
36.221118927,74.05634307861328,-15.947325706481934
36.420337677,74.05806732177734,-16.20184326171875
36.586353302,74.06444549560547,-16.40970230102539
36.735767364,74.080322265625,-16.58275604248047
36.934986114,74.1031494140625,-16.829376220703125
37.134204864,74.11869049072266,-17.083415985107422
37.283618927,74.1253662109375,-17.288564682006836
37.482837677,74.13155364990234,-17.5484619140625
37.632251739,74.14405059814453,-17.721797943115234
37.831470489,74.16248321533203,-17.967416763305664
38.030689239,74.17379760742188,-18.217571258544922
38.180103302,74.1772232055664,-18.417327880859375
38.346118927,74.18155670166016,-18.625263214111328
38.545337677,74.20375061035156,-18.873292922973633
38.744556427,74.22749328613281,-19.12120246887207
38.893970489,74.23973846435547,-19.29867172241211
39.093189239,74.25052642822266,-19.55569839477539
39.242603302,74.25960540771484,-19.763471603393555
39.441822052,74.27638244628906,-19.970054626464844
39.591236114,74.27645874023438,-19.971052169799805
39.790454864,74.27645874023438,-19.971052169799805
39.956470489,74.28099822998047,-20.03338623046875
40.105884552,74.29229736328125,-20.240070343017578
40.305103302,74.299072265625,-20.495864868164062
40.454517364,74.30016326904297,-20.668285369873047
40.653736114,74.30164337158203,-20.92007064819336
40.803150177,74.30286407470703,-21.128063201904297
41.002368927,74.30430603027344,-21.38805389404297
41.151782989,74.30335998535156,-21.563209533691406
41.351001739,74.30409240722656,-21.812240600585938
41.500415802,74.31819152832031,-22.003253936767578
41.716236114,74.34400939941406,-22.252334594726562
41.865650177,74.35972595214844,-22.456989288330078
42.015064239,74.36932373046875,-22.637361526489258
42.214282989,74.37590026855469,-22.887683868408203
42.363697052,74.37549591064453,-23.092939376831055
42.513111114,74.37091827392578,-23.273508071899414
42.712329864,74.36260223388672,-23.53336524963379
42.911548614,74.3545150756836,-23.78638458251953
43.060962677,74.34935760498047,-23.9847354888916
43.260181427,74.35305786132812,-24.239168167114258
43.409595489,74.36829376220703,-24.4108943939209
43.625415802,74.3973617553711,-24.689910888671875
43.774829864,74.41175079345703,-24.865846633911133
43.974048614,74.42540740966797,-25.115882873535156
44.123462677,74.43084716796875,-25.322437286376953
44.322681427,74.43031311035156,-25.582422256469727
44.472095489,74.4268569946289,-25.760286331176758
44.621509552,74.42296600341797,-25.96004295349121
44.820728302,74.41804504394531,-26.213157653808594
44.970142364,74.41456604003906,-26.39238929748535
45.136157989,74.41056060791016,-26.598983764648438
45.335376739,74.40618133544922,-26.847999572753906
45.484790802,74.40624237060547,-27.051889419555664
45.684009552,74.40570068359375,-27.306407928466797
45.883228302,74.39811706542969,-27.566287994384766
46.032642364,74.3885498046875,-27.742551803588867
46.231861114,74.37129974365234,-27.989627838134766
46.381275177,74.35945129394531,-28.1904296875
46.580493927,74.35164642333984,-28.44756507873535
46.729907989,74.3492431640625,-28.629545211791992
46.945728302,74.34548950195312,-28.914146423339844
47.095142364,74.34432983398438,-29.09613609313965
47.244556427,74.34613800048828,-29.304128646850586
47.443775177,74.34844207763672,-29.55864906311035
47.593189239,74.35005187988281,-29.736539840698242
47.792407989,74.35237121582031,-29.992427825927734
47.991626739,74.354736328125,-30.252418518066406
48.141040802,74.35659790039062,-30.45767593383789
48.340259552,74.35887145996094,-30.709461212158203
48.506275177,74.35936737060547,-30.76445960998535
48.655689239,74.36040496826172,-30.814077377319336
48.805103302,74.39237976074219,-31.0078067779541
49.004322052,74.54191589355469,-31.210861206054688
49.203540802,74.78109741210938,-31.307043075561523
49.352954864,74.96207427978516,-31.322559356689453
49.552173614,75.22025299072266,-31.29338264465332
49.751392364,75.47210693359375,-31.248126983642578
49.950611114,75.72649383544922,-31.22308921813965
50.149829864,75.98087310791016,-31.24679183959961
50.315845489,76.18236541748047,-31.292390823364258
50.515064239,76.4248046875,-31.360353469848633
50.714282989,76.66887664794922,-31.437183380126953
50.863697052,76.859130859375,-31.502511978149414
51.062915802,77.10093688964844,-31.581932067871094
51.212329864,77.27130126953125,-31.633134841918945
51.411548614,77.51583862304688,-31.70852279663086
51.610767364,77.76297760009766,-31.779909133911133
51.809986114,78.01498413085938,-31.843887329101562
51.976001739,78.20976257324219,-31.894187927246094
52.175220489,78.45242309570312,-31.9560546875
52.374439239,78.69258880615234,-32.01070022583008
52.523853302,78.88841247558594,-32.05033874511719
52.723072052,79.13774108886719,-32.09413146972656
52.922290802,79.39204406738281,-32.14129638671875
53.071704864,79.5704116821289,-32.177452087402344
53.270923614,79.82398986816406,-32.23480224609375
53.420337677,80.02613830566406,-32.283790588378906
53.586353302,80.22579193115234,-32.337039947509766
53.785572052,80.47106170654297,-32.409996032714844
53.984790802,80.71205139160156,-32.48750686645508
54.134204864,80.8847427368164,-32.54497528076172
54.333423614,81.13316345214844,-32.62166976928711
54.482837677,81.33344268798828,-32.67780303955078
54.682056427,81.58411407470703,-32.74678421020508
54.831470489,81.75360107421875,-32.79613494873047
54.980884552,81.95008850097656,-32.85551071166992
55.180103302,82.19378662109375,-32.928810119628906
55.346118927,82.38880920410156,-32.978111267089844
55.545337677,82.51679229736328,-33.01426315307617
55.744556427,82.51679229736328,-33.01426315307617
55.943775177,82.6125259399414,-33.04641342163086
56.142993927,82.83887481689453,-33.172569274902344
56.292407989,82.968505859375,-33.29008102416992
56.491626739,83.12696838378906,-33.478519439697266
56.690845489,83.28076171875,-33.67612075805664
56.840259552,83.41029357910156,-33.826385498046875
57.056079864,83.58500671386719,-34.01521301269531
57.255298614,83.76341247558594,-34.204345703125
57.404712677,83.91444396972656,-34.3472785949707
57.603931427,84.11251068115234,-34.5157356262207
57.803150177,84.3068618774414,-34.68008804321289
57.952564239,84.44297790527344,-34.7988395690918
58.151782989,84.63267517089844,-34.96851348876953
58.351001739,84.82596588134766,-35.14238739013672
58.550220489,85.01622009277344,-35.311458587646484
58.716236114,85.1672592163086,-35.44432830810547
58.915454864,85.36245727539062,-35.61606216430664
59.064868927,85.51753234863281,-35.75467300415039
59.264087677,85.70623016357422,-35.92551040649414
59.463306427,85.89688873291016,-36.094120025634766
59.662525177,86.09043884277344,-36.26361846923828
59.811939239,86.22669982910156,-36.38426208496094
60.011157989,86.4161148071289,-36.55220413208008
60.160572052,86.56990051269531,-36.68609619140625
60.376392364,86.7633056640625,-36.85367965698242
60.575611114,86.94615936279297,-37.01460647583008
60.774829864,87.14310455322266,-37.184364318847656
60.974048614,87.3402099609375,-37.35393524169922
61.123462677,87.49615478515625,-37.4915657043457
61.322681427,87.68659210205078,-37.662471771240234
61.521900177,87.88092041015625,-37.835182189941406
61.721118927,88.07637786865234,-37.99604797363281
61.920337677,88.27019500732422,-38.15675354003906
62.136157989,88.45585632324219,-38.324745178222656
62.335376739,88.63489532470703,-38.505592346191406
62.534595489,88.80321502685547,-38.69283676147461
62.733814239,88.9743423461914,-38.88859558105469
62.883228302,89.0999984741211,-39.03321838378906
63.082447052,89.26732635498047,-39.22502517700195
63.281665802,89.4402847290039,-39.41914367675781
63.480884552,89.6159896850586,-39.610782623291016
63.680103302,89.78303527832031,-39.79180908203125
63.846118927,89.92131805419922,-39.943504333496094
64.045333862,90.06958770751953,-40.10570526123047
64.244552612,90.07025909423828,-40.106449127197266
64.393966674,90.1032485961914,-40.144020080566406
64.593185424,90.23719787597656,-40.35654830932617
64.792404174,90.25069427490234,-40.6070556640625
64.991622924,90.14070892333984,-40.83983612060547
65.190841674,90.0018081665039,-41.05146408081055
65.390060424,89.88253784179688,-41.27914810180664
65.556076049,89.81261444091797,-41.47489547729492
65.755294799,89.75696563720703,-41.723175048828125
65.904708862,89.7276840209961,-41.924903869628906
66.103927612,89.69840240478516,-42.17635726928711
66.303146362,89.66459655761719,-42.43275451660156
66.452560424,89.63846588134766,-42.612857818603516
66.651779174,89.59500885009766,-42.86780548095703
66.850997924,89.54737091064453,-43.11505126953125
67.000411987,89.5045394897461,-43.31578826904297
67.216232299,89.4499740600586,-43.561607360839844
67.315841674,89.42301177978516,-43.68877410888672
67.515060424,89.37029266357422,-43.94336700439453
67.664474487,89.3271484375,-44.144039154052734
67.863693237,89.27266693115234,-44.39126205444336
68.062911987,89.21951293945312,-44.64156723022461
68.212326049,89.18025207519531,-44.819278717041016
68.361740112,89.13871765136719,-45.0230827331543
68.560958862,89.09370422363281,-45.27637481689453
68.760177612,89.04914093017578,-45.52140808105469
68.926193237,89.0121841430664,-45.717750549316406
69.125411987,88.96366119384766,-45.97178649902344
69.324630737,88.91327667236328,-46.22685623168945
69.474044799,88.87691497802734,-46.403785705566406
69.673263549,88.8252944946289,-46.65022277832031
69.872482299,88.77354431152344,-46.900821685791016
70.071701049,88.7259750366211,-47.1480827331543
70.270919799,88.67473602294922,-47.40159606933594
70.470138549,88.62080383300781,-47.65592575073242
70.636154174,88.57666015625,-47.8577766418457
70.835372924,88.56111907958984,-47.9310417175293
71.034591674,88.56082916259766,-47.932376861572266
71.233810424,88.55644226074219,-47.93562698364258
71.433029174,88.5486831665039,-47.93760299682617
71.682052612,88.4809799194336,-47.888153076171875
71.881271362,88.38899993896484,-47.673377990722656
72.080490112,88.39656829833984,-47.4227294921875
72.279708862,88.44651794433594,-47.2138786315918
72.495529174,88.51690673828125,-46.9423713684082
72.694747924,88.55890655517578,-46.692813873291016
72.943771362,88.57843017578125,-46.3555908203125
73.142990112,88.56776428222656,-46.09858703613281
73.342208862,88.55262756347656,-45.8486328125
73.541427612,88.54449462890625,-45.59424591064453
73.740646362,88.5435562133789,-45.33424377441406
73.890060424,88.54375457763672,-45.15497589111328
74.155685424,88.53062438964844,-44.82151412963867
74.354904174,88.50198364257812,-44.563087463378906
74.554122924,88.47869110107422,-44.31100845336914
74.753341674,88.46355438232422,-44.06105422973633
75.002365112,88.45015716552734,-43.72880935668945
75.151779174,88.43950653076172,-43.547119140625
75.350997924,88.42547607421875,-43.288875579833984
75.550216674,88.41903686523438,-43.03990936279297
75.749435424,88.4166488647461,-42.79225158691406
75.965255737,88.3941421508789,-42.50718688964844
76.214279174,88.36477661132812,-42.211708068847656
76.413497924,88.34783172607422,-41.959129333496094
76.612716674,88.33525085449219,-41.70218276977539
76.811935424,88.31663513183594,-41.44284439086914
77.060958862,88.30000305175781,-41.11075973510742
77.260177612,88.29654693603516,-40.854896545410156
77.475997924,88.2930679321289,-40.594974517822266
77.675216674,88.271728515625,-40.339988708496094
77.874435424,88.24935913085938,-40.08509063720703
78.073654174,88.23429107666016,-39.825538635253906
78.272872924,88.2240982055664,-39.57122039794922
78.472091674,88.20295715332031,-39.320335388183594
78.671310424,88.18248748779297,-39.063899993896484
78.870529174,88.16987609863281,-38.80421829223633
79.069747924,88.16171264648438,-38.549835205078125
79.235763549,88.14131164550781,-38.347049713134766
79.434982299,88.08089447021484,-38.095882415771484
79.634201049,87.95763397216797,-37.876461029052734
79.783615112,87.80188751220703,-37.75319290161133
79.982833862,87.5653305053711,-37.691864013671875
80.182052612,87.31246185302734,-37.714752197265625
80.381271362,87.0589599609375,-37.772396087646484
80.580490112,86.80701446533203,-37.82424545288086
80.796310424,86.54891204833984,-37.85482406616211
80.995529174,86.29318237304688,-37.861000061035156
81.194747924,86.0333251953125,-37.85310363769531
81.393966674,85.77654266357422,-37.837459564208984
81.593185424,85.52532958984375,-37.82014465332031
81.742599487,85.32305908203125,-37.8101806640625
81.941818237,85.06312561035156,-37.804744720458984
82.141036987,84.80311584472656,-37.80668640136719
82.290451049,84.62797546386719,-37.8088264465332
82.506271362,84.35295104980469,-37.81218719482422
82.705490112,84.09568786621094,-37.81532287597656
82.904708862,83.83705139160156,-37.81847381591797
83.103927612,83.58802795410156,-37.82151794433594
83.253341674,83.4101333618164,-37.82168197631836
83.452560424,83.1501235961914,-37.82076644897461
83.651779174,82.89286041259766,-37.81985855102539
83.850997924,82.63971710205078,-37.81896209716797
84.050216674,82.38245391845703,-37.81805419921875
84.216232299,82.17444610595703,-37.81732177734375
84.415451049,81.91746520996094,-37.8272590637207
84.564865112,81.71345520019531,-37.849830627441406
84.764083862,81.45472717285156,-37.87552261352539
84.963302612,81.19942474365234,-37.892784118652344
85.162521362,80.94387817382812,-37.9063720703125
85.361740112,80.68447875976562,-37.923500061035156
85.511154174,80.5032958984375,-37.94046401977539
85.710372924,80.2466049194336,-37.98090744018555
85.909591674,80.00584411621094,-38.058372497558594
86.075607299,79.82176208496094,-38.14259719848633
86.274826049,79.60813903808594,-38.280311584472656
86.424240112,79.45903015136719,-38.4248161315918
86.623458862,79.32746124267578,-38.638545989990234
86.822677612,79.265380859375,-38.87040710449219
86.972091674,79.25688934326172,-39.0479621887207
87.121505737,79.2707748413086,-39.24581527709961
87.320724487,79.30443572998047,-39.50362777709961
87.470138549,79.32535552978516,-39.681663513183594
87.685958862,79.34977722167969,-39.95698928833008
87.835372924,79.36070251464844,-40.13865661621094
87.984786987,79.36827087402344,-40.34651565551758
88.184005737,79.37031555175781,-40.59965896606445
88.383224487,79.36935424804688,-40.850074768066406
88.532638549,79.37491607666016,-41.02788162231445
88.731857299,79.3846664428711,-41.28496170043945
88.881271362,79.3994369506836,-41.49238967895508
89.080490112,79.43183898925781,-41.7420768737793
89.229904174,79.45793914794922,-41.916664123535156
89.445724487,79.49983978271484,-42.192649841308594
89.644943237,79.53136444091797,-42.450721740722656
89.794357299,79.55200958251953,-42.6287841796875
89.993576049,79.57533264160156,-42.87810516357422
90.192794799,79.59800720214844,-43.12886047363281
90.342208862,79.62004852294922,-43.33567810058594
90.541427612,79.64521789550781,-43.59444808959961
90.740646362,79.67424011230469,-43.84593200683594
90.890060424,79.69149780273438,-44.0216064453125
91.105880737,79.71619415283203,-44.256492614746094
91.255294799,79.71619415283203,-44.256492614746094
91.454513549,79.71619415283203,-44.256492614746094
91.603927612,79.71619415283203,-44.256492614746094
91.803146362,79.71619415283203,-44.256492614746094
92.002365112,79.71619415283203,-44.256492614746094
92.151779174,79.71619415283203,-44.256492614746094
92.301193237,79.71619415283203,-44.256492614746094
92.500411987,79.71619415283203,-44.256492614746094
92.649826049,79.71210479736328,-44.256797790527344
92.865646362,79.64677429199219,-44.22785949707031
93.064865112,79.52989959716797,-44.04591751098633
93.264083862,79.51609802246094,-43.78886032104492
93.463302612,79.58821868896484,-43.53935241699219
93.662521362,79.65901184082031,-43.29359817504883
93.861740112,79.68384552001953,-43.039512634277344
94.060958862,79.65637969970703,-42.783935546875
94.260177612,79.60411071777344,-42.53910827636719
94.426193237,79.5567398071289,-42.33658981323242
94.625411987,79.51185607910156,-42.08328628540039
94.824630737,79.47616577148438,-41.83543014526367
95.023849487,79.45010375976562,-41.58088684082031
95.223068237,79.4326171875,-41.32148742675781
95.422286987,79.42120361328125,-41.06174850463867
95.621505737,79.39474487304688,-40.81002426147461
95.820724487,79.36487579345703,-40.55726623535156
96.036544799,79.33704376220703,-40.30152130126953
96.185958862,79.3144302368164,-40.097511291503906
96.385177612,79.29324340820312,-39.84251403808594
96.584396362,79.28887939453125,-39.58264923095703
96.783615112,79.30797576904297,-39.326148986816406
96.982833862,79.33521270751953,-39.075843811035156
97.182052612,79.36840057373047,-38.81798553466797
97.381271362,79.42234802246094,-38.56803894042969
97.580490112,79.52424621582031,-38.335506439208984
97.796310424,79.69155883789062,-38.141666412353516
97.995529174,79.9090347290039,-38.014102935791016
98.194747924,80.15213775634766,-37.94477462768555
98.344161987,80.34591674804688,-37.91820526123047
98.543380737,80.60560607910156,-37.907344818115234
98.742599487,80.86116790771484,-37.919189453125
98.941818237,81.10807037353516,-37.93866729736328
99.091232299,81.28541564941406,-37.95257568359375
99.290451049,81.54499053955078,-37.96712875366211
99.489669799,81.80078887939453,-37.973426818847656
99.655685424,82.00879669189453,-37.97285079956055
99.854904174,82.26880645751953,-37.97060012817383
100.054122924,82.5274429321289,-37.968360900878906
100.253341674,82.77921295166016,-37.96617889404297
100.452560424,83.0364761352539,-37.963951110839844
100.651779174,83.29642486572266,-37.95923614501953
100.801193237,83.49951934814453,-37.9415397644043
101.000411987,83.75672149658203,-37.91446304321289
101.149826049,83.93811798095703,-37.899696350097656
101.365646362,84.22371673583984,-37.88459014892578
101.564865112,84.47406768798828,-37.879642486572266
101.764083862,84.73404693603516,-37.882713317871094
101.913497924,84.91590118408203,-37.8896598815918
102.112716674,85.1701431274414,-37.90108871459961
102.311935424,85.423095703125,-37.910770416259766
102.511154174,85.68035125732422,-37.91297149658203
102.710372924,85.93999481201172,-37.901123046875
102.876388549,86.13829803466797,-37.87696838378906
103.075607299,86.38706970214844,-37.848392486572266
103.274826049,86.64617156982422,-37.82688903808594
103.474044799,86.90309143066406,-37.81367111206055
103.673263549,87.15619659423828,-37.80867004394531
103.872482299,87.4092025756836,-37.81509780883789
104.021896362,87.61200714111328,-37.84481430053711
104.221115112,87.84778594970703,-37.94493865966797
104.420333862,88.03832244873047,-38.11414337158203
104.586349487,88.14537048339844,-38.28691101074219
104.735763549,88.19798278808594,-38.459259033203125
104.885177612,88.21116638183594,-38.65279006958008
105.084396362,88.1876449584961,-38.908790588378906
105.233810424,88.15898895263672,-39.08574676513672
105.383224487,88.12617492675781,-39.28559494018555
105.582443237,88.09880065917969,-39.534423828125
105.731857299,88.09098052978516,-39.716251373291016
105.931076049,88.0870132446289,-39.97621154785156
106.080490112,88.08744049072266,-40.181480407714844
106.296310424,88.08797454833984,-40.43464279174805
106.445724487,88.0884017944336,-40.64265060424805
106.644943237,88.08893585205078,-40.90129089355469
106.794357299,88.08930969238281,-41.07508087158203
106.993576049,88.08984375,-41.325504302978516
107.142990112,88.09027099609375,-41.533512115478516
107.342208862,88.09080505371094,-41.7907829284668
107.541427612,88.09133911132812,-42.04668426513672
107.690841674,88.09171295166016,-42.22184371948242
107.890060424,88.09224700927734,-42.477745056152344
108.056076049,88.0926742553711,-42.685752868652344
108.205490112,88.09310150146484,-42.88691329956055
108.404708862,88.09363555908203,-43.14692306518555
108.603927612,88.09416961669922,-43.40693283081055
108.753341674,88.09454345703125,-43.58620071411133
108.952560424,88.09507751464844,-43.83799362182617
109.101974487,88.09550476074219,-44.040523529052734
109.301193237,88.09603881835938,-44.300533294677734
109.450607299,88.0964126586914,-44.482540130615234
109.600021362,88.09683990478516,-44.6850700378418
109.766036987,88.0972671508789,-44.88896942138672
109.965255737,88.0978012084961,-45.14760971069336
110.164474487,88.09833526611328,-45.40488052368164
110.313888549,88.09870910644531,-45.58414840698242
110.463302612,88.09913635253906,-45.788047790527344
110.662521362,88.09967041015625,-46.048057556152344
110.811935424,88.10004425048828,-46.227325439453125
111.011154174,88.10057830810547,-46.47911834716797
111.210372924,88.10111236572266,-46.73501968383789
111.376388549,88.10149383544922,-46.918025970458984
111.575607299,88.10152435302734,-46.93352508544922
111.725021362,88.10152435302734,-46.93352508544922
111.924240112,88.10152435302734,-46.93352508544922
112.123458862,88.10152435302734,-46.93352508544922
112.272872924,88.10154724121094,-46.94602584838867
112.472091674,88.10202026367188,-47.173927307128906
112.671310424,88.10255432128906,-47.42845916748047
112.870529174,88.10308837890625,-47.68299102783203
113.036544799,88.103515625,-47.88825988769531
113.235763549,88.10404968261719,-48.14690017700195
113.385177612,88.10447692871094,-48.348060607910156
113.584396362,88.10501098632812,-48.60533142089844
113.783615112,88.10554504394531,-48.86534118652344
113.933029174,88.1047134399414,-49.04460525512695
114.132247924,88.10128784179688,-49.29499053955078
114.331466674,88.09779357910156,-49.54948425292969
114.480880737,88.09492492675781,-49.75746154785156
114.680099487,88.09133911132812,-50.017433166503906
114.829513549,88.08892059326172,-50.19393539428711
115.045333862,88.08511352539062,-50.47168731689453
115.194747924,88.08434295654297,-50.6536865234375
115.393966674,88.08567810058594,-50.9068489074707
115.543380737,88.08674621582031,-51.109378814697266
115.742599487,88.08810424804688,-51.36664962768555
115.941818237,88.0894775390625,-51.62665939331055
116.091232299,88.0904312133789,-51.80729675292969
116.290451049,88.0917739868164,-52.06182861328125
116.456466674,88.09285736083984,-52.26709747314453
116.655685424,88.09422302246094,-52.52573776245117
116.805099487,88.09529113769531,-52.728267669677734
117.004318237,88.09664916992188,-52.985538482666016
117.103927612,88.09733581542969,-53.115543365478516
117.303146362,88.09869384765625,-53.3728141784668
117.502365112,88.10000610351562,-53.62186813354492
117.651779174,88.10093688964844,-53.798397064208984
117.850997924,88.102294921875,-54.055667877197266
118.050216674,88.10366821289062,-54.315677642822266
118.216232299,88.10362243652344,-54.51820755004883
118.365646362,88.10212707519531,-54.72073745727539
118.564865112,88.1002197265625,-54.98074722290039
118.764083862,88.09831237792969,-55.24075698852539
118.913497924,88.09701538085938,-55.415916442871094
119.112716674,88.09513092041016,-55.671817779541016
119.262130737,88.0936050415039,-55.879825592041016
119.461349487,88.09171295166016,-56.1370964050293
119.660568237,88.08985900878906,-56.38751983642578
119.809982299,88.08854675292969,-56.5654182434082
120.025802612,88.08646392822266,-56.848690032958984
120.225021362,88.08460235595703,-57.10048294067383
120.424240112,88.08274841308594,-57.35090637207031
120.573654174,88.08346557617188,-57.528804779052734
120.772872924,88.08567810058594,-57.788814544677734
120.972091674,88.08787536621094,-58.047454833984375
121.121505737,88.08956909179688,-58.24861526489258
121.320724487,88.09175109863281,-58.50588607788086
121.470138549,88.09329986572266,-58.68789291381836
121.685958862,88.095703125,-58.97116470336914
121.885177612,88.09788513183594,-59.22843551635742
122.034591674,88.09934997558594,-59.41044235229492
122.233810424,88.08731079101562,-59.668701171875
122.433029174,88.04313659667969,-59.917724609375
122.632247924,87.96578216552734,-60.16286849975586
122.781661987,87.88446044921875,-60.35429000854492
122.980880737,87.76840209960938,-60.58378219604492
123.180099487,87.64246368408203,-60.80809783935547
123.346115112,87.53941345214844,-60.985618591308594
123.545333862,87.41122436523438,-61.20866775512695
123.694747924,87.32276916503906,-61.366153717041016
123.893966674,87.2040786743164,-61.5912971496582
124.093185424,87.09156799316406,-61.82112121582031
124.292404174,86.986572265625,-62.05593490600586
124.441818237,86.89643859863281,-62.241695404052734
124.641036987,86.73126983642578,-62.43549728393555
124.840255737,86.51012420654297,-62.57057189941406
125.006271362,86.31227111816406,-62.63380813598633
125.205490112,86.05905151367188,-62.669525146484375
125.354904174,85.88458251953125,-62.685203552246094
125.554122924,85.63571166992188,-62.712852478027344
125.753341674,85.3803939819336,-62.76170349121094
125.902755737,85.177001953125,-62.80521774291992
126.101974487,84.92463684082031,-62.847068786621094
126.301193237,84.6706771850586,-62.860111236572266
126.450607299,84.49072265625,-62.84550094604492
126.649826049,84.23695373535156,-62.79014205932617
126.815841674,84.04005432128906,-62.72323989868164
126.965255737,83.84664154052734,-62.646785736083984
127.164474487,83.60807800292969,-62.54343795776367
127.363693237,83.37152099609375,-62.43558120727539
127.562911987,83.13378143310547,-62.33035659790039
127.762130737,82.89336395263672,-62.23139190673828
127.961349487,82.65061950683594,-62.13829803466797
128.110763549,82.48062133789062,-62.073326110839844
128.309982299,82.23641204833984,-61.984317779541016
128.525802612,81.96636962890625,-61.914024353027344
128.725021362,81.71737670898438,-61.861244201660156
128.924240112,81.46695709228516,-61.7967643737793
129.073654174,81.29655456542969,-61.74114227294922
129.272872924,81.05968475341797,-61.6557502746582
129.472091674,80.81702423095703,-61.570396423339844
129.621505737,80.61824035644531,-61.50925827026367
129.820724487,80.3668212890625,-61.44308090209961
129.970138549,80.19326782226562,-61.39823532104492
130.185958862,79.92064666748047,-61.34553909301758
130.385177612,79.66277313232422,-61.31235122680664
130.534591674,79.48313903808594,-61.28335952758789
130.733810424,79.23387908935547,-61.225547790527344
130.933029174,78.98731994628906,-61.16815948486328
131.132247924,78.73635864257812,-61.118499755859375
131.331466674,78.48057556152344,-61.09181594848633
131.480880737,78.29768371582031,-61.085811614990234
131.680099487,78.29568481445312,-61.08577346801758
131.846115112,78.29568481445312,-61.08577346801758
132.045333862,78.29568481445312,-61.08577346801758
132.244552612,78.29568481445312,-61.08577346801758
132.443771362,78.25819396972656,-61.084877014160156
132.642990112,78.00355529785156,-61.07358169555664
132.792404174,77.82199096679688,-61.061119079589844
132.991622924,77.56266021728516,-61.04269790649414
133.190841674,77.3084716796875,-61.02976608276367
133.390060424,77.05673217773438,-61.02495193481445
133.556076049,76.85145568847656,-61.02565002441406
133.755294799,76.59281921386719,-61.026824951171875
133.904708862,76.39030456542969,-61.027740478515625
134.103927612,76.13441467285156,-61.028900146484375
134.303146362,75.87440490722656,-61.03008270263672
134.452560424,75.69514465332031,-61.0308952331543
134.651779174,75.44337463378906,-61.03203201293945
134.850997924,75.18885803222656,-61.03318405151367
135.050216674,74.92884826660156,-61.034366607666016
135.216232299,74.72221374511719,-61.03530502319336
135.415451049,74.46632385253906,-61.03646469116211
135.614669799,74.20631408691406,-61.03764724731445
135.813888549,73.95042419433594,-61.0388069152832
136.013107299,73.69865417480469,-61.03994369506836
136.212326049,73.44139099121094,-61.04111099243164
136.411544799,73.18138122558594,-61.042293548583984
136.610763549,72.92274475097656,-61.0434684753418
136.809982299,72.67507934570312,-61.04339599609375
136.975997924,72.46707153320312,-61.041046142578125
137.175216674,72.20843505859375,-61.038124084472656
137.374435424,71.95803833007812,-61.03529357910156
137.573654174,71.7021484375,-61.03240203857422
137.772872924,71.442138671875,-61.02971267700195
137.972091674,71.1852798461914,-61.04252243041992
138.171310424,70.93558502197266,-61.074729919433594
138.370529174,70.68142700195312,-61.10441970825195
138.536544799,70.4742431640625,-61.122718811035156
138.735763549,70.2227554321289,-61.13343811035156
138.934982299,69.9751205444336,-61.129451751708984
139.134201049,69.71542358398438,-61.11709213256836
139.333419799,69.45690155029297,-61.1124153137207
139.532638549,69.33483123779297,-61.12116241455078
139.781661987,69.33483123779297,-61.12116241455078
139.980880737,69.33483123779297,-61.12116241455078
140.180099487,69.29753112792969,-61.12498474121094
140.346115112,69.09529876708984,-61.13502502441406
140.595138549,68.79019927978516,-61.13031005859375
140.794357299,68.53736114501953,-61.11766052246094
140.993576049,68.2805404663086,-61.102561950683594
141.192794799,68.02076721191406,-61.09180450439453
141.392013549,67.76761627197266,-61.08905029296875
141.541427612,67.56643676757812,-61.088653564453125
141.740646362,67.30642700195312,-61.088157653808594
141.956466674,67.04778289794922,-61.08766174316406
142.155685424,66.7918701171875,-61.08716583251953
142.354904174,66.5318603515625,-61.086669921875
142.554122924,66.27867889404297,-61.08617401123047
142.703536987,66.07886505126953,-61.085777282714844
142.902755737,65.8270492553711,-61.08528137207031
143.101974487,65.5670394897461,-61.08478546142578
143.350997924,65.25775909423828,-61.084190368652344
143.550216674,65.00457763671875,-61.08369445800781
143.749435424,64.75139617919922,-61.08319854736328
143.965255737,64.47552490234375,-61.09737777709961
144.164474487,64.2179183959961,-61.13252258300781
144.363693237,63.967987060546875,-61.162986755371094
144.513107299,63.86911392211914,-61.17438888549805
144.712326049,63.86911392211914,-61.17438888549805
144.961349487,63.86911392211914,-61.17438888549805
145.160568237,63.807281494140625,-61.18045425415039
145.309982299,63.62688064575195,-61.188682556152344
145.525802612,63.350914001464844,-61.175140380859375
145.725021362,63.09564208984375,-61.14326477050781
145.924240112,62.841800689697266,-61.110965728759766
146.123458862,62.58968734741211,-61.08856201171875
146.322677612,62.3325080871582,-61.08264923095703
146.521896362,62.07251739501953,-61.08451843261719
146.721115112,61.818023681640625,-61.08802795410156
146.920333862,61.5676383972168,-61.09148025512695
147.185958862,61.23378372192383,-61.09608459472656
147.385177612,60.9765510559082,-61.099632263183594
147.534591674,60.8014030456543,-61.101253509521484
147.733810424,60.542762756347656,-61.10000228881836
147.982833862,60.206119537353516,-61.09827423095703
148.182052612,59.9543342590332,-61.09621047973633
148.381271362,59.80707550048828,-61.08965301513672
148.580490112,59.80707550048828,-61.08965301513672
148.796310424,59.80707550048828,-61.08965301513672
148.995529174,59.80707550048828,-61.08965301513672
149.194747924,59.80707550048828,-61.08965301513672
149.393966674,59.80707550048828,-61.08965301513672
149.593185424,59.80707550048828,-61.08965301513672
149.842208862,59.80961227416992,-60.9478874206543
149.991622924,59.881832122802734,-60.783729553222656
150.190841674,60.082115173339844,-60.63005065917969
150.390060424,60.33386993408203,-60.56905746459961
150.556076049,60.53757858276367,-60.56180191040039
150.755294799,60.795982360839844,-60.552406311035156
150.954513549,61.048831939697266,-60.50727081298828
151.153732299,61.288719177246094,-60.41884231567383
151.352951049,61.52107620239258,-60.30238342285156
151.552169799,61.74599075317383,-60.17195510864258
151.751388549,61.97220993041992,-60.04380416870117
151.950607299,62.20039367675781,-59.925052642822266
152.149826049,62.43162155151367,-59.81545639038086
152.315841674,62.617210388183594,-59.73441696166992
152.564865112,62.92594909667969,-59.61863327026367
152.714279174,63.094261169433594,-59.565425872802734
152.963302612,63.41041946411133,-59.47661209106445
153.162521362,63.65696334838867,-59.425926208496094
153.361740112,63.915348052978516,-59.39787292480469
153.511154174,64.09724426269531,-59.3928337097168
153.710372924,64.35030364990234,-59.39922332763672
153.926193237,64.62530517578125,-59.398719787597656
154.125411987,64.88014221191406,-59.37628173828125
154.324630737,65.13697052001953,-59.336360931396484
154.523849487,65.38872528076172,-59.28337097167969
154.723068237,65.59315490722656,-59.24089431762695
154.922286987,65.59315490722656,-59.24089431762695
155.121505737,65.59315490722656,-59.24089431762695
155.320724487,65.5954818725586,-59.23945617675781
155.470138549,65.62458038330078,-59.20708465576172
155.685958862,65.676513671875,-58.98062515258789
155.934982299,65.55384063720703,-58.712440490722656
156.134201049,65.34188079833984,-58.56410598754883
156.333419799,65.11698913574219,-58.4571418762207
156.532638549,64.9065933227539,-58.32202911376953
156.781661987,64.66839599609375,-58.092803955078125
156.881271362,64.58844757080078,-57.990333557128906
157.130294799,64.41494750976562,-57.73603820800781
157.296310424,64.30550384521484,-57.564002990722656
157.495529174,64.15999603271484,-57.34856414794922
157.694747924,64.01956939697266,-57.14618682861328
157.893966674,63.871177673339844,-56.94108581542969
158.093185424,63.71877670288086,-56.73722839355469
158.292404174,63.55958938598633,-56.5368766784668
158.491622924,63.39630889892578,-56.33985900878906
158.740646362,63.187686920166016,-56.08621597290039
158.890060424,63.07306671142578,-55.944847106933594
159.105880737,62.90036392211914,-55.722049713134766
159.354904174,62.713661193847656,-55.47722625732422
159.554122924,62.56027603149414,-55.270687103271484
159.753341674,62.40532684326172,-55.06191635131836
159.952560424,62.24674606323242,-54.859344482421875
160.151779174,62.095664978027344,-54.66135025024414
160.350997924,61.93925476074219,-54.453670501708984
160.550216674,61.78245162963867,-54.24628829956055
160.766036987,61.614662170410156,-54.019779205322266
160.965255737,61.46028137207031,-53.81057357788086
161.164474487,61.30710220336914,-53.605594635009766
161.363693237,61.15461349487305,-53.39839553833008
161.562911987,60.99819564819336,-53.19071578979492
161.762130737,60.834815979003906,-52.988468170166016
161.911544799,60.72242736816406,-52.84531784057617
162.110763549,60.564579010009766,-52.64043426513672
162.309982299,60.413516998291016,-52.43899917602539
162.525802612,60.24357223510742,-52.208980560302734
162.725021362,60.08399963378906,-52.0056037902832
162.874435424,59.95917510986328,-51.87510299682617
163.073654174,59.759769439697266,-51.70848083496094
163.223068237,59.58953094482422,-51.58903121948242
163.422286987,59.373863220214844,-51.44878387451172
163.621505737,59.15359115600586,-51.3106575012207
163.820724487,59.03886795043945,-51.24142074584961
163.970138549,59.02816390991211,-51.23496627807617
164.185958862,58.810096740722656,-51.13682556152344
164.385177612,58.56224822998047,-51.106502532958984
164.584396362,58.31842041015625,-51.127105712890625
164.783615112,58.06370544433594,-51.171875
164.982833862,57.80657958984375,-51.21015548706055
165.182052612,57.5567626953125,-51.22633743286133
165.381271362,57.303646087646484,-51.23021697998047
165.580490112,57.04368591308594,-51.225982666015625
165.779708862,56.80989074707031,-51.21647644042969
165.945724487,56.58161926269531,-51.2059211730957
166.144943237,56.3233642578125,-51.1922492980957
166.344161987,56.13902282714844,-51.17680740356445
166.543380737,56.13902282714844,-51.17680740356445
166.742599487,56.13902282714844,-51.17680740356445
166.941818237,56.13902282714844,-51.17680740356445
167.141036987,56.13902282714844,-51.17680740356445
167.340255737,56.13902282714844,-51.17680740356445
167.506271362,56.13902282714844,-51.17680740356445
167.755294799,56.13902282714844,-51.17680740356445
167.954513549,56.13902282714844,-51.17680740356445
168.153732299,56.13902282714844,-51.17680740356445
168.352951049,56.13902282714844,-51.17680740356445
168.552169799,56.13902282714844,-51.17680740356445
168.751388549,56.13902282714844,-51.17680740356445
168.950607299,56.13902282714844,-51.17680740356445
169.149826049,56.13902282714844,-51.17680740356445
169.315841674,56.13902282714844,-51.17680740356445
169.515060424,56.13902282714844,-51.17680740356445
169.714279174,56.13902282714844,-51.17680740356445
169.913497924,56.13629913330078,-51.17652893066406
170.112716674,56.12267303466797,-51.17694091796875
170.311935424,56.108394622802734,-51.18466567993164
170.511154174,56.0759391784668,-51.25784683227539
170.710372924,56.0854377746582,-51.50444793701172
170.876388549,56.188514709472656,-51.683677673339844
171.075607299,56.379150390625,-51.844905853271484
171.274826049,56.533973693847656,-51.94960403442383
171.474044799,56.533973693847656,-51.94960403442383
171.673263549,56.533973693847656,-51.94960403442383
171.872482299,56.533973693847656,-51.94960403442383
172.071701049,56.533973693847656,-51.94960403442383
172.270919799,56.533973693847656,-51.94960403442383
172.470138549,56.533973693847656,-51.94960403442383
172.636154174,56.487342834472656,-51.98295974731445
172.835372924,56.242279052734375,-52.04521179199219
173.034591674,55.992618560791016,-52.015625
173.233810424,55.73752212524414,-51.96541976928711
173.433029174,55.480621337890625,-51.92605209350586
173.632247924,55.228023529052734,-51.910316467285156
173.831466674,54.97628402709961,-51.90602111816406
174.030685424,54.72040939331055,-51.90806579589844
174.229904174,54.46044158935547,-51.910865783691406
174.445724487,54.17941665649414,-51.9316520690918
174.644943237,54.167362213134766,-51.93302917480469
174.844161987,54.13006591796875,-51.93693923950195
175.043380737,53.87239456176758,-51.948421478271484
175.242599487,53.612403869628906,-51.9472770690918
175.441818237,53.356689453125,-51.9380989074707
175.690841674,53.05328369140625,-51.922855377197266
175.890060424,52.79351806640625,-51.912113189697266
176.056076049,52.586910247802734,-51.90923309326172
176.255294799,52.33374786376953,-51.90852737426758
176.454513549,52.07373809814453,-51.90780258178711
176.653732299,51.81646728515625,-51.90708541870117
176.852951049,51.564674377441406,-51.9063835144043
177.052169799,51.31288146972656,-51.90568161010742
177.251388549,51.05287170410156,-51.90495681762695
177.450607299,50.79286193847656,-51.904232025146484
177.649826049,50.54243850708008,-51.903533935546875
177.865646362,50.263275146484375,-51.90275573730469
178.114669799,50.00126647949219,-51.90202331542969
178.313888549,49.999267578125,-51.902015686035156
178.513107299,49.999267578125,-51.902015686035156
178.712326049,49.999267578125,-51.902015686035156
178.961349487,49.93714904785156,-51.90077209472656
179.160568237,49.687984466552734,-51.854671478271484
179.376388549,49.46920394897461,-51.72903823852539
179.625411987,49.22682571411133,-51.51177215576172
179.824630737,49.0422477722168,-51.332576751708984
180.023849487,48.8465690612793,-51.16569900512695
180.272872924,48.59211349487305,-50.98765563964844
180.472091674,48.37226486206055,-50.84892272949219
180.671310424,48.14729690551758,-50.71859359741211
180.870529174,47.92668533325195,-50.58893966674805
181.036544799,47.74783706665039,-50.482757568359375
181.235763549,47.53120803833008,-50.354427337646484
181.484786987,47.24522018432617,-50.179466247558594
181.684005737,47.026145935058594,-50.0472297668457
181.833419799,46.873260498046875,-49.948490142822266
182.032638549,46.65762710571289,-49.80320739746094
182.231857299,46.440860748291016,-49.659629821777344
182.431076049,46.224632263183594,-49.515228271484375
182.630294799,46.01157760620117,-49.37850570678711
182.846115112,45.76686096191406,-49.230499267578125
183.045333862,45.55073547363281,-49.098663330078125
183.244552612,45.32938766479492,-48.96227264404297
183.443771362,45.11191940307617,-48.832679748535156
183.642990112,44.888736724853516,-48.69931411743164
183.892013549,44.626224517822266,-48.53843307495117
184.091232299,44.40538787841797,-48.40646743774414
184.290451049,44.183006286621094,-48.27176284790039
184.506271362,43.942283630371094,-48.117347717285156
184.705490112,43.85185241699219,-48.05830383300781
184.954513549,43.85185241699219,-48.05830383300781
185.153732299,43.84955596923828,-48.056819915771484
185.352951049,43.830780029296875,-48.04873275756836
185.552169799,43.8227653503418,-48.04925537109375
185.801193237,43.81097412109375,-48.058067321777344
185.950607299,43.793785095214844,-48.11580276489258
186.149826049,43.82061004638672,-48.33385467529297
186.315841674,43.94169616699219,-48.49211883544922
186.515060424,44.17631530761719,-48.598106384277344
186.664474487,44.3834342956543,-48.61082458496094
186.863693237,44.640533447265625,-48.5734748840332
187.013107299,44.819801330566406,-48.54207229614258
187.212326049,45.0738410949707,-48.50197982788086
187.361740112,45.277469635009766,-48.49462127685547
187.560958862,45.53258514404297,-48.52494812011719
187.760177612,45.77271270751953,-48.590614318847656
187.926193237,45.97035598754883,-48.655418395996094
188.125411987,46.210426330566406,-48.73996353149414
188.324630737,46.449153900146484,-48.824195861816406
188.474044799,46.61696243286133,-48.87895965576172
188.673263549,46.86648941040039,-48.951969146728516
188.872482299,47.1161994934082,-49.02434539794922
189.071701049,47.36680603027344,-49.09357833862305
189.221115112,47.566627502441406,-49.14616775512695
189.420333862,47.815120697021484,-49.20725631713867
189.586349487,48.01559066772461,-49.25126647949219
189.785568237,48.272422790527344,-49.291561126708984
189.984786987,48.52272033691406,-49.3294677734375
190.134201049,48.6973876953125,-49.354949951171875
190.333419799,48.95366668701172,-49.398563385009766
190.482833862,49.156009674072266,-49.44662857055664
190.682052612,49.4067497253418,-49.515380859375
190.881271362,49.65725326538086,-49.58500671386719
191.030685424,49.83229064941406,-49.629608154296875
191.180099487,50.02617263793945,-49.677852630615234
191.346115112,50.222171783447266,-49.728858947753906
191.545333862,50.469337463378906,-49.79512023925781
191.694747924,50.645599365234375,-49.840450286865234
191.893966674,50.89780807495117,-49.903656005859375
192.043380737,51.09623336791992,-49.944091796875
192.192794799,51.268409729003906,-49.97624969482422
192.392013549,51.5113639831543,-50.01679992675781
192.591232299,51.76376724243164,-50.05895233154297
192.740646362,51.967529296875,-50.10060501098633
192.890060424,52.14409637451172,-50.144657135009766
193.105880737,52.418766021728516,-50.22431564331055
193.305099487,52.66590118408203,-50.30054473876953
193.454513549,52.83640670776367,-50.34612274169922
193.653732299,53.08330535888672,-50.40191650390625
193.803146362,53.287925720214844,-50.439239501953125
194.002365112,53.54418182373047,-50.48318099975586
194.151779174,53.72346496582031,-50.51448440551758
194.350997924,53.973899841308594,-50.55138397216797
194.500411987,54.17344665527344,-50.57672882080078
194.699630737,54.400047302246094,-50.61508560180664
194.915451049,54.67618942260742,-50.689022064208984
195.114669799,54.92319107055664,-50.77019119262695
195.264083862,55.11982727050781,-50.82902145385742
195.463302612,55.366554260253906,-50.891357421875
195.662521362,55.61677551269531,-50.937923431396484
195.811935424,55.790714263916016,-50.968048095703125
196.011154174,56.046207427978516,-51.01618576049805
196.210372924,56.30033874511719,-51.07106018066406
196.309982299,56.42694854736328,-51.10054016113281
196.525802612,56.69908905029297,-51.16858673095703
196.675216674,56.87017059326172,-51.21210861206055
196.874435424,57.1197395324707,-51.27457046508789
197.073654174,57.37343215942383,-51.33144760131836
197.223068237,57.57326889038086,-51.37191390991211
197.422286987,57.8208122253418,-51.41791915893555
197.621505737,58.07042694091797,-51.467620849609375
197.820724487,58.317840576171875,-51.52120590209961
197.970138549,58.48629379272461,-51.557945251464844
198.185958862,58.75917053222656,-51.62295913696289
198.385177612,59.01121139526367,-51.686805725097656
198.584396362,59.258026123046875,-51.74309158325195
198.783615112,59.506072998046875,-51.800106048583984
198.933029174,59.68120574951172,-51.84431457519531
199.132247924,59.919105529785156,-51.937137603759766
199.331466674,60.126060485839844,-52.092803955078125
199.480880737,60.246185302734375,-52.26167678833008
199.680099487,60.314029693603516,-52.49576187133789
199.895919799,60.31275939941406,-52.74840545654297
200.095138549,60.2739372253418,-53.00543975830078
200.244552612,60.237789154052734,-53.2047119140625
200.443771362,60.2010612487793,-53.457923889160156
200.642990112,60.16972351074219,-53.716033935546875
200.842208862,60.14241409301758,-53.973209381103516
200.991622924,60.12848663330078,-54.14918518066406
201.190841674,60.12077331542969,-54.406280517578125
201.390060424,60.12281799316406,-54.66626739501953
201.556076049,60.12544250488281,-54.874244689941406
201.755294799,60.128665924072266,-55.13011932373047
201.954513549,60.1319465637207,-55.39009094238281
202.103927612,60.13451385498047,-55.593971252441406
202.303146362,60.13768005371094,-55.84574890136719
202.502365112,60.140865325927734,-56.09889221191406
202.701583862,60.141265869140625,-56.358882904052734
202.900802612,60.138816833496094,-56.61612319946289
203.100021362,60.13641357421875,-56.869266510009766
203.266036987,60.13447570800781,-57.07314682006836
203.465255737,60.13202667236328,-57.330387115478516
203.664474487,60.12675857543945,-57.58348083496094
203.863693237,60.113460540771484,-57.837650299072266
204.062911987,60.094696044921875,-58.09697723388672
204.212326049,60.082313537597656,-58.2785530090332
204.411544799,60.073577880859375,-58.46563720703125
204.610763549,60.073577880859375,-58.46563720703125
204.809982299,60.073577880859375,-58.46563720703125
205.025802612,60.073577880859375,-58.46563720703125
205.225021362,60.073577880859375,-58.46563720703125
205.424240112,60.072391510009766,-58.503116607666016
205.573654174,60.06962585449219,-58.67961502075195
205.772872924,60.06798553466797,-58.93962478637695
205.972091674,60.06640625,-59.18867874145508
206.171310424,60.059261322021484,-59.44853591918945
206.320724487,60.031803131103516,-59.647674560546875
206.536544799,59.95516586303711,-59.89268493652344
206.685958862,59.850521087646484,-60.067169189453125
206.835372924,59.726165771484375,-60.189693450927734
207.034591674,59.491981506347656,-60.29897689819336
207.233810424,59.23444747924805,-60.329505920410156
207.482833862,58.897945404052734,-60.3007698059082
207.682052612,58.642852783203125,-60.258155822753906
207.881271362,58.395469665527344,-60.21941375732422
208.080490112,58.14596176147461,-60.199180603027344
208.229904174,57.964073181152344,-60.19295120239258
208.445724487,57.67947769165039,-60.1890983581543
208.644943237,57.42941665649414,-60.17673110961914
208.893966674,57.12571334838867,-60.135562896728516
209.093185424,56.86857223510742,-60.097103118896484
209.292404174,56.61268615722656,-60.07130813598633
209.441818237,56.41162109375,-60.06550598144531
209.690841674,56.103721618652344,-60.06591796875
209.890060424,55.843711853027344,-60.06767272949219
210.056076049,55.63981246948242,-60.069053649902344
210.305099487,55.30453872680664,-60.071319580078125
210.504318237,55.04452896118164,-60.07307434082031
210.703536987,54.79136657714844,-60.074790954589844
210.902755737,54.54094314575195,-60.07649230957031
211.101974487,54.28093338012695,-60.0782470703125
211.301193237,54.02366256713867,-60.079986572265625
211.550216674,53.72123718261719,-60.08203887939453
211.716232299,53.515968322753906,-60.08342742919922
211.915451049,53.2628059387207,-60.083091735839844
212.064865112,53.05890655517578,-60.08189392089844
212.264083862,52.80711364746094,-60.080413818359375
212.463302612,52.549842834472656,-60.07890319824219
212.662521362,52.289833068847656,-60.07737731933594
212.861740112,52.03667068481445,-60.075889587402344
213.060958862,51.79035568237305,-60.074440002441406
213.260177612,51.534454345703125,-60.07293701171875
213.475997924,51.274444580078125,-60.0714111328125
213.675216674,51.02265167236328,-60.06993103027344
213.874435424,50.76948928833008,-60.068443298339844
214.023849487,50.56148147583008,-60.067222595214844
214.272872924,50.2522087097168,-60.065406799316406
214.422286987,50.051048278808594,-60.06422424316406
214.671310424,49.74314498901367,-60.062416076660156
214.870529174,49.48314666748047,-60.0631103515625
215.086349487,49.208133697509766,-60.06669235229492
215.285568237,48.95500946044922,-60.06999206542969
215.484786987,48.695037841796875,-60.073387145996094
215.733810424,48.39265823364258,-60.077327728271484
215.883224487,48.18878936767578,-60.079986572265625
216.082443237,47.932891845703125,-60.080482482910156
216.281661987,47.672882080078125,-60.079795837402344
216.530685424,47.36908721923828,-60.07899475097656
216.729904174,47.11729431152344,-60.078330993652344
216.895919799,46.912025451660156,-60.077789306640625
217.095138549,46.657493591308594,-60.077117919921875
217.294357299,46.40980911254883,-60.07646560668945
217.543380737,46.0827522277832,-60.07560348510742
217.742599487,45.8227424621582,-60.07491683959961
217.941818237,45.56410217285156,-60.07423400878906
218.141036987,45.31367874145508,-60.07357406616211
218.340255737,45.063255310058594,-60.072914123535156
218.556076049,44.80461502075195,-60.07223129272461
218.755294799,44.55830001831055,-60.07158279418945
218.954513549,44.31198501586914,-60.0709342956543
219.153732299,44.05745315551758,-60.07026290893555
219.303146362,43.85081481933594,-60.06971740722656
219.502365112,43.66603469848633,-60.06215286254883
219.751388549,43.66603469848633,-60.06215286254883
219.950607299,43.66603469848633,-60.06215286254883
220.149826049,43.66603469848633,-60.06215286254883
220.365646362,43.603721618652344,-60.05735397338867
220.564865112,43.350311279296875,-60.0540771484375
220.764083862,43.09199523925781,-60.06689453125
220.963302612,42.83628463745117,-60.076324462890625
221.162521362,42.5762939453125,-60.077980041503906
221.361740112,42.327239990234375,-60.077362060546875
221.560958862,42.07544708251953,-60.07673645019531
221.809982299,41.77165222167969,-60.07598114013672
221.975997924,41.56364440917969,-60.075462341308594
222.175216674,41.311851501464844,-60.07483673095703
222.374435424,41.06005859375,-60.07421112060547
222.573654174,40.80278778076172,-60.073570251464844
222.822677612,40.65628433227539,-60.07320022583008
223.021896362,40.65628433227539,-60.07320022583008
223.221115112,40.65628433227539,-60.07320022583008
223.420333862,40.65628433227539,-60.07320022583008
223.636154174,40.65628433227539,-60.07320022583008
223.835372924,40.65628433227539,-60.07320022583008
224.034591674,40.65628433227539,-60.07320022583008
224.233810424,40.656654357910156,-60.07591247558594
224.433029174,40.710105895996094,-60.15972137451172
224.582443237,40.86848068237305,-60.2718391418457
224.781661987,41.12015914916992,-60.301048278808594
224.980880737,41.3697509765625,-60.2525634765625
225.130294799,41.54469680786133,-60.202430725097656
225.346115112,41.8156852722168,-60.13002395629883
225.495529174,41.99431610107422,-60.095359802246094
225.694747924,42.25261688232422,-60.066524505615234
225.844161987,42.457759857177734,-60.060951232910156
226.043380737,42.708126068115234,-60.06553649902344
226.192794799,42.88857650756836,-60.073665618896484
226.392013549,43.14820861816406,-60.08773422241211
226.541427612,43.35321044921875,-60.09824752807617
226.690841674,43.52957534790039,-60.105628967285156
226.890060424,43.785430908203125,-60.109710693359375
227.105880737,44.06596374511719,-60.1116943359375
227.255294799,44.24249267578125,-60.112945556640625
227.404708862,44.440914154052734,-60.114356994628906
227.603927612,44.69407653808594,-60.11614990234375
227.803146362,44.95134735107422,-60.117149353027344
227.952560424,45.13332748413086,-60.11507034301758
228.151779174,45.38510513305664,-60.11209487915039
228.301193237,45.58488845825195,-60.109737396240234
228.500411987,45.83939743041992,-60.10672378540039
228.649826049,46.02137756347656,-60.10456085205078
228.865646362,46.30324935913086,-60.101219177246094
229.015060424,46.48249816894531,-60.09909439086914
229.214279174,46.73976135253906,-60.09785079956055
229.413497924,46.9984016418457,-60.09804153442383
229.562911987,47.200931549072266,-60.09819412231445
229.762130737,47.45409393310547,-60.098384857177734
229.961349487,47.71136474609375,-60.098575592041016
230.110763549,47.89337158203125,-60.09870910644531
230.309982299,48.14653396606445,-60.098899841308594
230.475997924,48.3463249206543,-60.09905242919922
230.675216674,48.60085678100586,-60.0992431640625
230.874435424,48.86086654663086,-60.09943389892578
231.023849487,49.06476593017578,-60.099586486816406
231.223068237,49.317928314208984,-60.09977722167969
231.372482299,49.499935150146484,-60.099910736083984
231.571701049,49.759944915771484,-60.100101470947266
231.721115112,49.96110534667969,-60.10025405883789
231.870529174,50.13900375366211,-60.10038757324219
232.086349487,50.42227554321289,-60.1005973815918
232.235763549,50.597434997558594,-60.100730895996094
232.434982299,50.84922790527344,-60.100921630859375
232.634201049,51.10239028930664,-60.101112365722656
232.783615112,51.30765914916992,-60.10126495361328
232.982833862,51.56766891479492,-60.10145568847656
233.132247924,51.741458892822266,-60.10158920288086
233.331466674,51.98777389526367,-60.10177993774414
233.480880737,52.19441223144531,-60.101932525634766
233.680099487,52.448944091796875,-60.10212326049805
233.846115112,52.656951904296875,-60.10227584838867
234.045333862,52.91148376464844,-60.10246658325195
234.194747924,53.09075164794922,-60.10260009765625
234.393966674,53.35076141357422,-60.10279083251953
234.543380737,53.55466079711914,-60.102943420410156
234.742599487,53.8091926574707,-60.10313415527344
234.892013549,53.989830017089844,-60.103267669677734
235.091232299,54.249839782714844,-60.103458404541016
235.240646362,54.457847595214844,-60.10361099243164
235.456466674,54.70964050292969,-60.10380172729492
235.605880737,54.91490936279297,-60.10395431518555
235.805099487,55.17218017578125,-60.10414505004883
235.954513549,55.345970153808594,-60.104278564453125
236.153732299,55.59776306152344,-60.104469299316406
236.303146362,55.79892349243164,-60.10462188720703
236.502365112,56.05893325805664,-60.10481262207031
236.651779174,56.24094009399414,-60.10494613647461
236.850997924,56.492733001708984,-60.10513687133789
237.000411987,56.69526290893555,-60.105289459228516
237.149826049,56.87726974487305,-60.105506896972656
237.365646362,57.15907669067383,-60.11189651489258
237.515060424,57.33246994018555,-60.1231803894043
237.714279174,57.58289337158203,-60.15959548950195
237.863693237,57.783851623535156,-60.201393127441406
238.062911987,58.03886795043945,-60.25196075439453
238.212326049,58.21921920776367,-60.276145935058594
238.361740112,58.41991424560547,-60.289180755615234
238.560958862,58.67161560058594,-60.29529571533203
238.760177612,58.92751693725586,-60.29515838623047
238.909591674,59.10944366455078,-60.291038513183594
239.075607299,59.315155029296875,-60.27204895019531
239.274826049,59.56283950805664,-60.21051788330078
239.424240112,59.73835372924805,-60.113224029541016
239.623458862,59.92186737060547,-59.93803787231445
239.822677612,60.05278396606445,-59.722145080566406
239.972091674,60.11518478393555,-59.551361083984375
240.171310424,60.15697479248047,-59.30350112915039
240.370529174,60.15742874145508,-59.04368591308594
240.536544799,60.14058303833008,-58.83638381958008
240.735763549,60.11812973022461,-58.58148956298828
240.885177612,60.10537338256836,-58.37388610839844
241.084396362,60.09680938720703,-58.114036560058594
241.283615112,60.09619903564453,-57.86225128173828
241.482833862,60.09783172607422,-57.61045837402344
241.632247924,60.09899139404297,-57.431190490722656
241.831466674,60.100669860839844,-57.171180725097656
242.030685424,60.102333068847656,-56.913909912109375
242.180099487,60.1031494140625,-56.78838348388672
242.346115112,60.1031494140625,-56.78838348388672
242.595138549,60.1031494140625,-56.78838348388672
242.744552612,60.1031494140625,-56.78838348388672
242.943771362,60.1031494140625,-56.78838348388672
243.142990112,60.103389739990234,-56.75088119506836
243.292404174,60.10452651977539,-56.575721740722656
243.491622924,60.1067008972168,-56.31572341918945
243.690841674,60.11489486694336,-56.06955337524414
243.840255737,60.127437591552734,-55.866050720214844
244.056076049,60.14617156982422,-55.60673522949219
244.205490112,60.15796661376953,-55.40592575073242
244.404708862,60.162017822265625,-55.15283966064453
244.554122924,60.162044525146484,-54.97631072998047
244.753341674,60.16208267211914,-54.71767044067383
244.952560424,60.1621208190918,-54.45766067504883
245.151779174,60.163814544677734,-54.20998764038086
245.350997924,60.173179626464844,-53.952903747558594
245.550216674,60.19083786010742,-53.69351577758789
245.716232299,60.207786560058594,-53.48757553100586
245.865646362,60.22146224975586,-53.28689193725586
246.064865112,60.23161697387695,-53.02983474731445
246.264083862,60.23395919799805,-52.76984786987305
246.463302612,60.223052978515625,-52.514286041259766
246.612716674,60.19879913330078,-52.33396530151367
246.811935424,60.118167877197266,-52.08931350708008
247.011154174,59.96351623535156,-51.89071273803711
247.210372924,59.741519927978516,-51.76340103149414
247.376388549,59.5408821105957,-51.715518951416016
247.575607299,59.28438949584961,-51.69811248779297
247.774826049,59.02440643310547,-51.69517135620117
247.924240112,58.82062911987305,-51.68820571899414
248.123458862,58.567787170410156,-51.675682067871094
248.322677612,58.31000900268555,-51.65481185913086
248.521896362,58.051212310791016,-51.629852294921875
248.671310424,57.87247085571289,-51.616241455078125
248.870529174,57.62236022949219,-51.60395050048828
249.036544799,57.41441345214844,-51.599632263183594
249.235763549,57.15988540649414,-51.600738525390625
249.385177612,56.958736419677734,-51.60258483886719
249.584396362,56.70559310913086,-51.60491180419922
249.783615112,56.4483528137207,-51.60728454589844
249.982833862,56.18838119506836,-51.60968780517578
250.132247924,56.010498046875,-51.611324310302734
250.331466674,55.76008605957031,-51.61362075805664
250.530685424,55.50148010253906,-51.61600875854492
250.729904174,55.24287414550781,-51.6183967590332
250.895919799,55.041725158691406,-51.620243072509766
251.095138549,54.78175354003906,-51.62264633178711
251.244552612,54.57374572753906,-51.62209701538086
251.443771362,54.32058334350586,-51.62043762207031
251.642990112,54.0660514831543,-51.61876678466797
251.842208862,53.812889099121094,-51.61710739135742
251.991622924,53.630882263183594,-51.61590576171875
252.190841674,53.37361145019531,-51.61421203613281
252.390060424,53.12181854248047,-51.61256408691406
252.605880737,52.83717727661133,-51.610687255859375
252.755294799,52.65790939331055,-51.6095085144043
252.954513549,52.404747009277344,-51.60784912109375
253.153732299,52.14884567260742,-51.60616683959961
253.352951049,51.88883590698242,-51.60445022583008
253.552169799,51.63156509399414,-51.60275650024414
253.751388549,51.38251876831055,-51.60420227050781
253.950607299,51.126644134521484,-51.60736083984375
254.149826049,50.86667251586914,-51.610565185546875
254.365646362,50.58753204345703,-51.614013671875
254.564865112,50.330291748046875,-51.6171875
254.764083862,50.07032012939453,-51.620391845703125
254.963302612,49.81717300415039,-51.622806549072266
255.112716674,49.64064407348633,-51.623870849609375
255.311935424,49.38339614868164,-51.62216567993164
255.511154174,49.1234245300293,-51.61964797973633
255.710372924,48.871646881103516,-51.6171989440918
255.926193237,48.5938720703125,-51.614498138427734
256.125396728,48.33526611328125,-51.61199188232422
256.324615478,48.07939147949219,-51.6095085144043
256.474029541,47.90560531616211,-51.60781478881836
256.623443603,47.7044563293457,-51.605857849121094
256.822662353,47.44448471069336,-51.60334014892578
257.021881103,47.18585968017578,-51.60481262207031
257.221099853,46.93408203125,-51.60792541503906
257.420318603,46.68230438232422,-51.61103820800781
257.636138916,46.422332763671875,-51.61424255371094
257.835357666,46.170555114746094,-51.61735534667969
258.034576416,45.91877746582031,-51.62046813964844
258.233795166,45.66151428222656,-51.62257766723633
258.383209228,45.45350646972656,-51.62382888793945
258.632232666,45.149723052978516,-51.62248992919922
258.781646728,44.94857406616211,-51.62053298950195
258.980865478,44.69269943237305,-51.61804962158203
259.180084228,44.4327278137207,-51.61553192138672
259.346099853,44.22475051879883,-51.61351776123047
259.545318603,43.96751022338867,-51.61102294921875
259.744537353,43.710269927978516,-51.60852813720703
259.943756103,43.45985794067383,-51.6060905456543
260.142974853,43.20944595336914,-51.60365295410156
260.342193603,42.95628356933594,-51.6040153503418
260.491607666,42.77427673339844,-51.60511016845703
260.690826416,42.517005920410156,-51.606658935546875
260.890045166,42.26658248901367,-51.60816955566406
261.105865478,41.994266510009766,-51.60981369018555
261.305084228,41.734256744384766,-51.61137771606445
261.504302978,41.474246978759766,-51.61294174194336
261.703521728,41.22382354736328,-51.61445236206055
261.902740478,40.96381378173828,-51.61601638793945
262.052154541,40.78180694580078,-51.61711120605469
262.251373291,40.52864456176758,-51.61863708496094
262.450592041,40.278221130371094,-51.620147705078125
262.649810791,40.018211364746094,-51.62171173095703
262.815826416,39.810203552246094,-51.622962951660156
263.064849853,39.610782623291016,-51.623008728027344
263.264068603,39.610782623291016,-51.623008728027344
263.463287353,39.610782623291016,-51.623008728027344
263.662506103,39.610782623291016,-51.623008728027344
263.861724853,39.610782623291016,-51.623008728027344
264.060943603,39.58578109741211,-51.622764587402344
264.309967041,39.29030990600586,-51.619895935058594
264.525787353,39.00843811035156,-51.61716079711914
264.725006103,38.7525634765625,-51.61467742919922
264.924224853,38.492591857910156,-51.612159729003906
265.123443603,38.236717224121094,-51.609676361083984
265.322662353,37.986305236816406,-51.60723876953125
265.521881103,37.730430603027344,-51.60475540161133
265.721099853,37.47043991088867,-51.60444641113281
265.920318603,37.220027923583984,-51.60674285888672
266.136138916,36.9696159362793,-51.609039306640625
266.335357666,36.70964431762695,-51.61144256591797
266.534576416,36.45376968383789,-51.613800048828125
266.733795166,36.20199203491211,-51.616111755371094
266.933013916,35.94748306274414,-51.61845397949219
267.132232666,35.6875114440918,-51.62085723876953
267.281646728,35.480899810791016,-51.622764587402344
267.480865478,35.22910690307617,-51.62188720703125
267.680084228,34.97320556640625,-51.62020492553711
267.895904541,34.71319580078125,-51.61848831176758
268.095123291,34.46003341674805,-51.61682891845703
268.294342041,34.204132080078125,-51.61514663696289
268.493560791,33.944122314453125,-51.61343002319336
268.642974853,33.74159240722656,-51.61210250854492
268.842193603,33.48979949951172,-51.61045455932617
268.991607666,33.3119010925293,-51.60928726196289
269.190826416,33.0518913269043,-51.60757064819336
269.390045166,32.795989990234375,-51.60588836669922
269.605865478,32.52367401123047,-51.6041145324707
269.805084228,32.26366424560547,-51.60239791870117
269.954498291,32.081668853759766,-51.60325622558594
270.153717041,31.828527450561523,-51.60558319091797
270.352935791,31.578123092651367,-51.607879638671875
270.552154541,31.320871353149414,-51.610252380371094
270.751373291,31.060880661010742,-51.61265563964844
270.950592041,30.809106826782227,-51.614967346191406
271.149810791,30.551855087280273,-51.617340087890625
271.365631103,30.265865325927734,-51.6199836730957
271.564849853,30.01409149169922,-51.62229537963867
271.764068603,29.762311935424805,-51.62239456176758
271.963287353,29.50234031677246,-51.61903762817383
272.112701416,29.32036018371582,-51.6166877746582
272.311920166,29.068593978881836,-51.61344528198242
272.511138916,28.81682777404785,-51.61020278930664
272.710357666,28.558223724365234,-51.60686492919922
272.926177978,28.272241592407227,-51.60523223876953
273.125396728,28.019088745117188,-51.60597610473633
273.324615478,27.759098052978516,-51.60673904418945
273.523834228,27.503210067749023,-51.60749053955078
273.723052978,27.256895065307617,-51.60821533203125
273.922271728,27.00647735595703,-51.608951568603516
274.121490478,26.753324508666992,-51.60969543457031
274.320709228,26.49333381652832,-51.61045837402344
274.470123291,26.31134033203125,-51.610992431640625
274.735748291,25.980262756347656,-51.61565017700195
274.885162353,25.773204803466797,-51.634918212890625
275.084381103,25.518024444580078,-51.66754150390625
275.283599853,25.26434326171875,-51.70085906982422
275.482818603,25.014123916625977,-51.754180908203125
275.731842041,24.718631744384766,-51.83037185668945
275.881256103,24.517061233520508,-51.881690979003906
276.080474853,24.27538299560547,-51.964839935302734
276.329498291,24.02151870727539,-52.13082504272461
276.495513916,23.902324676513672,-52.298702239990234
276.694732666,23.822677612304688,-52.54378128051758
276.844146728,23.79627799987793,-52.74724578857422
277.043365478,23.777280807495117,-53.00654602050781
277.192779541,23.762495040893555,-53.18381881713867
277.391998291,23.728557586669922,-53.43743133544922
277.591217041,23.680904388427734,-53.68463134765625
277.740631103,23.628131866455078,-53.88154220581055
277.956451416,23.555217742919922,-54.1268196105957
278.155670166,23.478498458862305,-54.368072509765625
278.305084228,23.4171142578125,-54.566810607910156
278.504302978,23.34162139892578,-54.81561279296875
278.703521728,23.26715850830078,-55.06471252441406
278.852935791,23.215030670166016,-55.2376594543457
279.052154541,23.14550018310547,-55.47822570800781
279.251373291,23.074901580810547,-55.71990966796875
279.450592041,23.003921508789062,-55.96005630493164
279.600006103,22.943164825439453,-56.153263092041016
279.815826416,22.86934471130371,-56.39542770385742
280.015045166,22.793298721313477,-56.64406967163086
280.164459228,22.735580444335938,-56.84104537963867
280.363677978,22.663843154907227,-57.08951950073242
280.562896728,22.59063148498535,-57.33613204956055
280.762115478,22.51616859436035,-57.58523178100586
280.911529541,22.463905334472656,-57.75670623779297
281.110748291,22.386859893798828,-58.00359344482422
281.309967041,22.307514190673828,-58.24542999267578
281.426177978,22.26228904724121,-58.38612747192383
281.625396728,22.18659210205078,-58.63057327270508
281.824615478,22.111513137817383,-58.875213623046875
281.974029541,22.05695152282715,-59.04884338378906
282.223052978,21.951065063476562,-59.369815826416016
282.372467041,21.895917892456055,-59.540382385253906
282.571685791,21.822160720825195,-59.78398513793945
282.770904541,21.74611473083496,-60.03262710571289
282.970123291,21.667255401611328,-60.28036880493164
283.185943603,21.57428550720215,-60.547943115234375
283.335357666,21.52313995361328,-60.721153259277344
283.534576416,21.478639602661133,-60.977046966552734
283.733795166,21.46630859375,-61.22844314575195
283.933013916,21.475061416625977,-61.47731018066406
284.082427978,21.480979919433594,-61.678382873535156
284.281646728,21.480981826782227,-61.863365173339844
284.480865478,21.480981826782227,-61.863365173339844
284.680084228,21.480981826782227,-61.863365173339844
284.846099853,21.480981826782227,-61.863365173339844
285.045318603,21.480981826782227,-61.863365173339844
285.194732666,21.48069953918457,-61.87586212158203
285.443756103,21.465564727783203,-62.18172073364258
285.642974853,21.433515548706055,-62.436946868896484
285.792388916,21.405271530151367,-62.61396408081055
285.991607666,21.357969284057617,-62.8668212890625
286.190826416,21.303321838378906,-63.11540222167969
286.390045166,21.242971420288086,-63.3682975769043
286.506256103,21.204177856445312,-63.5193977355957
286.705474853,21.14493179321289,-63.76552200317383
286.904693603,21.084606170654297,-64.00716400146484
287.103912353,21.027538299560547,-64.2566146850586
287.253326416,20.990100860595703,-64.42911529541016
287.452545166,20.93419647216797,-64.68162536621094
287.651763916,20.880233764648438,-64.93597412109375
287.850982666,20.822826385498047,-65.18953704833984
288.000396728,20.779874801635742,-65.38604736328125
288.216217041,20.726953506469727,-65.62939453125
288.415435791,20.673133850097656,-65.87957763671875
288.564849853,20.629146575927734,-66.0828857421875
288.764068603,20.57406234741211,-66.33698272705078
288.963287353,20.516788482666016,-66.5877685546875
289.162506103,20.45885467529297,-66.82717895507812
289.361724853,20.396692276000977,-67.06550598144531
289.560943603,20.336687088012695,-67.30579376220703
289.710357666,20.298620223999023,-67.47535705566406
289.926177978,20.24112319946289,-67.74714660644531
290.125396728,20.183435440063477,-67.99787139892578
290.274810791,20.14259910583496,-68.173828125
290.474029541,20.085832595825195,-68.42755126953125
290.673248291,20.027090072631836,-68.67520141601562
290.872467041,19.96847152709961,-68.92430114746094
291.071685791,19.913253784179688,-69.16571807861328
291.221099853,19.86576271057129,-69.36119842529297
291.370513916,19.821496963500977,-69.53772735595703
291.586334228,19.756793975830078,-69.81632995605469
291.785552978,19.704547882080078,-70.06683349609375
291.934967041,19.667814254760742,-70.23949432373047
292.134185791,19.613849639892578,-70.48542022705078
292.333404541,19.55531120300293,-70.73311614990234
292.532623291,19.49367904663086,-70.98572540283203
292.731842041,19.461265563964844,-71.11675262451172
292.931060791,19.431081771850586,-71.37420654296875
293.130279541,19.477031707763672,-71.62942504882812
293.296295166,19.54336166381836,-71.8236312866211
293.495513916,19.634281158447266,-72.06282806396484
293.644927978,19.70497703552246,-72.2555160522461
293.844146728,19.78165054321289,-72.50248718261719
294.043365478,19.848201751708984,-72.75379943847656
294.192779541,19.885486602783203,-72.92913818359375
294.391998291,19.93293571472168,-73.17781066894531
294.591217041,19.979686737060547,-73.42662048339844
294.790435791,20.031002044677734,-73.67871856689453
294.956451416,20.071826934814453,-73.88127136230469
295.105865478,20.11524200439453,-74.08467864990234
295.305084228,20.17402458190918,-74.32809448242188
295.504302978,20.23754119873047,-74.57455444335938
295.653717041,20.28011131286621,-74.74728393554688
295.852935791,20.339025497436523,-74.99210357666016
296.002349853,20.385889053344727,-75.19195556640625
296.201568603,20.4448184967041,-75.4423828125
296.350982666,20.48780632019043,-75.61923217773438
296.550201416,20.551502227783203,-75.8713150024414
296.716217041,20.601730346679688,-76.06891632080078
296.865631103,20.65074920654297,-76.27106475830078
297.064849853,20.708858489990234,-76.52449035644531
297.264068603,20.768890380859375,-76.77749633789062
297.413482666,20.809261322021484,-76.95075225830078
297.612701416,20.864774703979492,-77.19075012207031
297.762115478,20.90879249572754,-77.38563537597656
297.961334228,20.964447021484375,-77.6283950805664
298.160552978,21.023365020751953,-77.86754608154297
298.309967041,21.06583595275879,-78.03887176513672
298.525787353,21.130359649658203,-78.30626678466797
298.675201416,21.173582077026367,-78.48165130615234
298.874420166,21.23600959777832,-78.73404693603516
299.073638916,21.299070358276367,-78.98628997802734
299.272857666,21.362333297729492,-79.23564910888672
299.422271728,21.411457061767578,-79.43212890625
299.621490478,21.47324562072754,-79.67764282226562
299.770904541,21.489967346191406,-79.74407196044922
299.970123291,21.489967346191406,-79.74407196044922
300.136138916,21.49000358581543,-79.74543762207031
300.335357666,21.485902786254883,-79.76116180419922
300.534576416,21.442285537719727,-79.79320526123047
300.733795166,21.210813522338867,-79.81739044189453
300.982818603,20.94162940979004,-79.65296936035156
301.182037353,20.824071884155273,-79.42221069335938
301.381256103,20.73731231689453,-79.1815185546875
301.580474853,20.605148315429688,-78.96340942382812
301.796295166,20.418594360351562,-78.78710174560547
301.995513916,20.201452255249023,-78.64439392089844
302.244537353,19.91215705871582,-78.47767639160156
302.443756103,19.689340591430664,-78.34370422363281
302.642974853,19.472402572631836,-78.20545959472656
302.842193603,19.261842727661133,-78.0529556274414
303.041412353,19.059587478637695,-77.896240234375
303.240631103,18.861875534057617,-77.73812103271484
303.506256103,18.599079132080078,-77.52997589111328
303.655670166,18.4599666595459,-77.42131805419922
303.904693603,18.190093994140625,-77.21782684326172
304.103912353,17.985727310180664,-77.06381225585938
304.253326416,17.83977699279785,-76.95507049560547
304.452545166,17.628740310668945,-76.80321502685547
304.651763916,17.417892456054688,-76.65108489990234
304.850982666,17.20575714111328,-76.50077056884766
305.000396728,17.036678314208984,-76.37962341308594
305.216217041,16.829483032226562,-76.23179626464844
305.415435791,16.616825103759766,-76.08221435546875
305.614654541,16.40654754638672,-75.93402099609375
305.813873291,16.194602966308594,-75.78346252441406
306.013092041,15.986817359924316,-75.63883209228516
306.212310791,15.781774520874023,-75.4926986694336
306.411529541,15.576557159423828,-75.34446716308594
306.610748291,15.374723434448242,-75.19624328613281
306.809967041,15.167407989501953,-75.03941345214844
307.025787353,14.948193550109863,-74.8557357788086
307.225006103,14.745706558227539,-74.69937133789062
307.424224853,14.536885261535645,-74.54912567138672
307.673248291,14.283100128173828,-74.37239074707031
307.872467041,14.071864128112793,-74.22080993652344
308.071685791,13.930814743041992,-74.12150573730469
308.270904541,13.930814743041992,-74.12150573730469
308.470123291,13.930814743041992,-74.12150573730469
308.685943603,13.930814743041992,-74.12150573730469
308.835357666,13.930814743041992,-74.12150573730469
309.034576416,13.92857551574707,-74.11993408203125
309.233795166,13.885100364685059,-74.10017395019531
309.433013916,13.680094718933105,-74.1051254272461
309.632232666,13.474656105041504,-74.24439239501953
309.831451416,13.360947608947754,-74.47588348388672
310.080474853,13.322961807250977,-74.80430603027344
310.229888916,13.308551788330078,-74.9856948852539
310.445709228,13.247986793518066,-75.26195526123047
310.644927978,13.144278526306152,-75.49549102783203
310.844146728,13.006442070007324,-75.71256256103516
311.043365478,12.849438667297363,-75.9162826538086
311.242584228,12.685909271240234,-76.118408203125
311.441802978,12.529220581054688,-76.32071685791016
311.641021728,12.381677627563477,-76.52811431884766
311.840240478,12.237743377685547,-76.74132537841797
312.056060791,12.099320411682129,-76.95816040039062
312.255279541,11.961692810058594,-77.17875671386719
312.454498291,11.828387260437012,-77.3891372680664
312.653717041,11.694382667541504,-77.60393524169922
312.902740478,11.519317626953125,-77.88664245605469
313.101959228,11.37469482421875,-78.1010513305664
313.301177978,11.230476379394531,-78.31573486328125
313.500396728,11.084954261779785,-78.53118896484375
313.699615478,10.9536771774292,-78.72489166259766
313.915435791,10.79281997680664,-78.96136474609375
314.114654541,10.648614883422852,-79.17274475097656
314.363677978,10.462607383728027,-79.45496368408203
314.513092041,10.364474296569824,-79.60823059082031
314.712310791,10.233012199401855,-79.82134246826172
314.911529541,10.109058380126953,-80.04363250732422
315.160552978,9.972969055175781,-80.34961700439453
315.376373291,9.929885864257812,-80.55455780029297
315.525787353,9.929839134216309,-80.55655670166016
315.774810791,9.929839134216309,-80.55655670166016
315.974029541,9.929839134216309,-80.55655670166016
316.173248291,9.929839134216309,-80.55655670166016
316.372467041,9.929839134216309,-80.55655670166016
316.571685791,9.929839134216309,-80.55655670166016
316.770904541,9.929839134216309,-80.55655670166016
316.970123291,9.929839134216309,-80.55655670166016
317.136138916,9.929839134216309,-80.55655670166016
317.385162353,9.929839134216309,-80.55655670166016
317.584381103,9.929839134216309,-80.55655670166016
317.783599853,9.929839134216309,-80.55655670166016
317.982818603,9.929839134216309,-80.55655670166016
318.132232666,9.929839134216309,-80.55655670166016
318.331451416,9.929839134216309,-80.55655670166016
318.530670166,9.929839134216309,-80.55655670166016
318.796295166,9.929839134216309,-80.55655670166016
318.945709228,9.929839134216309,-80.55655670166016
319.144927978,9.929839134216309,-80.55655670166016
319.393951416,9.929839134216309,-80.55655670166016
319.593170166,9.929839134216309,-80.55655670166016
319.792388916,9.929839134216309,-80.55655670166016
319.991607666,9.929839134216309,-80.55655670166016
320.190826416,9.929839134216309,-80.55655670166016
320.390045166,9.929839134216309,-80.55655670166016
320.605865478,9.929839134216309,-80.55655670166016
320.805084228,9.929839134216309,-80.55655670166016
321.054107666,9.929839134216309,-80.55655670166016
321.203521728,9.929986000061035,-80.56905364990234
321.352935791,9.940223693847656,-80.73006439208984
321.601959228,9.94721794128418,-80.79106140136719
321.801177978,9.94721794128418,-80.79106140136719
322.000396728,9.94721794128418,-80.79106140136719
322.149810791,9.94721794128418,-80.79106140136719
322.365631103,9.94721794128418,-80.79106140136719
322.614654541,9.94721794128418,-80.79106140136719
322.813873291,9.94721794128418,-80.79106140136719
323.013092041,9.94721794128418,-80.79106140136719
323.212310791,9.94721794128418,-80.79106140136719
323.411529541,9.94721794128418,-80.79106140136719
323.610748291,9.94721794128418,-80.79106140136719
323.760162353,9.94721794128418,-80.79106140136719
323.975982666,9.94721794128418,-80.79106140136719
324.175201416,9.94721794128418,-80.79106140136719
324.374420166,9.94721794128418,-80.79106140136719
324.623443603,9.94721794128418,-80.79106140136719
324.822662353,9.94721794128418,-80.79106140136719
324.972076416,9.94721794128418,-80.79106140136719
325.171295166,9.94721794128418,-80.79106140136719
325.420318603,9.94721794128418,-80.79106140136719
325.586334228,9.94721794128418,-80.79106140136719
325.785552978,9.94721794128418,-80.79106140136719
325.984771728,9.94721794128418,-80.79106140136719
326.183990478,9.94721794128418,-80.79106140136719
326.383209228,9.94721794128418,-80.79106140136719
326.632232666,9.94721794128418,-80.79106140136719
326.781646728,9.94721794128418,-80.79106140136719
327.030670166,9.94721794128418,-80.79106140136719
327.229888916,9.94721794128418,-80.79106140136719
327.445709228,9.94721794128418,-80.79106140136719
327.644927978,9.94721794128418,-80.79106140136719
327.844146728,9.94721794128418,-80.79106140136719
328.043365478,9.94721794128418,-80.79106140136719
328.242584228,9.94721794128418,-80.79106140136719
328.441802978,9.94721794128418,-80.79106140136719
328.641021728,9.94721794128418,-80.79106140136719
328.790435791,9.94721794128418,-80.79106140136719
329.006256103,9.94721794128418,-80.79106140136719
329.205474853,9.952269554138184,-80.82821655273438
329.454498291,9.969634056091309,-80.9244384765625
329.653717041,9.969634056091309,-80.9244384765625
329.852935791,9.969634056091309,-80.9244384765625
330.052154541,9.969634056091309,-80.9244384765625
330.251373291,9.969634056091309,-80.9244384765625
330.450592041,9.969634056091309,-80.9244384765625
330.649810791,9.969634056091309,-80.9244384765625
330.865631103,9.969634056091309,-80.9244384765625
331.064849853,9.969634056091309,-80.9244384765625
331.264068603,9.972247123718262,-80.93666076660156
331.513092041,10.00752067565918,-81.21306610107422
331.712310791,10.009410858154297,-81.24201202392578
331.911529541,10.009410858154297,-81.24201202392578
332.110748291,10.009410858154297,-81.24201202392578
332.309967041,10.009410858154297,-81.24201202392578
332.525787353,10.009410858154297,-81.24201202392578
332.725006103,10.009410858154297,-81.24201202392578
332.974029541,10.009410858154297,-81.24201202392578
333.173248291,10.009410858154297,-81.24201202392578
333.372467041,10.009410858154297,-81.24201202392578
333.571685791,10.009410858154297,-81.24201202392578
333.820709228,10.009410858154297,-81.24201202392578
333.970123291,10.009410858154297,-81.24201202392578
334.235748291,10.009410858154297,-81.24201202392578
334.434967041,10.011495590209961,-81.27945709228516
334.634185791,9.998056411743164,-81.53458404541016
334.883209228,9.930445671081543,-81.86286926269531
335.032623291,9.890678405761719,-82.04046630859375
335.281646728,9.826519966125488,-82.36112213134766
335.480865478,9.792684555053711,-82.60923767089844
335.680084228,9.761096000671387,-82.857666015625
335.895904541,9.728145599365234,-83.11556243896484
336.045318603,9.699116706848145,-83.32013702392578
336.194732666,9.679518699645996,-83.44928741455078
336.393951416,9.677411079406738,-83.46261596679688
336.642974853,9.664971351623535,-83.76582336425781
336.842193603,9.702847480773926,-84.01863861083984
337.041412353,9.770745277404785,-84.26246643066406
337.240631103,9.841943740844727,-84.51248931884766
337.390045166,9.878989219665527,-84.68925476074219
337.605865478,9.912677764892578,-84.96624755859375
337.854888916,9.916608810424805,-85.27669525146484
338.054107666,9.89784049987793,-85.52913665771484
338.253326416,9.87812328338623,-85.78837585449219
338.452545166,9.862253189086914,-86.0478515625
338.651763916,9.873480796813965,-86.30476379394531
338.850982666,9.878683090209961,-86.35951232910156
339.050201416,9.878683090209961,-86.35951232910156
339.266021728,9.878683090209961,-86.35951232910156
339.515045166,9.878683090209961,-86.35951232910156
339.714263916,9.878683090209961,-86.35951232910156
339.913482666,9.878683090209961,-86.35951232910156
340.112701416,9.878683090209961,-86.35951232910156
340.311920166,9.878683090209961,-86.35951232910156
340.560943603,9.878683090209961,-86.35951232910156
340.760162353,9.878683090209961,-86.35951232910156
340.926177978,9.878683090209961,-86.35951232910156
341.175201416,9.878683090209961,-86.35951232910156
341.374420166,9.878683090209961,-86.35951232910156
341.573638916,9.878683090209961,-86.35951232910156
341.772857666,9.878683090209961,-86.35951232910156
341.972076416,9.878683090209961,-86.35951232910156
342.171295166,9.878683090209961,-86.35951232910156
342.370513916,9.878683090209961,-86.35951232910156
342.569732666,9.878683090209961,-86.35951232910156
342.785552978,9.878683090209961,-86.35951232910156
342.984771728,9.878683090209961,-86.35951232910156
343.183990478,9.878683090209961,-86.35951232910156
343.383209228,9.878683090209961,-86.35951232910156
343.632232666,9.878683090209961,-86.35951232910156
343.781646728,9.878683090209961,-86.35951232910156
343.931060791,9.878683090209961,-86.35951232910156
344.130279541,9.878683090209961,-86.35951232910156
344.346099853,9.878683090209961,-86.35951232910156
344.545318603,9.878683090209961,-86.35951232910156
344.744537353,9.878683090209961,-86.35951232910156
344.993560791,9.878683090209961,-86.35951232910156
345.142974853,9.878683090209961,-86.35951232910156
345.391998291,9.878683090209961,-86.35951232910156
345.591217041,9.881040573120117,-86.3843994140625
345.790435791,9.88961410522461,-86.62593078613281
346.006256103,9.872003555297852,-86.9098892211914
346.205474853,9.828550338745117,-87.1605224609375
346.404693603,9.762707710266113,-87.41202545166016
346.603912353,9.696396827697754,-87.65774536132812
346.852935791,9.624165534973145,-87.96125030517578
347.002349853,9.58000659942627,-88.16450500488281
347.251373291,9.514688491821289,-88.46819305419922
347.400787353,9.473533630371094,-88.67070770263672
347.649810791,9.410335540771484,-88.96644592285156
347.865631103,9.34493350982666,-89.23925018310547
348.064849853,9.298521995544434,-89.43121337890625
348.264068603,9.298295021057129,-89.43218994140625
348.463287353,9.298295021057129,-89.43218994140625
348.662506103,9.287651062011719,-89.48104095458984
348.861724853,9.263352394104004,-89.73057556152344
349.060943603,9.287479400634766,-89.98626708984375
349.260162353,9.348308563232422,-90.23896789550781
349.475982666,9.415555953979492,-90.478759765625
349.675201416,9.48695182800293,-90.7287368774414
349.874420166,9.553924560546875,-90.97994995117188
350.123443603,9.60277271270752,-91.17232513427734
350.272857666,9.60277271270752,-91.17232513427734
350.521881103,9.60277271270752,-91.17232513427734
350.671295166,9.60277271270752,-91.17232513427734
350.870513916,9.60277271270752,-91.17232513427734
351.086334228,9.60277271270752,-91.17232513427734
351.185943603,9.60277271270752,-91.17232513427734
351.385162353,9.60277271270752,-91.17232513427734
351.584381103,9.608798027038574,-91.19658660888672
351.783599853,9.636934280395508,-91.4283676147461
351.982818603,9.592669486999512,-91.67951965332031
352.231842041,9.477544784545898,-91.9617919921875
352.431060791,9.354841232299805,-92.18943786621094
352.580474853,9.253629684448242,-92.37115478515625
352.846099853,9.102968215942383,-92.6644515991211
353.045318603,9.002742767333984,-92.9043197631836
353.244537353,8.908622741699219,-93.1452407836914
353.443756103,8.817255973815918,-93.3871841430664
353.642974853,8.729727745056152,-93.62763977050781
353.842193603,8.637656211853027,-93.86932373046875
354.041412353,8.543652534484863,-94.11177062988281
354.240631103,8.448372840881348,-94.35075378417969
354.456451416,8.437024116516113,-94.3785171508789
354.655670166,8.432295799255371,-94.39009094238281
354.904693603,8.356600761413574,-94.69830322265625
355.103912353,8.370197296142578,-94.94773864746094
355.303131103,8.426777839660645,-95.20002746582031
355.502349853,8.497132301330566,-95.45030975341797
355.701568603,8.559020042419434,-95.69153594970703
355.900787353,8.604288101196289,-95.94051361083984
356.149810791,8.642437934875488,-96.25015258789062
356.315826416,8.663644790649414,-96.45568084716797
356.515045166,8.693168640136719,-96.70985412597656
356.764068603,8.7326021194458,-97.0413818359375
356.913482666,8.756688117980957,-97.22177124023438
357.112701416,8.794506072998047,-97.47209167480469
357.361724853,8.845125198364258,-97.79795837402344
357.560943603,8.8866605758667,-98.05461120605469
357.760162353,8.92455005645752,-98.31183624267578
357.909576416,8.946763038635254,-98.48970794677734
358.125396728,8.98055362701416,-98.76817321777344
358.324615478,9.008842468261719,-99.02661895751953
358.523834228,9.039799690246582,-99.28199768066406
358.673248291,9.061463356018066,-99.45304870605469
358.872467041,9.066312789916992,-99.48912048339844
359.071685791,9.066312789916992,-99.48912048339844
359.270904541,9.066312789916992,-99.48912048339844
359.470123291,9.066312789916992,-99.48912048339844
359.685943603,9.070952415466309,-99.52633666992188
359.885162353,9.065400123596191,-99.7831039428711
360.084381103,8.94317626953125,-100.00531005859375
360.333404541,8.670613288879395,-100.1475601196289
360.482818603,8.463517189025879,-100.16360473632812
360.731842041,8.155831336975098,-100.16865539550781
360.931060791,7.911881446838379,-100.2224349975586
361.130279541,7.685639381408691,-100.33203887939453
361.346099853,7.455123424530029,-100.50083923339844
361.545318603,7.260654926300049,-100.66504669189453
361.744537353,7.0600810050964355,-100.83049011230469
361.993560791,6.8192973136901855,-101.02238464355469
362.192779541,6.615505695343018,-101.17251586914062
362.391998291,6.400378227233887,-101.31853485107422
362.591217041,6.182394027709961,-101.46024322509766
362.790435791,5.985063076019287,-101.5827407836914
363.006256103,5.982503890991211,-101.58429718017578
363.255279541,5.982503890991211,-101.58429718017578
363.454498291,5.982503890991211,-101.58429718017578
363.653717041,5.982503890991211,-101.58429718017578
363.902740478,5.9593706130981445,-101.59892272949219
364.101959228,5.83222770690918,-101.71424865722656
364.301177978,5.739167213439941,-101.9533920288086
364.500396728,5.793610095977783,-102.19287872314453
364.716217041,5.959377288818359,-102.39122772216797
364.865631103,6.121260643005371,-102.51506805419922
365.114654541,6.355410099029541,-102.70369720458984
365.264068603,6.49456262588501,-102.85803985595703
365.463287353,6.6263885498046875,-103.07212829589844
365.662506103,6.730441093444824,-103.30580139160156
365.861724853,6.821338653564453,-103.54499816894531
366.060943603,6.90665340423584,-103.78623962402344
366.260162353,6.984910488128662,-104.00345611572266
366.475982666,6.985605716705322,-104.00533294677734
366.675201416,6.985605716705322,-104.00533294677734
366.874420166,6.994409561157227,-104.02873229980469
367.073638916,7.102803707122803,-104.25259399414062
367.272857666,7.246247291564941,-104.45588684082031
367.472076416,7.407977104187012,-104.64527130126953
367.671295166,7.576079368591309,-104.82526397705078
367.870513916,7.753538608551025,-105.01527404785156
368.086334228,7.940829277038574,-105.22957611083984
368.235748291,8.050385475158691,-105.36093139648438
368.434967041,8.209792137145996,-105.56109619140625
368.634185791,8.367791175842285,-105.76758575439453
368.833404541,8.517256736755371,-105.97189331054688
369.032623291,8.67005443572998,-106.18223571777344
369.231842041,8.82843017578125,-106.3884048461914
369.381256103,8.957859992980957,-106.54769897460938
369.580474853,9.1194429397583,-106.74787902832031
369.796295166,9.278907775878906,-106.94800567626953
369.995513916,9.394622802734375,-107.09235382080078
370.244537353,9.394622802734375,-107.09235382080078
370.443756103,9.394622802734375,-107.09235382080078
370.593170166,9.394622802734375,-107.09235382080078
370.842193603,9.39879035949707,-107.09777069091797
371.041412353,9.443180084228516,-107.20228576660156
371.141021728,9.456929206848145,-107.32286834716797
371.340240478,9.376367568969727,-107.55459594726562
371.556060791,9.179108619689941,-107.70885467529297
371.805084228,8.854604721069336,-107.79545593261719
372.004302978,8.61229419708252,-107.86248779296875
372.253326416,8.345183372497559,-108.01107025146484
372.452545166,8.157205581665039,-108.18222045898438
372.651763916,7.9928131103515625,-108.36737823486328
372.850982666,7.826578140258789,-108.56726837158203
373.050201416,7.658148765563965,-108.76535034179688
373.249420166,7.485884666442871,-108.9600830078125
373.465240478,7.293639659881592,-109.16058349609375
373.664459228,7.112244606018066,-109.33712005615234
373.863677978,6.9200968742370605,-109.50403594970703
374.112701416,6.684284210205078,-109.70413970947266
374.262115478,6.528390884399414,-109.8355484008789
374.461334228,6.33531379699707,-110.00959777832031
374.710357666,6.116081237792969,-110.22962951660156
374.926177978,6.016526222229004,-110.33081817626953
375.125396728,6.016526222229004,-110.33081817626953
375.324615478,6.016526222229004,-110.33081817626953
375.523834228,6.016526222229004,-110.33081817626953
375.723052978,6.016526222229004,-110.33081817626953
375.922271728,5.9819207191467285,-110.36690521240234
376.121490478,5.842044830322266,-110.5682144165039
376.320709228,5.809251308441162,-110.82276916503906
376.536529541,5.8931803703308105,-111.06446838378906
376.735748291,6.0375285148620605,-111.2803726196289
376.934967041,6.190549850463867,-111.49052429199219
377.134185791,6.315461158752441,-111.71813201904297
377.333404541,6.400792598724365,-111.9634780883789
377.532623291,6.45365047454834,-112.1795883178711
377.731842041,6.504130840301514,-112.43183135986328
377.931060791,6.553370475769043,-112.68712615966797
378.180084228,6.627871036529541,-113.01675415039062
378.395904541,6.695670127868652,-113.26490020751953
378.595123291,6.767760753631592,-113.50186920166016
378.844146728,6.863607406616211,-113.82311248779297
379.093170166,6.948166370391846,-114.11629486083984
379.292388916,7.020211696624756,-114.36608123779297
379.491607666,7.088160991668701,-114.6084976196289
379.690826416,7.159404754638672,-114.85140228271484
379.890045166,7.2356767654418945,-115.0985336303711
380.105865478,7.315957069396973,-115.37014770507812
380.305084228,7.38896369934082,-115.6153793334961
380.554107666,7.474501132965088,-115.90258026123047
380.703521728,7.527184009552002,-116.07498168945312
380.952545166,7.531759738922119,-116.08979034423828
381.052154541,7.535449981689453,-116.10173034667969
381.301177978,7.574756145477295,-116.41537475585938
381.450592041,7.531393051147461,-116.59162902832031
381.649810791,7.409846782684326,-116.81456756591797
381.865631103,7.241715908050537,-117.0459213256836
382.064849853,7.096657752990723,-117.2550277709961
382.264068603,6.966762065887451,-117.47221374511719
382.463287353,6.8517537117004395,-117.70536804199219
382.662506103,6.7461371421813965,-117.93994140625
382.911529541,6.6278910636901855,-118.22127532958984
383.060943603,6.545449256896973,-118.4122314453125
383.309967041,6.420597553253174,-118.68917083740234
383.475982666,6.385650157928467,-118.76336669921875
383.675201416,6.385650157928467,-118.76336669921875
383.924224853,6.385650157928467,-118.76336669921875
384.123443603,6.359982490539551,-118.82035064697266
384.322662353,6.269283771514893,-119.0613784790039
384.521881103,6.1954026222229,-119.30924224853516
384.721099853,6.12523078918457,-119.55534362792969
384.920318603,6.098550319671631,-119.64497375488281
385.136138916,6.082047462463379,-119.70344543457031
385.335357666,6.057101726531982,-119.94986724853516
385.484771728,6.123534679412842,-120.1334228515625
385.683990478,6.317687511444092,-120.29277801513672
385.883209228,6.565348148345947,-120.37077331542969
386.082427978,6.813957214355469,-120.4417724609375
386.231842041,6.980111122131348,-120.51560974121094
386.431060791,7.189043045043945,-120.66007232666016
386.630279541,7.372138977050781,-120.84445190429688
386.829498291,7.531761169433594,-121.04085540771484
386.995513916,7.655176639556885,-121.2048568725586
387.194732666,7.81299352645874,-121.41146850585938
387.393951416,7.97775411605835,-121.60356140136719
387.593170166,8.155935287475586,-121.78721618652344
387.792388916,8.334430694580078,-121.96865844726562
387.941802978,8.474723815917969,-122.11473083496094
388.141021728,8.649402618408203,-122.29985809326172
388.340240478,8.820154190063477,-122.48675537109375
388.506256103,8.875407218933105,-122.5473403930664
388.755279541,8.875407218933105,-122.5473403930664
388.954498291,8.889091491699219,-122.56263732910156
389.153717041,8.965868949890137,-122.68297576904297
389.352935791,8.982128143310547,-122.90096282958984
389.552154541,8.870138168334961,-123.12167358398438
389.751373291,8.660499572753906,-123.25904846191406
389.950592041,8.415815353393555,-123.32317352294922
390.149810791,8.200931549072266,-123.38031768798828
390.365631103,7.959096431732178,-123.52862548828125
390.564849853,7.812211036682129,-123.74149322509766
390.764068603,7.714778900146484,-123.98241424560547
390.963287353,7.621734142303467,-124.22516632080078
391.112701416,7.543245792388916,-124.38927459716797
391.262115478,7.435098648071289,-124.56689453125
391.411529541,7.33394718170166,-124.70987701416016
391.610748291,7.203724384307861,-124.87459564208984
391.809967041,7.186677932739258,-124.8955307006836
392.025787353,7.053338050842285,-125.11907958984375
392.225006103,7.041027545928955,-125.37499237060547
392.424224853,7.165584564208984,-125.59037780761719
392.623443603,7.290120601654053,-125.69039154052734
392.822662353,7.290120601654053,-125.69039154052734
392.972076416,7.290120601654053,-125.69039154052734
393.171295166,7.290120601654053,-125.69039154052734
393.420318603,7.290120601654053,-125.69039154052734
393.569732666,7.290120601654053,-125.69039154052734
393.785552978,7.290120601654053,-125.69039154052734
393.934967041,7.290120601654053,-125.69039154052734
394.134185791,7.290120601654053,-125.69039154052734
394.333404541,7.290120601654053,-125.69039154052734
394.532623291,7.290120601654053,-125.69039154052734
394.731842041,7.311244487762451,-125.70376586914062
394.931060791,7.50460147857666,-125.86564636230469
395.130279541,7.6411919593811035,-126.08607482910156
395.346099853,7.750823974609375,-126.35009765625
395.545318603,7.834803581237793,-126.59613800048828
395.794342041,7.942602157592773,-126.88438415527344
395.993560791,8.057084083557129,-127.11466217041016
396.192779541,8.104938507080078,-127.19729614257812
396.391998291,8.104938507080078,-127.19729614257812
396.641021728,8.104938507080078,-127.19729614257812
396.840240478,8.104938507080078,-127.19729614257812
397.006256103,8.176987648010254,-127.3167495727539
397.255279541,8.337183952331543,-127.5844955444336
397.454498291,8.468152046203613,-127.80909729003906
397.653717041,8.598061561584473,-128.03431701660156
397.902740478,8.749700546264648,-128.2986602783203
398.101959228,8.821910858154297,-128.42567443847656
398.301177978,8.946215629577637,-128.64146423339844
398.500396728,9.055779457092285,-128.8206329345703
398.716217041,9.1934232711792,-129.04127502441406
398.915435791,9.330997467041016,-129.26194763183594
399.114654541,9.458520889282227,-129.47586059570312
399.313873291,9.59230899810791,-129.6987762451172
399.513092041,9.628091812133789,-129.75718688964844
399.762115478,9.628091812133789,-129.75718688964844
399.961334228,9.659564971923828,-129.8107452392578
400.160552978,9.75357437133789,-130.04904174804688
400.376373291,9.754449844360352,-130.30490112304688
400.575592041,9.696030616760254,-130.55104064941406
400.824615478,9.601154327392578,-130.87252807617188
401.023834228,9.548558235168457,-131.1270751953125
401.223052978,9.50723648071289,-131.37957763671875
401.422271728,9.48719310760498,-131.62771606445312
401.621490478,9.479631423950195,-131.87802124023438
401.820709228,9.465218544006348,-132.13760375976562
402.036529541,9.447216033935547,-132.38438415527344
402.235748291,9.44503402709961,-132.41427612304688
402.484771728,9.44503402709961,-132.41427612304688
402.634185791,9.44503402709961,-132.41427612304688
402.883209228,9.44503402709961,-132.41427612304688
403.082427978,9.441579818725586,-132.476318359375
403.281646728,9.466233253479004,-132.72027587890625
403.530670166,9.645454406738281,-132.95750427246094
403.680084228,9.813015937805176,-133.02903747558594
403.846099853,10.018977165222168,-133.05628967285156
404.045318603,10.278886795043945,-133.06260681152344
404.194732666,10.460747718811035,-133.06944274902344
404.344146728,10.661513328552246,-133.0946502685547
404.543365478,10.902215003967285,-133.16278076171875
404.742584228,11.135857582092285,-133.2699737548828
404.891998291,11.291875839233398,-133.3582305908203
405.091217041,11.506804466247559,-133.49195861816406
405.290435791,11.548063278198242,-133.51820373535156
405.506256103,11.548063278198242,-133.51820373535156
405.705474853,11.548063278198242,-133.51820373535156
405.854888916,11.548063278198242,-133.51820373535156
406.054107666,11.548063278198242,-133.51820373535156
406.253326416,11.548063278198242,-133.51820373535156
406.452545166,11.548063278198242,-133.51820373535156
406.651763916,11.548063278198242,-133.51820373535156
406.850982666,11.548063278198242,-133.51820373535156
407.000396728,11.548063278198242,-133.51820373535156
407.216217041,11.548063278198242,-133.51820373535156
407.415435791,11.548063278198242,-133.51820373535156
407.614654541,11.548063278198242,-133.51820373535156
407.764068603,11.548063278198242,-133.51820373535156
408.013092041,11.548063278198242,-133.51820373535156
408.212310791,11.548063278198242,-133.51820373535156
408.411529541,11.548063278198242,-133.51820373535156
408.560943603,11.548063278198242,-133.51820373535156
408.760162353,11.548063278198242,-133.51820373535156
408.975982666,11.548063278198242,-133.51820373535156
409.175201416,11.548063278198242,-133.51820373535156
409.324615478,11.548063278198242,-133.51820373535156
409.523834228,11.548063278198242,-133.51820373535156
409.723052978,11.601045608520508,-133.5513458251953
409.872467041,11.756806373596191,-133.64547729492188
410.071685791,11.980178833007812,-133.77308654785156
410.270904541,12.208683013916016,-133.8970947265625
410.470123291,12.434839248657227,-134.02536010742188
410.636138916,12.612822532653809,-134.12762451171875
410.835357666,12.840184211730957,-134.2537384033203
410.984771728,13.022431373596191,-134.35394287109375
411.183990478,13.251091003417969,-134.4776611328125
411.383209228,13.481374740600586,-134.59835815429688
411.582427978,13.710733413696289,-134.72080993652344
411.781646728,13.936861038208008,-134.84632873535156
411.931060791,14.093994140625,-134.93260192871094
412.130279541,14.324009895324707,-135.05381774902344
412.296295166,14.508988380432129,-135.14892578125
412.495513916,14.7200345993042,-135.2523193359375
412.694732666,14.722735404968262,-135.25364685058594
412.893951416,14.722735404968262,-135.25364685058594
413.093170166,14.722735404968262,-135.25364685058594
413.242584228,14.722735404968262,-135.25364685058594
413.441802978,14.722735404968262,-135.25364685058594
413.641021728,14.728120803833008,-135.25462341308594
413.840240478,14.765251159667969,-135.2473907470703
413.956451416,14.830840110778809,-135.2024688720703
414.105865478,14.938485145568848,-135.0460662841797
414.305084228,14.97962474822998,-134.7911376953125
414.454498291,14.963518142700195,-134.61000061035156
414.653717041,14.911895751953125,-134.355224609375
414.803131103,14.86557674407959,-134.15245056152344
415.002349853,14.822042465209961,-133.896240234375
415.151763916,14.806184768676758,-133.7163543701172
415.350982666,14.810161590576172,-133.4566192626953
415.500396728,14.839580535888672,-133.2535400390625
415.649810791,14.87286376953125,-133.07464599609375
415.815826416,14.91234016418457,-132.87046813964844
415.965240478,14.949445724487305,-132.6755828857422
416.114654541,14.974414825439453,-132.4994659423828
416.313873291,14.99799633026123,-132.3197479248047
416.463287353,14.99799633026123,-132.3197479248047
416.612701416,14.99799633026123,-132.3197479248047
416.811920166,15.001355171203613,-132.29498291015625
416.961334228,15.049951553344727,-132.09817504882812
417.110748291,15.144827842712402,-131.9436492919922
417.260162353,15.294197082519531,-131.809814453125
417.376373291,15.404528617858887,-131.74110412597656
417.575592041,15.637289047241211,-131.62539672851562
417.725006103,15.82511043548584,-131.53602600097656
417.874420166,15.983229637145996,-131.45162963867188
418.023834228,16.15968894958496,-131.34156799316406
418.173248291,16.302234649658203,-131.237548828125
418.322662353,16.44757080078125,-131.11279296875
418.472076416,16.579586029052734,-130.98753356933594
418.671295166,16.768003463745117,-130.81036376953125
418.770904541,16.861013412475586,-130.72152709960938
418.970123291,17.045490264892578,-130.54417419433594
419.136138916,17.197120666503906,-130.40785217285156
419.285552978,17.352767944335938,-130.2698516845703
419.434967041,17.46179962158203,-130.1750030517578
419.584381103,17.46255111694336,-130.17434692382812
419.733795166,17.46255111694336,-130.17434692382812
419.883209228,17.481409072875977,-130.15792846679688
420.032623291,17.62226104736328,-130.05345153808594
420.231842041,17.669076919555664,-130.0246124267578
420.381256103,17.70152473449707,-130.0058135986328
420.530670166,17.860036849975586,-129.92750549316406
420.680084228,18.044260025024414,-129.85768127441406
420.846099853,18.238422393798828,-129.79544067382812
421.045318603,18.487205505371094,-129.71994018554688
421.194732666,18.658864974975586,-129.6637420654297
421.393951416,18.899290084838867,-129.57241821289062
421.543365478,19.083463668823242,-129.4915313720703
421.742584228,19.310749053955078,-129.38644409179688
421.891998291,19.475967407226562,-129.31015014648438
422.041412353,19.6616268157959,-129.22589111328125
422.190826416,19.826576232910156,-129.15573120117188
422.390045166,19.919742584228516,-129.12074279785156
422.506256103,19.919742584228516,-129.12074279785156
422.705474853,19.919742584228516,-129.12074279785156
422.854888916,19.919742584228516,-129.12074279785156
423.054107666,19.919742584228516,-129.12074279785156
423.203521728,19.932598114013672,-129.1160430908203
423.352935791,19.97633171081543,-129.09664916992188
423.552154541,20.09494972229004,-128.95553588867188
423.701568603,20.13920021057129,-128.76234436035156
423.900787353,20.122238159179688,-128.62852478027344
424.100006103,20.122238159179688,-128.62852478027344
424.249420166,20.122238159179688,-128.62852478027344
424.465240478,20.122238159179688,-128.62852478027344
424.664459228,20.122238159179688,-128.62852478027344
424.813873291,20.122238159179688,-128.62852478027344
425.013092041,20.122238159179688,-128.62852478027344
425.212310791,20.122238159179688,-128.62852478027344
425.411529541,20.122238159179688,-128.62852478027344
425.610748291,20.122238159179688,-128.62852478027344
425.809967041,20.122238159179688,-128.62852478027344
425.975982666,20.122238159179688,-128.62852478027344
426.175201416,20.122238159179688,-128.62852478027344
426.374420166,20.122238159179688,-128.62852478027344
426.573638916,20.122238159179688,-128.62852478027344
426.772857666,20.122238159179688,-128.62852478027344
426.922271728,20.111665725708008,-128.60586547851562
427.121490478,20.021915435791016,-128.36524963378906
427.320709228,19.949600219726562,-128.11553955078125
427.470123291,19.90374183654785,-127.94224548339844
427.685943603,19.83437728881836,-127.677490234375
427.835357666,19.79150390625,-127.52645874023438
428.034576416,19.716999053955078,-127.2888412475586
428.183990478,19.645889282226562,-127.0933837890625
428.383209228,19.6264705657959,-127.04191589355469
428.532623291,19.6264705657959,-127.04191589355469
428.731842041,19.6264705657959,-127.04191589355469
428.931060791,19.6264705657959,-127.04191589355469
429.130279541,19.6264705657959,-127.04191589355469
429.296295166,19.6264705657959,-127.04191589355469
429.495513916,19.6264705657959,-127.04191589355469
429.694732666,19.6264705657959,-127.04191589355469
429.893951416,19.6264705657959,-127.04191589355469
430.093170166,19.6264705657959,-127.04191589355469
430.242584228,19.6264705657959,-127.04191589355469
430.441802978,19.6264705657959,-127.04191589355469
430.591217041,19.622039794921875,-127.03022766113281
430.740631103,19.572067260742188,-126.8607177734375
430.939849853,19.55535316467285,-126.64017486572266
431.105865478,19.57969093322754,-126.4158935546875
431.255279541,19.61560821533203,-126.2502670288086
431.404693603,19.616334915161133,-126.24736022949219
431.603912353,19.616334915161133,-126.24736022949219
431.803131103,19.616334915161133,-126.24736022949219
431.952545166,19.616334915161133,-126.24736022949219
432.151763916,19.616334915161133,-126.24736022949219
432.301177978,19.616334915161133,-126.24736022949219
432.500396728,19.616334915161133,-126.24736022949219
432.649810791,19.616334915161133,-126.24736022949219
432.815826416,19.616334915161133,-126.24736022949219
433.015045166,19.616334915161133,-126.24736022949219
433.164459228,19.616334915161133,-126.24736022949219
433.313873291,19.616334915161133,-126.24736022949219
433.513092041,19.616334915161133,-126.24736022949219
433.662506103,19.616334915161133,-126.24736022949219
433.811920166,19.616334915161133,-126.24736022949219
434.011138916,19.616334915161133,-126.24736022949219
434.210357666,19.616334915161133,-126.24736022949219
434.376373291,19.616334915161133,-126.24736022949219
434.575592041,19.616334915161133,-126.24736022949219
434.774810791,19.591751098632812,-126.24287414550781
434.974029541,19.37329864501953,-126.28627014160156
435.173248291,19.18878173828125,-126.46442413330078
435.372467041,19.1062068939209,-126.70677947998047
435.571685791,19.06659698486328,-126.96234893798828
435.820709228,18.991859436035156,-127.2914810180664
435.970123291,18.96848487854004,-127.35693359375
436.235748291,18.829450607299805,-127.63053131103516
436.434967041,18.68448257446289,-127.83802795410156
436.634185791,18.559467315673828,-128.0086669921875
436.833404541,18.405271530151367,-128.21800231933594
437.032623291,18.2688045501709,-128.40931701660156
437.231842041,18.17618751525879,-128.5358428955078
437.431060791,18.17618751525879,-128.5358428955078
437.630279541,18.17618751525879,-128.5358428955078
437.895904541,18.17618751525879,-128.5358428955078
438.095123291,18.17618751525879,-128.5358428955078
438.294342041,18.17618751525879,-128.5358428955078
438.493560791,18.17618751525879,-128.5358428955078
438.692779541,18.14272117614746,-128.5214080810547
438.891998291,18.02472686767578,-128.33531188964844
439.041412353,18.009986877441406,-128.14141845703125
439.240631103,18.07247543334961,-127.88961029052734
439.390045166,18.134889602661133,-127.72156524658203
439.556060791,18.206451416015625,-127.5262680053711
439.705474853,18.265127182006836,-127.33534240722656
439.854888916,18.304500579833984,-127.1646957397461
440.054107666,18.34195899963379,-126.9116439819336
440.203521728,18.36484718322754,-126.70491790771484
440.352935791,18.38405990600586,-126.52394104003906
440.552154541,18.408159255981445,-126.27192687988281
440.751373291,18.432920455932617,-126.0158462524414
440.900787353,18.454130172729492,-125.81031036376953
441.050201416,18.476764678955078,-125.6297378540039
441.266021728,18.511066436767578,-125.35270690917969
441.365631103,18.527803421020508,-125.22516632080078
441.564849853,18.559741973876953,-124.98526763916016
441.764068603,18.597532272338867,-124.73495483398438
441.913482666,18.62325668334961,-124.55477905273438
442.062896728,18.64826774597168,-124.3482894897461
442.212310791,18.668411254882812,-124.17427825927734
442.411529541,18.692039489746094,-123.92910766601562
442.560943603,18.711244583129883,-123.7247314453125
442.710357666,18.72923469543457,-123.54360961914062
442.926177978,18.758588790893555,-123.25910949707031
443.075592041,18.780410766601562,-123.0798110961914
443.225006103,18.804765701293945,-122.87326049804688
443.374420166,18.8249568939209,-122.69239807128906
443.523834228,18.84947395324707,-122.48863220214844
443.673248291,18.869359970092773,-122.3091049194336
443.872467041,18.89832305908203,-122.05347442626953
444.021881103,18.92203140258789,-121.8468246459961
444.221099853,18.951215744018555,-121.58848571777344
444.370513916,18.973155975341797,-121.41470336914062
444.536529541,18.99453353881836,-121.21881866455078
444.685943603,19.011953353881836,-121.01705169677734
444.835357666,19.02945327758789,-120.83587646484375
445.034576416,19.05439567565918,-120.5770492553711
445.183990478,19.072940826416016,-120.37812042236328
445.383209228,19.100570678710938,-120.12785339355469
445.532623291,19.118024826049805,-119.94943237304688
445.682037353,19.13920021057129,-119.74251556396484
445.881256103,19.165224075317383,-119.48796844482422
446.030670166,19.179012298583984,-119.3133544921875
446.180084228,19.194355010986328,-119.11415100097656
446.346099853,19.212345123291016,-118.91516876220703
446.545318603,19.234216690063477,-118.65746307373047
446.694732666,19.246803283691406,-118.48275756835938
446.893951416,19.26844024658203,-118.2332763671875
447.043365478,19.28658103942871,-118.03430938720703
447.242584228,19.294456481933594,-117.93645477294922
447.391998291,19.296463012695312,-117.91153717041016
447.591217041,19.346099853515625,-117.66138458251953
447.740631103,19.426105499267578,-117.46958923339844
447.890045166,19.51340103149414,-117.31624603271484
448.056060791,19.628368377685547,-117.14457702636719
448.255279541,19.775821685791016,-116.9354476928711
448.404693603,19.89447593688965,-116.76627349853516
448.554107666,19.997278213500977,-116.61609649658203
448.753326416,20.13066291809082,-116.39617156982422
448.902740478,20.232694625854492,-116.21492004394531
449.052154541,20.32041358947754,-116.05545806884766
449.251373291,20.445337295532227,-115.82743072509766
449.400787353,20.545148849487305,-115.64492797851562
449.550201416,20.63243865966797,-115.48521423339844
449.716217041,20.7340030670166,-115.30526733398438
449.865631103,20.83668327331543,-115.13072204589844
450.015045166,20.926944732666016,-114.97743225097656
450.214263916,21.059558868408203,-114.75382232666016
450.363677978,21.161745071411133,-114.5789794921875
450.513092041,21.253318786621094,-114.42170715332031
450.662506103,21.353708267211914,-114.2442398071289
450.861724853,21.475204467773438,-114.02215576171875
451.011138916,21.564363479614258,-113.86348724365234
451.210357666,21.690122604370117,-113.640625
451.359771728,21.774505615234375,-113.49520874023438
451.475982666,21.85163688659668,-113.35961151123047
451.625396728,21.912076950073242,-113.25652313232422
451.824615478,21.912076950073242,-113.25652313232422
452.023834228,21.912076950073242,-113.25652313232422
452.173248291,21.912076950073242,-113.25652313232422
452.322662353,21.912076950073242,-113.25652313232422
452.472076416,21.912076950073242,-113.25652313232422
452.671295166,21.931631088256836,-113.2499771118164
452.820709228,22.056638717651367,-113.2547378540039
453.036529541,22.220592498779297,-113.36370086669922
453.185943603,22.317916870117188,-113.54114532470703
453.434967041,22.307329177856445,-113.8448257446289
453.634185791,22.225671768188477,-114.07838439941406
453.833404541,22.179107666015625,-114.21397399902344
454.032623291,22.12824249267578,-114.4560775756836
454.231842041,22.125774383544922,-114.67542266845703
454.431060791,22.141468048095703,-114.7876968383789
454.630279541,22.205703735351562,-115.03657531738281
454.846099853,22.27577018737793,-115.2326889038086
454.995513916,22.317461013793945,-115.34468078613281
455.244537353,22.4283447265625,-115.66395568847656
455.443756103,22.46973991394043,-115.79523468017578
455.642974853,22.53414535522461,-116.01602935791016
455.792388916,22.579710006713867,-116.18798828125
455.991607666,22.642871856689453,-116.43595886230469
456.240631103,22.721712112426758,-116.76042938232422
456.456451416,22.779388427734375,-117.00411987304688
456.655670166,22.814529418945312,-117.14634704589844
456.854888916,22.814529418945312,-117.14634704589844
457.054107666,22.814529418945312,-117.14634704589844
457.253326416,22.814529418945312,-117.14634704589844
457.502349853,22.814529418945312,-117.14634704589844
457.701568603,22.814529418945312,-117.14634704589844
457.900787353,22.814529418945312,-117.14634704589844
458.149810791,22.814529418945312,-117.14634704589844
458.365631103,22.814529418945312,-117.14634704589844
458.564849853,22.814529418945312,-117.14634704589844
458.764068603,22.814529418945312,-117.14634704589844
459.013092041,22.814529418945312,-117.14634704589844
459.162506103,22.691457748413086,-117.12216186523438
459.411529541,22.485004425048828,-116.92887115478516
459.610748291,22.433320999145508,-116.67765808105469
459.760162353,22.473031997680664,-116.47383117675781
459.926177978,22.526710510253906,-116.27289581298828
460.075592041,22.567420959472656,-116.09553527832031
460.274810791,22.60427474975586,-115.83830261230469
460.424224853,22.607101440429688,-115.63044738769531
460.623443603,22.575468063354492,-115.3725814819336
460.822662353,22.516986846923828,-115.12352752685547
461.021881103,22.447553634643555,-114.87297821044922
461.171295166,22.397722244262695,-114.69792175292969
461.370513916,22.331533432006836,-114.44650268554688
461.536529541,22.28522491455078,-114.25357055664062
461.735748291,22.228824615478516,-114.00117492675781
461.885162353,22.186344146728516,-113.79756164550781
462.084381103,22.135982513427734,-113.54247283935547
462.283599853,22.088531494140625,-113.29519653320312
462.433013916,22.07225227355957,-113.2107162475586
462.632232666,22.021930694580078,-112.97218322753906
462.781646728,21.982053756713867,-112.77360534667969
462.980865478,21.930801391601562,-112.51872253417969
463.130279541,21.89289093017578,-112.34771728515625
463.346099853,21.828092575073242,-112.08040618896484
463.545318603,21.7812442779541,-111.88994598388672
463.694732666,21.780996322631836,-111.88897705078125
463.893951416,21.780996322631836,-111.88897705078125
464.093170166,21.780996322631836,-111.88897705078125
464.242584228,21.780996322631836,-111.88897705078125
464.491607666,21.780996322631836,-111.88897705078125
464.641021728,21.780996322631836,-111.88897705078125
464.840240478,21.769302368164062,-111.84074401855469
465.006256103,21.747337341308594,-111.64546203613281
465.205474853,21.813535690307617,-111.4045181274414
465.354888916,21.914262771606445,-111.2533950805664
465.504302978,22.051937103271484,-111.0975112915039
465.703521728,22.222808837890625,-110.91072845458984
465.852935791,22.344539642333984,-110.77728271484375
466.002349853,22.47589683532715,-110.61962127685547
466.201568603,22.620023727416992,-110.41326904296875
466.350982666,22.71392822265625,-110.25737762451172
466.500396728,22.816617965698242,-110.07965850830078
466.649810791,22.905345916748047,-109.92073822021484
466.815826416,23.00408363342285,-109.74079132080078
466.965240478,23.106714248657227,-109.55988311767578
467.164459228,23.232133865356445,-109.33214569091797
467.313873291,23.317798614501953,-109.17780303955078
467.513092041,23.449209213256836,-108.95346069335938
467.662506103,23.554414749145508,-108.77720642089844
467.811920166,23.64895248413086,-108.62168884277344
468.011138916,23.78626251220703,-108.40090942382812
468.160552978,23.894081115722656,-108.2294692993164
468.309967041,23.992237091064453,-108.07621002197266
468.475982666,24.106136322021484,-107.90218353271484
468.625396728,24.214431762695312,-107.73103332519531
468.774810791,24.31113624572754,-107.57685089111328
468.974029541,24.44375228881836,-107.36121368408203
469.123443603,24.554058074951172,-107.18487548828125
469.272857666,24.65127944946289,-107.03426361083984
469.422271728,24.769460678100586,-106.86312866210938
469.571685791,24.876955032348633,-106.71627044677734
469.721099853,24.99903106689453,-106.54786682128906
469.920318603,25.150863647460938,-106.33680725097656
470.086334228,25.269390106201172,-106.1658935546875
470.235748291,25.371192932128906,-106.01835632324219
470.385162353,25.489654541015625,-105.84739685058594
470.584381103,25.638132095336914,-105.63397216796875
470.733795166,25.741613388061523,-105.48426818847656
470.883209228,25.8569393157959,-105.3161392211914
471.082427978,26.005346298217773,-105.10266876220703
471.231842041,26.10801887512207,-104.9524154663086
471.381256103,26.225196838378906,-104.78058624267578
471.580474853,26.372819900512695,-104.5682373046875
471.729888916,26.479122161865234,-104.42220306396484
471.895904541,26.602352142333984,-104.25633239746094
472.045318603,26.731948852539062,-104.10801696777344
472.244537353,26.909473419189453,-103.92562866210938
472.393951416,27.02547836303711,-103.80393981933594
472.543365478,27.03595542907715,-103.79251098632812
472.692779541,27.03595542907715,-103.79251098632812
472.891998291,27.03595542907715,-103.79251098632812
473.041412353,27.03595542907715,-103.79251098632812
473.190826416,27.03595542907715,-103.79251098632812
473.390045166,27.03595542907715,-103.79251098632812
473.556060791,27.03595542907715,-103.79251098632812
473.755279541,27.05010414123535,-103.80043029785156
473.954498291,27.119518280029297,-103.9673843383789
474.153717041,27.096708297729492,-104.21871948242188
474.352935791,26.944236755371094,-104.42662811279297
474.552154541,26.7358341217041,-104.58167266845703
474.751373291,26.524883270263672,-104.7190933227539
475.000396728,26.265670776367188,-104.93531036376953
475.149810791,26.144643783569336,-105.07115173339844
475.365631103,25.976776123046875,-105.2991714477539
475.614654541,25.80525779724121,-105.55817413330078
475.764068603,25.6925106048584,-105.73294830322266
476.013092041,25.527679443359375,-105.99784088134766
476.212310791,25.38574981689453,-106.21566772460938
476.411529541,25.23746681213379,-106.42589569091797
476.610748291,25.089563369750977,-106.63472747802734
476.760162353,24.972644805908203,-106.80677032470703
477.025787353,24.782201766967773,-107.08269500732422
477.225006103,24.632776260375977,-107.2938003540039
477.424224853,24.487789154052734,-107.50467681884766
477.573638916,24.38892936706543,-107.65093231201172
477.772857666,24.247377395629883,-107.86082458496094
477.972076416,24.1062068939209,-108.07587432861328
478.171295166,23.987619400024414,-108.30683898925781
478.370513916,23.913013458251953,-108.55561065673828
478.586334228,23.873828887939453,-108.83045196533203
478.735748291,23.864341735839844,-109.00943756103516
478.934967041,23.869787216186523,-109.26932525634766
479.134185791,23.883769989013672,-109.52619171142578
479.333404541,23.892404556274414,-109.77644348144531
479.532623291,23.896831512451172,-110.02681732177734
479.731842041,23.89940643310547,-110.28682708740234
479.881256103,23.901453018188477,-110.49346160888672
480.130279541,23.902057647705078,-110.78900146484375
480.296295166,23.900875091552734,-110.99151611328125
480.495513916,23.899377822875977,-111.24740600585938
480.644927978,23.898157119750977,-111.45541381835938
480.844146728,23.90530776977539,-111.70701599121094
481.043365478,23.927366256713867,-111.96467590332031
481.192779541,23.942852020263672,-112.14599609375
481.441802978,23.96094512939453,-112.47937774658203
481.641021728,23.964401245117188,-112.72563171386719
481.790435791,23.95543670654297,-112.90191650390625
482.006256103,23.931907653808594,-113.18695068359375
482.205474853,23.926847457885742,-113.43859100341797
482.404693603,23.936433792114258,-113.69291687011719
482.603912353,23.946359634399414,-113.94996643066406
482.803131103,23.95122528076172,-114.20985412597656
483.002349853,23.938884735107422,-114.45858764648438
483.251373291,23.918920516967773,-114.75900268554688
483.400787353,23.905466079711914,-114.96521759033203
483.649810791,23.89240837097168,-115.27693939208984
483.815826416,23.889856338500977,-115.47807312011719
484.015045166,23.88758659362793,-115.73808288574219
484.264068603,23.884658813476562,-116.07334899902344
484.463287353,23.88400650024414,-116.19723510742188
484.612701416,23.884674072265625,-116.36962890625
484.861724853,23.885942459106445,-116.6966552734375
485.060943603,23.886503219604492,-116.84275817871094
485.260162353,23.887479782104492,-117.09452819824219
485.426177978,23.888259887695312,-117.29566955566406
485.625396728,23.888593673706055,-117.38204956054688
485.874420166,23.889760971069336,-117.68282318115234
486.073638916,23.89069366455078,-117.9234619140625
486.223052978,23.890851974487305,-117.96495056152344
486.472076416,23.892000198364258,-118.26045989990234
486.671295166,23.891170501708984,-118.4954605102539
486.870513916,23.8907470703125,-118.52345275878906
487.086334228,23.88661766052246,-118.79818725585938
487.285552978,23.885501861572266,-118.95817565917969
487.484771728,23.88553810119629,-119.00817108154297
487.683990478,23.885713577270508,-119.25798797607422
487.933013916,23.88577651977539,-119.3436508178711
488.082427978,23.88577651977539,-119.3436508178711
488.331451416,23.88577651977539,-119.3436508178711
488.530670166,23.88577651977539,-119.3436508178711
488.779693603,23.88577651977539,-119.3436508178711
488.945709228,23.88577651977539,-119.3436508178711
489.144927978,23.88577651977539,-119.3436508178711
489.393951416,23.88577651977539,-119.3436508178711
489.543365478,23.888410568237305,-119.3443832397461
489.742584228,23.905881881713867,-119.34260559082031
489.891998291,23.972858428955078,-119.30088806152344
490.041412353,24.052143096923828,-119.17779541015625
490.240631103,24.085336685180664,-118.93392944335938
490.390045166,24.06514549255371,-118.7573013305664
490.605865478,24.000328063964844,-118.48302459716797
490.755279541,23.957134246826172,-118.30622100830078
490.954498291,23.91152572631836,-118.05313110351562
491.153717041,23.89099884033203,-117.80775451660156
491.303131103,23.88798713684082,-117.60389709472656
491.452545166,23.88973617553711,-117.42190551757812
491.651763916,23.89889907836914,-117.16344451904297
491.801177978,23.903263092041016,-117.06501007080078
491.950592041,23.911283493041992,-116.88416290283203
492.149810791,23.922664642333984,-116.62574768066406
492.315826416,23.928125381469727,-116.42330169677734
492.515045166,23.93140983581543,-116.1660385131836
492.664459228,23.934064865112305,-115.9580307006836
492.863677978,23.935548782348633,-115.70623016357422
493.013092041,23.935575485229492,-115.53105163574219
493.112701416,23.93559455871582,-115.40377807617188
493.311920166,23.935632705688477,-115.14786529541016
493.511138916,23.935670852661133,-114.88785552978516
493.660552978,23.935701370239258,-114.68257904052734
493.809967041,23.935728073120117,-114.5101318359375
494.025787353,23.93577003479004,-114.22958374023438
494.225006103,23.935808181762695,-113.96957397460938
494.374420166,23.935834884643555,-113.79302978515625
494.573638916,23.93587303161621,-113.5439453125
494.723052978,23.935884475708008,-113.47041320800781
494.922271728,23.935909271240234,-113.30937957763672
495.071685791,23.935935974121094,-113.1328353881836
495.270904541,23.93596076965332,-112.9732666015625
495.420318603,23.93597984313965,-112.84626770019531
495.586334228,23.936010360717773,-112.63825988769531
495.785552978,23.93604850769043,-112.3823471069336
495.934967041,23.93607521057129,-112.2003402709961
496.134185791,23.936113357543945,-111.9403305053711
496.333404541,23.9361515045166,-111.68714904785156
496.482818603,23.936182022094727,-111.48323822021484
496.682037353,23.936220169067383,-111.22322845458984
496.831451416,23.936246871948242,-111.04122161865234
497.030670166,23.9362850189209,-110.7921371459961
497.180084228,23.936315536499023,-110.58822631835938
497.346099853,23.93634605407715,-110.38021850585938
497.545318603,23.936384201049805,-110.12430572509766
497.694732666,23.936410903930664,-109.95185852050781
497.893951416,23.93644905090332,-109.70140838623047
498.043365478,23.936479568481445,-109.49613189697266
498.242584228,23.9365177154541,-109.23612213134766
498.391998291,23.93654441833496,-109.05684661865234
498.591217041,23.93828010559082,-108.80095672607422
498.740631103,23.941387176513672,-108.72003173828125
498.890045166,23.94925880432129,-108.61934661865234
499.105865478,24.01049041748047,-108.34069061279297
499.255279541,24.08878517150879,-108.17671966552734
499.404693603,24.212881088256836,-108.01730346679688
499.554107666,24.34874153137207,-107.90718078613281
499.753326416,24.57209587097168,-107.78571319580078
499.902740478,24.756908416748047,-107.7099380493164
500.101959228,24.999696731567383,-107.62487030029297
500.251373291,25.167394638061523,-107.56549835205078
500.400787353,25.36098861694336,-107.49327850341797
500.600006103,25.596920013427734,-107.3978042602539
500.716217041,25.71634864807129,-107.3464584350586
500.915435791,25.951770782470703,-107.2393798828125
501.064849853,26.13847541809082,-107.15410614013672
501.214263916,26.305673599243164,-107.08222198486328
501.413482666,26.545913696289062,-106.9864501953125
501.562896728,26.74129295349121,-106.91512298583984
501.712310791,26.909156799316406,-106.86051177978516
501.911529541,27.154451370239258,-106.78765869140625
502.060943603,27.347848892211914,-106.7323226928711
502.210357666,27.438915252685547,-106.70707702636719
502.376373291,27.615999221801758,-106.66093444824219
502.525787353,27.817720413208008,-106.61021423339844
502.725006103,28.069211959838867,-106.54426574707031
502.874420166,28.237987518310547,-106.4974136352539
503.073638916,28.479503631591797,-106.43118286132812
503.223052978,28.679546356201172,-106.37420654296875
503.372467041,28.853322982788086,-106.33030700683594
503.571685791,29.10561752319336,-106.27349853515625
503.721099853,29.29872703552246,-106.22228240966797
503.870513916,29.473712921142578,-106.17225646972656
504.036529541,29.662302017211914,-106.11515045166016
504.185943603,29.85845947265625,-106.05471801757812
504.385162353,30.107643127441406,-105.99693298339844
504.534576416,30.2830810546875,-105.9675064086914
504.733795166,30.53524398803711,-105.93309020996094
504.883209228,30.74182891845703,-105.9089126586914
505.032623291,30.92271614074707,-105.88886260986328
505.182037353,31.104352951049805,-105.86656951904297
505.381256103,31.35594367980957,-105.83856201171875
505.530670166,31.52775001525879,-105.82405090332031
505.680084228,31.732633590698242,-105.8116226196289
505.796295166,31.85979461669922,-105.80652618408203
505.995513916,32.11974334716797,-105.80225372314453
506.144927978,32.324989318847656,-105.80467987060547
506.344146728,32.57799530029297,-105.81321716308594
506.493560791,32.75986862182617,-105.8196792602539
506.692779541,33.01972961425781,-105.82769775390625
506.842193603,33.107112884521484,-105.82897186279297
506.991607666,33.107112884521484,-105.82897186279297
507.190826416,33.107112884521484,-105.82897186279297
507.390045166,33.107112884521484,-105.82897186279297
507.506256103,33.107112884521484,-105.82897186279297
507.705474853,33.14460754394531,-105.82959747314453
507.904693603,33.399314880371094,-105.83907318115234
508.054107666,33.57417297363281,-105.84917449951172
508.253326416,33.833648681640625,-105.86580657958984
508.402740478,34.04127502441406,-105.8782958984375
508.601959228,34.2872428894043,-105.88703155517578
508.751373291,34.465110778808594,-105.88969421386719
508.950592041,34.71412658691406,-105.89308166503906
509.100006103,34.9152717590332,-105.89501190185547
509.249420166,35.0972785949707,-105.89517211914062
509.465240478,35.381919860839844,-105.89542388916016
509.614654541,35.55707931518555,-105.89558410644531
509.813873291,35.81298065185547,-105.89581298828125
510.013092041,36.07299041748047,-105.89604187011719
510.162506103,36.27688980102539,-105.89622497558594
510.311920166,36.449310302734375,-105.8963851928711
510.511138916,36.70384216308594,-105.89661407470703
510.660552978,36.91184997558594,-105.89679718017578
510.809967041,37.09385681152344,-105.89695739746094
511.025787353,37.162357330322266,-105.89701843261719
511.175201416,37.27375411987305,-105.89710998535156
511.374420166,37.52691650390625,-105.8973388671875
511.573638916,37.67433547973633,-105.89746856689453
511.723052978,37.814842224121094,-105.8975830078125
511.922271728,38.072113037109375,-105.89781188964844
512.071655273,38.179115295410156,-105.89791107177734
512.270874023,38.280120849609375,-105.89799499511719
512.420288085,38.488128662109375,-105.89817810058594
512.636108398,38.745399475097656,-105.89840698242188
512.785522460,38.94929885864258,-105.89859008789062
512.984741210,39.20930862426758,-105.89881896972656
513.134155273,39.38446807861328,-105.89897918701172
513.333374023,39.634891510009766,-105.89920806884766
513.482788085,39.83742141723633,-105.8993911743164
513.682006835,40.09743118286133,-105.89937591552734
513.831420898,40.22941207885742,-105.89740753173828
514.030639648,40.230411529541016,-105.89738464355469
514.229858398,40.230411529541016,-105.89738464355469
514.395874023,40.230411529541016,-105.89738464355469
514.595092773,40.230411529541016,-105.89738464355469
514.744506835,40.230411529541016,-105.89738464355469
514.943725585,40.230411529541016,-105.89738464355469
515.142944335,40.230411529541016,-105.89738464355469
515.292358398,40.230411529541016,-105.89738464355469
515.491577148,40.230411529541016,-105.89738464355469
515.640991210,40.2429084777832,-105.8971176147461
515.890014648,40.53177261352539,-105.89102172851562
516.056030273,40.73289108276367,-105.88677978515625
516.255249023,40.99282455444336,-105.88128662109375
516.404663085,41.19807815551758,-105.87975311279297
516.603881835,41.44850158691406,-105.8799819946289
516.753295898,41.626399993896484,-105.88014221191406
516.952514648,41.886409759521484,-105.88037109375
517.151733398,42.143680572509766,-105.88059997558594
517.301147460,42.34621047973633,-105.88078308105469
517.500366210,42.59800338745117,-105.88101196289062
517.666381835,42.80601119995117,-105.88119506835938
517.865600585,43.061912536621094,-105.88142395019531
517.965209960,43.189178466796875,-105.88153839111328
518.114624023,43.369815826416016,-105.88169860839844
518.313842773,43.629825592041016,-105.88192749023438
518.463256835,43.8350944519043,-105.88211059570312
518.662475585,44.08414840698242,-105.88233947753906
518.811889648,44.259307861328125,-105.88249969482422
519.011108398,44.517948150634766,-105.88272857666016
519.160522460,44.725955963134766,-105.8829116821289
519.376342773,44.97774887084961,-105.88314056396484
519.525756835,45.17890930175781,-105.8833236694336
519.724975585,45.36293029785156,-105.87709045410156
519.874389648,45.36293029785156,-105.87709045410156
520.023803710,45.37538146972656,-105.87600708007812
520.223022460,45.610679626464844,-105.82484436035156
520.372436523,45.76688766479492,-105.73250579833984
520.571655273,45.884124755859375,-105.6253662109375
520.721069335,45.884124755859375,-105.6253662109375
520.870483398,45.884124755859375,-105.6253662109375
521.036499023,45.92708206176758,-105.57997131347656
521.235717773,46.122100830078125,-105.4361343383789
521.385131835,46.325584411621094,-105.40296936035156
521.584350585,46.567901611328125,-105.4795150756836
521.783569335,46.78590393066406,-105.61333465576172
521.982788085,47.00726318359375,-105.74957275390625
522.182006835,47.238983154296875,-105.8576889038086
522.331420898,47.41141891479492,-105.9156723022461
522.530639648,47.553749084472656,-105.954345703125
522.729858398,47.60676574707031,-105.96900177001953
522.945678710,47.60676574707031,-105.96900177001953
523.144897460,47.60676574707031,-105.96900177001953
523.294311523,47.60676574707031,-105.96900177001953
523.493530273,47.60676574707031,-105.96900177001953
523.692749023,47.60676574707031,-105.96900177001953
523.891967773,47.60676574707031,-105.96900177001953
524.091186523,47.60676574707031,-105.96900177001953
524.290405273,47.60676574707031,-105.96900177001953
524.456420898,47.60676574707031,-105.96900177001953
524.655639648,47.655094146728516,-105.98181915283203
524.805053710,47.85552215576172,-106.01415252685547
525.004272460,48.11115646362305,-106.010986328125
525.203491210,48.3692512512207,-105.98002624511719
525.352905273,48.54970169067383,-105.95635223388672
525.552124023,48.80556869506836,-105.92971801757812
525.751342773,49.056697845458984,-105.91161346435547
525.950561523,49.309635162353516,-105.90137481689453
526.116577148,49.517616271972656,-105.89884185791016
526.265991210,49.663116455078125,-105.90015411376953
526.465209960,49.66411590576172,-105.9001693725586
526.664428710,49.66411590576172,-105.9001693725586
526.813842773,49.66411590576172,-105.9001693725586
527.013061523,49.66411590576172,-105.9001693725586
527.212280273,49.66411590576172,-105.9001693725586
527.411499023,49.66411590576172,-105.9001693725586
527.610717773,49.66411590576172,-105.9001693725586
527.760131835,49.66411590576172,-105.9001693725586
527.975952148,49.66411590576172,-105.9001693725586
528.125366210,49.66411590576172,-105.9001693725586
528.324584960,49.66411590576172,-105.9001693725586
528.473999023,49.66950988769531,-105.89925384521484
528.673217773,49.71225357055664,-105.86748504638672
528.822631835,49.79670333862305,-105.72492218017578
529.021850585,49.808326721191406,-105.4703140258789
529.221069335,49.723812103271484,-105.22696685791016
529.370483398,49.63749694824219,-105.0745849609375
529.586303710,49.49652862548828,-104.84024047851562
529.735717773,49.44320297241211,-104.74749755859375
529.934936523,49.32979202270508,-104.5136489868164
530.084350585,49.253910064697266,-104.32000732421875
530.283569335,49.223758697509766,-104.23149871826172
530.432983398,49.169368743896484,-104.05887603759766
530.582397460,49.116024017333984,-103.86775970458984
530.781616210,49.07551956176758,-103.71578979492188
530.980834960,49.009403228759766,-103.47731018066406
531.130249023,48.959922790527344,-103.30643463134766
531.329467773,48.883453369140625,-103.05794525146484
531.495483398,48.82829284667969,-102.88345336914062
531.644897460,48.764984130859375,-102.69107055664062
531.844116210,48.6807861328125,-102.44509887695312
532.043334960,48.59571075439453,-102.2052001953125
532.192749023,48.536163330078125,-102.03323364257812
532.391967773,48.448486328125,-101.78846740722656
532.541381835,48.3759765625,-101.5935287475586
532.740600585,48.288917541503906,-101.34855651855469
532.890014648,48.229209899902344,-101.1795425415039
533.105834960,48.138492584228516,-100.91554260253906
533.255249023,48.08226013183594,-100.74820709228516
533.454467773,48.048343658447266,-100.64710998535156
533.653686523,48.027565002441406,-100.58856201171875
533.803100585,47.94151306152344,-100.41957092285156
534.002319335,47.74055099487305,-100.26407623291016
534.201538085,47.48572540283203,-100.22296142578125
534.400756835,47.2283935546875,-100.2576675415039
534.616577148,46.97622299194336,-100.3207778930664
534.815795898,46.77165603637695,-100.3677749633789
535.015014648,46.76968002319336,-100.36808013916016
535.214233398,46.76968002319336,-100.36808013916016
535.413452148,46.76968002319336,-100.36808013916016
535.612670898,46.76968002319336,-100.36808013916016
535.811889648,46.76968002319336,-100.36808013916016
536.011108398,46.75687026977539,-100.36377716064453
536.210327148,46.629878997802734,-100.18656158447266
536.359741210,46.595306396484375,-100.00862121582031
536.575561523,46.6212272644043,-99.73265838623047
536.724975585,46.6671028137207,-99.5340347290039
536.874389648,46.712440490722656,-99.36343383789062
537.073608398,46.77022171020508,-99.11001586914062
537.223022460,46.799278259277344,-98.90548706054688
537.422241210,46.81324768066406,-98.65692138671875
537.571655273,46.809852600097656,-98.4818115234375
537.770874023,46.80021286010742,-98.22339630126953
537.870483398,46.79536819458008,-98.093505859375
538.036499023,46.78795623779297,-97.88839721679688
538.235717773,46.78361511230469,-97.62979125976562
538.434936523,46.780487060546875,-97.36978149414062
538.584350585,46.778263092041016,-97.1658935546875
538.733764648,46.77909469604492,-97.00050354003906
538.932983398,46.780704498291016,-96.8388671875
539.132202148,46.78329849243164,-96.578857421875
539.281616210,46.78529739379883,-96.37771606445312
539.431030273,46.785545349121094,-96.35308837890625
539.630249023,46.774635314941406,-96.10891723632812
539.796264648,46.75320053100586,-95.90340423583984
539.995483398,46.74646759033203,-95.84236907958984
540.144897460,46.73784637451172,-95.66639709472656
540.344116210,46.757877349853516,-95.41008758544922
540.543334960,46.77538299560547,-95.27999877929688
540.692749023,46.7993049621582,-95.14259338378906
540.842163085,46.83993148803711,-94.94419860839844
541.041381835,46.88968276977539,-94.69599914550781
541.240600585,46.912757873535156,-94.57427215576172
541.390014648,46.94152069091797,-94.40287780761719
541.605834960,46.982627868652344,-94.12397003173828
541.755249023,47.00666427612305,-93.9449462890625
541.904663085,47.029476165771484,-93.74646759033203
542.103881835,47.059417724609375,-93.49921417236328
542.253295898,47.07799530029297,-93.32366180419922
542.452514648,47.0819206237793,-93.2874755859375
542.601928710,47.085609436035156,-93.25016021728516
542.801147460,47.072113037109375,-93.00823211669922
542.950561523,46.99098205566406,-92.84980773925781
543.149780273,46.78077697753906,-92.70210266113281
543.315795898,46.58027267456055,-92.66085052490234
543.564819335,46.24444580078125,-92.63899230957031
543.764038085,46.002784729003906,-92.58140563964844
543.963256835,45.78096008300781,-92.47218322753906
544.162475585,45.573055267333984,-92.32327270507812
544.361694335,45.479774475097656,-92.24698638916016
544.511108398,45.479774475097656,-92.24698638916016
544.710327148,45.479774475097656,-92.24698638916016
544.926147460,45.479774475097656,-92.24698638916016
545.125366210,45.479774475097656,-92.24698638916016
545.324584960,45.479774475097656,-92.24698638916016
545.523803710,45.479774475097656,-92.24698638916016
545.723022460,45.479774475097656,-92.24698638916016
545.972045898,45.479774475097656,-92.24698638916016
546.171264648,45.4322624206543,-92.27288818359375
546.370483398,45.318565368652344,-92.4582290649414
546.536499023,45.31190872192383,-92.66146850585938
546.735717773,45.416526794433594,-92.89778137207031
546.934936523,45.565147399902344,-93.10774993896484
547.134155273,45.70524597167969,-93.32179260253906
547.333374023,45.82149124145508,-93.55413818359375
547.532592773,45.9046516418457,-93.80033111572266
547.731811523,45.97101974487305,-94.0488510131836
547.931030273,46.027870178222656,-94.29974365234375
548.130249023,46.065650939941406,-94.54857635498047
548.346069335,46.07759475708008,-94.7081069946289
548.545288085,46.07823944091797,-94.72058868408203
548.744506835,46.07992172241211,-94.96295928955078
548.943725585,46.07659912109375,-95.11033630371094
549.142944335,46.07659912109375,-95.11033630371094
549.342163085,46.07659912109375,-95.11033630371094
549.541381835,46.07659912109375,-95.11033630371094
549.790405273,46.07659912109375,-95.11033630371094
549.956420898,46.07659912109375,-95.11033630371094
550.155639648,46.07659912109375,-95.11033630371094
550.404663085,46.07659912109375,-95.11033630371094
550.603881835,46.07579803466797,-95.13532257080078
550.803100585,46.063419342041016,-95.3743896484375
551.002319335,46.04704666137695,-95.62567138671875
551.201538085,46.034210205078125,-95.87712860107422
551.400756835,46.029090881347656,-96.13707733154297
551.616577148,46.02692794799805,-96.39571380615234
551.815795898,46.02482223510742,-96.6474838256836
552.015014648,46.02273178100586,-96.9074935913086
552.214233398,46.025081634521484,-97.1675033569336
552.413452148,46.02859115600586,-97.4220199584961
552.612670898,46.03211975097656,-97.67790985107422
552.811889648,46.03570556640625,-97.93791961669922
553.011108398,46.038814544677734,-98.16332244873047
553.210327148,46.0421142578125,-98.42058563232422
553.426147460,46.0401496887207,-98.69699096679688
553.625366210,46.0392951965332,-98.7708740234375
553.824584960,46.03650665283203,-99.0143814086914
554.023803710,46.033546447753906,-99.27301788330078
554.223022460,46.030662536621094,-99.52478790283203
554.372436523,46.028656005859375,-99.6999282836914
554.621459960,46.024818420410156,-100.03519439697266
554.770874023,46.02436828613281,-100.21720123291016
554.970092773,46.02545166015625,-100.4689712524414
555.185913085,46.02664566040039,-100.74674224853516
555.385131835,46.027591705322266,-100.96923828125
555.584350585,46.0286865234375,-101.22512817382812
555.783569335,46.02586364746094,-101.48509216308594
555.982788085,46.015316009521484,-101.60709381103516
556.182006835,45.94873809814453,-101.85301208496094
556.331420898,45.844932556152344,-101.9998550415039
556.530639648,45.78996658325195,-102.04859161376953
556.729858398,45.611839294433594,-102.1393814086914
556.912475585,45.3978157043457,-102.21073150634766
557.111694335,45.14731979370117,-102.269287109375
557.310913085,44.9058723449707,-102.32450103759766
557.460327148,44.70716857910156,-102.38114166259766
557.676147460,44.4648551940918,-102.45897674560547
557.875366210,44.21933364868164,-102.54450225830078
558.074584960,43.97837829589844,-102.62650299072266
558.273803710,43.860843658447266,-102.66449737548828
558.473022460,43.62065887451172,-102.74125671386719
558.722045898,43.32332992553711,-102.83454895019531
558.921264648,43.29664993286133,-102.84306335449219
559.120483398,43.053001403808594,-102.92163848876953
559.336303710,42.81880187988281,-103.00167846679688
559.535522460,42.80324935913086,-103.00719451904297
559.734741210,42.80324935913086,-103.00719451904297
559.933959960,42.80324935913086,-103.00719451904297
560.133178710,42.80324935913086,-103.00719451904297
560.332397460,42.80324935913086,-103.00719451904297
560.531616210,42.80324935913086,-103.00719451904297
560.730834960,42.80324935913086,-103.00719451904297
560.930053710,42.80324935913086,-103.00719451904297
561.145874023,42.80324935913086,-103.00719451904297
561.295288085,42.79987335205078,-102.93601989746094
561.494506835,42.88992691040039,-102.69908905029297
561.643920898,43.05112838745117,-102.57051849365234
561.843139648,43.30436325073242,-102.52137756347656
562.042358398,43.55458068847656,-102.53058624267578
562.241577148,43.81439971923828,-102.53910827636719
562.440795898,44.07194137573242,-102.51835632324219
562.640014648,44.32197189331055,-102.45872497558594
562.806030273,44.51493835449219,-102.39291381835938
